#,Swift_BAT_name,BAT_ra,BAT_dec,SNR,COUNTERPART_NAME,OTHER_NAME,CTPT_RA,CTPT_DEC,Flux_BAT,FLUX_LO,FLUX_HI,CONTA,index_BAT,GAMM2,GAMM3,CHI_SQ_R,REDSHIF,LUM,ASSOC_STREN,CL2,Type_BAT
1,SWIFTJ0001.0-0708,0.228,-7.164,7.73,2MASXJ00004876-0709117,,0.2032,-7.1532,13.49,11.10,16.01,0.0,2.21,1.80,2.70,1.30,0.0375,43.64,,50,Sy1.9
2,SWIFTJ0001.6-7701,0.445,-77.000,6.32,Fairall1203,,0.4419,-76.9540,13.23,10.47,15.97,0.0,1.62,1.22,2.04,2.20,0.0584,44.03,,50,Sy1.9
3,SWIFTJ0002.5+0323,0.613,3.365,5.50,NGC7811,,0.6103,3.3519,10.79,7.89,13.64,0.0,1.95,1.38,2.66,0.70,0.0255,43.20,,40,Sy1.5
4,SWIFTJ0003.3+2737,0.856,27.643,5.98,2MASXJ00032742+2739173,,0.8643,27.6548,10.29,7.75,12.77,0.0,2.12,1.61,2.73,0.40,0.0396,43.58,,50,Sy2
5,SWIFTJ0005.0+7021,0.934,70.358,8.52,2MASXJ00040192+7019185,,1.0082,70.3217,13.41,11.09,15.70,0.0,2.07,1.68,2.52,1.00,0.0960,44.49,,50,Sy1.9
6,SWIFTJ0006.2+2012,1.596,20.242,10.42,Mrk335,,1.5813,20.2029,15.97,13.70,18.44,0.0,2.31,1.97,2.71,0.60,0.0258,43.38,,40,Sy1.2
7,SWIFTJ0009.4-0037,2.305,-0.639,4.26,2MASXJ00091156-0036551,,2.2982,-0.6152,10.17,7.09,13.58,0.0,1.68,1.00,2.43,0.30,0.0733,44.13,,50,Sy2
8,SWIFTJ0010.5+1057,2.616,10.969,14.02,Mrk1501,,2.6292,10.9749,30.34,27.53,33.40,0.0,1.82,1.61,2.04,0.60,0.0893,44.78,,80,BeamedAGN
9,SWIFTJ0017.1+8134,4.483,81.569,8.57,[HB89]0014+813,,4.2853,81.5856,11.39,9.52,13.47,0.0,2.42,1.99,2.95,0.70,3.3660,48.07,,80,BeamedAGN
10,SWIFTJ0021.2-1909,5.289,-19.162,10.37,2MASXJ00210753-1910056,,5.2814,-19.1682,19.60,17.51,22.34,0.0,2.00,1.70,2.33,0.70,0.0956,44.65,,50,Sy2
11,SWIFTJ0023.2+6142,5.830,61.663,9.90,IGRJ00234+6141,,5.7000,61.6600,14.05,12.46,16.14,0.0,2.33,2.00,2.72,0.70,,,,90,CV
12,SWIFTJ0025.2+6410,6.326,64.142,11.13,TychoSNR,,6.2840,64.1650,13.07,11.86,14.69,0.0,3.03,2.60,3.57,3.10,,,,160,SNR
13,SWIFTJ0025.8+6818,6.432,68.403,9.34,2MASXJ00253292+6821442,,6.3870,68.3623,19.57,17.48,22.30,0.0,1.61,1.27,1.96,0.60,0.0120,42.80,,50,Sy2
14,SWIFTJ0026.5-5308,6.709,-53.151,7.04,2MASXJ00264073-5309479,,6.6695,-53.1633,13.64,11.61,16.30,0.0,1.65,1.18,2.17,1.70,0.0629,44.11,,50,Sy1.9
15,SWIFTJ0028.9+5917,7.162,59.266,47.10,V709Cas,,7.2036,59.2894,76.62,75.00,78.83,0.0,2.57,2.51,2.64,13.60,,,,90,CV
16,SWIFTJ0029.2+1319,7.288,13.292,8.37,[HB89]0026+129,,7.3067,13.2675,14.01,11.93,16.80,0.0,2.17,1.75,2.67,0.70,0.1420,44.88,,40,Sy1.2
17,SWIFTJ0030.0-5904,7.745,-59.009,7.37,SWIFTJ0030.0-5904,,7.7138,-59.0768,12.82,10.74,15.60,0.0,1.79,1.41,2.20,0.70,,,,11,U1
18,SWIFTJ0033.6+6127,8.393,61.485,10.01,2MASXJ00331831+6127433,,8.3266,61.4620,15.84,14.01,18.31,0.0,2.17,1.86,2.51,1.30,0.1050,44.65,,50,Sy1.9
19,SWIFTJ0034.5-7904,8.676,-79.092,6.77,2MASXJ00341665-7905204,,8.5697,-79.0890,8.13,6.62,9.24,0.0,2.84,2.26,3.61,0.10,0.0740,44.04,,40,Sy1
20,SWIFTJ0034.6-0422,8.632,-4.402,8.53,2MASXJ00343284-0424117,,8.6368,-4.4033,19.47,16.55,21.55,0.0,1.69,1.36,2.03,1.00,0.0740,44.42,,50,Sy2
21,SWIFTJ0036.0+5951,8.989,59.841,21.42,1ES0033+595,,8.9694,59.8346,25.96,24.39,27.09,0.0,2.81,2.62,3.03,0.80,0.0860,44.68,,80,BeamedAGN
22,SWIFTJ0036.3+4540,9.097,45.662,9.22,CGCG535-012,,9.0874,45.6650,16.34,14.04,18.00,0.0,1.93,1.61,2.30,1.00,0.0476,43.94,,40,Sy1.2
23,SWIFTJ0037.2+6123,9.288,61.368,12.45,BD+6073,,9.2902,61.3601,18.42,16.83,20.31,0.0,2.34,2.07,2.66,1.70,,,,180,HMXB
24,SWIFTJ0038.4+2337,9.640,23.594,7.54,Mrk344,,9.6339,23.6133,12.89,10.86,15.26,0.0,2.05,1.59,2.59,0.50,0.0249,43.26,,50,Sy2
25,SWIFTJ0041.0+2444,10.221,24.756,4.54,SWIFTJ004039.9+244539,,10.1658,24.7608,6.86,4.89,9.09,0.0,2.19,1.49,3.17,0.60,,,,12,U2
26,SWIFTJ0041.9-0921,10.447,-9.349,6.47,ABELL85,,10.4075,-9.3425,7.22,6.27,8.29,0.0,4.60,3.72,5.89,0.70,,,,30,GalaxyCluster
27,SWIFTJ0042.6+4112,10.649,41.216,10.16,SWIFTJ0042.7+4111,,10.6679,41.2002,12.98,11.56,14.63,0.0,2.80,2.41,3.28,1.20,,,,14,confusedsource
28,SWIFTJ0042.9-2332,10.714,-23.534,25.51,NGC235A,,10.7200,-23.5410,52.14,49.59,55.52,0.0,1.78,1.67,1.90,1.60,0.0222,43.77,,50,Sy1.9
29,SWIFTJ0042.9+3016A,10.839,30.331,8.15,2MASXJ00430184+3017195,,10.7578,30.2888,7.10,2.50,13.47,0.0,2.72,1.37,5.95,0.80,,,,50,Sy2
30,SWIFTJ0042.9+3016B,10.704,30.281,11.40,2MASXJ00423991+3017515,,10.6663,30.2976,26.08,16.57,38.75,0.0,0.50,0.00,1.86,0.50,0.1408,45.14,,40,Sy1
31,SWIFTJ0042.9-1135,10.771,-11.647,4.71,MCG-02-02-095,,10.7865,-11.6010,8.12,5.85,11.21,0.0,2.13,1.34,3.37,1.00,0.0189,42.82,,50,Sy2
32,SWIFTJ0046.2-4008,11.533,-40.090,7.52,ESP39607,,11.5860,-40.0970,11.11,8.52,13.40,0.0,2.12,1.70,2.61,1.20,0.2013,45.11,,50,Sy2
33,SWIFTJ0048.8+3155,12.198,31.956,79.47,Mrk348,,12.1964,31.9570,144.81,141.91,147.47,0.0,1.90,1.86,1.94,6.40,0.0150,43.86,,80,BeamedAGN
34,SWIFTJ0051.6+2928,12.902,29.482,6.52,MCG+05-03-013,,12.8959,29.4013,10.22,7.36,12.76,0.0,2.07,1.49,2.81,0.90,0.0360,43.49,,40,Sy1
35,SWIFTJ0051.8-7320,12.699,-73.257,14.48,RXJ0052.1-7319,,13.0921,-73.3181,15.76,13.76,17.54,0.0,2.69,2.39,3.03,1.10,,,,180,HMXB
36,SWIFTJ0051.9+1724,12.974,17.437,17.75,Mrk1148,,12.9783,17.4329,28.06,25.45,30.09,0.0,2.25,2.06,2.47,0.60,0.0640,44.44,,40,Sy1.5
37,SWIFTJ0052.3-2730,13.027,-27.510,4.77,2MASXJ00520383-2723488,,13.0158,-27.3969,6.25,3.68,8.26,0.0,2.19,1.39,3.32,1.30,,,,70,UnknownAGN
38,SWIFTJ0053.3-7224,13.355,-72.406,8.22,RXJ0053.8-7226,,13.4790,-72.4460,10.55,8.53,12.12,0.0,2.53,2.12,3.04,0.80,,,,180,HMXB
39,SWIFTJ0054.9+2524,13.712,25.443,8.11,[HB89]0052+251,,13.7171,25.4272,13.85,11.13,15.96,0.0,2.09,1.72,2.52,1.80,0.1550,44.96,,40,Sy1.2
40,SWIFTJ0055.4+4612,13.838,46.206,15.80,1RXSJ005528.0+461143,,13.8329,46.2158,18.52,16.80,19.86,0.0,3.02,2.75,3.33,2.30,,,,90,CV
41,SWIFTJ0056.7+6043,14.170,60.717,75.52,GammaCas,,14.1772,60.7167,83.44,82.07,84.70,0.0,3.35,3.29,3.42,11.00,,,,180,HMXB
42,SWIFTJ0057.0+6405,14.202,64.051,5.80,NVSSJ005712+635942,,14.3036,63.9952,8.23,6.13,10.09,0.0,2.33,1.81,3.00,1.00,,,,80,BeamedAGN
43,SWIFTJ0059.4+3150,14.986,31.833,16.60,Mrk352,,14.9720,31.8269,31.13,28.53,33.52,0.0,1.90,1.72,2.10,0.30,0.0149,43.19,,40,Sy1.2
44,SWIFTJ0100.9-4750,15.161,-47.871,9.21,ESO195-IG021NED03,,15.1457,-47.8676,15.70,13.26,17.92,0.0,1.83,1.47,2.23,0.50,0.0483,43.94,,50,Sy2
45,SWIFTJ0101.5-0308,15.262,-3.158,4.39,2MASXJ01012440-0308399,,15.3517,-3.1445,8.44,6.81,11.19,0.0,1.80,1.02,2.76,0.40,0.0694,43.99,,40,Sy1.8
46,SWIFTJ0102.6-7242A,15.648,-72.735,6.53,IGRJ01054-7253,,16.1725,-72.9013,3.42,2.35,5.02,0.0,3.46,2.29,6.00,1.00,,,,180,HMXB
47,SWIFTJ0102.6-7242B,15.714,-72.749,4.49,XTEJ0103-728,,15.7212,-72.7425,13.42,12.32,15.30,0.0,3.17,2.65,3.85,0.50,,,,180,HMXB
48,SWIFTJ0103.8-6437,15.950,-64.640,7.19,PKS0101-649,,15.8904,-64.6521,14.30,12.82,16.78,0.0,1.58,1.07,2.12,1.20,0.1630,45.02,,80,BeamedAGN
49,SWIFTJ0105.5-4213,16.349,-42.205,7.47,MCG-07-03-007,,16.3617,-42.2162,14.43,12.96,16.88,0.0,1.70,1.35,2.09,1.00,0.0302,43.48,,50,Sy2
50,SWIFTJ0106.2-4704,16.497,-47.073,5.06,ESO243-G026,,16.4082,-47.0717,5.91,4.09,7.68,0.0,2.59,1.83,3.74,0.20,0.0193,42.70,,50,Sy2
51,SWIFTJ0105.7-1414,16.414,-14.260,7.65,2MASXJ01053882-1416133,,16.4117,-14.2704,11.08,8.77,13.28,0.0,2.46,1.96,3.10,0.20,0.0660,44.07,,50,Sy1.9
52,SWIFTJ0105.6-3433,16.436,-34.556,8.63,HE0103-3447,,16.4442,-34.5292,14.10,11.59,16.48,0.0,2.04,1.67,2.49,1.80,0.0570,44.04,,40,Sy1
53,SWIFTJ0106.8+0639,16.660,6.628,9.95,2MASXJ01064523+0638015,,16.6886,6.6339,17.93,15.14,20.58,0.0,2.04,1.67,2.47,1.90,0.0410,43.85,,50,Sy2
54,SWIFTJ0107.7-1137A,16.986,-11.644,7.49,1RXSJ010737.5-113946,,16.9075,-11.6660,15.27,0.00,43.59,0.0,1.95,0.00,0.00,0.00,,,,12,U2
55,SWIFTJ0107.7-1137B,16.907,-11.627,8.40,2MASXJ01073963-1139117,,16.9152,-11.6532,15.27,0.00,43.54,0.0,1.95,0.00,0.00,0.00,0.0475,43.91,,50,Sy2
56,SWIFTJ0107.7-1137C,16.873,-11.650,10.74,1RXSJ010713.0-113554,,16.8074,-11.6007,2.56,1.02,4.02,0.0,8.25,0.00,0.00,1.20,,,,12,U2
57,SWIFTJ0109.0+1320,17.194,13.353,14.56,3C033,,17.2203,13.3372,27.68,25.10,29.77,0.0,1.97,1.76,2.19,1.80,0.0597,44.37,,50,Sy2
58,SWIFTJ0111.4-3808,17.861,-38.098,11.64,NGC424,,17.8650,-38.0830,21.51,19.15,24.47,0.0,1.91,1.67,2.16,0.60,0.0118,42.83,,50,Sy1.9
59,SWIFTJ0113.8+2515,18.419,25.294,5.52,87GB011040.5+250307,,18.3446,25.3148,8.70,6.27,11.68,0.0,2.09,1.37,3.02,0.80,,,,80,BeamedAGN
60,SWIFTJ0113.8+1313,18.476,13.222,7.76,Mrk975,,18.4626,13.2717,13.50,10.99,16.61,0.0,2.09,1.66,2.60,1.30,0.0496,43.89,,40,Sy1.2
61,SWIFTJ0113.8-1450,18.474,-14.864,14.24,Mrk1152,,18.4587,-14.8456,24.04,21.65,27.04,0.0,2.12,1.89,2.37,0.30,0.0527,44.20,,40,Sy1.2
62,SWIFTJ0114.5-3236,18.559,-32.664,6.46,IC1657,,18.5292,-32.6509,12.18,9.56,14.44,0.0,1.83,1.34,2.40,0.10,0.0120,42.59,,50,Sy2
63,SWIFTJ0114.4-5522,18.599,-55.397,9.41,NGC454E,,18.6038,-55.3971,19.04,16.35,21.37,0.0,1.56,1.25,1.88,0.20,0.0121,42.79,,50,Sy2
64,SWIFTJ0116.3+3104,19.081,31.046,6.37,NGC452,,19.0618,31.0338,11.90,9.37,14.08,0.0,2.00,1.56,2.51,1.20,0.0166,42.87,,50,Sy2
65,SWIFTJ0116.5-1235,19.129,-12.582,5.65,2MASXJ01163118-1236171,,19.1298,-12.6047,9.34,6.82,11.51,0.0,2.13,1.59,2.82,0.70,,,,70,UnknownAGN
66,SWIFTJ0117.8-7327,19.272,-73.444,394.46,SMCX-1,,19.2714,-73.4433,420.98,419.61,422.18,0.0,3.35,3.33,3.36,700.10,,,,180,HMXB
67,SWIFTJ0117.8+6516,19.512,65.294,119.37,2S0114+650,,19.5112,65.2916,155.40,153.34,156.97,0.0,2.64,2.61,2.67,8.00,,,,180,HMXB
68,SWIFTJ0118.5+6344,19.614,63.738,60.44,4U0115+634,,19.6330,63.7400,66.26,64.71,67.44,0.0,3.38,3.30,3.46,4.20,,,,180,HMXB
69,SWIFTJ0122.0-2818,20.518,-28.315,5.04,[HB89]0119-286,,20.4646,-28.3492,10.61,7.24,13.16,0.0,1.54,0.89,2.22,0.50,0.1160,44.57,,40,Sy1
70,SWIFTJ0122.8+5003,20.673,50.105,8.35,MCG+08-03-018,,20.6435,50.0550,10.24,8.20,11.76,0.0,2.78,2.29,3.40,0.10,0.0204,42.98,,50,Sy2
71,SWIFTJ0122.9+3420,20.776,34.371,9.23,SHBLJ012308.7+342049,,20.7860,34.3469,11.27,9.65,13.34,0.0,2.94,2.46,3.55,0.80,0.2720,45.41,,80,BeamedAGN
72,SWIFTJ0123.8-3504,20.973,-35.060,40.94,NGC526A,,20.9766,-35.0654,73.91,71.60,76.84,0.0,1.93,1.85,2.00,0.40,0.0191,43.78,,50,Sy2
73,SWIFTJ0123.9-5846,20.959,-58.798,31.68,Fairall9,,20.9408,-58.8057,48.39,46.35,50.99,0.0,2.03,1.93,2.14,2.00,0.0470,44.40,,40,Sy1.2
74,SWIFTJ0124.5+3350,21.136,33.768,11.71,NGC513,,21.1119,33.7995,24.47,21.85,27.80,0.0,1.74,1.50,1.98,1.20,0.0195,43.32,,50,Sy2
75,SWIFTJ0126.0+3511,21.593,35.118,4.53,1RXSJ012556.6+351039,,21.4832,35.1761,7.07,4.24,9.03,0.0,2.00,1.15,3.01,1.50,0.3120,45.35,,40,Sy1
76,SWIFTJ0126.2+1517,21.514,15.382,4.65,RHS10,,21.4919,15.3038,6.83,4.07,8.72,0.0,2.25,1.52,3.34,1.40,0.1110,44.34,,40,Sy1
77,SWIFTJ0127.5+1910,21.906,19.167,9.27,Mrk359,,21.8856,19.1788,13.57,11.02,15.36,0.0,2.37,1.97,2.86,2.00,0.0174,42.97,,40,Sy1.5
78,SWIFTJ0128.0-1850,22.017,-18.800,10.66,MCG-03-04-072,,22.0280,-18.8086,20.00,17.09,22.06,0.0,1.94,1.64,2.26,0.30,0.0460,44.00,,40,Sy1
79,SWIFTJ0128.4+1631,22.123,16.477,7.13,CGCG459-058,,22.1017,16.4593,14.01,10.81,16.28,0.0,1.83,1.38,2.35,0.40,0.0386,43.69,,50,Sy1.9
80,SWIFTJ0128.9-6039,22.247,-60.630,5.81,2MASXJ01290761-6038423,,22.2818,-60.6450,7.79,6.01,9.49,0.0,2.32,1.78,3.01,0.60,,,,50,Sy2
81,SWIFTJ0130.0-4218,22.520,-42.341,5.07,ESO244-IG030,,22.4636,-42.3265,5.53,4.03,7.01,0.0,2.88,2.01,4.46,0.50,0.0256,42.92,,50,Sy2
82,SWIFTJ0130.2-4552,22.545,-45.915,5.97,2MASXJ01302127-4601448,,22.5887,-46.0292,12.22,9.72,14.56,0.0,1.48,0.99,1.99,0.30,,,,50,Sy2
83,SWIFTJ0131.8-3307,22.993,-33.113,7.91,ESO353-G009,,22.9601,-33.1193,14.48,12.16,16.66,0.0,1.86,1.47,2.31,0.40,0.0165,42.95,,50,Sy2
84,SWIFTJ0134.1-3625,23.490,-36.493,22.87,NGC612,,23.4906,-36.4933,48.97,46.94,51.52,0.0,1.61,1.48,1.73,0.10,0.0298,44.00,,50,Sy2
85,SWIFTJ0134.8-0430,23.744,-4.520,9.98,2MASXJ01344565-0430134,,23.6902,-4.5036,19.27,17.13,21.94,0.0,1.80,1.49,2.13,0.70,0.0790,44.47,,50,Sy1.9
86,SWIFTJ0136.5+3906,24.126,39.050,4.76,B30133+388,,24.1354,39.0999,7.91,6.07,10.19,0.0,1.99,1.30,2.89,1.90,,,,80,BeamedAGN
87,SWIFTJ0138.6-4001,24.660,-40.005,36.50,ESO297-018,,24.6548,-40.0114,67.37,65.50,69.72,0.0,1.79,1.71,1.87,1.10,0.0252,43.99,,50,Sy2
88,SWIFTJ0138.8+2925,24.626,29.449,4.56,2MASXJ01392400+2924067,,24.8500,29.4019,5.33,3.32,7.31,0.0,2.64,1.70,4.27,1.00,0.0759,43.88,,50,Sy1.9
89,SWIFTJ0140.6-5321,25.132,-53.345,9.56,2MASXJ01402676-5319389,,25.1116,-53.3276,12.94,11.03,14.96,0.0,2.23,1.87,2.66,1.00,0.0744,44.24,,50,Sy2
90,SWIFTJ0142.0+3922,25.524,39.401,9.00,B20138+39B,,25.4906,39.3914,14.92,12.59,17.39,0.0,2.08,1.70,2.52,0.80,0.0800,44.37,,80,BeamedAGN
91,SWIFTJ0146.0+6143,26.607,61.750,30.64,PSRJ0146+61,,26.5934,61.7509,114.47,111.18,117.95,0.0,0.87,0.79,0.95,0.80,,,,150,Pulsar
92,SWIFTJ0149.2+2153A,27.159,21.789,2.21,2MASXJ01485967+2145343,,27.2487,21.7593,3.87,0.75,6.92,0.0,2.08,0.00,0.00,0.80,,,,70,UnknownAGN
93,SWIFTJ0149.2+2153B,27.329,21.953,5.24,NGC678,,27.3536,21.9973,6.63,3.79,9.61,0.0,2.43,1.42,4.17,0.50,0.0095,42.12,,70,UnknownAGN
94,SWIFTJ0149.9-5019,27.375,-50.325,7.39,2MASXJ01492228-5015073,,27.3428,-50.2521,13.20,10.40,16.11,0.0,1.58,1.15,2.04,0.40,,,,40,Sy1.2
95,SWIFTJ0151.3-3610,27.869,-36.134,6.83,ESO354-G004,,27.9245,-36.1878,11.18,8.62,13.83,0.0,1.98,1.52,2.51,0.40,0.0335,43.46,,50,Sy1.9
96,SWIFTJ0152.8-0329,28.202,-3.461,11.55,MCG-01-05-047,,28.2042,-3.4468,24.02,20.92,27.25,0.0,1.80,1.56,2.06,3.00,0.0172,43.20,,50,Sy2
97,SWIFTJ0154.9-2707,28.635,-27.147,11.60,2MASSiJ0154403-270701,,28.6679,-27.1169,15.96,13.70,18.33,0.0,2.44,2.13,2.79,0.50,0.7900,46.67,,70,UnknownAGN
98,SWIFTJ0155.4+0228,28.865,2.513,8.54,1ES0152+022,,28.8538,2.4712,13.24,10.54,16.07,0.0,2.31,1.89,2.84,1.20,0.0820,44.34,,40,Sy1
99,SWIFTJ0157.2+4715,29.288,47.264,5.93,2MASXJ01571097+4715588,,29.2956,47.2666,12.13,9.14,15.26,0.0,1.81,1.35,2.31,0.90,,,,40,Sy1
100,SWIFTJ0157.8-7300,29.372,-73.015,7.18,IGRJ01572-7259,,29.3173,-72.9757,8.80,6.73,10.93,0.0,2.55,1.99,3.30,0.50,,,,180,HMXB
101,SWIFTJ0200.3+2428,30.155,24.465,4.96,UGC01479,,30.0794,24.4737,13.19,10.08,17.30,0.0,1.31,0.75,1.91,1.60,0.0164,42.90,,50,Sy2
102,SWIFTJ0201.0-0648,30.270,-6.822,38.22,NGC788,,30.2769,-6.8155,77.51,74.99,80.88,0.0,1.82,1.74,1.90,2.60,0.0136,43.51,,50,Sy2
103,SWIFTJ0202.4+6824A,30.659,68.337,7.25,2MASXJ02021731+6821460,,30.5720,68.3620,14.77,8.87,22.59,0.0,1.73,0.56,3.14,0.20,0.0119,42.67,,70,UnknownAGN
104,SWIFTJ0202.4+6824B,30.607,68.408,8.82,2MASXJ02013241+6824219,,30.3850,68.4061,7.04,0.00,17.65,0.0,0.71,0.00,0.00,0.20,0.0152,42.56,,70,UnknownAGN
105,SWIFTJ0203.1-2359,30.741,-24.001,7.18,1RXSJ020301.2-240213,,30.7537,-24.0367,9.96,8.04,11.78,0.0,2.42,1.91,3.08,0.20,0.1781,44.95,,40,Sy1.5
106,SWIFTJ0206.2-0019,31.576,-0.271,11.83,Mrk1018,,31.5666,-0.2914,24.27,21.64,26.85,0.0,1.82,1.56,2.10,0.80,0.0424,44.01,,40,Sy1.2
107,SWIFTJ0207.0+2931,31.748,29.502,10.35,3C59,,31.7911,29.5280,20.23,17.65,22.75,0.0,1.82,1.51,2.16,0.60,0.1096,44.80,,40,Sy1
108,SWIFTJ0208.4-7428A,31.630,-74.538,4.67,1WGAJ0206.7-7427,,31.6904,-74.4626,7.60,5.79,9.20,0.0,3.24,2.50,4.32,0.90,,,,180,HMXB
109,SWIFTJ0208.4-7428B,31.911,-74.421,7.29,RXJ0209.6-7427,,32.4010,-74.4520,4.86,1.83,7.86,0.0,1.90,0.00,5.22,0.80,,,,180,HMXB
110,SWIFTJ0208.2+4452,31.970,44.851,4.69,MCG+07-05-016,,31.9649,44.8438,6.98,4.96,8.97,0.0,2.54,1.98,3.34,1.70,0.0217,42.87,,70,UnknownAGN
111,SWIFTJ0208.5-1738,32.173,-17.627,5.85,NVSSJ020834-173933,,32.1455,-17.6594,11.13,8.62,13.71,0.0,1.90,1.42,2.43,0.60,0.1290,44.69,,40,Sy1.2
112,SWIFTJ0209.5-1010,32.371,-10.158,5.73,ARP318,,32.3805,-10.1585,15.18,12.02,18.44,0.0,1.41,0.85,1.98,0.70,,,,140,Compactgroupofgalaxies
113,SWIFTJ0209.7+5226,32.402,52.446,32.60,LEDA138501,,32.3929,52.4425,55.63,53.48,57.62,0.0,2.15,2.05,2.26,0.50,0.0492,44.50,,40,Sy1
114,SWIFTJ0211.1-4944,32.738,-49.715,6.92,ESO197-G027,,32.7189,-49.6985,9.75,7.85,11.50,0.0,2.16,1.67,2.81,1.00,0.0481,43.73,,50,Sy2
115,SWIFTJ0213.7+5147,33.553,51.772,9.25,2MASXJ02141794+5144520,,33.5747,51.7478,13.65,11.84,15.32,0.0,2.58,2.19,3.04,1.30,0.0490,43.89,,80,BeamedAGN
116,SWIFTJ0214.6-0049,33.701,-0.777,5.49,Mrk590,,33.6400,-0.7670,10.68,8.01,13.15,0.0,1.84,1.21,2.60,0.40,0.0264,43.23,,40,Sy1.5
117,SWIFTJ0214.9-6432,33.728,-64.501,8.29,2MASXJ02143730-6430052,,33.6557,-64.5014,12.76,10.64,14.71,0.0,1.92,1.55,2.35,0.60,0.0740,44.23,,40,Sy1
118,SWIFTJ0215.6-1301,33.908,-12.989,6.16,3C062,,33.9062,-12.9918,15.89,13.12,18.51,0.0,1.45,0.99,1.92,0.70,0.1470,44.97,,50,Sy2
119,SWIFTJ0216.3+5128,34.044,51.443,9.47,2MASXJ02162987+5126246,,34.1243,51.4402,16.83,14.63,18.91,0.0,1.98,1.63,2.38,0.60,0.0288,43.51,,50,Sy2
120,SWIFTJ0218.0+7348,34.383,73.808,15.50,[HB89]0212+735,,34.3784,73.8257,34.98,32.55,37.29,0.0,1.55,1.37,1.73,1.70,2.3670,48.18,,80,BeamedAGN
121,SWIFTJ0222.6+5222,35.652,52.363,5.43,1RXSJ022206.0+522112,,35.5258,52.3523,6.55,5.06,7.90,0.0,2.90,2.21,3.98,1.30,0.2000,44.88,,40,Sy1
122,SWIFTJ0222.3+2509,35.609,25.154,7.79,2MASXJ02223523+2508143,,35.6468,25.1374,15.44,12.80,18.61,0.0,1.93,1.54,2.36,1.80,,,,70,UnknownAGN
123,SWIFTJ0223.4+4551,35.873,45.814,6.90,VZw232,,35.8913,45.8186,14.55,11.99,17.63,0.0,1.75,1.29,2.25,0.70,,,,50,Sy2
124,SWIFTJ0225.0-2312,36.233,-23.245,7.53,PKS0222-23,,36.2612,-23.2133,11.59,9.49,14.14,0.0,2.22,1.75,2.81,0.40,0.2322,45.27,,40,Sy1.5
125,SWIFTJ0225.0+1847,36.257,18.805,14.15,RBS0315,,36.2695,18.7802,31.37,28.46,34.84,0.0,1.73,1.51,1.95,1.80,2.6900,48.27,,80,BeamedAGN
126,SWIFTJ0225.8-6315,36.372,-63.234,7.65,Fairall296,,36.2876,-63.2240,10.68,8.76,13.01,0.0,2.11,1.71,2.59,2.00,0.0580,43.93,,50,Sy1.9
127,SWIFTJ0226.4-2821,36.608,-28.338,6.63,AM0224-283,,36.6081,-28.3503,12.04,9.47,14.36,0.0,1.84,1.36,2.38,0.30,0.0598,44.01,,40,Sy1.2
128,SWIFTJ0227.0+2346,36.762,23.754,5.90,MCG+04-06-043,,36.7275,23.7997,9.57,7.01,11.90,0.0,2.26,1.62,3.12,1.70,0.0333,43.39,,40,Sy1
129,SWIFTJ0228.1+3118,37.054,31.327,33.69,NGC931,,37.0603,31.3117,62.22,59.56,64.59,0.0,2.09,2.00,2.19,2.90,0.0167,43.59,,40,Sy1.5
130,SWIFTJ0230.2-0900,37.500,-9.049,8.28,Mrk1044,,37.5227,-8.9979,11.87,9.70,13.84,0.0,2.47,2.04,2.99,0.90,0.0165,42.86,,40,Sy1
131,SWIFTJ0231.6-3645,37.961,-36.691,11.62,IC1816,,37.9625,-36.6721,21.00,18.80,23.54,0.0,1.76,1.51,2.02,0.80,0.0170,43.14,,40,Sy1.8
132,SWIFTJ0232.8+2020,38.188,20.290,13.85,QSOB0229+200,,38.2026,20.2882,23.46,21.19,26.08,0.0,2.28,2.00,2.59,1.30,0.1396,45.09,,80,BeamedAGN
133,SWIFTJ0234.1+3233,38.579,32.504,22.14,NGC973,,38.5838,32.5056,48.41,45.81,51.43,0.0,1.81,1.68,1.94,1.90,0.0162,43.46,,50,Sy2
134,SWIFTJ0234.6-0848,38.661,-8.789,17.36,NGC985,,38.6574,-8.7876,30.21,27.98,32.79,0.0,2.10,1.92,2.29,3.40,0.0430,44.12,,40,Sy1.5
135,SWIFTJ0235.3-2934,38.828,-29.627,10.67,ESO416-G002,,38.8061,-29.6047,21.21,18.29,23.36,0.0,1.67,1.37,1.98,0.60,0.0592,44.25,,50,Sy1.9
136,SWIFTJ0238.2-5213,39.564,-52.204,18.59,ESO198-024,,39.5821,-52.1923,31.99,29.46,33.85,0.0,1.77,1.62,1.93,1.00,0.0455,44.19,,50,Sy1.9
137,SWIFTJ0238.5-6119,39.697,-61.312,6.58,2MASXJ02384313-6117227,,39.6796,-61.2896,10.19,7.70,12.03,0.0,1.92,1.41,2.54,0.60,,,,50,Sy2
138,SWIFTJ0238.8-4039,39.717,-40.669,10.30,2MASXJ02384897-4038377,,39.7040,-40.6439,15.13,12.80,16.84,0.0,2.10,1.78,2.46,0.10,0.0618,44.14,,50,Sy1.9
139,SWIFTJ0240.5+6118,40.163,61.239,15.45,LSI+61303,,40.1319,61.2293,31.91,28.95,34.09,0.0,1.73,1.53,1.93,0.70,,,,180,HMXB
140,SWIFTJ0241.3-0816,40.286,-8.238,14.96,NGC1052,,40.2700,-8.2558,31.39,28.60,34.23,0.0,1.74,1.54,1.95,0.80,0.0050,42.24,,80,BeamedAGN
141,SWIFTJ0241.6+0711,40.401,7.162,7.80,Mrk595,,40.3954,7.1872,14.70,12.03,17.42,0.0,2.02,1.61,2.50,1.10,0.0270,43.39,,40,Sy1.5
142,SWIFTJ0242.0+0516,40.434,5.179,5.10,2MASXJ02420381+0510061,,40.5158,5.1684,11.70,8.33,15.13,0.0,1.45,0.72,2.24,0.20,0.0690,44.13,,50,Sy2
143,SWIFTJ0242.2+0531,40.562,5.522,5.54,2MASXJ02421465+0530361,,40.5610,5.5100,10.13,7.53,12.78,0.0,2.15,1.53,3.00,0.50,0.0690,44.07,,40,Sy1
144,SWIFTJ0242.6+0000,40.664,-0.004,18.26,NGC1068,,40.6696,-0.0133,37.90,35.67,40.39,0.0,1.82,1.67,1.98,4.40,0.0038,42.08,,50,Sy1.9
145,SWIFTJ0243.9+5324,41.050,53.412,4.54,2MFGC02171,,41.0125,53.4745,6.99,5.27,8.91,0.0,2.29,1.54,3.29,0.60,,,,50,Sy2
146,SWIFTJ0244.7-2433,41.139,-24.497,3.95,ESO479-G031,,41.1989,-24.5139,7.46,5.46,9.67,0.0,1.79,0.99,2.72,0.40,0.0235,42.97,,60,LINER
147,SWIFTJ0244.8+6227,41.247,62.469,51.17,[HB89]0241+622,,41.2404,62.4685,92.09,90.23,94.16,0.0,1.99,1.93,2.05,2.50,0.0440,44.62,,40,Sy1.2
148,SWIFTJ0245.2+1047,41.323,10.771,8.05,4C+10.08,,41.3061,10.7897,18.30,15.86,21.01,0.0,1.70,1.27,2.18,0.90,0.0700,44.34,,80,BeamedAGN
149,SWIFTJ0249.1+2627,42.215,26.504,12.19,2MASXJ02485937+2630391,,42.2472,26.5109,29.01,25.35,32.76,0.0,1.62,1.36,1.89,1.70,0.0579,44.37,,50,Sy2
150,SWIFTJ0250.4+4648,42.587,46.806,11.54,2MASXJ02502722+4647295,,42.6133,46.7915,20.57,17.75,23.47,0.0,2.10,1.83,2.40,0.90,,,,50,Sy1.9
151,SWIFTJ0251.3+5441,42.667,54.720,10.48,2MFGC02280,,42.6775,54.7049,24.59,21.41,27.85,0.0,1.67,1.42,1.93,0.90,0.0152,43.11,,50,Sy2
152,SWIFTJ0250.7+4142,42.709,41.691,5.44,NGC1106,,42.6688,41.6715,15.49,11.80,19.27,0.0,1.45,1.06,1.88,3.00,0.0145,42.86,,50,Sy2
153,SWIFTJ0251.6-1639,42.925,-16.668,9.76,NGC1125,,42.9180,-16.6510,16.23,13.20,18.77,0.0,2.13,1.81,2.50,1.00,0.0110,42.64,,50,Sy2
154,SWIFTJ0252.1-6758,43.198,-67.983,5.21,2MASXJ02513173-6803059,,42.8826,-68.0515,6.07,3.25,8.48,0.0,2.00,0.98,6.03,1.60,,,,70,UnknownAGN
155,SWIFTJ0252.3+4312,43.132,43.221,7.03,FGC0351,,43.1418,43.1674,14.35,10.92,17.23,0.0,1.94,1.54,2.39,0.40,,,,30,GalaxyCluster
156,SWIFTJ0252.7-0822,43.111,-8.503,13.77,MCG-02-08-014,,43.0975,-8.5104,25.00,21.81,27.67,0.0,2.05,1.82,2.29,0.70,0.0168,43.20,,50,Sy2
157,SWIFTJ0255.2-0011,43.811,-0.184,34.31,NGC1142,,43.8008,-0.1836,74.31,72.12,77.62,0.0,1.73,1.64,1.82,0.80,0.0289,44.15,,50,Sy2
158,SWIFTJ0256.2+1925,44.029,19.428,17.84,XYAri,,44.0375,19.4414,30.48,28.72,33.13,0.0,2.40,2.20,2.62,0.80,,,,90,CV
159,SWIFTJ0256.4-3212,44.100,-32.198,16.30,ESO417-G006,,44.0898,-32.1856,31.13,29.32,33.88,0.0,1.74,1.56,1.92,1.60,0.0163,43.27,,50,Sy2
160,SWIFTJ0259.0+1334,44.751,13.551,7.22,ABELL401,,44.7373,13.5823,8.64,7.80,9.88,0.0,4.54,3.75,5.68,1.10,,,,30,GalaxyCluster
161,SWIFTJ0259.9+4419,44.958,44.267,6.62,2MASXJ02593756+4417180,,44.9065,44.2884,13.53,11.56,16.49,0.0,1.93,1.46,2.49,0.30,,,,70,UnknownAGN
162,SWIFTJ0300.0-1048,45.021,-10.824,14.39,MCG-02-08-038,,45.0180,-10.8246,27.51,24.72,30.37,0.0,1.91,1.69,2.15,0.60,0.0326,43.83,,40,Sy1.5
163,SWIFTJ0304.1-0108,45.971,-1.114,18.06,NGC1194,,45.9546,-1.1037,36.22,33.14,39.37,0.0,1.86,1.70,2.03,1.70,0.0136,43.18,,50,Sy2
164,SWIFTJ0308.5-7251,47.029,-72.815,10.09,ESO031-G008,,46.8972,-72.8340,16.38,13.94,18.88,0.0,1.90,1.60,2.22,1.00,0.0276,43.46,,50,Sy1.9
165,SWIFTJ0308.2-2258,47.029,-22.958,7.45,NGC1229,,47.0449,-22.9608,13.75,11.10,16.48,0.0,1.89,1.52,2.28,1.60,0.0360,43.62,,50,Sy2
166,SWIFTJ0311.1+3241,47.737,32.693,6.53,2MASXJ03104435+3239296,,47.6850,32.6580,12.24,9.45,15.12,0.0,2.18,1.74,2.72,0.90,0.1270,44.71,,40,Sy1
167,SWIFTJ0311.5-2045,47.824,-20.758,13.60,RXJ0311.3-2046,,47.8284,-20.7717,23.06,20.82,25.52,0.0,2.03,1.79,2.29,0.70,0.0670,44.40,,40,Sy1.2
168,SWIFTJ0311.8-7653,47.759,-76.870,6.89,[HB89]0312-770,,47.9802,-76.8641,10.47,8.41,12.71,0.0,1.98,1.50,2.55,0.40,0.2230,45.19,,80,BeamedAGN
169,SWIFTJ0311.9+5032,48.032,50.518,5.84,2MASXJ03120291+5029147,,48.0123,50.4874,10.35,8.07,12.83,0.0,2.14,1.60,2.82,2.10,,,,40,Sy1.5
170,SWIFTJ0312.9+4121,48.257,41.291,5.69,QSOB0309+411,,48.2580,41.3330,15.20,12.26,18.42,0.0,1.58,1.07,2.11,0.30,0.1360,44.87,,80,BeamedAGN
171,SWIFTJ0317.2+0116,49.279,1.272,8.72,MCG+00-09-042,,49.2592,1.2550,15.47,12.63,17.51,0.0,2.08,1.71,2.51,0.70,0.0238,43.30,,50,Sy2
172,SWIFTJ0318.7+6828,49.611,68.466,8.08,2MASXJ03181899+6829322,,49.5791,68.4921,18.82,15.78,20.99,0.0,1.51,1.18,1.85,0.90,0.0901,44.58,,50,Sy2
173,SWIFTJ0319.7+4132,49.947,41.507,67.34,NGC1275,,49.9507,41.5117,82.64,81.17,83.69,0.0,3.82,3.73,3.92,3.80,0.0176,43.76,,80,BeamedAGN
174,SWIFTJ0324.8+3410,51.210,34.166,10.48,1H0323+342,,51.1715,34.1794,27.31,23.90,29.75,0.0,1.62,1.33,1.93,0.60,0.0610,44.39,,80,BeamedAGN
175,SWIFTJ0325.0-4154,51.277,-41.916,6.00,LCRSB032315.2-420449,,51.2595,-41.9048,7.27,5.50,8.59,0.0,2.57,2.03,3.27,0.60,0.0580,43.77,,40,Sy1
176,SWIFTJ0324.9+4044,51.368,40.712,6.85,IRAS03219+4031,,51.3051,40.6985,18.68,15.23,22.28,0.0,1.57,1.16,1.99,0.60,0.0477,44.00,,50,Sy2
177,SWIFTJ0325.6-0907,51.401,-9.142,4.60,SWIFTJ0325.6-0907,,51.3915,-9.1194,12.05,8.61,15.67,0.0,1.40,0.76,2.06,0.20,,,,11,U1
178,SWIFTJ0326.0-5633,51.470,-56.526,6.62,2MASXJ03252346-5635443,,51.3480,-56.5957,8.49,6.28,10.84,0.0,2.06,1.52,2.72,0.70,0.0602,43.87,,80,BeamedAGN
179,SWIFTJ0328.4-2846,52.162,-28.722,6.45,PKS0326-288,,52.1522,-28.6989,11.56,8.99,14.28,0.0,1.89,1.44,2.37,1.70,0.1080,44.54,,50,Sy2
180,SWIFTJ0331.3+0538,52.784,5.641,5.51,2MASXJ03305218+0538253,,52.7174,5.6404,9.84,7.44,12.76,0.0,2.19,1.58,3.03,0.60,0.0460,43.69,,50,Sy1.9
181,SWIFTJ0331.1+4355,52.801,43.911,41.64,GKPer,,52.7993,43.9047,60.96,59.27,63.05,0.0,2.94,2.84,3.04,4.20,,,,90,CV
182,SWIFTJ0331.4-0510,52.833,-5.128,4.53,MCG-01-09-045,,52.8459,-5.1418,6.94,4.79,9.46,0.0,2.38,1.58,3.55,0.30,0.0128,42.41,,50,Sy2
183,SWIFTJ0333.3+3720,53.346,37.306,10.75,2MASXJ03331873+3718107,,53.3282,37.3030,24.80,22.20,28.01,0.0,1.93,1.66,2.23,0.20,0.0558,44.27,,40,Sy1.5
184,SWIFTJ0333.6-3607,53.389,-36.140,38.99,NGC1365,,53.4016,-36.1404,63.52,61.50,66.03,0.0,1.99,1.91,2.07,6.60,0.0055,42.63,,50,Sy2
185,SWIFTJ0334.4-1515,53.587,-15.262,6.23,2MASXJ03342453-1513402,,53.6022,-15.2277,11.21,8.83,13.67,0.0,1.90,1.46,2.42,0.90,0.0349,43.50,,50,Sy1.9
186,SWIFTJ0334.9+5308,53.746,53.177,209.48,BQCam,,53.7495,53.1732,240.69,239.47,241.95,0.0,3.91,3.88,3.94,76.60,,,,180,HMXB
187,SWIFTJ0335.4+1907,53.881,19.126,4.74,2MASXJ03352254+1907282,,53.8438,19.1244,12.66,9.49,15.93,0.0,1.66,1.09,2.30,0.60,0.1890,45.11,,40,Sy1
188,SWIFTJ0336.6+3217,54.122,32.291,16.90,4C+32.14,,54.1255,32.3082,44.17,41.12,47.33,0.0,1.67,1.50,1.83,0.60,1.2580,47.61,,80,BeamedAGN
189,SWIFTJ0342.0-2115,55.526,-21.244,24.32,ESO548-G081,,55.5155,-21.2444,41.21,38.87,44.62,0.0,2.00,1.87,2.14,0.80,0.0145,43.29,,50,Sy1.9
190,SWIFTJ0345.2-3935,56.299,-39.566,7.22,LCRSB034324.7-394349,,56.3022,-39.5748,10.15,8.22,12.99,0.0,2.26,1.83,2.79,1.10,0.0431,43.64,,40,Sy1.2
191,SWIFTJ0347.0-3027,56.765,-30.397,6.33,HE0345-3033,,56.7729,-30.3972,10.26,8.05,13.51,0.0,2.01,1.50,2.61,0.30,0.0950,44.37,,40,Sy1
192,SWIFTJ0349.2-1159,57.368,-11.983,9.75,QSOB0347-121,,57.3467,-11.9908,15.68,13.43,18.99,0.0,2.20,1.84,2.62,0.40,0.1800,45.15,,80,BeamedAGN
193,SWIFTJ0350.1-5019,57.630,-50.348,10.23,2MASXJ03502377-5018354,,57.5990,-50.3099,21.67,19.08,25.47,0.0,1.44,1.17,1.72,0.80,0.0365,43.83,,50,Sy2
194,SWIFTJ0351.7-4030,57.981,-40.479,8.52,Fairall1116,,57.9237,-40.4665,11.18,9.66,12.96,0.0,2.36,1.99,2.78,1.40,0.0586,43.96,,50,Sy1.9
195,SWIFTJ0353.4-6830,58.280,-68.532,10.03,PKS0352-686,,58.2396,-68.5214,12.24,10.80,13.91,0.0,2.52,2.16,2.95,1.20,0.0870,44.36,,80,BeamedAGN
196,SWIFTJ0353.7+3711,58.452,37.184,7.53,2MASXJ03534246+3714077,,58.4270,37.2350,12.51,10.54,14.81,0.0,2.46,1.91,3.22,1.10,0.0183,42.98,,50,Sy2
197,SWIFTJ0354.2+0250,58.546,2.827,6.25,2MASXJ03540948+0249307,,58.5395,2.8252,10.70,8.74,12.99,0.0,2.42,1.88,3.16,0.50,0.0360,43.51,,40,Sy1.5
198,SWIFTJ0355.5+3101,58.846,31.047,336.20,XPer,,58.8462,31.0458,667.23,664.29,670.53,0.0,2.18,2.17,2.19,205.30,,,,180,HMXB
199,SWIFTJ0357.5-6255,59.106,-62.857,8.14,2MASXJ03561995-6251391,,59.0830,-62.8610,13.59,11.21,16.27,0.0,1.90,1.54,2.30,1.30,0.1076,44.61,,50,Sy1.9
200,SWIFTJ0356.9-4041,59.209,-40.698,10.76,2MASXJ03565655-4041453,,59.2356,-40.6960,19.37,16.80,22.26,0.0,1.73,1.45,2.03,2.10,0.0747,44.42,,50,Sy2
201,SWIFTJ0357.6+4153,59.391,41.895,5.16,2MASXJ03574513+4155049,,59.4380,41.9181,8.66,6.17,11.42,0.0,2.52,1.81,3.51,0.50,,,,50,Sy1.9
202,SWIFTJ0359.0-3015A,59.860,-30.135,7.19,SARS059.33488-30.34397,,59.8354,-30.2027,10.28,6.39,14.62,0.0,2.46,1.52,4.07,0.50,0.0973,44.39,,50,Sy2
203,SWIFTJ0359.0-3015B,59.778,-30.211,10.33,SARS059.28692-30.44439,,59.7868,-30.3029,4.90,1.02,10.18,0.0,1.72,0.00,0.00,0.40,0.0939,44.04,,50,Sy2
204,SWIFTJ0359.7+5058,59.903,50.974,6.30,4C+50.11,,59.8739,50.9639,17.21,14.61,20.65,0.0,1.51,1.12,1.91,0.70,1.5200,47.40,,80,BeamedAGN
205,SWIFTJ0402.4-1807,60.578,-18.079,11.16,ESO549-G049,,60.6070,-18.0480,20.92,18.78,23.74,0.0,1.84,1.57,2.13,0.30,0.0263,43.52,,50,Sy1.9
206,SWIFTJ0404.0-3604,60.966,-36.072,6.60,PKS0402-362,,60.9740,-36.0839,10.65,8.78,13.13,0.0,1.91,1.41,2.52,0.90,1.4170,47.12,,80,BeamedAGN
207,SWIFTJ0405.3-3707,61.340,-37.159,7.39,ESO359-G019,,61.2570,-37.1875,12.12,9.07,14.22,0.0,1.75,1.28,2.29,0.70,0.0552,43.94,,50,Sy1.9
208,SWIFTJ0405.5-1307,61.356,-13.141,5.75,[HB89]0403-132,,61.3917,-13.1371,11.03,7.59,13.40,0.0,1.78,1.19,2.47,0.60,0.5706,46.16,,80,BeamedAGN
209,SWIFTJ0407.4+0339,61.827,3.699,10.09,3C105,,61.8186,3.7072,22.01,18.24,24.61,0.0,1.94,1.64,2.27,0.40,0.0890,44.64,,50,Sy2
210,SWIFTJ0413.3+1659,63.343,16.970,6.51,MG1J041325+1659,,63.3419,16.9974,15.17,11.17,17.94,0.0,1.88,1.37,2.48,1.00,,,,80,BeamedAGN
211,SWIFTJ0413.5+1027,63.381,10.483,3.52,ABELL478,,63.3362,10.4764,4.59,3.27,5.73,0.0,7.04,4.78,0.00,0.60,,,,30,GalaxyCluster
212,SWIFTJ0413.8+1112,63.466,11.219,5.99,3C109,,63.4182,11.2038,10.74,8.82,13.86,0.0,2.30,1.70,3.15,1.30,0.3056,45.51,,40,Sy1.8
213,SWIFTJ0414.8-0754,63.724,-7.908,13.70,IRAS04124-0803,,63.7195,-7.9278,19.28,17.83,21.66,0.0,2.60,2.32,2.92,0.70,0.0379,43.81,,40,Sy1.5
214,SWIFTJ0418.3+3800,64.589,38.024,51.98,3C111.0,,64.5887,38.0266,118.67,116.60,122.05,0.0,2.00,1.94,2.06,1.20,0.0485,44.82,,40,Sy1.2
215,SWIFTJ0419.9+5600,64.950,56.035,7.24,XTEJ0421+560,,64.9255,55.9994,12.03,10.35,14.78,0.0,2.27,1.85,2.78,0.80,,,,180,HMXB
216,SWIFTJ0420.0-5457,64.958,-54.939,12.24,NGC1566,,65.0017,-54.9378,19.54,17.68,21.50,0.0,1.96,1.71,2.24,0.80,0.0050,42.03,,40,Sy1.5
217,SWIFTJ0422.7-5611,65.637,-56.191,11.07,ESO157-G023,,65.6007,-56.2260,22.16,20.02,24.42,0.0,1.57,1.34,1.81,1.30,0.0435,43.99,,50,Sy2
218,SWIFTJ0423.5+0414,65.915,4.157,11.02,2MASXJ04234080+0408017,,65.9199,4.1338,24.23,21.57,27.03,0.0,1.90,1.62,2.20,0.90,0.0450,44.06,,50,Sy2
219,SWIFTJ0426.1-1945,66.523,-19.713,5.62,IWEri,,66.4802,-19.7584,5.53,4.29,6.69,0.0,3.58,2.63,5.20,1.10,,,,90,CV
220,SWIFTJ0426.2-5711,66.518,-57.213,19.80,1H0419-577,,66.5035,-57.2001,25.26,23.73,26.87,0.0,2.48,2.30,2.68,0.30,0.1040,44.84,,40,Sy1.5
221,SWIFTJ0427.6-1201,66.897,-12.010,4.19,MCG-02-12-017,,66.7559,-12.0595,8.84,5.87,11.34,0.0,1.71,1.04,2.42,1.00,0.0329,43.34,,50,Sy2candidate
222,SWIFTJ0428.2-6704A,67.123,-67.138,4.64,SWIFTJ042749.42-670436.1,,66.9571,-67.0764,7.21,3.22,10.65,0.0,1.11,0.00,2.46,0.90,,,,12,U2
223,SWIFTJ0428.2-6704B,67.564,-66.955,3.83,2MASXJ04294735-6703205,,67.4538,-67.0539,7.28,4.48,9.69,0.0,2.13,1.23,3.39,0.30,,,,40,Sy1.2
224,SWIFTJ0429.6-2114,67.447,-21.211,4.94,2MASXJ04293830-2109441,,67.4095,-21.1622,9.28,6.53,11.59,0.0,1.75,1.03,2.64,0.80,0.0703,44.05,,40,Sy1.2
225,SWIFTJ0431.3-6127,67.838,-61.425,14.61,ABELL3266,,67.7997,-61.4063,13.35,12.53,14.41,0.0,4.01,3.59,4.51,0.50,,,,30,GalaxyCluster
226,SWIFTJ0433.0+0521,68.298,5.356,43.40,3C120,,68.2962,5.3543,95.38,93.05,98.49,0.0,2.01,1.93,2.08,0.80,0.0330,44.38,,80,BeamedAGN
227,SWIFTJ0433.5-5846,68.405,-58.750,3.74,2MASXJ04332716-5843346,,68.3638,-58.7263,6.48,4.72,8.78,0.0,1.87,1.07,2.88,1.10,0.1023,44.24,,50,Sy2
228,SWIFTJ0436.3-1022,69.096,-10.383,9.96,Mrk618,,69.0930,-10.3760,18.30,16.29,20.96,0.0,2.00,1.68,2.34,0.80,0.0355,43.73,,40,Sy1.2
229,SWIFTJ0437.4-4713,69.405,-47.206,6.42,2MASXJ04372814-4711298,,69.3673,-47.1915,9.93,8.19,12.21,0.0,1.96,1.41,2.62,1.20,0.0530,43.82,,40,Sy1
230,SWIFTJ0438.2-1048,69.554,-10.782,10.41,MCG-02-12-050,,69.5591,-10.7959,18.08,14.82,20.31,0.0,2.10,1.81,2.43,1.50,0.0364,43.74,,40,Sy1.2
231,SWIFTJ0440.2-5941,70.059,-59.648,9.00,ESO118-IG033NED01,,69.9960,-59.6817,14.73,11.77,16.75,0.0,1.91,1.58,2.27,0.90,0.0577,44.07,,50,Sy2
232,SWIFTJ0440.9+2741,70.205,27.659,6.70,2MASXJ04404770+2739466,,70.1989,27.6631,15.69,11.77,18.37,0.0,2.09,1.67,2.59,0.70,,,,40,Sy1.5
233,SWIFTJ0440.8+4432,70.223,44.553,39.64,RXJ0440.9+4431,,70.2472,44.5304,71.34,68.12,73.56,0.0,2.43,2.34,2.53,1.10,,,,180,HMXB
234,SWIFTJ0441.2-2704,70.342,-27.119,6.41,IRAS04392-2713,,70.3441,-27.1389,10.78,8.27,12.83,0.0,1.98,1.45,2.60,0.60,0.0835,44.27,,40,Sy1.5
235,SWIFTJ0441.8-0823,70.452,-8.374,5.14,1RXSJ044154.5-082639,,70.4746,-8.4428,10.85,7.76,13.37,0.0,1.77,1.15,2.47,0.40,0.0440,43.69,,40,Sy1
236,SWIFTJ0443.9+2856,70.937,28.964,13.17,UGC03142,,70.9450,28.9718,33.75,30.35,36.52,0.0,1.89,1.67,2.13,0.60,0.0217,43.56,,40,Sy1
237,SWIFTJ0444.1+2813,71.025,28.228,18.63,2MASXJ04440903+2813003,,71.0376,28.2168,49.38,45.89,52.23,0.0,1.83,1.68,2.00,0.50,0.0113,43.15,,50,Sy2
238,SWIFTJ0445.0-2816,71.151,-28.199,9.69,PKS0442-28,,71.1571,-28.1651,17.03,14.42,19.15,0.0,1.86,1.55,2.20,0.80,0.1470,45.00,,50,Sy2
239,SWIFTJ0446.4+1828,71.629,18.474,6.07,UGC3157,,71.6240,18.4609,14.76,10.71,17.93,0.0,1.95,1.51,2.43,2.70,0.0154,42.90,,50,Sy1.9
240,SWIFTJ0449.6-5515,72.463,-55.271,4.08,2MASXJ04500193-5512404,,72.5082,-55.2112,7.68,4.53,10.18,0.0,1.56,0.87,2.29,0.40,,,,70,UnknownAGN
241,SWIFTJ0451.5-6949,72.808,-69.798,25.74,SWIFTJ045106.8-694803,,72.7785,-69.8008,33.03,30.72,34.84,0.0,2.48,2.34,2.62,4.30,,,,180,HMXB
242,SWIFTJ0451.4-0346,72.889,-3.804,15.80,MCG-01-13-025,,72.9229,-3.8094,34.23,30.37,37.26,0.0,1.83,1.63,2.03,0.30,0.0159,43.29,,40,Sy1.5
243,SWIFTJ0450.7-5813,72.943,-58.197,12.76,RBS594,,72.9335,-58.1835,20.08,17.59,22.21,0.0,2.01,1.75,2.30,0.60,0.0907,44.62,,50,Sy1.9
244,SWIFTJ0452.2+4933,73.003,49.535,25.04,1RXSJ045205.0+493248,,73.0208,49.5459,54.10,50.93,56.83,0.0,2.01,1.88,2.14,0.60,0.0290,44.02,,40,Sy1.5
245,SWIFTJ0453.4+0404,73.338,4.059,12.00,CGCG420-015,,73.3573,4.0616,26.34,23.05,29.17,0.0,2.04,1.79,2.31,2.50,0.0294,43.72,,50,Sy2
246,SWIFTJ0454.6-4315,73.680,-43.251,6.35,2MASXJ04544295-4314231,,73.6788,-43.2397,11.33,8.71,13.60,0.0,1.87,1.46,2.32,1.30,0.0877,44.34,,50,Sy1.9
247,SWIFTJ0456.3-7532,73.950,-75.510,15.47,ESO033-G002,,73.9957,-75.5412,24.49,22.04,26.59,0.0,2.04,1.84,2.27,0.30,0.0181,43.26,,50,Sy2
248,SWIFTJ0457.1+4528,74.264,45.485,11.01,1RXSJ045707.4+452751,,74.2846,45.4639,18.50,16.71,20.91,0.0,2.68,2.34,3.09,0.10,,,,90,CV
249,SWIFTJ0459.9+2703,74.988,27.049,11.78,4C+27.14,,74.9837,27.1007,28.70,26.20,32.09,0.0,1.98,1.75,2.23,2.10,,,,50,Sy2
250,SWIFTJ0459.7+3502,74.914,34.956,5.35,2MASXJ04595677+3502536,,74.9869,35.0483,9.42,7.31,12.30,0.0,2.35,1.71,3.20,0.40,,,,70,UnknownAGN
251,SWIFTJ0501.2-7041,75.207,-70.692,17.08,IGRJ05007-7047,,75.1919,-70.7433,21.96,20.48,23.98,0.0,2.44,2.23,2.66,1.50,,,,180,HMXB
252,SWIFTJ0502.1+0332,75.593,3.525,7.04,2MASXJ05020903+0331499,,75.5377,3.5306,14.52,11.54,17.98,0.0,1.99,1.55,2.50,0.50,0.0160,42.92,,40,Sy1
253,SWIFTJ0502.4+2446,75.625,24.743,13.24,V1062Tau,,75.6145,24.7564,25.12,22.66,27.96,0.0,2.66,2.40,2.96,1.70,,,,170,Nova
254,SWIFTJ0503.0+2302,75.734,22.983,8.45,LEDA097068,,75.7426,22.9977,20.22,17.16,23.78,0.0,2.10,1.77,2.48,0.60,0.0577,44.21,,40,Sy1.5
255,SWIFTJ0503.7-2819,75.907,-28.308,2.77,1WGAJ0503.8-2823,,75.8927,-28.2815,2.89,1.29,4.76,0.0,3.01,0.00,0.00,1.20,,,,90,CV
256,SWIFTJ0504.6-7345,76.197,-73.773,6.69,2MASXJ05043414-7349269,,76.1425,-73.8242,15.80,13.01,19.04,0.0,1.36,0.87,1.84,1.80,0.0452,43.88,,50,Sy2
257,SWIFTJ0505.6-6735,76.453,-67.602,6.59,2MASXJ05052442-6734358,,76.3517,-67.5766,10.33,7.88,12.71,0.0,2.02,1.53,2.58,1.40,,,,70,UnknownAGN
258,SWIFTJ0505.8-2351,76.435,-23.855,29.21,2MASXJ05054575-2351139,,76.4405,-23.8539,58.27,55.24,61.30,0.0,1.77,1.66,1.87,0.50,0.0350,44.22,,50,Sy2
259,SWIFTJ0507.7+6732,76.920,67.533,6.70,87GB050246.4+673341,,76.9844,67.6234,9.03,6.75,11.21,0.0,2.50,1.93,3.31,0.30,0.3140,45.46,,80,BeamedAGN
260,SWIFTJ0508.1+1727,77.097,17.401,10.04,CGCG468-002NED01,,77.0820,17.3630,26.06,22.24,29.85,0.0,1.86,1.58,2.16,1.40,0.0175,43.26,,50,Sy1.9
261,SWIFTJ0510.7+1629,77.723,16.505,53.75,IRAS05078+1626,,77.6896,16.4989,119.80,117.16,123.00,0.0,2.11,2.05,2.17,2.60,0.0179,43.94,,40,Sy1.5
262,SWIFTJ0512.1-1830,77.920,-18.456,4.26,ESO553-G022,,77.9908,-18.4939,8.02,5.52,11.03,0.0,1.66,0.78,2.93,0.80,0.0421,43.52,,50,Sy2
263,SWIFTJ0513.8+6627,78.391,66.414,7.29,CGCG307-007,,78.3183,66.4639,14.32,12.08,17.01,0.0,1.89,1.48,2.34,0.50,0.0149,42.85,,70,UnknownAGN
264,SWIFTJ0514.2-4002,78.524,-40.049,45.18,CXOJ051406.4-400238,,78.5269,-40.0439,47.09,45.89,48.55,0.0,3.22,3.10,3.35,2.10,,,,190,LMXB
265,SWIFTJ0515.3+1854,78.842,18.924,9.94,2MASXJ05151978+1854515,,78.8324,18.9143,26.81,23.87,30.36,0.0,1.84,1.55,2.16,0.80,,,,50,Sy2
266,SWIFTJ0516.2-0009,79.057,-0.148,37.20,Ark120,,79.0476,-0.1498,74.29,71.15,76.48,0.0,2.06,1.97,2.15,2.50,0.0323,44.25,,40,Sy1
267,SWIFTJ0516.3+1928,79.104,19.447,9.14,2MFGC04298,,79.0947,19.4531,23.11,19.65,25.53,0.0,2.00,1.66,2.36,0.30,0.0212,43.37,,50,Sy2
268,SWIFTJ0516.4-1034,79.080,-10.552,9.18,MCG-02-14-009,,79.0882,-10.5615,16.49,13.69,18.46,0.0,2.08,1.75,2.45,2.60,0.0285,43.49,,50,Sy1.9
269,SWIFTJ0501.9-3239,79.883,-32.662,28.81,ESO362-18,,79.8993,-32.6578,48.89,46.30,50.70,0.0,1.90,1.79,2.02,1.40,0.0125,43.23,,40,Sy1.5
270,SWIFTJ0519.5-4545,79.952,-45.775,23.75,PICTORA,,79.9570,-45.7790,37.32,34.93,39.67,0.0,2.05,1.90,2.20,1.60,0.0351,44.03,,50,Sy2
271,SWIFTJ0520.9-7156,80.058,-71.948,22.96,LMCX-2,,80.1168,-71.9648,20.52,19.63,21.38,0.0,6.27,5.82,6.79,2.00,,,,190,LMXB
272,SWIFTJ0521.0-2522,80.207,-25.350,5.95,2MASXJ05210136-2521450,,80.2561,-25.3626,9.71,7.06,12.32,0.0,2.06,1.56,2.67,0.30,0.0426,43.62,,50,Sy2
273,SWIFTJ0519.5-3140,80.758,-36.464,20.63,PKS0521-36,,80.7416,-36.4586,35.10,32.54,37.63,0.0,1.92,1.76,2.08,2.50,0.0553,44.41,,80,BeamedAGN
274,SWIFTJ0524.1-1210,81.039,-12.206,11.02,IRAS05218-1212,,81.0271,-12.1666,19.15,16.37,21.89,0.0,2.13,1.84,2.45,0.90,0.0490,44.04,,40,Sy1.5
275,SWIFTJ0524.9+4246,81.172,42.753,6.66,Paloma,,81.1272,42.7473,9.88,7.60,11.63,0.0,3.24,2.63,4.08,0.90,,,,90,CV
276,SWIFTJ0525.1-2339,81.276,-23.668,5.78,PMNJ0525-2338,,81.2771,-23.6363,13.11,9.52,15.91,0.0,1.55,1.04,2.10,0.30,3.1000,48.04,,80,BeamedAGN
277,SWIFTJ0525.3-4600,81.321,-46.008,6.91,PKS0524-460,,81.3808,-45.9652,15.51,12.07,18.20,0.0,1.37,0.98,1.77,0.80,1.4790,47.33,,80,BeamedAGN
278,SWIFTJ0525.6+2416,81.359,24.243,11.14,1RXSJ052523.2+241331,,81.3437,24.2255,21.45,18.45,23.80,0.0,2.77,2.45,3.14,0.70,,,,90,CV
279,SWIFTJ0526.2-2118,81.614,-21.296,8.73,ESO553-G043,,81.6135,-21.2866,15.83,13.66,18.84,0.0,1.90,1.55,2.29,0.80,0.0278,43.45,,50,Sy2
280,SWIFTJ0528.1-3933,82.012,-39.529,6.86,ESO306-IG001,,82.0104,-39.5764,12.65,10.59,15.54,0.0,1.72,1.24,2.26,0.50,0.0370,43.60,,70,UnknownAGN
281,SWIFTJ0529.2-3247,82.347,-32.825,50.19,TVCol,,82.3560,-32.8179,59.30,57.90,61.24,0.0,2.82,2.74,2.91,5.00,,,,90,CV
282,SWIFTJ0530.8+1333,82.742,13.572,4.74,PKS0528+134,,82.7351,13.5320,18.24,14.84,22.96,0.0,1.25,0.75,1.73,2.30,2.0600,47.75,,80,BeamedAGN
283,SWIFTJ0532.5-6623A,83.221,-66.404,189.27,LMCX-4,,83.2075,-66.3705,327.30,325.92,329.21,0.0,2.83,2.81,2.84,605.80,,,,180,HMXB
284,SWIFTJ0532.5-6623B,83.168,-66.296,94.20,RXJ0531.2-6609,,82.8054,-66.1181,13.47,11.54,15.24,0.0,2.84,2.54,3.17,6.80,,,,180,HMXB
285,SWIFTJ0532.9+1343,83.305,13.718,5.92,2MASXJ05325752+1345092,,83.2397,13.7525,14.15,10.19,17.77,0.0,1.84,1.34,2.43,1.40,,,,40,Sy1.2
286,SWIFTJ0533.9-1318,83.487,-13.268,5.54,MCG-02-15-004,,83.4589,-13.3553,14.08,10.16,17.68,0.0,1.38,0.87,1.89,1.90,,,,70,UnknownAGN
287,SWIFTJ0534.6+2204,83.632,22.017,9957.05,Crab,,83.6332,22.0145,23342.70,23339.20,23346.00,0.0,2.17,2.17,2.17,127.30,,,,150,Pulsar
288,SWIFTJ0535.1-5801,83.707,-57.998,15.77,TWPic,,83.7110,-58.0280,16.32,15.00,17.66,0.0,3.29,2.99,3.64,0.60,,,,90,CV
289,SWIFTJ0535.2+2830,83.774,28.468,5.98,SWIFTJ053457.91+282837.9,,83.7404,28.4772,12.25,9.47,15.07,0.0,2.35,1.80,3.07,0.30,,,,12,U2
290,SWIFTJ0535.3-0520,83.803,-5.349,5.82,TrapeziumCluster,,83.8187,-5.3872,6.54,5.17,7.91,0.0,4.26,3.24,6.03,0.70,,,,120,Openstarcluster
291,SWIFTJ0535.4+4013,83.882,40.163,6.25,2MASXJ05353211+4011152,,83.8838,40.1877,15.98,12.69,19.32,0.0,1.75,1.32,2.23,2.00,,,,40,Sy1.5
292,SWIFTJ0538.3+2147,84.440,21.129,12.56,SWIFTJ0538.3+2147,,84.4496,21.1257,21.98,19.41,23.95,0.0,2.99,2.68,3.36,1.00,,,,14,confusedsource
293,SWIFTJ0539.0-6406,84.743,-64.104,17.65,LMCX-3,,84.7346,-64.0842,31.91,29.26,33.95,0.0,1.83,1.65,2.03,4.10,,,,180,HMXB
294,SWIFTJ0538.8+2620,84.726,26.316,672.62,1A0535+262,,84.7274,26.3158,1293.65,1290.71,1295.91,0.0,2.61,2.61,2.62,1730.30,,,,180,HMXB
295,SWIFTJ0539.5-6943,84.945,-69.740,25.58,LMCX-1,,84.9113,-69.7433,32.14,30.16,33.66,0.0,2.63,2.47,2.79,1.00,,,,180,HMXB
296,SWIFTJ0539.9-2839,84.967,-28.696,11.67,[HB89]0537-286,,84.9762,-28.6655,29.01,25.51,31.68,0.0,1.33,1.07,1.59,0.40,3.1040,48.39,,80,BeamedAGN
297,SWIFTJ0539.9-6919,85.016,-69.346,26.45,PSRB0540-69,,85.0322,-69.3348,49.31,47.12,51.21,0.0,1.93,1.81,2.04,1.10,,,,150,Pulsar
298,SWIFTJ0541.5-6826,85.469,-68.423,21.05,XMMUJ054134.7-682550,,85.3946,-68.4306,24.19,22.74,25.46,0.0,2.89,2.68,3.12,2.80,,,,180,HMXB
299,SWIFTJ0542.6+6051,85.724,60.861,22.93,BYCam,,85.7038,60.8588,32.70,30.90,34.27,0.0,2.75,2.58,2.93,2.10,,,,90,CV
300,SWIFTJ0543.2-4104,85.823,-41.033,11.84,TXCol,,85.8348,-41.0319,12.28,11.12,13.35,0.0,3.49,3.09,3.97,1.30,,,,90,CV
301,SWIFTJ0543.9-2749,85.916,-27.647,12.21,MCG-05-14-012,,85.8873,-27.6514,22.68,19.84,24.93,0.0,1.83,1.59,2.08,1.20,0.0099,42.69,,40,Sy1
302,SWIFTJ0544.4-4328,86.056,-43.445,6.81,2MASXJ05440009-4325265,,86.0000,-43.4240,8.35,6.35,9.93,0.0,2.51,1.93,3.32,1.10,,,,50,Sy2
303,SWIFTJ0544.4+5909,86.122,59.145,10.99,2MASXJ05442257+5907361,,86.0941,59.1267,25.35,22.14,27.90,0.0,1.73,1.47,2.00,0.40,0.0660,44.43,,50,Sy2
304,SWIFTJ0547.3+5042,86.803,50.651,10.05,2MASXJ05471492+5038251,,86.8121,50.6404,22.01,18.81,24.55,0.0,1.90,1.62,2.20,0.90,0.0360,43.82,,50,Sy2
305,SWIFTJ0548.4-4748,87.073,-47.776,7.37,ESO205-IG003NED01,,87.1092,-47.7588,8.81,6.89,10.31,0.0,2.63,2.15,3.24,2.20,0.0505,43.73,,50,Sy2
306,SWIFTJ0550.7-3212A,87.689,-32.273,26.92,PKS0548-322,,87.6699,-32.2716,18.21,12.92,24.37,0.0,3.23,2.00,5.57,0.50,0.0690,44.32,,80,BeamedAGN
307,SWIFTJ0550.7-3215B,87.758,-32.244,22.12,2XMMJ055054.3-321616,,87.7266,-32.2713,21.04,11.15,32.63,0.0,1.60,0.00,3.00,0.30,,,,80,BeamedAGN
308,SWIFTJ0552.2-0727,88.046,-7.457,153.12,NGC2110,,88.0474,-7.4562,328.93,326.30,332.03,0.0,1.81,1.79,1.83,1.80,0.0078,43.65,,50,Sy2
309,SWIFTJ0552.5+5929,88.078,59.476,8.92,IRAS05480+5927,,88.1169,59.4756,13.36,11.58,15.42,0.0,2.66,2.26,3.14,0.90,0.0585,44.04,,40,Sy1
310,SWIFTJ0554.8+4625,88.720,46.437,72.19,MCG+08-11-011,,88.7234,46.4393,141.21,138.58,143.49,0.0,2.13,2.09,2.18,4.10,0.0205,44.13,,40,Sy1.5
311,SWIFTJ0555.5+3946,88.898,39.808,7.28,[HB89]0552+398,,88.8784,39.8137,21.37,17.95,24.32,0.0,1.54,1.15,1.95,2.10,2.3650,47.97,,80,BeamedAGN
312,SWIFTJ0558.0+5352,89.507,53.892,22.70,V405Aur,,89.4970,53.8958,33.92,31.94,35.64,0.0,2.78,2.61,2.95,4.70,,,,90,CV
313,SWIFTJ0557.9-3822,89.514,-38.346,20.46,2MASXJ05580206-3820043,,89.5083,-38.3346,27.45,25.61,29.04,0.0,2.47,2.30,2.65,2.40,0.0339,43.86,,40,Sy1.2
314,SWIFTJ0559.8-5028,89.943,-50.453,13.60,PKS0558-504,,89.9474,-50.4477,18.18,15.61,20.62,0.0,2.28,2.00,2.61,1.10,0.1372,44.96,,40,Sy1

315,SWIFTJ0600.7+0008,90.140,0.144,8.32,IRAS05581+0006,,90.1670,0.1053,15.61,11.99,19.04,0.0,2.14,1.77,2.57,0.80,0.1147,44.72,,40,Sy1
316,SWIFTJ0602.2+2829,90.541,28.466,30.25,IRAS05589+2828,,90.5446,28.4728,62.28,58.53,65.84,0.0,2.20,2.08,2.31,1.40,0.0330,44.19,,40,Sy1.2
317,SWIFTJ0602.5+6518,90.570,65.316,11.07,UGC03386,,90.6581,65.3712,23.06,19.43,26.49,0.0,1.63,1.36,1.91,1.50,0.0154,43.09,,50,Sy2
318,SWIFTJ0606.0-2755,91.463,-27.937,6.30,2MASXJ06054896-2754398,,91.4540,-27.9112,10.39,7.38,13.24,0.0,2.16,1.63,2.83,0.40,0.0892,44.31,,40,Sy1.5
319,SWIFTJ0601.9-8636,91.467,-86.606,14.39,ESO005-G004,,91.4235,-86.6319,30.89,28.75,33.64,0.0,1.52,1.32,1.72,1.40,0.0062,42.42,,50,Sy2
320,SWIFTJ0609.5-6245A,92.275,-62.746,6.34,2MASXJ06100652-6243125,,92.5272,-62.7201,4.59,2.24,7.67,0.0,1.95,0.00,4.75,0.50,,,,50,Sy1.9
321,SWIFTJ0609.5-6245B,91.907,-62.788,3.95,2MASXJ06083867-6247168,,92.1610,-62.7880,7.67,5.22,10.80,0.0,1.83,0.93,2.99,0.10,,,,70,UnknownAGN
322,SWIFTJ0610.6-8151,92.690,-81.799,4.31,AHMen,,92.9336,-81.8234,5.45,3.99,7.35,0.0,2.44,1.72,3.50,1.70,,,,170,Nova
323,SWIFTJ0612.2-4645,93.062,-46.745,5.82,PMNJ0612-4647,,93.1110,-46.7870,6.85,5.44,8.63,0.0,2.47,1.85,3.35,0.60,,,,80,BeamedAGN
324,SWIFTJ0614.0+1709,93.502,17.086,4.97,2MASSJ06141230+1704321,,93.5513,17.0756,7.84,6.12,10.00,0.0,2.88,2.09,3.97,1.60,,,,90,CV
325,SWIFTJ0615.8+7101,93.911,71.030,73.71,Mrk3,,93.9015,71.0375,150.12,148.14,152.69,0.0,1.68,1.64,1.72,7.60,0.0135,43.79,,50,Sy1.9
326,SWIFTJ0617.2+0907,94.279,9.138,236.68,4U0614+091,,94.2804,9.1369,438.29,436.42,440.73,0.0,2.54,2.52,2.56,4.20,,,,190,LMXB
327,SWIFTJ0623.3-6438,95.852,-64.611,7.31,2MASXJ06230765-6436211,,95.7821,-64.6057,11.64,10.02,13.74,0.0,1.98,1.53,2.51,2.20,0.1289,44.71,,80,BeamedAGN
328,SWIFTJ0623.8+6445,96.173,64.800,6.58,NVSSJ062335+644538,,95.8964,64.7601,6.50,4.69,8.46,0.0,3.02,2.12,4.47,0.90,0.0860,44.08,,40,Sy1
329,SWIFTJ0623.9-6058,95.936,-60.981,16.54,ESO121-IG028,,95.9400,-60.9790,29.69,27.09,32.45,0.0,1.81,1.62,2.00,0.20,0.0403,44.05,,50,Sy2
330,SWIFTJ0623.8-3215,95.935,-32.233,12.38,ESO426-G002,,95.9434,-32.2166,24.12,21.18,27.23,0.0,1.83,1.60,2.08,0.70,0.0224,43.44,,50,Sy2
331,SWIFTJ0623.9-0939,96.004,-9.656,8.03,SWIFTJ062406.05-093855.0,,96.0252,-9.6486,10.90,8.84,13.13,0.0,3.01,2.47,3.74,0.70,,,,90,CV
332,SWIFTJ0625.1+7336,96.287,73.582,13.30,MUCam,,96.3176,73.5775,15.58,14.12,16.60,0.0,3.10,2.80,3.43,2.70,,,,90,CV
333,SWIFTJ0626.6+0729,96.643,7.473,6.53,2MASXJ06262702+0727287,,96.6126,7.4580,15.78,12.62,18.04,0.0,1.87,1.42,2.39,1.00,,,,70,UnknownAGN
334,SWIFTJ0626.6-3702,96.610,-37.014,9.27,6dFJ0626586-370559,,96.7442,-37.0996,13.11,10.84,14.73,0.0,1.95,1.55,2.40,0.60,0.0393,43.67,,50,Sy1.9
335,SWIFTJ0630.7+6342,98.316,63.695,5.09,UGC03478,,98.1965,63.6737,8.40,6.15,9.96,0.0,2.35,1.79,3.08,1.60,0.0128,42.49,,40,Sy1.2
336,SWIFTJ0630.9+1129,97.670,11.549,7.63,SWIFTJ063107.4+112754,,97.7800,11.4652,13.57,10.78,15.56,0.0,2.22,1.75,2.81,1.80,,,,12,U2
337,SWIFTJ0632.8+6343,97.658,63.693,5.11,VIIZw073,,97.6065,63.6781,9.98,7.32,14.03,0.0,1.47,0.62,2.40,0.20,0.0413,43.60,,50,Sy2
338,SWIFTJ0634.7-7445,98.370,-74.753,6.42,1RXSJ063401.1-744629,,98.5046,-74.7747,10.23,8.47,12.91,0.0,2.11,1.60,2.72,0.10,,,,40,Sy1
339,SWIFTJ0635.1+2229,98.783,22.473,6.17,CIZAJ0635.0+2231,,98.7642,22.5250,9.35,7.67,11.92,0.0,3.12,2.40,4.14,0.70,,,,30,GalaxyCluster
340,SWIFTJ0635.8-7514,99.016,-75.280,9.57,PKS0637-752,,98.9438,-75.2713,16.52,14.69,19.31,0.0,2.00,1.69,2.35,0.70,0.6510,46.48,,80,BeamedAGN
341,SWIFTJ0636.6+3536,99.143,35.584,8.38,1RXSJ063631.9+353537,,99.1329,35.5936,13.36,11.67,15.44,0.0,2.75,2.31,3.30,0.90,,,,90,CV
342,SWIFTJ0640.4-2554,100.049,-25.904,20.40,ESO490-IG026,,100.0487,-25.8954,39.49,37.51,41.93,0.0,1.93,1.78,2.08,0.30,0.0248,43.74,,40,Sy1.2
343,SWIFTJ0640.0-4737,99.997,-47.672,5.66,SWIFTJ064013.50-474132.9,,100.0567,-47.6927,15.42,13.03,18.36,0.0,1.06,0.00,1.59,2.20,,,,12,U2
344,SWIFTJ0640.1-4328,100.161,-43.343,10.34,2MASXJ06403799-4321211,,100.1583,-43.3558,22.19,20.12,24.73,0.0,1.52,1.26,1.79,0.80,0.0610,44.30,,50,Sy2
345,SWIFTJ0641.3+3257,100.330,32.854,12.63,2MASXJ06411806+3249313,,100.3252,32.8254,31.87,27.87,34.97,0.0,1.75,1.50,2.01,1.70,0.0470,44.22,,50,Sy2
346,SWIFTJ0645.9+5303,101.524,53.053,5.44,UGC3533,,101.6108,53.0758,10.14,6.84,12.71,0.0,1.93,1.39,2.56,1.20,0.0359,43.48,,50,Sy2
347,SWIFTJ0651.9+7426,103.080,74.435,31.79,Mrk6,,103.0511,74.4271,56.70,53.80,58.96,0.0,1.91,1.82,2.00,2.80,0.0188,43.66,,40,Sy1.5
348,SWIFTJ0654.6+0700,103.632,7.045,7.84,1WGAJ0654.5+0703,,103.6412,7.0533,16.34,12.71,19.16,0.0,2.05,1.62,2.56,0.70,,,,50,Sy1.9
349,SWIFTJ0655.8+3957,103.930,39.992,8.62,UGC03601,,103.9564,40.0002,18.22,14.73,20.93,0.0,1.97,1.61,2.39,0.70,0.0171,43.08,,50,Sy1.9
350,SWIFTJ0656.4-4921,104.073,-49.335,6.16,2MASXJ06561197-4919499,,104.0498,-49.3306,10.91,8.42,12.80,0.0,1.83,1.29,2.46,0.60,0.0410,43.63,,50,Sy2
351,SWIFTJ0658.3-0712,104.572,-7.227,48.42,2E1752,,104.5720,-7.2098,60.44,58.71,61.77,0.0,3.31,3.20,3.42,3.90,,,,180,HMXB
352,SWIFTJ0658.5-5556,104.630,-55.945,5.15,BulletCluster,,104.6217,-55.9528,6.23,4.43,7.57,0.0,2.67,1.84,3.98,0.70,,,,30,GalaxyCluster
353,SWIFTJ0659.3+2406,104.823,24.084,5.72,2MASXJ06591070+2401400,,104.7945,24.0278,11.73,8.76,13.99,0.0,2.16,1.62,2.81,1.90,,,,50,Sy2
354,SWIFTJ0701.3-3235,105.301,-32.613,5.25,2MASXJ07011026-3234534,,105.2927,-32.5814,9.54,7.04,12.25,0.0,1.90,1.37,2.54,1.00,0.0438,43.63,,70,UnknownAGN
355,SWIFTJ0704.4+2625,106.076,26.490,5.06,1RXSJ070407.9+262501,,106.0329,26.4169,7.15,5.03,9.47,0.0,2.83,2.01,4.12,1.10,,,,90,CV
356,SWIFTJ0706.8+0325,106.680,3.433,4.96,1RXSJ070648.8+032450,,106.7032,3.4130,7.82,5.43,10.42,0.0,2.53,1.81,3.49,1.90,,,,90,CV
357,SWIFTJ0707.1+6433,106.772,64.605,5.89,VIIZw118,,106.8047,64.5997,9.29,7.05,11.71,0.0,2.23,1.69,2.89,0.70,0.0797,44.16,,40,Sy1
358,SWIFTJ0709.0-4642,107.225,-46.745,6.88,2MASXJ07084326-4642494,,107.1803,-46.7137,13.41,10.71,16.65,0.0,1.66,1.23,2.13,0.80,0.0469,43.84,,50,Sy2
359,SWIFTJ0709.3-1527,107.329,-15.437,6.33,PKS0706-15,,107.3011,-15.4501,7.37,5.74,9.36,0.0,3.42,2.63,4.74,0.40,,,,80,BeamedAGN
360,SWIFTJ0709.4-3559,107.333,-35.988,10.50,PKS0707-35,,107.3087,-36.0227,21.34,18.66,24.55,0.0,1.72,1.45,2.00,0.50,0.1108,44.83,,50,Sy2
361,SWIFTJ0710.3+5908,107.635,59.140,15.38,2MASXJ07103005+5908202,,107.6253,59.1390,24.06,21.76,26.83,0.0,2.28,2.04,2.54,2.10,0.1250,44.99,,80,BeamedAGN
362,SWIFTJ0714.2+3518,108.550,35.321,9.25,MCG+06-16-028,,108.5161,35.2793,19.24,16.33,22.73,0.0,1.99,1.68,2.33,1.40,0.0157,43.03,,50,Sy1.9
363,SWIFTJ0714.3+4541,108.535,45.683,4.74,Mrk376,,108.5628,45.6988,8.74,6.21,10.65,0.0,2.04,1.43,2.83,0.50,0.0560,43.82,,40,Sy1.2
364,SWIFTJ0714.7-2521,108.634,-25.306,9.78,SWIFTJ0714.7-2521,,108.6546,-25.2899,18.90,16.24,20.90,0.0,1.86,1.54,2.21,0.30,,,,12,U2
365,SWIFTJ0717.8-2156,109.447,-21.942,5.35,1RXSJ071748.9-215306,,109.4508,-21.8839,6.53,4.78,7.85,0.0,2.96,2.24,4.06,0.40,,,,12,U2
366,SWIFTJ0718.1+4403,109.524,44.082,13.14,RXJ0718.0+4405,,109.5024,44.0909,22.53,20.11,24.34,0.0,2.23,1.98,2.50,1.40,0.0614,44.31,,40,Sy1.5
367,SWIFTJ0723.8-0804,110.925,-8.069,6.51,1RXSJ072352.4-080623,,110.9712,-8.1033,14.46,11.46,18.20,0.0,1.71,1.22,2.26,0.80,,,,12,U2
368,SWIFTJ0725.7-0055,111.478,-0.942,6.31,PKS0723-008,,111.4610,-0.9157,14.85,11.75,18.73,0.0,1.75,1.29,2.26,1.50,0.1280,44.81,,80,BeamedAGN
369,SWIFTJ0725.8+3000,111.352,30.018,5.23,CGCG147-020,,111.4057,29.9541,9.21,6.64,12.48,0.0,2.19,1.51,3.14,0.80,0.0188,42.87,,50,Sy2
370,SWIFTJ0726.6-3552,111.635,-35.894,9.07,2MASXJ07262635-3554214,,111.6098,-35.9060,18.94,16.39,22.13,0.0,1.67,1.37,1.98,1.20,0.0294,43.57,,50,Sy2
371,SWIFTJ0726.5+3659,111.664,37.001,6.12,2MASXJ07263532+3700028,,111.6472,37.0008,12.01,9.29,14.53,0.0,2.07,1.54,2.74,0.40,0.1900,45.09,,40,Sy1
372,SWIFTJ0727.4-2408,111.853,-24.116,8.40,1RXSJ072720.8-240629,,111.8951,-24.1039,19.05,16.06,21.85,0.0,1.55,1.14,1.97,1.00,0.1230,44.88,,50,Sy1.9
373,SWIFTJ0728.8-2605,112.224,-26.113,19.58,4U0728-25,,112.2233,-26.1081,21.78,20.38,23.09,0.0,3.56,3.29,3.86,1.70,,,,180,HMXB
374,SWIFTJ0731.5+0957,112.860,9.926,16.83,BGCMi,,112.8708,9.9396,23.56,21.74,25.27,0.0,3.24,2.98,3.53,1.90,,,,90,CV
375,SWIFTJ0732.5-1331,113.167,-13.509,18.63,SWIFTJ073237.6-133109,,113.1563,-13.5178,28.04,25.92,30.03,0.0,2.63,2.44,2.85,2.40,,,,90,CV
376,SWIFTJ0733.2+4558,113.225,45.972,6.54,1RXSJ073308.7+455511,,113.2883,45.9184,10.44,8.11,12.86,0.0,2.21,1.69,2.88,1.00,0.1414,44.75,,40,Sy1
377,SWIFTJ0733.9+5156,113.404,51.931,5.38,2MASXJ07332681+5153560,,113.3617,51.8989,8.17,6.00,10.44,0.0,2.32,1.61,3.25,1.70,,,,80,BeamedAGN
378,SWIFTJ0736.9+5846,114.334,58.800,6.54,Mrk9,,114.2374,58.7704,9.84,7.65,12.12,0.0,2.23,1.77,2.77,1.40,0.0399,43.56,,40,Sy1.2
379,SWIFTJ0739.7-3142,114.897,-31.720,14.47,2MASXJ07394469-3143024,,114.9362,-31.7174,27.78,25.17,30.53,0.0,1.74,1.53,1.97,0.60,0.0258,43.63,,50,Sy2
380,SWIFTJ0741.4-5447,115.348,-54.743,6.42,2MASXJ07410919-5447461,,115.2884,-54.7961,12.11,9.66,14.66,0.0,1.69,1.24,2.18,1.00,,,,70,UnknownAGN
381,SWIFTJ0742.3+8024,115.531,80.438,5.33,3C184.1,,115.7553,80.4406,9.45,6.64,11.62,0.0,1.83,1.28,2.47,0.70,0.1182,44.53,,40,Sy1
382,SWIFTJ0742.5+4948,115.623,49.812,25.31,Mrk79,,115.6367,49.8097,42.72,39.97,44.86,0.0,2.13,2.00,2.26,1.80,0.0222,43.68,,40,Sy1.5
383,SWIFTJ0743.0+6513,115.791,65.190,5.68,Mrk78,,115.6739,65.1771,9.96,7.17,12.11,0.0,2.01,1.51,2.57,2.40,0.0371,43.50,,50,Sy2
384,SWIFTJ0743.3-2546,115.799,-25.778,11.74,LEDA86073,,115.8114,-25.7639,19.54,16.77,21.69,0.0,2.18,1.89,2.51,0.80,0.0230,43.37,,40,Sy1.2
385,SWIFTJ0744.0+2914,116.015,29.271,9.63,UGC03995A,,116.0296,29.2493,22.41,19.30,25.23,0.0,1.76,1.49,2.04,1.90,0.0159,43.11,,50,Sy2
386,SWIFTJ0746.3-1608,116.582,-16.178,12.03,1RXSJ074616.8-161127,,116.5700,-16.1908,16.26,14.42,17.95,0.0,2.94,2.60,3.35,0.80,,,,90,CV
387,SWIFTJ0746.3+2548,116.587,25.808,12.69,B20743+25,,116.6078,25.8173,36.01,32.51,39.17,0.0,1.43,1.19,1.67,0.60,2.9793,48.44,,80,BeamedAGN
388,SWIFTJ0747.2-1920,116.882,-19.276,7.67,PKS0745-19,,116.8805,-19.2944,8.56,7.45,9.61,0.0,4.89,4.05,6.09,0.40,,,,30,GalaxyCluster
389,SWIFTJ0747.5+6057,116.812,60.921,8.25,Mrk10,,116.8714,60.9335,15.02,12.47,17.35,0.0,1.85,1.50,2.25,0.80,0.0293,43.47,,40,Sy1.5
390,SWIFTJ0747.6-7326,117.006,-73.451,6.60,2MASXJ07473839-7325533,,116.9098,-73.4314,12.46,10.03,14.89,0.0,1.79,1.42,2.20,2.40,0.0367,43.59,,50,Sy2
391,SWIFTJ0748.8-6743,117.137,-67.753,120.60,EXO0748-676,,117.1388,-67.7500,177.52,175.44,179.60,0.0,2.21,2.18,2.24,3.60,,,,190,LMXB
392,SWIFTJ0749.7-3218,117.385,-32.276,4.92,SWIFTJ074940.0-321536,,117.3832,-32.2599,5.83,4.15,7.43,0.0,2.89,2.05,4.03,1.60,,,,90,CV
393,SWIFTJ0750.9+1439,117.824,14.747,22.56,PQGem,,117.8225,14.7402,32.47,30.43,34.52,0.0,2.91,2.72,3.12,1.30,,,,90,CV
394,SWIFTJ0752.2+1937,118.087,19.630,9.60,2MASXJ07521780+1935423,,118.0743,19.5951,16.84,14.13,19.35,0.0,2.21,1.84,2.66,0.30,0.1172,44.78,,40,Sy1.5
395,SWIFTJ0753.1+4559,118.242,45.988,6.76,B30749+460A,,118.1842,45.9493,14.87,11.99,17.54,0.0,1.68,1.29,2.09,1.50,0.0518,43.98,,50,Sy1.9
396,SWIFTJ0755.4+8402,119.011,83.997,5.33,1RXSJ075813.2+835637,,119.5550,83.9436,5.97,4.09,7.75,0.0,2.53,1.66,3.88,0.80,,,,12,U2
397,SWIFTJ0756.3-4137,119.032,-41.647,7.25,2MASXJ07561963-4137420,,119.0817,-41.6284,14.10,11.28,16.71,0.0,1.67,1.21,2.18,0.70,0.0210,43.15,,50,Sy2
398,SWIFTJ0759.8-3844,119.935,-38.739,31.38,2MASSJ07594181-3843560,,119.9242,-38.7322,51.15,48.70,53.42,0.0,2.03,1.93,2.15,1.30,0.0400,44.28,,40,Sy1.2
399,SWIFTJ0800.5+2327,119.998,23.410,14.21,2MASXJ07595347+2323241,,119.9728,23.3901,31.57,27.47,34.09,0.0,1.75,1.53,1.99,0.40,0.0292,43.79,,50,Sy1.9
400,SWIFTJ0800.1+2638,120.049,26.622,13.85,IC0486,,120.0874,26.6135,33.80,29.55,36.41,0.0,1.63,1.42,1.85,0.10,0.0269,43.75,,50,Sy1.9
401,SWIFTJ0800.7-4309,120.204,-43.110,5.24,SWIFTJ080040.2-431107,,120.1674,-43.1854,5.82,3.63,7.35,0.0,2.80,2.00,4.03,0.90,,,,90,CV
402,SWIFTJ0801.9-4946,120.478,-49.786,13.07,ESO209-G012,,120.4917,-49.7767,20.12,17.22,21.91,0.0,2.19,1.95,2.45,2.10,0.0405,43.89,,40,Sy1.5
403,SWIFTJ0803.4+0842,120.889,8.676,9.49,2MASXJ08032736+0841523,,120.8641,8.6978,19.81,16.16,22.21,0.0,1.95,1.65,2.27,1.70,0.0468,44.01,,40,Sy1.5
404,SWIFTJ0804.2+0507,121.039,5.109,28.45,Mrk1210,,121.0244,5.1138,57.40,53.81,59.76,0.0,2.03,1.92,2.14,3.10,0.0135,43.37,,50,Sy1.9
405,SWIFTJ0804.6+1045,121.154,10.754,4.49,MCG+02-21-013,,121.1933,10.7767,10.62,6.57,13.31,0.0,1.63,0.78,2.58,1.10,0.0344,43.46,,50,Sy2
406,SWIFTJ0805.1-0110,121.260,-1.079,5.57,2MASXJ08045299-0108476,,121.2208,-1.1466,15.65,11.10,18.65,0.0,1.33,0.84,1.83,0.80,0.0919,44.52,,50,Sy2
407,SWIFTJ0805.2+6145,121.311,61.751,6.83,CGRaBSJ0805+6144,,121.3257,61.7399,17.53,13.74,20.03,0.0,1.35,0.96,1.75,0.70,3.0330,48.14,,80,BeamedAGN
408,SWIFTJ0807.9+3859,121.940,39.054,5.74,Mrk622,,121.9210,39.0042,10.29,8.29,13.40,0.0,2.01,1.50,2.63,0.40,0.0232,43.10,,50,Sy2
409,SWIFTJ0810.9+7602,122.748,76.060,11.66,PG0804+761,,122.7440,76.0450,16.72,15.08,19.24,0.0,2.21,1.94,2.49,2.90,0.1000,44.63,,40,Sy1
410,SWIFTJ0812.3-4004,123.045,-39.948,6.70,1RXSJ081215.2-400336,,123.0584,-40.0566,9.61,7.83,12.40,0.0,2.17,1.70,2.71,1.90,,,,12,U2
411,SWIFTJ0814.3+0423,123.610,4.376,11.16,CGCG031-072,,123.6055,4.3424,22.17,19.94,25.60,0.0,2.02,1.75,2.32,0.70,0.0331,43.75,,40,Sy1.2
412,SWIFTJ0817.8+0251,124.429,2.873,5.25,1RXSJ081749.0+025104,,124.4550,2.8499,10.08,7.48,12.66,0.0,2.06,1.51,2.74,0.50,0.1060,44.46,,40,Sy1
413,SWIFTJ0818.1+0120,124.579,1.398,8.28,2MASXJ08181469+0122266,,124.5610,1.3740,22.24,19.13,25.33,0.0,1.51,1.18,1.84,0.90,0.0890,44.64,,50,Sy2
414,SWIFTJ0819.2-2259,124.797,-22.913,4.53,RXJ0818.9-2252,,124.7410,-22.8770,8.85,6.30,11.38,0.0,1.85,1.08,2.83,1.60,0.0346,43.39,,40,Sy1
415,SWIFTJ0820.6-2805,125.136,-28.029,6.36,1RXSJ082033.6-280457,,125.1404,-28.0825,12.44,9.96,14.89,0.0,1.87,1.40,2.40,0.80,,,,90,CV
416,SWIFTJ0823.4-0457,125.759,-4.933,18.91,Fairall272,,125.7546,-4.9349,39.15,35.65,42.08,0.0,1.82,1.66,2.00,0.80,0.0218,43.63,,50,Sy2
417,SWIFTJ0826.2-7033,126.532,-70.555,8.91,1RXSJ082623.5-703142,,126.5979,-70.5283,9.95,8.29,11.36,0.0,3.16,2.74,3.68,1.50,,,,90,CV
418,SWIFTJ0830.1+4154,127.460,41.911,9.06,2MASXJ08294266+4154366,,127.4277,41.9102,14.91,12.09,17.27,0.0,2.10,1.74,2.51,0.50,0.1263,44.80,,40,Sy1.5
419,SWIFTJ0830.4-6723,127.589,-67.397,4.58,2MASXJ08301655-6725289,,127.5689,-67.4248,7.67,5.02,9.89,0.0,1.98,1.40,2.67,1.40,0.0348,43.33,,50,Sy1.9
420,SWIFTJ0832.5+3703,128.101,37.106,8.83,FBQSJ083225.3+370736,,128.1060,37.1270,15.30,12.35,17.76,0.0,2.03,1.65,2.46,0.50,0.0919,44.51,,40,Sy1.2
421,SWIFTJ0835.2-4513,128.841,-45.183,97.77,VelaPulsar,,128.8361,-45.1764,175.49,173.16,178.06,0.0,1.97,1.94,2.01,1.30,,,,150,Pulsar
422,SWIFTJ0838.0+4839,129.613,48.639,22.45,EIUMa,,129.5916,48.6338,29.05,27.31,30.97,0.0,2.62,2.45,2.80,3.50,,,,90,CV
423,SWIFTJ0838.4-3557,129.619,-35.986,18.45,Fairall1146,,129.6283,-35.9926,31.70,29.42,34.23,0.0,2.10,1.93,2.28,1.50,0.0316,43.86,,40,Sy1.5
424,SWIFTJ0838.8-4832,129.704,-48.553,9.92,USNO-B1.00414-00125587,,129.7046,-48.5235,15.68,13.57,18.02,0.0,2.16,1.83,2.54,2.30,,,,90,CV
425,SWIFTJ0839.6-1213,129.936,-12.250,15.28,3C206,,129.9609,-12.2428,29.09,26.45,31.56,0.0,2.00,1.79,2.22,1.30,0.1976,45.51,,40,Sy1
426,SWIFTJ0840.2+2947,130.039,29.799,9.97,4C+29.30,,130.0099,29.8174,18.91,16.31,21.34,0.0,1.88,1.58,2.21,0.80,0.0647,44.28,,50,Sy2
427,SWIFTJ0841.0-4507,130.293,-45.063,7.11,LMVel,,130.1991,-45.0584,9.22,7.38,10.90,0.0,2.65,2.11,3.31,2.50,,,,180,HMXB
428,SWIFTJ0841.4+7052,130.349,70.885,38.17,[HB89]0836+710,,130.3515,70.8951,69.81,67.32,72.15,0.0,1.70,1.62,1.78,0.30,2.1720,48.39,,80,BeamedAGN
429,SWIFTJ0842.0+0759,130.470,7.997,8.21,2MASXJ08420557+0759253,,130.5232,7.9904,15.31,12.59,17.85,0.0,1.98,1.56,2.47,0.80,0.1338,44.86,,40,Sy1.5
430,SWIFTJ0843.5+3551,130.914,35.852,7.27,2MASXJ08434495+3549421,,130.9375,35.8283,10.98,7.74,12.63,0.0,2.23,1.77,2.79,0.80,0.0540,43.88,,50,Sy2
431,SWIFTJ0845.0-3531,131.348,-35.497,7.59,1RXSJ084521.7-353048,,131.3404,-35.5133,12.68,9.22,14.43,0.0,2.15,1.73,2.65,0.10,0.1370,44.80,,40,Sy1
432,SWIFTJ0845.3+1420,131.333,14.346,10.68,2MASXJ08451850+1420345,,131.3272,14.3428,21.50,17.33,23.62,0.0,1.86,1.56,2.19,0.20,0.0606,44.28,,50,Sy1.9
433,SWIFTJ0854.3-0827,133.570,-8.447,3.17,SWIFTJ085429.35-082428.6,,133.6218,-8.4075,5.08,1.24,7.02,0.0,2.10,0.89,4.17,1.80,,,,12,U2
434,SWIFTJ0855.6+6425,133.882,64.413,8.80,MCG+11-11-032,,133.8023,64.3959,15.98,13.75,18.41,0.0,1.72,1.34,2.14,2.20,0.0360,43.68,,50,Sy2
435,SWIFTJ0855.7-2856,133.888,-28.874,6.80,2MASXJ08551746-2854218,,133.8228,-28.9059,10.59,8.50,12.85,0.0,2.22,1.68,2.93,0.70,,,,50,Sy2
436,SWIFTJ0856.0+7812,133.903,78.201,7.88,NGC2655,,133.9072,78.2231,12.83,10.80,15.03,0.0,1.91,1.55,2.33,1.30,0.0047,41.80,,50,Sy2
437,SWIFTJ0859.5+4457,134.836,44.921,7.13,NGC2712,,134.8770,44.9139,10.01,8.14,12.04,0.0,2.28,1.82,2.85,1.10,0.0061,41.92,,50,Sy2
438,SWIFTJ0902.1-4034,135.528,-40.555,3031.67,VelaX-1,,135.5286,-40.5547,4018.59,4017.08,4020.23,0.0,2.91,2.91,2.91,80154.00,,,,180,HMXB
439,SWIFTJ0902.0+6007,135.558,60.146,8.13,Mrk18,,135.4930,60.1520,14.85,11.51,17.00,0.0,1.67,1.28,2.09,0.80,0.0111,42.61,,50,Sy1.9
440,SWIFTJ0902.7-6816,135.625,-68.222,9.35,NGC2788A,,135.6640,-68.2270,21.46,17.93,23.72,0.0,1.52,1.26,1.78,2.20,0.0133,42.93,,50,Sy2
441,SWIFTJ0902.7-4814,135.671,-48.218,15.27,2MASXJ09023729-4813339,,135.6555,-48.2261,28.82,25.58,30.91,0.0,1.88,1.68,2.09,1.50,0.0391,44.01,,40,Sy1
442,SWIFTJ0902.8-7414,135.793,-74.229,4.83,2MASXJ09034285-7414170,,135.9287,-74.2381,12.36,8.59,14.79,0.0,1.31,0.73,1.87,0.80,0.0910,44.41,,50,Sy2
443,SWIFTJ0904.3+5538,136.160,55.572,10.18,2MASXJ09043699+5536025,,136.1540,55.6008,13.15,11.13,15.29,0.0,2.32,1.96,2.73,1.80,0.0370,43.62,,40,Sy1.2
444,SWIFTJ0908.9-0933,137.229,-9.654,18.29,ABELL754,,137.2087,-9.6366,21.90,20.49,23.41,0.0,3.73,3.44,4.05,2.30,,,,30,GalaxyCluster
445,SWIFTJ0909.0+0358,137.265,3.941,8.04,1RXSJ090915.6+035453,,137.3164,3.9119,15.65,12.88,18.57,0.0,1.88,1.51,2.28,1.60,3.2000,48.15,,40,Sy1;broad-lineAGN
446,SWIFTJ0911.2+4533,137.869,45.486,11.75,2MASXJ09112999+4528060,,137.8749,45.4683,18.59,16.31,20.97,0.0,2.06,1.78,2.36,1.60,0.0268,43.48,,50,Sy2
447,SWIFTJ0917.2-6221,139.034,-62.328,19.87,IRAS09149-6206,,139.0392,-62.3249,29.09,27.05,31.22,0.0,2.33,2.16,2.53,0.30,0.0573,44.36,,40,Sy1
448,SWIFTJ0917.2-6457,139.347,-64.915,6.94,2MASXJ09172716-6456271,,139.3634,-64.9409,11.52,9.45,13.89,0.0,2.06,1.66,2.55,0.80,0.0900,44.37,,50,Sy2
449,SWIFTJ0918.5+1618,139.614,16.313,20.04,Mrk704,,139.6084,16.3053,36.84,34.43,39.57,0.0,2.02,1.87,2.18,1.20,0.0292,43.86,,40,Sy1.2
450,SWIFTJ0919.2+5528,139.872,55.383,6.18,SBS0915+556,,139.8050,55.4653,10.02,7.78,12.60,0.0,1.76,1.29,2.29,1.00,0.0494,43.76,,50,Sy2
451,SWIFTJ0920.1+3712,140.019,37.199,11.99,IC2461,,139.9920,37.1910,19.11,16.93,21.59,0.0,1.94,1.65,2.26,0.60,0.0075,42.38,,50,Sy2
452,SWIFTJ0920.5-5511,140.114,-55.207,66.83,4U0919-54,,140.1105,-55.2070,92.71,90.85,94.73,0.0,2.52,2.46,2.58,1.30,,,,190,LMXB
453,SWIFTJ0920.8-0805,140.209,-8.063,25.10,MCG-01-24-012,,140.1927,-8.0561,46.38,43.85,49.13,0.0,2.11,1.98,2.24,2.30,0.0196,43.61,,50,Sy2
454,SWIFTJ0923.6-2136,140.913,-21.612,9.54,PKS0921-213,,140.9120,-21.5964,18.79,16.17,21.60,0.0,1.97,1.65,2.33,0.40,0.0520,44.08,,80,BeamedAGN
455,SWIFTJ0923.7+2255,140.940,22.923,20.31,MCG+04-22-042,,140.9292,22.9090,35.66,33.32,38.19,0.0,2.07,1.91,2.24,0.40,0.0323,43.93,,40,Sy1.2
456,SWIFTJ0924.2-3141,141.006,-31.700,10.40,2MASXJ09235371-3141305,,140.9739,-31.6919,14.10,12.29,16.00,0.0,2.89,2.41,3.57,1.80,0.0422,43.77,,50,Sy2
457,SWIFTJ0925.2-8423,141.429,-84.387,5.48,2MASXJ09261742-8421330,,141.5735,-84.3593,8.10,6.20,9.96,0.0,2.14,1.33,3.19,1.40,0.0632,43.89,,50,Sy1.9
458,SWIFTJ0925.0+5218,141.312,52.277,37.68,Mrk110,,141.3036,52.2863,60.95,58.99,62.82,0.0,1.98,1.89,2.06,0.50,0.0353,44.25,,40,Sy1.5
459,SWIFTJ0926.1+6931,141.466,69.491,8.14,2MASXJ09254750+6927532,,141.4481,69.4648,11.92,10.03,13.75,0.0,2.06,1.69,2.47,1.20,0.0390,43.63,,50,Sy1.9
460,SWIFTJ0926.2+1244,141.530,12.735,10.59,Mrk705,,141.5137,12.7343,18.03,15.89,20.09,0.0,2.17,1.87,2.51,1.60,0.0291,43.54,,40,Sy1.2
461,SWIFTJ0927.3+2301,141.853,23.024,3.55,NGC2885,,141.8271,23.0201,13.96,11.05,17.92,0.0,0.88,0.00,1.51,0.40,0.0263,43.34,,40,Sy1.2
462,SWIFTJ0927.7-6945,141.901,-69.758,7.40,SWIFTJ092752.58-694438.8,,141.9696,-69.7447,8.50,7.31,10.03,0.0,3.21,2.71,3.85,1.90,,,,12,U2
463,SWIFTJ0929.7+6232,142.365,62.519,7.28,CGCG312-012,,142.4077,62.5440,10.65,8.87,13.06,0.0,1.99,1.60,2.45,1.80,0.0256,43.20,,50,Sy2
464,SWIFTJ0931.5-5105,142.868,-51.119,7.49,SWIFTJ093118.1-510845,,142.8258,-51.1455,9.29,7.89,11.14,0.0,2.91,2.39,3.57,1.20,,,,12,U2
465,SWIFTJ0934.7-2156,143.707,-21.929,6.87,ESO565-G019,,143.6815,-21.9278,20.03,17.38,24.58,0.0,1.38,0.98,1.78,0.40,0.0163,43.08,,50,Sy2
466,SWIFTJ0935.5+2616,143.870,26.275,7.20,2MASXJ09352707+2617093,,143.8629,26.2860,10.69,9.04,13.47,0.0,2.37,1.91,2.95,0.80,0.1222,44.62,,40,Sy1.2
467,SWIFTJ0935.9+6120,143.843,61.358,5.16,MCG+10-14-025,,143.9652,61.3531,7.13,5.46,9.91,0.0,2.11,1.49,2.89,0.40,0.0394,43.41,,50,Sy1.9
468,SWIFTJ0936.2-6553,144.072,-65.834,6.89,2MASXJ09360622-6548336,,144.0260,-65.8093,12.52,10.62,15.79,0.0,1.90,1.52,2.33,1.10,0.0392,43.65,,50,Sy2
469,SWIFTJ0939.7-3224,144.976,-32.450,5.16,1RXSJ093949.2-322620,,144.9550,-32.4390,6.11,4.61,8.37,0.0,3.17,2.14,4.87,1.40,,,,90,CV
470,SWIFTJ0942.2+2344,145.558,23.712,7.02,CGCG122-055,,145.5200,23.6853,13.55,10.75,17.10,0.0,1.83,1.41,2.30,1.10,0.0214,43.15,,40,Sy1.5
471,SWIFTJ0945.6-1420,146.424,-14.334,15.44,NGC2992,,146.4252,-14.3264,32.65,29.52,36.63,0.0,1.89,1.69,2.10,0.20,0.0077,42.63,,50,Sy1.9
472,SWIFTJ0947.6-3057,146.918,-30.948,119.94,MCG-05-23-016,,146.9173,-30.9489,209.62,206.89,213.09,0.0,2.19,2.17,2.22,10.40,0.0085,43.53,,50,Sy1.9
473,SWIFTJ0947.7+0726,146.954,7.450,12.79,3C227,,146.9380,7.4224,22.82,20.01,26.40,0.0,2.05,1.79,2.33,0.50,0.0858,44.62,,40,Sy1.2
474,SWIFTJ0950.5+7318,147.458,73.291,9.92,VIIZw292,,147.4410,73.2400,14.79,12.02,16.43,0.0,1.93,1.59,2.31,0.90,0.0581,44.08,,50,Sy2
475,SWIFTJ0951.9-0649,148.007,-6.814,7.76,NGC3035,,147.9793,-6.8229,16.51,12.95,18.62,0.0,1.83,1.46,2.25,0.60,0.0145,42.89,,50,Sy1.9
476,SWIFTJ0952.3-6234,148.100,-62.576,8.00,IGRJ09523-6231,,148.0840,-62.5430,14.92,11.93,16.70,0.0,1.88,1.49,2.30,1.10,0.2520,45.46,,50,Sy1.9
477,SWIFTJ0955.5+6907,148.943,69.056,13.44,M81,,148.8880,69.0650,20.26,17.58,21.85,0.0,1.99,1.75,2.25,1.40,,,,50,Sy1.9
478,SWIFTJ0956.1+6942,148.908,69.642,5.14,M82,,148.9700,69.6790,4.83,3.43,5.87,0.0,3.39,2.51,5.00,1.20,,,,130,Starburstgalaxy
479,SWIFTJ0958.0-4208,149.448,-42.153,5.81,1RXSJ095750.4-420801,,149.4611,-42.1430,7.00,5.49,8.51,0.0,3.24,2.51,4.31,0.40,,,,90,CV
480,SWIFTJ0959.5-2248,149.874,-22.828,37.62,NGC3081,,149.8731,-22.8263,81.89,79.20,84.52,0.0,1.83,1.75,1.91,3.00,0.0080,43.07,,50,Sy2
481,SWIFTJ0959.9+1303,149.847,13.012,6.07,NGC3080,,149.9827,13.0438,10.36,7.92,12.75,0.0,1.84,1.10,2.76,1.00,0.0354,43.48,,40,Sy1
482,SWIFTJ0959.7-3112,149.935,-31.210,9.84,2MASXJ09594263-3112581,,149.9277,-31.2162,15.69,13.59,17.75,0.0,2.44,2.09,2.86,0.80,0.0370,43.70,,40,Sy1
483,SWIFTJ1001.8+2848,150.508,28.798,4.18,3C234.0,,150.4563,28.7858,5.82,4.00,7.93,0.0,2.28,1.37,3.82,1.60,0.1849,44.75,,50,Sy1.9
484,SWIFTJ1001.7+5543,150.462,55.668,22.93,NGC3079,,150.4908,55.6798,36.74,34.58,39.05,0.0,1.77,1.65,1.90,5.80,0.0037,42.05,,50,Sy2
485,SWIFTJ1003.4-3726,150.859,-37.381,4.66,ESO374-G025,,150.8484,-37.3959,7.37,5.28,9.75,0.0,2.33,1.67,3.26,1.50,0.0237,42.97,,40,Sy1
486,SWIFTJ1005.9-2305,151.449,-23.052,7.33,ESO499-G041,,151.4807,-23.0569,18.06,15.10,21.27,0.0,1.62,1.19,2.07,1.10,0.0128,42.82,,50,Sy1.9
487,SWIFTJ1007.4+6534,151.880,65.583,6.02,1RXSJ100712.6+653511,,151.8069,65.5836,9.21,6.90,10.91,0.0,2.02,1.54,2.58,0.80,,,,70,UnknownAGN
488,SWIFTJ1008.6-0955,152.169,-9.891,8.56,2MASXJ10084862-0954510,,152.2025,-9.9142,18.02,14.80,20.37,0.0,1.80,1.47,2.16,1.20,0.0573,44.15,,50,Sy2
489,SWIFTJ1009.3-4250,152.460,-42.805,16.50,ESO263-G013,,152.4509,-42.8112,29.66,26.83,31.72,0.0,2.05,1.85,2.26,1.10,0.0333,43.88,,50,Sy2
490,SWIFTJ1010.0-5819,152.443,-58.292,202.61,GROJ1008-57,,152.4462,-58.2931,266.51,264.51,267.96,0.0,2.73,2.71,2.74,174.80,,,,180,HMXB
491,SWIFTJ1010.1-5747,152.788,-57.800,17.76,CD-573057,,152.7623,-57.8039,21.24,19.49,22.52,0.0,3.08,2.84,3.36,1.10,,,,100,Symbioticstar
492,SWIFTJ1013.5-3601,153.323,-35.983,8.18,ESO374-G044,,153.3330,-35.9827,23.50,20.66,26.63,0.0,1.34,1.03,1.65,0.80,0.0284,43.64,,50,Sy2
493,SWIFTJ1017.0-0404,154.292,-4.044,5.42,2MASXJ10171680-0404558,,154.3201,-4.0822,13.62,10.97,16.56,0.0,1.54,1.04,2.07,1.20,0.0408,43.72,,50,Sy2
494,SWIFTJ1020.5-0237A,155.138,-2.611,2.55,SDSSJ102103.08-023642.6,,155.2629,-2.6118,5.67,3.21,8.45,0.0,1.90,0.67,3.74,0.60,0.2940,45.19,,50,Sy2
495,SWIFTJ1020.5-0237B,155.137,-2.610,2.94,2MASXJ10195855-0234363,,154.9941,-2.5767,3.86,1.78,6.30,0.0,2.24,0.58,0.00,0.90,0.0602,43.53,,40,Sy1
496,SWIFTJ1021.7-0327,155.410,-3.455,10.07,ARK241,,155.4177,-3.4539,21.08,18.19,24.35,0.0,1.85,1.55,2.19,0.40,0.0408,43.91,,50,Sy1.9
497,SWIFTJ1023.5+1952,155.870,19.860,71.05,NGC3227,,155.8774,19.8651,112.47,110.13,115.11,0.0,2.08,2.03,2.13,4.60,0.0039,42.58,,40,Sy1.5
498,SWIFTJ1029.8-3821,157.403,-38.392,5.50,ESO317-G038,,157.4400,-38.3486,11.32,8.33,14.69,0.0,1.74,1.18,2.39,0.60,0.0152,42.77,,50,Sy2
499,SWIFTJ1031.5-4205,157.929,-42.100,8.87,ESO317-G041,,157.8463,-42.0606,12.94,10.64,15.53,0.0,2.35,1.97,2.79,1.20,0.0193,43.04,,70,UnknownAGN
500,SWIFTJ1031.5+5051,157.854,50.903,7.71,2MASXJ10311847+5053358,,157.8271,50.8933,7.85,6.54,9.53,0.0,2.85,2.25,3.68,0.90,0.3604,45.54,,80,BeamedAGN
501,SWIFTJ1031.9-1418,157.976,-14.299,17.72,2MASSiJ1031543-141651,,157.9763,-14.2809,31.47,29.31,34.29,0.0,2.18,2.00,2.38,2.60,0.0860,44.76,,40,Sy1
502,SWIFTJ1031.7-3451,157.956,-34.866,40.07,NGC3281,,157.9670,-34.8537,81.21,78.83,84.31,0.0,1.88,1.81,1.96,11.40,0.0107,43.32,,50,Sy2
503,SWIFTJ1032.7-2835,158.207,-28.534,8.54,ESO436-G034,,158.1855,-28.6101,16.55,14.15,19.67,0.0,1.93,1.56,2.35,1.10,0.0121,42.73,,50,Sy2
504,SWIFTJ1033.6+7303,158.433,73.055,8.55,CGCG333-038,,158.5981,73.0140,13.19,10.45,15.67,0.0,1.88,1.52,2.29,1.30,0.0220,43.16,,50,Sy1.9
505,SWIFTJ1033.8+5257,158.392,52.904,6.96,SDSSJ103315.71+525217.8,,158.3155,52.8716,8.58,6.25,10.71,0.0,2.27,1.81,2.85,1.70,0.0653,43.95,,70,UnknownAGN
506,SWIFTJ1037.6-5648,159.416,-56.799,20.72,4U1036-56,,159.3908,-56.7994,28.24,25.92,30.32,0.0,2.70,2.52,2.90,3.60,,,,180,HMXB
507,SWIFTJ1038.8-4942,159.692,-49.758,13.19,2MASXJ10384520-4946531,,159.6883,-49.7816,24.88,21.76,27.68,0.0,1.99,1.77,2.23,0.60,0.0600,44.33,,40,Sy1.5
508,SWIFTJ1039.8-0509,159.965,-5.159,6.22,RXJ1039.7-0507,,159.9475,-5.1162,9.77,7.17,11.55,0.0,2.50,1.89,3.34,0.80,,,,90,CV
509,SWIFTJ1040.7-4619,160.099,-46.425,11.12,2MASXJ10402231-4625264,,160.0939,-46.4238,20.92,17.95,22.98,0.0,2.01,1.74,2.31,0.90,0.0200,43.28,,50,Sy2
510,SWIFTJ1041.4-1740,160.360,-17.635,6.57,2MASXJ10410120-1734300,,160.2550,-17.5749,11.61,8.35,13.86,0.0,2.01,1.49,2.63,0.60,,,,70,UnknownAGN
511,SWIFTJ1042.4+0046,160.565,0.716,6.60,SDSSJ104208.36+004206.1,,160.5349,0.7017,10.88,8.13,12.77,0.0,2.29,1.82,2.89,0.90,0.0952,44.39,,50,Sy2
512,SWIFTJ1043.4+1105,160.844,11.082,6.98,SDSSJ104326.47+110524.2,,160.8603,11.0901,12.77,9.78,14.83,0.0,1.88,1.47,2.33,1.10,0.0476,43.83,,40,Sy1.5
513,SWIFTJ1044.1+7024,160.927,70.440,9.90,MCG+12-10-067,,161.0356,70.4054,14.80,12.62,17.00,0.0,1.90,1.60,2.22,1.90,0.0336,43.59,,50,Sy2
514,SWIFTJ1044.8-5941,161.272,-59.678,7.38,EtaCarina,,161.2650,-59.6840,7.80,6.41,9.19,0.0,3.76,2.90,5.07,1.60,,,,200,XRB
515,SWIFTJ1044.8+3812,161.185,38.146,7.86,MCG+06-24-008,,161.2040,38.1810,15.14,12.64,17.67,0.0,1.56,1.19,1.95,0.60,0.0259,43.37,,50,Sy2
516,SWIFTJ1045.3-6024,161.306,-60.411,7.56,2MASSJ10445192-6025115,,161.2163,-60.4199,14.85,12.56,17.08,0.0,1.86,1.51,2.25,1.50,,,,110,star
517,SWIFTJ1046.8+2556,161.681,25.924,13.40,UGC05881,,161.6770,25.9313,21.35,19.35,23.30,0.0,2.02,1.78,2.28,0.60,0.0205,43.31,,50,Sy2
518,SWIFTJ1048.4-2511,162.096,-25.153,9.58,NGC3393,,162.0977,-25.1621,27.35,24.26,30.33,0.0,1.44,1.15,1.72,1.20,0.0125,42.98,,50,Sy2
519,SWIFTJ1049.4+2258,162.383,22.972,19.24,Mrk417,,162.3789,22.9644,33.05,30.89,35.13,0.0,1.85,1.69,2.02,1.30,0.0328,43.91,,50,Sy2
520,SWIFTJ1051.2-1704A,162.825,-17.057,10.34,NGC3431,,162.8127,-17.0080,18.38,14.05,22.57,0.0,1.64,1.10,2.22,0.50,0.0175,43.10,,50,Sy2
521,SWIFTJ1051.2-1704B,162.940,-17.156,5.22,2MASXJ10513744-1707292,,162.9061,-17.1248,6.41,1.68,10.79,0.0,2.18,0.00,8.32,0.80,0.0183,42.68,,70,UnknownAGN
522,SWIFTJ1052.8+1043,163.156,10.637,8.06,2MASXJ10523297+1036205,,163.1370,10.6060,12.08,9.44,14.53,0.0,2.19,1.75,2.72,0.40,0.0878,44.37,,50,Sy2
523,SWIFTJ1059.8+6507,164.858,65.120,7.30,2MASXJ10594361+6504063,,164.9315,65.0684,10.85,8.45,13.09,0.0,1.91,1.50,2.37,0.80,0.0836,44.27,,50,Sy2
524,SWIFTJ1100.9+1104,165.219,11.135,4.53,Mrk728,,165.2574,11.0469,10.38,6.90,13.62,0.0,1.45,0.68,2.24,1.20,0.0356,43.48,,40,Sy1.5
525,SWIFTJ1103.4+3731,165.880,37.458,6.63,FBQSJ110340.2+372925,,165.9178,37.4904,9.86,7.09,11.40,0.0,1.96,1.51,2.49,0.40,0.0739,44.12,,50,Sy1.9
526,SWIFTJ1103.5-2329,165.868,-23.471,7.03,2MASXJ11033765-2329307,,165.9067,-23.4920,10.80,7.79,12.46,0.0,2.53,2.02,3.20,0.70,0.1860,45.02,,80,BeamedAGN
527,SWIFTJ1104.4+3812,166.103,38.214,129.26,Mrk421,,166.1138,38.2088,141.00,138.99,142.11,0.0,2.76,2.72,2.79,7.90,0.0300,44.46,,80,BeamedAGN
528,SWIFTJ1105.7+5854A,166.533,58.900,8.29,CGCG291-028,,166.4959,58.9460,7.54,2.77,10.19,0.0,2.13,0.90,4.18,0.40,0.0477,43.61,,50,Sy2
529,SWIFTJ1105.7+5854B,166.355,58.823,6.21,2MASXJ11053754+5851206,,166.4068,58.8558,6.02,1.04,10.82,0.0,1.61,0.00,0.00,0.50,0.1916,44.80,,40,Sy1.2
530,SWIFTJ1106.5+7234,166.668,72.570,74.93,NGC3516,,166.6979,72.5686,112.42,110.19,114.76,0.0,1.93,1.89,1.97,10.20,0.0088,43.29,,40,Sy1.2
531,SWIFTJ1110.6-2832,167.675,-28.528,5.25,ESO438-G009,,167.7000,-28.5011,6.80,4.71,8.72,0.0,3.03,2.25,4.20,0.90,0.0240,42.95,,50,Sy1.9
532,SWIFTJ1113.6+0936,168.452,9.548,6.30,IC2637,,168.4570,9.5860,12.40,9.56,15.33,0.0,1.76,1.25,2.32,0.50,0.0292,43.38,,40,Sy1.5
533,SWIFTJ1114.3+2020,168.529,20.389,5.76,NGC3588NED01,,168.5103,20.3873,10.45,7.82,12.34,0.0,1.84,1.35,2.37,1.40,0.0262,43.21,,50,Sy2
534,SWIFTJ1114.3+7944,168.512,79.721,6.26,MCG+13-08-056,,168.6830,79.7266,15.50,12.46,17.68,0.0,1.15,0.64,1.63,0.50,,,,50,Sy2
535,SWIFTJ1115.3+5423,168.832,54.381,6.22,MCG+09-19-015NED02,,168.8333,54.3880,9.82,7.62,11.40,0.0,1.91,1.46,2.43,0.50,0.0703,44.07,,50,Sy2
536,SWIFTJ1118.5-5440,169.613,-54.637,9.74,2MASSJ11182121-5437286,,169.5884,-54.6246,18.08,15.33,20.04,0.0,2.01,1.66,2.41,0.90,,,,190,LMXB
537,SWIFTJ1119.5+5132,169.887,51.607,3.93,SBS1116+518,,169.9084,51.5543,5.90,4.12,7.83,0.0,1.83,1.09,2.73,0.70,0.1070,44.24,,40,Sy1
538,SWIFTJ1120.8-4316,170.240,-43.226,8.99,ESO265-G023,,170.2000,-43.2640,14.98,12.88,17.09,0.0,2.21,1.78,2.73,1.00,0.0560,44.05,,50,Sy1.9
539,SWIFTJ1121.0-6154,170.202,-61.919,57.58,1A1118-61,,170.2384,-61.9167,91.29,89.54,93.06,0.0,2.48,2.42,2.54,26.80,,,,180,HMXB
540,SWIFTJ1120.9-6037,170.313,-60.623,912.70,CenX-3,,170.3158,-60.6230,1044.71,1043.68,1045.75,0.0,4.14,4.13,4.15,1428.60,,,,180,HMXB
541,SWIFTJ1124.6-5917,171.123,-59.307,5.32,PSRJ1124-5916,,171.1633,-59.2719,8.28,6.45,10.90,0.0,2.47,1.82,3.36,0.50,,,,150,Pulsar
542,SWIFTJ1125.6+5423,171.369,54.377,12.17,ARP151,,171.4007,54.3825,20.13,18.27,22.72,0.0,1.79,1.55,2.05,0.40,0.0211,43.31,,40,Sy1.2
543,SWIFTJ1126.7+3514,171.725,35.253,6.42,Mrk423,,171.7021,35.2509,10.62,8.68,13.35,0.0,1.86,1.37,2.42,1.10,0.0323,43.41,,50,Sy2
544,SWIFTJ1127.5+1906,171.808,19.086,11.12,2MASXJ11271632+1909198,,171.8178,19.1556,20.85,18.58,24.01,0.0,1.73,1.45,2.02,0.50,0.1055,44.77,,50,Sy1.9
545,SWIFTJ1130.1-1447,172.532,-14.797,13.62,PKS1127-14,,172.5294,-14.8243,28.74,24.82,30.87,0.0,1.88,1.64,2.14,0.40,1.1840,47.36,,80,BeamedAGN
546,SWIFTJ1131.0-6256,172.781,-62.951,13.58,HD100199,,172.7788,-62.9469,20.06,17.56,21.41,0.0,2.69,2.43,2.99,1.30,,,,180,HMXB
547,SWIFTJ1131.9-1233,172.952,-12.542,6.38,2MASXJ11315154-1231587,,172.9647,-12.5329,13.27,9.47,15.32,0.0,1.95,1.39,2.61,1.00,0.6540,46.39,,70,UnknownAGN
548,SWIFTJ1132.7+5301,173.216,53.016,9.32,NGC3718,,173.1452,53.0679,12.24,10.59,14.67,0.0,2.07,1.74,2.45,1.40,0.0033,41.47,,50,Sy1.9
549,SWIFTJ1132.9+1019A,173.186,10.240,8.47,IC2921,,173.2053,10.2965,17.59,13.34,23.80,0.0,1.99,1.34,2.86,1.60,0.0437,43.90,,40,Sy1.2
550,SWIFTJ1132.9+1019B,173.225,10.296,11.10,[HB89]1130+106,,173.2479,10.3951,3.23,0.00,10.90,0.0,1.31,0.00,0.00,1.00,0.5398,45.57,,40,Sy1
551,SWIFTJ1136.7+6738,174.104,67.645,10.19,2MASXJ11363009+6737042,,174.1253,67.6179,12.73,11.20,14.97,0.0,2.33,2.00,2.72,0.60,0.1342,44.78,,80,BeamedAGN
552,SWIFTJ1136.0+2132,174.106,21.576,10.08,Mrk739E,,174.1220,21.5960,12.91,11.31,15.25,0.0,2.54,2.19,2.96,1.40,0.0299,43.42,,40,Sy1
553,SWIFTJ1136.7-6007,174.162,-60.095,8.39,2MASXJ11364205-6003070,,174.1752,-60.0519,16.45,14.21,19.46,0.0,1.98,1.64,2.35,1.10,0.0140,42.86,,50,Sy2
554,SWIFTJ1138.9+2529A,174.676,25.481,5.88,2MASXJ11383367+2523532,,174.6405,25.3981,5.95,3.90,8.72,0.0,2.12,1.23,3.47,0.80,0.0254,42.94,,50,Sy2
555,SWIFTJ1138.9+2529B,174.881,25.584,3.53,SDSSJ113915.13+253557.9,,174.8131,25.5994,9.01,6.76,12.03,0.0,1.91,1.26,2.76,1.00,0.2195,45.11,,50,Sy2
556,SWIFTJ1139.1+5913,174.804,59.200,15.25,SBS1136+594,,174.7870,59.1990,23.26,21.46,25.27,0.0,1.93,1.72,2.14,0.80,0.0601,44.30,,40,Sy1.5
557,SWIFTJ1139.0-2323,174.701,-23.349,7.85,HE1136-2304,,174.7129,-23.3600,15.31,12.73,18.20,0.0,2.08,1.69,2.52,1.20,0.0270,43.41,,50,Sy1.9
558,SWIFTJ1139.0-3743,174.756,-37.744,84.85,NGC3783,,174.7572,-37.7386,173.84,171.30,176.67,0.0,2.00,1.96,2.04,2.30,0.0097,43.56,,40,Sy1.2
559,SWIFTJ1139.5-6526,174.888,-65.376,6.67,GTMus,,174.8733,-65.3978,7.16,6.06,8.35,0.0,4.55,3.61,6.04,0.80,,,,200,XRB
560,SWIFTJ1139.8+3157,174.935,31.961,8.73,NGC3786,,174.9270,31.9090,14.63,11.73,17.04,0.0,1.73,1.37,2.10,0.40,0.0089,42.41,,50,Sy1.9
561,SWIFTJ1141.3+2156,175.296,21.916,11.75,PG1138+222,,175.3173,21.9394,21.71,18.63,24.23,0.0,1.74,1.49,2.01,1.00,0.0632,44.32,,40,Sy1.5
562,SWIFTJ1142.2+1021,175.561,10.333,10.35,NGC3822,,175.5463,10.2778,18.11,14.97,20.69,0.0,1.87,1.54,2.22,0.80,0.0209,43.25,,50,Sy2
563,SWIFTJ1142.7+7149,175.861,71.689,17.84,DODra,,175.9098,71.6890,17.56,15.94,18.90,0.0,3.10,2.85,3.39,1.00,,,,90,CV
564,SWIFTJ1144.0-6105,176.007,-61.120,30.83,IGRJ11435-6109,,175.9667,-61.1500,47.90,45.55,50.13,0.0,2.49,2.38,2.61,2.00,,,,180,HMXB
565,SWIFTJ1144.1+3652,176.144,36.871,8.01,KUG1141+371,,176.1240,36.8860,14.96,12.32,17.48,0.0,1.65,1.30,2.02,0.50,0.0381,43.70,,40,Sy1.2
566,SWIFTJ1143.7+7942,176.190,79.682,18.96,UGC06728,,176.3168,79.6815,26.85,24.58,29.02,0.0,2.09,1.92,2.27,2.30,0.0065,42.40,,40,Sy1.2
567,SWIFTJ1145.6-1819,176.419,-18.455,23.49,2MASXJ11454045-1827149,,176.4186,-18.4543,48.28,45.07,51.33,0.0,2.04,1.91,2.19,1.20,0.0329,44.08,,40,Sy1.2
568,SWIFTJ1145.2+5905,176.425,58.962,9.85,MCG+10-17-061,,176.3881,58.9781,14.69,12.31,16.87,0.0,1.98,1.69,2.29,1.70,0.0099,42.51,,50,Sy2
569,SWIFTJ1145.6-6956,176.524,-69.903,7.16,PKS1143-696,,176.4734,-69.9005,15.40,12.14,18.39,0.0,1.69,1.29,2.13,0.30,0.2440,45.44,,80,BeamedAGN
570,SWIFTJ1147.2-6156A,176.873,-61.928,154.62,1E1145.1-6141,,176.8692,-61.9539,326.76,324.19,329.13,0.0,2.70,2.68,2.72,53.70,,,,180,HMXB
571,SWIFTJ1147.2-6156B,176.878,-62.016,77.16,4U1145-61,,177.0001,-62.2069,12.54,9.55,15.27,0.0,2.28,1.82,2.85,0.20,,,,180,HMXB
572,SWIFTJ1148.3+0901,177.056,9.003,7.09,2MASXJ11475508+0902284,,176.9795,9.0413,10.40,8.54,13.18,0.0,2.20,1.74,2.77,2.80,0.0688,44.08,,40,Sy1.5
573,SWIFTJ1148.7+2941,177.200,29.651,13.85,MCG+05-28-032,,177.1915,29.6412,23.95,21.98,26.90,0.0,1.70,1.47,1.94,1.20,0.0230,43.46,,60,LINER
574,SWIFTJ1149.3-0414,177.289,-4.246,6.66,2MASXJ11491868-0416512,,177.3278,-4.2808,12.49,10.24,15.87,0.0,1.97,1.47,2.59,0.30,0.0845,44.35,,40,Sy1
575,SWIFTJ1149.3+5307,177.343,53.286,6.36,SDSSJ114921.52+532013.4,,177.3397,53.3371,7.01,5.76,8.91,0.0,2.55,1.99,3.33,1.20,0.0951,44.20,,40,Sy1.5
576,SWIFTJ1152.1-1122,178.057,-11.341,8.75,PG1149-110,,178.0148,-11.3734,16.89,14.54,20.12,0.0,1.99,1.58,2.46,0.50,0.0490,43.98,,40,Sy1.2
577,SWIFTJ1152.6-0512,178.172,-5.175,6.11,MCG-01-30-041,,178.1590,-5.2070,15.74,13.04,19.45,0.0,1.50,1.08,1.93,1.70,0.0188,43.10,,40,Sy1.8
578,SWIFTJ1153.6+4931,178.344,49.500,8.18,4C+49.22,,178.3519,49.5191,12.78,11.05,15.17,0.0,1.83,1.46,2.25,0.70,0.3340,45.67,,80,BeamedAGN
579,SWIFTJ1157.8+5529,179.463,55.443,9.37,NGC3998,,179.4839,55.4536,13.23,11.65,15.42,0.0,2.02,1.64,2.46,0.80,0.0035,41.55,,50,Sy1.9
580,SWIFTJ1158.9+4234,179.743,42.587,7.89,IC0751,,179.7191,42.5703,13.85,11.66,15.82,0.0,1.70,1.33,2.10,0.50,0.0312,43.49,,50,Sy2
581,SWIFTJ1159.7-2002,179.957,-20.058,5.30,2MASSiJ1159410-195924,,179.9208,-19.9900,12.22,9.12,15.02,0.0,1.76,1.23,2.35,0.80,0.4500,45.96,,70,UnknownAGN
582,SWIFTJ1200.8+0650,180.221,6.811,11.10,2MASXJ12005792+0648226,,180.2413,6.8064,21.56,18.95,23.89,0.0,1.81,1.55,2.09,1.30,0.0360,43.81,,50,Sy2
583,SWIFTJ1201.2-0341,180.274,-3.709,6.17,Mrk1310,,180.3098,-3.6781,11.17,8.48,13.58,0.0,1.99,1.52,2.54,1.50,0.0194,42.98,,40,Sy1.5
584,SWIFTJ1200.2-5350,180.674,-53.837,26.52,LEDA38038,,180.6985,-53.8355,49.46,47.02,51.45,0.0,2.12,2.00,2.24,3.10,0.0280,43.95,,50,Sy2
585,SWIFTJ1203.0+4433,180.781,44.522,31.97,NGC4051,,180.7901,44.5313,42.49,40.76,43.90,0.0,2.22,2.12,2.32,3.00,0.0023,41.69,,40,Sy1.5
586,SWIFTJ1204.5+2019,181.113,20.300,15.02,ARK347,,181.1237,20.3162,29.18,26.77,31.15,0.0,1.70,1.50,1.90,2.80,0.0224,43.52,,50,Sy2
587,SWIFTJ1204.8+2758,181.151,27.912,7.06,GQCom,,181.1754,27.9033,10.22,8.25,11.84,0.0,2.11,1.68,2.61,1.30,0.1653,44.89,,40,Sy1.5
588,SWIFTJ1204.9+3105,181.233,31.136,7.87,UGC07064,,181.1806,31.1773,13.48,11.13,15.62,0.0,1.69,1.30,2.11,0.50,0.0250,43.28,,50,Sy1.9
589,SWIFTJ1205.8+4959,181.347,49.926,5.95,2MASXJ12055599+4959561,,181.4834,49.9990,11.13,8.67,13.37,0.0,1.35,0.86,1.84,1.60,0.0631,44.03,,40,Sy1.5
590,SWIFTJ1206.2+5243,181.591,52.713,19.91,NGC4102,,181.5963,52.7109,32.05,29.90,33.99,0.0,1.74,1.59,1.90,0.60,0.0028,41.74,,50,Sy2
591,SWIFTJ1207.5+3355,181.896,33.832,7.01,B21204+34,,181.8870,33.8780,15.45,12.84,17.81,0.0,1.36,0.98,1.73,1.30,0.0791,44.38,,50,Sy2
592,SWIFTJ1209.5+4702,182.302,47.042,15.64,Mrk198,,182.3088,47.0583,23.91,21.50,26.26,0.0,1.92,1.73,2.12,0.50,0.0242,43.50,,50,Sy2
593,SWIFTJ1209.4+4340,182.348,43.697,15.35,NGC4138,,182.3741,43.6853,24.35,21.84,26.80,0.0,1.86,1.67,2.06,0.40,0.0030,41.68,,50,Sy2
594,SWIFTJ1210.1-4637,182.573,-46.571,4.83,2MASXJ12100404-4636274,,182.5168,-46.6076,17.30,12.80,21.66,0.0,1.05,0.00,1.62,0.60,0.0315,43.60,,50,Sy1.9
595,SWIFTJ1210.5+3924,182.638,39.405,404.36,NGC4151,,182.6357,39.4057,618.88,616.37,621.32,0.0,1.88,1.87,1.89,92.40,0.0033,43.17,,40,Sy1.5
596,SWIFTJ1210.7+3819,182.673,38.317,14.83,KUG1208+386,,182.6840,38.3360,20.09,18.43,21.81,0.0,2.11,1.89,2.34,1.20,0.0228,43.38,,40,Sy1.2
597,SWIFTJ1211.3-3935,182.831,-39.562,7.53,2MASXJ12111425-3933268,,182.8095,-39.5574,18.81,16.10,21.60,0.0,1.67,1.26,2.11,1.20,0.0611,44.23,,50,Sy2
598,SWIFTJ1212.3-5806,183.152,-58.042,8.55,IGRJ12123-5802,,183.0950,-58.0217,13.35,11.48,15.27,0.0,2.53,2.14,3.01,0.90,,,,90,CV
599,SWIFTJ1212.9+0702,183.218,7.026,5.22,NGC4180,,183.2620,7.0380,17.58,14.51,20.73,0.0,0.96,0.00,1.47,0.60,0.0070,42.28,,50,Sy2
600,SWIFTJ1213.1+3239A,183.235,32.553,5.17,CGCG187-022,,183.2888,32.5964,7.82,5.36,9.43,0.0,1.96,1.31,2.74,1.10,0.0249,43.04,,50,Sy2
601,SWIFTJ1213.1+3239B,183.261,32.813,4.47,B21210+33,,183.2659,32.7936,7.48,4.71,9.30,0.0,1.64,0.80,2.68,1.10,2.5108,47.58,,80,BeamedAGN
602,SWIFTJ1213.2-6458,183.279,-64.872,19.18,SWIFTJ121314.7-645231,,183.3208,-64.8800,21.09,20.01,21.79,0.0,4.57,4.19,5.01,0.90,,,,180,HMXB
603,SWIFTJ1213.2-6020,183.323,-60.264,8.33,1RXSJ121324.5-601458,,183.3479,-60.2547,11.33,9.63,12.45,0.0,2.97,2.51,3.58,0.70,,,,80,BeamedAGN
604,SWIFTJ1213.9-0531,183.428,-5.507,6.40,2MASXJ12135456-0530193,,183.4774,-5.5054,12.01,9.22,14.54,0.0,1.97,1.48,2.56,0.60,0.0660,44.10,,40,Sy1
605,SWIFTJ1214.3+2933,183.563,29.534,11.21,Was49b,,183.5749,29.5304,18.77,16.55,20.78,0.0,1.86,1.59,2.15,0.30,0.0632,44.26,,50,Sy2
606,SWIFTJ1217.2-2611,184.245,-26.178,7.63,ESO505-IG030,,184.2380,-26.2093,17.40,14.19,20.31,0.0,1.79,1.41,2.20,1.00,0.0397,43.81,,50,Sy2
607,SWIFTJ1217.3+0714,184.292,7.189,20.95,NGC4235,,184.2912,7.1916,38.62,35.62,40.90,0.0,1.91,1.75,2.07,0.80,0.0080,42.74,,40,Sy1.2
608,SWIFTJ1218.5+2952,184.605,29.840,18.88,Mrk766,,184.6105,29.8129,26.17,23.97,27.85,0.0,2.26,2.10,2.44,3.40,0.0129,42.99,,40,Sy1.5
609,SWIFTJ1219.4+4720,184.750,47.291,14.44,M106,,184.7396,47.3040,23.00,20.60,24.83,0.0,1.83,1.62,2.04,0.60,0.0015,41.06,,50,Sy1.9
610,SWIFTJ1221.3+3012,185.343,30.160,10.04,FBQSJ1221+3010,,185.3414,30.1770,10.62,8.94,11.91,0.0,2.94,2.46,3.57,0.40,0.1836,45.00,,80,BeamedAGN
611,SWIFTJ1222.4+7520,185.491,75.315,13.42,Mrk205,,185.4333,75.3107,17.17,15.05,19.14,0.0,2.33,2.07,2.61,0.40,0.0708,44.32,,40,Sy1
612,SWIFTJ1222.4+0414,185.584,4.219,14.37,4C+04.42,,185.5940,4.2211,36.22,32.66,39.52,0.0,1.45,1.25,1.66,0.30,0.9650,47.24,,80,BeamedAGN
613,SWIFTJ1223.7+0238,185.855,2.682,12.04,Mrk50,,185.8506,2.6791,21.60,18.68,24.32,0.0,2.02,1.74,2.33,1.10,0.0234,43.43,,40,Sy1
614,SWIFTJ1224.9+2122,186.221,21.401,12.60,PG1222+216,,186.2269,21.3796,24.50,21.63,27.16,0.0,1.70,1.45,1.96,1.80,0.4320,46.22,,80,BeamedAGN
615,SWIFTJ1225.8+1240,186.447,12.667,147.60,NGC4388,,186.4448,12.6621,278.91,275.44,281.31,0.0,1.77,1.75,1.79,5.80,0.0084,43.64,,50,Sy2
616,SWIFTJ1202.5+3332,186.447,33.528,17.57,NGC4395,,186.4538,33.5468,27.53,24.77,29.44,0.0,1.98,1.80,2.16,1.40,0.0011,40.86,,50,Sy2
617,SWIFTJ1226.6-6244,186.657,-62.770,2157.80,GX301-2,,186.6567,-62.7706,2834.56,2832.44,2836.03,0.0,3.27,3.27,3.27,55761.50,,,,190,LMXB
618,SWIFTJ1227.8-4856,187.016,-48.891,16.29,1RXSJ122758.8-485343,,186.9954,-48.8956,36.82,33.06,39.43,0.0,1.85,1.67,2.04,0.40,,,,90,CV
619,SWIFTJ1229.1+0202,187.276,2.047,197.62,3C273,,187.2779,2.0524,421.57,418.49,424.66,0.0,1.75,1.73,1.77,0.70,0.1583,46.46,,80,BeamedAGN
620,SWIFTJ1231.0-4231,187.732,-42.590,5.34,1RXSJ123113.2-423524,,187.7996,-42.5887,8.41,5.88,10.95,0.0,2.53,1.86,3.47,0.30,,,,12,U2
621,SWIFTJ1231.4+5758,187.820,57.977,5.05,NGC4500,,187.8423,57.9646,5.39,3.77,7.00,0.0,2.69,1.99,3.71,0.50,0.0104,42.11,,50,Sy2
622,SWIFTJ1232.0-4802,187.993,-47.957,7.18,2MASXJ12313717-4758019,,187.9042,-47.9672,15.95,12.84,19.07,0.0,1.84,1.42,2.30,0.50,0.0278,43.45,,50,Sy1.9
623,SWIFTJ1232.1+2009,188.026,20.133,7.15,Mrk771,,188.0150,20.1581,12.22,10.07,14.38,0.0,1.89,1.47,2.37,0.50,0.0630,44.07,,40,Sy1.2
624,SWIFTJ1232.0-4219,188.034,-42.281,6.54,1RXSJ123212.3-421745,,188.0503,-42.2980,14.08,11.35,16.80,0.0,1.90,1.46,2.40,0.60,0.0980,44.53,,40,Sy1.5
625,SWIFTJ1234.7-6433,188.717,-64.570,58.47,RTCru,,188.7239,-64.5656,94.22,92.31,96.14,0.0,2.48,2.42,2.54,9.60,,,,100,Symbioticstar
626,SWIFTJ1235.6-3954,188.896,-39.915,83.34,NGC4507,,188.9026,-39.9093,184.54,181.83,187.26,0.0,1.88,1.84,1.92,14.10,0.0118,43.76,,50,Sy1.9
627,SWIFTJ1238.1-3842,189.537,-38.651,6.97,V1025Cen,,189.5685,-38.7128,9.10,7.60,10.93,0.0,3.36,2.71,4.27,1.00,,,,90,CV
628,SWIFTJ1238.6+0928,189.639,9.478,6.18,VCC1759,,189.5933,9.5283,12.11,9.70,15.13,0.0,1.73,1.26,2.26,1.50,0.0321,43.46,,50,Sy2
629,SWIFTJ1238.9-2720,189.722,-27.294,34.89,ESO506-G027,,189.7275,-27.3078,90.68,87.60,94.55,0.0,1.59,1.51,1.67,5.20,0.0250,44.11,,50,Sy2
630,SWIFTJ1239.3-1611,189.785,-16.179,12.53,LEDA170194,,189.7762,-16.1797,35.33,32.20,39.27,0.0,1.51,1.28,1.74,1.00,0.0367,44.04,,50,Sy2
631,SWIFTJ1239.6-0519,189.912,-5.341,39.65,NGC4593,,189.9143,-5.3443,88.30,85.65,91.11,0.0,1.84,1.77,1.92,2.00,0.0090,43.20,,40,Sy1
632,SWIFTJ1240.2+3457A,190.041,34.990,5.00,Mrk653,,189.9653,34.9749,7.78,5.97,9.70,0.0,2.03,1.45,2.74,0.30,0.0431,43.53,,50,Sy2
633,SWIFTJ1240.2+3457B,190.367,34.972,3.40,NGC4619,,190.4356,35.0628,4.63,2.81,6.44,0.0,2.17,1.26,3.66,0.70,0.0231,42.75,,50,Sy1.9
634,SWIFTJ1240.9-3331,190.188,-33.572,8.30,ESO381-G007,,190.1956,-33.5700,21.11,18.15,24.24,0.0,1.66,1.30,2.05,0.20,0.0550,44.18,,50,Sy1.9
635,SWIFTJ1240.9+2735,190.229,27.612,6.89,KUG1238+278A,,190.1934,27.5650,8.55,6.86,10.46,0.0,2.44,1.88,3.20,1.10,0.0565,43.81,,50,Sy1.9
636,SWIFTJ1241.6-5748,190.355,-57.837,20.34,WKK1263,,190.3570,-57.8340,44.90,42.36,47.78,0.0,1.85,1.71,1.99,1.10,0.0244,43.78,,40,Sy1.5
637,SWIFTJ1243.3-6305,190.867,-63.102,11.13,1H1249-637,,190.7090,-63.0580,13.59,12.05,15.35,0.0,3.14,2.77,3.59,3.20,,,,180,HMXB
638,SWIFTJ1246.6+5435,191.663,54.526,15.11,NGC4686,,191.6661,54.5342,25.52,23.53,27.78,0.0,1.68,1.49,1.88,1.00,0.0167,43.20,,50,Sy2
639,SWIFTJ1248.2-5828,192.075,-58.489,6.91,2MASXJ12475784-5829599,,191.9910,-58.5001,15.11,11.93,18.15,0.0,1.81,1.37,2.27,1.00,0.0280,43.43,,50,Sy2
640,SWIFTJ1249.3-5907,192.409,-59.086,41.64,4U1246-58,,192.4140,-59.0874,67.48,65.02,69.81,0.0,2.51,2.42,2.60,1.10,,,,190,LMXB
641,SWIFTJ1252.3-1323,193.029,-13.369,4.73,NGC4748,,193.0519,-13.4147,9.35,6.11,12.46,0.0,2.06,1.39,2.95,0.60,0.0146,42.65,,40,Sy1.5
642,SWIFTJ1252.3-2916,193.088,-29.248,20.24,EXHya,,193.1017,-29.2491,26.26,24.43,28.01,0.0,3.59,3.32,3.89,0.60,,,,90,CV
643,SWIFTJ1253.5-4137,193.353,-41.646,6.37,ESO323-32,,193.3350,-41.6370,15.13,11.48,18.33,0.0,1.75,1.25,2.28,0.40,0.0160,42.94,,50,Sy2
644,SWIFTJ1255.0-2657,193.796,-26.950,6.60,6dFJ1254564-265702,,193.7348,-26.9505,15.84,12.03,19.20,0.0,1.74,1.30,2.21,1.00,0.0591,44.12,,40,Sy1.2
645,SWIFTJ1256.2-0551,194.053,-5.799,12.29,3C279,,194.0465,-5.7893,38.82,34.66,42.49,0.0,1.32,1.09,1.54,1.20,0.5362,46.64,,80,BeamedAGN
646,SWIFTJ1257.4-6915,194.427,-69.292,59.55,4U1254-690,,194.4048,-69.2886,63.10,61.91,64.14,0.0,5.21,5.07,5.36,2.80,,,,190,LMXB
647,SWIFTJ1259.7+2755,194.909,27.946,54.00,ComaCluster,,194.9531,27.9807,47.46,46.23,48.65,0.0,3.97,3.85,4.09,4.20,,,,30,GalaxyCluster
648,SWIFTJ1300.1+1635,195.031,16.576,6.10,2MASXJ13000533+1632151,,195.0223,16.5374,11.44,8.42,14.34,0.0,1.82,1.27,2.44,0.60,0.0800,44.26,,50,Sy2
649,SWIFTJ1301.2-6139,195.319,-61.602,364.87,GX304-1,,195.3217,-61.6019,529.05,526.79,531.21,0.0,2.87,2.86,2.88,767.90,,,,180,HMXB
650,SWIFTJ1302.0-6358,195.518,-64.004,19.59,2RXPJ130159.6-635806,,195.4936,-63.9683,37.76,34.85,40.53,0.0,2.77,2.58,2.98,0.60,,,,150,Pulsar
651,SWIFTJ1302.9+1620,195.744,16.372,10.76,Mrk783,,195.7450,16.4080,16.79,14.53,19.91,0.0,2.17,1.86,2.53,0.40,0.0672,44.26,,40,Sy1.5
652,SWIFTJ1303.8+5345,196.010,53.787,21.11,SBS1301+540,,195.9978,53.7917,30.86,28.83,33.65,0.0,1.94,1.80,2.08,2.70,0.0299,43.80,,40,Sy1.5
653,SWIFTJ1304.3-0532,196.085,-5.526,8.00,NGC4941,,196.0547,-5.5516,20.16,16.92,24.62,0.0,1.64,1.30,1.99,0.80,0.0037,41.78,,50,Sy2
654,SWIFTJ1304.3-1022,196.072,-10.355,11.10,NGC4939,,196.0600,-10.3396,26.54,23.24,31.07,0.0,1.75,1.48,2.04,0.50,0.0104,42.81,,50,Sy2
655,SWIFTJ1305.4-4928,196.365,-49.470,102.48,NGC4945,,196.3645,-49.4682,282.11,279.13,285.90,0.0,1.50,1.48,1.53,76.60,0.0019,42.35,,50,Sy2
656,SWIFTJ1305.4-1034,196.384,-10.567,5.40,PKS1302-102,,196.3876,-10.5554,13.72,10.73,17.52,0.0,1.70,1.12,2.37,0.60,0.2784,45.52,,80,BeamedAGN
657,SWIFTJ1306.4-4025A,196.652,-40.416,21.05,ESO323-077,,196.6089,-40.4146,30.85,27.05,35.69,0.0,2.19,1.90,2.51,1.60,0.0150,43.19,,40,Sy1.5
658,SWIFTJ1306.4-4025B,196.854,-40.502,2.77,ESO323-G081,,196.8004,-40.4076,19.10,14.67,24.76,0.0,1.78,1.17,2.45,0.40,,,,30,GalaxyCluster
659,SWIFTJ1309.2+1139,197.282,11.636,27.04,NGC4992,,197.2733,11.6341,54.42,51.96,57.10,0.0,1.72,1.61,1.83,2.10,0.0251,43.89,,50,Sy2
660,SWIFTJ1310.9-5553,197.714,-55.912,9.73,IGRJ13109-5552,,197.6830,-55.8630,24.71,21.90,27.76,0.0,1.56,1.26,1.87,0.60,0.1040,44.83,,40,Sy1
661,SWIFTJ1312.1-5631,197.730,-56.431,7.30,2MASXJ13103701-5626551,,197.6543,-56.4485,13.52,11.25,15.97,0.0,2.16,1.70,2.70,0.40,,,,80,BeamedAGN
662,SWIFTJ1310.7+0834,197.672,8.574,7.25,2MASXJ13105723+0837387,,197.7385,8.6273,11.57,9.34,14.00,0.0,2.03,1.56,2.59,0.80,0.0527,43.88,,50,Sy2
663,SWIFTJ1313.1-1108,198.305,-11.123,7.00,IISZ010,,198.2741,-11.1284,12.48,9.31,14.87,0.0,2.41,1.96,2.95,1.00,0.0340,43.52,,40,Sy1.5
664,SWIFTJ1313.6+3650A,198.438,36.824,6.10,RXJ1313.8+3653,,198.4540,36.8994,6.12,3.80,7.83,0.0,2.44,1.72,3.51,0.10,0.0668,43.82,,40,Sy1.5
665,SWIFTJ1313.6+3650B,198.329,36.559,2.03,NGC5033,,198.3650,36.5930,6.26,3.07,8.64,0.0,1.63,0.50,3.21,1.20,0.0029,41.06,,50,Sy1.9
666,SWIFTJ1315.8+4420,198.834,44.398,13.64,UGC08327NED02,,198.8220,44.4071,16.21,14.07,17.82,0.0,2.44,2.21,2.70,3.10,0.0366,43.70,,50,Sy2
667,SWIFTJ1316.9-7155,199.272,-71.907,10.03,2MASXJ13165424-7155270,,199.2262,-71.9242,17.94,16.10,20.43,0.0,2.08,1.76,2.43,0.80,0.0705,44.34,,40,Sy1.5
668,SWIFTJ1318.6-6259,199.593,-62.987,9.59,IGRJ13186-6257,,199.6067,-62.9708,16.69,14.92,19.09,0.0,2.36,2.04,2.72,1.60,,,,180,HMXB
669,SWIFTJ1321.2+0859,200.278,8.985,9.21,NGC5100NED02,,200.2483,8.9783,18.29,16.17,21.15,0.0,1.76,1.44,2.09,1.40,0.0319,43.63,,50,Sy2
670,SWIFTJ1322.2-1641,200.611,-16.739,15.48,MCG-03-34-064,,200.6019,-16.7286,30.98,28.83,33.88,0.0,2.20,2.00,2.41,3.40,0.0165,43.28,,50,Sy1.9
671,SWIFTJ1325.4-4301,201.365,-43.019,604.78,CenA,,201.3651,-43.0191,1346.34,1343.29,1350.03,0.0,1.88,1.88,1.89,2.20,0.0018,42.98,,80,BeamedAGN
672,SWIFTJ1326.9-6207,201.637,-62.137,134.23,4U1323-619,,201.6504,-62.1361,226.67,224.38,229.43,0.0,2.43,2.40,2.45,22.30,,,,190,LMXB
673,SWIFTJ1328.1-2722,202.073,-27.313,4.82,ABELL1736,,202.0836,-27.2986,10.54,7.43,14.25,0.0,1.97,1.42,2.65,1.70,,,,30,GalaxyCluster
674,SWIFTJ1331.2-2524,202.761,-25.433,4.31,ESO509-G038,,202.8079,-25.4028,10.37,6.91,14.51,0.0,1.66,0.00,3.40,2.50,0.0260,43.20,,50,Sy1.9
675,SWIFTJ1331.6-0504,202.989,-5.153,5.83,PKS1329-049,,203.0186,-5.1620,15.50,12.04,18.83,0.0,1.51,1.05,1.99,1.00,2.1500,47.73,,80,BeamedAGN
676,SWIFTJ1332.0-7754,202.954,-77.876,7.82,ESO021-G004,,203.1692,-77.8446,15.68,12.97,18.27,0.0,1.74,1.28,2.25,1.60,0.0098,42.53,,70,UnknownAGN
677,SWIFTJ1333.5-3401,203.375,-34.025,10.65,ESO383-18,,203.3600,-34.0160,18.21,15.79,20.54,0.0,2.59,2.26,2.96,1.10,0.0130,42.84,,50,Sy2
678,SWIFTJ1334.8-2328,203.659,-23.426,7.22,ESO509-IG066,,203.6652,-23.4465,16.76,13.53,19.86,0.0,1.87,1.46,2.33,1.60,0.0343,43.66,,50,Sy1.9
679,SWIFTJ1336.0+0304,203.971,3.009,6.18,NGC5231,,203.9510,2.9990,10.01,7.70,12.23,0.0,2.40,1.78,3.23,0.30,0.0218,43.03,,50,Sy2
680,SWIFTJ1335.8-3416,203.973,-34.294,33.31,MCG-06-30-015,,203.9741,-34.2956,59.53,57.22,61.91,0.0,2.47,2.36,2.58,2.80,0.0077,42.89,,50,Sy1.9
681,SWIFTJ1337.7-1253,204.411,-12.948,6.67,[HB89]1334-127,,204.4158,-12.9569,13.21,10.55,15.96,0.0,2.19,1.71,2.77,0.60,0.5390,46.18,,80,BeamedAGN
682,SWIFTJ1338.2+0433,204.571,4.543,49.53,NGC5252,,204.5665,4.5426,103.15,100.63,105.77,0.0,1.87,1.81,1.93,0.60,0.0230,44.09,,50,Sy2
683,SWIFTJ1341.2-1439,205.306,-14.639,11.41,2MASXJ13411287-1438407,,205.3038,-14.6446,25.17,22.34,28.09,0.0,2.03,1.78,2.30,3.10,0.0418,44.01,,40,Sy1.2
684,SWIFTJ1341.5+6742,205.299,67.691,4.57,NGC5283,,205.2740,67.6723,7.43,5.24,9.62,0.0,1.81,1.20,2.54,0.20,0.0104,42.25,,50,Sy2
685,SWIFTJ1341.2+3023,205.304,30.367,11.88,Mrk268,,205.2964,30.3781,18.59,16.51,20.67,0.0,2.07,1.83,2.33,1.50,0.0399,43.84,,50,Sy1.9
686,SWIFTJ1341.9+3537,205.471,35.658,8.03,NGC5273,,205.5347,35.6542,15.95,13.54,18.37,0.0,1.52,1.18,1.87,0.50,0.0035,41.63,,40,Sy1.5
687,SWIFTJ1344.7+1934,206.102,19.534,7.49,CGCG102-048,,206.0653,19.5667,18.28,15.44,21.10,0.0,1.41,1.00,1.82,1.60,0.0269,43.48,,50,Sy2
688,SWIFTJ1345.5+4139,206.334,41.687,9.00,NGC5290,,206.3299,41.7126,14.87,12.38,17.14,0.0,1.88,1.56,2.23,0.70,0.0086,42.39,,50,Sy2
689,SWIFTJ1346.4+1924,206.587,19.379,8.03,2MASXJ13462846+1922432,,206.6184,19.3787,11.86,9.51,13.99,0.0,2.41,1.99,2.93,1.10,0.0840,44.32,,40,Sy1
690,SWIFTJ1347.1+7325,206.616,73.370,7.59,2MASSiJ1346085+732053,,206.5351,73.3480,10.34,8.04,12.40,0.0,2.18,1.75,2.70,0.40,0.2900,45.44,,40,Sy1
691,SWIFTJ1347.5-3254,206.841,-32.885,10.96,ABELL3571,,206.8706,-32.8658,13.89,12.37,15.21,0.0,4.82,4.19,5.61,1.50,,,,30,GalaxyCluster
692,SWIFTJ1347.4-6033,206.884,-60.598,54.43,4U1344-60,,206.9000,-60.6178,111.79,108.85,114.34,0.0,2.00,1.94,2.05,3.00,0.0129,43.62,,50,Sy1.9
693,SWIFTJ1347.7+0212,206.939,2.243,5.32,LBQS1344+0233,,206.8516,2.3119,5.97,4.05,7.47,0.0,3.18,2.20,4.87,0.60,1.3133,46.79,,40,Sy1
694,SWIFTJ1349.3-3018,207.329,-30.306,117.51,IC4329A,,207.3303,-30.3094,263.25,259.96,266.11,0.0,2.05,2.02,2.07,26.30,0.0160,44.18,,40,Sy1.5
695,SWIFTJ1349.7+0209,207.430,2.103,7.86,UM614,,207.4701,2.0791,16.21,13.10,18.89,0.0,1.91,1.53,2.34,0.40,0.0327,43.60,,40,Sy1.5
696,SWIFTJ1351.5-1814,207.892,-18.230,8.19,2MASXJ13512953-1813468,,207.8729,-18.2297,16.34,13.26,19.00,0.0,2.22,1.82,2.68,1.70,0.0122,42.74,,50,Sy1.9
697,SWIFTJ1352.8+6917,208.255,69.315,21.95,Mrk279,,208.2644,69.3082,34.66,32.07,36.45,0.0,1.90,1.76,2.04,1.40,0.0304,43.87,,40,Sy1.5
698,SWIFTJ1353.7-1122,208.349,-11.439,6.60,2MASXJ13532820-1123055,,208.3675,-11.3850,13.73,10.06,16.24,0.0,1.98,1.53,2.49,1.60,0.0688,44.20,,50,Sy2
699,SWIFTJ1354.1-3748,208.528,-37.790,10.48,TOLOLO00113,,208.5640,-37.7760,22.10,18.63,24.48,0.0,2.00,1.70,2.33,1.10,0.0520,44.15,,50,Sy2
700,SWIFTJ1354.5+1326,208.624,13.472,7.23,2MASXJ13542913+1328068,,208.6216,13.4687,13.33,10.27,15.43,0.0,1.88,1.43,2.39,0.70,0.0633,44.11,,50,Sy2
701,SWIFTJ1355.6+3524,208.916,35.350,6.97,2MASXJ13553383+3520573,,208.8909,35.3494,9.93,8.68,12.21,0.0,2.20,1.77,2.71,0.90,0.1016,44.42,,70,UnknownAGN
702,SWIFTJ1356.1+3832,208.964,38.559,11.46,Mrk464,,208.9730,38.5746,18.19,16.86,20.61,0.0,1.98,1.74,2.25,0.80,0.0501,44.03,,40,Sy1.5
703,SWIFTJ1355.9+1822,208.993,18.307,4.15,Mrk463,,209.0120,18.3721,8.48,6.78,11.57,0.0,1.71,1.14,2.27,2.10,0.0504,43.71,,50,Sy1.9
704,SWIFTJ1356.6-1932,209.122,-19.525,6.87,ESO578-G009,,209.1529,-19.5292,13.87,12.02,17.23,0.0,2.13,1.64,2.73,0.90,0.0350,43.59,,50,Sy1.9
705,SWIFTJ1400.9-6324,210.142,-63.417,9.38,IGRJ14003-6326,,210.1904,-63.4285,14.90,12.96,16.94,0.0,2.49,2.10,2.98,1.80,,,,150,Pulsar
706,SWIFTJ1403.6-6146,211.009,-61.703,5.99,[CG2001]G311.45-0.13,,211.1296,-61.7897,16.98,14.30,19.79,0.0,2.07,1.66,2.54,0.80,,,,12,U2
707,SWIFTJ1408.1-3024,212.073,-30.379,7.57,2MASXJ14080674-3023537,,212.0282,-30.3983,15.82,13.31,18.47,0.0,2.16,1.78,2.60,1.30,0.0235,43.30,,50,Sy1.9
708,SWIFTJ1408.2-6113,212.126,-61.180,7.86,SWIFTJ1408.2-6113,,212.1917,-61.1320,11.54,9.76,13.44,0.0,2.68,2.22,3.25,1.00,,,,90,CV
709,SWIFTJ1409.2-4515,212.339,-45.255,6.68,V834Cen,,212.2810,-45.2880,7.37,6.23,8.66,0.0,4.46,3.43,6.00,0.90,,,,90,CV
710,SWIFTJ1410.9-4229,212.710,-42.483,7.08,2MASXJ14104482-4228325,,212.6868,-42.4758,12.49,10.70,15.03,0.0,2.46,1.97,3.07,0.50,0.0339,43.52,,50,Sy2
711,SWIFTJ1412.9-6522,213.292,-65.342,143.70,CircinusGalaxy,,213.2913,-65.3390,273.17,271.27,275.86,0.0,2.09,2.07,2.11,207.60,0.0014,42.07,,50,Sy2
712,SWIFTJ1413.2-0312,213.311,-3.208,116.80,NGC5506,,213.3119,-3.2075,239.40,237.28,242.39,0.0,2.11,2.08,2.14,48.10,0.0062,43.31,,50,Sy1.9
713,SWIFTJ1416.9-1158,214.219,-11.982,8.29,2MASXJ14165001-1158577,,214.2084,-11.9829,15.14,13.27,17.80,0.0,2.51,2.12,2.97,1.60,0.0986,44.57,,40,Sy1.5
714,SWIFTJ1416.9-4640,214.215,-46.703,10.94,IGRJ14175-4641,,214.2652,-46.6948,23.77,21.03,26.63,0.0,1.89,1.62,2.19,1.30,0.0760,44.53,,50,Sy2
715,SWIFTJ1417.7+6143,214.407,61.735,4.57,2MASXJ14174289+6141523,,214.4289,61.6979,7.28,5.14,9.48,0.0,1.77,1.16,2.49,0.80,0.1188,44.43,,50,Sy2
716,SWIFTJ1417.7+2539,214.449,25.720,4.84,[HB89]1415+259,,214.4860,25.7240,5.93,4.20,7.70,0.0,2.61,1.91,3.65,0.60,0.2370,45.00,,80,BeamedAGN
717,SWIFTJ1417.9+2507,214.500,25.135,49.88,NGC5548,,214.4981,25.1368,86.47,84.19,88.83,0.0,1.91,1.85,1.97,1.10,0.0172,43.76,,40,Sy1.5
718,SWIFTJ1418.8-6055,214.792,-60.879,6.77,Rabbit,,214.6785,-60.9675,8.01,4.03,12.05,0.0,1.53,0.00,3.06,0.60,,,,150,Pulsar
719,SWIFTJ1419.0-2639,214.847,-26.639,17.27,ESO511-G030,,214.8434,-26.6447,39.27,35.98,42.58,0.0,2.05,1.86,2.24,0.90,0.0224,43.65,,40,Sy1
720,SWIFTJ1419.8-6047,215.311,-60.577,4.89,PSRJ1420-6048,,215.0343,-60.8046,10.21,7.08,13.38,0.0,2.24,1.45,3.28,1.70,,,,150,Pulsar
721,SWIFTJ1421.2-6242,215.292,-62.705,35.30,4U1416-62,,215.3030,-62.6980,52.35,50.08,54.63,0.0,2.61,2.50,2.72,4.90,,,,180,HMXB
722,SWIFTJ1421.4+4747,215.386,47.801,13.28,SBS1419+480,,215.3742,47.7902,17.42,15.61,19.64,0.0,2.16,1.89,2.47,1.10,0.0723,44.35,,40,Sy1.2
723,SWIFTJ1424.2+2435,216.097,24.600,10.87,NGC5610,,216.0954,24.6144,17.04,14.95,19.58,0.0,2.12,1.85,2.43,0.80,0.0169,43.04,,50,Sy2
724,SWIFTJ1424.8-6122,216.274,-61.342,8.34,SWIFTJ142507.92-611858.2,,216.2811,-61.3159,12.48,10.43,14.94,0.0,2.55,2.10,3.10,0.90,,,,90,CV
725,SWIFTJ1426.1+3747,216.494,37.813,6.15,ABELL1914,,216.5124,37.8256,5.44,4.65,6.48,0.0,4.59,3.66,6.01,0.50,,,,30,GalaxyCluster
726,SWIFTJ1427.5+1949,216.802,19.826,8.98,Mrk813,,216.8540,19.8310,12.26,10.98,14.13,0.0,2.39,2.00,2.85,1.00,0.1105,44.59,,40,Sy1.2
727,SWIFTJ1428.7+4234,217.149,42.655,17.63,1ES1426+428,,217.1361,42.6724,20.85,19.81,22.35,0.0,2.56,2.34,2.79,0.60,0.1290,44.96,,80,BeamedAGN
728,SWIFTJ1429.2+0118,217.283,1.286,9.78,Mrk1383,,217.2775,1.2851,17.87,16.21,20.26,0.0,2.18,1.79,2.62,1.00,0.0865,44.52,,40,Sy1
729,SWIFTJ1430.2-6712,217.507,-67.263,10.10,1RXSJ142959.9-671447,,217.4996,-67.2465,16.46,15.05,18.50,0.0,2.36,2.04,2.75,0.80,,,,190,LMXB
730,SWIFTJ1431.2+2816,217.801,28.236,6.99,Mrk684,,217.7700,28.2873,13.83,11.35,17.01,0.0,1.61,1.20,2.04,0.30,0.0461,43.84,,40,Sy1
731,SWIFTJ1432.8-4412,218.190,-44.150,6.46,NGC5643,,218.1699,-44.1746,16.80,13.70,20.75,0.0,1.61,1.13,2.10,0.30,0.0040,41.77,,50,Sy2
732,SWIFTJ1433.3-6116,218.313,-61.275,9.02,IGRJ14331-6112,,218.2847,-61.2611,13.42,11.40,16.01,0.0,2.56,2.15,3.06,0.60,,,,180,HMXB
733,SWIFTJ1433.9+0528,218.463,5.473,8.48,NGC5674,,218.4677,5.4582,21.07,18.05,24.94,0.0,1.65,1.32,2.00,0.40,0.0249,43.47,,50,Sy2
734,SWIFTJ1434.9+4837,218.786,48.641,5.55,NGC5683,,218.7185,48.6619,7.65,5.72,10.13,0.0,2.05,1.55,2.65,1.10,0.0362,43.37,,40,Sy1.2
735,SWIFTJ1436.4+5846,219.092,58.785,19.15,Mrk817,,219.0920,58.7943,28.77,26.71,31.08,0.0,1.86,1.71,2.02,1.40,0.0314,43.81,,40,Sy1.2
736,SWIFTJ1436.8-1615,219.169,-16.191,7.85,2MASXJ14364961-1613410,,219.2067,-16.2281,22.18,18.73,26.02,0.0,1.66,1.29,2.04,0.20,0.1445,45.09,,40,Sy1.5
737,SWIFTJ1439.2+1417,219.843,14.289,6.83,2MASXJ14391186+1415215,,219.7995,14.2561,14.48,11.82,17.45,0.0,1.76,1.28,2.29,0.60,0.0714,44.26,,50,Sy2
738,SWIFTJ1441.4+5341,220.216,53.545,10.84,Mrk477,,220.1587,53.5044,13.96,12.07,16.07,0.0,2.11,1.80,2.45,1.90,0.0377,43.66,,50,Sy1.9
739,SWIFTJ1442.5-1715,220.601,-17.242,31.31,NGC5728,,220.5997,-17.2532,84.74,81.34,87.92,0.0,1.85,1.76,1.94,5.10,0.0093,43.21,,50,Sy1.9
740,SWIFTJ1445.6+2702,221.489,27.024,5.61,CGCG164-019,,221.4035,27.0348,13.84,10.81,16.68,0.0,1.25,0.71,1.77,0.60,0.0299,43.45,,50,Sy1.9
741,SWIFTJ1446.7-6416,221.746,-64.278,6.70,IGRJ14471-6414,,221.6167,-64.2333,14.82,11.95,17.52,0.0,1.72,1.31,2.13,1.70,0.0530,44.00,,40,Sy1
742,SWIFTJ1447.0-5814,221.774,-58.243,5.78,SWIFTJ144719.3-581616,,221.8304,-58.2706,8.17,6.13,10.11,0.0,2.75,2.00,3.80,0.80,,,,12,U2
743,SWIFTJ1448.4-5945,222.141,-59.719,13.44,SWIFTJ1448.4-5945,,222.1786,-59.7041,16.56,14.76,17.96,0.0,3.31,2.96,3.71,0.90,,,,180,HMXB
744,SWIFTJ1448.7-4009,222.174,-40.142,5.58,IGR14488-4008,,222.2124,-40.1464,10.89,8.00,13.15,0.0,2.30,1.77,2.99,1.60,,,,40,Sy1.2
745,SWIFTJ1449.5+8602,222.756,86.001,4.22,2MASXJ14545815+8554589,,223.7408,85.9164,6.89,4.22,8.98,0.0,1.73,1.04,2.57,1.30,,,,30,GalaxyCluster
746,SWIFTJ1451.0-5540A,222.850,-55.681,14.01,WKK4374,,222.8881,-55.6773,25.19,22.39,27.38,0.0,2.22,1.97,2.49,0.80,0.0180,43.27,,50,Sy1.9
747,SWIFTJ1451.0-5540B,222.311,-55.605,12.07,2MFGC12018,,222.3032,-55.6058,26.99,24.05,29.80,0.0,1.86,1.61,2.12,0.50,,,,70,UnknownAGN
748,SWIFTJ1453.3+2558,223.236,25.913,12.91,2MASXJ14530794+2554327,,223.2833,25.9091,22.80,20.31,25.18,0.0,1.80,1.55,2.07,1.10,0.0490,44.11,,40,Sy1
749,SWIFTJ1453.4-5524,223.404,-55.363,12.69,1RXSJ145341.1-552146,,223.4558,-55.3622,16.71,14.92,18.45,0.0,3.14,2.81,3.53,1.70,,,,90,CV
750,SWIFTJ1454.9-5133,223.822,-51.577,12.12,WKK4438,,223.8230,-51.5710,19.90,17.59,22.12,0.0,2.43,2.11,2.78,0.50,0.0160,43.06,,40,Sy1.5
751,SWIFTJ1457.8-4308,224.460,-43.116,14.29,IC4518A,,224.4216,-43.1321,25.96,23.57,28.25,0.0,2.42,2.19,2.67,2.10,0.0163,43.19,,50,Sy2
752,SWIFTJ1458.9+7143,224.475,71.717,5.15,3C309.1,,224.7816,71.6722,7.65,5.88,9.59,0.0,1.80,1.11,2.59,0.30,0.9050,46.49,,80,BeamedAGN
753,SWIFTJ1504.2+1025,226.014,10.445,18.00,Mrk841,,226.0050,10.4378,33.30,31.32,35.41,0.0,2.22,2.04,2.42,0.90,0.0364,44.01,,40,Sy1.2
754,SWIFTJ1506.7+0353A,226.506,3.713,8.19,Mrk1392,,226.4860,3.7070,18.78,16.07,21.67,0.0,1.77,1.39,2.18,1.80,0.0361,43.75,,40,Sy1.5
755,SWIFTJ1506.7+0353B,226.719,3.858,5.14,2MASXJ15064412+0351444,,226.6840,3.8620,15.74,12.80,18.89,0.0,1.53,0.89,2.24,2.50,0.0377,43.72,,50,Sy2
756,SWIFTJ1508.6-4953,227.164,-49.865,8.32,PMNJ1508-4953,,227.1617,-49.8842,28.55,24.63,32.28,0.0,1.15,0.81,1.48,1.10,,,,80,BeamedAGN
757,SWIFTJ1508.8-0013,227.176,-0.183,7.06,Mrk1393,,227.2248,-0.1970,17.23,13.78,20.50,0.0,1.84,1.46,2.26,1.70,0.0543,44.08,,50,Sy1.9
758,SWIFTJ1509.4-6649,227.340,-66.831,16.65,IGRJ15094-6649,,227.3580,-66.8230,24.39,22.23,26.44,0.0,2.70,2.49,2.94,2.40,,,,90,CV
759,SWIFTJ1510.9+0547,227.749,5.747,10.64,ABELL2029,,227.7333,5.7447,14.09,12.30,15.71,0.0,3.60,3.13,4.17,0.90,,,,30,GalaxyCluster
760,SWIFTJ1512.0-2119,227.983,-21.319,12.81,2MASXJ15115979-2119015,,227.9992,-21.3171,32.67,30.00,35.15,0.0,1.97,1.74,2.21,1.60,0.0446,44.18,,40,Sy1.5
761,SWIFTJ1512.2-1053A,227.920,-10.870,4.89,NVSSJ151148-105023,,227.9530,-10.8399,9.25,1.52,16.05,0.0,1.03,0.00,0.00,0.20,,,,80,BeamedAGN
762,SWIFTJ1512.2-1053B,228.029,-10.828,7.07,2MASXJ15120505-1046356,,228.0211,-10.7766,5.81,2.73,8.52,0.0,4.13,1.40,0.00,0.30,,,,70,UnknownAGN
763,SWIFTJ1512.8-0906,228.216,-9.081,18.62,PKS1510-08,,228.2106,-9.1000,66.80,63.40,69.97,0.0,1.32,1.18,1.47,0.30,0.3600,46.47,,80,BeamedAGN
764,SWIFTJ1513.8-5910,228.486,-59.146,116.22,PSRB1509-58,,228.4813,-59.1358,259.74,257.15,262.03,0.0,1.85,1.83,1.88,2.40,,,,150,Pulsar
765,SWIFTJ1513.8-8125,228.652,-81.387,16.80,2MASXJ15144217-8123377,,228.6751,-81.3939,29.35,27.08,31.35,0.0,2.01,1.83,2.21,0.80,0.0684,44.52,,40,Sy1.2
766,SWIFTJ1515.0+4205,228.784,42.045,13.40,NGC5899,,228.7635,42.0499,20.44,18.45,22.20,0.0,2.04,1.81,2.28,0.40,0.0086,42.53,,50,Sy2
767,SWIFTJ1519.6+6538,229.910,65.612,11.63,CGCG319-007,,229.8904,65.5996,18.13,16.07,19.96,0.0,1.88,1.63,2.14,0.80,0.0440,43.92,,50,Sy1.9
768,SWIFTJ1521.0-5711,230.176,-57.174,72.57,CirX-1,,230.1703,-57.1667,81.88,80.75,82.87,0.0,4.82,4.71,4.95,3.50,,,,190,LMXB
769,SWIFTJ1521.8+0334,230.470,3.545,5.25,2MASSJ15213967+0337292,,230.4153,3.6248,11.32,7.76,14.41,0.0,1.88,1.20,2.63,0.40,0.1264,44.68,,40,Sy1.2
770,SWIFTJ1523.5+6340,230.934,63.645,5.47,4C+63.22,,230.9411,63.6567,7.97,5.50,10.10,0.0,1.99,1.42,2.65,1.10,0.2040,44.98,,40,Sy1
771,SWIFTJ1530.0-1300,232.484,-12.963,7.11,2MASXJ15295830-1300397,,232.4930,-13.0110,14.49,11.41,17.16,0.0,2.41,1.94,2.99,0.30,0.1039,44.60,,50,Sy1.9
772,SWIFTJ1533.2-0836,233.338,-8.712,13.16,MCG-01-40-001,,233.3363,-8.7005,31.80,28.33,34.83,0.0,2.03,1.80,2.28,1.00,0.0227,43.57,,50,Sy1.9
773,SWIFTJ1535.8-5749,233.966,-57.827,10.70,1RXSJ153552.8-575055,,233.9700,-57.8490,22.78,20.22,25.76,0.0,1.96,1.69,2.24,0.90,,,,70,UnknownAGN
774,SWIFTJ1535.9+5751,233.970,57.899,17.21,Mrk290,,233.9682,57.9026,23.79,21.84,26.06,0.0,2.09,1.90,2.30,1.00,0.0296,43.68,,40,Sy1.5
775,SWIFTJ1539.2-6227,234.806,-62.491,12.55,SWIFTJ1539.2-6227,,234.7999,-62.4673,23.31,21.03,25.96,0.0,2.25,2.00,2.52,1.80,,,,190,LMXB
776,SWIFTJ1542.0-1410,235.575,-14.250,4.88,2MASXJ15422399-1411055,,235.5999,-14.1849,11.76,8.77,15.29,0.0,1.93,1.26,2.77,1.30,,,,40,Sy1.2
777,SWIFTJ1542.6-5222,235.600,-52.385,239.45,H1538-522,,235.5971,-52.3861,328.27,326.42,330.06,0.0,3.36,3.34,3.38,212.40,,,,180,HMXB
778,SWIFTJ1546.3+6928,236.588,69.499,7.97,2MASXJ15462424+6929102,,236.6014,69.4861,14.24,11.59,16.79,0.0,1.70,1.34,2.09,0.50,0.0380,43.68,,50,Sy2
779,SWIFTJ1547.5+2050,236.842,20.831,6.49,3C323.1,,236.9314,20.8713,7.70,5.64,9.61,0.0,3.01,2.38,3.92,1.40,0.2640,45.22,,40,Sy1.2
780,SWIFTJ1548.1-6406,236.913,-64.153,4.00,SWIFTJ1548.1-6406,,236.8613,-64.2144,9.33,6.06,12.47,0.0,1.74,1.07,2.49,0.90,,,,12,U2
781,SWIFTJ1547.9-6232,236.970,-62.563,55.25,4U1543-62,,236.9762,-62.5698,63.51,62.12,64.68,0.0,4.53,4.40,4.67,0.90,,,,190,LMXB
782,SWIFTJ1548.0-4529,237.059,-45.481,51.16,NYLup,,237.0608,-45.4778,95.25,92.58,97.49,0.0,2.40,2.33,2.46,8.00,,,,90,CV
783,SWIFTJ1548.5-1344,237.117,-13.765,13.28,NGC5995,,237.1040,-13.7578,35.21,31.75,38.12,0.0,2.05,1.85,2.26,2.50,0.0252,43.71,,50,Sy1.9
784,SWIFTJ1550.8-5419,237.750,-54.312,25.43,PSRJ1550-5418,,237.7255,-54.3066,85.33,81.12,88.86,0.0,1.09,0.96,1.22,11.20,,,,150,Pulsar
785,SWIFTJ1553.6+2347,238.413,23.773,5.87,4C+23.42,,238.4316,23.8071,9.86,7.15,12.57,0.0,2.17,1.65,2.80,1.40,0.1150,44.53,,50,Sy1.9
786,SWIFTJ1553.6+2606,238.377,26.090,5.06,SDSSJ155334.73+261441.4,,238.3947,26.2448,5.02,3.04,7.02,0.0,2.83,1.97,4.21,1.20,0.1664,44.58,,50,Sy1.9
787,SWIFTJ1557.8-7913,239.424,-79.208,9.96,PKS1549-79,,239.2453,-79.2345,14.98,12.49,17.43,0.0,2.31,1.94,2.74,0.50,0.1501,44.96,,80,BeamedAGN
788,SWIFTJ1557.8-5425,239.512,-54.385,13.31,H1553-542,,239.4512,-54.4150,16.21,14.68,17.75,0.0,4.15,3.74,4.65,1.80,,,,180,HMXB
789,SWIFTJ1558.4+2718,239.604,27.251,14.55,ABELL2142,,239.5672,27.2246,15.12,13.99,16.27,0.0,3.88,3.46,4.39,0.80,,,,30,GalaxyCluster
790,SWIFTJ1559.6+2554,239.877,25.922,45.30,TCrB,,239.8757,25.9202,63.69,61.97,65.52,0.0,2.57,2.49,2.65,4.50,,,,100,Symbioticstar
791,SWIFTJ1600.9-6044,240.249,-60.736,15.31,1H1556-605,,240.2596,-60.7383,17.73,16.74,18.66,0.0,6.02,5.44,6.73,1.70,,,,190,LMXB
792,SWIFTJ1605.9-7250,241.481,-72.861,15.36,2MASXJ16052330-7253565,,241.3470,-72.8990,24.61,22.58,26.77,0.0,2.18,1.96,2.41,0.80,,,,50,Sy2
793,SWIFTJ1607.2+4834,241.876,48.527,5.03,2MASXJ16071388+4833266,,241.8080,48.5573,9.55,7.30,11.78,0.0,1.56,0.88,2.30,0.60,0.1250,44.59,,40,Sy1.2
794,SWIFTJ1607.4+8502,242.235,84.973,8.50,LEDA100168,,241.8490,85.0300,13.38,11.34,15.38,0.0,1.93,1.54,2.37,0.30,0.1830,45.10,,40,Sy1
795,SWIFTJ1613.2-6043,243.005,-60.664,15.62,WKK6092,,242.9642,-60.6319,31.91,29.61,34.15,0.0,2.06,1.86,2.26,0.80,0.0156,43.24,,40,Sy1.5
796,SWIFTJ1612.9-5227,243.179,-52.423,355.63,4U1608-522,,243.1792,-52.4231,643.48,641.43,645.47,0.0,2.39,2.38,2.40,25.00,,,,190,LMXB
797,SWIFTJ1614.0+6544,243.512,65.715,7.30,Mrk876,,243.4883,65.7193,9.54,7.83,11.25,0.0,2.30,1.85,2.87,0.70,0.1290,44.62,,40,Sy1
798,SWIFTJ1617.5-4958,244.158,-49.980,13.09,1RXSJ161637.2-495847,,244.1573,-49.9791,22.03,19.96,23.81,0.0,2.89,2.64,3.17,2.10,,,,90,CV
799,SWIFTJ1617.4-5056,244.371,-50.921,7.42,PSRJ1617-5055,,244.3721,-50.9203,15.33,12.54,17.73,0.0,2.05,1.59,2.56,0.70,,,,150,Pulsar
800,SWIFTJ1617.8+3223,244.440,32.412,12.52,3C332,,244.4272,32.3763,25.27,22.43,27.70,0.0,1.76,1.54,2.00,1.30,0.1510,45.19,,50,Sy1.9
801,SWIFTJ1618.7-5930,244.699,-59.480,8.50,WKK6471,,244.6518,-59.4548,23.63,20.19,26.56,0.0,1.45,1.09,1.81,1.00,0.0350,43.83,,40,Sy1
802,SWIFTJ1619.2-4945,244.884,-49.742,18.33,2MASSJ16193220-4944305,,244.8842,-49.7418,31.51,29.89,33.14,0.0,2.89,2.71,3.08,3.80,,,,180,HMXB
803,SWIFTJ1619.4-2808,244.892,-28.123,20.25,2MASSJ16193334-2807397,,244.8890,-28.1277,34.76,32.94,36.59,0.0,2.69,2.51,2.88,1.80,,,,190,LMXB
804,SWIFTJ1621.2+8104,244.927,81.062,11.14,CGCG367-009,,244.8302,81.0465,19.79,17.80,21.80,0.0,1.86,1.62,2.12,0.70,0.0274,43.53,,50,Sy2
805,SWIFTJ1620.1-1539,244.979,-15.640,14050.01,ScoX-1,,244.9795,-15.6402,20618.10,20617.00,20619.30,0.0,5.67,5.67,5.67,177745.00,,,,190,LMXB
806,SWIFTJ1620.9-5129,245.156,-51.510,25.77,CXOUJ162046.2-513006,,245.1542,-51.5100,45.95,44.15,48.16,0.0,2.53,2.41,2.66,6.00,,,,180,HMXB
807,SWIFTJ1625.9+4349,246.490,43.814,7.78,87GB162418.8+435342,,246.4721,43.7872,12.13,10.23,14.44,0.0,2.04,1.62,2.54,0.80,1.0480,46.85,,80,BeamedAGN
808,SWIFTJ1626.5-2951,246.554,-29.855,5.07,PKS1622-29,,246.5251,-29.8575,15.54,12.64,19.09,0.0,1.32,0.66,1.99,1.00,0.8150,46.69,,80,BeamedAGN
809,SWIFTJ1626.9-5156,246.650,-51.943,12.48,SWIFTJ1626.6-5156,,246.6510,-51.9428,14.98,13.56,16.68,0.0,3.28,2.86,3.79,2.20,,,,180,HMXB
810,SWIFTJ1626.7+8530,246.540,85.498,6.89,VIIZw653,,246.3580,85.4949,10.38,8.84,12.64,0.0,2.07,1.62,2.62,1.00,0.0631,44.00,,40,Sy1.2
811,SWIFTJ1628.1+5145,247.034,51.760,27.03,Mrk1498,,247.0169,51.7754,42.97,41.41,45.24,0.0,2.08,1.96,2.20,1.50,0.0547,44.49,,50,Sy2
812,SWIFTJ1627.8-4913,247.012,-49.198,71.17,BigDipper,,247.0118,-49.1985,78.53,77.76,79.66,0.0,6.74,6.57,6.92,15.00,,,,190,LMXB
813,SWIFTJ1628.4-4838,247.044,-48.646,10.07,IGRJ16283-4838,,247.0451,-48.6489,15.39,13.72,17.85,0.0,2.28,1.92,2.68,1.50,,,,180,HMXB
814,SWIFTJ1628.9-5023,247.113,-50.379,5.27,IGRJ16287-5021,,247.1118,-50.3777,7.11,5.86,8.80,0.0,3.42,2.66,4.51,0.90,,,,190,LMXB
815,SWIFTJ1629.9+6722,247.468,67.427,4.53,Mrk885,,247.4510,67.3783,9.77,7.05,12.09,0.0,1.45,0.92,2.01,0.70,0.0253,43.15,,40,Sy1
816,SWIFTJ1630.5+3925,247.554,39.421,8.37,2MASXJ16303265+3923031,,247.6361,39.3842,13.15,10.85,15.11,0.0,2.08,1.69,2.53,0.90,0.0306,43.45,,50,Sy2
817,SWIFTJ1631.7+2353,247.872,23.891,5.97,2MASXJ16311554+2352577,,247.8147,23.8826,9.52,7.26,11.44,0.0,2.35,1.78,3.06,0.30,0.0590,43.90,,50,Sy2
818,SWIFTJ1632.1-4849,247.950,-48.818,234.93,IGRJ16318-4848,,247.9500,-48.8175,462.16,459.86,464.13,0.0,2.39,2.38,2.40,1234.30,,,,180,HMXB
819,SWIFTJ1632.1-4753,248.008,-47.874,185.20,AXJ1631.9-4752,,248.0079,-47.8742,312.16,310.50,314.40,0.0,2.84,2.82,2.86,392.40,,,,150,Pulsar
820,SWIFTJ1632.4-6729,248.073,-67.463,439.12,4U1626-67,,248.0700,-67.4619,552.65,551.28,554.50,0.0,3.29,3.28,3.30,2341.50,,,,190,LMXB
821,SWIFTJ1633.8-4724A,248.507,-47.393,173.63,4U1630-47,,248.5073,-47.3930,303.17,301.08,305.99,0.0,2.69,2.66,2.72,11.90,,,,190,LMXB
822,SWIFTJ1633.8-4724B,248.158,-47.395,59.00,IGRJ16328-4726,,248.1579,-47.3951,23.76,22.00,26.15,0.0,3.08,2.72,3.52,2.30,,,,180,HMXB
823,SWIFTJ1635.0-5804,248.818,-58.084,8.43,ESO137-G034,,248.8070,-58.0800,23.57,19.86,25.63,0.0,1.58,1.29,1.88,1.90,0.0090,42.63,,50,Sy2
824,SWIFTJ1638.7-6420,249.543,-64.364,22.70,TrACluster,,249.5671,-64.3472,26.53,24.89,27.44,0.0,3.93,3.68,4.21,1.60,,,,30,GalaxyCluster
825,SWIFTJ1639.2-4641,249.773,-46.703,52.85,AXJ1639.0-4642,,249.7730,-46.7031,71.02,69.02,72.12,0.0,3.38,3.30,3.47,38.80,,,,180,HMXB
826,SWIFTJ1640.8-5343,250.232,-53.751,328.53,4U1636-536,,250.2313,-53.7514,488.01,485.78,489.25,0.0,3.03,3.02,3.05,23.90,,,,190,LMXB
827,SWIFTJ1641.9-4531,250.461,-45.541,31.90,IGRJ16418-4532,,250.4616,-45.5404,54.00,51.54,56.59,0.0,2.20,2.11,2.30,82.20,,,,180,HMXB
828,SWIFTJ1643.2+7036,250.853,70.614,4.99,NGC6232,,250.8343,70.6325,11.29,8.69,14.07,0.0,1.47,0.95,1.99,2.10,0.0148,42.74,,50,Sy2
829,SWIFTJ1643.1+3951,250.768,39.814,7.05,3C345,,250.7450,39.8103,20.71,17.59,24.01,0.0,1.17,0.81,1.52,0.50,0.5928,46.48,,80,BeamedAGN
830,SWIFTJ1645.7-4538,251.446,-45.611,666.71,GX340+0,,251.4456,-45.6111,861.47,860.35,862.66,0.0,5.59,5.58,5.60,268.00,,,,190,LMXB
831,SWIFTJ1647.9-4511A,252.026,-45.202,35.22,2MASSJ16480656-4512068,,252.0273,-45.2019,73.95,70.39,76.65,0.0,2.15,2.07,2.24,25.90,,,,180,HMXB
832,SWIFTJ1647.9-4511B,251.646,-45.120,7.87,IGRJ16465-4507,,251.6480,-45.1170,15.45,10.76,18.98,0.0,1.40,0.94,1.86,8.20,,,,180,HMXB
833,SWIFTJ1648.0-3037,252.066,-30.596,14.19,2MASXJ16481523-3035037,,252.0635,-30.5845,32.71,29.13,35.42,0.0,2.00,1.80,2.21,2.40,0.0310,43.86,,40,Sy1
834,SWIFTJ1649.3-4351,252.363,-43.819,26.16,2MASSJ16492695-4349090,,252.3623,-43.8192,49.31,46.45,51.49,0.0,2.56,2.43,2.69,2.20,,,,180,HMXB
835,SWIFTJ1649.9-3307,252.465,-33.154,13.15,IGRJ16500-3307,,252.4818,-33.1172,22.48,20.69,24.15,0.0,2.76,2.49,3.05,2.00,,,,90,CV
836,SWIFTJ1650.5+0434,252.656,4.620,7.95,LEDA214543,,252.6781,4.6050,20.83,18.16,23.33,0.0,1.77,1.45,2.12,1.00,0.0321,43.69,,50,Sy2
837,SWIFTJ1652.0-5915A,252.809,-59.239,9.78,ESO138-G001,,252.8339,-59.2348,19.46,16.76,21.99,0.0,2.31,1.93,2.74,1.20,0.0091,42.55,,50,Sy2
838,SWIFTJ1652.0-5915B,253.184,-59.225,11.18,NGC6221,,253.1925,-59.2173,22.41,19.19,25.42,0.0,1.83,1.41,2.28,1.50,0.0050,42.09,,50,Sy2
839,SWIFTJ1652.3+5554,253.078,55.906,8.08,UGC10593,,253.0780,55.9055,13.81,11.83,15.69,0.0,1.98,1.64,2.37,0.60,0.0291,43.43,,50,Sy2
840,SWIFTJ1652.3-4520,253.085,-45.342,14.28,XTEJ1652-453,,253.0854,-45.3442,31.40,28.69,34.04,0.0,2.51,2.30,2.75,0.90,,,,190,LMXB
841,SWIFTJ1652.9+0223,253.257,2.403,28.22,NGC6240,,253.2454,2.4009,69.00,65.69,72.21,0.0,1.83,1.73,1.93,1.10,0.0245,43.97,,50,Sy1.9
842,SWIFTJ1653.2+2352,253.255,23.855,6.72,2MASXJ16531506+2349431,,253.3127,23.8286,13.22,10.20,16.16,0.0,1.88,1.48,2.33,1.40,0.1034,44.56,,50,Sy2
843,SWIFTJ1654.0+3946,253.472,39.760,50.65,Mrk501,,253.4676,39.7602,71.58,69.29,73.81,0.0,2.39,2.32,2.47,0.90,0.0337,44.27,,80,BeamedAGN
844,SWIFTJ1653.8-3952,253.463,-39.875,28.27,GROJ1655-40,,253.5006,-39.8458,53.53,51.18,55.67,0.0,2.26,2.12,2.42,8.60,,,,190,LMXB
845,SWIFTJ1654.7-1917,253.653,-19.276,14.00,1RXSJ165443.5-191620,,253.6820,-19.2720,24.75,22.78,26.54,0.0,2.87,2.61,3.15,1.40,,,,90,CV
846,SWIFTJ1656.1-5200,254.037,-52.054,21.45,1RXSJ165605.6-520345,,254.0238,-52.0614,43.23,40.80,45.43,0.0,2.12,1.97,2.27,1.40,0.0540,44.48,,40,Sy1.2
847,SWIFTJ1656.3-3302,254.076,-33.037,19.23,2MASSJ16561677-3302127,,254.0699,-33.0369,61.56,58.52,64.32,0.0,1.55,1.42,1.67,0.40,2.4000,48.44,,80,BeamedAGN
848,SWIFTJ1657.7+3518,254.458,35.342,839.94,HerX-1,,254.4576,35.3424,969.61,968.07,970.88,0.0,3.29,3.29,3.30,6066.70,,,,190,LMXB
849,SWIFTJ1659.2-1515,254.779,-15.290,31.01,MAXIJ1659-152,,254.7565,-15.2585,71.51,68.78,73.77,0.0,2.14,2.04,2.24,4.70,,,,190,LMXB
850,SWIFTJ1700.6-4222,255.082,-42.339,15.49,AXJ1700.2-4220,,255.0808,-42.3385,30.39,28.21,32.22,0.0,2.59,2.40,2.80,0.90,,,,180,HMXB
851,SWIFTJ1700.8-4139,255.203,-41.656,625.06,2MASSJ17004888-4139214,,255.2030,-41.6562,1167.25,1165.05,1169.08,0.0,2.58,2.57,2.58,3034.50,,,,180,HMXB
852,SWIFTJ1700.9-4610,255.244,-46.186,75.38,XTEJ1701-462,,255.2436,-46.1857,94.95,93.68,96.02,0.0,5.51,5.40,5.63,4.30,,,,190,LMXB
853,SWIFTJ1701.3-4304,255.368,-43.103,5.84,2MASSJ17012815-4306123,,255.3673,-43.1037,10.62,8.32,12.50,0.0,2.67,2.17,3.27,0.70,,,,90,CV
854,SWIFTJ1701.7-4050,255.435,-40.858,38.84,XTEJ1701-407,,255.4349,-40.8588,55.97,53.12,58.42,0.0,2.08,1.96,2.20,0.90,,,,190,LMXB
855,SWIFTJ1702.8-4849,255.703,-48.787,275.30,GX339-4,,255.7063,-48.7897,647.86,644.82,650.47,0.0,1.90,1.89,1.91,36.00,,,,190,LMXB
856,SWIFTJ1703.9-3753,255.987,-37.844,1840.22,4U1700-377,,255.9866,-37.8441,3661.16,3658.84,3663.16,0.0,2.62,2.62,2.62,11428.20,,,,180,HMXB
857,SWIFTJ1704.3+7838,256.069,78.598,9.05,ABELL2256,,255.9312,78.7175,7.77,6.87,8.92,0.0,3.85,3.24,4.65,0.80,,,,30,GalaxyCluster
858,SWIFTJ1705.9-3624,256.436,-36.423,912.56,GX349+2,,256.4354,-36.4231,1303.86,1302.92,1305.05,0.0,5.98,5.97,5.99,1158.80,,,,190,LMXB
859,SWIFTJ1706.2-4303,256.564,-43.036,251.57,4U1702-429,,256.5638,-43.0358,423.42,421.91,425.32,0.0,2.75,2.73,2.76,12.10,,,,190,LMXB
860,SWIFTJ1706.6-6146,256.575,-61.715,33.36,SWIFTJ179616.4-614240,,256.5000,-61.7167,60.42,58.53,62.80,0.0,2.16,2.06,2.26,1.00,,,,190,LMXB
861,SWIFTJ1706.7+2401,256.642,23.970,18.69,4U1700+24,,256.6438,23.9718,27.61,25.42,29.80,0.0,2.49,2.28,2.72,0.40,,,,190,LMXB
862,SWIFTJ1708.6+2155,257.192,21.884,3.28,2MASXJ17085915+2153082,,257.2464,21.8856,5.18,2.70,7.68,0.0,2.17,0.65,6.37,0.40,0.0723,43.82,,40,Sy1.2
863,SWIFTJ1708.5-4008,257.195,-40.149,13.56,RXJ170849.0-400910,,257.1953,-40.1480,46.82,43.53,50.10,0.0,1.46,1.28,1.64,1.30,,,,150,Pulsar
864,SWIFTJ1708.9-4404,257.227,-44.102,325.39,4U1705-440,,257.2270,-44.1020,397.88,396.66,399.10,0.0,4.99,4.96,5.01,60.80,,,,190,LMXB
865,SWIFTJ1708.7-3216,257.219,-32.356,9.18,4U1705-32,,257.2267,-32.3160,20.22,18.17,22.85,0.0,2.29,1.97,2.64,0.70,,,,190,LMXB
866,SWIFTJ1709.4-2639,257.381,-26.653,17.10,XTEJ1709-267,,257.3766,-26.6556,30.03,28.21,32.36,0.0,2.65,2.40,2.94,2.30,,,,190,LMXB
867,SWIFTJ1709.8-3627A,257.287,-36.409,57.36,IGRJ17091-3624,,257.2817,-36.4070,158.70,154.58,163.94,0.0,1.54,1.46,1.61,15.40,,,,190,LMXB
868,SWIFTJ1709.8-3627B,257.444,-36.467,38.45,IGRJ17098-3628,,257.4414,-36.4663,49.28,43.79,56.31,0.0,0.50,0.00,0.84,1.30,,,,190,LMXB
869,SWIFTJ1710.3-2806,257.535,-28.131,25.50,XTEJ1710-281,,257.5523,-28.1308,51.66,49.64,53.94,0.0,2.37,2.24,2.50,0.50,,,,190,LMXB
870,SWIFTJ1711.8-3935,257.982,-39.700,8.57,SNRG347.3-0.5,,257.9830,-39.7020,19.94,18.40,21.66,0.0,3.13,2.78,3.52,0.80,,,,160,SNR
871,SWIFTJ1712.5-2322,258.100,-23.350,70.93,OphCluster,,258.1082,-23.3759,105.07,103.76,106.54,0.0,4.01,3.94,4.09,12.50,,,,30,GalaxyCluster
872,SWIFTJ1712.2-4051,258.100,-40.843,24.74,4U1708-40,,258.0990,-40.8427,29.52,28.53,30.61,0.0,6.71,6.24,7.25,2.00,,,,190,LMXB
873,SWIFTJ1712.7-2412,258.162,-24.247,26.63,V2400Oph,,258.1519,-24.2457,47.55,45.79,49.28,0.0,2.99,2.86,3.14,4.80,,,,90,CV
874,SWIFTJ1712.8-3737,258.153,-37.644,60.52,SAXJ1712.6-3739,,258.1531,-37.6447,111.63,109.78,113.44,0.0,2.76,2.69,2.82,3.20,,,,190,LMXB
875,SWIFTJ1717.1-6249,259.253,-62.828,49.89,NGC6300,,259.2478,-62.8206,96.37,93.99,98.70,0.0,2.06,2.00,2.12,7.60,0.0037,42.46,,50,Sy2
876,SWIFTJ1719.7+4900,259.869,48.970,12.14,ARP102B,,259.8104,48.9804,19.94,17.88,21.95,0.0,2.08,1.84,2.34,1.10,0.0242,43.42,,80,BeamedAGN
877,SWIFTJ1719.6-4102,259.900,-41.014,22.01,CXOUJ171935.8-410053,,259.8994,-41.0149,40.06,37.87,41.23,0.0,2.94,2.79,3.10,3.50,,,,90,CV
878,SWIFTJ1720.3-3115,260.025,-31.284,18.74,2MASSJ17200591-3116596,,260.0254,-31.2839,37.41,35.36,38.52,0.0,3.36,3.19,3.54,7.10,,,,180,HMXB
879,SWIFTJ1720.5-5141,260.104,-51.669,5.75,1RXSJ172032.0-514414,,260.1358,-51.7369,7.75,5.56,8.93,0.0,2.94,2.15,4.03,1.10,,,,12,U2
880,SWIFTJ1721.7+4316,260.547,43.298,7.58,RBS1640,,260.5083,43.2567,12.95,10.05,14.51,0.0,1.90,1.49,2.38,0.20,0.1370,44.81,,40,Sy1.5
881,SWIFTJ1723.1-2839,260.846,-28.637,3.59,PSRJ1723-2837,,260.8462,-28.6318,19.35,14.87,21.75,0.0,0.88,0.00,1.35,1.40,,,,150,Pulsar
882,SWIFTJ1723.2+3418,260.825,34.293,9.71,4C+34.47,,260.8367,34.2994,15.29,13.01,16.62,0.0,2.34,2.02,2.71,0.80,0.2060,45.27,,40,Sy1.2
883,SWIFTJ1723.5+3630,260.865,36.480,11.87,2MASXJ17232321+3630097,,260.8467,36.5028,22.63,19.93,24.19,0.0,1.85,1.60,2.12,0.50,0.0400,43.93,,40,Sy1.5
884,SWIFTJ1725.1-3616,261.298,-36.283,66.10,EXO1722-363,,261.2975,-36.2831,136.49,134.49,137.65,0.0,3.07,3.03,3.12,57.00,,,,180,HMXB
885,SWIFTJ1725.2-3258,261.354,-32.952,15.59,IGRJ17254-3257,,261.3535,-32.9527,38.06,35.63,39.46,0.0,2.47,2.29,2.66,1.20,,,,190,LMXB
886,SWIFTJ1727.4-3046,261.888,-30.802,186.34,4U1722-30,,261.8883,-30.8019,431.27,429.36,433.72,0.0,2.51,2.49,2.52,6.80,,,,190,LMXB
887,SWIFTJ1730.4-0558,262.594,-5.986,36.58,1RXSJ173021.5-055933,,262.5912,-5.9921,68.74,66.75,71.29,0.0,2.43,2.34,2.52,8.30,,,,90,CV
888,SWIFTJ1731.3+1442,262.831,14.707,4.98,2MASXJ17311341+1442561,,262.8058,14.7155,11.24,8.80,14.33,0.0,1.74,1.19,2.35,0.60,,,,40,Sy1
889,SWIFTJ1731.6-1657,262.937,-16.963,280.05,GX9+9,,262.9342,-16.9617,357.01,356.00,358.30,0.0,6.09,6.05,6.12,41.80,,,,190,LMXB
890,SWIFTJ1731.9-1915,262.956,-19.222,8.29,V2487Oph,,262.9990,-19.2320,17.79,15.17,19.81,0.0,2.31,2.00,2.65,3.10,,,,170,Nova
891,SWIFTJ1732.1-3349,262.989,-33.835,500.27,4U1728-34,,262.9892,-33.8347,982.15,980.08,983.74,0.0,3.04,3.03,3.05,20.90,,,,190,LMXB
892,SWIFTJ1731.9-2444,263.009,-24.745,550.84,GX1+4,,263.0090,-24.7456,1225.43,1222.79,1227.45,0.0,2.28,2.27,2.28,1601.30,,,,180,HMXB
893,SWIFTJ1733.5-3325,263.352,-33.390,15.06,MXB1730-335,,263.3504,-33.3878,14.11,12.74,15.29,0.0,5.87,5.04,6.98,0.80,,,,190,LMXB
894,SWIFTJ1733.3+3635,263.426,36.568,7.95,2MASXJ17333689+3631319,,263.4037,36.5255,16.19,13.69,18.45,0.0,1.69,1.29,2.11,0.50,,,,70,UnknownAGN
895,SWIFTJ1735.5-3255,263.865,-32.931,11.98,2MASSJ17352760-3255544,,263.8650,-32.9318,29.20,26.99,31.21,0.0,2.35,2.12,2.61,0.20,,,,180,HMXB
896,SWIFTJ1737.5-2908,264.368,-29.134,46.42,AXJ1737.4-2907,,264.3681,-29.1340,119.04,116.72,121.14,0.0,2.22,2.16,2.28,1.60,0.0214,44.09,,40,Sy1
897,SWIFTJ1737.7-5956A,264.545,-60.050,6.84,1RXSJ173751.2-600408,,264.4633,-60.0689,2.13,0.00,5.68,0.0,2.30,0.00,0.00,0.60,,,,12,U2
898,SWIFTJ1737.7-5956B,264.430,-59.955,10.41,ESO139-G012,,264.4128,-59.9407,17.63,13.90,20.95,0.0,2.12,1.51,2.92,0.50,0.0170,43.06,,50,Sy2
899,SWIFTJ1738.3-2657,264.567,-27.004,96.85,SLX1735-269,,264.5667,-27.0044,229.70,227.55,231.61,0.0,2.18,2.15,2.21,7.60,,,,190,LMXB
900,SWIFTJ1738.9-3024,264.796,-30.347,5.19,IGRJ17391-3021,,264.7980,-30.3440,10.81,9.60,11.93,0.0,4.24,3.55,5.17,0.70,,,,180,HMXB
901,SWIFTJ1739.2-4428,264.744,-44.452,438.84,4U1735-44,,264.7429,-44.4500,518.61,517.62,519.49,0.0,5.25,5.23,5.27,190.40,,,,190,LMXB
902,SWIFTJ1740.0-3651,265.113,-36.927,7.79,IGRJ17404-3655,,265.1125,-36.9273,17.97,15.86,20.29,0.0,2.53,2.19,2.92,1.20,,,,190,LMXB
903,SWIFTJ1740.6-2821A,265.179,-28.302,36.88,SLX1737-282,,265.1788,-28.3022,88.72,86.02,91.69,0.0,2.20,2.12,2.29,1.10,,,,190,LMXB
904,SWIFTJ1740.6-2821B,264.976,-28.496,21.12,XTEJ1739-285,,264.9748,-28.4963,23.30,21.57,25.20,0.0,3.67,3.28,4.12,0.70,,,,190,LMXB
905,SWIFTJ1741.9-1211,265.465,-12.202,16.52,2E1739.1-1210,,265.4760,-12.1970,41.54,38.82,44.54,0.0,1.89,1.73,2.06,1.20,0.0370,44.12,,40,Sy1
906,SWIFTJ1742.1-6054,265.484,-60.888,3.34,PKS1737-60,,265.5093,-60.9222,5.71,3.61,7.97,0.0,2.37,1.61,3.52,0.80,0.4100,45.53,,80,BeamedAGN
907,SWIFTJ1742.2+1833,265.585,18.525,5.65,4C+18.51,,265.5291,18.4557,11.66,8.69,14.77,0.0,1.43,0.66,2.19,0.30,0.1860,45.06,,40,Sy1
908,SWIFTJ1743.1-3620,265.757,-36.372,5.71,XTEJ1743-363,,265.7555,-36.3728,15.53,13.32,17.83,0.0,2.18,1.80,2.62,1.10,,,,180,HMXB
909,SWIFTJ1743.4+6253,265.876,62.847,5.68,CGCG300-062,,265.8225,62.8392,8.28,6.43,10.25,0.0,2.14,1.60,2.80,0.40,0.0330,43.32,,50,Sy2
910,SWIFTJ1743.7-2946,265.978,-29.745,327.96,1E1740.7-2942,,265.9785,-29.7452,1038.73,1036.23,1042.59,0.0,1.82,1.81,1.83,68.10,,,,190,LMXB
911,SWIFTJ1744.6-3232,266.157,-32.539,7.99,SWIFTJ174437.5-323220,,266.1561,-32.5389,16.68,15.44,18.53,0.0,3.51,3.04,4.09,1.70,,,,200,XRB
912,SWIFTJ1745.4+2906,266.408,29.125,11.47,1RXSJ174538.1+290823,,266.4090,29.1400,19.90,18.19,22.51,0.0,2.09,1.82,2.39,1.10,0.1106,44.80,,40,Sy1.5
913,SWIFTJ1746.3-2850A,266.416,-29.013,63.62,SGRA*,,266.4168,-29.0078,112.70,109.44,117.72,0.0,2.69,2.56,2.82,1.40,,,,20,GalacticCenter
914,SWIFTJ1746.3-2850B,266.589,-28.727,60.56,2E1743.1-2842,,266.5875,-28.7289,82.49,80.49,85.56,0.0,3.80,3.63,3.98,0.80,,,,190,LMXB
915,SWIFTJ1746.3-2850C,266.762,-28.882,40.50,SAXJ1747.0-2853,,266.7608,-28.8830,44.63,41.32,48.04,0.0,2.53,2.33,2.75,1.90,,,,190,LMXB
916,SWIFTJ1746.3-2850D,266.520,-28.886,75.07,IGRJ17461-2853,,266.5211,-28.8836,32.53,24.18,41.14,0.0,1.70,1.16,2.25,0.60,,,,220,molecularcloud
917,SWIFTJ1746.3-2931A,266.521,-29.515,116.76,2E1742.9-2929,,266.5217,-29.5149,169.82,168.14,171.55,0.0,4.59,4.53,4.66,3.00,,,,190,LMXB
918,SWIFTJ1746.3-2931B,266.241,-29.338,53.98,KS1741-293,,266.2417,-29.3367,105.63,102.81,108.55,0.0,2.47,2.40,2.54,9.30,,,,190,LMXB
919,SWIFTJ1746.2-3214,266.565,-32.234,110.13,XTEJ17464-3213,,266.5650,-32.2335,309.26,306.80,311.71,0.0,2.12,2.09,2.14,9.10,,,,190,LMXB
920,SWIFTJ1747.6-2817,266.800,-28.437,24.77,IGRJ17475-2822,,266.7992,-28.4388,67.01,64.69,69.33,0.0,2.43,2.33,2.54,2.20,,,,220,molecularcloud
921,SWIFTJ1747.4-2719,266.826,-27.344,98.32,IGRJ17473-2721,,266.8253,-27.3441,231.49,229.10,233.88,0.0,2.20,2.17,2.23,35.70,,,,190,LMXB
922,SWIFTJ1747.4-3003,266.858,-30.001,79.64,SLX1744-299,,266.8578,-30.0004,133.29,131.56,135.01,0.0,3.25,3.19,3.31,4.10,,,,190,LMXB
923,SWIFTJ1747.7-2253,266.875,-22.880,7.60,IGRJ17476-2253,,266.8740,-22.8790,16.91,15.30,19.37,0.0,2.21,1.74,2.74,1.30,,,,40,Sy1.5
924,SWIFTJ1747.8+6837A,266.954,68.897,3.62,Mrk507,,267.1599,68.7044,7.40,5.52,10.23,0.0,2.15,1.42,3.21,1.10,0.0559,43.74,,40,Sy1.2
925,SWIFTJ1747.8+6837B,267.096,68.578,6.22,VIIZw742,,266.7493,68.6102,3.10,1.69,4.80,0.0,3.18,1.67,5.81,1.70,0.0630,43.47,,40,Sy1.2
926,SWIFTJ1747.9-2631A,266.983,-26.564,327.29,GX3+1,,266.9833,-26.5636,469.39,468.55,470.68,0.0,6.33,6.30,6.37,59.10,,,,190,LMXB
927,SWIFTJ1747.9-2631B,267.299,-26.647,100.34,AXJ1749.1-2639,,267.3000,-26.6472,104.26,102.78,105.54,0.0,4.00,3.93,4.08,46.30,,,,180,HMXB
928,SWIFTJ1748.1-3605,267.078,-36.120,14.48,1A1744-361,,267.0800,-36.1210,22.14,20.88,23.21,0.0,4.48,4.06,4.95,0.50,,,,190,LMXB
929,SWIFTJ1748.8-3257,267.229,-32.914,11.31,2MASSJ17485512-3254521,,267.2297,-32.9145,33.34,30.94,35.41,0.0,2.18,1.96,2.41,1.20,0.0200,43.48,,50,Sy1.9
930,SWIFTJ1749.4-2735,267.287,-27.574,2.99,AXJ1749.1-2733,,267.2880,-27.5530,11.89,9.00,14.28,0.0,3.12,2.41,4.09,1.20,,,,180,HMXB
931,SWIFTJ1749.4-2822,267.404,-28.353,4.86,SWIFTJ174938.1-282117,,267.4088,-28.3547,36.91,32.88,40.38,0.0,0.50,0.00,0.78,9.30,,,,190,LMXB
932,SWIFTJ1750.2-3701,267.553,-37.052,58.86,4U1746-37,,267.5529,-37.0522,82.51,81.42,84.13,0.0,5.45,5.32,5.59,2.70,,,,190,LMXB
933,SWIFTJ1750.6-2903,267.627,-29.051,14.93,IGRJ17507-2856,,267.6024,-29.0370,33.00,30.96,36.02,0.0,2.96,2.71,3.24,0.70,,,,12,U2
934,SWIFTJ1750.7-3117,267.691,-31.294,9.37,Granat1747-312,,267.6900,-31.2920,20.78,18.52,24.12,0.0,2.35,1.93,2.88,3.20,,,,190,LMXB
935,SWIFTJ1751.8-6019,267.972,-60.321,6.88,2MASXJ17515581-6019430,,267.9825,-60.3286,12.67,10.42,15.98,0.0,2.16,1.74,2.66,1.20,,,,50,Sy2
936,SWIFTJ1752.1-2220,268.063,-22.342,93.28,XTEJ1752-223,,268.0628,-22.3423,266.50,264.37,269.05,0.0,1.85,1.83,1.88,3.00,,,,190,LMXB
937,SWIFTJ1753.5-0130,268.366,-1.450,718.38,SWIFTJ1753.5-0127,,268.3679,-1.4525,1781.90,1779.74,1784.50,0.0,1.80,1.80,1.81,50.00,,,,190,LMXB
938,SWIFTJ1754.6-2619,268.611,-26.329,4.72,IGRJ17544-2619,,268.6070,-26.3330,18.49,15.30,22.33,0.0,0.50,0.00,1.32,3.50,,,,180,HMXB
939,SWIFTJ1758.3-3053,269.521,-30.863,6.64,IGRJ17585-3057,,269.5200,-30.8630,17.04,15.50,18.88,0.0,2.80,2.42,3.26,0.50,,,,190,LMXB
940,SWIFTJ1758.5-2123,269.644,-21.389,22.95,IGRJ17586-2129,,269.6438,-21.3892,46.01,43.05,48.03,0.0,2.33,2.21,2.46,33.10,,,,180,HMXB
941,SWIFTJ1759.9-2201,269.940,-22.028,10.47,XTEJ1759-220,,269.9396,-22.0275,18.98,16.53,20.66,0.0,2.90,2.52,3.35,0.70,,,,190,LMXB
942,SWIFTJ1800.3+6637,270.038,66.625,10.59,NGC6552,,270.0304,66.6151,20.96,17.71,23.19,0.0,1.56,1.29,1.84,0.60,0.0265,43.53,,50,Sy2
943,SWIFTJ1800.5+0808,270.184,8.186,11.15,V2301Oph,,270.1458,8.1703,15.31,13.08,16.82,0.0,3.02,2.65,3.46,1.00,,,,90,CV
944,SWIFTJ1801.1-2504,270.284,-25.079,988.92,GX5-1,,270.2842,-25.0792,1487.26,1485.73,1488.31,0.0,5.88,5.87,5.89,557.80,,,,190,LMXB
945,SWIFTJ1801.1-2544,270.301,-25.743,408.30,GRS1758-258,,270.3012,-25.7433,1420.71,1417.73,1423.36,0.0,1.62,1.61,1.63,472.10,,,,190,LMXB
946,SWIFTJ1801.5-2031,270.385,-20.529,507.28,GX9+1,,270.3846,-20.5289,714.86,713.71,715.89,0.0,6.67,6.65,6.69,125.90,,,,190,LMXB
947,SWIFTJ1802.7-2017,270.674,-20.290,56.53,SAXJ1802.7-2017,,270.6748,-20.2881,84.45,82.54,86.15,0.0,2.90,2.83,2.98,25.70,,,,180,HMXB
948,SWIFTJ1802.8-1455,270.698,-14.912,18.96,2MASXiJ1802473-145454,,270.6970,-14.9150,42.36,39.78,44.66,0.0,2.04,1.88,2.21,0.50,0.0360,44.10,,40,Sy1.2
949,SWIFTJ1806.9-5003,271.714,-50.023,6.34,tetAra,,271.6578,-50.0915,13.60,10.78,16.19,0.0,1.91,1.48,2.39,1.40,,,,110,star
950,SWIFTJ1807.9+1124,271.946,11.364,7.40,2MASXJ18074992+1120494,,271.9580,11.3470,15.42,12.54,18.08,0.0,1.89,1.41,2.43,1.40,0.0800,44.39,,40,Sy1.2
951,SWIFTJ1807.9+0549,271.965,5.852,9.57,V426Oph,,271.9655,5.8635,12.89,11.11,14.50,0.0,3.26,2.81,3.83,0.70,,,,90,CV
952,SWIFTJ1808.5-3655,272.119,-36.988,18.47,SAXJ1808.4-3658,,272.1150,-36.9790,36.80,34.29,39.14,0.0,2.34,2.15,2.53,1.40,,,,190,LMXB
953,SWIFTJ1808.7-2024,272.164,-20.411,16.00,SGR1806-20,,272.1638,-20.4110,52.56,49.46,56.09,0.0,1.66,1.51,1.81,0.50,,,,150,Pulsar
954,SWIFTJ1810.2-1903,272.586,-19.070,34.18,XTEJ1810-189,,272.5863,-19.0697,82.09,79.56,84.96,0.0,2.23,2.15,2.30,9.40,,,,190,LMXB
955,SWIFTJ1810.8-2610,272.656,-26.131,9.42,SAXJ1810.8-2609,,272.6850,-26.1500,23.98,21.32,26.99,0.0,2.15,1.89,2.42,3.40,,,,190,LMXB
956,SWIFTJ1811.5-1925,272.872,-19.424,10.85,PSRJ1811-1925,,272.8720,-19.4240,34.65,31.96,37.70,0.0,2.07,1.87,2.29,1.10,,,,150,Pulsar
957,SWIFTJ1813.6-1753,273.364,-17.849,14.36,IGRJ18135-1751,,273.3629,-17.8489,40.69,38.03,43.05,0.0,1.92,1.74,2.10,0.70,,,,160,SNR
958,SWIFTJ1814.6-1709,273.632,-17.157,270.23,GX13+1,,273.6315,-17.1574,379.07,377.93,380.08,0.0,5.71,5.68,5.74,22.80,,,,190,LMXB
959,SWIFTJ1815.1-1208,273.776,-12.096,282.32,4U1812-12,,273.7758,-12.0964,674.61,672.05,676.88,0.0,2.06,2.05,2.07,117.00,,,,190,LMXB
960,SWIFTJ1816.0+4236,274.046,42.625,10.62,UGC11185NED02,,274.0487,42.6608,22.11,19.56,24.37,0.0,1.63,1.38,1.89,2.60,0.0412,43.94,,50,Sy2
961,SWIFTJ1815.8-1403,274.006,-14.036,1127.86,GX17+2,,274.0058,-14.0364,1545.54,1544.28,1546.63,0.0,5.34,5.33,5.34,1174.60,,,,190,LMXB
962,SWIFTJ1816.1+4951,274.052,49.865,43.18,AMHer,,274.0555,49.8678,49.02,47.46,50.35,0.0,3.11,3.01,3.22,5.40,,,,90,CV
963,SWIFTJ1817.4-2510,274.348,-25.166,9.15,IGRJ18173-2509,,274.3424,-25.1452,14.55,12.82,15.99,0.0,3.55,3.10,4.10,1.00,,,,90,CV
964,SWIFTJ1817.8-3301,274.334,-32.985,5.93,XTEJ1817-330,,274.4314,-33.0188,17.76,14.58,20.46,0.0,1.65,1.27,2.04,1.70,,,,190,LMXB
965,SWIFTJ1820.4-1433,275.148,-14.581,1.75,AXJ1820.5-1434,,275.1255,-14.5731,15.00,10.52,17.95,0.0,0.50,0.00,0.74,49.20,,,,180,HMXB
966,SWIFTJ1821.4-1320,275.332,-13.311,15.32,CXOUJ182119.7-131838,,275.3320,-13.3108,33.33,30.91,34.86,0.0,2.37,2.17,2.58,0.50,,,,180,HMXB
967,SWIFTJ1822.0+6421,275.435,64.323,16.85,H1821+643,,275.4888,64.3434,21.26,19.32,22.50,0.0,2.38,2.16,2.62,0.70,0.2970,45.78,,40,Sy1.2
968,SWIFTJ1821.6+5953,275.360,59.912,6.75,2MASXJ18212680+5955209,,275.3619,59.9225,10.09,7.87,11.50,0.0,2.05,1.60,2.57,1.10,0.0990,44.40,,50,Sy2
969,SWIFTJ1823.7-3023,275.918,-30.360,711.05,4U1820-30,,275.9186,-30.3611,949.01,947.91,950.14,0.0,5.20,5.19,5.22,335.20,,,,190,LMXB
970,SWIFTJ1824.3-5624,276.073,-56.378,18.07,IC4709,,276.0808,-56.3692,39.08,36.79,41.45,0.0,1.93,1.78,2.09,2.20,0.0169,43.40,,50,Sy2
971,SWIFTJ1824.2+1845,276.029,18.784,7.27,2MASXJ18241083+1846088,,276.0451,18.7691,14.10,11.87,16.39,0.0,2.03,1.60,2.54,0.50,0.0670,44.19,,50,Sy1.9
972,SWIFTJ1824.4-1425,276.099,-14.416,9.07,IGRJ18246-1425,,276.0990,-14.4154,18.63,16.84,20.47,0.0,2.80,2.48,3.18,1.20,,,,150,Pulsar
973,SWIFTJ1825.4+0000,276.341,-0.014,39.98,4U1822-000,,276.3421,-0.0122,50.35,49.34,51.39,0.0,5.51,5.30,5.74,1.20,,,,190,LMXB
974,SWIFTJ1825.7+7215,276.378,72.220,5.24,VIIZw800,,276.5897,72.1506,6.27,4.44,7.67,0.0,2.39,1.71,3.34,0.90,,,,70,UnknownAGN
975,SWIFTJ1825.7-3705,276.447,-37.105,379.69,4U1822-371,,276.4450,-37.1053,531.12,529.63,532.23,0.0,3.63,3.62,3.64,772.60,,,,190,LMXB
976,SWIFTJ1826.1-0710,276.497,-7.164,8.46,1RXSJ182557.5-071021,,276.4899,-7.1730,19.26,16.71,21.16,0.0,2.16,1.85,2.51,0.80,0.0370,43.79,,40,Sy1
977,SWIFTJ1826.2-1452,276.562,-14.848,9.42,RXJ1826.2-1450,,276.5630,-14.8480,32.69,29.62,34.97,0.0,1.62,1.37,1.87,0.50,,,,180,HMXB
978,SWIFTJ1826.8+3254,276.632,32.870,9.61,2MASXJ18263239+3251300,,276.6350,32.8583,16.72,14.70,19.05,0.0,2.11,1.79,2.46,0.70,0.0220,43.26,,50,Sy2
979,SWIFTJ1829.4-2346,277.367,-23.796,840.07,Ginga1826-24,,277.3675,-23.7913,1686.69,1684.61,1689.08,0.0,2.31,2.31,2.32,868.50,,,,190,LMXB
980,SWIFTJ1829.4+4846,277.403,48.737,6.69,3C380,,277.3820,48.7460,15.23,12.86,17.95,0.0,1.52,1.14,1.91,1.60,0.6920,46.51,,80,BeamedAGN
981,SWIFTJ1830.8+0928,277.701,9.488,5.81,2MASXJ18305065+0928414,,277.7110,9.4783,11.56,9.34,14.08,0.0,2.11,1.61,2.71,0.50,0.0190,42.97,,50,Sy2
982,SWIFTJ1833.7-1032,278.386,-10.566,36.97,SNRG21.5-00.9,,278.3833,-10.5600,74.49,72.13,77.30,0.0,2.26,2.17,2.35,0.50,,,,160,SNR
983,SWIFTJ1833.7-2105,278.424,-21.068,27.69,PKS1830-21,,278.4162,-21.0611,87.26,84.15,90.96,0.0,1.47,1.38,1.56,0.70,2.5000,48.64,,80,BeamedAGN
984,SWIFTJ1835.0+3240,278.755,32.693,45.32,3C382,,278.7641,32.6963,82.33,80.04,85.06,0.0,2.03,1.96,2.10,0.70,0.0579,44.82,,40,Sy1.2
985,SWIFTJ1835.6-3259,278.943,-32.986,89.95,XB1832-330,,278.9320,-32.9906,178.46,176.18,181.18,0.0,2.26,2.23,2.30,1.40,,,,190,LMXB
986,SWIFTJ1836.9-5924,279.261,-59.422,8.23,Fairall49,,279.2429,-59.4024,13.88,12.33,15.85,0.0,2.42,2.01,2.89,0.90,0.0202,43.11,,50,Sy1.9
987,SWIFTJ1837.9-0657,279.491,-6.909,25.53,PSRJ1838-0655,,279.5130,-6.9259,68.65,66.48,71.40,0.0,1.71,1.60,1.82,0.40,,,,150,Pulsar
988,SWIFTJ1838.4-6524,279.585,-65.429,56.93,ESO103-035,,279.5848,-65.4276,106.86,105.16,109.02,0.0,2.15,2.10,2.20,10.90,0.0133,43.63,,50,Sy1.9
989,SWIFTJ1839.1-5717,279.762,-57.281,9.01,SWIFTJ183905.82-571507.6,,279.7765,-57.2516,13.08,11.76,14.76,0.0,2.85,2.39,3.43,0.70,,,,50,Sy2
990,SWIFTJ1840.0+0501,279.989,5.036,248.29,SerX-1,,279.9896,5.0358,293.15,292.39,294.11,0.0,5.90,5.86,5.94,24.30,,,,190,LMXB
991,SWIFTJ1840.9-0536,280.205,-5.654,11.14,AXJ1841.0-0535,,280.2518,-5.5963,25.29,22.74,28.00,0.0,1.91,1.61,2.23,1.20,,,,180,HMXB
992,SWIFTJ1841.2-0458,280.328,-4.937,29.80,1E1841-045,,280.3306,-4.9364,106.80,103.70,110.10,0.0,1.33,1.25,1.40,2.50,,,,150,Pulsar
993,SWIFTJ1842.5-1124,280.522,-11.474,22.25,SWIFTJ1842.2-1124,,280.5729,-11.4172,50.26,47.88,52.78,0.0,2.03,1.90,2.17,1.40,,,,12,U2
994,SWIFTJ1842.0+7945,280.553,79.774,62.38,3C390.3,,280.5375,79.7714,102.87,100.91,104.95,0.0,1.99,1.94,2.04,0.50,0.0561,44.89,,40,Sy1.5
995,SWIFTJ1844.5-6221,281.212,-62.389,21.14,Fairall51,,281.2249,-62.3648,36.51,34.12,38.82,0.0,2.28,2.14,2.44,3.60,0.0142,43.22,,40,Sy1.5
996,SWIFTJ1844.9-0435,281.232,-4.580,19.26,AXJ1845.0-0433,,281.2588,-4.5653,34.51,32.10,36.85,0.0,2.49,2.30,2.69,1.80,,,,180,HMXB
997,SWIFTJ1845.7+0052,281.415,0.891,32.82,Ginga1843+009,,281.4039,0.8637,61.55,59.09,63.93,0.0,2.41,2.31,2.51,2.60,,,,180,HMXB
998,SWIFTJ1845.4+7211,281.372,72.203,7.72,CGCG341-006,,281.3593,72.1838,9.07,7.37,10.76,0.0,2.72,2.24,3.35,0.10,0.0463,43.66,,50,Sy2
999,SWIFTJ1846.5-0257,281.592,-2.976,19.17,AXJ1846.4-0258,,281.6020,-2.9740,48.62,45.84,50.88,0.0,1.77,1.61,1.93,1.00,,,,150,Pulsar
1000,SWIFTJ1852.2+8424A,283.251,84.347,4.75,SWIFTJ185024.2+842240,,282.6010,84.3778,3.79,1.12,5.95,0.0,3.54,1.26,0.00,0.40,,,,40,Sy1
1001,SWIFTJ1852.2+8424B,282.350,84.474,7.80,1RXSJ184642.2+842506,,281.7184,84.4184,8.92,3.26,13.64,0.0,1.33,0.00,6.09,0.30,,,,40,Sy1
1002,SWIFTJ1848.0-7832,282.010,-78.543,7.71,2MASXJ18470283-7831494,,281.7618,-78.5304,11.16,9.22,12.78,0.0,2.37,1.93,2.90,0.90,0.0741,44.18,,50,Sy1.9
1003,SWIFTJ1848.2-0310,282.075,-3.174,46.16,IGRJ18483-0311,,282.0750,-3.1617,79.14,77.31,81.63,0.0,2.62,2.54,2.70,5.30,,,,180,HMXB
1004,SWIFTJ1848.4+0040,282.125,0.662,6.35,NOVAAql1918,,282.2275,0.5841,8.71,7.26,10.71,0.0,3.25,2.57,4.16,0.60,,,,170,Nova
1005,SWIFTJ1848.5-0046,282.113,-0.747,10.65,IGRJ18485-0047,,282.1056,-0.7764,21.08,19.02,23.88,0.0,2.29,1.98,2.64,0.50,,,,70,UnknownAGN
1006,SWIFTJ1849.1-0005,282.244,-0.024,13.38,IGRJ18490-0000,,282.2570,-0.0219,33.83,31.38,37.15,0.0,1.81,1.61,2.02,0.70,,,,150,Pulsar
1007,SWIFTJ1852.8+3002,283.187,30.076,6.29,GALEXASCJ185249.68+300425.8,,283.2070,30.0738,10.77,8.34,12.74,0.0,2.21,1.75,2.77,0.70,,,,12,U2
1008,SWIFTJ1853.0-0843,283.271,-8.706,74.92,4U1850-086,,283.2703,-8.7057,140.77,138.21,142.90,0.0,2.33,2.28,2.38,2.60,,,,190,LMXB
1009,SWIFTJ1856.5-7851,283.778,-78.875,6.23,ESO025-G002,,283.6679,-78.8984,9.56,7.02,11.60,0.0,2.14,1.55,2.94,0.70,0.0289,43.26,,50,Sy1.9
1010,SWIFTJ1855.0-3110,283.758,-31.161,83.32,V1223Sgr,,283.7593,-31.1635,128.46,126.45,130.12,0.0,2.97,2.92,3.02,18.60,,,,90,CV
1011,SWIFTJ1855.5+0516,283.834,5.183,4.47,SWIFTJ1855.5+0516,,283.8611,5.3336,9.06,6.42,11.16,0.0,1.99,1.20,2.95,0.80,,,,11,U1
1012,SWIFTJ1855.5-0237,283.879,-2.605,123.98,XTEJ1855-026,,283.8767,-2.6046,210.97,208.84,212.68,0.0,2.58,2.55,2.61,47.30,,,,180,HMXB
1013,SWIFTJ1856.1+1539,283.995,15.629,17.30,2MASXJ18560128+1538059,,284.0021,15.6320,33.45,31.10,35.34,0.0,2.12,1.94,2.32,0.70,0.0840,44.77,,40,Sy1.2
1014,SWIFTJ1856.8+0519,284.209,5.397,8.07,XTEJ1856+053,,284.1786,5.3094,19.61,16.76,21.89,0.0,1.81,1.46,2.19,1.60,,,,180,HMXB
1015,SWIFTJ1856.6-5443,284.208,-54.718,8.50,2MASXJ18564935-5442298,,284.2058,-54.7083,16.87,14.89,19.05,0.0,2.15,1.81,2.53,0.50,0.0563,44.11,,50,Sy1.9
1016,SWIFTJ1856.2-7829,284.370,-78.500,13.16,2MASXJ18570768-7828212,,284.2823,-78.4725,23.58,21.58,25.77,0.0,1.97,1.73,2.23,1.70,0.0420,43.99,,40,Sy1
1017,SWIFTJ1858.9+0329,284.693,3.424,8.40,XTEJ1858+034,,284.6790,3.4340,11.72,10.57,13.10,0.0,3.82,3.27,4.54,0.90,,,,180,HMXB
1018,SWIFTJ1900.2-2455,285.039,-24.919,277.74,HETEJ1900.1-2455,,285.0360,-24.9205,526.21,524.26,528.32,0.0,2.32,2.31,2.33,33.20,,,,190,LMXB
1019,SWIFTJ1901.6+0129,285.419,1.445,29.48,XTEJ1901+014,,285.4208,1.4385,57.76,55.64,60.34,0.0,2.26,2.15,2.37,0.90,,,,180,HMXB
1020,SWIFTJ1903.9+3349,285.970,33.816,10.24,UGC11397,,285.9548,33.8447,20.35,18.12,23.04,0.0,1.80,1.50,2.11,1.10,0.0151,43.02,,50,Sy2
1021,SWIFTJ1905.4+4231,286.353,42.506,7.24,CGCG229-015,,286.3581,42.4610,10.56,8.77,12.74,0.0,2.31,1.87,2.84,0.70,0.0279,43.27,,40,Sy1
1022,SWIFTJ1907.3-2050,286.805,-20.799,9.68,V1082Sgr,,286.8411,-20.7808,12.30,11.01,13.83,0.0,3.88,3.25,4.69,1.50,,,,90,CV
1023,SWIFTJ1909.6+0948,287.408,9.830,105.44,4U1907+09,,287.4079,9.8303,166.19,164.55,168.03,0.0,3.59,3.54,3.63,163.10,,,,180,HMXB
1024,SWIFTJ1910.8+0739,287.700,7.596,129.01,4U1908+075,,287.7000,7.5961,260.95,258.81,263.34,0.0,2.66,2.63,2.68,41.10,,,,180,HMXB
1025,SWIFTJ1911.2+0036,287.809,0.593,100.72,AqlX-1,,287.8167,0.5850,159.69,157.59,162.06,0.0,2.66,2.62,2.71,10.10,,,,190,LMXB
1026,SWIFTJ1912.0+0500,287.957,4.982,84.01,SS433,,287.9565,4.9827,141.89,139.91,144.12,0.0,2.83,2.78,2.88,11.20,,,,180,HMXB
1027,SWIFTJ1913.3-5010,288.305,-50.165,6.82,ESO231-G026,,288.3115,-50.1829,16.86,13.74,20.16,0.0,1.73,1.36,2.13,1.10,0.0625,44.20,,50,Sy2
1028,SWIFTJ1914.0+0951,288.516,9.878,42.89,IGRJ19140+0951,,288.5176,9.8829,54.24,51.40,57.24,0.0,2.12,2.01,2.23,22.50,,,,180,HMXB
1029,SWIFTJ1915.3+1057,288.798,10.946,2706.96,GRS1915+105,,288.7983,10.9456,4699.44,4697.37,4701.61,0.0,3.09,3.09,3.09,64.90,,,,190,LMXB
1030,SWIFTJ1918.6-0516,289.700,-5.234,119.06,4U1916-053,,289.6995,-5.2381,205.04,202.52,207.70,0.0,2.53,2.50,2.56,1.60,,,,190,LMXB
1031,SWIFTJ1919.4-2958,289.869,-29.968,8.49,PKS1916-300,,289.8667,-29.9694,15.53,13.08,18.13,0.0,2.46,2.11,2.87,0.90,0.1668,45.08,,50,Sy1.9
1032,SWIFTJ1921.1-5842,290.332,-58.696,30.89,ESO141-G055,,290.3090,-58.6703,58.77,56.22,61.07,0.0,2.06,1.96,2.17,4.20,0.0360,44.25,,40,Sy1.2
1033,SWIFTJ1921.1+4356,290.269,43.968,31.25,ABELL2319,,290.1889,43.9619,31.81,30.56,32.95,0.0,3.63,3.46,3.83,0.80,,,,30,GalaxyCluster
1034,SWIFTJ1922.7-1716,290.667,-17.286,27.52,SWIFTJ1922.7-1716,,290.6542,-17.2842,55.74,53.09,58.12,0.0,2.19,2.07,2.31,2.30,,,,190,LMXB
1035,SWIFTJ1924.5+5014,291.146,50.232,10.54,CHCyg,,291.1378,50.2414,11.30,10.10,12.44,0.0,3.70,3.26,4.22,2.40,,,,100,Symbioticstar
1036,SWIFTJ1925.0+5041,291.270,50.711,6.11,2MASXJ19250215+5043134,,291.2591,50.7204,11.96,9.94,14.46,0.0,1.77,1.35,2.22,1.60,,,,40,Sy1
1037,SWIFTJ1926.9+4140,291.625,41.563,8.08,2MASXJ19263018+4133053,,291.6258,41.5514,10.11,8.63,11.93,0.0,2.65,2.15,3.29,0.70,0.0710,44.09,,50,Sy2
1038,SWIFTJ1928.0+7356,292.110,73.941,8.65,4C+73.18,,291.9520,73.9670,11.04,9.57,12.84,0.0,2.50,2.08,3.03,0.90,0.3021,45.51,,80,BeamedAGN
1039,SWIFTJ1929.8+1821,292.517,18.320,13.73,SWIFTJ192955.7+181839,,292.4821,18.3107,18.42,17.05,20.11,0.0,3.24,2.92,3.60,1.60,,,,180,HMXB
1040,SWIFTJ1930.5+3414,292.553,34.201,13.18,2MASXJ19301380+3410495,,292.5575,34.1805,26.19,23.82,28.46,0.0,1.84,1.63,2.06,2.10,0.0629,44.40,,40,Sy1.5
1041,SWIFTJ1933.9+3258,293.461,32.907,12.55,2MASSJ19334715+3254259,,293.4483,32.9061,21.85,19.71,23.90,0.0,2.12,1.88,2.39,0.80,0.0578,44.24,,40,Sy1.2
1042,SWIFTJ1937.5-0613,294.384,-6.219,14.79,2MASXJ19373299-0613046,,294.3880,-6.2180,25.15,22.98,27.24,0.0,2.53,2.28,2.81,1.10,0.0103,42.77,,40,Sy1.5
1043,SWIFTJ1938.1-5108,294.563,-51.176,9.51,2MASXJ19380437-5109497,,294.5183,-51.1638,17.49,15.28,19.61,0.0,2.17,1.84,2.55,0.40,0.0400,43.81,,40,Sy1.2
1044,SWIFTJ1940.3-1028,295.050,-10.421,32.08,V1432Aql,,295.0478,-10.4236,48.63,46.87,50.54,0.0,2.99,2.86,3.13,3.50,,,,90,CV
1045,SWIFTJ1940.4-3015,295.051,-30.251,11.08,IGRJ19405-3016,,295.0629,-30.2644,24.92,22.40,27.66,0.0,1.89,1.61,2.18,0.70,0.0520,44.20,,40,Sy1.2
1046,SWIFTJ1942.6-1024,295.662,-10.321,28.50,NGC6814,,295.6694,-10.3235,64.47,61.83,67.32,0.0,1.96,1.85,2.07,2.00,0.0052,42.59,,40,Sy1.5
1047,SWIFTJ1943.5+2120,295.983,21.309,14.50,SWIFTJ1943536.21+211822.9,,295.9842,21.3064,27.60,25.34,30.05,0.0,2.11,1.88,2.36,1.10,,,,80,BeamedAGN
1048,SWIFTJ1945.6+2722,296.420,27.372,42.74,XTEJ1946+275,,296.4140,27.3654,53.84,52.51,55.09,0.0,3.39,3.28,3.51,7.70,,,,180,HMXB
1049,SWIFTJ1947.3+4447,296.809,44.839,14.18,2MASXJ19471938+4449425,,296.8307,44.8284,23.51,21.56,25.33,0.0,2.15,1.93,2.39,1.10,0.0539,44.21,,50,Sy2
1050,SWIFTJ1949.5+3012,297.393,30.192,21.39,KS1947+300,,297.3771,30.2067,32.82,31.07,34.47,0.0,2.59,2.42,2.78,0.80,,,,180,HMXB
1051,SWIFTJ1952.4+0237,298.068,2.476,11.34,3C403,,298.0660,2.5070,29.65,26.78,32.35,0.0,1.58,1.33,1.84,1.00,0.0590,44.39,,50,Sy2
1052,SWIFTJ1953.0+3256,298.262,32.893,5.65,SNRG068.8+02.6,,298.2310,32.9296,9.21,7.26,10.99,0.0,2.27,1.69,3.07,1.00,,,,160,SNR
1053,SWIFTJ1955.8+3203,298.927,32.086,187.78,4U1954+31,,298.9264,32.0970,271.20,269.85,273.65,0.0,2.83,2.81,2.85,99.20,,,,190,LMXB
1054,SWIFTJ1958.4+3510,299.591,35.201,8332.89,CygX-1,,299.5903,35.2016,17234.20,17232.30,17237.60,0.0,1.90,1.90,1.90,17727.80,,,,180,HMXB
1055,SWIFTJ1958.3+3233,299.558,32.577,9.70,V2306Cyg,,299.5604,32.5450,13.62,12.32,16.02,0.0,2.92,2.54,3.37,2.00,,,,90,CV
1056,SWIFTJ1959.3+1143,299.845,11.706,18.45,4U1957+115,,299.8509,11.7090,28.07,26.54,30.87,0.0,2.70,2.47,2.96,0.90,,,,190,LMXB
1057,SWIFTJ1959.4+4044,299.884,40.735,75.74,CygnusA,,299.8682,40.7339,145.23,142.63,147.68,0.0,1.95,1.90,1.99,7.50,0.0561,45.04,,50,Sy2
1058,SWIFTJ1959.6+6507,299.973,65.158,23.06,QSOB1959+650,,299.9994,65.1485,29.03,27.20,30.75,0.0,2.67,2.49,2.85,1.40,0.0470,44.18,,80,BeamedAGN
1059,SWIFTJ2000.6+3210,300.100,32.185,27.50,SWIFTJ2000522.0+320731,,300.0913,32.1894,44.75,42.51,46.85,0.0,2.48,2.35,2.61,1.60,,,,180,HMXB
1060,SWIFTJ2001.0-1811,300.245,-18.170,10.50,2MASXJ20005575-1810274,,300.2321,-18.1743,24.69,21.49,27.70,0.0,1.91,1.63,2.20,1.30,0.0373,43.90,,50,Sy1.9
1061,SWIFTJ2006.4+3645,301.561,36.754,8.68,SWIFTJ200622.36+364140.9,,301.5946,36.6944,14.39,12.08,16.59,0.0,2.28,1.93,2.67,1.10,,,,12,U2
1062,SWIFTJ2006.5+5619,301.626,56.323,8.05,2MASXJ20063331+5620364,,301.6389,56.3435,11.82,9.76,13.80,0.0,2.29,1.92,2.73,1.20,0.0430,43.71,,50,Sy2
1063,SWIFTJ2007.0-3433,301.718,-34.532,10.36,ESO399-20,,301.7380,-34.5480,19.69,17.01,22.23,0.0,2.20,1.88,2.57,1.80,0.0249,43.44,,40,Sy1.2
1064,SWIFTJ2009.0-6103,302.197,-61.098,26.70,NGC6860,,302.1954,-61.1002,51.52,48.89,54.02,0.0,2.05,1.93,2.17,1.00,0.0149,43.41,,50,Sy1.9
1065,SWIFTJ2009.6-4851,302.477,-48.866,3.94,PKS2005-489,,302.3558,-48.8316,6.03,2.96,8.64,0.0,2.42,1.59,3.67,0.70,0.0710,43.87,,80,BeamedAGN
1066,SWIFTJ2010.6-2521,302.670,-25.343,5.00,1RXSJ201020.0-252356,,302.5825,-25.3997,10.83,6.72,14.50,0.0,1.77,1.13,2.50,0.40,,,,80,BeamedAGN
1067,SWIFTJ2010.7+4801,302.612,47.964,6.15,2MASXJ20101740+4800214,,302.5725,48.0059,14.52,10.91,17.74,0.0,1.56,1.17,1.96,1.10,0.0255,43.33,,50,Sy2
1068,SWIFTJ2011.5-1544,302.833,-15.750,7.15,PKS2008-159,,302.8155,-15.7778,12.60,9.33,15.52,0.0,2.41,1.86,3.13,0.60,1.1800,47.00,,80,BeamedAGN
1069,SWIFTJ2012.0-5648,303.093,-56.867,7.40,ABELL3667,,303.1254,-56.8165,8.28,7.05,9.37,0.0,4.21,3.44,5.28,0.50,,,,30,GalaxyCluster
1070,SWIFTJ2015.2+2526,303.725,25.406,4.69,2MASXJ20145928+2523010,,303.7470,25.3836,10.55,7.64,13.04,0.0,1.71,1.00,2.53,0.50,0.0453,43.71,,50,Sy2
1071,SWIFTJ2015.9+3715,303.894,37.212,10.06,QSOB2013+370,,303.8700,37.1830,18.18,15.76,20.23,0.0,2.13,1.81,2.49,0.70,,,,80,BeamedAGN
1072,SWIFTJ2018.4-5539,304.546,-55.653,14.17,PKS2014-55,,304.5050,-55.6590,28.74,25.96,31.09,0.0,1.92,1.69,2.16,0.70,0.0600,44.39,,50,Sy2
1073,SWIFTJ2018.8+4041,304.673,40.678,13.71,2MASXJ20183871+4041003,,304.6613,40.6834,26.22,24.14,28.22,0.0,2.03,1.83,2.25,1.80,0.0144,43.09,,50,Sy2
1074,SWIFTJ2021.9+4400,305.467,44.011,6.43,2MASXJ20214907+4400399,,305.4544,44.0110,14.80,12.47,17.03,0.0,1.70,1.32,2.10,1.10,0.0170,42.98,,50,Sy2
1075,SWIFTJ2024.0-0246,305.953,-2.717,5.06,1RXSJ202400.8-024527,,306.0075,-2.7596,9.69,7.22,12.03,0.0,2.08,1.39,3.10,1.00,,,,12,U2
1076,SWIFTJ2027.1-0220,306.734,-2.297,6.63,IIZw083,,306.7328,-2.2775,15.03,12.42,17.52,0.0,1.94,1.46,2.50,0.70,0.0291,43.47,,50,Sy2
1077,SWIFTJ2028.5+2543,307.138,25.734,31.35,MCG+04-48-002,,307.1461,25.7333,75.09,71.71,77.92,0.0,1.68,1.60,1.77,2.50,0.0139,43.51,,50,Sy2
1078,SWIFTJ2029.4-6149,307.402,-61.787,6.24,2MASXJ20293125-6149087,,307.3802,-61.8191,14.86,11.58,17.63,0.0,1.74,1.33,2.16,1.60,,,,70,UnknownAGN
1079,SWIFTJ2030.2-7532,307.663,-75.526,8.63,IRAS20247-7542,,307.6736,-75.5452,12.87,10.36,15.00,0.0,2.24,1.89,2.64,1.60,0.1143,44.64,,50,Sy1.9
1080,SWIFTJ2032.2+3738,308.063,37.638,540.61,EXO2030+375,,308.0633,37.6375,784.45,782.27,786.28,0.0,2.70,2.70,2.71,656.80,,,,180,HMXB
1081,SWIFTJ2032.5+4055,308.108,40.958,1892.57,CygX-3,,308.1074,40.9578,2467.88,2465.95,2469.50,0.0,3.00,3.00,3.01,4339.80,,,,180,HMXB
1082,SWIFTJ2033.4+2147,308.384,21.762,15.34,4C+21.55,,308.3835,21.7729,30.81,27.92,33.66,0.0,2.01,1.82,2.22,1.10,0.1735,45.41,,40,Sy1
1083,SWIFTJ2034.0-0943,308.666,-9.505,3.26,SWIFTJ2034.0-0943,,308.5070,-9.6768,2.08,0.95,3.42,0.0,5.79,1.32,0.00,1.20,,,,11,U1
1084,SWIFTJ2035.2+2604,308.783,26.029,5.69,2MASXJ20350566+2603301,,308.7735,26.0583,12.96,9.82,16.06,0.0,1.74,1.25,2.28,0.90,0.0480,43.85,,40,Sy1.5
1085,SWIFTJ2035.6-5013,308.870,-50.217,5.83,ESO234-G050,,308.9912,-50.1923,10.78,7.87,13.64,0.0,2.08,1.54,2.72,1.50,0.0088,42.27,,50,Sy2
1086,SWIFTJ2037.2+4151,309.263,41.859,12.99,SSTSL2J203705.58+415005.3,,309.2733,41.8348,13.57,12.46,14.34,0.0,5.24,4.65,5.99,1.00,,,,80,BeamedAGN
1087,SWIFTJ2040.2-5126,310.036,-51.440,6.39,ESO234-IG063,,310.0656,-51.4297,12.12,8.93,14.07,0.0,2.00,1.43,2.72,0.90,0.0537,43.92,,50,Sy2
1088,SWIFTJ2042.3+7507,310.668,75.133,34.33,4C+74.26,,310.6554,75.1340,51.18,48.82,52.62,0.0,2.18,2.09,2.28,3.40,0.1040,45.15,,40,Sy1
1089,SWIFTJ2044.0+2832,311.028,28.554,10.30,RXJ2044.0+2833,,311.0188,28.5534,16.63,14.03,18.22,0.0,2.31,1.96,2.73,0.30,0.0500,43.99,,40,Sy1.2
1090,SWIFTJ2044.2-1045,311.049,-10.733,47.96,Mrk509,,311.0406,-10.7235,100.14,96.96,102.67,0.0,2.08,2.01,2.15,3.10,0.0344,44.44,,40,Sy1.2
1091,SWIFTJ2048.4+3815,312.115,38.250,4.20,1RXSJ204826.8+381120,,312.1117,38.1904,7.12,4.66,9.18,0.0,2.06,1.27,3.18,0.60,,,,12,U2
1092,SWIFTJ2052.0-5704,313.016,-57.069,33.58,IC5063,,313.0098,-57.0688,67.76,64.82,70.09,0.0,1.90,1.80,1.99,0.90,0.0114,43.29,,50,Sy2
1093,SWIFTJ2056.0-4713,313.824,-47.165,12.76,PKS2052-47,,314.0682,-47.2466,18.27,15.45,20.50,0.0,2.19,1.83,2.60,0.60,1.4890,47.41,,80,BeamedAGN
1094,SWIFTJ2056.8+4939,314.202,49.665,9.14,RXJ2056.6+4940,,314.1780,49.6685,13.01,10.99,14.71,0.0,2.62,2.24,3.08,0.50,,,,80,BeamedAGN
1095,SWIFTJ2059.6+4301A,314.927,43.035,6.21,SWIFTJ205915.84+430109.5,,314.8146,43.0190,3.40,0.85,5.42,0.0,3.23,1.46,0.00,0.70,,,,12,U2
1096,SWIFTJ2059.6+4301B,315.102,43.013,4.17,SWIFTJ210001.06+430209.6,,315.0042,43.0358,10.39,5.37,14.62,0.0,1.45,0.00,2.93,0.20,,,,12,U2
1097,SWIFTJ2102.6-2810,315.669,-28.162,8.58,SWIFTJ2102.6-2810,,315.5990,-28.1749,16.54,13.40,19.20,0.0,2.16,1.75,2.66,0.30,,,,11,U1
1098,SWIFTJ2103.7+4546,315.921,45.752,44.05,SAXJ2103.5+4545,,315.8988,45.7515,68.15,65.57,70.15,0.0,2.45,2.37,2.53,7.50,,,,180,HMXB
1099,SWIFTJ2109.1-0942,317.280,-9.699,10.51,2MASXJ21090996-0940147,,317.2915,-9.6707,18.78,15.64,21.22,0.0,2.52,2.20,2.89,0.70,0.0265,43.48,,40,Sy1.2
1100,SWIFTJ2109.2+3531,317.347,35.551,7.20,B22107+35A,,317.3828,35.5493,11.13,8.54,13.16,0.0,2.44,2.01,2.94,1.10,0.2023,45.12,,40,Sy1
1101,SWIFTJ2113.5+5422,318.367,54.405,6.15,1RXSJ211336.1+542226,,318.4004,54.3739,7.46,5.56,8.97,0.0,2.94,2.31,3.76,1.60,,,,90,CV
1102,SWIFTJ2114.4+8206,318.467,82.089,20.53,2MASXJ21140128+8204483,,318.5049,82.0801,33.75,31.26,35.92,0.0,1.92,1.77,2.08,0.20,0.0840,44.77,,40,Sy1.2
1103,SWIFTJ2116.0-5840,319.026,-58.665,5.01,CDInd,,318.9036,-58.6981,6.03,4.01,7.70,0.0,2.94,2.19,4.13,0.80,,,,90,CV
1104,SWIFTJ2116.3+2512,319.050,25.222,4.45,2MASXJ21161028+2517010,,319.0428,25.2836,8.69,5.57,11.39,0.0,1.80,1.00,2.79,0.60,0.1600,44.78,,40,Sy1
1105,SWIFTJ2117.5+5139,319.447,51.646,16.44,2MASXJ21174741+5138523,,319.4480,51.6483,32.32,29.57,34.73,0.0,1.84,1.66,2.02,0.90,,,,80,BeamedAGN
1106,SWIFTJ2118.9+3336,319.869,33.549,7.83,2MASXJ21192912+3332566,,319.8714,33.5491,13.56,10.59,15.71,0.0,2.10,1.72,2.55,1.10,0.0507,43.92,,40,Sy1.5
1107,SWIFTJ2123.5+4217,320.922,42.289,13.68,V2069Cyg,,320.9370,42.3010,17.79,15.65,19.35,0.0,2.89,2.60,3.23,1.30,,,,90,CV
1108,SWIFTJ2123.6+2506,320.957,25.062,8.47,3C433,,320.9356,25.0700,15.87,12.65,18.21,0.0,2.00,1.60,2.45,1.50,0.1016,44.62,,50,Sy1.9
1109,SWIFTJ2124.6+0500,321.073,4.952,5.32,SDSSJ212412.43+050243.6,,321.0518,5.0455,6.81,4.60,8.36,0.0,3.16,2.37,4.45,0.60,,,,110,star
1110,SWIFTJ2124.6+5057,321.157,50.965,119.41,4C50.55,,321.1643,50.9735,210.38,208.62,212.52,0.0,2.02,1.99,2.04,3.70,0.0200,44.28,,40,Sy1.2
1111,SWIFTJ2127.4+5654,321.937,56.949,28.85,SWIFTJ212745.6+565636,,321.9373,56.9444,39.43,38.03,41.14,0.0,2.53,2.41,2.66,3.20,0.0147,43.28,,40,Sy1
1112,SWIFTJ2129.1-1538,322.312,-15.603,8.14,PKS2126-15,,322.3007,-15.6447,20.05,17.49,23.18,0.0,1.79,1.36,2.27,1.00,3.2680,48.28,,80,BeamedAGN
1113,SWIFTJ2129.9+1209,322.490,12.169,50.37,4U2129+12,,322.4929,12.1674,76.93,75.34,78.86,0.0,2.66,2.57,2.74,2.20,,,,190,LMXB
1114,SWIFTJ2132.0-3343,323.022,-33.701,17.24,6dFJ2132022-334254,,323.0092,-33.7150,35.80,32.20,38.79,0.0,2.06,1.86,2.27,0.60,0.0293,43.85,,50,Sy1.9
1115,SWIFTJ2133.6+5105,323.443,51.125,39.97,RXJ2133.7+5107,,323.4320,51.1236,54.97,52.73,56.82,0.0,2.59,2.50,2.68,6.10,,,,90,CV
1116,SWIFTJ2134.9-2729,323.681,-27.478,6.38,2MASXJ21344509-2725557,,323.6880,-27.4321,14.88,10.94,18.14,0.0,1.91,1.36,2.55,1.00,0.0670,44.21,,50,Sy1.9
1117,SWIFTJ2156.1+4728,324.016,47.447,13.56,2MASXJ21355399+4728217,,323.9750,47.4727,22.65,19.96,24.87,0.0,2.29,2.05,2.56,0.30,0.0250,43.51,,40,Sy1.5
1118,SWIFTJ2135.5-6222,324.049,-62.420,17.12,1RXSJ213623.1-622400,,324.0963,-62.4002,33.58,30.36,36.24,0.0,1.85,1.67,2.04,1.40,0.0588,44.44,,40,Sy1.2
1119,SWIFTJ2136.8-6444,324.153,-64.672,6.78,IRASF21329-6451,,324.2196,-64.6342,11.83,9.93,15.08,0.0,1.99,1.47,2.59,1.00,0.0704,44.15,,40,Sy1
1120,SWIFTJ2137.8-1433,324.473,-14.518,5.47,PKS2135-14,,324.4383,-14.5488,9.70,7.72,13.15,0.0,2.47,1.76,3.50,0.40,0.2003,45.05,,40,Sy1.5
1121,SWIFTJ2138.8-3207,324.672,32.062,9.33,CGCG493-002,,324.6390,32.0850,17.28,15.34,20.60,0.0,1.97,1.63,2.34,1.00,0.0248,43.38,,40,Sy1.5
1122,SWIFTJ2139.7+5951,324.875,59.828,6.91,1RXSJ213944.3+595016,,324.9346,59.8378,9.26,7.47,11.02,0.0,2.53,2.05,3.14,0.60,0.1140,44.49,,40,Sy1.2
1123,SWIFTJ2142.7+4337,325.688,43.581,37.84,SSCyg,,325.6784,43.5861,49.16,47.51,50.78,0.0,2.86,2.75,2.97,3.00,,,,90,CV
1124,SWIFTJ2144.7+3816,326.171,38.321,643.30,CygX-2,,326.1717,38.3217,644.43,643.53,645.31,0.0,5.46,5.44,5.47,125.00,,,,190,LMXB
1125,SWIFTJ2145.5+1101,326.387,11.039,5.13,RXJ2145.5+1102,,326.3867,11.0487,14.13,11.01,17.19,0.0,1.55,0.98,2.14,1.00,0.2090,45.25,,40,Sy1
1126,SWIFTJ2148.0+0657,327.032,6.936,8.09,PKS2145+06,,327.0227,6.9607,17.37,13.87,20.00,0.0,1.90,1.53,2.33,0.80,0.9900,46.95,,80,BeamedAGN
1127,SWIFTJ2148.3-3454,327.046,-34.933,7.84,NGC7130,,327.0813,-34.9512,17.41,13.81,20.13,0.0,1.88,1.47,2.35,0.30,0.0162,43.01,,50,Sy1.9
1128,SWIFTJ2150.2-1855,327.529,-18.963,6.47,6dFJ2149581-185924,,327.4919,-18.9899,34.71,25.28,41.81,0.0,1.93,1.43,2.53,0.50,0.1581,45.37,,40,Sy1.5
1129,SWIFTJ2152.0-3030,327.983,-30.463,33.32,PKS2149-306,,327.9814,-30.4649,89.30,85.17,92.40,0.0,1.61,1.52,1.69,1.80,2.3450,48.58,,80,BeamedAGN
1130,SWIFTJ2156.2+1724,329.032,17.363,3.81,2MASXJ21561518+1722525,,329.0634,17.3813,7.77,4.53,11.05,0.0,1.94,1.21,2.86,1.10,,,,40,Sy1.8
1131,SWIFTJ2157.2-6942,329.383,-69.697,6.69,PKS2153-69,,329.2749,-69.6899,14.75,11.59,18.02,0.0,1.59,1.17,2.04,0.20,0.0283,43.43,,50,Sy2
1132,SWIFTJ2157.4-0615,329.370,-6.236,8.90,EUVEJ2157-06.1,,329.3629,-6.1728,14.24,11.50,17.06,0.0,2.55,2.13,3.07,0.40,,,,40,Sy1.2
1133,SWIFTJ2200.9+1032,330.180,10.557,17.40,Mrk520,,330.1724,10.5524,31.96,28.97,35.09,0.0,2.17,1.97,2.39,1.00,0.0266,43.71,,50,Sy2
1134,SWIFTJ2201.9+5057,330.444,50.820,9.63,87GB215950.2+503417,,330.4314,50.8157,18.96,15.96,20.88,0.0,1.78,1.48,2.10,0.20,1.8990,47.68,,80,BeamedAGN
1135,SWIFTJ2201.9-3152,330.505,-31.867,73.94,NGC7172,,330.5080,-31.8698,160.02,156.32,162.37,0.0,1.88,1.84,1.93,2.00,0.0087,43.43,,50,Sy2
1136,SWIFTJ2202.8+4218,330.688,42.265,16.87,BLLac,,330.6804,42.2778,34.91,31.66,36.98,0.0,1.76,1.59,1.94,0.50,0.0686,44.60,,80,BeamedAGN
1137,SWIFTJ2203.0+3146,330.751,31.756,8.16,4C+31.63,,330.8120,31.7610,15.56,12.48,17.53,0.0,1.92,1.53,2.36,1.10,0.2950,45.64,,80,BeamedAGN
1138,SWIFTJ2204.7+0337,331.072,3.569,9.07,2MASXJ22041914+0333511,,331.0799,3.5639,16.16,13.40,19.50,0.0,2.24,1.91,2.62,2.00,0.0611,44.16,,50,Sy2
1139,SWIFTJ2207.3+1013,331.789,10.204,5.01,NGC7212NED02,,331.7582,10.2334,12.38,8.97,16.51,0.0,1.64,1.06,2.27,0.80,0.0267,43.30,,50,Sy2
1140,SWIFTJ2207.8+5432,331.976,54.514,128.65,4U2206+54,,331.9843,54.5185,173.13,171.18,175.51,0.0,2.55,2.52,2.58,2.70,,,,180,HMXB
1141,SWIFTJ2209.1-2747,332.289,-27.787,6.02,NGC7214,,332.2820,-27.8095,13.64,10.26,17.74,0.0,1.77,1.20,2.43,0.30,0.0231,43.22,,50,Sy1.9
1142,SWIFTJ2209.4-4711,332.334,-47.171,19.69,NGC7213,,332.3177,-47.1667,39.04,36.13,42.60,0.0,1.90,1.74,2.07,0.80,0.0058,42.46,,80,BeamedAGN
1143,SWIFTJ2211.7+1843,332.959,18.706,7.79,IIZw171,,332.9745,18.6972,15.72,12.39,18.43,0.0,1.88,1.51,2.28,0.80,0.0700,44.27,,80,BeamedAGN
1144,SWIFTJ2214.0+1243,333.503,12.702,7.74,RUPeg,,333.5106,12.7031,9.71,7.83,11.23,0.0,3.54,2.93,4.34,1.00,,,,90,CV
1145,SWIFTJ2214.2-2557,333.538,-25.953,7.52,2MASXJ22140917-2557487,,333.5382,-25.9636,13.26,9.99,15.93,0.0,2.20,1.75,2.75,1.50,0.0519,43.93,,50,Sy2
1146,SWIFTJ2217.0+1413,334.294,14.239,6.92,Mrk304,,334.3011,14.2391,11.49,8.55,13.87,0.0,2.37,1.90,2.98,0.80,0.0658,44.08,,40,Sy1
1147,SWIFTJ2217.5-0812,334.484,-8.349,36.82,FOAQR,,334.4810,-8.3513,52.94,50.78,55.29,0.0,3.17,3.05,3.30,4.70,,,,90,CV
1148,SWIFTJ2218.4+1925,334.557,19.383,6.98,1RXSJ221832.8+192527,,334.6364,19.4224,8.94,6.84,11.35,0.0,2.84,2.30,3.58,1.20,,,,90,CV
1149,SWIFTJ2219.7+2614,334.962,26.257,8.62,2MASXJ22194971+2613277,,334.9573,26.2244,15.13,12.33,18.21,0.0,2.10,1.74,2.51,0.90,0.0850,44.43,,80,BeamedAGN
1150,SWIFTJ2223.8+1143,335.966,11.851,6.62,MCG+02-57-002,,335.9380,11.8360,13.16,10.00,16.63,0.0,2.01,1.57,2.53,0.80,0.0290,43.40,,50,Sy1.9
1151,SWIFTJ2223.9-0207,335.956,-2.110,19.44,3C445,,335.9566,-2.1034,39.82,37.30,42.76,0.0,2.04,1.88,2.21,1.00,0.0562,44.48,,40,Sy1.5
1152,SWIFTJ2226.8+3628,336.741,36.406,6.61,MCG+06-49-019,,336.7741,36.3616,12.36,10.06,15.02,0.0,1.81,1.34,2.36,0.40,0.0213,43.10,,50,Sy2
1153,SWIFTJ2229.9+6646,337.324,66.802,9.25,IGRJ22292+6647,,337.3063,66.7810,16.71,14.53,19.23,0.0,1.74,1.40,2.11,0.80,0.1130,44.74,,40,Sy1.2
1154,SWIFTJ2229.7-0831,337.475,-8.492,6.00,PKS2227-088,,337.4170,-8.5485,17.08,13.91,20.76,0.0,1.46,0.95,2.00,0.90,1.5595,47.43,,80,BeamedAGN
1155,SWIFTJ2232.5+1141,338.178,11.713,10.78,[HB89]2230+114,,338.1517,11.7308,30.05,26.91,33.41,0.0,1.49,1.24,1.76,0.30,1.0370,47.23,,80,BeamedAGN
1156,SWIFTJ2234.8-2542,338.713,-25.706,5.88,ESO533-G050,,338.7076,-25.6769,12.62,9.72,15.69,0.0,1.81,1.31,2.39,0.50,0.0264,43.30,,50,Sy2
1157,SWIFTJ2235.9-2602,338.948,-26.048,28.46,NGC7314,,338.9426,-26.0503,57.42,54.71,60.32,0.0,1.94,1.83,2.05,2.90,0.0048,42.47,,50,Sy1.9
1158,SWIFTJ2235.9+3358,339.034,33.986,16.09,NGC7319,,339.0148,33.9757,36.45,33.79,39.30,0.0,1.59,1.42,1.76,1.20,0.0225,43.62,,50,Sy2
1159,SWIFTJ2237.2+6324,339.098,63.450,5.01,SWIFTJ223703.9+632338,,339.1558,63.4920,5.38,4.13,6.54,0.0,3.60,2.82,4.89,1.40,,,,12,U2
1160,SWIFTJ2237.0+2543,339.155,25.753,5.71,IC5233,,339.1370,25.7632,8.95,6.68,10.95,0.0,2.51,1.98,3.17,2.20,0.0246,43.09,,70,UnknownAGN
1161,SWIFTJ2236.7-1233,339.216,-12.566,12.84,Mrk915,,339.1938,-12.5452,32.32,28.80,35.44,0.0,1.70,1.47,1.95,0.50,0.0241,43.63,,50,Sy1.9
1162,SWIFTJ2240.2+0801,340.060,8.058,9.06,MCG+01-57-016,,340.0710,8.0539,18.56,15.64,21.13,0.0,2.11,1.77,2.49,0.50,0.0250,43.42,,40,Sy1.5
1163,SWIFTJ2242.4-3711,340.595,-37.177,5.72,ESO406-G004,,340.6390,-37.1854,12.38,8.31,14.62,0.0,1.71,1.25,2.22,3.20,0.0290,43.38,,70,UnknownAGN
1164,SWIFTJ2243.2-4539,340.733,-45.623,7.24,2MASXJ22422135-4539093,,340.5890,-45.6526,9.40,6.76,10.84,0.0,2.65,2.09,3.41,0.10,,,,70,UnknownAGN
1165,SWIFTJ2246.0+3941,341.451,39.684,16.19,3C452,,341.4532,39.6877,30.48,27.12,32.33,0.0,1.87,1.68,2.07,0.50,0.0811,44.69,,50,Sy1.9
1166,SWIFTJ2248.7-5109,342.134,-51.160,5.80,2MASXJ22484165-5109338,,342.1716,-51.1650,8.15,5.36,9.68,0.0,2.40,1.76,3.24,1.00,0.1000,44.32,,40,Sy1.5
1167,SWIFTJ2248.8+1725,342.238,17.410,5.89,2MASXJ22484430+1727034,,342.1847,17.4509,9.40,7.70,11.58,0.0,2.27,1.71,3.00,0.40,,,,50,Sy2
1168,SWIFTJ2250.7-0854,342.716,-8.920,5.44,2MASXJ22505170-0854572,,342.7155,-8.9158,11.46,9.45,14.05,0.0,1.99,1.47,2.61,0.50,0.0649,44.07,,40,Sy1.5
1169,SWIFTJ2251.9+2215,342.953,22.303,5.89,MG3J225155+2217,,342.9729,22.2937,9.61,8.00,11.68,0.0,2.36,1.85,3.03,1.00,3.6680,48.08,,80,BeamedAGN
1170,SWIFTJ2251.8-3210,342.944,-32.096,7.27,1RXSJ225146.9-320614,,342.9471,-32.1040,13.98,12.06,16.45,0.0,2.01,1.58,2.51,0.60,0.2460,45.41,,80,BeamedAGN
1171,SWIFTJ2253.9+1608,343.485,16.149,61.98,3C454.3,,343.4906,16.1482,158.36,155.57,161.17,0.0,1.50,1.45,1.55,13.00,0.8590,47.75,,80,BeamedAGN
1172,SWIFTJ2254.1-1734,343.523,-17.578,50.20,MR2251-178,,343.5242,-17.5819,99.53,97.06,102.02,0.0,2.03,1.97,2.10,1.40,0.0640,44.99,,40,Sy1.2
1173,SWIFTJ2254.2+1147A,343.587,11.770,7.68,UGC12243,,343.6813,11.7141,10.96,6.78,15.12,0.0,2.21,1.19,3.79,0.20,0.0283,43.30,,40,Sy1
1174,SWIFTJ2254.2+1147B,343.550,11.811,7.01,UGC12237,,343.5820,11.7825,13.03,9.23,16.81,0.0,2.42,1.65,3.62,0.30,0.0283,43.38,,50,Sy2
1175,SWIFTJ2255.4-0309,343.817,-3.174,24.08,AOPsc,,343.8249,-3.1779,31.03,29.20,32.72,0.0,3.50,3.29,3.72,2.00,,,,90,CV
1176,SWIFTJ2256.5+0526,344.141,5.398,6.19,2MASXJ22563642+0525167,,344.1521,5.4214,9.11,6.61,11.39,0.0,2.71,1.97,4.10,1.40,0.0660,43.98,,40,Sy1.2
1177,SWIFTJ2258.9+4054,344.696,40.918,9.67,UGC12282,,344.7312,40.9315,21.45,18.30,24.38,0.0,1.58,1.30,1.88,0.60,0.0170,43.15,,50,Sy2
1178,SWIFTJ2259.7+2458,344.870,24.918,13.46,KAZ320,,344.8871,24.9182,24.58,21.73,27.21,0.0,2.13,1.90,2.39,0.90,0.0345,43.83,,40,Sy1.5
1179,SWIFTJ2301.4-5916,345.343,-59.237,8.94,2MASXJ23013626-5913210,,345.4010,-59.2225,12.24,9.81,14.48,0.0,2.32,1.91,2.80,1.60,0.1490,44.87,,50,Sy2
1180,SWIFTJ2302.1+1557,345.520,15.948,8.99,NGC7465,,345.5040,15.9648,18.98,16.17,21.61,0.0,1.79,1.47,2.14,0.60,0.0066,42.26,,50,Sy2
1181,SWIFTJ2303.1-1837,345.788,-18.698,7.68,PKS2300-18,,345.7620,-18.6900,14.63,11.93,17.16,0.0,2.03,1.52,2.65,1.30,0.1283,44.80,,80,BeamedAGN
1182,SWIFTJ2303.3+0852,345.815,8.869,35.75,NGC7469,,345.8151,8.8740,70.63,68.03,73.06,0.0,2.08,1.99,2.17,3.30,0.0163,43.63,,40,Sy1.5
1183,SWIFTJ2304.8-0843,346.181,-8.688,54.03,Mrk926,,346.1811,-8.6857,110.22,107.40,112.86,0.0,1.95,1.89,2.01,2.50,0.0469,44.76,,40,Sy1.5
1184,SWIFTJ2304.9+1220,346.170,12.302,8.20,NGC7479,,346.2361,12.3229,16.86,14.69,20.28,0.0,1.78,1.42,2.19,0.90,0.0079,42.37,,50,Sy1.9
1185,SWIFTJ2307.1+0433,346.783,4.563,7.48,PG2304+042,,346.7621,4.5492,16.97,14.69,20.54,0.0,1.71,1.26,2.20,0.40,0.0420,43.84,,40,Sy1.2
1186,SWIFTJ2307.9+2245,346.958,22.748,5.67,SWIFTJ2307.9+2245,,346.9536,22.7103,16.50,14.00,20.43,0.0,1.30,0.77,1.82,0.50,,,,50,Sy2
1187,SWIFTJ2308.1+4014,347.009,40.247,8.67,2MASXJ23075724+4016393,,346.9886,40.2775,13.79,12.13,16.39,0.0,2.13,1.74,2.59,0.40,0.0740,44.27,,40,Sy1.5
1188,SWIFTJ2318.4-4223,349.597,-42.368,41.36,NGC7582,,349.5979,-42.3706,82.28,79.15,85.88,0.0,1.86,1.79,1.93,8.00,0.0052,42.69,,50,Sy2
1189,SWIFTJ2318.9+0013,349.726,0.247,26.87,NGC7603,,349.7359,0.2440,52.96,49.53,56.92,0.0,1.93,1.82,2.06,2.50,0.0295,44.02,,40,Sy1
1190,SWIFTJ2319.4+2619,349.872,26.262,7.23,SWIFTJ231930.4+261517,,349.8765,26.2548,9.98,7.80,12.56,0.0,2.74,2.20,3.46,0.30,,,,90,CV
1191,SWIFTJ2320.8+6434,350.093,64.541,8.63,2MASXJ23203662+6430452,,350.1526,64.5125,12.20,9.87,14.92,0.0,2.37,1.92,2.94,2.00,0.0717,44.18,,40,Sy1
1192,SWIFTJ2322.5-0646,350.703,-6.741,5.61,2MASXJ23222444-0645375,,350.6019,-6.7605,8.81,6.00,12.50,0.0,2.26,1.31,3.73,1.80,0.0330,43.35,,50,Sy2
1193,SWIFTJ2323.3+5849,350.846,58.817,57.11,CasA,,350.8500,58.8150,64.90,63.43,66.82,0.0,3.33,3.24,3.43,3.20,,,,160,SNR
1194,SWIFTJ2325.5-3827,351.359,-38.471,7.80,LCRSB232242.2-384320,,351.3508,-38.4470,14.56,11.83,18.14,0.0,1.94,1.56,2.36,0.80,0.0359,43.64,,50,Sy2
1195,SWIFTJ2325.6+2157,351.463,21.877,9.31,2MASXJ23255427+2153142,,351.4760,21.8870,19.27,16.36,23.08,0.0,1.91,1.58,2.27,0.70,0.1200,44.86,,40,Sy1.2
1196,SWIFTJ2327.4+1525,351.805,15.427,7.40,2MASXJ23272195+1524375,,351.8415,15.4104,10.77,8.31,12.62,0.0,2.58,2.03,3.34,0.60,0.0457,43.72,,80,BeamedAGN
1197,SWIFTJ2327.5+0938,351.887,9.663,10.39,PKS2325+093,,351.8900,9.6690,29.73,25.88,32.58,0.0,1.40,1.11,1.69,0.60,1.8430,47.85,,80,BeamedAGN
1198,SWIFTJ2328.9+0328,352.199,3.548,8.50,NGC7679,,352.1944,3.5114,18.81,15.19,21.50,0.0,1.68,1.31,2.09,0.60,0.0171,43.09,,50,Sy2
1199,SWIFTJ2330.5+7124,352.556,71.391,6.96,IGRJ23308+7120,,352.6960,71.3360,10.47,7.84,12.44,0.0,1.98,1.46,2.61,0.50,0.0370,43.52,,50,Sy2
1200,SWIFTJ2333.9-2342,353.471,-23.694,6.20,PKS2331-240,,353.4802,-23.7280,16.10,12.71,19.93,0.0,1.40,0.91,1.90,1.30,0.0477,43.94,,80,BeamedAGN
1201,SWIFTJ2341.0+7645,355.160,76.692,5.08,1RXSJ234015.8+764207,,355.0860,76.7030,5.45,4.02,7.08,0.0,3.18,2.43,4.27,1.20,,,,90,CV
1202,SWIFTJ2341.8+3033,355.476,30.574,11.20,UGC12741,,355.4811,30.5818,20.90,18.32,23.81,0.0,1.93,1.68,2.21,1.10,0.0174,43.15,,50,Sy2
1203,SWIFTJ2343.9+0537,355.996,5.593,6.84,2MASXJ23435956+0538233,,355.9982,5.6400,14.78,11.76,18.19,0.0,1.84,1.42,2.30,2.20,,,,50,Sy2
1204,SWIFTJ2344.6-4246,356.225,-42.776,7.79,2MASXJ23444387-4243124,,356.1829,-42.7201,14.66,12.40,17.82,0.0,1.79,1.40,2.23,0.10,0.5975,46.34,,50,Sy2
1205,SWIFTJ2346.8+5143,356.764,51.692,7.67,2MASXJ23470479+5142179,,356.7701,51.7050,10.00,8.49,12.13,0.0,2.66,2.16,3.31,0.50,0.0440,43.66,,80,BeamedAGN
1206,SWIFTJ2351.9-0109,357.964,-1.143,7.26,PKS2349-01,,357.9839,-1.1537,18.04,15.28,21.88,0.0,1.60,1.20,2.02,0.20,0.1740,45.18,,40,Sy1
1207,SWIFTJ2352.2+5845,358.056,58.778,6.32,IGRJ23524+5842,,358.1120,58.7000,10.14,8.18,12.89,0.0,1.97,1.46,2.57,0.20,0.1640,44.88,,50,Sy2
1208,SWIFTJ2352.6-1707,358.222,-17.074,7.42,2MASXJ23525143-1704370,,358.2143,-17.0770,14.68,12.39,17.14,0.0,1.86,1.47,2.31,0.80,,,,70,UnknownAGN
1209,SWIFTJ2359.0-3038,359.777,-30.579,10.06,H2356-309,,359.7830,-30.6280,14.88,13.03,16.85,0.0,2.28,1.91,2.72,0.30,0.1651,45.05,,80,BeamedAGN
1210,SWIFTJ2359.3-6058,359.736,-60.918,10.27,PKS2356-61,,359.7682,-60.9165,17.43,15.53,19.48,0.0,1.95,1.66,2.27,0.90,0.0963,44.61,,50,Sy2
1211,SWIFTJ0000.5+3251,0.125,32.847,5.00,IC5373,,0.1200,32.7824,8.75,6.30,11.38,0.0,1.98,1.39,2.71,0.40,0.0327,43.33,,70,UnknownAGN
1212,SWIFTJ0005.3-7443,1.317,-74.438,5.69,2MASXJ00052036-7426403,,1.3351,-74.4445,13.38,10.67,16.27,0.0,1.47,1.01,1.93,0.50,0.1316,44.79,,40,Sy1
1213,SWIFTJ0007.6+0048,1.864,0.798,6.14,SWIFTJ0007.6+0048,,1.8636,0.7979,4.62,1.72,7.61,0.0,2.46,0.00,0.00,1.00,,,,14,confusedsource
1214,SWIFTJ0007.8-4133,1.955,-41.338,5.02,SWIFTJ0007.8-4133,,1.9549,-41.3383,7.95,5.44,10.59,0.0,1.98,1.20,2.92,0.90,,,,13,U3
1215,SWIFTJ0029.1+5937,7.264,59.378,13.02,V*V1037Cas,,7.2628,59.5720,9.07,6.72,11.55,0.0,2.11,1.59,2.73,1.70,,,,190,LMXB
1216,SWIFTJ0043.9-5009,10.987,-50.158,4.85,NGC238,,10.8573,-50.1828,5.09,3.43,6.73,0.0,3.00,2.05,4.53,0.50,0.0287,42.98,,70,UnknownAGN
1217,SWIFTJ0046.1-4214,11.521,-42.148,5.73,PKS0043-42,,11.5740,-42.1310,10.94,8.30,13.73,0.0,1.67,1.13,2.28,0.30,0.1160,44.58,,60,LINER
1218,SWIFTJ0047.3+1445,11.828,14.737,5.18,UGC00488,,11.8309,14.7035,11.28,8.29,13.78,0.0,1.67,1.13,2.27,0.60,0.0393,43.61,,40,Sy1
1219,SWIFTJ0048.9+8229,12.256,82.525,5.90,2MASXJ00502684+8229000,,12.6128,82.4834,10.34,7.95,12.32,0.0,1.86,1.35,2.43,0.70,,,,70,UnknownAGN
1220,SWIFTJ0052.9+6630,13.240,66.502,5.18,2MASXJ00531665+6630336,,13.3179,66.5083,10.69,8.06,12.87,0.0,1.64,1.02,2.40,1.40,,,,12,U2
1221,SWIFTJ0056.9+1472,14.220,14.723,5.22,2E233,,14.2914,14.7695,7.82,5.08,10.10,0.0,1.98,1.05,3.51,0.50,0.1718,44.81,,40,Sy1
1222,SWIFTJ0100.0-7236,15.239,-72.364,6.12,SXP202,,14.8371,-72.3877,1.53,0.00,3.86,0.0,2.87,0.00,0.00,0.50,,,,180,HMXB
1223,SWIFTJ0102.2+4255,15.552,42.558,4.84,SWIFTJ0102.2+4255,,15.5520,42.5577,6.59,4.11,8.98,0.0,2.43,1.58,3.95,0.90,,,,13,U3
1224,SWIFTJ0115.9+2532,18.974,25.330,5.88,2MASXJ01155048+2515369,,18.9604,25.2602,10.90,7.81,13.92,0.0,1.97,1.45,2.63,1.00,,,,40,Sy1
1225,SWIFTJ0119.2+1604,19.850,16.097,5.33,IRASF01164+1549,,19.7745,16.0824,7.10,4.65,9.48,0.0,2.64,1.89,3.76,0.30,,,,70,UnknownAGN
1226,SWIFTJ0120.7-1444,20.213,-14.724,5.31,MCG-03-04-054,,20.1796,-14.7321,9.98,6.80,13.08,0.0,1.88,1.38,2.46,1.50,0.0395,43.56,,70,UnknownAGN
1227,SWIFTJ0128.5-5647,22.134,-56.802,5.40,2MASXJ01282045-5649394,,22.0855,-56.8276,7.98,5.82,10.28,0.0,2.07,1.54,2.73,0.80,0.0666,43.93,,50,Sy2candidate
1228,SWIFTJ0131.5-1007,22.888,-10.133,6.48,SDSSJ013126.71-100931.1,,22.8613,-10.1587,12.84,10.00,15.88,0.0,1.81,1.33,2.34,0.80,3.5150,48.16,,70,UnknownAGN
1229,SWIFTJ0144.8-2754,26.211,-27.540,4.82,PMNJ0145-2733,,26.2641,-27.5595,10.72,7.77,13.86,0.0,1.43,0.00,2.74,2.00,1.1550,46.90,,70,UnknownAGN
1230,SWIFTJ0147.1+6138,26.763,61.390,5.68,RXJ0146.9+6121,,26.7507,61.3567,6.36,4.95,7.86,0.0,3.29,2.55,4.34,1.40,,,,180,HMXB
1231,SWIFTJ0147.7-66010,26.816,-66.172,5.61,ESO080-G005,,26.9138,-66.1632,11.54,8.83,14.42,0.0,1.44,0.95,1.96,0.90,0.0270,43.28,,40,Sy1
1232,SWIFTJ0154.6-5057,28.641,-50.574,7.18,PKSB0151-507,,28.4636,-50.5293,11.83,8.80,13.82,0.0,1.84,1.43,2.29,0.70,,,,70,UnknownAGN
1233,SWIFTJ0155.2-3048,28.749,-30.791,5.30,2dFGRSS384Z181,,28.8818,-30.7649,7.24,4.61,8.90,0.0,2.39,1.69,3.39,1.70,0.1336,44.53,,70,UnknownAGN
1234,SWIFTJ0156.1+4463,29.030,44.631,5.33,SWIFTJ0156.1+4463,,29.0302,44.6314,13.89,9.88,16.55,0.0,1.34,0.72,1.99,0.60,,,,11,U1
1235,SWIFTJ0156.5-5303,29.130,-53.036,5.49,RBS259,,29.2418,-53.0333,7.32,4.86,8.88,0.0,2.31,1.80,2.91,1.80,,,,80,BeamedAGN
1236,SWIFTJ0159.8+6718,29.953,67.189,5.32,IGRJ01583+6713,,29.5758,67.2239,5.99,4.74,7.95,0.0,2.98,2.29,3.87,1.10,,,,180,HMXB
1237,SWIFTJ0201.0+0329,30.297,3.573,6.93,[HB89]0158+031,,30.1701,3.3804,10.71,7.84,13.17,0.0,2.25,1.60,3.24,1.10,0.7650,46.46,,70,UnknownAGN
1238,SWIFTJ0201.5+5032,30.377,50.538,5.54,UGC01493A,,30.2895,50.5071,10.15,7.41,12.50,0.0,2.05,1.53,2.65,0.80,0.0163,42.78,,70,UnknownAGN
1239,SWIFTJ0205.5-0255,31.367,-2.555,5.93,SWIFTJ0205.5-0255,,31.3667,-2.5551,12.36,8.99,15.26,0.0,1.75,1.22,2.35,0.30,,,,13,U3
1240,SWIFTJ0225.8+5946,36.459,59.466,5.93,NVSSJ022626+592753,,36.6090,59.4647,10.11,7.48,12.36,0.0,2.11,1.62,2.70,0.80,,,,80,BeamedAGN
1241,SWIFTJ0231.4+3605,37.928,36.112,4.92,SWIFTJ0231.4+3605,,37.8942,36.1803,6.33,4.00,8.23,0.0,2.80,1.75,4.79,0.60,,,,12,U2
1242,SWIFTJ0233.4+2754,38.335,27.944,6.84,Mrk1179,,38.3431,27.9369,13.16,11.40,17.02,0.0,1.95,1.45,2.56,0.30,0.0376,43.64,,50,Sy1.9
1243,SWIFTJ0233.8+0243,38.440,2.437,5.13,IGRJ02341+0228,,38.4551,2.4903,7.02,5.76,9.74,0.0,2.69,1.98,3.77,1.50,0.3210,45.37,,80,BeamedAGN
1244,SWIFTJ0244.8-5829,41.188,-58.299,8.39,BZBJ0244-5819,,41.1679,-58.3318,10.13,9.00,12.59,0.0,2.43,2.01,2.95,0.50,0.2645,45.34,,80,BeamedAGN
1245,SWIFTJ0248.3+1202,42.069,12.022,5.69,CGCG440-011NED01,,42.1483,12.0086,14.36,12.12,19.26,0.0,1.41,0.79,2.08,0.70,0.0344,43.59,,70,UnknownAGN
1246,SWIFTJ0250.8-3626,42.698,-36.266,5.23,6dFJ0250552-361636,,42.7305,-36.2766,10.01,8.48,13.37,0.0,1.73,1.13,2.43,1.70,1.5360,47.18,,40,Sy1;broad-lineAGN
1247,SWIFTJ0252.6-1306,43.150,-13.096,5.18,2MASXJ02523566-1306147,,43.1485,-13.1041,10.69,8.33,14.11,0.0,1.78,1.18,2.45,0.70,,,,70,UnknownAGN
1248,SWIFTJ0259.8+2448,44.953,24.803,5.73,GALEXMSCJ025952.92+245410.8,,44.9705,24.9030,8.69,6.69,11.57,0.0,2.49,1.80,3.51,0.40,,,,12,U2
1249,SWIFTJ0300.1+3674,45.022,36.745,5.18,Mrk1066,,44.9941,36.8206,9.98,7.67,13.31,0.0,2.08,1.42,2.96,0.40,0.0120,42.51,,50,Sy2
1250,SWIFTJ0300.2+1655,45.040,16.554,5.44,1RXSJ030007.6+163023,,45.0333,16.5040,11.28,8.82,14.86,0.0,2.03,1.44,2.74,0.80,0.0350,43.50,,40,Sy1
1251,SWIFTJ0302.2-2334,45.461,-23.573,5.17,2MASXJ03021318-2335198,,45.5549,-23.5889,10.37,8.00,13.80,0.0,1.61,0.96,2.32,0.30,0.0353,43.47,,40,Sy1
1252,SWIFTJ0302.2+6853,45.548,68.880,5.53,2MASXJ03022154+6855070,,45.5899,68.9187,12.15,9.76,15.60,0.0,1.60,0.97,2.28,0.50,0.0220,43.12,,70,UnknownAGN
1253,SWIFTJ0302.3-2429,45.581,-24.480,5.11,ESO480-IG021,,45.6195,-24.4558,7.52,5.19,9.28,0.0,2.32,1.64,3.24,0.90,0.0520,43.68,,50,Sy2candidate
1254,SWIFTJ0304.6+3348,46.190,33.804,5.25,4C+33.06,,46.1723,33.8121,11.89,8.60,14.40,0.0,1.86,1.35,2.43,0.60,,,,80,BeamedAGN
1255,SWIFTJ0306.0-3902,46.511,-39.029,5.52,NGC1217,,46.5251,-39.0364,10.02,7.30,12.08,0.0,1.74,1.19,2.35,1.20,0.0210,43.00,,60,LINER
1256,SWIFTJ0306.4+7641,46.597,76.413,5.22,1RXSJ030536.7+762257,,46.4029,76.3825,10.47,7.76,12.52,0.0,1.82,1.37,2.32,2.20,,,,70,UnknownAGN
1257,SWIFTJ0310.7+3917,47.741,39.233,6.10,WISEJ031024.53+391057.9,,47.6022,39.1827,9.90,6.70,12.32,0.0,1.89,1.34,2.55,1.90,0.3700,45.67,,80,BeamedAGN
1258,SWIFTJ0311.2-0855,47.776,-8.930,5.63,NGC1241,,47.8110,-8.9221,11.64,9.55,14.22,0.0,1.78,1.23,2.40,1.20,0.0135,42.68,,50,Sy2
1259,SWIFTJ0313.2-3507,48.298,-35.077,5.49,1RXSJ031325.0-350636,,48.3535,-35.1073,5.95,4.72,7.41,0.0,2.86,2.16,3.99,0.90,0.1140,44.30,,40,Sy1
1260,SWIFTJ0315.0-1908,48.995,-19.083,6.07,2MASXJ03155208-1906442,,48.9671,-19.1123,15.46,13.15,18.32,0.0,1.31,0.84,1.79,1.80,0.0671,44.23,,50,Sy2
1261,SWIFTJ0317.1+1542,49.139,15.847,5.08,1RXSJ031639.0+155435,,49.1642,15.9094,7.25,5.38,9.53,0.0,2.38,1.61,3.46,1.70,0.1740,44.79,,70,UnknownAGN
1262,SWIFTJ0324.9-0304,51.234,-3.048,7.08,NGC1320,,51.2029,-3.0423,13.13,9.80,16.48,0.0,1.97,1.55,2.46,0.80,0.0089,42.36,,50,Sy2
1263,SWIFTJ0325.3-1217,51.292,-12.284,4.92,MCG-02-09-040,,51.2706,-12.3080,8.60,5.64,11.56,0.0,2.04,1.50,2.65,1.60,0.0150,42.64,,50,Sy2
1264,SWIFTJ0325.4-0619,51.343,-6.195,6.61,Mrk609,,51.3557,-6.1439,12.32,8.99,15.65,0.0,1.94,1.49,2.47,1.50,0.0345,43.53,,40,Sy1.8
1265,SWIFTJ0327.9-5301,51.965,-53.012,5.66,2MASXJ03274831-5256080,,51.9512,-52.9354,6.79,4.57,8.99,0.0,2.40,1.77,3.27,0.30,0.0599,43.77,,70,UnknownAGN
1266,SWIFTJ0329.4-2157,52.346,-21.951,4.97,2MASXJ03291029-2201166,,52.2928,-22.0211,10.51,6.97,13.14,0.0,1.55,0.92,2.23,1.10,0.0349,43.47,,70,UnknownAGN
1267,SWIFTJ0356.2-6104,59.037,-61.075,5.16,GALEXASCJ035559.47-610428.3,,58.9985,-61.0747,9.45,6.42,11.70,0.0,1.70,1.13,2.33,1.20,0.2266,45.16,,40,Sy1
1268,SWIFTJ0356.3-6603,59.161,-66.052,5.61,SWIFTJ0356.3-6603,,59.1605,-66.0522,9.10,6.25,11.22,0.0,1.81,1.14,2.64,1.10,,,,11,U1
1269,SWIFTJ0358.9+1050,59.733,10.506,6.31,3C98,,59.7268,10.4342,12.28,8.82,14.85,0.0,2.17,1.69,2.77,1.20,0.0305,43.42,,50,Sy2
1270,SWIFTJ0402.9+0197,60.721,1.977,6.75,UGC02936,,60.7008,1.9660,7.99,6.14,9.49,0.0,3.51,2.60,5.14,0.50,0.0127,42.46,,50,Sy2
1271,SWIFTJ0407.9-1219,61.982,-12.196,5.89,[HB89]0405-123,,61.9518,-12.1935,8.14,5.80,10.04,0.0,2.56,1.96,3.35,0.40,0.5726,46.04,,80,BeamedAGN
1272,SWIFTJ0412.8+5842,63.197,58.428,5.70,2MASXJ04123958+5825181,,63.1649,58.4217,8.69,6.07,10.79,0.0,2.33,1.76,3.03,1.20,0.0675,43.98,,40,Sy1
1273,SWIFTJ0422.1+4893,65.514,48.932,4.95,1RXSJ042201.0+485610,,65.5022,48.9344,7.49,5.11,9.42,0.0,2.75,1.96,3.99,1.40,0.1140,44.40,,40,Sy1
1274,SWIFTJ0427.0+0734,66.756,7.346,5.22,RXJ0427.0+0716,,66.7688,7.2758,10.87,7.82,13.72,0.0,2.11,1.54,2.84,1.00,0.0900,44.34,,40,Sy1
1275,SWIFTJ0428.6-3788,67.140,-37.887,5.73,PKS0426-380,,67.1684,-37.9388,3.82,0.15,7.40,0.0,2.56,0.00,0.00,1.40,,,,80,BeamedAGN
1276,SWIFTJ0441.2-6517,70.293,-65.175,6.72,2MASXJ04403561-6507490,,70.1485,-65.1302,9.17,7.19,11.02,0.0,2.34,1.85,2.96,0.20,,,,70,UnknownAGN
1277,SWIFTJ0450.6+3015,72.655,30.283,7.63,WISEPJ045048.00+301502.8,,72.7000,30.2508,16.63,13.59,19.49,0.0,2.14,1.65,2.74,1.50,,,,70,UnknownAGN
1278,SWIFTJ0506.6-1937,76.691,-19.624,5.03,2MASXJ05064796-1936507,,76.6998,-19.6141,13.56,10.18,16.72,0.0,1.31,0.76,1.87,0.20,0.0941,44.48,,40,Sy1
1279,SWIFTJ0516.5-5179,79.126,-51.799,5.20,SWIFTJ0516.5-5179,,79.1255,-51.7992,7.49,5.59,9.24,0.0,1.99,1.34,2.79,1.10,,,,13,U3
1280,SWIFTJ0522.3+0744,80.577,7.731,5.27,SWIFTJ0522.3+0744,,80.5766,7.7307,9.38,7.23,11.35,0.0,2.60,1.90,3.58,1.20,,,,11,U1
1281,SWIFTJ0534.8-6026,83.697,-60.269,5.70,2MASXJ05343093-6016153,,83.6287,-60.2710,10.71,8.67,12.59,0.0,1.80,1.31,2.35,0.20,0.0570,43.92,,40,Sy1
1282,SWIFTJ0538.5-4411,84.632,-44.116,5.12,[HB89]0537-441,,84.7098,-44.0858,14.86,12.08,17.44,0.0,0.88,0.00,1.57,1.90,0.8940,46.77,,80,BeamedAGN
1283,SWIFTJ0540.9-6909,85.233,-69.096,5.73,[RSG2010]A,,85.3611,-69.0233,5.66,4.28,6.90,0.0,2.82,2.05,3.97,0.40,,,,180,HMXB
1284,SWIFTJ0547.1-6427,86.781,-64.278,4.80,2MASSJ05464183-6415219,,86.6742,-64.2561,8.21,5.63,10.07,0.0,1.95,1.33,2.69,0.50,0.3230,45.45,,40,Sy1
1285,SWIFTJ0547.1+3784,86.782,37.846,6.92,NVSSJ054706+375236,,86.7738,37.8743,12.66,9.79,14.73,0.0,2.53,2.02,3.20,1.40,,,,12,U2
1286,SWIFTJ0550.5-2309,87.620,-23.093,5.83,2MASXJ05503948-2311173,,87.6646,-23.1882,11.87,8.87,14.04,0.0,1.88,1.40,2.42,2.00,,,,70,UnknownAGN
1287,SWIFTJ0556.3-3308,89.076,-33.086,4.91,MAXIJ0556-332,,89.1930,-33.1745,4.16,3.31,4.84,0.0,4.74,3.43,7.13,2.10,,,,190,LMXB
1288,SWIFTJ0607.4+2205,91.857,22.050,7.06,2MASSJ06072661+2205477,,91.8610,22.0966,13.56,10.31,15.92,0.0,2.40,1.95,2.95,0.80,,,,180,HMXB
1289,SWIFTJ0608.9-5507,92.209,-55.078,5.14,PKS0607-549,,92.2046,-54.9451,6.24,2.52,9.92,0.0,2.19,0.00,8.03,0.10,,,,80,BeamedAGN
1290,SWIFTJ0616.2-0308,94.006,-3.128,5.99,SWIFTJ0616.2-0308,,94.0061,-3.1280,14.67,11.55,17.91,0.0,1.52,0.95,2.18,2.50,,,,11,U1
1291,SWIFTJ0621.8-5226,95.461,-52.265,5.23,2MASXJ06215493-5214343,,95.4789,-52.2429,8.79,6.66,10.98,0.0,1.84,1.25,2.56,1.10,,,,70,UnknownAGN
1292,SWIFTJ0628.2-3556,97.046,-35.936,5.71,GALEXASCJ062816.69-355147.3,,97.0696,-35.8631,8.13,6.24,10.05,0.0,2.36,1.82,3.10,1.60,,,,12,U2
1293,SWIFTJ0628.7-8346,97.172,-83.759,5.54,SWIFTJ0628.7-8346,,97.1716,-83.7591,7.34,5.62,9.06,0.0,2.48,1.95,3.21,1.40,,,,12,U2
1294,SWIFTJ0632.1-5404,98.022,-54.043,6.83,1RXSJ063200.7-540454,,98.0049,-54.0826,8.08,6.15,9.12,0.0,2.75,2.27,3.36,1.20,0.2036,44.99,,80,BeamedAGN
1295,SWIFTJ0636.5-2036,99.085,-20.625,5.01,2MASXJ06363227-2034532,,99.1344,-20.5814,9.29,6.14,11.00,0.0,1.93,1.36,2.63,1.40,0.0552,43.83,,50,Sy2
1296,SWIFTJ0636.6+5912,99.143,59.196,5.22,GALEXASCJ063634.15+591319.6,,99.1423,59.2221,10.17,7.10,11.83,0.0,1.96,1.42,2.61,1.70,,,,12,U2
1297,SWIFTJ0639.9-5124,99.978,-51.406,5.71,2MASXJ06394080-5125142,,99.9199,-51.4207,7.92,5.56,9.20,0.0,2.26,1.69,3.00,0.90,0.1085,44.38,,40,Sy1
1298,SWIFTJ0640.3-1286,100.070,-12.866,5.31,PMNJ0640-1253,,100.0300,-12.8877,7.87,5.79,10.38,0.0,2.56,1.82,3.74,0.40,,,,80,BeamedAGN
1299,SWIFTJ0641.9-0336,100.480,-3.362,5.64,PMNJ0641-0320,,100.4631,-3.3468,21.94,18.11,26.46,0.0,0.96,0.00,1.50,1.10,,,,80,BeamedAGN
1300,SWIFTJ0642.9+5543,100.727,55.433,7.72,1RXSJ064255.9+552835,,100.7329,55.4764,9.33,7.80,11.18,0.0,3.24,2.56,4.26,0.50,,,,110,star
1301,SWIFTJ0645.4-1651,101.349,-16.848,5.81,V*HLCMa,,101.3218,-16.8596,6.96,5.38,8.84,0.0,3.25,2.40,4.59,0.70,,,,170,Nova
1302,SWIFTJ0650.0+6085,102.511,60.854,5.21,NGC2273,,102.5361,60.8458,10.12,7.24,12.48,0.0,1.81,1.17,2.60,0.50,0.0061,41.93,,50,Sy2
1303,SWIFTJ0656.0-6560,104.005,-65.604,6.57,SWIFTJ0656.0-6560,,104.0049,-65.6042,12.06,9.56,14.13,0.0,1.78,1.30,2.31,2.00,,,,13,U3
1304,SWIFTJ0657.9-1775,104.466,-17.755,5.15,1RXSJ065806.3-174427,,104.5263,-17.7408,9.10,6.39,11.30,0.0,2.16,1.50,3.04,0.90,,,,110,star
1305,SWIFTJ0659.6+5412,104.910,54.156,5.37,Mrk374,,104.9088,54.1966,10.31,7.43,12.68,0.0,1.92,1.27,2.76,0.50,0.0426,43.64,,40,Sy1
1306,SWIFTJ0704.9+4216,106.211,42.260,4.82,2MASXJ07042579+4214134,,106.1074,42.2370,7.79,5.21,9.85,0.0,2.41,1.59,3.60,1.00,,,,70,UnknownAGN
1307,SWIFTJ0711.1+3159,107.787,31.983,5.59,SWIFTJ0711.1+3159,,107.7867,31.9828,10.89,7.98,13.29,0.0,2.19,1.65,2.88,0.20,,,,14,confusedsource
1308,SWIFTJ0721.0+7133,110.491,71.331,6.39,[HB89]0716+714,,110.4727,71.3434,19.04,16.56,21.72,0.0,1.15,0.72,1.55,0.60,0.3000,45.74,,80,BeamedAGN
1309,SWIFTJ0722.6+3051,110.653,30.519,4.84,SWIFTJ0722.6+3051,,110.6529,30.5194,9.52,7.26,11.94,0.0,2.08,1.42,2.96,1.00,,,,13,U3
1310,SWIFTJ0722.5+2121,110.667,21.456,5.03,SWIFTJ0722.5+2121,,110.6668,21.4562,19.69,16.44,23.21,0.0,1.00,0.00,1.55,0.80,,,,11,U1
1311,SWIFTJ0726.6-4634,111.638,-46.349,5.53,ESO257-G015,,111.6009,-46.3492,7.64,6.04,9.35,0.0,2.46,1.92,3.17,0.90,0.0304,43.21,,70,UnknownAGN
1312,SWIFTJ0728.5-4420,112.130,-44.210,6.20,2MASXJ07282339-4408243,,112.0975,-44.1401,9.75,7.82,12.82,0.0,2.04,1.57,2.60,0.60,0.0817,44.21,,40,Sy1
1313,SWIFTJ0733.5+4421,113.368,44.214,5.51,2MASXJ07332379+4414484,,113.3491,44.2469,12.47,10.01,16.38,0.0,1.66,1.07,2.28,2.30,0.0557,43.97,,50,Sy2
1314,SWIFTJ0745.1-2380,116.284,-23.803,4.97,WISEJ074450.96-235014.8,,116.2124,-23.8375,7.24,5.50,10.03,0.0,2.56,1.78,4.06,1.10,,,,70,UnknownAGN
1315,SWIFTJ0749.8+3359,117.445,33.979,5.37,IC2207,,117.4620,33.9623,13.87,11.20,18.11,0.0,1.59,1.09,2.14,0.70,0.0160,42.90,,70,UnknownAGN
1316,SWIFTJ0755.7+3912,118.930,39.128,6.06,Mrk382,,118.8554,39.1861,11.00,8.37,13.52,0.0,2.01,1.52,2.61,0.70,0.0337,43.46,,40,Sy1
1317,SWIFTJ0801.7+4764,120.414,47.643,5.10,1RXSJ080132.3+473618,,120.3832,47.6045,8.98,6.52,11.32,0.0,2.04,1.37,2.92,0.90,0.1567,44.78,,40,Sy1
1318,SWIFTJ0802.1+5709,120.533,57.144,5.46,2MASXJ08014395+5707240,,120.4333,57.1234,9.22,6.80,11.53,0.0,1.99,1.41,2.72,0.70,,,,70,UnknownAGN
1319,SWIFTJ0817.0+1795,124.255,17.959,4.94,2MASXJ08165108+1802496,,124.2129,18.0471,10.31,7.31,13.19,0.0,1.85,1.34,2.47,2.90,0.1595,44.86,,40,Sy1
1320,SWIFTJ0817.5-0747,124.363,-7.474,5.90,Abell644,,124.3521,-7.5128,6.15,5.09,7.13,0.0,5.28,3.91,8.48,0.90,,,,30,GalaxyCluster
1321,SWIFTJ0818.4-1438,124.593,-14.381,5.25,2MASSJ08182026-1425527,,124.5844,-14.4313,9.35,6.73,11.96,0.0,2.15,1.47,3.05,1.70,0.1067,44.44,,40,Sy1
1322,SWIFTJ0819.2-3851,124.801,-38.512,5.68,2MASXJ08191136-3833104,,124.7973,-38.5530,14.00,10.90,17.15,0.0,1.42,0.95,1.90,0.60,,,,50,Sy2
1323,SWIFTJ0823.2+4216,125.735,42.287,6.02,2MASXJ08230824+4215211,,125.7845,42.2558,10.66,8.05,13.28,0.0,1.95,1.45,2.57,1.00,0.0562,43.90,,40,Sy1
1324,SWIFTJ0825.2+7312,126.288,73.124,6.91,ZCam,,126.3071,73.1108,6.68,5.22,8.07,0.0,3.27,2.56,4.37,0.60,,,,170,Nova
1325,SWIFTJ0826.3-3761,126.582,-37.610,5.13,IGRJ08262-3736,,126.5569,-37.6200,8.12,4.85,10.39,0.0,2.19,1.59,2.98,0.40,,,,180,HMXB
1326,SWIFTJ0835.5-0902,128.840,-9.053,6.41,2MASXJ08353333-0905302,,128.8889,-9.0918,11.03,7.21,13.71,0.0,2.04,1.47,2.75,0.70,,,,70,UnknownAGN
1327,SWIFTJ0835.7-0413,128.913,-4.135,9.16,NGC2617,,128.9116,-4.0882,16.09,12.40,18.70,0.0,2.16,1.80,2.59,0.70,0.0142,42.86,,40,Sy1.8
1328,SWIFTJ0835.9-4319,128.977,-43.191,23.79,1WGAJ0835.9-4311,,128.9804,-43.1878,32.04,29.38,33.93,0.0,2.69,2.53,2.85,5.10,,,,180,HMXB
1329,SWIFTJ0836.6-2025,129.162,-20.253,5.48,[HB89]0834-201,,129.1634,-20.2832,14.23,10.85,17.28,0.0,1.43,0.81,2.05,0.60,2.7520,47.95,,80,BeamedAGN
1330,SWIFTJ0836.7+4442,129.169,44.426,5.19,SWIFTJ0836.7+4442,,129.1693,44.4257,9.07,6.58,11.31,0.0,2.03,1.44,2.73,1.20,,,,13,U3
1331,SWIFTJ0837.8-4440,129.446,-44.672,8.02,SWIFTJ0837.8-4440,,129.4458,-44.6719,11.6,49.56,13.52,0.0,2.46,2.03,2.97,1.10,,,,12,U2
1332,SWIFTJ0837.0+2493,129.493,24.935,5.85,NGC2662,,129.5456,24.8953,12.30,9.23,15.05,0.0,1.68,1.08,2.36,0.60,,,,40,Sy1.8
1333,SWIFTJ0838.7+0414,129.673,4.146,6.11,2MASXJ08384815+0407340,,129.7006,4.1261,10.60,7.62,13.55,0.0,2.17,1.69,2.78,0.80,0.0475,43.75,,50,Sy2
1334,SWIFTJ0838.9+2617,129.729,26.175,5.77,SWIFTJ0838.9+2617,,129.7288,26.1746,10.65,7.69,13.59,0.0,1.98,1.45,2.59,1.60,,,,14,confusedsource
1335,SWIFTJ0841.6-2856,130.396,-28.941,5.19,SWIFTJ0841.6-2856,,130.3958,-28.9413,10.15,7.06,13.21,0.0,1.85,1.26,2.55,0.30,,,,11,U1
1336,SWIFTJ0842.0+4021,130.468,40.303,4.96,2MASSiJ0842037+401831,,130.5156,40.3087,6.93,4.95,9.11,0.0,2.41,1.76,3.31,0.40,0.1519,44.64,,80,BeamedAGN
1337,SWIFTJ0844.9+3057,131.220,30.928,5.51,FBQSJ084458.3+305638,,131.2429,30.9440,9.28,6.98,11.75,0.0,2.09,1.49,2.85,0.50,0.0640,43.96,,50,Sy2
1338,SWIFTJ0846.7+2542,131.665,25.429,6.23,2MASXJ08465410+2522124,,131.7254,25.3701,8.35,6.46,10.40,0.0,2.64,2.03,3.49,0.30,0.0508,43.71,,40,Sy1
1339,SWIFTJ0848.1+3472,132.019,34.730,5.65,PG0844+349,,131.9269,34.7512,6.22,4.77,7.81,0.0,3.12,2.34,4.26,2.00,0.0640,43.79,,40,Sy1
1340,SWIFTJ0850.8-4219,132.711,-42.194,6.81,SWIFTJ0850.8-4219,,132.6658,-42.1977,12.08,9.06,14.13,0.0,2.00,1.56,2.51,0.40,,,,12,U2
1341,SWIFTJ0852.2+0782,133.047,7.827,5.88,1RXSJ085215.3+075356,,133.0630,7.8934,11.07,7.69,13.36,0.0,1.95,1.45,2.53,0.60,,,,40,Sy1.2
1342,SWIFTJ0855.6-4680,133.909,-46.804,5.70,PSRJ0855-4644,,133.9007,-46.7371,10.11,7.20,12.09,0.0,2.06,1.52,2.67,1.20,,,,150,Pulsar
1343,SWIFTJ0856.1+0052,133.930,0.818,5.95,CGCG005-032,,133.9486,0.7943,10.31,6.98,12.57,0.0,2.04,1.43,2.79,0.50,0.0418,43.62,,50,Sy1.9
1344,SWIFTJ0856.5-0045,134.130,-0.460,4.89,SWIFTJ0856.5-0045,,134.1299,-0.4598,10.78,7.54,13.81,0.0,0.98,0.00,1.97,0.80,,,,13,U3
1345,SWIFTJ0859.1+4878,134.769,48.788,7.23,2MASXJ08590289+4846093,,134.7621,48.7693,11.85,9.95,13.62,0.0,2.09,1.62,2.64,0.60,0.0830,44.31,,40,Sy1
1346,SWIFTJ0900.9+2095,135.218,20.960,5.12,2MASXJ09003684+2053402,,135.1536,20.8946,7.85,5.96,9.60,0.0,2.40,1.78,3.27,1.00,0.2357,45.12,,50,Sy2
1347,SWIFTJ0901.1-6436,135.267,-64.363,4.93,SWIFTJ0901.1-6436,,135.2674,-64.3632,4.82,3.48,5.99,0.0,3.04,2.10,4.54,0.60,,,,13,U3
1348,SWIFTJ0911.3-5229,137.813,-52.513,5.97,SWIFTJ0911.3-5229,,137.7733,-52.5474,8.62,6.59,10.32,0.0,2.41,1.87,3.07,1.20,,,,12,U2
1349,SWIFTJ0913.5-7541,138.383,-75.415,5.32,1RXSJ091514.1-752357,,138.8135,-75.3972,6.04,4.35,7.45,0.0,2.80,2.12,3.80,1.20,,,,70,UnknownAGN
1350,SWIFTJ0914.2+4003,138.549,40.039,6.95,NGC2782,,138.5213,40.1137,11.88,9.36,14.01,0.0,1.80,1.34,2.31,0.30,0.0085,42.28,,40,Sy1
1351,SWIFTJ0922.2-6331,140.549,-63.315,6.43,V395Car,,140.6445,-63.2949,5.64,4.81,6.63,0.0,5.38,4.04,7.77,0.40,,,,190,LMXB
1352,SWIFTJ0923.2+3850,140.828,38.777,5.78,B20920+39,,140.8102,38.8278,12.22,9.49,15.75,0.0,1.44,0.89,2.01,1.10,,,,80,BeamedAGN
1353,SWIFTJ0929.5+3516,142.366,35.162,4.94,SWIFTJ0929.5+3516,,142.3662,35.1619,10.13,7.50,13.54,0.0,1.55,0.97,2.17,0.40,,,,11,U1
1354,SWIFTJ0930.1+4987,142.523,49.878,5.78,2MASSJ09303759+4950256,,142.6566,49.8404,7.44,5.73,9.66,0.0,2.59,2.09,3.23,1.70,0.1867,44.87,,80,BeamedAGN
1355,SWIFTJ0934.0-1721,143.587,-17.337,5.64,2MASSJ09343014-1721215,,143.6258,-17.3559,7.93,5.96,10.48,0.0,2.73,2.01,3.89,0.40,0.2499,45.18,,80,BeamedAGN
1356,SWIFTJ0941.2-3846,145.296,-38.768,5.71,2MASXJ09410102-3847509,,145.2543,-38.7975,11.73,9.02,15.24,0.0,1.81,1.22,2.50,0.40,0.0648,44.08,,50,Sy2
1357,SWIFTJ0943.1-4147,145.747,-41.849,5.57,ESO315-G020,,145.5920,-41.8158,13.25,9.76,16.16,0.0,1.43,0.87,2.02,0.30,0.0162,42.89,,70,UnknownAGN
1358,SWIFTJ0945.4+0253,146.344,2.532,4.98,SWIFTJ0945.4+0253,,146.3440,2.5322,13.23,9.60,16.26,0.0,1.44,0.92,1.99,0.60,,,,13,U3
1359,SWIFTJ0947.3+1345,146.780,13.762,5.27,2MASXJ09471846+1345207,,146.8270,13.7558,9.63,6.69,12.09,0.0,1.92,1.32,2.64,0.90,0.0739,44.11,,50,Sy1.9
1360,SWIFTJ0949.1+4057,147.274,40.574,6.44,SWIFTJ0949.1+4057,,147.2741,40.5736,7.26,5.19,9.03,0.0,2.46,1.75,3.44,1.90,,,,14,confusedsource
1361,SWIFTJ0954.7+3725,148.680,37.442,5.63,IC2515,,148.6642,37.4086,9.89,7.57,11.90,0.0,1.80,1.23,2.46,0.40,0.0193,42.92,,50,Sy2
1362,SWIFTJ0958.2-5732,149.549,-57.532,5.58,SWIFTJ0958.2-5732,,149.6467,-57.4901,7.51,5.71,9.06,0.0,2.65,2.07,3.44,0.80,,,,12,U2
1363,SWIFTJ0959.5-2828,149.864,-28.290,5.13,NGC3089,,149.9028,-28.3314,6.96,4.98,8.65,0.0,2.78,1.97,4.12,0.20,0.0090,42.10,,50,Sy2candidate
1364,SWIFTJ1002.2+0300,150.539,3.002,4.87,IC588,,150.5293,3.0577,8.53,5.94,10.77,0.0,2.01,1.39,2.77,0.70,0.0235,43.03,,50,Sy2
1365,SWIFTJ1005.3-6289,151.318,-62.897,5.24,2MASXJ10051382-6252029,,151.3075,-62.8674,10.09,7.64,12.21,0.0,1.83,1.36,2.37,1.30,,,,70,UnknownAGN
1366,SWIFTJ1013.2-8529,151.665,-85.379,5.70,SWIFTJ1013.2-8529,,151.6654,-85.3794,6.86,4.79,9.12,0.0,2.30,1.64,3.19,0.70,,,,11,U1
1367,SWIFTJ1008.6+3735,152.231,37.583,4.88,SWIFTJ1008.6+3735,,152.2309,37.5833,4.12,1.93,6.58,0.0,2.41,1.20,4.93,0.40,,,,14,confusedsource
1368,SWIFTJ1011.8+2307,152.939,23.093,5.29,UGC05498NED01,,153.0153,23.0854,9.44,6.99,12.09,0.0,1.92,1.35,2.61,0.40,0.0209,42.97,,60,LINER
1369,SWIFTJ1017.8+7340,154.445,73.407,5.18,NGC3147,,154.2235,73.4007,8.19,5.89,10.69,0.0,1.83,1.14,2.74,1.20,0.0093,42.20,,50,Sy2
1370,SWIFTJ1019.5+6389,154.863,63.898,5.35,Mrk141,,154.8023,63.9674,7.47,5.48,10.03,0.0,2.21,1.56,3.09,0.80,0.0417,43.48,,40,Sy1.5
1371,SWIFTJ1024.7-2355,156.169,-23.553,5.70,ESO500-34,,156.1310,-23.5530,13.81,10.56,17.89,0.0,1.74,1.22,2.33,0.90,0.0122,42.66,,50,Sy2
1372,SWIFTJ1025.7+6725,156.432,67.250,5.30,SWIFTJ1025.7+6725,,156.4323,67.2505,6.51,4.66,8.87,0.0,2.42,1.89,3.04,2.40,,,,13,U3
1373,SWIFTJ1036.9-1135,159.219,-11.355,5.21,2MASXJ10370374-1126248,,159.2657,-11.4402,10.98,7.79,15.01,0.0,1.74,0.90,2.82,1.60,0.0516,43.84,,40,Sy1
1374,SWIFTJ1042.2-4767,160.547,-47.673,5.95,LCS1J1041-4740,,160.4360,-47.6667,11.89,9.07,15.45,0.0,1.88,1.35,2.49,1.00,2.5580,47.80,,80,BeamedAGN
1375,SWIFTJ1044.8+8091,161.189,80.916,6.09,[HB89]1039+811,,161.0961,80.9110,11.73,8.83,13.78,0.0,1.67,1.28,2.10,3.50,1.2600,47.04,,80,BeamedAGN
1376,SWIFTJ1046.7+5469,161.679,54.698,5.16,SWIFTJ1046.7+5469,,161.6795,54.6977,9.97,7.08,12.02,0.0,1.49,0.85,2.11,0.80,,,,13,U3
1377,SWIFTJ1048.6-3901,162.172,-39.027,7.06,2MASXJ10483385-3902375,,162.1408,-39.0440,10.95,8.25,12.86,0.0,2.37,1.86,3.01,0.60,0.0447,43.71,,70,UnknownAGN
1378,SWIFTJ1057.6-4765,164.394,-47.660,6.72,ESO264-G052,,164.3079,-47.6698,14.35,10.98,16.74,0.0,1.78,1.34,2.27,0.10,0.0156,42.90,,50,Sy1.9
1379,SWIFTJ1057.8-3049,164.445,-30.500,4.85,2MASXJ10574908-3029479,,164.4546,-30.4967,6.86,4.85,8.83,0.0,2.69,1.87,4.14,0.80,0.0323,43.22,,50,Sy2candidate
1380,SWIFTJ1101.4-5152,165.339,-51.849,5.33,2MASXJ11012138-5149100,,165.3390,-51.8194,7.02,5.35,8.67,0.0,2.96,2.32,3.87,1.60,,,,70,UnknownAGN
1381,SWIFTJ1104.8+7689,166.201,76.893,5.57,PG1100+772,,166.0570,76.9828,6.04,4.48,7.58,0.0,2.65,2.00,3.58,0.90,0.3115,45.28,,40,Sy1
1382,SWIFTJ1105.4+0200,166.345,2.009,5.43,SWIFTJ1105.4+0200,,166.3449,2.0094,15.64,12.25,18.80,0.0,1.27,0.72,1.86,1.90,,,,13,U3
1383,SWIFTJ1107.3+4824,166.830,48.247,5.87,SWIFTJ1107.3+4824,,166.8304,48.2470,5.63,4.21,6.97,0.0,3.01,2.26,4.10,0.50,,,,13,U3
1384,SWIFTJ1107.8+7107,166.943,71.118,5.31,SWIFTJ1107.8+7107,,166.9429,71.1181,6.18,4.28,8.04,0.0,2.45,1.63,3.77,0.70,,,,11,U1
1385,SWIFTJ1117.1+4419,169.270,44.200,4.92,PG1114+445,,169.2767,44.2259,6.00,4.10,7.85,0.0,2.36,1.69,3.29,0.80,0.1439,44.52,,40,Sy1
1386,SWIFTJ1117.2-2901,169.305,-29.020,6.05,CTS0011,,169.2676,-29.0424,7.69,5.82,9.54,0.0,3.15,2.48,4.10,0.70,0.0705,43.97,,40,Sy1
1387,SWIFTJ1118.0+4794,169.745,47.942,6.63,SWIFTJ1118.0+4794,,169.7449,47.9423,6.80,4.72,8.81,0.0,2.15,1.60,2.88,1.80,,,,11,U1
1388,SWIFTJ1119.6+2136,169.900,21.368,6.55,PG1116+215,,169.7862,21.3217,9.94,8.34,11.86,0.0,2.15,1.64,2.78,1.20,0.1765,44.94,,40,Sy1
1389,SWIFTJ1121.1-0529,170.287,-5.480,5.47,2MASXJ11211875-0523349,,170.3281,-5.3931,11.45,9.30,14.00,0.0,1.88,1.35,2.49,0.50,0.0302,43.38,,70,UnknownAGN
1390,SWIFTJ1127.6-2912,171.858,-29.216,6.33,ESO439-G009,,171.8476,-29.2576,14.39,11.95,17.26,0.0,1.68,1.20,2.22,1.70,0.0239,43.27,,50,Sy2
1391,SWIFTJ1127.7-5335,171.934,-53.359,6.52,2MASXJ11273392-5320270,,171.8914,-53.3408,11.30,9.45,13.51,0.0,2.15,1.66,2.77,0.70,,,,70,UnknownAGN
1392,SWIFTJ1130.9+6887,172.737,68.877,7.29,2MASXJ11310476+6851528,,172.7698,68.8647,9.82,8.02,12.23,0.0,2.17,1.67,2.77,0.50,0.0430,43.63,,40,Sy1
1393,SWIFTJ1144.8+6151,176.209,61.518,5.39,SWIFTJ1144.8+6151,,176.2088,61.5181,7.94,6.12,10.44,0.0,1.98,1.45,2.60,0.70,,,,13,U3
1394,SWIFTJ1146.7+7437,176.683,74.376,6.53,2MASXJ11462959+7421289,,176.6235,74.3584,11.72,9.41,14.80,0.0,1.59,1.05,2.19,0.60,0.0560,43.94,,50,Sy2
1395,SWIFTJ1148.1+0946,176.996,9.804,5.51,2MASXJ11475362+0945524,,176.9734,9.7647,10.06,7.67,13.26,0.0,1.88,1.29,2.57,0.90,0.0950,44.36,,50,Sy2
1396,SWIFTJ1153.0+3311,178.220,33.089,6.32,7C1150+3324,,178.2163,33.1219,10.08,7.96,12.92,0.0,1.83,1.36,2.37,1.10,1.3976,47.08,,80,BeamedAGN
1397,SWIFTJ1153.9+5848,178.471,58.489,6.27,SWIFTJ1153.9+5848,,178.4707,58.4886,8.46,6.69,10.28,0.0,2.18,1.70,2.74,1.10,,,,13,U3
1398,SWIFTJ1159.7+2923,179.933,29.231,4.84,FBQSJ1159+2914,,179.8826,29.2455,7.49,5.25,9.79,0.0,1.84,1.25,2.54,1.10,0.7247,46.25,,80,BeamedAGN
1399,SWIFTJ1207.8+4311,181.948,43.118,7.02,NGC4117,,181.9421,43.1264,12.89,10.66,15.16,0.0,1.63,1.20,2.09,0.40,0.0031,41.44,,50,Sy2
1400,SWIFTJ1215.0+0504,183.778,5.074,6.20,2MASXJ12150077+0500512,,183.7532,5.0143,7.87,6.33,9.66,0.0,2.73,2.13,3.56,1.00,0.0782,44.07,,40,Sy1.8
1401,SWIFTJ1216.1+5050,184.025,50.793,5.89,Mrk1469,,184.0295,50.8250,8.88,7.21,10.83,0.0,1.84,1.27,2.51,0.20,0.0308,43.29,,40,Sy1.5
1402,SWIFTJ1220.2+0202,185.041,1.997,5.87,[HB89]1217+023,,185.0495,2.0617,8.03,6.33,10.01,0.0,2.53,1.91,3.41,0.70,0.2404,45.14,,80,BeamedAGN
1403,SWIFTJ1224.1+4073,186.013,40.731,5.68,SDSSJ122358.97+404409.3,,185.9958,40.7359,9.41,7.65,11.47,0.0,1.80,1.35,2.30,2.50,0.0968,44.35,,40,Sy1
1404,SWIFTJ1228.1-0940,187.034,-9.403,5.57,NVSSJ122810-092702,,187.0421,-9.4512,11.41,9.00,14.20,0.0,1.94,1.42,2.58,1.10,,,,12,U2
1405,SWIFTJ1228.9-2967,187.237,-29.680,5.02,SWIFTJ1228.9-2967,,187.2375,-29.6799,10.65,7.81,13.17,0.0,1.86,1.21,2.67,0.40,,,,13,U3
1406,SWIFTJ1231.3+7073,187.837,70.734,5.97,RXJ1231.6+7044,,187.9018,70.7373,8.90,7.04,10.56,0.0,2.00,1.46,2.65,0.30,0.2080,45.05,,40,Sy1
1407,SWIFTJ1232.5+3634,188.121,36.346,5.12,SWIFTJ1232.5+3634,,188.1208,36.3455,6.40,4.85,7.80,0.0,2.42,1.78,3.31,0.30,,,,13,U3
1408,SWIFTJ1233.8-1931,188.440,-19.314,5.16,SWIFTJ1233.8-1931,,188.4397,-19.3135,12.22,9.36,14.77,0.0,1.81,1.32,2.36,2.00,,,,13,U3
1409,SWIFTJ1237.5+1182,189.381,11.823,5.02,NGC4579,,189.4313,11.8181,8.27,6.13,10.96,0.0,2.02,1.35,2.86,0.90,0.0051,41.67,,50,Sy1.9
1410,SWIFTJ1238.4+5349,189.597,53.492,5.33,SDSSJ123807.76+532555.9,,189.5324,53.4322,8.47,6.56,10.86,0.0,1.74,1.12,2.41,0.70,0.3475,45.54,,40,Sy1
1411,SWIFTJ1253.5-4876,193.386,-48.762,6.78,NGC4785,,193.3639,-48.7492,15.71,13.15,18.85,0.0,1.84,1.49,2.21,3.20,0.0123,42.72,,50,Sy2
1412,SWIFTJ1254.9+1165,193.729,11.653,6.51,SWIFTJ1254.9+1165,,193.7287,11.6531,13.24,10.81,16.24,0.0,1.72,1.23,2.28,0.50,,,,13,U3
1413,SWIFTJ1300.5-0759,195.073,-8.016,5.21,MCG-01-33-063,,195.0796,-8.0874,6.80,4.44,9.27,0.0,2.30,1.51,3.54,0.90,0.0263,43.03,,70,UnknownAGN
1414,SWIFTJ1302.3-6385,195.580,-63.855,12.06,2XMMJ130247.6-635008,,195.6979,-63.8355,19.54,15.58,23.66,0.0,1.20,0.62,1.74,0.50,,,,180,HMXB
1415,SWIFTJ1303.4-1342,195.804,-13.672,7.20,2MASXJ13032223-1341332,,195.8426,-13.6927,16.81,13.87,19.88,0.0,1.83,1.45,2.27,1.50,0.0467,43.94,,40,Sy1.2
1416,SWIFTJ1304.5-5651,196.121,-56.515,5.84,IGRJ13045-5630,,196.1312,-56.5152,11.56,9.12,14.10,0.0,2.05,1.51,2.67,0.80,,,,80,BeamedAGN
1417,SWIFTJ1306.4-7603,196.611,-76.043,5.07,2MASXJ13071558-7602451,,196.8150,-76.0459,7.33,5.34,9.11,0.0,2.51,1.75,3.74,1.20,0.1833,44.84,,40,Sy1
1418,SWIFTJ1307.2-7049,196.805,-70.490,15.53,MAXIJ1305-704,,196.7352,-70.4514,9.61,0.00,20.95,0.0,1.57,0.00,0.00,0.60,,,,200,XRB
1419,SWIFTJ1310.1-1719,197.536,-17.192,6.16,2MASXJ13100789-1711398,,197.5328,-17.1944,16.74,13.31,19.83,0.0,1.64,1.15,2.15,0.80,0.0254,43.39,,50,Sy2candidate
1420,SWIFTJ1320.5+6022,200.115,60.225,6.20,SBS1318+605,,200.1781,60.2571,9.54,7.43,11.47,0.0,1.79,1.35,2.29,0.90,0.1000,44.38,,40,Sy1.5
1421,SWIFTJ1320.7-7022,200.181,-70.225,5.29,1RXSJ132032.3-701451,,200.1346,-70.2475,7.61,5.51,9.56,0.0,2.65,2.01,3.60,0.90,,,,110,star
1422,SWIFTJ1324.8-6325,201.199,-63.250,5.34,CXOJ132430.3-631349,,201.1263,-63.2305,9.03,6.60,11.27,0.0,2.39,1.78,3.19,0.30,,,,190,LMXB
1423,SWIFTJ1325.2-3279,201.298,-32.791,5.70,SWIFTJ1325.2-3279,,201.2977,-32.7908,10.86,8.03,13.48,0.0,2.36,1.82,3.04,1.20,,,,13,U3
1424,SWIFTJ1327.0-2798,201.997,-27.989,5.58,SWIFTJ1327.0-2798,,201.9974,-27.9888,11.09,7.98,13.98,0.0,2.11,1.58,2.77,1.30,,,,13,U3
1425,SWIFTJ1329.9+4719,202.482,47.197,5.98,NGC5194,,202.4696,47.1952,13.26,10.52,15.80,0.0,1.30,0.83,1.78,0.60,0.0015,40.84,,50,Sy2
1426,SWIFTJ1334.1-3842,203.521,-38.428,5.95,SWIFTJ1334.1-3842,,203.5212,-38.4285,17.62,14.49,21.34,0.0,1.45,1.00,1.90,0.50,,,,13,U3
1427,SWIFTJ1339.6+5581,204.911,55.813,6.12,2MASXJ13393399+5546137,,204.8916,55.7706,6.86,5.36,8.52,0.0,2.50,1.94,3.24,1.80,0.1230,44.43,,40,Sy1
1428,SWIFTJ1340.9-2808,205.248,-28.127,5.85,SWIFTJ1340.9-2808,,205.2482,-28.1273,13.10,10.35,16.35,0.0,1.99,1.51,2.55,0.90,,,,11,U1
1429,SWIFTJ1343.1+8038,205.738,80.634,5.44,2MASXJ13435300+8035495,,205.9706,80.5970,12.91,10.41,15.87,0.0,1.31,0.72,1.87,0.60,0.0449,43.79,,70,UnknownAGN
1430,SWIFTJ1344.7+5588,206.182,55.882,4.90,Mrk273,,206.1755,55.8868,5.18,3.70,6.74,0.0,2.60,1.83,3.82,0.50,0.0378,43.24,,50,Sy2
1431,SWIFTJ1345.5+5352,206.371,53.530,4.95,SBS1343+537,,206.4390,53.5479,5.94,3.94,7.38,0.0,2.26,1.61,3.24,0.90,0.1354,44.46,,80,BeamedAGN
1432,SWIFTJ1349.2+4441,207.276,44.674,5.27,SDSSJ134908.40+444129.7,,207.2850,44.6916,11.06,8.10,13.12,0.0,1.39,0.84,1.98,0.80,,,,40,Sy1
1433,SWIFTJ1349.1+2658,207.279,26.588,4.92,Abell1795,,207.2208,26.5956,4.89,3.62,5.93,0.0,3.93,2.95,5.65,0.20,,,,30,GalaxyCluster
1434,SWIFTJ1350.3-0028,207.573,-0.461,5.56,SWIFTJ1350.3-0028,,207.5729,-0.4613,11.18,7.91,13.47,0.0,1.99,1.43,2.63,1.20,,,,11,U1
1435,SWIFTJ1357.0+1929,209.253,19.290,4.91,[HB89]1354+195,,209.2685,19.3187,8.67,5.92,10.61,0.0,2.02,1.38,2.87,1.20,0.7200,46.30,,80,BeamedAGN
1436,SWIFTJ1400.2+0503,210.056,5.012,6.11,CGCG046-033,,210.0768,5.0451,12.57,9.90,15.81,0.0,1.85,1.43,2.33,1.60,0.0343,43.53,,40,Sy1
1437,SWIFTJ1408.2-6194,212.038,-61.943,8.40,MAXIJ1409-619,,212.0107,-61.9834,11.66,9.88,13.82,0.0,3.15,2.60,3.83,1.40,,,,150,Pulsar
1438,SWIFTJ1410.7+1947,212.719,19.820,6.89,1RXSJ141117.0+194438,,212.8196,19.7443,9.41,7.33,11.95,0.0,2.20,1.69,2.87,0.40,0.2378,45.20,,40,Sy1
1439,SWIFTJ1416.5-3671,214.137,-36.710,5.23,PKS1413-36,,214.1381,-36.6819,14.71,11.53,18.58,0.0,1.60,1.08,2.16,1.40,0.0747,44.30,,50,Sy2candidate
1440,SWIFTJ1419.0-1323,214.755,-13.239,6.25,[HB89]1416-129,,214.7659,-13.1791,13.86,9.82,17.72,0.0,2.04,1.49,2.68,0.40,0.1289,44.78,,40,Sy1.2
1441,SWIFTJ1419.1+0790,214.771,7.906,5.46,SDSSJ141908.31+075449.6,,214.7846,7.9138,12.67,8.73,16.43,0.0,1.67,1.18,2.21,1.20,0.0561,43.98,,40,Sy1
1442,SWIFTJ1419.2+6807,214.798,68.078,5.61,2PBCJ1419.2+6804,,214.7079,68.0694,8.88,6.01,11.61,0.0,1.90,1.34,2.56,0.60,0.0770,44.11,,40,Sy1.5
1443,SWIFTJ1420.1-1929,214.954,-19.546,6.75,PKS1417-19,,214.9572,-19.4737,16.59,12.14,20.85,0.0,1.77,1.29,2.31,0.20,0.1200,44.79,,40,Sy1.5
1444,SWIFTJ1423.1-8548,215.777,-85.487,5.21,SWIFTJ1423.1-8548,,215.7768,-85.4866,10.47,6.47,14.28,0.0,1.36,0.62,2.10,0.50,,,,13,U3
1445,SWIFTJ1428.1+1729,217.254,17.354,6.62,SDSSJ142846.71+172353.1,,217.1946,17.3981,11.99,9.28,14.56,0.0,1.85,1.36,2.41,0.80,0.1037,44.52,,40,Sy1
1446,SWIFTJ1429.8-4199,217.447,-41.999,5.70,IGRJ14301-4158,,217.5507,-41.9754,11.98,8.88,14.91,0.0,1.97,1.30,2.81,0.40,0.0386,43.62,,50,Sy2
1447,SWIFTJ1430.4+1363,217.607,13.635,5.46,2MASXJ14302986+1339117,,217.6245,13.6533,9.87,7.30,12.32,0.0,2.11,1.47,2.92,1.10,0.0852,44.25,,50,Sy2
1448,SWIFTJ1430.6+4211,217.648,42.111,4.98,B31428+422,,217.5989,42.0768,9.90,7.32,12.36,0.0,1.56,0.99,2.18,0.30,4.7150,48.35,,80,BeamedAGN
1449,SWIFTJ1431.7+1472,217.931,14.727,6.71,SWIFTJ1431.7+1472,,217.9312,14.7270,13.88,10.93,16.69,0.0,1.63,1.14,2.16,0.30,,,,13,U3
1450,SWIFTJ1442.9+5206,220.730,52.064,4.90,3C303,,220.7616,52.0270,5.70,3.84,7.43,0.0,2.39,1.70,3.36,0.60,0.1412,44.48,,40,Sy1
1451,SWIFTJ1447.5-6327,221.884,-63.279,5.43,IGRJ14471-6319,,221.8120,-63.2887,8.60,6.25,10.85,0.0,2.36,1.66,3.24,1.00,0.0380,43.46,,50,Sy2
1452,SWIFTJ1448.2-8033,222.042,-80.552,4.96,SWIFTJ1448.2-8033,,222.0417,-80.5517,6.46,4.50,8.28,0.0,2.70,2.01,3.74,0.80,,,,11,U1
1453,SWIFTJ1448.2-6532,222.052,-65.539,5.46,SWIFTJ1448.2-6532,,222.0519,-65.5385,8.59,6.08,10.86,0.0,2.46,1.82,3.33,1.20,,,,11,U1
1454,SWIFTJ1503.7-6028,225.930,-60.281,5.32,SWIFTJ1503.7-6028,,226.0675,-60.3559,7.80,5.65,9.68,0.0,2.92,2.23,3.85,0.80,,,,12,U2
1455,SWIFTJ1503.7+6850,225.933,68.840,5.75,SWIFTJ1503.7+6850,,225.9328,68.8396,7.83,5.50,9.95,0.0,2.08,1.59,2.69,2.10,,,,11,U1
1456,SWIFTJ1515.0-4021,228.695,-40.427,5.13,ESO328-IG036NED01,,228.7031,-40.3647,10.65,8.10,13.40,0.0,2.20,1.73,2.79,2.20,0.0238,43.14,,40,Sy1
1457,SWIFTJ1516.5+0016,229.113,0.164,6.14,CGCG021-063,,229.1676,0.2505,10.39,8.12,12.86,0.0,2.59,1.92,3.50,1.40,0.0525,43.83,,80,BeamedAGN
1458,SWIFTJ1518.8+2085,229.704,20.855,5.60,UGC09813,,229.7424,20.8154,9.19,6.98,11.59,0.0,2.21,1.69,2.86,0.90,0.0418,43.58,,50,Sy2
1459,SWIFTJ1521.6+3204,230.391,32.044,5.99,SWIFTJ1521.6+3204,,230.3911,32.0445,10.81,8.45,13.34,0.0,1.75,1.10,2.60,2.00,,,,13,U3
1460,SWIFTJ1527.9+0621,231.977,6.210,6.15,SDSSJ152753.80+061018.9,,231.9742,6.1719,15.50,12.56,18.72,0.0,1.72,1.23,2.23,0.70,0.1740,45.12,,40,Sy1
1461,SWIFTJ1531.3+0727,232.828,7.434,5.20,NGC5940,,232.8253,7.4578,12.85,10.04,15.93,0.0,1.81,1.30,2.37,0.50,0.0339,43.53,,40,Sy1
1462,SWIFTJ1534.5+6258,233.573,63.029,5.18,Gaia15aai,,233.5552,62.9828,6.88,5.00,8.92,0.0,2.10,1.51,2.89,1.10,0.0850,44.09,,70,UnknownAGN
1463,SWIFTJ1536.5+6177,234.128,61.774,5.45,2MASXJ15362768+6146419,,234.1157,61.7782,6.82,5.12,8.66,0.0,2.35,1.69,3.25,1.20,0.1730,44.75,,50,Sy2
1464,SWIFTJ1540.5+1416,235.074,14.272,7.71,SDSSJ154012.96+141643.2,,235.0540,14.2787,11.88,5.42,17.13,0.0,2.22,1.02,4.11,0.10,0.0495,43.84,,50,Sy1.9
1465,SWIFTJ1541.4-5053,235.355,-50.535,4.97,CXOUJ154126.4-502823,,235.3602,-53.1377,12.09,9.04,14.33,0.0,1.81,1.22,2.45,0.20,,,,70,UnknownAGN
1466,SWIFTJ1542.3+1834,235.602,18.558,5.93,2MASXJ15421387+1835005,,235.5580,18.5834,12.06,9.11,14.21,0.0,1.82,1.28,2.44,1.10,0.0724,44.19,,40,Sy1
1467,SWIFTJ1543.1-5657,235.779,-56.572,9.16,SWIFTJ1543.1-5657,,235.7789,-56.5722,6.32,4.19,8.13,0.0,2.64,1.85,3.66,1.10,,,,11,U1
1468,SWIFTJ1543.4-5624,235.843,-56.248,7.90,MAXIJ1543-564,,235.8222,-56.4134,13.83,12.06,15.18,0.0,3.32,2.71,4.13,4.40,,,,200,XRB
1469,SWIFTJ1548.6-3211,237.160,-32.113,5.67,ESO450-16,,237.1802,-32.1199,14.23,10.91,16.80,0.0,1.91,1.49,2.38,1.70,0.0489,43.90,,50,Sy2candidate
1470,SWIFTJ1554.9-3757,238.726,-37.570,6.21,IGRJ15549-3740,,238.6948,-37.6387,14.33,11.05,16.86,0.0,1.88,1.44,2.36,1.40,0.0192,43.08,,50,Sy2
1471,SWIFTJ1608.8+1229,242.206,12.298,5.57,Mrk871,,242.1515,12.3309,11.31,8.08,13.81,0.0,1.89,1.31,2.56,0.60,0.0337,43.47,,40,Sy1
1472,SWIFTJ1609.9-6371,242.467,-63.717,5.60,SWIFTJ1609.9-6371,,242.4667,-63.7169,7.42,5.42,8.95,0.0,3.10,2.36,4.22,0.30,,,,13,U3
1473,SWIFTJ1613.1-0536,243.271,-5.368,6.62,2MASXJ16125120-0521173,,243.2134,-5.3549,14.62,12.37,17.20,0.0,2.19,1.71,2.75,0.20,0.0309,43.51,,50,Sy2candidate
1474,SWIFTJ1614.1+2606,243.534,26.062,5.71,[HB89]1612+261,,243.5550,26.0712,10.16,8.19,12.44,0.0,2.12,1.57,2.77,0.40,0.1310,44.66,,40,Sy1.5
1475,SWIFTJ1614.5-6090,243.620,-60.907,9.99,Abell3627,,243.5938,-60.8686,9.66,8.61,10.88,0.0,4.57,3.77,5.66,1.60,,,,30,GalaxyCluster
1476,SWIFTJ1615.9-0612,243.972,-6.123,5.86,Abell2163,,243.8922,-6.1240,8.60,7.18,10.23,0.0,3.65,2.74,4.94,0.40,,,,30,GalaxyCluster
1477,SWIFTJ1617.7+0612,244.422,6.122,7.47,1AXGJ161746+0603,,244.4402,6.0649,15.25,13.25,17.83,0.0,2.24,1.79,2.76,0.10,0.0379,43.71,,40,Sy1.5
1478,SWIFTJ1617.7+6705,244.443,67.130,4.80,1RXSJ161801.6+670405,,244.5012,67.0664,8.37,6.54,10.74,0.0,1.68,1.12,2.32,1.00,,,,70,UnknownAGN
1479,SWIFTJ1617.9-5403,244.550,-54.086,7.13,SWIFTJ1617.9-5403,,244.5321,-54.1037,17.04,14.86,19.85,0.0,1.71,1.27,2.17,0.20,,,,12,U2
1480,SWIFTJ1624.5-3317,246.114,-33.173,6.37,2MASXJ16242022-3311067,,246.0842,-33.1852,11.29,9.59,13.49,0.0,2.51,2.03,3.09,1.80,,,,70,UnknownAGN
1481,SWIFTJ1628.2+3614,247.044,36.150,6.98,MCG+06-36-044,,246.9641,36.1556,10.53,8.89,12.64,0.0,2.18,1.72,2.74,3.40,0.0316,43.38,,50,Sy2
1482,SWIFTJ1629.2-4609,247.292,-46.096,5.52,CXOJ162912.8-460250,,247.3036,-46.0475,11.37,9.23,13.60,0.0,2.38,1.86,3.01,1.80,,,,190,LMXB
1483,SWIFTJ1635.8-4756,248.958,-47.566,5.83,SGR1627-41,,248.9661,-47.5898,13.84,10.12,17.75,0.0,1.81,1.09,2.62,0.10,,,,230,Gamma-raysource
1484,SWIFTJ1635.9-4742,248.967,-47.423,8.17,IGRJ16358-4726,,248.9742,-47.4280,3.90,0.33,7.36,0.0,2.06,0.00,0.00,0.40,,,,150,Pulsar
1485,SWIFTJ1638.5-2095,249.621,-20.951,8.12,IGRJ16385-2057,,249.6288,-20.9235,20.34,17.73,23.09,0.0,1.89,1.54,2.27,0.40,0.0264,43.51,,40,Sy1
1486,SWIFTJ1641.4-2010,250.343,-20.108,6.27,SWIFTJ1641.4-2010,,250.3430,-20.1084,15.23,12.92,17.61,0.0,1.90,1.34,2.51,2.30,,,,11,U1
1487,SWIFTJ1643.4+0986,250.849,9.862,6.59,CGCG081-001,,250.8074,9.9044,12.00,9.98,14.07,0.0,2.38,1.92,2.94,1.20,0.0473,43.80,,70,UnknownAGN
1488,SWIFTJ1648.6-2313,252.153,-23.136,16.48,SWIFTJ1648.6-2313,,252.1532,-23.1356,8.97,4.71,13.36,0.0,1.29,0.00,2.21,5.60,,,,11,U1
1489,SWIFTJ1649.3-1739,252.336,-17.659,6.25,ESO586-G004,,252.3375,-17.6446,10.74,9.07,12.47,0.0,2.85,2.26,3.62,0.30,0.0229,43.11,,70,UnknownAGN
1490,SWIFTJ1651.2-0144,252.810,-1.442,4.82,2MASXJ16510578-0129258,,252.7739,-1.4907,11.45,9.31,13.66,0.0,2.15,1.65,2.70,1.80,0.0406,43.64,,70,UnknownAGN
1491,SWIFTJ1655.0-4998,253.992,-49.981,4.98,CXOUJ165551.9-495732,,253.9665,-49.9590,12.41,9.75,15.86,0.0,1.80,1.28,2.38,0.80,,,,80,BeamedAGN
1492,SWIFTJ1658.5+0518,254.628,5.292,5.54,RXJ1658.5+0515,,254.6394,5.2546,12.75,9.94,16.38,0.0,1.79,1.18,2.50,0.80,0.8790,46.69,,80,BeamedAGN
1493,SWIFTJ1700.7+3408,255.166,34.090,5.44,1RXSJ170102.6+340409,,255.2595,34.0668,7.12,5.18,9.61,0.0,2.53,1.61,4.17,2.10,0.0944,44.20,,40,Sy1
1494,SWIFTJ1700.8+3602,255.191,36.025,5.26,IGRJ17009+3559,,255.2208,35.9989,10.09,7.66,13.22,0.0,1.81,1.34,2.34,1.60,0.1130,44.52,,70,UnknownAGN
1495,SWIFTJ1701.1+2940,255.275,29.403,6.09,Mrk504,,255.2824,29.4069,9.03,7.09,11.53,0.0,2.54,1.97,3.29,0.20,0.0359,43.43,,40,Sy1
1496,SWIFTJ1703.5+3755,255.868,37.554,5.96,RXJ1703.3+3737,,255.8341,37.6236,7.54,5.72,9.57,0.0,2.61,2.01,3.46,0.70,0.0650,43.89,,40,Sy1
1497,SWIFTJ1705.1-0148,256.270,-1.481,6.75,UGC10683NED02,,256.2516,-1.5413,15.98,13.20,19.11,0.0,1.89,1.46,2.36,0.30,0.0304,43.53,,40,Sy1.5
1498,SWIFTJ1706.8-1573,256.700,-15.732,5.90,2MASXJ17064791-1541106,,256.6995,-15.6862,10.65,8.59,12.94,0.0,2.72,2.13,3.47,0.80,,,,70,UnknownAGN
1499,SWIFTJ1712.5+3553,258.101,35.877,5.84,CGCG198-020,,258.1185,35.8840,9.38,7.15,11.87,0.0,2.14,1.54,2.97,0.60,0.0269,43.19,,40,Sy1
1500,SWIFTJ1712.9-4002,258.220,-40.020,6.31,SWIFTJ1712.9-4002,,258.2202,-40.0201,13.34,11.67,15.19,0.0,3.25,2.77,3.82,0.40,,,,11,U1
1501,SWIFTJ1715.3-5488,258.826,-54.883,4.97,1RXSJ171535.6-545015,,258.8983,-54.8375,9.70,7.10,12.50,0.0,2.10,1.50,2.83,0.50,,,,110,star
1502,SWIFTJ1722.5+2432,260.608,24.536,5.07,V0396Her,,260.6719,24.6054,10.04,7.03,13.25,0.0,1.67,1.10,2.31,0.80,0.1750,44.93,,40,Sy1
1503,SWIFTJ1722.6+3086,260.647,30.866,7.91,Mrk506,,260.6662,30.8814,15.68,12.81,18.69,0.0,1.78,1.40,2.19,0.70,0.0430,43.83,,40,Sy1.5
1504,SWIFTJ1725.7-4517,261.427,-45.174,6.81,2MASXJ17253053-4510279,,261.3772,-45.1745,11.81,9.55,14.23,0.0,2.49,2.01,3.07,0.40,0.0196,43.01,,70,UnknownAGN
1505,SWIFTJ1731.3-2148,262.819,-21.485,5.50,Kepler'sSNR,,262.6730,-21.4795,7.96,6.37,9.36,0.0,3.22,2.02,5.33,1.60,,,,160,SNR
1506,SWIFTJ1732.6-4408,263.147,-44.138,6.38,SWIFTJ1732.6-4408,,263.2204,-44.1266,8.96,7.55,10.21,0.0,3.29,2.63,4.21,1.50,,,,13,U3
1507,SWIFTJ1734.9-2074,263.725,-20.742,5.96,NVSSJ173459-204533,,263.7462,-20.7594,10.59,8.79,12.23,0.0,2.68,2.06,3.45,0.30,,,,80,BeamedAGN
1508,SWIFTJ1735.3-3567,263.837,-35.675,4.88,1RXSJ173524.4-353957,,263.8484,-35.6702,15.01,12.77,17.06,0.0,2.09,1.68,2.55,1.60,,,,190,LMXB
1509,SWIFTJ1735.7+2045,263.908,20.763,5.94,2MASXJ17353371+2047470,,263.8907,20.7963,10.73,7.35,13.19,0.0,1.98,1.47,2.58,0.60,0.0242,43.16,,70,UnknownAGN
1510,SWIFTJ1740.7+5197,265.166,51.971,5.40,1RXSJ174036.3+521155,,265.1541,52.1954,8.70,5.59,10.99,0.0,1.90,1.32,2.63,0.70,1.3750,47.00,,80,BeamedAGN
1511,SWIFTJ1740.7+0609,265.180,6.094,5.60,TYC427-1298-1,,265.1893,6.0652,7.74,5.15,9.70,0.0,2.78,1.97,4.00,0.60,,,,110,star
1512,SWIFTJ1741.5-6548,265.272,-65.798,6.57,SWIFTJ1741.5-6548,,265.3505,-65.7909,1.52,0.00,12.07,0.0,3.91,0.00,0.00,0.70,,,,200,XRB
1513,SWIFTJ1741.4+0375,265.355,3.759,8.38,2MASXJ17412808+0348514,,265.3678,3.8147,13.33,10.43,15.45,0.0,2.58,2.15,3.12,1.50,0.0305,43.45,,40,Sy1
1514,SWIFTJ1742.4-3042,265.604,-30.424,5.77,CXOJ174241.0-302238,,265.6709,-30.3772,18.08,15.58,20.84,0.0,1.97,1.45,2.53,3.60,,,,190,LMXB
1515,SWIFTJ1742.5-5183,265.623,-51.836,5.61,2MASSJ17422050-5146223,,265.5855,-51.7729,10.18,7.94,12.65,0.0,2.14,1.47,3.00,1.00,,,,70,UnknownAGN
1516,SwiftJ174444.9-295042,266.185,-29.844,109.95,CXOJ174445.4-295044,,266.1894,-29.8462,30.34,26.74,34.32,0.0,1.47,1.18,1.75,2.80,,,,200,XRB
1517,SWIFTJ1745.1-2891,266.265,-28.916,39.34,CXOJ174502.3-285449,,266.2597,-28.9139,14.68,12.58,16.96,0.0,3.96,3.22,4.92,1.80,,,,190,LMXB
1518,SWIFTJ174510.8-262411,266.294,-26.402,255.10,SWIFTJ174510.8-262411,,266.2952,-26.4035,225.46,128.33,307.43,0.0,5.84,3.17,0.00,0.80,,,,190,LMXB
1519,SWIFTJ1746.9+1323,266.719,13.382,5.79,1RXSJ174645.6+131844,,266.6858,13.3129,9.39,7.41,11.07,0.0,2.60,2.06,3.30,1.00,,,,70,UnknownAGN
1520,SWIFTJ1748.1-2477,267.021,-24.780,20.66,ESO520-27,,267.0190,-24.7789,26.24,24.91,27.38,0.0,4.32,3.97,4.72,0.70,,,,210,GC
1521,SWIFTJ1751.2-2020,267.806,-20.205,7.91,IGRJ17513-2011,,267.8068,-20.2040,19.27,16.84,21.33,0.0,2.08,1.69,2.51,1.50,0.0470,44.00,,50,Sy1.9
1522,SWIFTJ1753.7-2382,268.431,-23.823,5.14,SAXJ1753.5-2349,,268.3829,-23.8208,16.06,12.81,18.82,0.0,2.17,1.61,2.84,0.10,,,,190,LMXB
1523,SWIFTJ1756.3+5237,269.073,52.573,5.37,RXJ1756.4+5235,,269.1033,52.5890,9.60,7.32,12.10,0.0,1.84,1.28,2.49,0.30,0.0943,44.33,,70,UnknownAGN
1524,SWIFTJ1759.6+7846,269.889,78.469,5.26,[HB89]1803+784,,270.1903,78.4678,9.08,6.93,11.44,0.0,1.93,1.37,2.61,0.70,0.6800,46.26,,80,BeamedAGN
1525,SWIFTJ1800.8-4148,270.203,-41.802,5.87,SWIFTJ1800.8-4148,,270.1758,-41.7805,14.89,12.08,17.98,0.0,1.63,1.06,2.23,0.70,,,,12,U2
1526,SWIFTJ1802.9+0491,270.727,4.918,8.84,1RXSJ180312.7+045128,,270.8029,4.8578,17.30,14.85,20.00,0.0,2.08,1.62,2.63,2.60,,,,110,star
1527,SWIFTJ1804.6-1494,271.154,-14.946,7.70,IGRJ18048-1455,,271.1623,-14.9464,11.48,10.14,13.37,0.0,3.26,2.69,3.98,0.40,,,,180,HMXB
1528,SWIFTJ1806.5-2223,271.632,-22.238,36.16,SAXJ1806.5-2215,,271.6400,-22.2500,23.44,1.66,55.15,0.0,1.48,0.00,0.00,1.20,,,,190,LMXB
1529,SWIFTJ1807.1-5955,271.775,-59.550,5.53,GALEXASCJ180715.06-593745.9,,271.8128,-59.6294,12.67,10.50,15.86,0.0,1.72,1.07,2.46,1.50,,,,12,U2
1530,SWIFTJ1809.6-4585,272.412,-45.859,5.43,SWIFTJ1809.6-4585,,272.4116,-45.8589,12.68,10.51,15.84,0.0,1.80,1.33,2.33,1.40,,,,11,U1
1531,SWIFTJ1810.0-6554,272.476,-65.921,6.22,PMNJ1809-6556,,272.4719,-65.9386,13.21,11.13,16.24,0.0,1.84,1.31,2.44,0.70,0.1800,45.08,,70,UnknownAGN
1532,SWIFTJ1813.0-1654,273.261,-16.549,5.02,SSTSL2J181328.05-163548.6,,273.3668,-16.5968,16.32,13.19,19.43,0.0,1.62,1.17,2.06,1.80,,,,70,UnknownAGN
1533,SWIFTJ1815.2-1089,273.797,-10.894,5.89,IGRJ18151-1052,,273.7658,-10.8597,11.61,9.57,13.66,0.0,2.84,2.31,3.52,1.20,,,,90,CV
1534,SWIFTJ1818.7-2553,274.671,-25.537,6.75,V*V4641Sgr,,274.8413,-25.4001,6.23,0.25,12.26,0.0,1.54,0.00,0.00,1.20,,,,190,LMXB
1535,SWIFTJ1821.9-1378,275.481,-13.789,6.46,XMMSL1J182155.0-134719,,275.4792,-13.7886,15.17,13.01,17.32,0.0,2.66,2.25,3.12,3.60,,,,180,HMXB
1536,SWIFTJ1829.8+7315,277.548,73.199,4.81,2MASSIJ1830231+731310,,277.5962,73.2194,7.57,5.32,9.90,0.0,2.02,1.48,2.70,0.80,0.1230,44.48,,40,Sy1
1537,SWIFTJ1830.4-0999,277.588,-10.000,6.41,CXOJ183038.3-100247,,277.6596,-10.0464,12.01,9.65,14.45,0.0,2.48,2.04,3.02,1.40,,,,70,UnknownAGN
1538,SWIFTJ1830.4-6023,277.609,-60.387,5.25,SWIFTJ1830.4-6023,,277.6092,-60.3867,9.81,7.34,12.38,0.0,2.20,1.58,2.97,0.60,,,,11,U1
1539,SWIFTJ1830.8-1253,277.708,-12.538,7.98,IGRJ18308-1232,,277.7078,-12.5385,17.08,14.67,19.56,0.0,2.45,2.09,2.86,0.40,,,,90,CV
1540,SWIFTJ1832.2-0799,278.042,-7.998,5.13,CXOUJ183228.3-075641,,278.1178,-7.9450,8.36,5.75,10.89,0.0,2.50,1.81,3.45,0.20,,,,180,HMXB
1541,SWIFTJ1832.2+3146,278.045,31.461,5.07,2MASXJ18322636+3129050,,278.1100,31.4848,6.32,3.81,8.74,0.0,2.25,1.45,3.49,0.60,0.0436,43.45,,70,UnknownAGN
1542,SWIFTJ1832.5-0863,278.123,-8.634,10.04,CXOJ183219.3-084030,,278.0804,-8.6751,18.90,16.24,21.51,0.0,2.40,2.01,2.85,1.10,,,,90,CV
1543,SWIFTJ1833.1-4536,278.286,-45.367,5.27,SWIFTJ1833.1-4536,,278.2861,-45.3667,7.49,5.42,9.51,0.0,2.94,2.22,4.03,0.80,,,,13,U3
1544,SWIFTJ1834.8-0860,278.701,-8.601,5.42,SwiftJ1834.9-0846,,278.7172,-8.7655,9.59,6.93,12.21,0.0,2.13,1.33,3.15,0.40,,,,110,star
1545,SWIFTJ1835.7-1931,278.918,-19.319,37.99,MAXIJ1836-194,,278.9310,-19.3200,91.26,88.43,94.05,0.0,1.95,1.87,2.02,0.80,,,,200,XRB
1546,SWIFTJ1840.8-5322,280.130,-53.341,5.50,2MASXJ18402764-5321581,,280.1151,-53.3663,10.85,8.40,13.25,0.0,2.20,1.68,2.79,0.70,0.0347,43.48,,50,Sy1.9
1547,SWIFTJ1841.0+0152,280.286,1.666,5.64,SWIFTJ1841.0+0152,,280.2863,1.6658,5.51,3.67,7.36,0.0,3.49,2.41,5.58,1.70,,,,11,U1
1548,SWIFTJ1842.8+6244,280.652,62.828,5.60,SWIFTJ1842.8+6244,,280.6521,62.8282,8.28,6.00,10.52,0.0,1.98,1.27,2.90,0.60,,,,11,U1
1549,SWIFTJ1845.9-5582,281.476,-55.829,5.58,2MASXJ18454978-5548252,,281.4573,-55.8069,12.89,9.83,15.41,0.0,1.84,1.35,2.39,0.50,0.0343,43.54,,50,Sy2candidate
1550,SWIFTJ1848.2-0244,282.056,-2.447,9.57,SAXWFCJ1848.2-0225.9,,282.0738,-2.4203,13.92,11.89,15.59,0.0,3.19,2.72,3.80,0.90,,,,180,HMXB
1551,SWIFTJ1848.5+6704,282.125,67.048,6.39,8C1849+670,,282.3170,67.0949,6.39,4.49,7.93,0.0,2.72,2.00,3.78,1.70,0.6570,46.07,,80,BeamedAGN
1552,SWIFTJ1849.3-0920,282.329,-9.203,7.56,SwiftFTJ184929.4-0913.4,,282.3725,-9.2249,12.24,9.81,14.24,0.0,2.63,2.06,3.39,1.00,,,,12,U2
1553,SWIFTJ1853.9-0104,283.465,-1.044,5.85,2XMMJ185348.4-010229,,283.4518,-1.0416,9.58,7.89,12.26,0.0,2.69,2.06,3.53,0.70,,,,40,Sy1
1554,SWIFTJ1857.6-0748,284.410,-7.482,6.35,SWIFTJ1857.6-0748,,284.3963,-7.5314,10.66,9.04,13.22,0.0,2.79,2.34,3.38,2.10,,,,12,U2
1555,SWIFTJ1903.3+7630,285.815,76.492,5.29,RXJ1902.7+7630,,285.7008,76.5119,7.13,5.64,9.49,0.0,2.39,1.74,3.35,0.30,0.2710,45.21,,40,Sy1.2
1556,SWIFTJ1907.8-3940,286.959,-39.403,5.36,IGRJ19077-3925,,286.9600,-39.3921,11.03,8.27,13.38,0.0,2.03,1.38,2.80,0.40,0.0725,44.15,,40,Sy1
1557,SWIFTJ1909.3+0124,287.337,1.246,6.90,SWIFTJ1909.3+0124,,287.3372,1.2464,10.79,8.69,12.60,0.0,2.86,2.35,3.51,1.60,,,,13,U3
1558,SWIFTJ1909.4-6245,287.339,-62.450,6.29,SWIFTJ1909.4-6245,,287.3386,-62.4503,11.06,8.56,13.19,0.0,2.20,1.71,2.78,1.40,,,,13,U3
1559,SWIFTJ1909.5+3112,287.377,31.125,5.11,SWIFTJ1909.5+3112,,287.3770,31.1247,7.13,4.87,9.11,0.0,2.37,1.59,3.59,1.10,,,,13,U3
1560,SWIFTJ1909.5+4097,287.378,40.978,5.33,SWIFTJ1909.5+4097,,287.3784,40.9779,14.65,12.03,17.38,0.0,1.33,0.91,1.75,1.20,,,,13,U3
1561,SWIFTJ1910.2-0546,287.589,-5.793,42.41,MAXIJ1910-057,,287.5950,-5.7989,83.31,0.00,249.75,0.0,0.80,0.00,0.00,1.00,,,,190,LMXB
1562,SWIFTJ1911.5+1422,287.877,14.228,5.79,SWIFTJ1911.5+1422,,287.8533,14.1958,11.47,9.36,13.66,0.0,2.37,1.87,2.97,0.60,,,,12,U2
1563,SWIFTJ1911.9-1710,287.978,-17.100,7.21,IGRJ19118-1707,,287.9277,-17.1681,13.80,11.55,16.12,0.0,2.29,1.83,2.83,1.40,0.0236,43.24,,60,LINER
1564,SWIFTJ1924.8+5531,291.198,55.513,5.28,87GB[BWE91]1923+5523,,291.0201,55.4937,9.96,6.86,13.11,0.0,1.75,1.23,2.34,1.50,,,,80,BeamedAGN
1565,SWIFTJ1924.9-2918,291.218,-29.184,7.75,[HB89]1921-293,,291.2127,-29.2417,16.22,12.80,19.69,0.0,2.04,1.63,2.50,0.40,0.3526,45.83,,80,BeamedAGN
1566,SWIFTJ1926.4-0501,291.494,-4.970,5.75,2MASXJ19260009-0502228,,291.5005,-5.0397,15.07,10.96,19.24,0.0,1.69,1.19,2.22,1.00,,,,70,UnknownAGN
1567,SWIFTJ1937.7+2344,294.337,23.725,5.49,SWIFTJ1937.7+2344,,294.5304,23.8179,8.70,5.80,11.62,0.0,2.32,1.77,3.01,0.60,,,,12,U2
1568,SWIFTJ1937.5-4021,294.380,-40.217,5.39,SWIFTJ1937.5-4021,,294.3796,-40.2171,10.86,8.03,13.46,0.0,2.10,1.51,2.83,0.60,,,,13,U3
1569,SWIFTJ1938.2+0520,294.595,5.352,5.21,SWIFTJ1938.2+0520,,294.5954,5.3521,213.70,0.00,495.21,0.0,0.50,0.00,0.00,0.80,,,,11,U1
1570,SWIFTJ1941.3-6216,295.321,-62.164,6.32,PKS1936-623,,295.3407,-62.1892,17.84,14.33,21.09,0.0,1.32,0.82,1.81,0.40,,,,80,BeamedAGN
1571,SWIFTJ1942.8+2263,295.702,22.634,5.68,HD344800,,295.7122,22.5627,7.51,6.04,9.12,0.0,3.25,2.56,4.28,1.20,,,,110,star
1572,SWIFTJ1942.8+7949,295.711,79.812,4.84,2MASXJ19422901+7951010,,295.6211,79.8503,7.79,5.86,9.87,0.0,2.06,1.51,2.74,1.20,,,,70,UnknownAGN
1573,SWIFTJ1948.4-7975,297.109,-79.755,6.50,6dFJ1949458-794523,,297.4410,-79.7564,9.95,7.90,12.15,0.0,2.18,1.70,2.77,0.60,,,,70,UnknownAGN
1574,SWIFTJ1949.2-1061,297.293,-10.614,7.17,IGRJ19491-1035,,297.2887,-10.5736,14.62,11.87,17.61,0.0,2.21,1.81,2.68,1.50,0.0240,43.28,,40,Sy1
1575,SWIFTJ1955.2+0077,298.805,0.771,7.70,IGRJ19552+0044,,298.8020,0.7602,14.85,12.12,17.80,0.0,2.22,1.80,2.74,0.70,,,,90,CV
1576,SWIFTJ2003.4+7023,300.839,70.231,5.02,2MASXJ20033401+7013367,,300.8917,70.2269,7.80,5.65,10.09,0.0,2.16,1.59,2.86,0.40,,,,70,UnknownAGN
1577,SWIFTJ2004.6-1111,301.148,-11.186,5.98,2MASXJ20043345-1113515,,301.1394,-11.2311,13.18,10.17,16.44,0.0,1.99,1.31,2.80,1.80,0.0473,43.84,,70,UnknownAGN
1578,SWIFTJ2007.6+4052,301.889,40.520,5.11,[HB89]2005+403,,301.9373,40.4968,14.04,11.83,17.46,0.0,1.42,0.89,1.95,0.30,1.7360,47.46,,80,BeamedAGN
1579,SWIFTJ2008.4+0020,302.080,0.366,7.00,1RXSJ200830.7+002134,,302.1288,0.3593,11.97,10.05,14.92,0.0,2.34,1.81,3.02,0.80,,,,70,UnknownAGN
1580,SWIFTJ2008.8+3225,302.196,32.430,5.24,SWIFTJ2008.8+3225,,302.1963,32.4295,5.37,3.52,7.93,0.0,2.65,1.72,3.95,1.20,,,,14,confusedsource
1581,SWIFTJ2020.2+2972,305.046,29.728,5.20,3C410,,305.0273,29.7039,12.55,9.90,15.51,0.0,1.69,1.20,2.20,1.20,0.2485,45.37,,40,Sy1.5
1582,SWIFTJ2025.5+3340,306.341,33.681,5.08,B22023+33,,306.2952,33.7167,13.30,10.49,16.43,0.0,1.49,0.95,2.06,1.10,0.2190,45.27,,80,BeamedAGN
1583,SWIFTJ2033.1+0991,308.273,9.916,5.23,SWIFTJ2033.1+0991,,308.4137,9.8260,10.80,8.21,13.69,0.0,2.03,1.46,2.71,0.70,,,,12,U2
1584,SWIFTJ2033.3-2253,308.327,-22.928,6.53,PKS2030-23,,308.3192,-22.8881,12.89,10.27,15.80,0.0,2.22,1.67,2.90,0.40,0.1315,44.77,,40,Sy1
1585,SWIFTJ2034.4-3036,308.626,-30.617,5.14,MC2031-307,,308.6306,-30.6247,10.66,8.04,13.56,0.0,2.18,1.58,2.94,0.80,0.0194,42.96,,40,Sy1
1586,SWIFTJ2036.0-0028,308.989,-0.460,6.93,SWIFTJ2036.0-0028,,308.9893,-0.4602,12.66,10.11,15.48,0.0,2.24,1.76,2.86,0.90,,,,11,U1
1587,SWIFTJ2038.1-4006,309.523,-40.096,5.34,SWIFTJ2038.1-4006,,309.5225,-40.0955,9.18,6.83,11.76,0.0,2.39,1.70,3.40,0.20,,,,11,U1
1588,SWIFTJ2041.7-5363,310.425,-53.631,5.68,ESO187-G002,,310.3961,-53.6771,9.68,6.43,12.39,0.0,2.24,1.63,3.01,0.30,0.0418,43.60,,40,Sy1.5
1589,SWIFTJ2043.8-0958,310.943,-9.963,6.49,2MASXJ20442214-0957356,,311.0923,-9.9599,12.75,9.01,15.83,0.0,2.25,1.77,2.83,0.70,0.1419,44.84,,70,UnknownAGN
1590,SWIFTJ2046.6+8325,311.413,83.465,5.31,SWIFTJ2046.6+8325,,311.0562,83.3284,8.03,4.96,10.59,0.0,1.82,1.15,2.67,1.30,,,,12,U2
1591,SWIFTJ2047.0+4112,311.761,41.208,5.00,SWIFTJ2047.0+4112,,311.6637,41.3305,6.87,4.66,8.39,0.0,2.80,2.04,3.88,1.60,,,,12,U2
1592,SWIFTJ2055.0+3559,313.753,35.988,4.88,SWIFTJ2055.0+3559,,313.7842,35.9416,8.49,5.51,10.48,0.0,2.07,1.43,2.99,2.40,,,,12,U2
1593,SWIFTJ2055.4+0228,313.859,2.281,4.98,SWIFTJ2055.4+0228,,313.8589,2.2811,7.88,4.73,10.00,0.0,2.43,1.78,3.37,2.00,,,,13,U3
1594,SWIFTJ2056.5-7315,314.040,-73.262,5.19,SWIFTJ2056.5-7315,,314.0397,-73.2615,7.62,4.82,9.50,0.0,2.21,1.31,3.58,1.30,,,,11,U1
1595,SWIFTJ2103.3-2144,315.821,-21.732,5.53,SWIFTJ2103.3-2144,,315.8212,-21.7318,8.54,6.06,10.15,0.0,2.70,2.05,3.63,1.00,,,,11,U1
1596,SWIFTJ2105.1-2106,316.265,-21.066,5.21,SWIFTJ2105.1-2106,,316.2649,-21.0657,7.87,5.17,9.63,0.0,2.51,1.75,3.82,0.80,,,,13,U3
1597,SWIFTJ2106.0+1402,316.536,14.084,5.11,2MASXJ21055493+1409326,,316.4790,14.1591,11.67,8.41,13.83,0.0,1.66,1.02,2.31,1.90,,,,70,UnknownAGN
1598,SWIFTJ2107.4+4231,316.851,42.520,5.37,SWIFTJ2107.4+4231,,316.8514,42.5203,7.19,5.31,8.88,0.0,2.82,2.00,4.11,1.40,,,,11,U1
1599,SWIFTJ2112.3+1124,318.079,11.399,6.04,UGC11700,,318.1029,11.4087,10.34,7.92,12.58,0.0,2.39,1.83,3.10,0.70,0.0166,42.81,,50,Sy2
1600,SWIFTJ2112.4-4249,318.090,-42.818,5.66,GALEXASCJ211218.07-425638.9,,318.0753,-42.9442,9.79,7.16,12.22,0.0,2.30,1.68,3.17,0.90,0.4940,45.96,,70,UnknownAGN
1601,SWIFTJ2117.7-0208,319.435,-2.138,5.56,2MASXJ21174162-0208341,,319.4235,-2.1427,10.91,8.20,13.41,0.0,2.33,1.84,2.94,1.60,0.0902,44.35,,70,UnknownAGN
1602,SWIFTJ2123.9+3401,320.982,34.018,5.37,2MASXJ21240027+3409114,,321.0012,34.1531,7.04,4.59,9.09,0.0,2.41,1.69,3.51,0.90,0.0830,44.08,,40,Sy1
1603,SWIFTJ2146.0-3088,326.512,-30.881,5.69,RXJ2146.6-3051,,326.6503,-30.8612,12.49,8.88,15.45,0.0,1.92,1.38,2.55,0.60,0.0755,44.24,,40,Sy1
1604,SWIFTJ2147.6-5360,326.909,-53.996,5.03,2MASXJ21480531-5359413,,327.0222,-53.9948,11.31,7.96,14.07,0.0,1.71,1.15,2.36,0.20,0.0309,43.40,,70,UnknownAGN
1605,SWIFTJ2148.4-7557,327.101,-75.575,6.04,[HB89]2142-758,,326.8030,-75.6037,14.59,12.35,17.37,0.0,1.41,0.93,1.89,0.30,1.1390,47.02,,80,BeamedAGN
1606,SWIFTJ2150.2-1889,327.551,-18.898,6.80,SWIFTJ2150.2-1889,,327.5515,-18.8980,5.16,0.00,12.19,0.0,2.25,0.00,0.00,0.20,,,,14,confusedsource
1607,SWIFTJ2150.9+1402,327.730,14.088,6.31,CGCG427-028,,327.6948,14.1102,12.04,10.02,14.54,0.0,2.15,1.70,2.67,1.10,0.0303,43.41,,50,Sy2
1608,SWIFTJ2157.4-3316,329.359,-33.264,5.86,SWIFTJ2157.4-3316,,329.3586,-33.2640,15.12,11.59,19.21,0.0,1.63,1.19,2.11,0.90,,,,11,U1
1609,SWIFTJ2204.2+6155,331.043,61.558,4.82,1RXSJ220358.1+613219,,330.9921,61.5386,4.90,3.59,6.34,0.0,3.57,2.52,5.70,0.50,,,,110,star
1610,SWIFTJ2214.1+3854,333.514,38.904,6.25,2MASXJ22134316+3855191,,333.4298,38.9222,12.83,10.03,16.05,0.0,1.82,1.36,2.32,0.80,,,,70,UnknownAGN
1611,SWIFTJ2214.7-3848,333.676,-38.823,5.06,ESO344-G016,,333.6750,-38.8064,11.74,8.44,15.53,0.0,1.68,1.03,2.36,0.80,0.0397,43.63,,40,Sy1.5
1612,SWIFTJ2216.7+3948,334.115,39.805,6.07,2MASXJ22163290+3951488,,334.1370,39.8635,11.12,9.20,13.77,0.0,1.90,1.41,2.48,0.70,,,,70,UnknownAGN
1613,SWIFTJ2221.6+5952,335.391,59.869,5.30,SWIFTJ2221.6+5952,,335.4987,59.8648,7.62,6.18,9.63,0.0,2.42,1.80,3.24,0.60,,,,12,U2
1614,SWIFTJ2222.7+3981,335.671,39.811,5.05,SWIFTJ2222.7+3981,,335.6711,39.8112,15.68,13.09,19.27,0.0,0.99,0.00,1.57,0.60,,,,13,U3
1615,SWIFTJ2232.4+0814,338.111,8.233,4.96,Ark557,,338.1285,8.2071,12.37,9.65,15.81,0.0,1.75,1.27,2.29,1.20,0.0252,43.25,,40,Sy1
1616,SWIFTJ2233.9+1007,338.486,10.168,6.28,MG1J223400+1008,,338.4935,10.1478,16.29,13.48,19.88,0.0,1.65,1.21,2.13,0.20,1.8540,47.59,,80,BeamedAGN
1617,SWIFTJ2234.7-8457,338.683,-84.573,5.63,6dfJ2234555-843453,,338.7311,-84.5812,9.64,7.53,12.30,0.0,1.95,1.36,2.62,0.50,,,,70,UnknownAGN
1618,SWIFTJ2235.7+0137,338.917,1.623,4.99,2MASXJ22354193+0139333,,338.9246,1.6593,17.26,14.11,20.68,0.0,1.12,0.00,1.71,0.70,0.0565,44.12,,40,Sy1
1619,SWIFTJ2237.3-1924,339.395,-19.374,5.17,2MASXJ22373491-1925343,,339.3955,-19.4263,11.29,8.75,14.09,0.0,1.78,1.11,2.58,0.20,,,,70,UnknownAGN
1620,SWIFTJ2246.7-5208,341.661,-52.120,5.16,RBS1895,,341.6754,-52.1113,6.97,5.40,8.73,0.0,2.51,1.81,3.58,0.30,0.1940,44.87,,80,BeamedAGN
1621,SWIFTJ2247.6-1150,341.897,-11.835,4.96,NGC7378,,341.9488,-11.8166,13.48,9.87,16.13,0.0,1.55,1.00,2.15,0.40,0.0086,42.35,,50,Sy2
1622,SWIFTJ2251.2-3118,342.744,-31.277,6.56,SWIFTJ2251.2-3118,,342.7436,-31.2766,12.58,9.61,14.76,0.0,1.98,1.48,2.59,0.90,,,,11,U1
1623,SWIFTJ2254.2+6275,343.545,62.754,4.86,IGRJ22534+6243,,343.4797,62.7269,5.46,4.12,6.59,0.0,3.32,2.43,4.77,0.40,,,,180,HMXB
1624,SWIFTJ2305.4+0009,346.349,0.097,6.14,MCG+00-58-028,,346.3285,0.1895,12.99,9.19,15.49,0.0,1.75,1.29,2.26,1.20,0.0255,43.28,,50,Sy2
1625,SWIFTJ2306.3-5147,346.519,-51.734,5.46,2MASXJ23061656-5147462,,346.5691,-51.7963,9.12,6.04,11.14,0.0,1.94,1.36,2.65,0.60,0.0959,44.32,,70,UnknownAGN
1626,SWIFTJ2323.8+1142,350.946,11.427,5.24,SWIFTJ2323.8+1142,,350.9462,11.4268,8.72,5.93,10.55,0.0,2.44,1.83,3.23,1.80,,,,13,U3
1627,SWIFTJ2328.1+0883,352.031,8.835,5.98,NGC7674,,351.9864,8.7790,12.60,9.27,15.29,0.0,1.88,1.43,2.38,1.80,0.0289,43.38,,50,Sy2
1628,SWIFTJ2330.5-0228,352.624,-2.474,5.07,MCG-01-59-027,,352.6345,-2.4625,10.43,6.93,13.25,0.0,1.85,1.21,2.67,0.50,0.0334,43.43,,40,Sy1
1629,SWIFTJ2333.0+0437,353.262,4.379,5.53,LEDA3092231,,353.2771,4.4051,9.93,6.87,12.39,0.0,2.16,1.58,2.90,0.20,,,,70,UnknownAGN
1630,SWIFTJ2343.0-5920,355.738,-59.325,5.37,APMUKS(BJ)B233953.42-593202.5,,355.6517,-59.2565,6.97,4.80,8.75,0.0,2.49,1.80,3.53,0.50,,,,70,UnknownAGN
1631,SWIFTJ2344.7-1573,356.167,-15.731,5.01,SWIFTJ2344.7-1573,,356.1672,-15.7306,8.34,5.80,10.72,0.0,2.19,1.38,3.70,1.40,,,,14,confusedsource
1632,SWIFTJ2355.9+2555,358.983,25.552,6.98,VV697,,358.9588,25.5008,11.38,9.03,13.60,0.0,2.17,1.65,2.84,1.00,0.0571,43.95,,40,Sy1