Name,previous_bin_count,current_bin_count,new_point_mjd,new_point_flux,new_point_flux_error,previous_point_flux,average_flux_full_series,previous_quiescent_background,previous_quiescent_background_error,current_quiescent_background,current_quiescent_background_error,previous_detection_threshold,current_detection_threshold,flare_flux_threshold,above_previous_flux,above_flare_flux_threshold,potential_flare_point,consecutive_potential_flare_points,flare_active,flare_start_mjd,flare_end_mjd,confirmed_sigma_delta,confirmed_sigma_threshold,confirmed_start_trigger,confirmed_flare_active,confirmed_flare_start_mjd,confirmed_flare_end_mjd,cadence,lookback_weeks,detection_method,quiescent_background_origin,quiescent_background_cache_path,flare_duration_seconds,streak_mean_flux,source_counts_0p2_5MeV,background_counts,mdp99_percent,mdp99_available,mdp99_reason
4FGL J2056.2-4714,1,2,54690.00001157408,1.56e-07,4.47e-08,1.57e-07,2.0802935736677116e-07,1.2867992945326278e-07,1.790266510567173e-09,1.2867992945326278e-07,1.790266510567173e-09,2.8764700000000003e-07,2.8764700000000003e-07,1.2867992945326278e-07,False,True,False,0,False,,,0.6106976592841944,3.0,False,False,,,weekly,10.0,sigma,computed,/home/lkoo/projects/AutomationDetection/DownloadedLC/incremental/quiescent_background_cache.csv,,,,,,False,not_in_flare_streak
4FGL J2056.2-4714,2,3,54697.00001157408,1.83e-07,4.86e-08,1.56e-07,2.0802935736677116e-07,1.2867992945326278e-07,1.790266510567173e-09,1.2867992945326278e-07,1.790266510567173e-09,2.8764700000000003e-07,2.8764700000000003e-07,1.2867992945326278e-07,True,True,False,0,False,,,1.116939368056071,3.0,False,False,,,weekly,10.0,sigma,computed,/home/lkoo/projects/AutomationDetection/DownloadedLC/incremental/quiescent_background_cache.csv,,,,,,False,not_in_flare_streak
4FGL J2056.2-4714,3,4,54704.00001157408,8e-08,4.86e-08,1.83e-07,2.0802935736677116e-07,1.2867992945326278e-07,1.790266510567173e-09,1.2867992945326278e-07,1.790266510567173e-09,2.8764700000000003e-07,2.8764700000000003e-07,1.2867992945326278e-07,False,False,False,0,False,,,-1.0009657405315606,3.0,False,False,,,weekly,10.0,sigma,computed,/home/lkoo/projects/AutomationDetection/DownloadedLC/incremental/quiescent_background_cache.csv,,,,,,False,not_in_flare_streak
4FGL J2056.2-4714,4,5,54711.00001157408,7.13e-08,3.96e-08,8e-08,2.0802935736677116e-07,1.2867992945326278e-07,1.790266510567173e-09,1.2867992945326278e-07,1.790266510567173e-09,2.8764700000000003e-07,2.8764700000000003e-07,1.2867992945326278e-07,False,False,False,0,False,,,-1.4475096399502954,3.0,False,False,,,weekly,10.0,sigma,computed,/home/lkoo/projects/AutomationDetection/DownloadedLC/incremental/quiescent_background_cache.csv,,,,,,False,not_in_flare_streak
4FGL J2056.2-4714,5,6,54718.00001157408,1.28e-07,4.92e-08,7.13e-08,2.0802935736677116e-07,1.2867992945326278e-07,1.790266510567173e-09,1.2867992945326278e-07,1.790266510567173e-09,2.8764700000000003e-07,2.8764700000000003e-07,1.2867992945326278e-07,True,False,False,0,False,,,-0.01381056440363796,3.0,False,False,,,weekly,10.0,sigma,computed,/home/lkoo/projects/AutomationDetection/DownloadedLC/incremental/quiescent_background_cache.csv,,,,,,False,not_in_flare_streak
4FGL J2056.2-4714,6,7,54725.00001157408,1.52e-07,4.53e-08,1.28e-07,2.0802935736677116e-07,1.2867992945326278e-07,1.790266510567173e-09,1.2867992945326278e-07,1.790266510567173e-09,2.8764700000000003e-07,2.8764700000000003e-07,1.2867992945326278e-07,True,True,False,0,False,,,0.5143903011035249,3.0,False,False,,,weekly,10.0,sigma,computed,/home/lkoo/projects/AutomationDetection/DownloadedLC/incremental/quiescent_background_cache.csv,,,,,,False,not_in_flare_streak
4FGL J2056.2-4714,7,8,54732.00001157408,8.84e-08,3.31e-08,1.52e-07,2.0802935736677116e-07,1.2867992945326278e-07,1.790266510567173e-09,1.2867992945326278e-07,1.790266510567173e-09,2.8764700000000003e-07,2.8764700000000003e-07,1.2867992945326278e-07,False,False,False,0,False,,,-1.2151402340397555,3.0,False,False,,,weekly,10.0,sigma,computed,/home/lkoo/projects/AutomationDetection/DownloadedLC/incremental/quiescent_background_cache.csv,,,,,,False,not_in_flare_streak
4FGL J2056.2-4714,8,9,54739.00001157408,5.24e-08,3.09e-08,8.84e-08,2.0802935736677116e-07,1.2867992945326278e-07,1.790266510567173e-09,1.2867992945326278e-07,1.790266510567173e-09,2.8764700000000003e-07,2.8764700000000003e-07,1.2867992945326278e-07,False,False,False,0,False,,,-2.4644732916643965,3.0,False,False,,,weekly,10.0,sigma,computed,/home/lkoo/projects/AutomationDetection/DownloadedLC/incremental/quiescent_background_cache.csv,,,,,,False,not_in_flare_streak
4FGL J2056.2-4714,9,10,54746.00001157408,3.88e-08,2e-08,5.24e-08,2.0802935736677116e-07,1.2867992945326278e-07,1.790266510567173e-09,1.2867992945326278e-07,1.790266510567173e-09,2.8764700000000003e-07,2.8764700000000003e-07,1.2867992945326278e-07,False,False,False,0,False,,,-4.4760995744084155,3.0,False,False,,,weekly,10.0,sigma,computed,/home/lkoo/projects/AutomationDetection/DownloadedLC/incremental/quiescent_background_cache.csv,,,,,,False,not_in_flare_streak
4FGL J2056.2-4714,10,11,54760.00001157408,5.93e-08,2.83e-08,3.88e-08,2.0802935736677116e-07,1.2867992945326278e-07,1.790266510567173e-09,1.2867992945326278e-07,1.790266510567173e-09,2.8764700000000003e-07,2.8764700000000003e-07,1.2867992945326278e-07,True,False,False,0,False,,,-2.4466968253845076,3.0,False,False,,,weekly,10.0,sigma,computed,/home/lkoo/projects/AutomationDetection/DownloadedLC/incremental/quiescent_background_cache.csv,,,,,,False,not_in_flare_streak
4FGL J2056.2-4714,11,12,54767.00001157408,7.12e-08,3.91e-08,5.93e-08,2.0802935736677116e-07,1.2867992945326278e-07,1.790266510567173e-09,1.2867992945326278e-07,1.790266510567173e-09,2.8764700000000003e-07,2.8764700000000003e-07,1.2867992945326278e-07,True,False,False,0,False,,,-1.4685363808596177,3.0,False,False,,,weekly,10.0,sigma,computed,/home/lkoo/projects/AutomationDetection/DownloadedLC/incremental/quiescent_background_cache.csv,,,,,,False,not_in_flare_streak
4FGL J2056.2-4714,12,13,54781.00001157408,9.99e-08,4.45e-08,7.12e-08,2.0802935736677116e-07,1.2867992945326278e-07,1.790266510567173e-09,1.2867992945326278e-07,1.790266510567173e-09,2.8764700000000003e-07,2.8764700000000003e-07,1.2867992945326278e-07,True,False,False,0,False,,,-0.6462172446487089,3.0,False,False,,,weekly,10.0,sigma,computed,/home/lkoo/projects/AutomationDetection/DownloadedLC/incremental/quiescent_background_cache.csv,,,,,,False,not_in_flare_streak
4FGL J2056.2-4714,13,14,54788.00001157408,8.04e-08,4.02e-08,9.99e-08,2.0802935736677116e-07,1.2867992945326278e-07,1.790266510567173e-09,1.2867992945326278e-07,1.790266510567173e-09,2.8764700000000003e-07,2.8764700000000003e-07,1.2867992945326278e-07,False,False,False,0,False,,,-1.199804087674263,3.0,False,False,,,weekly,10.0,sigma,computed,/home/lkoo/projects/AutomationDetection/DownloadedLC/incremental/quiescent_background_cache.csv,,,,,,False,not_in_flare_streak
4FGL J2056.2-4714,14,15,54802.00001157408,5.99e-08,2.81e-08,8.04e-08,2.0802935736677116e-07,1.2867992945326278e-07,1.790266510567173e-09,1.2867992945326278e-07,1.790266510567173e-09,2.8764700000000003e-07,2.8764700000000003e-07,1.2867992945326278e-07,False,False,False,0,False,,,-2.442731776532912,3.0,False,False,,,weekly,10.0,sigma,computed,/home/lkoo/projects/AutomationDetection/DownloadedLC/incremental/quiescent_background_cache.csv,,,,,,False,not_in_flare_streak
4FGL J2056.2-4714,15,16,54809.00001157408,8.73e-08,3.39e-08,5.99e-08,2.0802935736677116e-07,1.2867992945326278e-07,1.790266510567173e-09,1.2867992945326278e-07,1.790266510567173e-09,2.8764700000000003e-07,2.8764700000000003e-07,1.2867992945326278e-07,True,False,False,0,False,,,-1.2189482956748383,3.0,False,False,,,weekly,10.0,sigma,computed,/home/lkoo/projects/AutomationDetection/DownloadedLC/incremental/quiescent_background_cache.csv,,,,,,False,not_in_flare_streak
4FGL J2056.2-4714,16,17,54816.00001157408,2.71e-08,1.74e-08,8.73e-08,2.0802935736677116e-07,1.2867992945326278e-07,1.790266510567173e-09,1.2867992945326278e-07,1.790266510567173e-09,2.8764700000000003e-07,2.8764700000000003e-07,1.2867992945326278e-07,False,False,False,0,False,,,-5.807269670496927,3.0,False,False,,,weekly,10.0,sigma,computed,/home/lkoo/projects/AutomationDetection/DownloadedLC/incremental/quiescent_background_cache.csv,,,,,,False,not_in_flare_streak
4FGL J2056.2-4714,17,18,54837.00001157408,6.2e-08,3.15e-08,2.71e-08,2.0802935736677116e-07,1.2867992945326278e-07,1.790266510567173e-09,1.2867992945326278e-07,1.790266510567173e-09,2.8764700000000003e-07,2.8764700000000003e-07,1.2867992945326278e-07,True,False,False,0,False,,,-2.1134126553329806,3.0,False,False,,,weekly,10.0,sigma,computed,/home/lkoo/projects/AutomationDetection/DownloadedLC/incremental/quiescent_background_cache.csv,,,,,,False,not_in_flare_streak
4FGL J2056.2-4714,18,19,54844.00001157408,9.29e-08,3.5e-08,6.2e-08,2.0802935736677116e-07,1.2867992945326278e-07,1.790266510567173e-09,1.2867992945326278e-07,1.790266510567173e-09,2.8764700000000003e-07,2.8764700000000003e-07,1.2867992945326278e-07,True,False,False,0,False,,,-1.0209489805944396,3.0,False,False,,,weekly,10.0,sigma,computed,/home/lkoo/projects/AutomationDetection/DownloadedLC/incremental/quiescent_background_cache.csv,,,,,,False,not_in_flare_streak
4FGL J2056.2-4714,19,20,54851.00001157408,1.14e-07,3.63e-08,9.29e-08,2.0802935736677116e-07,1.2867992945326278e-07,1.790266510567173e-09,1.2867992945326278e-07,1.790266510567173e-09,2.8764700000000003e-07,2.8764700000000003e-07,1.2867992945326278e-07,True,False,False,0,False,,,-0.40391484173197684,3.0,False,False,,,weekly,10.0,sigma,computed,/home/lkoo/projects/AutomationDetection/DownloadedLC/incremental/quiescent_background_cache.csv,,,,,,False,not_in_flare_streak
4FGL J2056.2-4714,20,21,54858.00001157408,3.63e-07,5.05e-08,1.14e-07,2.0802935736677116e-07,1.2867992945326278e-07,1.790266510567173e-09,1.2867992945326278e-07,1.790266510567173e-09,2.8764700000000003e-07,2.8764700000000003e-07,1.2867992945326278e-07,True,True,False,0,False,,,4.637088456442655,3.0,True,True,54858.00001157408,54858.00001157408,weekly,10.0,sigma,computed,/home/lkoo/projects/AutomationDetection/DownloadedLC/incremental/quiescent_background_cache.csv,,,,,,False,not_in_flare_streak
4FGL J2056.2-4714,21,22,54865.00001157408,3.45e-07,4.82e-08,3.63e-07,2.0802935736677116e-07,1.2867992945326278e-07,1.790266510567173e-09,1.2867992945326278e-07,1.790266510567173e-09,2.8764700000000003e-07,2.8764700000000003e-07,1.2867992945326278e-07,False,True,False,0,False,,,4.484875752196824,3.0,True,True,54858.00001157408,54865.00001157408,weekly,10.0,sigma,computed,/home/lkoo/projects/AutomationDetection/DownloadedLC/incremental/quiescent_background_cache.csv,,,,,,False,not_in_flare_streak
4FGL J2056.2-4714,22,23,54872.00001157408,1.77e-07,4.24e-08,3.45e-07,2.0802935736677116e-07,1.2867992945326278e-07,1.790266510567173e-09,1.2867992945326278e-07,1.790266510567173e-09,2.8764700000000003e-07,2.8764700000000003e-07,1.2867992945326278e-07,False,True,False,0,False,,,1.1386097981163033,3.0,False,True,54858.00001157408,54872.00001157408,weekly,10.0,sigma,computed,/home/lkoo/projects/AutomationDetection/DownloadedLC/incremental/quiescent_background_cache.csv,,,,,,False,not_in_flare_streak
4FGL J2056.2-4714,23,24,54879.00001157408,1.34e-07,4.8e-08,1.77e-07,2.0802935736677116e-07,1.2867992945326278e-07,1.790266510567173e-09,1.2867992945326278e-07,1.790266510567173e-09,2.8764700000000003e-07,2.8764700000000003e-07,1.2867992945326278e-07,False,True,False,0,False,,,0.11075779321316562,3.0,False,True,54858.00001157408,54879.00001157408,weekly,10.0,sigma,computed,/home/lkoo/projects/AutomationDetection/DownloadedLC/incremental/quiescent_background_cache.csv,,,,,,False,not_in_flare_streak
4FGL J2056.2-4714,24,25,54886.00001157408,1.39e-07,4.75e-08,1.34e-07,2.0802935736677116e-07,1.2867992945326278e-07,1.790266510567173e-09,1.2867992945326278e-07,1.790266510567173e-09,2.8764700000000003e-07,2.8764700000000003e-07,1.2867992945326278e-07,True,True,False,0,False,,,0.21711049262958,3.0,False,True,54858.00001157408,54886.00001157408,weekly,10.0,sigma,computed,/home/lkoo/projects/AutomationDetection/DownloadedLC/incremental/quiescent_background_cache.csv,,,,,,False,not_in_flare_streak
4FGL J2056.2-4714,25,26,54893.00001157408,1.24e-07,3.33e-08,1.39e-07,2.0802935736677116e-07,1.2867992945326278e-07,1.790266510567173e-09,1.2867992945326278e-07,1.790266510567173e-09,2.8764700000000003e-07,2.8764700000000003e-07,1.2867992945326278e-07,False,False,False,0,False,,,-0.14033576026883618,3.0,False,False,,,weekly,10.0,sigma,computed,/home/lkoo/projects/AutomationDetection/DownloadedLC/incremental/quiescent_background_cache.csv,,,,,,False,not_in_flare_streak
4FGL J2056.2-4714,26,27,54900.00001157408,1.21e-07,4.69e-08,1.24e-07,2.0802935736677116e-07,1.2867992945326278e-07,1.790266510567173e-09,1.2867992945326278e-07,1.790266510567173e-09,2.8764700000000003e-07,2.8764700000000003e-07,1.2867992945326278e-07,False,False,False,0,False,,,-0.16363199026798722,3.0,False,False,,,weekly,10.0,sigma,computed,/home/lkoo/projects/AutomationDetection/DownloadedLC/incremental/quiescent_background_cache.csv,,,,,,False,not_in_flare_streak
4FGL J2056.2-4714,27,28,54907.00001157408,4.66e-08,2.89e-08,1.21e-07,2.0802935736677116e-07,1.2867992945326278e-07,1.790266510567173e-09,1.2867992945326278e-07,1.790266510567173e-09,2.8764700000000003e-07,2.8764700000000003e-07,1.2867992945326278e-07,False,False,False,0,False,,,-2.834702199262196,3.0,False,False,,,weekly,10.0,sigma,computed,/home/lkoo/projects/AutomationDetection/DownloadedLC/incremental/quiescent_background_cache.csv,,,,,,False,not_in_flare_streak
4FGL J2056.2-4714,28,29,54914.00001157408,1.6e-07,4.26e-08,4.66e-08,2.0802935736677116e-07,1.2867992945326278e-07,1.790266510567173e-09,1.2867992945326278e-07,1.790266510567173e-09,2.8764700000000003e-07,2.8764700000000003e-07,1.2867992945326278e-07,True,True,False,0,False,,,0.7345645512281079,3.0,False,False,,,weekly,10.0,sigma,computed,/home/lkoo/projects/AutomationDetection/DownloadedLC/incremental/quiescent_background_cache.csv,,,,,,False,not_in_flare_streak
4FGL J2056.2-4714,29,30,54921.00001157408,7.62e-08,2.96e-08,1.6e-07,2.0802935736677116e-07,1.2867992945326278e-07,1.790266510567173e-09,1.2867992945326278e-07,1.790266510567173e-09,2.8764700000000003e-07,2.8764700000000003e-07,1.2867992945326278e-07,False,False,False,0,False,,,-1.769736634636649,3.0,False,False,,,weekly,10.0,sigma,computed,/home/lkoo/projects/AutomationDetection/DownloadedLC/incremental/quiescent_background_cache.csv,,,,,,False,not_in_flare_streak
4FGL J2056.2-4714,30,31,54928.00001157408,9.5e-08,3.73e-08,7.62e-08,2.0802935736677116e-07,1.2867992945326278e-07,1.790266510567173e-09,1.2867992945326278e-07,1.790266510567173e-09,2.8764700000000003e-07,2.8764700000000003e-07,1.2867992945326278e-07,True,False,False,0,False,,,-0.9019089237719802,3.0,False,False,,,weekly,10.0,sigma,computed,/home/lkoo/projects/AutomationDetection/DownloadedLC/incremental/quiescent_background_cache.csv,,,,,,False,not_in_flare_streak
4FGL J2056.2-4714,31,32,54935.00001157408,1.86e-07,4.61e-08,9.5e-08,2.0802935736677116e-07,1.2867992945326278e-07,1.790266510567173e-09,1.2867992945326278e-07,1.790266510567173e-09,2.8764700000000003e-07,2.8764700000000003e-07,1.2867992945326278e-07,True,True,False,0,False,,,1.2424489552635039,3.0,False,False,,,weekly,10.0,sigma,computed,/home/lkoo/projects/AutomationDetection/DownloadedLC/incremental/quiescent_background_cache.csv,,,,,,False,not_in_flare_streak
4FGL J2056.2-4714,32,33,54942.00001157408,4.83e-08,2.9e-08,1.86e-07,2.0802935736677116e-07,1.2867992945326278e-07,1.790266510567173e-09,1.2867992945326278e-07,1.790266510567173e-09,2.8764700000000003e-07,2.8764700000000003e-07,1.2867992945326278e-07,False,False,False,0,False,,,-2.7664552324765133,3.0,False,False,,,weekly,10.0,sigma,computed,/home/lkoo/projects/AutomationDetection/DownloadedLC/incremental/quiescent_background_cache.csv,,,,,,False,not_in_flare_streak
4FGL J2056.2-4714,33,34,54949.00001157408,1.22e-07,4.35e-08,4.83e-08,2.0802935736677116e-07,1.2867992945326278e-07,1.790266510567173e-09,1.2867992945326278e-07,1.790266510567173e-09,2.8764700000000003e-07,2.8764700000000003e-07,1.2867992945326278e-07,True,False,False,0,False,,,-0.15343171186164128,3.0,False,False,,,weekly,10.0,sigma,computed,/home/lkoo/projects/AutomationDetection/DownloadedLC/incremental/quiescent_background_cache.csv,,,,,,False,not_in_flare_streak
4FGL J2056.2-4714,34,35,54956.00001157408,1.63e-07,4.44e-08,1.22e-07,2.0802935736677116e-07,1.2867992945326278e-07,1.790266510567173e-09,1.2867992945326278e-07,1.790266510567173e-09,2.8764700000000003e-07,2.8764700000000003e-07,1.2867992945326278e-07,True,True,False,0,False,,,0.7723469726428316,3.0,False,False,,,weekly,10.0,sigma,computed,/home/lkoo/projects/AutomationDetection/DownloadedLC/incremental/quiescent_background_cache.csv,,,,,,False,not_in_flare_streak
4FGL J2056.2-4714,35,36,54963.00001157408,1.66e-07,3.94e-08,1.63e-07,2.0802935736677116e-07,1.2867992945326278e-07,1.790266510567173e-09,1.2867992945326278e-07,1.790266510567173e-09,2.8764700000000003e-07,2.8764700000000003e-07,1.2867992945326278e-07,True,True,False,0,False,,,0.9462336033115327,3.0,False,False,,,weekly,10.0,sigma,computed,/home/lkoo/projects/AutomationDetection/DownloadedLC/incremental/quiescent_background_cache.csv,,,,,,False,not_in_flare_streak
4FGL J2056.2-4714,36,37,54970.00001157408,1.6e-07,3.7e-08,1.66e-07,2.0802935736677116e-07,1.2867992945326278e-07,1.790266510567173e-09,1.2867992945326278e-07,1.790266510567173e-09,2.8764700000000003e-07,2.8764700000000003e-07,1.2867992945326278e-07,False,True,False,0,False,,,0.8454992453537171,3.0,False,False,,,weekly,10.0,sigma,computed,/home/lkoo/projects/AutomationDetection/DownloadedLC/incremental/quiescent_background_cache.csv,,,,,,False,not_in_flare_streak
4FGL J2056.2-4714,37,38,54977.00001157408,1.79e-07,4.08e-08,1.6e-07,2.0802935736677116e-07,1.2867992945326278e-07,1.790266510567173e-09,1.2867992945326278e-07,1.790266510567173e-09,2.8764700000000003e-07,2.8764700000000003e-07,1.2867992945326278e-07,True,True,False,0,False,,,1.232149458708956,3.0,False,False,,,weekly,10.0,sigma,computed,/home/lkoo/projects/AutomationDetection/DownloadedLC/incremental/quiescent_background_cache.csv,,,,,,False,not_in_flare_streak
4FGL J2056.2-4714,38,39,54984.00001157408,3.4e-07,5.99e-08,1.79e-07,2.0802935736677116e-07,1.2867992945326278e-07,1.790266510567173e-09,1.2867992945326278e-07,1.790266510567173e-09,2.8764700000000003e-07,2.8764700000000003e-07,1.2867992945326278e-07,True,True,False,0,False,,,3.5263063608189387,3.0,True,True,54984.00001157408,54984.00001157408,weekly,10.0,sigma,computed,/home/lkoo/projects/AutomationDetection/DownloadedLC/incremental/quiescent_background_cache.csv,,,,,,False,not_in_flare_streak
4FGL J2056.2-4714,39,40,54991.00001157408,2.7e-07,4.85e-08,3.4e-07,2.0802935736677116e-07,1.2867992945326278e-07,1.790266510567173e-09,1.2867992945326278e-07,1.790266510567173e-09,2.8764700000000003e-07,2.8764700000000003e-07,1.2867992945326278e-07,False,True,False,0,False,,,2.9118328064594388,3.0,False,True,54984.00001157408,54991.00001157408,weekly,10.0,sigma,computed,/home/lkoo/projects/AutomationDetection/DownloadedLC/incremental/quiescent_background_cache.csv,,,,,,False,not_in_flare_streak
4FGL J2056.2-4714,40,41,54998.00001157408,1.54e-07,3.89e-08,2.7e-07,2.0802935736677116e-07,1.2867992945326278e-07,1.790266510567173e-09,1.2867992945326278e-07,1.790266510567173e-09,2.8764700000000003e-07,2.8764700000000003e-07,1.2867992945326278e-07,False,True,False,0,False,,,0.6502133285897695,3.0,False,True,54984.00001157408,54998.00001157408,weekly,10.0,sigma,computed,/home/lkoo/projects/AutomationDetection/DownloadedLC/incremental/quiescent_background_cache.csv,,,,,,False,not_in_flare_streak
4FGL J2056.2-4714,41,42,55005.00001157408,2.01e-07,4.29e-08,1.54e-07,2.0802935736677116e-07,1.2867992945326278e-07,1.790266510567173e-09,1.2867992945326278e-07,1.790266510567173e-09,2.8764700000000003e-07,2.8764700000000003e-07,1.2867992945326278e-07,True,True,False,0,False,,,1.6843165586262296,3.0,False,True,54984.00001157408,55005.00001157408,weekly,10.0,sigma,computed,/home/lkoo/projects/AutomationDetection/DownloadedLC/incremental/quiescent_background_cache.csv,,,,,,False,not_in_flare_streak
4FGL J2056.2-4714,42,43,55012.00001157408,1.45e-07,4.21e-08,2.01e-07,2.0802935736677116e-07,1.2867992945326278e-07,1.790266510567173e-09,1.2867992945326278e-07,1.790266510567173e-09,2.8764700000000003e-07,2.8764700000000003e-07,1.2867992945326278e-07,False,True,False,0,False,,,0.3873001119537363,3.0,False,True,54984.00001157408,55012.00001157408,weekly,10.0,sigma,computed,/home/lkoo/projects/AutomationDetection/DownloadedLC/incremental/quiescent_background_cache.csv,,,,,,False,not_in_flare_streak
4FGL J2056.2-4714,43,44,55019.00001157408,1.66e-07,3.86e-08,1.45e-07,2.0802935736677116e-07,1.2867992945326278e-07,1.790266510567173e-09,1.2867992945326278e-07,1.790266510567173e-09,2.8764700000000003e-07,2.8764700000000003e-07,1.2867992945326278e-07,True,True,False,0,False,,,0.9658029940920163,3.0,False,True,54984.00001157408,55019.00001157408,weekly,10.0,sigma,computed,/home/lkoo/projects/AutomationDetection/DownloadedLC/incremental/quiescent_background_cache.csv,,,,,,False,not_in_flare_streak
4FGL J2056.2-4714,44,45,55026.00001157408,1.4e-07,4.19e-08,1.66e-07,2.0802935736677116e-07,1.2867992945326278e-07,1.790266510567173e-09,1.2867992945326278e-07,1.790266510567173e-09,2.8764700000000003e-07,2.8764700000000003e-07,1.2867992945326278e-07,False,True,False,0,False,,,0.2699224742804435,3.0,False,True,54984.00001157408,55026.00001157408,weekly,10.0,sigma,computed,/home/lkoo/projects/AutomationDetection/DownloadedLC/incremental/quiescent_background_cache.csv,,,,,,False,not_in_flare_streak
4FGL J2056.2-4714,45,46,55033.00001157408,1.8e-07,4.47e-08,1.4e-07,2.0802935736677116e-07,1.2867992945326278e-07,1.790266510567173e-09,1.2867992945326278e-07,1.790266510567173e-09,2.8764700000000003e-07,2.8764700000000003e-07,1.2867992945326278e-07,True,True,False,0,False,,,1.1471803084686818,3.0,False,True,54984.00001157408,55033.00001157408,weekly,10.0,sigma,computed,/home/lkoo/projects/AutomationDetection/DownloadedLC/incremental/quiescent_background_cache.csv,,,,,,False,not_in_flare_streak
4FGL J2056.2-4714,46,47,55040.00001157408,2.8e-07,5.2e-08,1.8e-07,2.0802935736677116e-07,1.2867992945326278e-07,1.790266510567173e-09,1.2867992945326278e-07,1.790266510567173e-09,2.8764700000000003e-07,2.8764700000000003e-07,1.2867992945326278e-07,True,True,False,0,False,,,2.908278274388376,3.0,False,True,54984.00001157408,55040.00001157408,weekly,10.0,sigma,computed,/home/lkoo/projects/AutomationDetection/DownloadedLC/incremental/quiescent_background_cache.csv,,,,,,False,not_in_flare_streak
4FGL J2056.2-4714,47,48,55047.00001157408,5.69e-07,6.21e-08,2.8e-07,2.0802935736677116e-07,1.2867992945326278e-07,1.790266510567173e-09,1.2867992945326278e-07,1.790266510567173e-09,2.8764700000000003e-07,2.8764700000000003e-07,1.2867992945326278e-07,True,True,False,0,False,,,7.087555716285741,3.0,True,True,54984.00001157408,55047.00001157408,weekly,10.0,sigma,computed,/home/lkoo/projects/AutomationDetection/DownloadedLC/incremental/quiescent_background_cache.csv,,,,,,False,not_in_flare_streak
4FGL J2056.2-4714,48,49,55054.00001157408,4.83e-07,5.48e-08,5.69e-07,2.0802935736677116e-07,1.2867992945326278e-07,1.790266510567173e-09,1.2867992945326278e-07,1.790266510567173e-09,2.8764700000000003e-07,2.8764700000000003e-07,1.2867992945326278e-07,False,True,False,0,False,,,6.4622471567153585,3.0,True,True,54984.00001157408,55054.00001157408,weekly,10.0,sigma,computed,/home/lkoo/projects/AutomationDetection/DownloadedLC/incremental/quiescent_background_cache.csv,,,,,,False,not_in_flare_streak
4FGL J2056.2-4714,49,50,55061.00001157408,5.66e-07,5.51e-08,4.83e-07,2.0802935736677116e-07,1.2867992945326278e-07,1.790266510567173e-09,1.2867992945326278e-07,1.790266510567173e-09,2.8764700000000003e-07,2.8764700000000003e-07,1.2867992945326278e-07,True,True,False,0,False,,,7.932657317381056,3.0,True,True,54984.00001157408,55061.00001157408,weekly,10.0,sigma,computed,/home/lkoo/projects/AutomationDetection/DownloadedLC/incremental/quiescent_background_cache.csv,,,,,,False,not_in_flare_streak
4FGL J2056.2-4714,50,51,55068.00001157408,4.8e-07,5.06e-08,5.66e-07,2.0802935736677116e-07,1.2867992945326278e-07,1.790266510567173e-09,1.2867992945326278e-07,1.790266510567173e-09,2.8764700000000003e-07,2.8764700000000003e-07,1.2867992945326278e-07,False,True,False,0,False,,,6.938742803367322,3.0,True,True,54984.00001157408,55068.00001157408,weekly,10.0,sigma,computed,/home/lkoo/projects/AutomationDetection/DownloadedLC/incremental/quiescent_background_cache.csv,,,,,,False,not_in_flare_streak
4FGL J2056.2-4714,51,52,55075.00001157408,4.58e-07,4.76e-08,4.8e-07,2.0802935736677116e-07,1.2867992945326278e-07,1.790266510567173e-09,1.2867992945326278e-07,1.790266510567173e-09,2.8764700000000003e-07,2.8764700000000003e-07,1.2867992945326278e-07,False,True,False,0,False,,,6.913600752429804,3.0,True,True,54984.00001157408,55075.00001157408,weekly,10.0,sigma,computed,/home/lkoo/projects/AutomationDetection/DownloadedLC/incremental/quiescent_background_cache.csv,,,,,,False,not_in_flare_streak
4FGL J2056.2-4714,52,53,55082.00001157408,3.26e-07,4.83e-08,4.58e-07,2.0802935736677116e-07,1.2867992945326278e-07,1.790266510567173e-09,1.2867992945326278e-07,1.790266510567173e-09,2.8764700000000003e-07,2.8764700000000003e-07,1.2867992945326278e-07,False,True,False,0,False,,,4.082498248472183,3.0,True,True,54984.00001157408,55082.00001157408,weekly,10.0,sigma,computed,/home/lkoo/projects/AutomationDetection/DownloadedLC/incremental/quiescent_background_cache.csv,,,,,,False,not_in_flare_streak
4FGL J2056.2-4714,53,54,55089.00001157408,2.55e-07,5.49e-08,3.26e-07,2.0802935736677116e-07,1.2867992945326278e-07,1.790266510567173e-09,1.2867992945326278e-07,1.790266510567173e-09,2.8764700000000003e-07,2.8764700000000003e-07,1.2867992945326278e-07,False,True,False,0,False,,,2.2996896285333515,3.0,False,True,54984.00001157408,55089.00001157408,weekly,10.0,sigma,computed,/home/lkoo/projects/AutomationDetection/DownloadedLC/incremental/quiescent_background_cache.csv,,,,,,False,not_in_flare_streak
4FGL J2056.2-4714,54,55,55096.00001157408,2.62e-07,5.54e-08,2.55e-07,2.0802935736677116e-07,1.2867992945326278e-07,1.790266510567173e-09,1.2867992945326278e-07,1.790266510567173e-09,2.8764700000000003e-07,2.8764700000000003e-07,1.2867992945326278e-07,True,True,False,0,False,,,2.4052439252110838,3.0,False,True,54984.00001157408,55096.00001157408,weekly,10.0,sigma,computed,/home/lkoo/projects/AutomationDetection/DownloadedLC/incremental/quiescent_background_cache.csv,,,,,,False,not_in_flare_streak
4FGL J2056.2-4714,55,56,55103.00001157408,2.65e-07,5.31e-08,2.62e-07,2.0802935736677116e-07,1.2867992945326278e-07,1.790266510567173e-09,1.2867992945326278e-07,1.790266510567173e-09,2.8764700000000003e-07,2.8764700000000003e-07,1.2867992945326278e-07,True,True,False,0,False,,,2.5657751212690374,3.0,False,True,54984.00001157408,55103.00001157408,weekly,10.0,sigma,computed,/home/lkoo/projects/AutomationDetection/DownloadedLC/incremental/quiescent_background_cache.csv,,,,,,False,not_in_flare_streak
4FGL J2056.2-4714,56,57,55110.00001157408,3.48e-07,4.61e-08,2.65e-07,2.0802935736677116e-07,1.2867992945326278e-07,1.790266510567173e-09,1.2867992945326278e-07,1.790266510567173e-09,2.8764700000000003e-07,2.8764700000000003e-07,1.2867992945326278e-07,True,True,False,0,False,,,4.753901904166839,3.0,True,True,54984.00001157408,55110.00001157408,weekly,10.0,sigma,computed,/home/lkoo/projects/AutomationDetection/DownloadedLC/incremental/quiescent_background_cache.csv,,,,,,False,not_in_flare_streak
4FGL J2056.2-4714,57,58,55117.00001157408,3.28e-07,3.85e-08,3.48e-07,2.0802935736677116e-07,1.2867992945326278e-07,1.790266510567173e-09,1.2867992945326278e-07,1.790266510567173e-09,2.8764700000000003e-07,2.8764700000000003e-07,1.2867992945326278e-07,False,True,False,0,False,,,5.171556506555946,3.0,True,True,54984.00001157408,55117.00001157408,weekly,10.0,sigma,computed,/home/lkoo/projects/AutomationDetection/DownloadedLC/incremental/quiescent_background_cache.csv,,,,,,False,not_in_flare_streak
4FGL J2056.2-4714,58,59,55124.00001157408,4.13e-07,4.6e-08,3.28e-07,2.0802935736677116e-07,1.2867992945326278e-07,1.790266510567173e-09,1.2867992945326278e-07,1.790266510567173e-09,2.8764700000000003e-07,2.8764700000000003e-07,1.2867992945326278e-07,True,True,False,0,False,,,6.176195401586684,3.0,True,True,54984.00001157408,55124.00001157408,weekly,10.0,sigma,computed,/home/lkoo/projects/AutomationDetection/DownloadedLC/incremental/quiescent_background_cache.csv,,,,,,False,not_in_flare_streak
4FGL J2056.2-4714,59,60,55131.00001157408,3.43e-07,4.54e-08,4.13e-07,2.0802935736677116e-07,1.2867992945326278e-07,1.790266510567173e-09,1.2867992945326278e-07,1.790266510567173e-09,2.8764700000000003e-07,2.8764700000000003e-07,1.2867992945326278e-07,False,True,False,0,False,,,4.717040382179291,3.0,True,True,54984.00001157408,55131.00001157408,weekly,10.0,sigma,computed,/home/lkoo/projects/AutomationDetection/DownloadedLC/incremental/quiescent_background_cache.csv,,,,,,False,not_in_flare_streak
4FGL J2056.2-4714,60,61,55138.00001157408,2.72e-07,5.04e-08,3.43e-07,2.0802935736677116e-07,1.2867992945326278e-07,1.790266510567173e-09,1.2867992945326278e-07,1.790266510567173e-09,2.8764700000000003e-07,2.8764700000000003e-07,1.2867992945326278e-07,False,True,False,0,False,,,2.841859896123629,3.0,False,True,54984.00001157408,55138.00001157408,weekly,10.0,sigma,computed,/home/lkoo/projects/AutomationDetection/DownloadedLC/incremental/quiescent_background_cache.csv,,,,,,False,not_in_flare_streak
4FGL J2056.2-4714,61,62,55145.00001157408,2.93e-07,5.96e-08,2.72e-07,2.0802935736677116e-07,1.2867992945326278e-07,1.790266510567173e-09,1.2867992945326278e-07,1.790266510567173e-09,2.8764700000000003e-07,2.8764700000000003e-07,1.2867992945326278e-07,True,True,False,0,False,,,2.75580518553526,3.0,False,True,54984.00001157408,55145.00001157408,weekly,10.0,sigma,computed,/home/lkoo/projects/AutomationDetection/DownloadedLC/incremental/quiescent_background_cache.csv,,,,,,False,not_in_flare_streak
4FGL J2056.2-4714,62,63,55152.00001157408,2.68e-07,5.02e-08,2.93e-07,2.0802935736677116e-07,1.2867992945326278e-07,1.790266510567173e-09,1.2867992945326278e-07,1.790266510567173e-09,2.8764700000000003e-07,2.8764700000000003e-07,1.2867992945326278e-07,False,True,False,0,False,,,2.7735370412842633,3.0,False,True,54984.00001157408,55152.00001157408,weekly,10.0,sigma,computed,/home/lkoo/projects/AutomationDetection/DownloadedLC/incremental/quiescent_background_cache.csv,,,,,,False,not_in_flare_streak
4FGL J2056.2-4714,63,64,55159.00001157408,3.73e-07,4.97e-08,2.68e-07,2.0802935736677116e-07,1.2867992945326278e-07,1.790266510567173e-09,1.2867992945326278e-07,1.790266510567173e-09,2.8764700000000003e-07,2.8764700000000003e-07,1.2867992945326278e-07,True,True,False,0,False,,,4.91271059213403,3.0,True,True,54984.00001157408,55159.00001157408,weekly,10.0,sigma,computed,/home/lkoo/projects/AutomationDetection/DownloadedLC/incremental/quiescent_background_cache.csv,,,,,,False,not_in_flare_streak
4FGL J2056.2-4714,64,65,55166.00001157408,2.88e-07,4.35e-08,3.73e-07,2.0802935736677116e-07,1.2867992945326278e-07,1.790266510567173e-09,1.2867992945326278e-07,1.790266510567173e-09,2.8764700000000003e-07,2.8764700000000003e-07,1.2867992945326278e-07,False,True,False,0,False,,,3.6594325327737476,3.0,True,True,54984.00001157408,55166.00001157408,weekly,10.0,sigma,computed,/home/lkoo/projects/AutomationDetection/DownloadedLC/incremental/quiescent_background_cache.csv,,,,,,False,not_in_flare_streak
4FGL J2056.2-4714,65,66,55173.00001157408,3.72e-07,4.24e-08,2.88e-07,2.0802935736677116e-07,1.2867992945326278e-07,1.790266510567173e-09,1.2867992945326278e-07,1.790266510567173e-09,2.8764700000000003e-07,2.8764700000000003e-07,1.2867992945326278e-07,True,True,False,0,False,,,5.733572266515917,3.0,True,True,54984.00001157408,55173.00001157408,weekly,10.0,sigma,computed,/home/lkoo/projects/AutomationDetection/DownloadedLC/incremental/quiescent_background_cache.csv,,,,,,False,not_in_flare_streak
4FGL J2056.2-4714,66,67,55180.00001157408,2.6e-07,4.16e-08,3.72e-07,2.0802935736677116e-07,1.2867992945326278e-07,1.790266510567173e-09,1.2867992945326278e-07,1.790266510567173e-09,2.8764700000000003e-07,2.8764700000000003e-07,1.2867992945326278e-07,False,True,False,0,False,,,3.1538133328838907,3.0,True,True,54984.00001157408,55180.00001157408,weekly,10.0,sigma,computed,/home/lkoo/projects/AutomationDetection/DownloadedLC/incremental/quiescent_background_cache.csv,,,,,,False,not_in_flare_streak
4FGL J2056.2-4714,67,68,55187.00001157408,1.44e-07,3.77e-08,2.6e-07,2.0802935736677116e-07,1.2867992945326278e-07,1.790266510567173e-09,1.2867992945326278e-07,1.790266510567173e-09,2.8764700000000003e-07,2.8764700000000003e-07,1.2867992945326278e-07,False,True,False,0,False,,,0.4059105061822623,3.0,False,True,54984.00001157408,55187.00001157408,weekly,10.0,sigma,computed,/home/lkoo/projects/AutomationDetection/DownloadedLC/incremental/quiescent_background_cache.csv,,,,,,False,not_in_flare_streak
4FGL J2056.2-4714,68,69,55194.00001157408,1.79e-07,4.89e-08,1.44e-07,2.0802935736677116e-07,1.2867992945326278e-07,1.790266510567173e-09,1.2867992945326278e-07,1.790266510567173e-09,2.8764700000000003e-07,2.8764700000000003e-07,1.2867992945326278e-07,True,True,False,0,False,,,1.028351353780798,3.0,False,True,54984.00001157408,55194.00001157408,weekly,10.0,sigma,computed,/home/lkoo/projects/AutomationDetection/DownloadedLC/incremental/quiescent_background_cache.csv,,,,,,False,not_in_flare_streak
4FGL J2056.2-4714,69,70,55201.00001157408,3e-07,5.78e-08,1.79e-07,2.0802935736677116e-07,1.2867992945326278e-07,1.790266510567173e-09,1.2867992945326278e-07,1.790266510567173e-09,2.8764700000000003e-07,2.8764700000000003e-07,1.2867992945326278e-07,True,True,False,0,False,,,2.962594311037202,3.0,False,True,54984.00001157408,55201.00001157408,weekly,10.0,sigma,computed,/home/lkoo/projects/AutomationDetection/DownloadedLC/incremental/quiescent_background_cache.csv,,,,,,False,not_in_flare_streak
4FGL J2056.2-4714,70,71,55208.00001157408,2.53e-07,5.66e-08,3e-07,2.0802935736677116e-07,1.2867992945326278e-07,1.790266510567173e-09,1.2867992945326278e-07,1.790266510567173e-09,2.8764700000000003e-07,2.8764700000000003e-07,1.2867992945326278e-07,False,True,False,0,False,,,2.1953697551931337,3.0,False,True,54984.00001157408,55208.00001157408,weekly,10.0,sigma,computed,/home/lkoo/projects/AutomationDetection/DownloadedLC/incremental/quiescent_background_cache.csv,,,,,,False,not_in_flare_streak
4FGL J2056.2-4714,71,72,55215.00001157408,2.06e-07,4.29e-08,2.53e-07,2.0802935736677116e-07,1.2867992945326278e-07,1.790266510567173e-09,1.2867992945326278e-07,1.790266510567173e-09,2.8764700000000003e-07,2.8764700000000003e-07,1.2867992945326278e-07,False,True,False,0,False,,,1.800765322150162,3.0,False,True,54984.00001157408,55215.00001157408,weekly,10.0,sigma,computed,/home/lkoo/projects/AutomationDetection/DownloadedLC/incremental/quiescent_background_cache.csv,,,,,,False,not_in_flare_streak
4FGL J2056.2-4714,72,73,55222.00001157408,1.96e-07,4.04e-08,2.06e-07,2.0802935736677116e-07,1.2867992945326278e-07,1.790266510567173e-09,1.2867992945326278e-07,1.790266510567173e-09,2.8764700000000003e-07,2.8764700000000003e-07,1.2867992945326278e-07,False,True,False,0,False,,,1.6647047005656963,3.0,False,True,54984.00001157408,55222.00001157408,weekly,10.0,sigma,computed,/home/lkoo/projects/AutomationDetection/DownloadedLC/incremental/quiescent_background_cache.csv,,,,,,False,not_in_flare_streak
4FGL J2056.2-4714,73,74,55229.00001157408,1.83e-07,3.58e-08,1.96e-07,2.0802935736677116e-07,1.2867992945326278e-07,1.790266510567173e-09,1.2867992945326278e-07,1.790266510567173e-09,2.8764700000000003e-07,2.8764700000000003e-07,1.2867992945326278e-07,False,True,False,0,False,,,1.515426741943135,3.0,False,True,54984.00001157408,55229.00001157408,weekly,10.0,sigma,computed,/home/lkoo/projects/AutomationDetection/DownloadedLC/incremental/quiescent_background_cache.csv,,,,,,False,not_in_flare_streak
4FGL J2056.2-4714,74,75,55236.00001157408,1.92e-07,3.7e-08,1.83e-07,2.0802935736677116e-07,1.2867992945326278e-07,1.790266510567173e-09,1.2867992945326278e-07,1.790266510567173e-09,2.8764700000000003e-07,2.8764700000000003e-07,1.2867992945326278e-07,True,True,False,0,False,,,1.7093534889431368,3.0,False,True,54984.00001157408,55236.00001157408,weekly,10.0,sigma,computed,/home/lkoo/projects/AutomationDetection/DownloadedLC/incremental/quiescent_background_cache.csv,,,,,,False,not_in_flare_streak
4FGL J2056.2-4714,75,76,55243.00001157408,1.4e-07,3.82e-08,1.92e-07,2.0802935736677116e-07,1.2867992945326278e-07,1.790266510567173e-09,1.2867992945326278e-07,1.790266510567173e-09,2.8764700000000003e-07,2.8764700000000003e-07,1.2867992945326278e-07,False,True,False,0,False,,,0.296012025289732,3.0,False,True,54984.00001157408,55243.00001157408,weekly,10.0,sigma,computed,/home/lkoo/projects/AutomationDetection/DownloadedLC/incremental/quiescent_background_cache.csv,,,,,,False,not_in_flare_streak
4FGL J2056.2-4714,76,77,55250.00001157408,1.5e-07,4.56e-08,1.4e-07,2.0802935736677116e-07,1.2867992945326278e-07,1.790266510567173e-09,1.2867992945326278e-07,1.790266510567173e-09,2.8764700000000003e-07,2.8764700000000003e-07,1.2867992945326278e-07,True,True,False,0,False,,,0.46718549351548755,3.0,False,True,54984.00001157408,55250.00001157408,weekly,10.0,sigma,computed,/home/lkoo/projects/AutomationDetection/DownloadedLC/incremental/quiescent_background_cache.csv,,,,,,False,not_in_flare_streak
4FGL J2056.2-4714,77,78,55257.00001157408,2.28e-07,5.24e-08,1.5e-07,2.0802935736677116e-07,1.2867992945326278e-07,1.790266510567173e-09,1.2867992945326278e-07,1.790266510567173e-09,2.8764700000000003e-07,2.8764700000000003e-07,1.2867992945326278e-07,True,True,False,0,False,,,1.8943159232491809,3.0,False,True,54984.00001157408,55257.00001157408,weekly,10.0,sigma,computed,/home/lkoo/projects/AutomationDetection/DownloadedLC/incremental/quiescent_background_cache.csv,,,,,,False,not_in_flare_streak
4FGL J2056.2-4714,78,79,55264.00001157408,2.71e-07,4.57e-08,2.28e-07,2.0802935736677116e-07,1.2867992945326278e-07,1.790266510567173e-09,1.2867992945326278e-07,1.790266510567173e-09,2.8764700000000003e-07,2.8764700000000003e-07,1.2867992945326278e-07,True,True,False,0,False,,,3.1118378978170487,3.0,True,True,54984.00001157408,55264.00001157408,weekly,10.0,sigma,computed,/home/lkoo/projects/AutomationDetection/DownloadedLC/incremental/quiescent_background_cache.csv,,,,,,False,not_in_flare_streak
4FGL J2056.2-4714,79,80,55271.00001157408,2.39e-07,4.32e-08,2.71e-07,2.0802935736677116e-07,1.2867992945326278e-07,1.790266510567173e-09,1.2867992945326278e-07,1.790266510567173e-09,2.8764700000000003e-07,2.8764700000000003e-07,1.2867992945326278e-07,False,True,False,0,False,,,2.55151530845722,3.0,False,True,54984.00001157408,55271.00001157408,weekly,10.0,sigma,computed,/home/lkoo/projects/AutomationDetection/DownloadedLC/incremental/quiescent_background_cache.csv,,,,,,False,not_in_flare_streak
4FGL J2056.2-4714,80,81,55278.00001157408,1.35e-07,3.31e-08,2.39e-07,2.0802935736677116e-07,1.2867992945326278e-07,1.790266510567173e-09,1.2867992945326278e-07,1.790266510567173e-09,2.8764700000000003e-07,2.8764700000000003e-07,1.2867992945326278e-07,False,True,False,0,False,,,0.19066001623019113,3.0,False,True,54984.00001157408,55278.00001157408,weekly,10.0,sigma,computed,/home/lkoo/projects/AutomationDetection/DownloadedLC/incremental/quiescent_background_cache.csv,,,,,,False,not_in_flare_streak
4FGL J2056.2-4714,81,82,55285.00001157408,1.1e-07,2.86e-08,1.35e-07,2.0802935736677116e-07,1.2867992945326278e-07,1.790266510567173e-09,1.2867992945326278e-07,1.790266510567173e-09,2.8764700000000003e-07,2.8764700000000003e-07,1.2867992945326278e-07,False,False,False,0,False,,,-0.6518685103553492,3.0,False,False,,,weekly,10.0,sigma,computed,/home/lkoo/projects/AutomationDetection/DownloadedLC/incremental/quiescent_background_cache.csv,,,,,,False,not_in_flare_streak
4FGL J2056.2-4714,82,83,55292.00001157408,1.86e-07,4.84e-08,1.1e-07,2.0802935736677116e-07,1.2867992945326278e-07,1.790266510567173e-09,1.2867992945326278e-07,1.790266510567173e-09,2.8764700000000003e-07,2.8764700000000003e-07,1.2867992945326278e-07,True,True,False,0,False,,,1.1834896389113199,3.0,False,False,,,weekly,10.0,sigma,computed,/home/lkoo/projects/AutomationDetection/DownloadedLC/incremental/quiescent_background_cache.csv,,,,,,False,not_in_flare_streak
4FGL J2056.2-4714,83,84,55299.00001157408,1.08e-07,3.67e-08,1.86e-07,2.0802935736677116e-07,1.2867992945326278e-07,1.790266510567173e-09,1.2867992945326278e-07,1.790266510567173e-09,2.8764700000000003e-07,2.8764700000000003e-07,1.2867992945326278e-07,False,False,False,0,False,,,-0.5628165759968895,3.0,False,False,,,weekly,10.0,sigma,computed,/home/lkoo/projects/AutomationDetection/DownloadedLC/incremental/quiescent_background_cache.csv,,,,,,False,not_in_flare_streak
4FGL J2056.2-4714,84,85,55313.00001157408,1.68e-08,1.18e-08,1.08e-07,2.0802935736677116e-07,1.2867992945326278e-07,1.790266510567173e-09,1.2867992945326278e-07,1.790266510567173e-09,2.8764700000000003e-07,2.8764700000000003e-07,1.2867992945326278e-07,False,False,False,0,False,,,-9.374076566721424,3.0,False,False,,,weekly,10.0,sigma,computed,/home/lkoo/projects/AutomationDetection/DownloadedLC/incremental/quiescent_background_cache.csv,,,,,,False,not_in_flare_streak
4FGL J2056.2-4714,85,86,55320.00001157408,8.75e-08,3.82e-08,1.68e-08,2.0802935736677116e-07,1.2867992945326278e-07,1.790266510567173e-09,1.2867992945326278e-07,1.790266510567173e-09,2.8764700000000003e-07,2.8764700000000003e-07,1.2867992945326278e-07,True,False,False,0,False,,,-1.0768267095527988,3.0,False,False,,,weekly,10.0,sigma,computed,/home/lkoo/projects/AutomationDetection/DownloadedLC/incremental/quiescent_background_cache.csv,,,,,,False,not_in_flare_streak
4FGL J2056.2-4714,86,87,55327.00001157408,1e-07,3.52e-08,8.75e-08,2.0802935736677116e-07,1.2867992945326278e-07,1.790266510567173e-09,1.2867992945326278e-07,1.790266510567173e-09,2.8764700000000003e-07,2.8764700000000003e-07,1.2867992945326278e-07,True,False,False,0,False,,,-0.8137189697265991,3.0,False,False,,,weekly,10.0,sigma,computed,/home/lkoo/projects/AutomationDetection/DownloadedLC/incremental/quiescent_background_cache.csv,,,,,,False,not_in_flare_streak
4FGL J2056.2-4714,87,88,55334.00001157408,5.15e-08,2.82e-08,1e-07,2.0802935736677116e-07,1.2867992945326278e-07,1.790266510567173e-09,1.2867992945326278e-07,1.790266510567173e-09,2.8764700000000003e-07,2.8764700000000003e-07,1.2867992945326278e-07,False,False,False,0,False,,,-2.7313783313360984,3.0,False,False,,,weekly,10.0,sigma,computed,/home/lkoo/projects/AutomationDetection/DownloadedLC/incremental/quiescent_background_cache.csv,,,,,,False,not_in_flare_streak
4FGL J2056.2-4714,88,89,55341.00001157408,3.74e-08,2.31e-08,5.15e-08,2.0802935736677116e-07,1.2867992945326278e-07,1.790266510567173e-09,1.2867992945326278e-07,1.790266510567173e-09,2.8764700000000003e-07,2.8764700000000003e-07,1.2867992945326278e-07,False,False,False,0,False,,,-3.9396981862923464,3.0,False,False,,,weekly,10.0,sigma,computed,/home/lkoo/projects/AutomationDetection/DownloadedLC/incremental/quiescent_background_cache.csv,,,,,,False,not_in_flare_streak
4FGL J2056.2-4714,89,90,55348.00001157408,7.52e-08,3.29e-08,3.74e-08,2.0802935736677116e-07,1.2867992945326278e-07,1.790266510567173e-09,1.2867992945326278e-07,1.790266510567173e-09,2.8764700000000003e-07,2.8764700000000003e-07,1.2867992945326278e-07,True,False,False,0,False,,,-1.623128476553462,3.0,False,False,,,weekly,10.0,sigma,computed,/home/lkoo/projects/AutomationDetection/DownloadedLC/incremental/quiescent_background_cache.csv,,,,,,False,not_in_flare_streak
4FGL J2056.2-4714,90,91,55355.00001157408,1e-07,4.4e-08,7.52e-08,2.0802935736677116e-07,1.2867992945326278e-07,1.790266510567173e-09,1.2867992945326278e-07,1.790266510567173e-09,2.8764700000000003e-07,2.8764700000000003e-07,1.2867992945326278e-07,True,False,False,0,False,,,-0.6512777052577795,3.0,False,False,,,weekly,10.0,sigma,computed,/home/lkoo/projects/AutomationDetection/DownloadedLC/incremental/quiescent_background_cache.csv,,,,,,False,not_in_flare_streak
4FGL J2056.2-4714,91,92,55362.00001157408,2.21e-08,2.04e-08,1e-07,2.0802935736677116e-07,1.2867992945326278e-07,1.790266510567173e-09,1.2867992945326278e-07,1.790266510567173e-09,2.8764700000000003e-07,2.8764700000000003e-07,1.2867992945326278e-07,False,False,False,0,False,,,-5.204503555549933,3.0,False,False,,,weekly,10.0,sigma,computed,/home/lkoo/projects/AutomationDetection/DownloadedLC/incremental/quiescent_background_cache.csv,,,,,,False,not_in_flare_streak
4FGL J2056.2-4714,92,93,55369.00001157408,1.19e-07,4.82e-08,2.21e-08,2.0802935736677116e-07,1.2867992945326278e-07,1.790266510567173e-09,1.2867992945326278e-07,1.790266510567173e-09,2.8764700000000003e-07,2.8764700000000003e-07,1.2867992945326278e-07,True,False,False,0,False,,,-0.20069002741257172,3.0,False,False,,,weekly,10.0,sigma,computed,/home/lkoo/projects/AutomationDetection/DownloadedLC/incremental/quiescent_background_cache.csv,,,,,,False,not_in_flare_streak
4FGL J2056.2-4714,93,94,55376.00001157408,1.18e-07,3.94e-08,1.19e-07,2.0802935736677116e-07,1.2867992945326278e-07,1.790266510567173e-09,1.2867992945326278e-07,1.790266510567173e-09,2.8764700000000003e-07,2.8764700000000003e-07,1.2867992945326278e-07,False,False,False,0,False,,,-0.27078480778909786,3.0,False,False,,,weekly,10.0,sigma,computed,/home/lkoo/projects/AutomationDetection/DownloadedLC/incremental/quiescent_background_cache.csv,,,,,,False,not_in_flare_streak
4FGL J2056.2-4714,94,95,55383.00001157408,5.64e-08,2.02e-08,1.18e-07,2.0802935736677116e-07,1.2867992945326278e-07,1.790266510567173e-09,1.2867992945326278e-07,1.790266510567173e-09,2.8764700000000003e-07,2.8764700000000003e-07,1.2867992945326278e-07,False,False,False,0,False,,,-3.564243580093752,3.0,False,False,,,weekly,10.0,sigma,computed,/home/lkoo/projects/AutomationDetection/DownloadedLC/incremental/quiescent_background_cache.csv,,,,,,False,not_in_flare_streak
4FGL J2056.2-4714,95,96,55390.00001157408,8.85e-08,3.12e-08,5.64e-08,2.0802935736677116e-07,1.2867992945326278e-07,1.790266510567173e-09,1.2867992945326278e-07,1.790266510567173e-09,2.8764700000000003e-07,2.8764700000000003e-07,1.2867992945326278e-07,True,False,False,0,False,,,-1.2857033998763772,3.0,False,False,,,weekly,10.0,sigma,computed,/home/lkoo/projects/AutomationDetection/DownloadedLC/incremental/quiescent_background_cache.csv,,,,,,False,not_in_flare_streak
4FGL J2056.2-4714,96,97,55397.00001157408,7.23e-08,2.76e-08,8.85e-08,2.0802935736677116e-07,1.2867992945326278e-07,1.790266510567173e-09,1.2867992945326278e-07,1.790266510567173e-09,2.8764700000000003e-07,2.8764700000000003e-07,1.2867992945326278e-07,False,False,False,0,False,,,-2.0384672112970414,3.0,False,False,,,weekly,10.0,sigma,computed,/home/lkoo/projects/AutomationDetection/DownloadedLC/incremental/quiescent_background_cache.csv,,,,,,False,not_in_flare_streak
4FGL J2056.2-4714,97,98,55404.00001157408,1.7e-07,4.28e-08,7.23e-08,2.0802935736677116e-07,1.2867992945326278e-07,1.790266510567173e-09,1.2867992945326278e-07,1.790266510567173e-09,2.8764700000000003e-07,2.8764700000000003e-07,1.2867992945326278e-07,True,True,False,0,False,,,0.9645787467077486,3.0,False,False,,,weekly,10.0,sigma,computed,/home/lkoo/projects/AutomationDetection/DownloadedLC/incremental/quiescent_background_cache.csv,,,,,,False,not_in_flare_streak
4FGL J2056.2-4714,98,99,55411.00001157408,2.77e-08,1.82e-08,1.7e-07,2.0802935736677116e-07,1.2867992945326278e-07,1.790266510567173e-09,1.2867992945326278e-07,1.790266510567173e-09,2.8764700000000003e-07,2.8764700000000003e-07,1.2867992945326278e-07,False,False,False,0,False,,,-5.521698305688052,3.0,False,False,,,weekly,10.0,sigma,computed,/home/lkoo/projects/AutomationDetection/DownloadedLC/incremental/quiescent_background_cache.csv,,,,,,False,not_in_flare_streak
4FGL J2056.2-4714,99,100,55418.00001157408,1.82e-07,5.11e-08,2.77e-08,2.0802935736677116e-07,1.2867992945326278e-07,1.790266510567173e-09,1.2867992945326278e-07,1.790266510567173e-09,2.8764700000000003e-07,2.8764700000000003e-07,1.2867992945326278e-07,True,True,False,0,False,,,1.042805822908522,3.0,False,False,,,weekly,10.0,sigma,computed,/home/lkoo/projects/AutomationDetection/DownloadedLC/incremental/quiescent_background_cache.csv,,,,,,False,not_in_flare_streak
4FGL J2056.2-4714,100,101,55425.00001157408,1.82e-07,3.84e-08,1.82e-07,2.0802935736677116e-07,1.2867992945326278e-07,1.790266510567173e-09,1.2867992945326278e-07,1.790266510567173e-09,2.8764700000000003e-07,2.8764700000000003e-07,1.2867992945326278e-07,False,True,False,0,False,,,1.387036913579129,3.0,False,False,,,weekly,10.0,sigma,computed,/home/lkoo/projects/AutomationDetection/DownloadedLC/incremental/quiescent_background_cache.csv,,,,,,False,not_in_flare_streak
4FGL J2056.2-4714,101,102,55432.00001157408,3.12e-07,4.42e-08,1.82e-07,2.0802935736677116e-07,1.2867992945326278e-07,1.790266510567173e-09,1.2867992945326278e-07,1.790266510567173e-09,2.8764700000000003e-07,2.8764700000000003e-07,1.2867992945326278e-07,True,True,False,0,False,,,4.144114976749435,3.0,True,True,55432.00001157408,55432.00001157408,weekly,10.0,sigma,computed,/home/lkoo/projects/AutomationDetection/DownloadedLC/incremental/quiescent_background_cache.csv,,,,,,False,not_in_flare_streak
4FGL J2056.2-4714,102,103,55439.00001157408,8.55e-08,2.91e-08,3.12e-07,2.0802935736677116e-07,1.2867992945326278e-07,1.790266510567173e-09,1.2867992945326278e-07,1.790266510567173e-09,2.8764700000000003e-07,2.8764700000000003e-07,1.2867992945326278e-07,False,False,False,0,False,,,-1.4810462463597167,3.0,False,False,,,weekly,10.0,sigma,computed,/home/lkoo/projects/AutomationDetection/DownloadedLC/incremental/quiescent_background_cache.csv,,,,,,False,not_in_flare_streak
4FGL J2056.2-4714,103,104,55446.00001157408,5.12e-08,2.76e-08,8.55e-08,2.0802935736677116e-07,1.2867992945326278e-07,1.790266510567173e-09,1.2867992945326278e-07,1.790266510567173e-09,2.8764700000000003e-07,2.8764700000000003e-07,1.2867992945326278e-07,False,False,False,0,False,,,-2.8013567461983384,3.0,False,False,,,weekly,10.0,sigma,computed,/home/lkoo/projects/AutomationDetection/DownloadedLC/incremental/quiescent_background_cache.csv,,,,,,False,not_in_flare_streak
4FGL J2056.2-4714,104,105,55467.00001157408,6.88e-08,4.39e-08,5.12e-08,2.0802935736677116e-07,1.2867992945326278e-07,1.790266510567173e-09,1.2867992945326278e-07,1.790266510567173e-09,2.8764700000000003e-07,2.8764700000000003e-07,1.2867992945326278e-07,True,False,False,0,False,,,-1.362874708334818,3.0,False,False,,,weekly,10.0,sigma,computed,/home/lkoo/projects/AutomationDetection/DownloadedLC/incremental/quiescent_background_cache.csv,,,,,,False,not_in_flare_streak
4FGL J2056.2-4714,105,106,55474.00001157408,6.86e-08,3.31e-08,6.88e-08,2.0802935736677116e-07,1.2867992945326278e-07,1.790266510567173e-09,1.2867992945326278e-07,1.790266510567173e-09,2.8764700000000003e-07,2.8764700000000003e-07,1.2867992945326278e-07,False,False,False,0,False,,,-1.8124545034677582,3.0,False,False,,,weekly,10.0,sigma,computed,/home/lkoo/projects/AutomationDetection/DownloadedLC/incremental/quiescent_background_cache.csv,,,,,,False,not_in_flare_streak
4FGL J2056.2-4714,106,107,55481.00001157408,9.53e-08,5.5e-08,6.86e-08,2.0802935736677116e-07,1.2867992945326278e-07,1.790266510567173e-09,1.2867992945326278e-07,1.790266510567173e-09,2.8764700000000003e-07,2.8764700000000003e-07,1.2867992945326278e-07,True,False,False,0,False,,,-0.6065865474054877,3.0,False,False,,,weekly,10.0,sigma,computed,/home/lkoo/projects/AutomationDetection/DownloadedLC/incremental/quiescent_background_cache.csv,,,,,,False,not_in_flare_streak
4FGL J2056.2-4714,107,108,55488.00001157408,8.15e-08,3.13e-08,9.53e-08,2.0802935736677116e-07,1.2867992945326278e-07,1.790266510567173e-09,1.2867992945326278e-07,1.790266510567173e-09,2.8764700000000003e-07,2.8764700000000003e-07,1.2867992945326278e-07,False,False,False,0,False,,,-1.5048863823014047,3.0,False,False,,,weekly,10.0,sigma,computed,/home/lkoo/projects/AutomationDetection/DownloadedLC/incremental/quiescent_background_cache.csv,,,,,,False,not_in_flare_streak
4FGL J2056.2-4714,108,109,55495.00001157408,1.15e-07,3.25e-08,8.15e-08,2.0802935736677116e-07,1.2867992945326278e-07,1.790266510567173e-09,1.2867992945326278e-07,1.790266510567173e-09,2.8764700000000003e-07,2.8764700000000003e-07,1.2867992945326278e-07,True,False,False,0,False,,,-0.42028374087737075,3.0,False,False,,,weekly,10.0,sigma,computed,/home/lkoo/projects/AutomationDetection/DownloadedLC/incremental/quiescent_background_cache.csv,,,,,,False,not_in_flare_streak
4FGL J2056.2-4714,109,110,55502.00001157408,1.17e-07,3.39e-08,1.15e-07,2.0802935736677116e-07,1.2867992945326278e-07,1.790266510567173e-09,1.2867992945326278e-07,1.790266510567173e-09,2.8764700000000003e-07,2.8764700000000003e-07,1.2867992945326278e-07,True,False,False,0,False,,,-0.3440612463280653,3.0,False,False,,,weekly,10.0,sigma,computed,/home/lkoo/projects/AutomationDetection/DownloadedLC/incremental/quiescent_background_cache.csv,,,,,,False,not_in_flare_streak
4FGL J2056.2-4714,110,111,55509.00001157408,9.74e-08,3.66e-08,1.17e-07,2.0802935736677116e-07,1.2867992945326278e-07,1.790266510567173e-09,1.2867992945326278e-07,1.790266510567173e-09,2.8764700000000003e-07,2.8764700000000003e-07,1.2867992945326278e-07,False,False,False,0,False,,,-0.8536222956835686,3.0,False,False,,,weekly,10.0,sigma,computed,/home/lkoo/projects/AutomationDetection/DownloadedLC/incremental/quiescent_background_cache.csv,,,,,,False,not_in_flare_streak
4FGL J2056.2-4714,111,112,55516.00001157408,9.31e-08,3.49e-08,9.74e-08,2.0802935736677116e-07,1.2867992945326278e-07,1.790266510567173e-09,1.2867992945326278e-07,1.790266510567173e-09,2.8764700000000003e-07,2.8764700000000003e-07,1.2867992945326278e-07,False,False,False,0,False,,,-1.0181435351573005,3.0,False,False,,,weekly,10.0,sigma,computed,/home/lkoo/projects/AutomationDetection/DownloadedLC/incremental/quiescent_background_cache.csv,,,,,,False,not_in_flare_streak
4FGL J2056.2-4714,112,113,55523.00001157408,1.25e-07,4.21e-08,9.31e-08,2.0802935736677116e-07,1.2867992945326278e-07,1.790266510567173e-09,1.2867992945326278e-07,1.790266510567173e-09,2.8764700000000003e-07,2.8764700000000003e-07,1.2867992945326278e-07,True,False,False,0,False,,,-0.08733032649270438,3.0,False,False,,,weekly,10.0,sigma,computed,/home/lkoo/projects/AutomationDetection/DownloadedLC/incremental/quiescent_background_cache.csv,,,,,,False,not_in_flare_streak
4FGL J2056.2-4714,113,114,55530.00001157408,7.35e-08,4.77e-08,1.25e-07,2.0802935736677116e-07,1.2867992945326278e-07,1.790266510567173e-09,1.2867992945326278e-07,1.790266510567173e-09,2.8764700000000003e-07,2.8764700000000003e-07,1.2867992945326278e-07,False,False,False,0,False,,,-1.1559980348334074,3.0,False,False,,,weekly,10.0,sigma,computed,/home/lkoo/projects/AutomationDetection/DownloadedLC/incremental/quiescent_background_cache.csv,,,,,,False,not_in_flare_streak
4FGL J2056.2-4714,114,115,55537.00001157408,8.55e-08,3.82e-08,7.35e-08,2.0802935736677116e-07,1.2867992945326278e-07,1.790266510567173e-09,1.2867992945326278e-07,1.790266510567173e-09,2.8764700000000003e-07,2.8764700000000003e-07,1.2867992945326278e-07,True,False,False,0,False,,,-1.1291253280229903,3.0,False,False,,,weekly,10.0,sigma,computed,/home/lkoo/projects/AutomationDetection/DownloadedLC/incremental/quiescent_background_cache.csv,,,,,,False,not_in_flare_streak
4FGL J2056.2-4714,115,116,55544.00001157408,3.98e-08,2.77e-08,8.55e-08,2.0802935736677116e-07,1.2867992945326278e-07,1.790266510567173e-09,1.2867992945326278e-07,1.790266510567173e-09,2.8764700000000003e-07,2.8764700000000003e-07,1.2867992945326278e-07,False,False,False,0,False,,,-3.20198116955661,3.0,False,False,,,weekly,10.0,sigma,computed,/home/lkoo/projects/AutomationDetection/DownloadedLC/incremental/quiescent_background_cache.csv,,,,,,False,not_in_flare_streak
4FGL J2056.2-4714,116,117,55551.00001157408,6.65e-08,3.34e-08,3.98e-08,2.0802935736677116e-07,1.2867992945326278e-07,1.790266510567173e-09,1.2867992945326278e-07,1.790266510567173e-09,2.8764700000000003e-07,2.8764700000000003e-07,1.2867992945326278e-07,True,False,False,0,False,,,-1.8590059459467163,3.0,False,False,,,weekly,10.0,sigma,computed,/home/lkoo/projects/AutomationDetection/DownloadedLC/incremental/quiescent_background_cache.csv,,,,,,False,not_in_flare_streak
4FGL J2056.2-4714,117,118,55558.00001157408,7.06e-08,2.62e-08,6.65e-08,2.0802935736677116e-07,1.2867992945326278e-07,1.790266510567173e-09,1.2867992945326278e-07,1.790266510567173e-09,2.8764700000000003e-07,2.8764700000000003e-07,1.2867992945326278e-07,True,False,False,0,False,,,-2.211634047591507,3.0,False,False,,,weekly,10.0,sigma,computed,/home/lkoo/projects/AutomationDetection/DownloadedLC/incremental/quiescent_background_cache.csv,,,,,,False,not_in_flare_streak
4FGL J2056.2-4714,118,119,55565.00001157408,1.36e-07,4.49e-08,7.06e-08,2.0802935736677116e-07,1.2867992945326278e-07,1.790266510567173e-09,1.2867992945326278e-07,1.790266510567173e-09,2.8764700000000003e-07,2.8764700000000003e-07,1.2867992945326278e-07,True,True,False,0,False,,,0.1629010857183592,3.0,False,False,,,weekly,10.0,sigma,computed,/home/lkoo/projects/AutomationDetection/DownloadedLC/incremental/quiescent_background_cache.csv,,,,,,False,not_in_flare_streak
4FGL J2056.2-4714,119,120,55572.00001157408,5.14e-08,3.57e-08,1.36e-07,2.0802935736677116e-07,1.2867992945326278e-07,1.790266510567173e-09,1.2867992945326278e-07,1.790266510567173e-09,2.8764700000000003e-07,2.8764700000000003e-07,1.2867992945326278e-07,False,False,False,0,False,,,-2.161987158750934,3.0,False,False,,,weekly,10.0,sigma,computed,/home/lkoo/projects/AutomationDetection/DownloadedLC/incremental/quiescent_background_cache.csv,,,,,,False,not_in_flare_streak
4FGL J2056.2-4714,120,121,55586.00001157408,9.1e-08,3.99e-08,5.14e-08,2.0802935736677116e-07,1.2867992945326278e-07,1.790266510567173e-09,1.2867992945326278e-07,1.790266510567173e-09,2.8764700000000003e-07,2.8764700000000003e-07,1.2867992945326278e-07,True,False,False,0,False,,,-0.9434099693479577,3.0,False,False,,,weekly,10.0,sigma,computed,/home/lkoo/projects/AutomationDetection/DownloadedLC/incremental/quiescent_background_cache.csv,,,,,,False,not_in_flare_streak
4FGL J2056.2-4714,121,122,55593.00001157408,1.13e-07,3.72e-08,9.1e-08,2.0802935736677116e-07,1.2867992945326278e-07,1.790266510567173e-09,1.2867992945326278e-07,1.790266510567173e-09,2.8764700000000003e-07,2.8764700000000003e-07,1.2867992945326278e-07,True,False,False,0,False,,,-0.4210162128416264,3.0,False,False,,,weekly,10.0,sigma,computed,/home/lkoo/projects/AutomationDetection/DownloadedLC/incremental/quiescent_background_cache.csv,,,,,,False,not_in_flare_streak
4FGL J2056.2-4714,122,123,55600.00001157408,5.37e-08,2.83e-08,1.13e-07,2.0802935736677116e-07,1.2867992945326278e-07,1.790266510567173e-09,1.2867992945326278e-07,1.790266510567173e-09,2.8764700000000003e-07,2.8764700000000003e-07,1.2867992945326278e-07,False,False,False,0,False,,,-2.6441819241749753,3.0,False,False,,,weekly,10.0,sigma,computed,/home/lkoo/projects/AutomationDetection/DownloadedLC/incremental/quiescent_background_cache.csv,,,,,,False,not_in_flare_streak
4FGL J2056.2-4714,123,124,55607.00001157408,1.21e-07,3.3e-08,5.37e-08,2.0802935736677116e-07,1.2867992945326278e-07,1.790266510567173e-09,1.2867992945326278e-07,1.790266510567173e-09,2.8764700000000003e-07,2.8764700000000003e-07,1.2867992945326278e-07,True,False,False,0,False,,,-0.23238342041648588,3.0,False,False,,,weekly,10.0,sigma,computed,/home/lkoo/projects/AutomationDetection/DownloadedLC/incremental/quiescent_background_cache.csv,,,,,,False,not_in_flare_streak
4FGL J2056.2-4714,124,125,55614.00001157408,7.09e-08,3.24e-08,1.21e-07,2.0802935736677116e-07,1.2867992945326278e-07,1.790266510567173e-09,1.2867992945326278e-07,1.790266510567173e-09,2.8764700000000003e-07,2.8764700000000003e-07,1.2867992945326278e-07,False,False,False,0,False,,,-1.780615002671147,3.0,False,False,,,weekly,10.0,sigma,computed,/home/lkoo/projects/AutomationDetection/DownloadedLC/incremental/quiescent_background_cache.csv,,,,,,False,not_in_flare_streak
4FGL J2056.2-4714,125,126,55621.00001157408,1.1e-07,4.82e-08,7.09e-08,2.0802935736677116e-07,1.2867992945326278e-07,1.790266510567173e-09,1.2867992945326278e-07,1.790266510567173e-09,2.8764700000000003e-07,2.8764700000000003e-07,1.2867992945326278e-07,True,False,False,0,False,,,-0.38728335491914034,3.0,False,False,,,weekly,10.0,sigma,computed,/home/lkoo/projects/AutomationDetection/DownloadedLC/incremental/quiescent_background_cache.csv,,,,,,False,not_in_flare_streak
4FGL J2056.2-4714,126,127,55628.00001157408,1.34e-07,4.89e-08,1.1e-07,2.0802935736677116e-07,1.2867992945326278e-07,1.790266510567173e-09,1.2867992945326278e-07,1.790266510567173e-09,2.8764700000000003e-07,2.8764700000000003e-07,1.2867992945326278e-07,True,True,False,0,False,,,0.1087220603926859,3.0,False,False,,,weekly,10.0,sigma,computed,/home/lkoo/projects/AutomationDetection/DownloadedLC/incremental/quiescent_background_cache.csv,,,,,,False,not_in_flare_streak
4FGL J2056.2-4714,127,128,55635.00001157408,1.48e-07,4.87e-08,1.34e-07,2.0802935736677116e-07,1.2867992945326278e-07,1.790266510567173e-09,1.2867992945326278e-07,1.790266510567173e-09,2.8764700000000003e-07,2.8764700000000003e-07,1.2867992945326278e-07,True,True,False,0,False,,,0.39644824200176987,3.0,False,False,,,weekly,10.0,sigma,computed,/home/lkoo/projects/AutomationDetection/DownloadedLC/incremental/quiescent_background_cache.csv,,,,,,False,not_in_flare_streak
4FGL J2056.2-4714,128,129,55642.00001157408,6.45e-08,4.13e-08,1.48e-07,2.0802935736677116e-07,1.2867992945326278e-07,1.790266510567173e-09,1.2867992945326278e-07,1.790266510567173e-09,2.8764700000000003e-07,2.8764700000000003e-07,1.2867992945326278e-07,False,False,False,0,False,,,-1.5525354981745807,3.0,False,False,,,weekly,10.0,sigma,computed,/home/lkoo/projects/AutomationDetection/DownloadedLC/incremental/quiescent_background_cache.csv,,,,,,False,not_in_flare_streak
4FGL J2056.2-4714,129,130,55649.00001157408,2.72e-07,3.88e-08,6.45e-08,2.0802935736677116e-07,1.2867992945326278e-07,1.790266510567173e-09,1.2867992945326278e-07,1.790266510567173e-09,2.8764700000000003e-07,2.8764700000000003e-07,1.2867992945326278e-07,True,True,False,0,False,,,3.689890484944738,3.0,True,True,55649.00001157408,55649.00001157408,weekly,10.0,sigma,computed,/home/lkoo/projects/AutomationDetection/DownloadedLC/incremental/quiescent_background_cache.csv,,,,,,False,not_in_flare_streak
4FGL J2056.2-4714,130,131,55656.00001157408,2.66e-07,3.94e-08,2.72e-07,2.0802935736677116e-07,1.2867992945326278e-07,1.790266510567173e-09,1.2867992945326278e-07,1.790266510567173e-09,2.8764700000000003e-07,2.8764700000000003e-07,1.2867992945326278e-07,False,True,False,0,False,,,3.4816886264378466,3.0,True,True,55649.00001157408,55656.00001157408,weekly,10.0,sigma,computed,/home/lkoo/projects/AutomationDetection/DownloadedLC/incremental/quiescent_background_cache.csv,,,,,,False,not_in_flare_streak
4FGL J2056.2-4714,131,132,55663.00001157408,2.81e-07,7.07e-08,2.66e-07,2.0802935736677116e-07,1.2867992945326278e-07,1.790266510567173e-09,1.2867992945326278e-07,1.790266510567173e-09,2.8764700000000003e-07,2.8764700000000003e-07,1.2867992945326278e-07,True,True,False,0,False,,,2.153766051809436,3.0,False,True,55649.00001157408,55663.00001157408,weekly,10.0,sigma,computed,/home/lkoo/projects/AutomationDetection/DownloadedLC/incremental/quiescent_background_cache.csv,,,,,,False,not_in_flare_streak
4FGL J2056.2-4714,132,133,55670.00001157408,7.19e-08,4.12e-08,2.81e-07,2.0802935736677116e-07,1.2867992945326278e-07,1.790266510567173e-09,1.2867992945326278e-07,1.790266510567173e-09,2.8764700000000003e-07,2.8764700000000003e-07,1.2867992945326278e-07,False,False,False,0,False,,,-1.3768543734075036,3.0,False,False,,,weekly,10.0,sigma,computed,/home/lkoo/projects/AutomationDetection/DownloadedLC/incremental/quiescent_background_cache.csv,,,,,,False,not_in_flare_streak
4FGL J2056.2-4714,133,134,55677.00001157408,1.66e-07,4.7e-08,7.19e-08,2.0802935736677116e-07,1.2867992945326278e-07,1.790266510567173e-09,1.2867992945326278e-07,1.790266510567173e-09,2.8764700000000003e-07,2.8764700000000003e-07,1.2867992945326278e-07,True,True,False,0,False,,,0.7934686381178153,3.0,False,False,,,weekly,10.0,sigma,computed,/home/lkoo/projects/AutomationDetection/DownloadedLC/incremental/quiescent_background_cache.csv,,,,,,False,not_in_flare_streak
4FGL J2056.2-4714,134,135,55684.00001157408,1.78e-07,4.59e-08,1.66e-07,2.0802935736677116e-07,1.2867992945326278e-07,1.790266510567173e-09,1.2867992945326278e-07,1.790266510567173e-09,2.8764700000000003e-07,2.8764700000000003e-07,1.2867992945326278e-07,True,True,False,0,False,,,1.073694954332535,3.0,False,False,,,weekly,10.0,sigma,computed,/home/lkoo/projects/AutomationDetection/DownloadedLC/incremental/quiescent_background_cache.csv,,,,,,False,not_in_flare_streak
4FGL J2056.2-4714,135,136,55691.00001157408,1.39e-07,4.28e-08,1.78e-07,2.0802935736677116e-07,1.2867992945326278e-07,1.790266510567173e-09,1.2867992945326278e-07,1.790266510567173e-09,2.8764700000000003e-07,2.8764700000000003e-07,1.2867992945326278e-07,False,True,False,0,False,,,0.24091248108223215,3.0,False,False,,,weekly,10.0,sigma,computed,/home/lkoo/projects/AutomationDetection/DownloadedLC/incremental/quiescent_background_cache.csv,,,,,,False,not_in_flare_streak
4FGL J2056.2-4714,136,137,55698.00001157408,9.87e-08,3.05e-08,1.39e-07,2.0802935736677116e-07,1.2867992945326278e-07,1.790266510567173e-09,1.2867992945326278e-07,1.790266510567173e-09,2.8764700000000003e-07,2.8764700000000003e-07,1.2867992945326278e-07,False,False,False,0,False,,,-0.981259559716509,3.0,False,False,,,weekly,10.0,sigma,computed,/home/lkoo/projects/AutomationDetection/DownloadedLC/incremental/quiescent_background_cache.csv,,,,,,False,not_in_flare_streak
4FGL J2056.2-4714,137,138,55705.00001157408,2.69e-07,3.66e-08,9.87e-08,2.0802935736677116e-07,1.2867992945326278e-07,1.790266510567173e-09,1.2867992945326278e-07,1.790266510567173e-09,2.8764700000000003e-07,2.8764700000000003e-07,1.2867992945326278e-07,True,True,False,0,False,,,3.829303417373658,3.0,True,True,55705.00001157408,55705.00001157408,weekly,10.0,sigma,computed,/home/lkoo/projects/AutomationDetection/DownloadedLC/incremental/quiescent_background_cache.csv,,,,,,False,not_in_flare_streak
4FGL J2056.2-4714,138,139,55712.00001157408,2.43e-07,3.95e-08,2.69e-07,2.0802935736677116e-07,1.2867992945326278e-07,1.790266510567173e-09,1.2867992945326278e-07,1.790266510567173e-09,2.8764700000000003e-07,2.8764700000000003e-07,1.2867992945326278e-07,False,True,False,0,False,,,2.891210972372933,3.0,False,True,55705.00001157408,55712.00001157408,weekly,10.0,sigma,computed,/home/lkoo/projects/AutomationDetection/DownloadedLC/incremental/quiescent_background_cache.csv,,,,,,False,not_in_flare_streak
4FGL J2056.2-4714,139,140,55719.00001157408,1.93e-07,4e-08,2.43e-07,2.0802935736677116e-07,1.2867992945326278e-07,1.790266510567173e-09,1.2867992945326278e-07,1.790266510567173e-09,2.8764700000000003e-07,2.8764700000000003e-07,1.2867992945326278e-07,False,True,False,0,False,,,1.6063936377729298,3.0,False,True,55705.00001157408,55719.00001157408,weekly,10.0,sigma,computed,/home/lkoo/projects/AutomationDetection/DownloadedLC/incremental/quiescent_background_cache.csv,,,,,,False,not_in_flare_streak
4FGL J2056.2-4714,140,141,55726.00001157408,1.54e-07,5.11e-08,1.93e-07,2.0802935736677116e-07,1.2867992945326278e-07,1.790266510567173e-09,1.2867992945326278e-07,1.790266510567173e-09,2.8764700000000003e-07,2.8764700000000003e-07,1.2867992945326278e-07,False,True,False,0,False,,,0.49519658792364185,3.0,False,True,55705.00001157408,55726.00001157408,weekly,10.0,sigma,computed,/home/lkoo/projects/AutomationDetection/DownloadedLC/incremental/quiescent_background_cache.csv,,,,,,False,not_in_flare_streak
4FGL J2056.2-4714,141,142,55733.00001157408,1.2e-07,4.5e-08,1.54e-07,2.0802935736677116e-07,1.2867992945326278e-07,1.790266510567173e-09,1.2867992945326278e-07,1.790266510567173e-09,2.8764700000000003e-07,2.8764700000000003e-07,1.2867992945326278e-07,False,False,False,0,False,,,-0.19273485663406284,3.0,False,False,,,weekly,10.0,sigma,computed,/home/lkoo/projects/AutomationDetection/DownloadedLC/incremental/quiescent_background_cache.csv,,,,,,False,not_in_flare_streak
4FGL J2056.2-4714,142,143,55740.00001157408,2.63e-07,6e-08,1.2e-07,2.0802935736677116e-07,1.2867992945326278e-07,1.790266510567173e-09,1.2867992945326278e-07,1.790266510567173e-09,2.8764700000000003e-07,2.8764700000000003e-07,1.2867992945326278e-07,True,True,False,0,False,,,2.237671972396681,3.0,False,False,,,weekly,10.0,sigma,computed,/home/lkoo/projects/AutomationDetection/DownloadedLC/incremental/quiescent_background_cache.csv,,,,,,False,not_in_flare_streak
4FGL J2056.2-4714,143,144,55747.00001157408,2.53e-07,4.71e-08,2.63e-07,2.0802935736677116e-07,1.2867992945326278e-07,1.790266510567173e-09,1.2867992945326278e-07,1.790266510567173e-09,2.8764700000000003e-07,2.8764700000000003e-07,1.2867992945326278e-07,False,True,False,0,False,,,2.637587300463819,3.0,False,False,,,weekly,10.0,sigma,computed,/home/lkoo/projects/AutomationDetection/DownloadedLC/incremental/quiescent_background_cache.csv,,,,,,False,not_in_flare_streak
4FGL J2056.2-4714,144,145,55754.00001157408,1.73e-07,3.43e-08,2.53e-07,2.0802935736677116e-07,1.2867992945326278e-07,1.790266510567173e-09,1.2867992945326278e-07,1.790266510567173e-09,2.8764700000000003e-07,2.8764700000000003e-07,1.2867992945326278e-07,False,True,False,0,False,,,1.290373880849232,3.0,False,False,,,weekly,10.0,sigma,computed,/home/lkoo/projects/AutomationDetection/DownloadedLC/incremental/quiescent_background_cache.csv,,,,,,False,not_in_flare_streak
4FGL J2056.2-4714,145,146,55761.00001157408,1.26e-07,3.08e-08,1.73e-07,2.0802935736677116e-07,1.2867992945326278e-07,1.790266510567173e-09,1.2867992945326278e-07,1.790266510567173e-09,2.8764700000000003e-07,2.8764700000000003e-07,1.2867992945326278e-07,False,False,False,0,False,,,-0.08686408173222375,3.0,False,False,,,weekly,10.0,sigma,computed,/home/lkoo/projects/AutomationDetection/DownloadedLC/incremental/quiescent_background_cache.csv,,,,,,False,not_in_flare_streak
4FGL J2056.2-4714,146,147,55768.00001157408,8.79e-08,2.6e-08,1.26e-07,2.0802935736677116e-07,1.2867992945326278e-07,1.790266510567173e-09,1.2867992945326278e-07,1.790266510567173e-09,2.8764700000000003e-07,2.8764700000000003e-07,1.2867992945326278e-07,False,False,False,0,False,,,-1.5647538026873742,3.0,False,False,,,weekly,10.0,sigma,computed,/home/lkoo/projects/AutomationDetection/DownloadedLC/incremental/quiescent_background_cache.csv,,,,,,False,not_in_flare_streak
4FGL J2056.2-4714,147,148,55775.00001157408,1e-07,3.42e-08,8.79e-08,2.0802935736677116e-07,1.2867992945326278e-07,1.790266510567173e-09,1.2867992945326278e-07,1.790266510567173e-09,2.8764700000000003e-07,2.8764700000000003e-07,1.2867992945326278e-07,True,False,False,0,False,,,-0.8374478237594951,3.0,False,False,,,weekly,10.0,sigma,computed,/home/lkoo/projects/AutomationDetection/DownloadedLC/incremental/quiescent_background_cache.csv,,,,,,False,not_in_flare_streak
4FGL J2056.2-4714,148,149,55782.00001157408,8.39e-08,4.94e-08,1e-07,2.0802935736677116e-07,1.2867992945326278e-07,1.790266510567173e-09,1.2867992945326278e-07,1.790266510567173e-09,2.8764700000000003e-07,2.8764700000000003e-07,1.2867992945326278e-07,False,False,False,0,False,,,-0.9058816287257538,3.0,False,False,,,weekly,10.0,sigma,computed,/home/lkoo/projects/AutomationDetection/DownloadedLC/incremental/quiescent_background_cache.csv,,,,,,False,not_in_flare_streak
4FGL J2056.2-4714,149,150,55789.00001157408,1.28e-07,5.28e-08,8.39e-08,2.0802935736677116e-07,1.2867992945326278e-07,1.790266510567173e-09,1.2867992945326278e-07,1.790266510567173e-09,2.8764700000000003e-07,2.8764700000000003e-07,1.2867992945326278e-07,True,False,False,0,False,,,-0.012870055829444154,3.0,False,False,,,weekly,10.0,sigma,computed,/home/lkoo/projects/AutomationDetection/DownloadedLC/incremental/quiescent_background_cache.csv,,,,,,False,not_in_flare_streak
4FGL J2056.2-4714,150,151,55803.00001157408,9.12e-08,3.23e-08,1.28e-07,2.0802935736677116e-07,1.2867992945326278e-07,1.790266510567173e-09,1.2867992945326278e-07,1.790266510567173e-09,2.8764700000000003e-07,2.8764700000000003e-07,1.2867992945326278e-07,False,False,False,0,False,,,-1.1585910643668524,3.0,False,False,,,weekly,10.0,sigma,computed,/home/lkoo/projects/AutomationDetection/DownloadedLC/incremental/quiescent_background_cache.csv,,,,,,False,not_in_flare_streak
4FGL J2056.2-4714,151,152,55810.00001157408,1.53e-07,4.07e-08,9.12e-08,2.0802935736677116e-07,1.2867992945326278e-07,1.790266510567173e-09,1.2867992945326278e-07,1.790266510567173e-09,2.8764700000000003e-07,2.8764700000000003e-07,1.2867992945326278e-07,True,True,False,0,False,,,0.5969674896783593,3.0,False,False,,,weekly,10.0,sigma,computed,/home/lkoo/projects/AutomationDetection/DownloadedLC/incremental/quiescent_background_cache.csv,,,,,,False,not_in_flare_streak
4FGL J2056.2-4714,152,153,55817.00001157408,1.85e-07,3.59e-08,1.53e-07,2.0802935736677116e-07,1.2867992945326278e-07,1.790266510567173e-09,1.2867992945326278e-07,1.790266510567173e-09,2.8764700000000003e-07,2.8764700000000003e-07,1.2867992945326278e-07,True,True,False,0,False,,,1.5668571478582043,3.0,False,False,,,weekly,10.0,sigma,computed,/home/lkoo/projects/AutomationDetection/DownloadedLC/incremental/quiescent_background_cache.csv,,,,,,False,not_in_flare_streak
4FGL J2056.2-4714,153,154,55824.00001157408,4.53e-07,5e-08,1.85e-07,2.0802935736677116e-07,1.2867992945326278e-07,1.790266510567173e-09,1.2867992945326278e-07,1.790266510567173e-09,2.8764700000000003e-07,2.8764700000000003e-07,1.2867992945326278e-07,True,True,False,0,False,,,6.4822475509226605,3.0,True,True,55824.00001157408,55824.00001157408,weekly,10.0,sigma,computed,/home/lkoo/projects/AutomationDetection/DownloadedLC/incremental/quiescent_background_cache.csv,,,,,,False,not_in_flare_streak
4FGL J2056.2-4714,154,155,55831.00001157408,3.12e-07,5.07e-08,4.53e-07,2.0802935736677116e-07,1.2867992945326278e-07,1.790266510567173e-09,1.2867992945326278e-07,1.790266510567173e-09,2.8764700000000003e-07,2.8764700000000003e-07,1.2867992945326278e-07,False,True,False,0,False,,,3.6135283947937773,3.0,True,True,55824.00001157408,55831.00001157408,weekly,10.0,sigma,computed,/home/lkoo/projects/AutomationDetection/DownloadedLC/incremental/quiescent_background_cache.csv,,,,,,False,not_in_flare_streak
4FGL J2056.2-4714,155,156,55838.00001157408,1.96e-07,5.26e-08,3.12e-07,2.0802935736677116e-07,1.2867992945326278e-07,1.790266510567173e-09,1.2867992945326278e-07,1.790266510567173e-09,2.8764700000000003e-07,2.8764700000000003e-07,1.2867992945326278e-07,False,True,False,0,False,,,1.279108595567103,3.0,False,True,55824.00001157408,55838.00001157408,weekly,10.0,sigma,computed,/home/lkoo/projects/AutomationDetection/DownloadedLC/incremental/quiescent_background_cache.csv,,,,,,False,not_in_flare_streak
4FGL J2056.2-4714,156,157,55845.00001157408,1.69e-07,5.25e-08,1.96e-07,2.0802935736677116e-07,1.2867992945326278e-07,1.790266510567173e-09,1.2867992945326278e-07,1.790266510567173e-09,2.8764700000000003e-07,2.8764700000000003e-07,1.2867992945326278e-07,False,True,False,0,False,,,0.7675552047406933,3.0,False,True,55824.00001157408,55845.00001157408,weekly,10.0,sigma,computed,/home/lkoo/projects/AutomationDetection/DownloadedLC/incremental/quiescent_background_cache.csv,,,,,,False,not_in_flare_streak
4FGL J2056.2-4714,157,158,55852.00001157408,9.33e-08,4.02e-08,1.69e-07,2.0802935736677116e-07,1.2867992945326278e-07,1.790266510567173e-09,1.2867992945326278e-07,1.790266510567173e-09,2.8764700000000003e-07,2.8764700000000003e-07,1.2867992945326278e-07,False,False,False,0,False,,,-0.8792263050165461,3.0,False,False,,,weekly,10.0,sigma,computed,/home/lkoo/projects/AutomationDetection/DownloadedLC/incremental/quiescent_background_cache.csv,,,,,,False,not_in_flare_streak
4FGL J2056.2-4714,158,159,55859.00001157408,1.32e-07,3.79e-08,9.33e-08,2.0802935736677116e-07,1.2867992945326278e-07,1.790266510567173e-09,1.2867992945326278e-07,1.790266510567173e-09,2.8764700000000003e-07,2.8764700000000003e-07,1.2867992945326278e-07,True,True,False,0,False,,,0.08750323761812924,3.0,False,False,,,weekly,10.0,sigma,computed,/home/lkoo/projects/AutomationDetection/DownloadedLC/incremental/quiescent_background_cache.csv,,,,,,False,not_in_flare_streak
4FGL J2056.2-4714,159,160,55866.00001157408,7.83e-08,2.54e-08,1.32e-07,2.0802935736677116e-07,1.2867992945326278e-07,1.790266510567173e-09,1.2867992945326278e-07,1.790266510567173e-09,2.8764700000000003e-07,2.8764700000000003e-07,1.2867992945326278e-07,False,False,False,0,False,,,-1.9785533060919351,3.0,False,False,,,weekly,10.0,sigma,computed,/home/lkoo/projects/AutomationDetection/DownloadedLC/incremental/quiescent_background_cache.csv,,,,,,False,not_in_flare_streak
4FGL J2056.2-4714,160,161,55873.00001157408,7.76e-08,3.16e-08,7.83e-08,2.0802935736677116e-07,1.2867992945326278e-07,1.790266510567173e-09,1.2867992945326278e-07,1.790266510567173e-09,2.8764700000000003e-07,2.8764700000000003e-07,1.2867992945326278e-07,False,False,False,0,False,,,-1.613865545796263,3.0,False,False,,,weekly,10.0,sigma,computed,/home/lkoo/projects/AutomationDetection/DownloadedLC/incremental/quiescent_background_cache.csv,,,,,,False,not_in_flare_streak
4FGL J2056.2-4714,161,162,55880.00001157408,1.16e-07,3.34e-08,7.76e-08,2.0802935736677116e-07,1.2867992945326278e-07,1.790266510567173e-09,1.2867992945326278e-07,1.790266510567173e-09,2.8764700000000003e-07,2.8764700000000003e-07,1.2867992945326278e-07,True,False,False,0,False,,,-0.3790944192935795,3.0,False,False,,,weekly,10.0,sigma,computed,/home/lkoo/projects/AutomationDetection/DownloadedLC/incremental/quiescent_background_cache.csv,,,,,,False,not_in_flare_streak
4FGL J2056.2-4714,162,163,55887.00001157408,1.33e-07,4.46e-08,1.16e-07,2.0802935736677116e-07,1.2867992945326278e-07,1.790266510567173e-09,1.2867992945326278e-07,1.790266510567173e-09,2.8764700000000003e-07,2.8764700000000003e-07,1.2867992945326278e-07,True,True,False,0,False,,,0.09678462709085772,3.0,False,False,,,weekly,10.0,sigma,computed,/home/lkoo/projects/AutomationDetection/DownloadedLC/incremental/quiescent_background_cache.csv,,,,,,False,not_in_flare_streak
4FGL J2056.2-4714,163,164,55894.00001157408,1.64e-07,6.12e-08,1.33e-07,2.0802935736677116e-07,1.2867992945326278e-07,1.790266510567173e-09,1.2867992945326278e-07,1.790266510567173e-09,2.8764700000000003e-07,2.8764700000000003e-07,1.2867992945326278e-07,True,True,False,0,False,,,0.5768785647665601,3.0,False,False,,,weekly,10.0,sigma,computed,/home/lkoo/projects/AutomationDetection/DownloadedLC/incremental/quiescent_background_cache.csv,,,,,,False,not_in_flare_streak
4FGL J2056.2-4714,164,165,55901.00001157408,1.3e-07,4.66e-08,1.64e-07,2.0802935736677116e-07,1.2867992945326278e-07,1.790266510567173e-09,1.2867992945326278e-07,1.790266510567173e-09,2.8764700000000003e-07,2.8764700000000003e-07,1.2867992945326278e-07,False,True,False,0,False,,,0.02830681250788068,3.0,False,False,,,weekly,10.0,sigma,computed,/home/lkoo/projects/AutomationDetection/DownloadedLC/incremental/quiescent_background_cache.csv,,,,,,False,not_in_flare_streak
4FGL J2056.2-4714,165,166,55915.00001157408,1.27e-07,3.45e-08,1.3e-07,2.0802935736677116e-07,1.2867992945326278e-07,1.790266510567173e-09,1.2867992945326278e-07,1.790266510567173e-09,2.8764700000000003e-07,2.8764700000000003e-07,1.2867992945326278e-07,False,False,False,0,False,,,-0.048628179418192,3.0,False,False,,,weekly,10.0,sigma,computed,/home/lkoo/projects/AutomationDetection/DownloadedLC/incremental/quiescent_background_cache.csv,,,,,,False,not_in_flare_streak
4FGL J2056.2-4714,166,167,55922.00001157408,5.34e-08,2.84e-08,1.27e-07,2.0802935736677116e-07,1.2867992945326278e-07,1.790266510567173e-09,1.2867992945326278e-07,1.790266510567173e-09,2.8764700000000003e-07,2.8764700000000003e-07,1.2867992945326278e-07,False,False,False,0,False,,,-2.6454507948950505,3.0,False,False,,,weekly,10.0,sigma,computed,/home/lkoo/projects/AutomationDetection/DownloadedLC/incremental/quiescent_background_cache.csv,,,,,,False,not_in_flare_streak
4FGL J2056.2-4714,167,168,55929.00001157408,8.16e-08,3.32e-08,5.34e-08,2.0802935736677116e-07,1.2867992945326278e-07,1.790266510567173e-09,1.2867992945326278e-07,1.790266510567173e-09,2.8764700000000003e-07,2.8764700000000003e-07,1.2867992945326278e-07,True,False,False,0,False,,,-1.4160129426702335,3.0,False,False,,,weekly,10.0,sigma,computed,/home/lkoo/projects/AutomationDetection/DownloadedLC/incremental/quiescent_background_cache.csv,,,,,,False,not_in_flare_streak
4FGL J2056.2-4714,168,169,55936.00001157408,1.74e-07,4.55e-08,8.16e-08,2.0802935736677116e-07,1.2867992945326278e-07,1.790266510567173e-09,1.2867992945326278e-07,1.790266510567173e-09,2.8764700000000003e-07,2.8764700000000003e-07,1.2867992945326278e-07,True,True,False,0,False,,,0.9952753874828293,3.0,False,False,,,weekly,10.0,sigma,computed,/home/lkoo/projects/AutomationDetection/DownloadedLC/incremental/quiescent_background_cache.csv,,,,,,False,not_in_flare_streak
4FGL J2056.2-4714,169,170,55943.00001157408,1.34e-07,5.28e-08,1.74e-07,2.0802935736677116e-07,1.2867992945326278e-07,1.790266510567173e-09,1.2867992945326278e-07,1.790266510567173e-09,2.8764700000000003e-07,2.8764700000000003e-07,1.2867992945326278e-07,False,True,False,0,False,,,0.1007010427692535,3.0,False,False,,,weekly,10.0,sigma,computed,/home/lkoo/projects/AutomationDetection/DownloadedLC/incremental/quiescent_background_cache.csv,,,,,,False,not_in_flare_streak
4FGL J2056.2-4714,170,171,55950.00001157408,1.63e-07,5.13e-08,1.34e-07,2.0802935736677116e-07,1.2867992945326278e-07,1.790266510567173e-09,1.2867992945326278e-07,1.790266510567173e-09,2.8764700000000003e-07,2.8764700000000003e-07,1.2867992945326278e-07,True,True,False,0,False,,,0.6686002132154316,3.0,False,False,,,weekly,10.0,sigma,computed,/home/lkoo/projects/AutomationDetection/DownloadedLC/incremental/quiescent_background_cache.csv,,,,,,False,not_in_flare_streak
4FGL J2056.2-4714,171,172,55957.00001157408,1.01e-07,3.68e-08,1.63e-07,2.0802935736677116e-07,1.2867992945326278e-07,1.790266510567173e-09,1.2867992945326278e-07,1.790266510567173e-09,2.8764700000000003e-07,2.8764700000000003e-07,1.2867992945326278e-07,False,False,False,0,False,,,-0.7512834971829144,3.0,False,False,,,weekly,10.0,sigma,computed,/home/lkoo/projects/AutomationDetection/DownloadedLC/incremental/quiescent_background_cache.csv,,,,,,False,not_in_flare_streak
4FGL J2056.2-4714,172,173,55964.00001157408,3.11e-08,2.47e-08,1.01e-07,2.0802935736677116e-07,1.2867992945326278e-07,1.790266510567173e-09,1.2867992945326278e-07,1.790266510567173e-09,2.8764700000000003e-07,2.8764700000000003e-07,1.2867992945326278e-07,False,False,False,0,False,,,-3.9402680628947637,3.0,False,False,,,weekly,10.0,sigma,computed,/home/lkoo/projects/AutomationDetection/DownloadedLC/incremental/quiescent_background_cache.csv,,,,,,False,not_in_flare_streak
4FGL J2056.2-4714,173,174,55971.00001157408,6.79e-08,2.86e-08,3.11e-08,2.0802935736677116e-07,1.2867992945326278e-07,1.790266510567173e-09,1.2867992945326278e-07,1.790266510567173e-09,2.8764700000000003e-07,2.8764700000000003e-07,1.2867992945326278e-07,True,False,False,0,False,,,-2.1210209691279753,3.0,False,False,,,weekly,10.0,sigma,computed,/home/lkoo/projects/AutomationDetection/DownloadedLC/incremental/quiescent_background_cache.csv,,,,,,False,not_in_flare_streak
4FGL J2056.2-4714,174,175,55978.00001157408,1.14e-07,3.32e-08,6.79e-08,2.0802935736677116e-07,1.2867992945326278e-07,1.790266510567173e-09,1.2867992945326278e-07,1.790266510567173e-09,2.8764700000000003e-07,2.8764700000000003e-07,1.2867992945326278e-07,True,False,False,0,False,,,-0.4415250903029011,3.0,False,False,,,weekly,10.0,sigma,computed,/home/lkoo/projects/AutomationDetection/DownloadedLC/incremental/quiescent_background_cache.csv,,,,,,False,not_in_flare_streak
4FGL J2056.2-4714,175,176,55985.00001157408,9.37e-08,3.66e-08,1.14e-07,2.0802935736677116e-07,1.2867992945326278e-07,1.790266510567173e-09,1.2867992945326278e-07,1.790266510567173e-09,2.8764700000000003e-07,2.8764700000000003e-07,1.2867992945326278e-07,False,False,False,0,False,,,-0.9545944701492547,3.0,False,False,,,weekly,10.0,sigma,computed,/home/lkoo/projects/AutomationDetection/DownloadedLC/incremental/quiescent_background_cache.csv,,,,,,False,not_in_flare_streak
4FGL J2056.2-4714,176,177,55992.00001157408,1.75e-07,6.57e-08,9.37e-08,2.0802935736677116e-07,1.2867992945326278e-07,1.790266510567173e-09,1.2867992945326278e-07,1.790266510567173e-09,2.8764700000000003e-07,2.8764700000000003e-07,1.2867992945326278e-07,True,True,False,0,False,,,0.7047623054393066,3.0,False,False,,,weekly,10.0,sigma,computed,/home/lkoo/projects/AutomationDetection/DownloadedLC/incremental/quiescent_background_cache.csv,,,,,,False,not_in_flare_streak
4FGL J2056.2-4714,177,178,55999.00001157408,2.29e-07,6.11e-08,1.75e-07,2.0802935736677116e-07,1.2867992945326278e-07,1.790266510567173e-09,1.2867992945326278e-07,1.790266510567173e-09,2.8764700000000003e-07,2.8764700000000003e-07,1.2867992945326278e-07,True,True,False,0,False,,,1.641195329135662,3.0,False,False,,,weekly,10.0,sigma,computed,/home/lkoo/projects/AutomationDetection/DownloadedLC/incremental/quiescent_background_cache.csv,,,,,,False,not_in_flare_streak
4FGL J2056.2-4714,178,179,56006.00001157408,1.83e-07,5.09e-08,2.29e-07,2.0802935736677116e-07,1.2867992945326278e-07,1.790266510567173e-09,1.2867992945326278e-07,1.790266510567173e-09,2.8764700000000003e-07,2.8764700000000003e-07,1.2867992945326278e-07,False,True,False,0,False,,,1.0665324635646811,3.0,False,False,,,weekly,10.0,sigma,computed,/home/lkoo/projects/AutomationDetection/DownloadedLC/incremental/quiescent_background_cache.csv,,,,,,False,not_in_flare_streak
4FGL J2056.2-4714,179,180,56013.00001157408,1.97e-07,4.25e-08,1.83e-07,2.0802935736677116e-07,1.2867992945326278e-07,1.790266510567173e-09,1.2867992945326278e-07,1.790266510567173e-09,2.8764700000000003e-07,2.8764700000000003e-07,1.2867992945326278e-07,True,True,False,0,False,,,1.6061067457010374,3.0,False,False,,,weekly,10.0,sigma,computed,/home/lkoo/projects/AutomationDetection/DownloadedLC/incremental/quiescent_background_cache.csv,,,,,,False,not_in_flare_streak
4FGL J2056.2-4714,180,181,56020.00001157408,1.21e-07,3.04e-08,1.97e-07,2.0802935736677116e-07,1.2867992945326278e-07,1.790266510567173e-09,1.2867992945326278e-07,1.790266510567173e-09,2.8764700000000003e-07,2.8764700000000003e-07,1.2867992945326278e-07,False,False,False,0,False,,,-0.25219232615519643,3.0,False,False,,,weekly,10.0,sigma,computed,/home/lkoo/projects/AutomationDetection/DownloadedLC/incremental/quiescent_background_cache.csv,,,,,,False,not_in_flare_streak
4FGL J2056.2-4714,181,182,56027.00001157408,2.58e-07,4.38e-08,1.21e-07,2.0802935736677116e-07,1.2867992945326278e-07,1.790266510567173e-09,1.2867992945326278e-07,1.790266510567173e-09,2.8764700000000003e-07,2.8764700000000003e-07,1.2867992945326278e-07,True,True,False,0,False,,,2.9500497946820827,3.0,False,False,,,weekly,10.0,sigma,computed,/home/lkoo/projects/AutomationDetection/DownloadedLC/incremental/quiescent_background_cache.csv,,,,,,False,not_in_flare_streak
4FGL J2056.2-4714,182,183,56034.00001157408,3.2e-07,4.74e-08,2.58e-07,2.0802935736677116e-07,1.2867992945326278e-07,1.790266510567173e-09,1.2867992945326278e-07,1.790266510567173e-09,2.8764700000000003e-07,2.8764700000000003e-07,1.2867992945326278e-07,True,True,False,0,False,,,4.033412556092141,3.0,True,True,56034.00001157408,56034.00001157408,weekly,10.0,sigma,computed,/home/lkoo/projects/AutomationDetection/DownloadedLC/incremental/quiescent_background_cache.csv,,,,,,False,not_in_flare_streak
4FGL J2056.2-4714,183,184,56041.00001157408,3.25e-07,4.71e-08,3.2e-07,2.0802935736677116e-07,1.2867992945326278e-07,1.790266510567173e-09,1.2867992945326278e-07,1.790266510567173e-09,2.8764700000000003e-07,2.8764700000000003e-07,1.2867992945326278e-07,True,True,False,0,False,,,4.165146646257475,3.0,True,True,56034.00001157408,56041.00001157408,weekly,10.0,sigma,computed,/home/lkoo/projects/AutomationDetection/DownloadedLC/incremental/quiescent_background_cache.csv,,,,,,False,not_in_flare_streak
4FGL J2056.2-4714,184,185,56048.00001157408,2.6e-07,5.41e-08,3.25e-07,2.0802935736677116e-07,1.2867992945326278e-07,1.790266510567173e-09,1.2867992945326278e-07,1.790266510567173e-09,2.8764700000000003e-07,2.8764700000000003e-07,1.2867992945326278e-07,False,True,False,0,False,,,2.426030081015336,3.0,False,True,56034.00001157408,56048.00001157408,weekly,10.0,sigma,computed,/home/lkoo/projects/AutomationDetection/DownloadedLC/incremental/quiescent_background_cache.csv,,,,,,False,not_in_flare_streak
4FGL J2056.2-4714,185,186,56055.00001157408,2.25e-07,5.12e-08,2.6e-07,2.0802935736677116e-07,1.2867992945326278e-07,1.790266510567173e-09,1.2867992945326278e-07,1.790266510567173e-09,2.8764700000000003e-07,2.8764700000000003e-07,1.2867992945326278e-07,False,True,False,0,False,,,1.880102393087581,3.0,False,True,56034.00001157408,56055.00001157408,weekly,10.0,sigma,computed,/home/lkoo/projects/AutomationDetection/DownloadedLC/incremental/quiescent_background_cache.csv,,,,,,False,not_in_flare_streak
4FGL J2056.2-4714,186,187,56062.00001157408,2e-07,4.96e-08,2.25e-07,2.0802935736677116e-07,1.2867992945326278e-07,1.790266510567173e-09,1.2867992945326278e-07,1.790266510567173e-09,2.8764700000000003e-07,2.8764700000000003e-07,1.2867992945326278e-07,False,True,False,0,False,,,1.4369689235697725,3.0,False,True,56034.00001157408,56062.00001157408,weekly,10.0,sigma,computed,/home/lkoo/projects/AutomationDetection/DownloadedLC/incremental/quiescent_background_cache.csv,,,,,,False,not_in_flare_streak
4FGL J2056.2-4714,187,188,56069.00001157408,1.19e-07,3.34e-08,2e-07,2.0802935736677116e-07,1.2867992945326278e-07,1.790266510567173e-09,1.2867992945326278e-07,1.790266510567173e-09,2.8764700000000003e-07,2.8764700000000003e-07,1.2867992945326278e-07,False,False,False,0,False,,,-0.2894028116176322,3.0,False,False,,,weekly,10.0,sigma,computed,/home/lkoo/projects/AutomationDetection/DownloadedLC/incremental/quiescent_background_cache.csv,,,,,,False,not_in_flare_streak
4FGL J2056.2-4714,188,189,56076.00001157408,1.22e-07,3.27e-08,1.19e-07,2.0802935736677116e-07,1.2867992945326278e-07,1.790266510567173e-09,1.2867992945326278e-07,1.790266510567173e-09,2.8764700000000003e-07,2.8764700000000003e-07,1.2867992945326278e-07,True,False,False,0,False,,,-0.20397372487867,3.0,False,False,,,weekly,10.0,sigma,computed,/home/lkoo/projects/AutomationDetection/DownloadedLC/incremental/quiescent_background_cache.csv,,,,,,False,not_in_flare_streak
4FGL J2056.2-4714,189,190,56083.00001157408,1.07e-07,3.06e-08,1.22e-07,2.0802935736677116e-07,1.2867992945326278e-07,1.790266510567173e-09,1.2867992945326278e-07,1.790266510567173e-09,2.8764700000000003e-07,2.8764700000000003e-07,1.2867992945326278e-07,False,False,False,0,False,,,-0.7072849824652064,3.0,False,False,,,weekly,10.0,sigma,computed,/home/lkoo/projects/AutomationDetection/DownloadedLC/incremental/quiescent_background_cache.csv,,,,,,False,not_in_flare_streak
4FGL J2056.2-4714,190,191,56090.00001157408,1.45e-07,3.39e-08,1.07e-07,2.0802935736677116e-07,1.2867992945326278e-07,1.790266510567173e-09,1.2867992945326278e-07,1.790266510567173e-09,2.8764700000000003e-07,2.8764700000000003e-07,1.2867992945326278e-07,True,True,False,0,False,,,0.48074809312343736,3.0,False,False,,,weekly,10.0,sigma,computed,/home/lkoo/projects/AutomationDetection/DownloadedLC/incremental/quiescent_background_cache.csv,,,,,,False,not_in_flare_streak
4FGL J2056.2-4714,191,192,56097.00001157408,1.02e-07,4.3e-08,1.45e-07,2.0802935736677116e-07,1.2867992945326278e-07,1.790266510567173e-09,1.2867992945326278e-07,1.790266510567173e-09,2.8764700000000003e-07,2.8764700000000003e-07,1.2867992945326278e-07,False,False,False,0,False,,,-0.6199264184690518,3.0,False,False,,,weekly,10.0,sigma,computed,/home/lkoo/projects/AutomationDetection/DownloadedLC/incremental/quiescent_background_cache.csv,,,,,,False,not_in_flare_streak
4FGL J2056.2-4714,192,193,56104.00001157408,1.2e-07,5.78e-08,1.02e-07,2.0802935736677116e-07,1.2867992945326278e-07,1.790266510567173e-09,1.2867992945326278e-07,1.790266510567173e-09,2.8764700000000003e-07,2.8764700000000003e-07,1.2867992945326278e-07,True,False,False,0,False,,,-0.15009980754955007,3.0,False,False,,,weekly,10.0,sigma,computed,/home/lkoo/projects/AutomationDetection/DownloadedLC/incremental/quiescent_background_cache.csv,,,,,,False,not_in_flare_streak
4FGL J2056.2-4714,193,194,56111.00001157408,1.27e-07,4.74e-08,1.2e-07,2.0802935736677116e-07,1.2867992945326278e-07,1.790266510567173e-09,1.2867992945326278e-07,1.790266510567173e-09,2.8764700000000003e-07,2.8764700000000003e-07,1.2867992945326278e-07,True,False,False,0,False,,,-0.035416297572835126,3.0,False,False,,,weekly,10.0,sigma,computed,/home/lkoo/projects/AutomationDetection/DownloadedLC/incremental/quiescent_background_cache.csv,,,,,,False,not_in_flare_streak
4FGL J2056.2-4714,194,195,56118.00001157408,2e-07,5.02e-08,1.27e-07,2.0802935736677116e-07,1.2867992945326278e-07,1.790266510567173e-09,1.2867992945326278e-07,1.790266510567173e-09,2.8764700000000003e-07,2.8764700000000003e-07,1.2867992945326278e-07,True,True,False,0,False,,,1.419815943762562,3.0,False,False,,,weekly,10.0,sigma,computed,/home/lkoo/projects/AutomationDetection/DownloadedLC/incremental/quiescent_background_cache.csv,,,,,,False,not_in_flare_streak
4FGL J2056.2-4714,195,196,56125.00001157408,2e-07,3.82e-08,2e-07,2.0802935736677116e-07,1.2867992945326278e-07,1.790266510567173e-09,1.2867992945326278e-07,1.790266510567173e-09,2.8764700000000003e-07,2.8764700000000003e-07,1.2867992945326278e-07,False,True,False,0,False,,,1.8649705793954805,3.0,False,False,,,weekly,10.0,sigma,computed,/home/lkoo/projects/AutomationDetection/DownloadedLC/incremental/quiescent_background_cache.csv,,,,,,False,not_in_flare_streak
4FGL J2056.2-4714,196,197,56132.00001157408,1.37e-07,3.42e-08,2e-07,2.0802935736677116e-07,1.2867992945326278e-07,1.790266510567173e-09,1.2867992945326278e-07,1.790266510567173e-09,2.8764700000000003e-07,2.8764700000000003e-07,1.2867992945326278e-07,False,True,False,0,False,,,0.24294428562821582,3.0,False,False,,,weekly,10.0,sigma,computed,/home/lkoo/projects/AutomationDetection/DownloadedLC/incremental/quiescent_background_cache.csv,,,,,,False,not_in_flare_streak
4FGL J2056.2-4714,197,198,56139.00001157408,1.38e-07,3.18e-08,1.37e-07,2.0802935736677116e-07,1.2867992945326278e-07,1.790266510567173e-09,1.2867992945326278e-07,1.790266510567173e-09,2.8764700000000003e-07,2.8764700000000003e-07,1.2867992945326278e-07,True,True,False,0,False,,,0.2926206260438362,3.0,False,False,,,weekly,10.0,sigma,computed,/home/lkoo/projects/AutomationDetection/DownloadedLC/incremental/quiescent_background_cache.csv,,,,,,False,not_in_flare_streak
4FGL J2056.2-4714,198,199,56146.00001157408,5.81e-08,3.27e-08,1.38e-07,2.0802935736677116e-07,1.2867992945326278e-07,1.790266510567173e-09,1.2867992945326278e-07,1.790266510567173e-09,2.8764700000000003e-07,2.8764700000000003e-07,1.2867992945326278e-07,False,False,False,0,False,,,-2.155180112751624,3.0,False,False,,,weekly,10.0,sigma,computed,/home/lkoo/projects/AutomationDetection/DownloadedLC/incremental/quiescent_background_cache.csv,,,,,,False,not_in_flare_streak
4FGL J2056.2-4714,199,200,56153.00001157408,3.71e-08,2.85e-08,5.81e-08,2.0802935736677116e-07,1.2867992945326278e-07,1.790266510567173e-09,1.2867992945326278e-07,1.790266510567173e-09,2.8764700000000003e-07,2.8764700000000003e-07,1.2867992945326278e-07,False,False,False,0,False,,,-3.2070098234876414,3.0,False,False,,,weekly,10.0,sigma,computed,/home/lkoo/projects/AutomationDetection/DownloadedLC/incremental/quiescent_background_cache.csv,,,,,,False,not_in_flare_streak
4FGL J2056.2-4714,200,201,56160.00001157408,1.19e-07,4.04e-08,3.71e-08,2.0802935736677116e-07,1.2867992945326278e-07,1.790266510567173e-09,1.2867992945326278e-07,1.790266510567173e-09,2.8764700000000003e-07,2.8764700000000003e-07,1.2867992945326278e-07,True,False,False,0,False,,,-0.2393673080126012,3.0,False,False,,,weekly,10.0,sigma,computed,/home/lkoo/projects/AutomationDetection/DownloadedLC/incremental/quiescent_background_cache.csv,,,,,,False,not_in_flare_streak
4FGL J2056.2-4714,201,202,56167.00001157408,1.66e-07,5.01e-08,1.19e-07,2.0802935736677116e-07,1.2867992945326278e-07,1.790266510567173e-09,1.2867992945326278e-07,1.790266510567173e-09,2.8764700000000003e-07,2.8764700000000003e-07,1.2867992945326278e-07,True,True,False,0,False,,,0.7444364506124235,3.0,False,False,,,weekly,10.0,sigma,computed,/home/lkoo/projects/AutomationDetection/DownloadedLC/incremental/quiescent_background_cache.csv,,,,,,False,not_in_flare_streak
4FGL J2056.2-4714,202,203,56174.00001157408,5.92e-08,2.72e-08,1.66e-07,2.0802935736677116e-07,1.2867992945326278e-07,1.790266510567173e-09,1.2867992945326278e-07,1.790266510567173e-09,2.8764700000000003e-07,2.8764700000000003e-07,1.2867992945326278e-07,False,False,False,0,False,,,-2.5488941169637784,3.0,False,False,,,weekly,10.0,sigma,computed,/home/lkoo/projects/AutomationDetection/DownloadedLC/incremental/quiescent_background_cache.csv,,,,,,False,not_in_flare_streak
4FGL J2056.2-4714,203,204,56181.00001157408,6.75e-08,2.61e-08,5.92e-08,2.0802935736677116e-07,1.2867992945326278e-07,1.790266510567173e-09,1.2867992945326278e-07,1.790266510567173e-09,2.8764700000000003e-07,2.8764700000000003e-07,1.2867992945326278e-07,True,False,False,0,False,,,-2.338563651243954,3.0,False,False,,,weekly,10.0,sigma,computed,/home/lkoo/projects/AutomationDetection/DownloadedLC/incremental/quiescent_background_cache.csv,,,,,,False,not_in_flare_streak
4FGL J2056.2-4714,204,205,56188.00001157408,7.29e-08,3.24e-08,6.75e-08,2.0802935736677116e-07,1.2867992945326278e-07,1.790266510567173e-09,1.2867992945326278e-07,1.790266510567173e-09,2.8764700000000003e-07,2.8764700000000003e-07,1.2867992945326278e-07,True,False,False,0,False,,,-1.7189806247991057,3.0,False,False,,,weekly,10.0,sigma,computed,/home/lkoo/projects/AutomationDetection/DownloadedLC/incremental/quiescent_background_cache.csv,,,,,,False,not_in_flare_streak
4FGL J2056.2-4714,205,206,56195.00001157408,6.42e-08,5.49e-08,7.29e-08,2.0802935736677116e-07,1.2867992945326278e-07,1.790266510567173e-09,1.2867992945326278e-07,1.790266510567173e-09,2.8764700000000003e-07,2.8764700000000003e-07,1.2867992945326278e-07,False,False,False,0,False,,,-1.1738738299498257,3.0,False,False,,,weekly,10.0,sigma,computed,/home/lkoo/projects/AutomationDetection/DownloadedLC/incremental/quiescent_background_cache.csv,,,,,,False,not_in_flare_streak
4FGL J2056.2-4714,206,207,56202.00001157408,9.9e-08,3.24e-08,6.42e-08,2.0802935736677116e-07,1.2867992945326278e-07,1.790266510567173e-09,1.2867992945326278e-07,1.790266510567173e-09,2.8764700000000003e-07,2.8764700000000003e-07,1.2867992945326278e-07,True,False,False,0,False,,,-0.9146519935689651,3.0,False,False,,,weekly,10.0,sigma,computed,/home/lkoo/projects/AutomationDetection/DownloadedLC/incremental/quiescent_background_cache.csv,,,,,,False,not_in_flare_streak
4FGL J2056.2-4714,207,208,56209.00001157408,1.54e-07,4.46e-08,9.9e-08,2.0802935736677116e-07,1.2867992945326278e-07,1.790266510567173e-09,1.2867992945326278e-07,1.790266510567173e-09,2.8764700000000003e-07,2.8764700000000003e-07,1.2867992945326278e-07,True,True,False,0,False,,,0.567257770276692,3.0,False,False,,,weekly,10.0,sigma,computed,/home/lkoo/projects/AutomationDetection/DownloadedLC/incremental/quiescent_background_cache.csv,,,,,,False,not_in_flare_streak
4FGL J2056.2-4714,208,209,56216.00001157408,1.19e-07,4.14e-08,1.54e-07,2.0802935736677116e-07,1.2867992945326278e-07,1.790266510567173e-09,1.2867992945326278e-07,1.790266510567173e-09,2.8764700000000003e-07,2.8764700000000003e-07,1.2867992945326278e-07,False,False,False,0,False,,,-0.23359641393243166,3.0,False,False,,,weekly,10.0,sigma,computed,/home/lkoo/projects/AutomationDetection/DownloadedLC/incremental/quiescent_background_cache.csv,,,,,,False,not_in_flare_streak
4FGL J2056.2-4714,209,210,56223.00001157408,1.82e-07,5.13e-08,1.19e-07,2.0802935736677116e-07,1.2867992945326278e-07,1.790266510567173e-09,1.2867992945326278e-07,1.790266510567173e-09,2.8764700000000003e-07,2.8764700000000003e-07,1.2867992945326278e-07,True,True,False,0,False,,,1.0387452580455012,3.0,False,False,,,weekly,10.0,sigma,computed,/home/lkoo/projects/AutomationDetection/DownloadedLC/incremental/quiescent_background_cache.csv,,,,,,False,not_in_flare_streak
4FGL J2056.2-4714,210,211,56230.00001157408,1.51e-07,3.74e-08,1.82e-07,2.0802935736677116e-07,1.2867992945326278e-07,1.790266510567173e-09,1.2867992945326278e-07,1.790266510567173e-09,2.8764700000000003e-07,2.8764700000000003e-07,1.2867992945326278e-07,False,True,False,0,False,,,0.5961107705303876,3.0,False,False,,,weekly,10.0,sigma,computed,/home/lkoo/projects/AutomationDetection/DownloadedLC/incremental/quiescent_background_cache.csv,,,,,,False,not_in_flare_streak
4FGL J2056.2-4714,211,212,56237.00001157408,7.77e-08,2.26e-08,1.51e-07,2.0802935736677116e-07,1.2867992945326278e-07,1.790266510567173e-09,1.2867992945326278e-07,1.790266510567173e-09,2.8764700000000003e-07,2.8764700000000003e-07,1.2867992945326278e-07,False,False,False,0,False,,,-2.2487047359736887,3.0,False,False,,,weekly,10.0,sigma,computed,/home/lkoo/projects/AutomationDetection/DownloadedLC/incremental/quiescent_background_cache.csv,,,,,,False,not_in_flare_streak
4FGL J2056.2-4714,212,213,56244.00001157408,1.28e-07,3.17e-08,7.77e-08,2.0802935736677116e-07,1.2867992945326278e-07,1.790266510567173e-09,1.2867992945326278e-07,1.790266510567173e-09,2.8764700000000003e-07,2.8764700000000003e-07,1.2867992945326278e-07,True,False,False,0,False,,,-0.02141475511094114,3.0,False,False,,,weekly,10.0,sigma,computed,/home/lkoo/projects/AutomationDetection/DownloadedLC/incremental/quiescent_background_cache.csv,,,,,,False,not_in_flare_streak
4FGL J2056.2-4714,213,214,56251.00001157408,1.81e-07,4.09e-08,1.28e-07,2.0802935736677116e-07,1.2867992945326278e-07,1.790266510567173e-09,1.2867992945326278e-07,1.790266510567173e-09,2.8764700000000003e-07,2.8764700000000003e-07,1.2867992945326278e-07,True,True,False,0,False,,,1.2779956138587816,3.0,False,False,,,weekly,10.0,sigma,computed,/home/lkoo/projects/AutomationDetection/DownloadedLC/incremental/quiescent_background_cache.csv,,,,,,False,not_in_flare_streak
4FGL J2056.2-4714,214,215,56258.00001157408,9.56e-08,3.89e-08,1.81e-07,2.0802935736677116e-07,1.2867992945326278e-07,1.790266510567173e-09,1.2867992945326278e-07,1.790266510567173e-09,2.8764700000000003e-07,2.8764700000000003e-07,1.2867992945326278e-07,False,False,False,0,False,,,-0.8494846410328202,3.0,False,False,,,weekly,10.0,sigma,computed,/home/lkoo/projects/AutomationDetection/DownloadedLC/incremental/quiescent_background_cache.csv,,,,,,False,not_in_flare_streak
4FGL J2056.2-4714,215,216,56265.00001157408,4.77e-08,3.41e-08,9.56e-08,2.0802935736677116e-07,1.2867992945326278e-07,1.790266510567173e-09,1.2867992945326278e-07,1.790266510567173e-09,2.8764700000000003e-07,2.8764700000000003e-07,1.2867992945326278e-07,False,False,False,0,False,,,-2.3715119386645926,3.0,False,False,,,weekly,10.0,sigma,computed,/home/lkoo/projects/AutomationDetection/DownloadedLC/incremental/quiescent_background_cache.csv,,,,,,False,not_in_flare_streak
4FGL J2056.2-4714,216,217,56272.00001157408,1.26e-07,4.37e-08,4.77e-08,2.0802935736677116e-07,1.2867992945326278e-07,1.790266510567173e-09,1.2867992945326278e-07,1.790266510567173e-09,2.8764700000000003e-07,2.8764700000000003e-07,1.2867992945326278e-07,True,False,False,0,False,,,-0.06127421972985174,3.0,False,False,,,weekly,10.0,sigma,computed,/home/lkoo/projects/AutomationDetection/DownloadedLC/incremental/quiescent_background_cache.csv,,,,,,False,not_in_flare_streak
4FGL J2056.2-4714,217,218,56279.00001157408,2.86e-08,1.63e-08,1.26e-07,2.0802935736677116e-07,1.2867992945326278e-07,1.790266510567173e-09,1.2867992945326278e-07,1.790266510567173e-09,2.8764700000000003e-07,2.8764700000000003e-07,1.2867992945326278e-07,False,False,False,0,False,,,-6.10317163424204,3.0,False,False,,,weekly,10.0,sigma,computed,/home/lkoo/projects/AutomationDetection/DownloadedLC/incremental/quiescent_background_cache.csv,,,,,,False,not_in_flare_streak
4FGL J2056.2-4714,218,219,56286.00001157408,8.61e-08,3.41e-08,2.86e-08,2.0802935736677116e-07,1.2867992945326278e-07,1.790266510567173e-09,1.2867992945326278e-07,1.790266510567173e-09,2.8764700000000003e-07,2.8764700000000003e-07,1.2867992945326278e-07,True,False,False,0,False,,,-1.2469609658549814,3.0,False,False,,,weekly,10.0,sigma,computed,/home/lkoo/projects/AutomationDetection/DownloadedLC/incremental/quiescent_background_cache.csv,,,,,,False,not_in_flare_streak
4FGL J2056.2-4714,219,220,56293.00001157408,4.78e-08,2.62e-08,8.61e-08,2.0802935736677116e-07,1.2867992945326278e-07,1.790266510567173e-09,1.2867992945326278e-07,1.790266510567173e-09,2.8764700000000003e-07,2.8764700000000003e-07,1.2867992945326278e-07,False,False,False,0,False,,,-3.0798385505887746,3.0,False,False,,,weekly,10.0,sigma,computed,/home/lkoo/projects/AutomationDetection/DownloadedLC/incremental/quiescent_background_cache.csv,,,,,,False,not_in_flare_streak
4FGL J2056.2-4714,220,221,56300.00001157408,1.24e-07,3.53e-08,4.78e-08,2.0802935736677116e-07,1.2867992945326278e-07,1.790266510567173e-09,1.2867992945326278e-07,1.790266510567173e-09,2.8764700000000003e-07,2.8764700000000003e-07,1.2867992945326278e-07,True,False,False,0,False,,,-0.132405734888265,3.0,False,False,,,weekly,10.0,sigma,computed,/home/lkoo/projects/AutomationDetection/DownloadedLC/incremental/quiescent_background_cache.csv,,,,,,False,not_in_flare_streak
4FGL J2056.2-4714,221,222,56307.00001157408,1.43e-07,3.87e-08,1.24e-07,2.0802935736677116e-07,1.2867992945326278e-07,1.790266510567173e-09,1.2867992945326278e-07,1.790266510567173e-09,2.8764700000000003e-07,2.8764700000000003e-07,1.2867992945326278e-07,True,True,False,0,False,,,0.36963236774130004,3.0,False,False,,,weekly,10.0,sigma,computed,/home/lkoo/projects/AutomationDetection/DownloadedLC/incremental/quiescent_background_cache.csv,,,,,,False,not_in_flare_streak
4FGL J2056.2-4714,222,223,56314.00001157408,2.06e-07,5.5e-08,1.43e-07,2.0802935736677116e-07,1.2867992945326278e-07,1.790266510567173e-09,1.2867992945326278e-07,1.790266510567173e-09,2.8764700000000003e-07,2.8764700000000003e-07,1.2867992945326278e-07,True,True,False,0,False,,,1.4050753074167928,3.0,False,False,,,weekly,10.0,sigma,computed,/home/lkoo/projects/AutomationDetection/DownloadedLC/incremental/quiescent_background_cache.csv,,,,,,False,not_in_flare_streak
4FGL J2056.2-4714,223,224,56321.00001157408,2.5e-07,5.69e-08,2.06e-07,2.0802935736677116e-07,1.2867992945326278e-07,1.790266510567173e-09,1.2867992945326278e-07,1.790266510567173e-09,2.8764700000000003e-07,2.8764700000000003e-07,1.2867992945326278e-07,True,True,False,0,False,,,2.1311083484535724,3.0,False,False,,,weekly,10.0,sigma,computed,/home/lkoo/projects/AutomationDetection/DownloadedLC/incremental/quiescent_background_cache.csv,,,,,,False,not_in_flare_streak
4FGL J2056.2-4714,224,225,56328.00001157408,3.29e-07,5.92e-08,2.5e-07,2.0802935736677116e-07,1.2867992945326278e-07,1.790266510567173e-09,1.2867992945326278e-07,1.790266510567173e-09,2.8764700000000003e-07,2.8764700000000003e-07,1.2867992945326278e-07,True,True,False,0,False,,,3.3822387708146855,3.0,True,True,56328.00001157408,56328.00001157408,weekly,10.0,sigma,computed,/home/lkoo/projects/AutomationDetection/DownloadedLC/incremental/quiescent_background_cache.csv,,,,,,False,not_in_flare_streak
4FGL J2056.2-4714,225,226,56335.00001157408,2.23e-07,4.41e-08,3.29e-07,2.0802935736677116e-07,1.2867992945326278e-07,1.790266510567173e-09,1.2867992945326278e-07,1.790266510567173e-09,2.8764700000000003e-07,2.8764700000000003e-07,1.2867992945326278e-07,False,True,False,0,False,,,2.1370169288415815,3.0,False,True,56328.00001157408,56335.00001157408,weekly,10.0,sigma,computed,/home/lkoo/projects/AutomationDetection/DownloadedLC/incremental/quiescent_background_cache.csv,,,,,,False,not_in_flare_streak
4FGL J2056.2-4714,226,227,56342.00001157408,2.49e-07,4.01e-08,2.23e-07,2.0802935736677116e-07,1.2867992945326278e-07,1.790266510567173e-09,1.2867992945326278e-07,1.790266510567173e-09,2.8764700000000003e-07,2.8764700000000003e-07,1.2867992945326278e-07,True,True,False,0,False,,,2.9975147055272284,3.0,False,True,56328.00001157408,56342.00001157408,weekly,10.0,sigma,computed,/home/lkoo/projects/AutomationDetection/DownloadedLC/incremental/quiescent_background_cache.csv,,,,,,False,not_in_flare_streak
4FGL J2056.2-4714,227,228,56349.00001157408,1.17e-07,3.62e-08,2.49e-07,2.0802935736677116e-07,1.2867992945326278e-07,1.790266510567173e-09,1.2867992945326278e-07,1.790266510567173e-09,2.8764700000000003e-07,2.8764700000000003e-07,1.2867992945326278e-07,False,False,False,0,False,,,-0.32225614098508715,3.0,False,False,,,weekly,10.0,sigma,computed,/home/lkoo/projects/AutomationDetection/DownloadedLC/incremental/quiescent_background_cache.csv,,,,,,False,not_in_flare_streak
4FGL J2056.2-4714,228,229,56356.00001157408,9.15e-08,3.96e-08,1.17e-07,2.0802935736677116e-07,1.2867992945326278e-07,1.790266510567173e-09,1.2867992945326278e-07,1.790266510567173e-09,2.8764700000000003e-07,2.8764700000000003e-07,1.2867992945326278e-07,False,False,False,0,False,,,-0.9379291123058278,3.0,False,False,,,weekly,10.0,sigma,computed,/home/lkoo/projects/AutomationDetection/DownloadedLC/incremental/quiescent_background_cache.csv,,,,,,False,not_in_flare_streak
4FGL J2056.2-4714,229,230,56363.00001157408,1.66e-07,4.6e-08,9.15e-08,2.0802935736677116e-07,1.2867992945326278e-07,1.790266510567173e-09,1.2867992945326278e-07,1.790266510567173e-09,2.8764700000000003e-07,2.8764700000000003e-07,1.2867992945326278e-07,True,True,False,0,False,,,0.8106921458425832,3.0,False,False,,,weekly,10.0,sigma,computed,/home/lkoo/projects/AutomationDetection/DownloadedLC/incremental/quiescent_background_cache.csv,,,,,,False,not_in_flare_streak
4FGL J2056.2-4714,230,231,56370.00001157408,2.27e-07,4.71e-08,1.66e-07,2.0802935736677116e-07,1.2867992945326278e-07,1.790266510567173e-09,1.2867992945326278e-07,1.790266510567173e-09,2.8764700000000003e-07,2.8764700000000003e-07,1.2867992945326278e-07,True,True,False,0,False,,,2.0859686478161104,3.0,False,False,,,weekly,10.0,sigma,computed,/home/lkoo/projects/AutomationDetection/DownloadedLC/incremental/quiescent_background_cache.csv,,,,,,False,not_in_flare_streak
4FGL J2056.2-4714,231,232,56377.00001157408,2.67e-07,5.23e-08,2.27e-07,2.0802935736677116e-07,1.2867992945326278e-07,1.790266510567173e-09,1.2867992945326278e-07,1.790266510567173e-09,2.8764700000000003e-07,2.8764700000000003e-07,1.2867992945326278e-07,True,True,False,0,False,,,2.6431951046959505,3.0,False,False,,,weekly,10.0,sigma,computed,/home/lkoo/projects/AutomationDetection/DownloadedLC/incremental/quiescent_background_cache.csv,,,,,,False,not_in_flare_streak
4FGL J2056.2-4714,232,233,56384.00001157408,1.05e-07,3.87e-08,2.67e-07,2.0802935736677116e-07,1.2867992945326278e-07,1.790266510567173e-09,1.2867992945326278e-07,1.790266510567173e-09,2.8764700000000003e-07,2.8764700000000003e-07,1.2867992945326278e-07,False,False,False,0,False,,,-0.6112308150430714,3.0,False,False,,,weekly,10.0,sigma,computed,/home/lkoo/projects/AutomationDetection/DownloadedLC/incremental/quiescent_background_cache.csv,,,,,,False,not_in_flare_streak
4FGL J2056.2-4714,233,234,56391.00001157408,1.76e-07,4.16e-08,1.05e-07,2.0802935736677116e-07,1.2867992945326278e-07,1.790266510567173e-09,1.2867992945326278e-07,1.790266510567173e-09,2.8764700000000003e-07,2.8764700000000003e-07,1.2867992945326278e-07,True,True,False,0,False,,,1.136449811380444,3.0,False,False,,,weekly,10.0,sigma,computed,/home/lkoo/projects/AutomationDetection/DownloadedLC/incremental/quiescent_background_cache.csv,,,,,,False,not_in_flare_streak
4FGL J2056.2-4714,234,235,56398.00001157408,9.45e-08,2.61e-08,1.76e-07,2.0802935736677116e-07,1.2867992945326278e-07,1.790266510567173e-09,1.2867992945326278e-07,1.790266510567173e-09,2.8764700000000003e-07,2.8764700000000003e-07,1.2867992945326278e-07,False,False,False,0,False,,,-1.3065059298988801,3.0,False,False,,,weekly,10.0,sigma,computed,/home/lkoo/projects/AutomationDetection/DownloadedLC/incremental/quiescent_background_cache.csv,,,,,,False,not_in_flare_streak
4FGL J2056.2-4714,235,236,56405.00001157408,7.37e-08,3.31e-08,9.45e-08,2.0802935736677116e-07,1.2867992945326278e-07,1.790266510567173e-09,1.2867992945326278e-07,1.790266510567173e-09,2.8764700000000003e-07,2.8764700000000003e-07,1.2867992945326278e-07,False,False,False,0,False,,,-1.65860082800903,3.0,False,False,,,weekly,10.0,sigma,computed,/home/lkoo/projects/AutomationDetection/DownloadedLC/incremental/quiescent_background_cache.csv,,,,,,False,not_in_flare_streak
4FGL J2056.2-4714,236,237,56412.00001157408,1.07e-07,3.67e-08,7.37e-08,2.0802935736677116e-07,1.2867992945326278e-07,1.790266510567173e-09,1.2867992945326278e-07,1.790266510567173e-09,2.8764700000000003e-07,2.8764700000000003e-07,1.2867992945326278e-07,True,False,False,0,False,,,-0.5900321705794952,3.0,False,False,,,weekly,10.0,sigma,computed,/home/lkoo/projects/AutomationDetection/DownloadedLC/incremental/quiescent_background_cache.csv,,,,,,False,not_in_flare_streak
4FGL J2056.2-4714,237,238,56419.00001157408,7.62e-08,3.32e-08,1.07e-07,2.0802935736677116e-07,1.2867992945326278e-07,1.790266510567173e-09,1.2867992945326278e-07,1.790266510567173e-09,2.8764700000000003e-07,2.8764700000000003e-07,1.2867992945326278e-07,False,False,False,0,False,,,-1.578427584731456,3.0,False,False,,,weekly,10.0,sigma,computed,/home/lkoo/projects/AutomationDetection/DownloadedLC/incremental/quiescent_background_cache.csv,,,,,,False,not_in_flare_streak
4FGL J2056.2-4714,238,239,56426.00001157408,1.9e-07,1.2e-07,7.62e-08,2.0802935736677116e-07,1.2867992945326278e-07,1.790266510567173e-09,1.2867992945326278e-07,1.790266510567173e-09,2.8764700000000003e-07,2.8764700000000003e-07,1.2867992945326278e-07,True,True,False,0,False,,,0.5109437298608279,3.0,False,False,,,weekly,10.0,sigma,computed,/home/lkoo/projects/AutomationDetection/DownloadedLC/incremental/quiescent_background_cache.csv,,,,,,False,not_in_flare_streak
4FGL J2056.2-4714,239,240,56433.00001157408,7.93e-08,4.02e-08,1.9e-07,2.0802935736677116e-07,1.2867992945326278e-07,1.790266510567173e-09,1.2867992945326278e-07,1.790266510567173e-09,2.8764700000000003e-07,2.8764700000000003e-07,1.2867992945326278e-07,False,False,False,0,False,,,-1.227140177668332,3.0,False,False,,,weekly,10.0,sigma,computed,/home/lkoo/projects/AutomationDetection/DownloadedLC/incremental/quiescent_background_cache.csv,,,,,,False,not_in_flare_streak
4FGL J2056.2-4714,240,241,56440.00001157408,1.61e-07,4.11e-08,7.93e-08,2.0802935736677116e-07,1.2867992945326278e-07,1.790266510567173e-09,1.2867992945326278e-07,1.790266510567173e-09,2.8764700000000003e-07,2.8764700000000003e-07,1.2867992945326278e-07,True,True,False,0,False,,,0.78563144926919,3.0,False,False,,,weekly,10.0,sigma,computed,/home/lkoo/projects/AutomationDetection/DownloadedLC/incremental/quiescent_background_cache.csv,,,,,,False,not_in_flare_streak
4FGL J2056.2-4714,241,242,56447.00001157408,1.99e-07,3.93e-08,1.61e-07,2.0802935736677116e-07,1.2867992945326278e-07,1.790266510567173e-09,1.2867992945326278e-07,1.790266510567173e-09,2.8764700000000003e-07,2.8764700000000003e-07,1.2867992945326278e-07,True,True,False,0,False,,,1.7874611050578257,3.0,False,False,,,weekly,10.0,sigma,computed,/home/lkoo/projects/AutomationDetection/DownloadedLC/incremental/quiescent_background_cache.csv,,,,,,False,not_in_flare_streak
4FGL J2056.2-4714,242,243,56454.00001157408,1.4e-07,3.29e-08,1.99e-07,2.0802935736677116e-07,1.2867992945326278e-07,1.790266510567173e-09,1.2867992945326278e-07,1.790266510567173e-09,2.8764700000000003e-07,2.8764700000000003e-07,1.2867992945326278e-07,False,True,False,0,False,,,0.3435668118646392,3.0,False,False,,,weekly,10.0,sigma,computed,/home/lkoo/projects/AutomationDetection/DownloadedLC/incremental/quiescent_background_cache.csv,,,,,,False,not_in_flare_streak
4FGL J2056.2-4714,243,244,56461.00001157408,9.85e-08,3.27e-08,1.4e-07,2.0802935736677116e-07,1.2867992945326278e-07,1.790266510567173e-09,1.2867992945326278e-07,1.790266510567173e-09,2.8764700000000003e-07,2.8764700000000003e-07,1.2867992945326278e-07,False,False,False,0,False,,,-0.9215535388851556,3.0,False,False,,,weekly,10.0,sigma,computed,/home/lkoo/projects/AutomationDetection/DownloadedLC/incremental/quiescent_background_cache.csv,,,,,,False,not_in_flare_streak
4FGL J2056.2-4714,244,245,56468.00001157408,1.1e-07,3.52e-08,9.85e-08,2.0802935736677116e-07,1.2867992945326278e-07,1.790266510567173e-09,1.2867992945326278e-07,1.790266510567173e-09,2.8764700000000003e-07,2.8764700000000003e-07,1.2867992945326278e-07,True,False,False,0,False,,,-0.5299947816833029,3.0,False,False,,,weekly,10.0,sigma,computed,/home/lkoo/projects/AutomationDetection/DownloadedLC/incremental/quiescent_background_cache.csv,,,,,,False,not_in_flare_streak
4FGL J2056.2-4714,245,246,56475.00001157408,8.14e-08,5.21e-08,1.1e-07,2.0802935736677116e-07,1.2867992945326278e-07,1.790266510567173e-09,1.2867992945326278e-07,1.790266510567173e-09,2.8764700000000003e-07,2.8764700000000003e-07,1.2867992945326278e-07,False,False,False,0,False,,,-0.9069489660756926,3.0,False,False,,,weekly,10.0,sigma,computed,/home/lkoo/projects/AutomationDetection/DownloadedLC/incremental/quiescent_background_cache.csv,,,,,,False,not_in_flare_streak
4FGL J2056.2-4714,246,247,56482.00001157408,3.43e-08,1.99e-08,8.14e-08,2.0802935736677116e-07,1.2867992945326278e-07,1.790266510567173e-09,1.2867992945326278e-07,1.790266510567173e-09,2.8764700000000003e-07,2.8764700000000003e-07,1.2867992945326278e-07,False,False,False,0,False,,,-4.723633494126683,3.0,False,False,,,weekly,10.0,sigma,computed,/home/lkoo/projects/AutomationDetection/DownloadedLC/incremental/quiescent_background_cache.csv,,,,,,False,not_in_flare_streak
4FGL J2056.2-4714,247,248,56489.00001157408,7.39e-08,4.25e-08,3.43e-08,2.0802935736677116e-07,1.2867992945326278e-07,1.790266510567173e-09,1.2867992945326278e-07,1.790266510567173e-09,2.8764700000000003e-07,2.8764700000000003e-07,1.2867992945326278e-07,True,False,False,0,False,,,-1.2877974732728679,3.0,False,False,,,weekly,10.0,sigma,computed,/home/lkoo/projects/AutomationDetection/DownloadedLC/incremental/quiescent_background_cache.csv,,,,,,False,not_in_flare_streak
4FGL J2056.2-4714,248,249,56503.00001157408,9e-08,2.9e-08,7.39e-08,2.0802935736677116e-07,1.2867992945326278e-07,1.790266510567173e-09,1.2867992945326278e-07,1.790266510567173e-09,2.8764700000000003e-07,2.8764700000000003e-07,1.2867992945326278e-07,True,False,False,0,False,,,-1.3312563715301649,3.0,False,False,,,weekly,10.0,sigma,computed,/home/lkoo/projects/AutomationDetection/DownloadedLC/incremental/quiescent_background_cache.csv,,,,,,False,not_in_flare_streak
4FGL J2056.2-4714,249,250,56510.00001157408,6.73e-08,2.85e-08,9e-08,2.0802935736677116e-07,1.2867992945326278e-07,1.790266510567173e-09,1.2867992945326278e-07,1.790266510567173e-09,2.8764700000000003e-07,2.8764700000000003e-07,1.2867992945326278e-07,False,False,False,0,False,,,-2.1494451666077254,3.0,False,False,,,weekly,10.0,sigma,computed,/home/lkoo/projects/AutomationDetection/DownloadedLC/incremental/quiescent_background_cache.csv,,,,,,False,not_in_flare_streak
4FGL J2056.2-4714,250,251,56517.00001157408,3.68e-08,2.51e-08,6.73e-08,2.0802935736677116e-07,1.2867992945326278e-07,1.790266510567173e-09,1.2867992945326278e-07,1.790266510567173e-09,2.8764700000000003e-07,2.8764700000000003e-07,1.2867992945326278e-07,False,False,False,0,False,,,-3.6512791518576075,3.0,False,False,,,weekly,10.0,sigma,computed,/home/lkoo/projects/AutomationDetection/DownloadedLC/incremental/quiescent_background_cache.csv,,,,,,False,not_in_flare_streak
4FGL J2056.2-4714,251,252,56531.00001157408,6.75e-08,2.79e-08,3.68e-08,2.0802935736677116e-07,1.2867992945326278e-07,1.790266510567173e-09,1.2867992945326278e-07,1.790266510567173e-09,2.8764700000000003e-07,2.8764700000000003e-07,1.2867992945326278e-07,True,False,False,0,False,,,-2.1883284881554137,3.0,False,False,,,weekly,10.0,sigma,computed,/home/lkoo/projects/AutomationDetection/DownloadedLC/incremental/quiescent_background_cache.csv,,,,,,False,not_in_flare_streak
4FGL J2056.2-4714,252,253,56538.00001157408,5.32e-08,2.9e-08,6.75e-08,2.0802935736677116e-07,1.2867992945326278e-07,1.790266510567173e-09,1.2867992945326278e-07,1.790266510567173e-09,2.8764700000000003e-07,2.8764700000000003e-07,1.2867992945326278e-07,False,False,False,0,False,,,-2.5978107620055995,3.0,False,False,,,weekly,10.0,sigma,computed,/home/lkoo/projects/AutomationDetection/DownloadedLC/incremental/quiescent_background_cache.csv,,,,,,False,not_in_flare_streak
4FGL J2056.2-4714,253,254,56545.00001157408,4.83e-08,2.87e-08,5.32e-08,2.0802935736677116e-07,1.2867992945326278e-07,1.790266510567173e-09,1.2867992945326278e-07,1.790266510567173e-09,2.8764700000000003e-07,2.8764700000000003e-07,1.2867992945326278e-07,False,False,False,0,False,,,-2.795261375390491,3.0,False,False,,,weekly,10.0,sigma,computed,/home/lkoo/projects/AutomationDetection/DownloadedLC/incremental/quiescent_background_cache.csv,,,,,,False,not_in_flare_streak
4FGL J2056.2-4714,254,255,56552.00001157408,5.32e-08,2.11e-08,4.83e-08,2.0802935736677116e-07,1.2867992945326278e-07,1.790266510567173e-09,1.2867992945326278e-07,1.790266510567173e-09,2.8764700000000003e-07,2.8764700000000003e-07,1.2867992945326278e-07,True,False,False,0,False,,,-3.5644406958208097,3.0,False,False,,,weekly,10.0,sigma,computed,/home/lkoo/projects/AutomationDetection/DownloadedLC/incremental/quiescent_background_cache.csv,,,,,,False,not_in_flare_streak
4FGL J2056.2-4714,255,256,56566.00001157408,6.79e-08,2.81e-08,5.32e-08,2.0802935736677116e-07,1.2867992945326278e-07,1.790266510567173e-09,1.2867992945326278e-07,1.790266510567173e-09,2.8764700000000003e-07,2.8764700000000003e-07,1.2867992945326278e-07,True,False,False,0,False,,,-2.1586103130827006,3.0,False,False,,,weekly,10.0,sigma,computed,/home/lkoo/projects/AutomationDetection/DownloadedLC/incremental/quiescent_background_cache.csv,,,,,,False,not_in_flare_streak
4FGL J2056.2-4714,256,257,56573.00001157408,6.15e-08,3.6e-08,6.79e-08,2.0802935736677116e-07,1.2867992945326278e-07,1.790266510567173e-09,1.2867992945326278e-07,1.790266510567173e-09,2.8764700000000003e-07,2.8764700000000003e-07,1.2867992945326278e-07,False,False,False,0,False,,,-1.8638059453211433,3.0,False,False,,,weekly,10.0,sigma,computed,/home/lkoo/projects/AutomationDetection/DownloadedLC/incremental/quiescent_background_cache.csv,,,,,,False,not_in_flare_streak
4FGL J2056.2-4714,257,258,56580.00001157408,6.35e-08,4.08e-08,6.15e-08,2.0802935736677116e-07,1.2867992945326278e-07,1.790266510567173e-09,1.2867992945326278e-07,1.790266510567173e-09,2.8764700000000003e-07,2.8764700000000003e-07,1.2867992945326278e-07,True,False,False,0,False,,,-1.5960115699744999,3.0,False,False,,,weekly,10.0,sigma,computed,/home/lkoo/projects/AutomationDetection/DownloadedLC/incremental/quiescent_background_cache.csv,,,,,,False,not_in_flare_streak
4FGL J2056.2-4714,258,259,56594.00001157408,7.47e-08,5.48e-08,6.35e-08,2.0802935736677116e-07,1.2867992945326278e-07,1.790266510567173e-09,1.2867992945326278e-07,1.790266510567173e-09,2.8764700000000003e-07,2.8764700000000003e-07,1.2867992945326278e-07,True,False,False,0,False,,,-0.9845099801735047,3.0,False,False,,,weekly,10.0,sigma,computed,/home/lkoo/projects/AutomationDetection/DownloadedLC/incremental/quiescent_background_cache.csv,,,,,,False,not_in_flare_streak
4FGL J2056.2-4714,259,260,56601.00001157408,1.01e-07,4.54e-08,7.47e-08,2.0802935736677116e-07,1.2867992945326278e-07,1.790266510567173e-09,1.2867992945326278e-07,1.790266510567173e-09,2.8764700000000003e-07,2.8764700000000003e-07,1.2867992945326278e-07,True,False,False,0,False,,,-0.6092166014775614,3.0,False,False,,,weekly,10.0,sigma,computed,/home/lkoo/projects/AutomationDetection/DownloadedLC/incremental/quiescent_background_cache.csv,,,,,,False,not_in_flare_streak
4FGL J2056.2-4714,260,261,56615.00001157408,8.38e-08,3.01e-08,1.01e-07,2.0802935736677116e-07,1.2867992945326278e-07,1.790266510567173e-09,1.2867992945326278e-07,1.790266510567173e-09,2.8764700000000003e-07,2.8764700000000003e-07,1.2867992945326278e-07,False,False,False,0,False,,,-1.4883972421466514,3.0,False,False,,,weekly,10.0,sigma,computed,/home/lkoo/projects/AutomationDetection/DownloadedLC/incremental/quiescent_background_cache.csv,,,,,,False,not_in_flare_streak
4FGL J2056.2-4714,261,262,56622.00001157408,5.46e-08,2.69e-08,8.38e-08,2.0802935736677116e-07,1.2867992945326278e-07,1.790266510567173e-09,1.2867992945326278e-07,1.790266510567173e-09,2.8764700000000003e-07,2.8764700000000003e-07,1.2867992945326278e-07,False,False,False,0,False,,,-2.7478220426420457,3.0,False,False,,,weekly,10.0,sigma,computed,/home/lkoo/projects/AutomationDetection/DownloadedLC/incremental/quiescent_background_cache.csv,,,,,,False,not_in_flare_streak
4FGL J2056.2-4714,262,263,56636.00001157408,7.16e-08,3.1e-08,5.46e-08,2.0802935736677116e-07,1.2867992945326278e-07,1.790266510567173e-09,1.2867992945326278e-07,1.790266510567173e-09,2.8764700000000003e-07,2.8764700000000003e-07,1.2867992945326278e-07,True,False,False,0,False,,,-1.8382252438823632,3.0,False,False,,,weekly,10.0,sigma,computed,/home/lkoo/projects/AutomationDetection/DownloadedLC/incremental/quiescent_background_cache.csv,,,,,,False,not_in_flare_streak
4FGL J2056.2-4714,263,264,56643.00001157408,2.09e-08,2.03e-08,7.16e-08,2.0802935736677116e-07,1.2867992945326278e-07,1.790266510567173e-09,1.2867992945326278e-07,1.790266510567173e-09,2.8764700000000003e-07,2.8764700000000003e-07,1.2867992945326278e-07,False,False,False,0,False,,,-5.28882887775893,3.0,False,False,,,weekly,10.0,sigma,computed,/home/lkoo/projects/AutomationDetection/DownloadedLC/incremental/quiescent_background_cache.csv,,,,,,False,not_in_flare_streak
4FGL J2056.2-4714,264,265,56650.00001157408,6.04e-08,2.99e-08,2.09e-08,2.0802935736677116e-07,1.2867992945326278e-07,1.790266510567173e-09,1.2867992945326278e-07,1.790266510567173e-09,2.8764700000000003e-07,2.8764700000000003e-07,1.2867992945326278e-07,True,False,False,0,False,,,-2.279527247643089,3.0,False,False,,,weekly,10.0,sigma,computed,/home/lkoo/projects/AutomationDetection/DownloadedLC/incremental/quiescent_background_cache.csv,,,,,,False,not_in_flare_streak
4FGL J2056.2-4714,265,266,56671.00001157408,7.01e-08,5.02e-08,6.04e-08,2.0802935736677116e-07,1.2867992945326278e-07,1.790266510567173e-09,1.2867992945326278e-07,1.790266510567173e-09,2.8764700000000003e-07,2.8764700000000003e-07,1.2867992945326278e-07,True,False,False,0,False,,,-1.166189505767863,3.0,False,False,,,weekly,10.0,sigma,computed,/home/lkoo/projects/AutomationDetection/DownloadedLC/incremental/quiescent_background_cache.csv,,,,,,False,not_in_flare_streak
4FGL J2056.2-4714,266,267,56692.00001157408,3.61e-08,2.76e-08,7.01e-08,2.0802935736677116e-07,1.2867992945326278e-07,1.790266510567173e-09,1.2867992945326278e-07,1.790266510567173e-09,2.8764700000000003e-07,2.8764700000000003e-07,1.2867992945326278e-07,False,False,False,0,False,,,-3.3473108683314945,3.0,False,False,,,weekly,10.0,sigma,computed,/home/lkoo/projects/AutomationDetection/DownloadedLC/incremental/quiescent_background_cache.csv,,,,,,False,not_in_flare_streak
4FGL J2056.2-4714,267,268,56706.00001157408,7.41e-08,5.21e-08,3.61e-08,2.0802935736677116e-07,1.2867992945326278e-07,1.790266510567173e-09,1.2867992945326278e-07,1.790266510567173e-09,2.8764700000000003e-07,2.8764700000000003e-07,1.2867992945326278e-07,True,False,False,0,False,,,-1.0469814815407863,3.0,False,False,,,weekly,10.0,sigma,computed,/home/lkoo/projects/AutomationDetection/DownloadedLC/incremental/quiescent_background_cache.csv,,,,,,False,not_in_flare_streak
4FGL J2056.2-4714,268,269,56713.00001157408,6.11e-08,3.07e-08,7.41e-08,2.0802935736677116e-07,1.2867992945326278e-07,1.790266510567173e-09,1.2867992945326278e-07,1.790266510567173e-09,2.8764700000000003e-07,2.8764700000000003e-07,1.2867992945326278e-07,False,False,False,0,False,,,-2.1975672548672813,3.0,False,False,,,weekly,10.0,sigma,computed,/home/lkoo/projects/AutomationDetection/DownloadedLC/incremental/quiescent_background_cache.csv,,,,,,False,not_in_flare_streak
4FGL J2056.2-4714,269,270,56720.00001157408,5.37e-08,3.5e-08,6.11e-08,2.0802935736677116e-07,1.2867992945326278e-07,1.790266510567173e-09,1.2867992945326278e-07,1.790266510567173e-09,2.8764700000000003e-07,2.8764700000000003e-07,1.2867992945326278e-07,False,False,False,0,False,,,-2.1394866817818996,3.0,False,False,,,weekly,10.0,sigma,computed,/home/lkoo/projects/AutomationDetection/DownloadedLC/incremental/quiescent_background_cache.csv,,,,,,False,not_in_flare_streak
4FGL J2056.2-4714,270,271,56727.00001157408,5.97e-08,4.11e-08,5.37e-08,2.0802935736677116e-07,1.2867992945326278e-07,1.790266510567173e-09,1.2867992945326278e-07,1.790266510567173e-09,2.8764700000000003e-07,2.8764700000000003e-07,1.2867992945326278e-07,True,False,False,0,False,,,-1.6767538260316146,3.0,False,False,,,weekly,10.0,sigma,computed,/home/lkoo/projects/AutomationDetection/DownloadedLC/incremental/quiescent_background_cache.csv,,,,,,False,not_in_flare_streak
4FGL J2056.2-4714,271,272,56741.00001157408,3.05e-08,2.56e-08,5.97e-08,2.0802935736677116e-07,1.2867992945326278e-07,1.790266510567173e-09,1.2867992945326278e-07,1.790266510567173e-09,2.8764700000000003e-07,2.8764700000000003e-07,1.2867992945326278e-07,False,False,False,0,False,,,-3.8258097958379835,3.0,False,False,,,weekly,10.0,sigma,computed,/home/lkoo/projects/AutomationDetection/DownloadedLC/incremental/quiescent_background_cache.csv,,,,,,False,not_in_flare_streak
4FGL J2056.2-4714,272,273,56762.00001157408,5.17e-08,2.96e-08,3.05e-08,2.0802935736677116e-07,1.2867992945326278e-07,1.790266510567173e-09,1.2867992945326278e-07,1.790266510567173e-09,2.8764700000000003e-07,2.8764700000000003e-07,1.2867992945326278e-07,True,False,False,0,False,,,-2.5959295811651284,3.0,False,False,,,weekly,10.0,sigma,computed,/home/lkoo/projects/AutomationDetection/DownloadedLC/incremental/quiescent_background_cache.csv,,,,,,False,not_in_flare_streak
4FGL J2056.2-4714,273,274,56769.00001157408,5.47e-08,2.76e-08,5.17e-08,2.0802935736677116e-07,1.2867992945326278e-07,1.790266510567173e-09,1.2867992945326278e-07,1.790266510567173e-09,2.8764700000000003e-07,2.8764700000000003e-07,1.2867992945326278e-07,True,False,False,0,False,,,-2.674811088750256,3.0,False,False,,,weekly,10.0,sigma,computed,/home/lkoo/projects/AutomationDetection/DownloadedLC/incremental/quiescent_background_cache.csv,,,,,,False,not_in_flare_streak
4FGL J2056.2-4714,274,275,56776.00001157408,6.47e-08,2.84e-08,5.47e-08,2.0802935736677116e-07,1.2867992945326278e-07,1.790266510567173e-09,1.2867992945326278e-07,1.790266510567173e-09,2.8764700000000003e-07,2.8764700000000003e-07,1.2867992945326278e-07,True,False,False,0,False,,,-2.2483516716702687,3.0,False,False,,,weekly,10.0,sigma,computed,/home/lkoo/projects/AutomationDetection/DownloadedLC/incremental/quiescent_background_cache.csv,,,,,,False,not_in_flare_streak
4FGL J2056.2-4714,275,276,56783.00001157408,1.83e-07,4.05e-08,6.47e-08,2.0802935736677116e-07,1.2867992945326278e-07,1.790266510567173e-09,1.2867992945326278e-07,1.790266510567173e-09,2.8764700000000003e-07,2.8764700000000003e-07,1.2867992945326278e-07,True,True,False,0,False,,,1.3399278368580503,3.0,False,False,,,weekly,10.0,sigma,computed,/home/lkoo/projects/AutomationDetection/DownloadedLC/incremental/quiescent_background_cache.csv,,,,,,False,not_in_flare_streak
4FGL J2056.2-4714,276,277,56790.00001157408,7.22e-08,3.16e-08,1.83e-07,2.0802935736677116e-07,1.2867992945326278e-07,1.790266510567173e-09,1.2867992945326278e-07,1.790266510567173e-09,2.8764700000000003e-07,2.8764700000000003e-07,1.2867992945326278e-07,False,False,False,0,False,,,-1.7844780356837786,3.0,False,False,,,weekly,10.0,sigma,computed,/home/lkoo/projects/AutomationDetection/DownloadedLC/incremental/quiescent_background_cache.csv,,,,,,False,not_in_flare_streak
4FGL J2056.2-4714,277,278,56797.00001157408,1.13e-07,4.87e-08,7.22e-08,2.0802935736677116e-07,1.2867992945326278e-07,1.790266510567173e-09,1.2867992945326278e-07,1.790266510567173e-09,2.8764700000000003e-07,2.8764700000000003e-07,1.2867992945326278e-07,True,False,False,0,False,,,-0.3217524724570743,3.0,False,False,,,weekly,10.0,sigma,computed,/home/lkoo/projects/AutomationDetection/DownloadedLC/incremental/quiescent_background_cache.csv,,,,,,False,not_in_flare_streak
4FGL J2056.2-4714,278,279,56804.00001157408,8.83e-08,3.95e-08,1.13e-07,2.0802935736677116e-07,1.2867992945326278e-07,1.790266510567173e-09,1.2867992945326278e-07,1.790266510567173e-09,2.8764700000000003e-07,2.8764700000000003e-07,1.2867992945326278e-07,False,False,False,0,False,,,-1.021228333227707,3.0,False,False,,,weekly,10.0,sigma,computed,/home/lkoo/projects/AutomationDetection/DownloadedLC/incremental/quiescent_background_cache.csv,,,,,,False,not_in_flare_streak
4FGL J2056.2-4714,279,280,56818.00001157408,7.81e-08,3.87e-08,8.83e-08,2.0802935736677116e-07,1.2867992945326278e-07,1.790266510567173e-09,1.2867992945326278e-07,1.790266510567173e-09,2.8764700000000003e-07,2.8764700000000003e-07,1.2867992945326278e-07,False,False,False,0,False,,,-1.3055786996983239,3.0,False,False,,,weekly,10.0,sigma,computed,/home/lkoo/projects/AutomationDetection/DownloadedLC/incremental/quiescent_background_cache.csv,,,,,,False,not_in_flare_streak
4FGL J2056.2-4714,280,281,56825.00001157408,2.97e-08,1.73e-08,7.81e-08,2.0802935736677116e-07,1.2867992945326278e-07,1.790266510567173e-09,1.2867992945326278e-07,1.790266510567173e-09,2.8764700000000003e-07,2.8764700000000003e-07,1.2867992945326278e-07,False,False,False,0,False,,,-5.69099233654762,3.0,False,False,,,weekly,10.0,sigma,computed,/home/lkoo/projects/AutomationDetection/DownloadedLC/incremental/quiescent_background_cache.csv,,,,,,False,not_in_flare_streak
4FGL J2056.2-4714,281,282,56832.00001157408,6.08e-08,3e-08,2.97e-08,2.0802935736677116e-07,1.2867992945326278e-07,1.790266510567173e-09,1.2867992945326278e-07,1.790266510567173e-09,2.8764700000000003e-07,2.8764700000000003e-07,1.2867992945326278e-07,True,False,False,0,False,,,-2.2586461762687375,3.0,False,False,,,weekly,10.0,sigma,computed,/home/lkoo/projects/AutomationDetection/DownloadedLC/incremental/quiescent_background_cache.csv,,,,,,False,not_in_flare_streak
4FGL J2056.2-4714,282,283,56839.00001157408,1.24e-07,3.86e-08,6.08e-08,2.0802935736677116e-07,1.2867992945326278e-07,1.790266510567173e-09,1.2867992945326278e-07,1.790266510567173e-09,2.8764700000000003e-07,2.8764700000000003e-07,1.2867992945326278e-07,True,False,False,0,False,,,-0.12111150412859462,3.0,False,False,,,weekly,10.0,sigma,computed,/home/lkoo/projects/AutomationDetection/DownloadedLC/incremental/quiescent_background_cache.csv,,,,,,False,not_in_flare_streak
4FGL J2056.2-4714,283,284,56846.00001157408,1.28e-07,4.62e-08,1.24e-07,2.0802935736677116e-07,1.2867992945326278e-07,1.790266510567173e-09,1.2867992945326278e-07,1.790266510567173e-09,2.8764700000000003e-07,2.8764700000000003e-07,1.2867992945326278e-07,True,False,False,0,False,,,-0.014706050643964831,3.0,False,False,,,weekly,10.0,sigma,computed,/home/lkoo/projects/AutomationDetection/DownloadedLC/incremental/quiescent_background_cache.csv,,,,,,False,not_in_flare_streak
4FGL J2056.2-4714,284,285,56867.00001157408,1.24e-07,3.91e-08,1.28e-07,2.0802935736677116e-07,1.2867992945326278e-07,1.790266510567173e-09,1.2867992945326278e-07,1.790266510567173e-09,2.8764700000000003e-07,2.8764700000000003e-07,1.2867992945326278e-07,False,False,False,0,False,,,-0.11956602465145749,3.0,False,False,,,weekly,10.0,sigma,computed,/home/lkoo/projects/AutomationDetection/DownloadedLC/incremental/quiescent_background_cache.csv,,,,,,False,not_in_flare_streak
4FGL J2056.2-4714,285,286,56874.00001157408,1.25e-07,4.36e-08,1.24e-07,2.0802935736677116e-07,1.2867992945326278e-07,1.790266510567173e-09,1.2867992945326278e-07,1.790266510567173e-09,2.8764700000000003e-07,2.8764700000000003e-07,1.2867992945326278e-07,True,False,False,0,False,,,-0.08433098980616317,3.0,False,False,,,weekly,10.0,sigma,computed,/home/lkoo/projects/AutomationDetection/DownloadedLC/incremental/quiescent_background_cache.csv,,,,,,False,not_in_flare_streak
4FGL J2056.2-4714,286,287,56881.00001157408,1.37e-07,5.13e-08,1.25e-07,2.0802935736677116e-07,1.2867992945326278e-07,1.790266510567173e-09,1.2867992945326278e-07,1.790266510567173e-09,2.8764700000000003e-07,2.8764700000000003e-07,1.2867992945326278e-07,True,True,False,0,False,,,0.1620859413427047,3.0,False,False,,,weekly,10.0,sigma,computed,/home/lkoo/projects/AutomationDetection/DownloadedLC/incremental/quiescent_background_cache.csv,,,,,,False,not_in_flare_streak
4FGL J2056.2-4714,287,288,56888.00001157408,2.23e-07,5.96e-08,1.37e-07,2.0802935736677116e-07,1.2867992945326278e-07,1.790266510567173e-09,1.2867992945326278e-07,1.790266510567173e-09,2.8764700000000003e-07,2.8764700000000003e-07,1.2867992945326278e-07,True,True,False,0,False,,,1.5818380472202835,3.0,False,False,,,weekly,10.0,sigma,computed,/home/lkoo/projects/AutomationDetection/DownloadedLC/incremental/quiescent_background_cache.csv,,,,,,False,not_in_flare_streak
4FGL J2056.2-4714,288,289,56895.00001157408,1.3e-07,6.57e-08,2.23e-07,2.0802935736677116e-07,1.2867992945326278e-07,1.790266510567173e-09,1.2867992945326278e-07,1.790266510567173e-09,2.8764700000000003e-07,2.8764700000000003e-07,1.2867992945326278e-07,False,True,False,0,False,,,0.020084942679919584,3.0,False,False,,,weekly,10.0,sigma,computed,/home/lkoo/projects/AutomationDetection/DownloadedLC/incremental/quiescent_background_cache.csv,,,,,,False,not_in_flare_streak
4FGL J2056.2-4714,289,290,56902.00001157408,1.06e-07,4.28e-08,1.3e-07,2.0802935736677116e-07,1.2867992945326278e-07,1.790266510567173e-09,1.2867992945326278e-07,1.790266510567173e-09,2.8764700000000003e-07,2.8764700000000003e-07,1.2867992945326278e-07,False,False,False,0,False,,,-0.5294419307126723,3.0,False,False,,,weekly,10.0,sigma,computed,/home/lkoo/projects/AutomationDetection/DownloadedLC/incremental/quiescent_background_cache.csv,,,,,,False,not_in_flare_streak
4FGL J2056.2-4714,290,291,56909.00001157408,1.09e-07,3.72e-08,1.06e-07,2.0802935736677116e-07,1.2867992945326278e-07,1.790266510567173e-09,1.2867992945326278e-07,1.790266510567173e-09,2.8764700000000003e-07,2.8764700000000003e-07,1.2867992945326278e-07,True,False,False,0,False,,,-0.5284187911750435,3.0,False,False,,,weekly,10.0,sigma,computed,/home/lkoo/projects/AutomationDetection/DownloadedLC/incremental/quiescent_background_cache.csv,,,,,,False,not_in_flare_streak
4FGL J2056.2-4714,291,292,56916.00001157408,1.37e-07,3.13e-08,1.09e-07,2.0802935736677116e-07,1.2867992945326278e-07,1.790266510567173e-09,1.2867992945326278e-07,1.790266510567173e-09,2.8764700000000003e-07,2.8764700000000003e-07,1.2867992945326278e-07,True,True,False,0,False,,,0.2653832044826415,3.0,False,False,,,weekly,10.0,sigma,computed,/home/lkoo/projects/AutomationDetection/DownloadedLC/incremental/quiescent_background_cache.csv,,,,,,False,not_in_flare_streak
4FGL J2056.2-4714,292,293,56923.00001157408,1.16e-07,3.86e-08,1.37e-07,2.0802935736677116e-07,1.2867992945326278e-07,1.790266510567173e-09,1.2867992945326278e-07,1.790266510567173e-09,2.8764700000000003e-07,2.8764700000000003e-07,1.2867992945326278e-07,False,False,False,0,False,,,-0.32814283712299647,3.0,False,False,,,weekly,10.0,sigma,computed,/home/lkoo/projects/AutomationDetection/DownloadedLC/incremental/quiescent_background_cache.csv,,,,,,False,not_in_flare_streak
4FGL J2056.2-4714,293,294,56930.00001157408,1.33e-07,5.23e-08,1.16e-07,2.0802935736677116e-07,1.2867992945326278e-07,1.790266510567173e-09,1.2867992945326278e-07,1.790266510567173e-09,2.8764700000000003e-07,2.8764700000000003e-07,1.2867992945326278e-07,True,True,False,0,False,,,0.08255337982363664,3.0,False,False,,,weekly,10.0,sigma,computed,/home/lkoo/projects/AutomationDetection/DownloadedLC/incremental/quiescent_background_cache.csv,,,,,,False,not_in_flare_streak
4FGL J2056.2-4714,294,295,56937.00001157408,1.54e-07,5.74e-08,1.33e-07,2.0802935736677116e-07,1.2867992945326278e-07,1.790266510567173e-09,1.2867992945326278e-07,1.790266510567173e-09,2.8764700000000003e-07,2.8764700000000003e-07,1.2867992945326278e-07,True,True,False,0,False,,,0.44090181501135384,3.0,False,False,,,weekly,10.0,sigma,computed,/home/lkoo/projects/AutomationDetection/DownloadedLC/incremental/quiescent_background_cache.csv,,,,,,False,not_in_flare_streak
4FGL J2056.2-4714,295,296,56944.00001157408,1.84e-07,6.4e-08,1.54e-07,2.0802935736677116e-07,1.2867992945326278e-07,1.790266510567173e-09,1.2867992945326278e-07,1.790266510567173e-09,2.8764700000000003e-07,2.8764700000000003e-07,1.2867992945326278e-07,True,True,False,0,False,,,0.8640381204239497,3.0,False,False,,,weekly,10.0,sigma,computed,/home/lkoo/projects/AutomationDetection/DownloadedLC/incremental/quiescent_background_cache.csv,,,,,,False,not_in_flare_streak
4FGL J2056.2-4714,296,297,56951.00001157408,6.79e-08,3.74e-08,1.84e-07,2.0802935736677116e-07,1.2867992945326278e-07,1.790266510567173e-09,1.2867992945326278e-07,1.790266510567173e-09,2.8764700000000003e-07,2.8764700000000003e-07,1.2867992945326278e-07,False,False,False,0,False,,,-1.6232731210817557,3.0,False,False,,,weekly,10.0,sigma,computed,/home/lkoo/projects/AutomationDetection/DownloadedLC/incremental/quiescent_background_cache.csv,,,,,,False,not_in_flare_streak
4FGL J2056.2-4714,297,298,56958.00001157408,1.52e-07,3.61e-08,6.79e-08,2.0802935736677116e-07,1.2867992945326278e-07,1.790266510567173e-09,1.2867992945326278e-07,1.790266510567173e-09,2.8764700000000003e-07,2.8764700000000003e-07,1.2867992945326278e-07,True,True,False,0,False,,,0.6451924427331998,3.0,False,False,,,weekly,10.0,sigma,computed,/home/lkoo/projects/AutomationDetection/DownloadedLC/incremental/quiescent_background_cache.csv,,,,,,False,not_in_flare_streak
4FGL J2056.2-4714,298,299,56965.00001157408,1.67e-07,3.66e-08,1.52e-07,2.0802935736677116e-07,1.2867992945326278e-07,1.790266510567173e-09,1.2867992945326278e-07,1.790266510567173e-09,2.8764700000000003e-07,2.8764700000000003e-07,1.2867992945326278e-07,True,True,False,0,False,,,1.0457461753466355,3.0,False,False,,,weekly,10.0,sigma,computed,/home/lkoo/projects/AutomationDetection/DownloadedLC/incremental/quiescent_background_cache.csv,,,,,,False,not_in_flare_streak
4FGL J2056.2-4714,299,300,56972.00001157408,1.34e-07,3.18e-08,1.67e-07,2.0802935736677116e-07,1.2867992945326278e-07,1.790266510567173e-09,1.2867992945326278e-07,1.790266510567173e-09,2.8764700000000003e-07,2.8764700000000003e-07,1.2867992945326278e-07,False,True,False,0,False,,,0.16703332514243854,3.0,False,False,,,weekly,10.0,sigma,computed,/home/lkoo/projects/AutomationDetection/DownloadedLC/incremental/quiescent_background_cache.csv,,,,,,False,not_in_flare_streak
4FGL J2056.2-4714,300,301,56979.00001157408,1.86e-07,5.33e-08,1.34e-07,2.0802935736677116e-07,1.2867992945326278e-07,1.790266510567173e-09,1.2867992945326278e-07,1.790266510567173e-09,2.8764700000000003e-07,2.8764700000000003e-07,1.2867992945326278e-07,True,True,False,0,False,,,1.0748173360369369,3.0,False,False,,,weekly,10.0,sigma,computed,/home/lkoo/projects/AutomationDetection/DownloadedLC/incremental/quiescent_background_cache.csv,,,,,,False,not_in_flare_streak
4FGL J2056.2-4714,301,302,56986.00001157408,1.22e-07,5.29e-08,1.86e-07,2.0802935736677116e-07,1.2867992945326278e-07,1.790266510567173e-09,1.2867992945326278e-07,1.790266510567173e-09,2.8764700000000003e-07,2.8764700000000003e-07,1.2867992945326278e-07,False,False,False,0,False,,,-0.12620240892978576,3.0,False,False,,,weekly,10.0,sigma,computed,/home/lkoo/projects/AutomationDetection/DownloadedLC/incremental/quiescent_background_cache.csv,,,,,,False,not_in_flare_streak
4FGL J2056.2-4714,302,303,56993.00001157408,9.24e-08,3.67e-08,1.22e-07,2.0802935736677116e-07,1.2867992945326278e-07,1.790266510567173e-09,1.2867992945326278e-07,1.790266510567173e-09,2.8764700000000003e-07,2.8764700000000003e-07,1.2867992945326278e-07,False,False,False,0,False,,,-0.9873798514855409,3.0,False,False,,,weekly,10.0,sigma,computed,/home/lkoo/projects/AutomationDetection/DownloadedLC/incremental/quiescent_background_cache.csv,,,,,,False,not_in_flare_streak
4FGL J2056.2-4714,303,304,57000.00001157408,3.65e-07,4.76e-08,9.24e-08,2.0802935736677116e-07,1.2867992945326278e-07,1.790266510567173e-09,1.2867992945326278e-07,1.790266510567173e-09,2.8764700000000003e-07,2.8764700000000003e-07,1.2867992945326278e-07,True,True,False,0,False,,,4.9611996463917745,3.0,True,True,57000.00001157408,57000.00001157408,weekly,10.0,sigma,computed,/home/lkoo/projects/AutomationDetection/DownloadedLC/incremental/quiescent_background_cache.csv,,,,,,False,not_in_flare_streak
4FGL J2056.2-4714,304,305,57007.00001157408,3.35e-07,5.54e-08,3.65e-07,2.0802935736677116e-07,1.2867992945326278e-07,1.790266510567173e-09,1.2867992945326278e-07,1.790266510567173e-09,2.8764700000000003e-07,2.8764700000000003e-07,1.2867992945326278e-07,False,True,False,0,False,,,3.7222459776429133,3.0,True,True,57000.00001157408,57007.00001157408,weekly,10.0,sigma,computed,/home/lkoo/projects/AutomationDetection/DownloadedLC/incremental/quiescent_background_cache.csv,,,,,,False,not_in_flare_streak
4FGL J2056.2-4714,305,306,57014.00001157408,5.48e-07,6.68e-08,3.35e-07,2.0802935736677116e-07,1.2867992945326278e-07,1.790266510567173e-09,1.2867992945326278e-07,1.790266510567173e-09,2.8764700000000003e-07,2.8764700000000003e-07,1.2867992945326278e-07,True,True,False,0,False,,,6.2749934272029595,3.0,True,True,57000.00001157408,57014.00001157408,weekly,10.0,sigma,computed,/home/lkoo/projects/AutomationDetection/DownloadedLC/incremental/quiescent_background_cache.csv,,,,,,False,not_in_flare_streak
4FGL J2056.2-4714,306,307,57021.00001157408,3.63e-07,5.67e-08,5.48e-07,2.0802935736677116e-07,1.2867992945326278e-07,1.790266510567173e-09,1.2867992945326278e-07,1.790266510567173e-09,2.8764700000000003e-07,2.8764700000000003e-07,1.2867992945326278e-07,False,True,False,0,False,,,4.130570656408583,3.0,True,True,57000.00001157408,57021.00001157408,weekly,10.0,sigma,computed,/home/lkoo/projects/AutomationDetection/DownloadedLC/incremental/quiescent_background_cache.csv,,,,,,False,not_in_flare_streak
4FGL J2056.2-4714,307,308,57028.00001157408,3.49e-07,4.39e-08,3.63e-07,2.0802935736677116e-07,1.2867992945326278e-07,1.790266510567173e-09,1.2867992945326278e-07,1.790266510567173e-09,2.8764700000000003e-07,2.8764700000000003e-07,1.2867992945326278e-07,False,True,False,0,False,,,5.014512452307669,3.0,True,True,57000.00001157408,57028.00001157408,weekly,10.0,sigma,computed,/home/lkoo/projects/AutomationDetection/DownloadedLC/incremental/quiescent_background_cache.csv,,,,,,False,not_in_flare_streak
4FGL J2056.2-4714,308,309,57035.00001157408,2.22e-07,3.74e-08,3.49e-07,2.0802935736677116e-07,1.2867992945326278e-07,1.790266510567173e-09,1.2867992945326278e-07,1.790266510567173e-09,2.8764700000000003e-07,2.8764700000000003e-07,1.2867992945326278e-07,False,True,False,0,False,,,2.492335274795878,3.0,False,True,57000.00001157408,57035.00001157408,weekly,10.0,sigma,computed,/home/lkoo/projects/AutomationDetection/DownloadedLC/incremental/quiescent_background_cache.csv,,,,,,False,not_in_flare_streak
4FGL J2056.2-4714,309,310,57042.00001157408,1.57e-07,3.23e-08,2.22e-07,2.0802935736677116e-07,1.2867992945326278e-07,1.790266510567173e-09,1.2867992945326278e-07,1.790266510567173e-09,2.8764700000000003e-07,2.8764700000000003e-07,1.2867992945326278e-07,False,True,False,0,False,,,0.875438698960311,3.0,False,True,57000.00001157408,57042.00001157408,weekly,10.0,sigma,computed,/home/lkoo/projects/AutomationDetection/DownloadedLC/incremental/quiescent_background_cache.csv,,,,,,False,not_in_flare_streak
4FGL J2056.2-4714,310,311,57049.00001157408,2.39e-07,3.93e-08,1.57e-07,2.0802935736677116e-07,1.2867992945326278e-07,1.790266510567173e-09,1.2867992945326278e-07,1.790266510567173e-09,2.8764700000000003e-07,2.8764700000000003e-07,1.2867992945326278e-07,True,True,False,0,False,,,2.8042183927911,3.0,False,True,57000.00001157408,57049.00001157408,weekly,10.0,sigma,computed,/home/lkoo/projects/AutomationDetection/DownloadedLC/incremental/quiescent_background_cache.csv,,,,,,False,not_in_flare_streak
4FGL J2056.2-4714,311,312,57056.00001157408,1.69e-07,4.58e-08,2.39e-07,2.0802935736677116e-07,1.2867992945326278e-07,1.790266510567173e-09,1.2867992945326278e-07,1.790266510567173e-09,2.8764700000000003e-07,2.8764700000000003e-07,1.2867992945326278e-07,False,True,False,0,False,,,0.8796790962859933,3.0,False,True,57000.00001157408,57056.00001157408,weekly,10.0,sigma,computed,/home/lkoo/projects/AutomationDetection/DownloadedLC/incremental/quiescent_background_cache.csv,,,,,,False,not_in_flare_streak
4FGL J2056.2-4714,312,313,57063.00001157408,2.1e-07,6.24e-08,1.69e-07,2.0802935736677116e-07,1.2867992945326278e-07,1.790266510567173e-09,1.2867992945326278e-07,1.790266510567173e-09,2.8764700000000003e-07,2.8764700000000003e-07,1.2867992945326278e-07,True,True,False,0,False,,,1.3026702383239301,3.0,False,True,57000.00001157408,57063.00001157408,weekly,10.0,sigma,computed,/home/lkoo/projects/AutomationDetection/DownloadedLC/incremental/quiescent_background_cache.csv,,,,,,False,not_in_flare_streak
4FGL J2056.2-4714,313,314,57070.00001157408,1.64e-07,4.72e-08,2.1e-07,2.0802935736677116e-07,1.2867992945326278e-07,1.790266510567173e-09,1.2867992945326278e-07,1.790266510567173e-09,2.8764700000000003e-07,2.8764700000000003e-07,1.2867992945326278e-07,False,True,False,0,False,,,0.7477688885120896,3.0,False,True,57000.00001157408,57070.00001157408,weekly,10.0,sigma,computed,/home/lkoo/projects/AutomationDetection/DownloadedLC/incremental/quiescent_background_cache.csv,,,,,,False,not_in_flare_streak
4FGL J2056.2-4714,314,315,57077.00001157408,1.79e-07,4.25e-08,1.64e-07,2.0802935736677116e-07,1.2867992945326278e-07,1.790266510567173e-09,1.2867992945326278e-07,1.790266510567173e-09,2.8764700000000003e-07,2.8764700000000003e-07,1.2867992945326278e-07,True,True,False,0,False,,,1.1829525950793454,3.0,False,True,57000.00001157408,57077.00001157408,weekly,10.0,sigma,computed,/home/lkoo/projects/AutomationDetection/DownloadedLC/incremental/quiescent_background_cache.csv,,,,,,False,not_in_flare_streak
4FGL J2056.2-4714,315,316,57084.00001157408,1.32e-07,3.84e-08,1.79e-07,2.0802935736677116e-07,1.2867992945326278e-07,1.790266510567173e-09,1.2867992945326278e-07,1.790266510567173e-09,2.8764700000000003e-07,2.8764700000000003e-07,1.2867992945326278e-07,False,True,False,0,False,,,0.08636635992397701,3.0,False,True,57000.00001157408,57084.00001157408,weekly,10.0,sigma,computed,/home/lkoo/projects/AutomationDetection/DownloadedLC/incremental/quiescent_background_cache.csv,,,,,,False,not_in_flare_streak
4FGL J2056.2-4714,316,317,57091.00001157408,1.63e-07,3.69e-08,1.32e-07,2.0802935736677116e-07,1.2867992945326278e-07,1.790266510567173e-09,1.2867992945326278e-07,1.790266510567173e-09,2.8764700000000003e-07,2.8764700000000003e-07,1.2867992945326278e-07,True,True,False,0,False,,,0.928990493448534,3.0,False,True,57000.00001157408,57091.00001157408,weekly,10.0,sigma,computed,/home/lkoo/projects/AutomationDetection/DownloadedLC/incremental/quiescent_background_cache.csv,,,,,,False,not_in_flare_streak
4FGL J2056.2-4714,317,318,57098.00001157408,1.7e-07,3.29e-08,1.63e-07,2.0802935736677116e-07,1.2867992945326278e-07,1.790266510567173e-09,1.2867992945326278e-07,1.790266510567173e-09,2.8764700000000003e-07,2.8764700000000003e-07,1.2867992945326278e-07,True,True,False,0,False,,,1.2540738898359816,3.0,False,True,57000.00001157408,57098.00001157408,weekly,10.0,sigma,computed,/home/lkoo/projects/AutomationDetection/DownloadedLC/incremental/quiescent_background_cache.csv,,,,,,False,not_in_flare_streak
4FGL J2056.2-4714,318,319,57105.00001157408,2.29e-07,3.88e-08,1.7e-07,2.0802935736677116e-07,1.2867992945326278e-07,1.790266510567173e-09,1.2867992945326278e-07,1.790266510567173e-09,2.8764700000000003e-07,2.8764700000000003e-07,1.2867992945326278e-07,True,True,False,0,False,,,2.582820901128964,3.0,False,True,57000.00001157408,57105.00001157408,weekly,10.0,sigma,computed,/home/lkoo/projects/AutomationDetection/DownloadedLC/incremental/quiescent_background_cache.csv,,,,,,False,not_in_flare_streak
4FGL J2056.2-4714,319,320,57112.00001157408,2.8e-07,4.42e-08,2.29e-07,2.0802935736677116e-07,1.2867992945326278e-07,1.790266510567173e-09,1.2867992945326278e-07,1.790266510567173e-09,2.8764700000000003e-07,2.8764700000000003e-07,1.2867992945326278e-07,True,True,False,0,False,,,3.4207262127124247,3.0,True,True,57000.00001157408,57112.00001157408,weekly,10.0,sigma,computed,/home/lkoo/projects/AutomationDetection/DownloadedLC/incremental/quiescent_background_cache.csv,,,,,,False,not_in_flare_streak
4FGL J2056.2-4714,320,321,57119.00001157408,1.43e-07,5.04e-08,2.8e-07,2.0802935736677116e-07,1.2867992945326278e-07,1.790266510567173e-09,1.2867992945326278e-07,1.790266510567173e-09,2.8764700000000003e-07,2.8764700000000003e-07,1.2867992945326278e-07,False,True,False,0,False,,,0.28394930341010866,3.0,False,True,57000.00001157408,57119.00001157408,weekly,10.0,sigma,computed,/home/lkoo/projects/AutomationDetection/DownloadedLC/incremental/quiescent_background_cache.csv,,,,,,False,not_in_flare_streak
4FGL J2056.2-4714,321,322,57126.00001157408,1.33e-07,4.07e-08,1.43e-07,2.0802935736677116e-07,1.2867992945326278e-07,1.790266510567173e-09,1.2867992945326278e-07,1.790266510567173e-09,2.8764700000000003e-07,2.8764700000000003e-07,1.2867992945326278e-07,False,True,False,0,False,,,0.10604170183483012,3.0,False,True,57000.00001157408,57126.00001157408,weekly,10.0,sigma,computed,/home/lkoo/projects/AutomationDetection/DownloadedLC/incremental/quiescent_background_cache.csv,,,,,,False,not_in_flare_streak
4FGL J2056.2-4714,322,323,57133.00001157408,2.32e-07,4.33e-08,1.33e-07,2.0802935736677116e-07,1.2867992945326278e-07,1.790266510567173e-09,1.2867992945326278e-07,1.790266510567173e-09,2.8764700000000003e-07,2.8764700000000003e-07,1.2867992945326278e-07,True,True,False,0,False,,,2.384107914893107,3.0,False,True,57000.00001157408,57133.00001157408,weekly,10.0,sigma,computed,/home/lkoo/projects/AutomationDetection/DownloadedLC/incremental/quiescent_background_cache.csv,,,,,,False,not_in_flare_streak
4FGL J2056.2-4714,323,324,57140.00001157408,1.09e-07,3.1e-08,2.32e-07,2.0802935736677116e-07,1.2867992945326278e-07,1.790266510567173e-09,1.2867992945326278e-07,1.790266510567173e-09,2.8764700000000003e-07,2.8764700000000003e-07,1.2867992945326278e-07,False,False,False,0,False,,,-0.6337804455142648,3.0,False,False,,,weekly,10.0,sigma,computed,/home/lkoo/projects/AutomationDetection/DownloadedLC/incremental/quiescent_background_cache.csv,,,,,,False,not_in_flare_streak
4FGL J2056.2-4714,324,325,57147.00001157408,7.82e-08,2.76e-08,1.09e-07,2.0802935736677116e-07,1.2867992945326278e-07,1.790266510567173e-09,1.2867992945326278e-07,1.790266510567173e-09,2.8764700000000003e-07,2.8764700000000003e-07,1.2867992945326278e-07,False,False,False,0,False,,,-1.8251473887417027,3.0,False,False,,,weekly,10.0,sigma,computed,/home/lkoo/projects/AutomationDetection/DownloadedLC/incremental/quiescent_background_cache.csv,,,,,,False,not_in_flare_streak
4FGL J2056.2-4714,325,326,57154.00001157408,9.85e-08,3.1e-08,7.82e-08,2.0802935736677116e-07,1.2867992945326278e-07,1.790266510567173e-09,1.2867992945326278e-07,1.790266510567173e-09,2.8764700000000003e-07,2.8764700000000003e-07,1.2867992945326278e-07,True,False,False,0,False,,,-0.9719267124357897,3.0,False,False,,,weekly,10.0,sigma,computed,/home/lkoo/projects/AutomationDetection/DownloadedLC/incremental/quiescent_background_cache.csv,,,,,,False,not_in_flare_streak
4FGL J2056.2-4714,326,327,57161.00001157408,8.66e-08,3.98e-08,9.85e-08,2.0802935736677116e-07,1.2867992945326278e-07,1.790266510567173e-09,1.2867992945326278e-07,1.790266510567173e-09,2.8764700000000003e-07,2.8764700000000003e-07,1.2867992945326278e-07,False,False,False,0,False,,,-1.056216655991184,3.0,False,False,,,weekly,10.0,sigma,computed,/home/lkoo/projects/AutomationDetection/DownloadedLC/incremental/quiescent_background_cache.csv,,,,,,False,not_in_flare_streak
4FGL J2056.2-4714,327,328,57168.00001157408,2e-07,6.61e-08,8.66e-08,2.0802935736677116e-07,1.2867992945326278e-07,1.790266510567173e-09,1.2867992945326278e-07,1.790266510567173e-09,2.8764700000000003e-07,2.8764700000000003e-07,1.2867992945326278e-07,True,True,False,0,False,,,1.0785767979713026,3.0,False,False,,,weekly,10.0,sigma,computed,/home/lkoo/projects/AutomationDetection/DownloadedLC/incremental/quiescent_background_cache.csv,,,,,,False,not_in_flare_streak
4FGL J2056.2-4714,328,329,57175.00001157408,1.07e-07,4.76e-08,2e-07,2.0802935736677116e-07,1.2867992945326278e-07,1.790266510567173e-09,1.2867992945326278e-07,1.790266510567173e-09,2.8764700000000003e-07,2.8764700000000003e-07,1.2867992945326278e-07,False,False,False,0,False,,,-0.4551389058427603,3.0,False,False,,,weekly,10.0,sigma,computed,/home/lkoo/projects/AutomationDetection/DownloadedLC/incremental/quiescent_background_cache.csv,,,,,,False,not_in_flare_streak
4FGL J2056.2-4714,329,330,57182.00001157408,5.47e-08,2.57e-08,1.07e-07,2.0802935736677116e-07,1.2867992945326278e-07,1.790266510567173e-09,1.2867992945326278e-07,1.790266510567173e-09,2.8764700000000003e-07,2.8764700000000003e-07,1.2867992945326278e-07,False,False,False,0,False,,,-2.871637540603002,3.0,False,False,,,weekly,10.0,sigma,computed,/home/lkoo/projects/AutomationDetection/DownloadedLC/incremental/quiescent_background_cache.csv,,,,,,False,not_in_flare_streak
4FGL J2056.2-4714,330,331,57189.00001157408,4.38e-08,3.12e-08,5.47e-08,2.0802935736677116e-07,1.2867992945326278e-07,1.790266510567173e-09,1.2867992945326278e-07,1.790266510567173e-09,2.8764700000000003e-07,2.8764700000000003e-07,1.2867992945326278e-07,False,False,False,0,False,,,-2.7160429439346654,3.0,False,False,,,weekly,10.0,sigma,computed,/home/lkoo/projects/AutomationDetection/DownloadedLC/incremental/quiescent_background_cache.csv,,,,,,False,not_in_flare_streak
4FGL J2056.2-4714,331,332,57196.00001157408,1.22e-07,3.5e-08,4.38e-08,2.0802935736677116e-07,1.2867992945326278e-07,1.790266510567173e-09,1.2867992945326278e-07,1.790266510567173e-09,2.8764700000000003e-07,2.8764700000000003e-07,1.2867992945326278e-07,True,False,False,0,False,,,-0.19060594221293237,3.0,False,False,,,weekly,10.0,sigma,computed,/home/lkoo/projects/AutomationDetection/DownloadedLC/incremental/quiescent_background_cache.csv,,,,,,False,not_in_flare_streak
4FGL J2056.2-4714,332,333,57203.00001157408,1.07e-07,3.09e-08,1.22e-07,2.0802935736677116e-07,1.2867992945326278e-07,1.790266510567173e-09,1.2867992945326278e-07,1.790266510567173e-09,2.8764700000000003e-07,2.8764700000000003e-07,1.2867992945326278e-07,False,False,False,0,False,,,-0.7004412233426498,3.0,False,False,,,weekly,10.0,sigma,computed,/home/lkoo/projects/AutomationDetection/DownloadedLC/incremental/quiescent_background_cache.csv,,,,,,False,not_in_flare_streak
4FGL J2056.2-4714,333,334,57210.00001157408,1.4e-07,3.51e-08,1.07e-07,2.0802935736677116e-07,1.2867992945326278e-07,1.790266510567173e-09,1.2867992945326278e-07,1.790266510567173e-09,2.8764700000000003e-07,2.8764700000000003e-07,1.2867992945326278e-07,True,True,False,0,False,,,0.3220904479517701,3.0,False,False,,,weekly,10.0,sigma,computed,/home/lkoo/projects/AutomationDetection/DownloadedLC/incremental/quiescent_background_cache.csv,,,,,,False,not_in_flare_streak
4FGL J2056.2-4714,334,335,57217.00001157408,1.93e-07,5.24e-08,1.4e-07,2.0802935736677116e-07,1.2867992945326278e-07,1.790266510567173e-09,1.2867992945326278e-07,1.790266510567173e-09,2.8764700000000003e-07,2.8764700000000003e-07,1.2867992945326278e-07,True,True,False,0,False,,,1.226766484865305,3.0,False,False,,,weekly,10.0,sigma,computed,/home/lkoo/projects/AutomationDetection/DownloadedLC/incremental/quiescent_background_cache.csv,,,,,,False,not_in_flare_streak
4FGL J2056.2-4714,335,336,57224.00001157408,3.92e-07,7.26e-08,1.93e-07,2.0802935736677116e-07,1.2867992945326278e-07,1.790266510567173e-09,1.2867992945326278e-07,1.790266510567173e-09,2.8764700000000003e-07,2.8764700000000003e-07,1.2867992945326278e-07,True,True,False,0,False,,,3.625895963437826,3.0,True,True,57224.00001157408,57224.00001157408,weekly,10.0,sigma,computed,/home/lkoo/projects/AutomationDetection/DownloadedLC/incremental/quiescent_background_cache.csv,,,,,,False,not_in_flare_streak
4FGL J2056.2-4714,336,337,57231.00001157408,1.83e-07,5.09e-08,3.92e-07,2.0802935736677116e-07,1.2867992945326278e-07,1.790266510567173e-09,1.2867992945326278e-07,1.790266510567173e-09,2.8764700000000003e-07,2.8764700000000003e-07,1.2867992945326278e-07,False,True,False,0,False,,,1.0665324635646811,3.0,False,True,57224.00001157408,57231.00001157408,weekly,10.0,sigma,computed,/home/lkoo/projects/AutomationDetection/DownloadedLC/incremental/quiescent_background_cache.csv,,,,,,False,not_in_flare_streak
4FGL J2056.2-4714,337,338,57238.00001157408,1.75e-07,3.99e-08,1.83e-07,2.0802935736677116e-07,1.2867992945326278e-07,1.790266510567173e-09,1.2867992945326278e-07,1.790266510567173e-09,2.8764700000000003e-07,2.8764700000000003e-07,1.2867992945326278e-07,False,True,False,0,False,,,1.1597372120586233,3.0,False,True,57224.00001157408,57238.00001157408,weekly,10.0,sigma,computed,/home/lkoo/projects/AutomationDetection/DownloadedLC/incremental/quiescent_background_cache.csv,,,,,,False,not_in_flare_streak
4FGL J2056.2-4714,338,339,57245.00001157408,1.51e-07,3.45e-08,1.75e-07,2.0802935736677116e-07,1.2867992945326278e-07,1.790266510567173e-09,1.2867992945326278e-07,1.790266510567173e-09,2.8764700000000003e-07,2.8764700000000003e-07,1.2867992945326278e-07,False,True,False,0,False,,,0.646089270633002,3.0,False,True,57224.00001157408,57245.00001157408,weekly,10.0,sigma,computed,/home/lkoo/projects/AutomationDetection/DownloadedLC/incremental/quiescent_background_cache.csv,,,,,,False,not_in_flare_streak
4FGL J2056.2-4714,339,340,57259.00001157408,6e-08,3.59e-08,1.51e-07,2.0802935736677116e-07,1.2867992945326278e-07,1.790266510567173e-09,1.2867992945326278e-07,1.790266510567173e-09,2.8764700000000003e-07,2.8764700000000003e-07,1.2867992945326278e-07,False,False,False,0,False,,,-1.9107156176045708,3.0,False,False,,,weekly,10.0,sigma,computed,/home/lkoo/projects/AutomationDetection/DownloadedLC/incremental/quiescent_background_cache.csv,,,,,,False,not_in_flare_streak
4FGL J2056.2-4714,340,341,57273.00001157408,7.49e-08,4.49e-08,6e-08,2.0802935736677116e-07,1.2867992945326278e-07,1.790266510567173e-09,1.2867992945326278e-07,1.790266510567173e-09,2.8764700000000003e-07,2.8764700000000003e-07,1.2867992945326278e-07,True,False,False,0,False,,,-1.1968202822441694,3.0,False,False,,,weekly,10.0,sigma,computed,/home/lkoo/projects/AutomationDetection/DownloadedLC/incremental/quiescent_background_cache.csv,,,,,,False,not_in_flare_streak
4FGL J2056.2-4714,341,342,57280.00001157408,1.9e-07,5.75e-08,7.49e-08,2.0802935736677116e-07,1.2867992945326278e-07,1.790266510567173e-09,1.2867992945326278e-07,1.790266510567173e-09,2.8764700000000003e-07,2.8764700000000003e-07,1.2867992945326278e-07,True,True,False,0,False,,,1.0659194874415623,3.0,False,False,,,weekly,10.0,sigma,computed,/home/lkoo/projects/AutomationDetection/DownloadedLC/incremental/quiescent_background_cache.csv,,,,,,False,not_in_flare_streak
4FGL J2056.2-4714,342,343,57294.00001157408,1.49e-07,3.72e-08,1.9e-07,2.0802935736677116e-07,1.2867992945326278e-07,1.790266510567173e-09,1.2867992945326278e-07,1.790266510567173e-09,2.8764700000000003e-07,2.8764700000000003e-07,1.2867992945326278e-07,False,True,False,0,False,,,0.5456069921591252,3.0,False,False,,,weekly,10.0,sigma,computed,/home/lkoo/projects/AutomationDetection/DownloadedLC/incremental/quiescent_background_cache.csv,,,,,,False,not_in_flare_streak
4FGL J2056.2-4714,343,344,57301.00001157408,4.14e-08,2.74e-08,1.49e-07,2.0802935736677116e-07,1.2867992945326278e-07,1.790266510567173e-09,1.2867992945326278e-07,1.790266510567173e-09,2.8764700000000003e-07,2.8764700000000003e-07,1.2867992945326278e-07,False,False,False,0,False,,,-3.1786212176000466,3.0,False,False,,,weekly,10.0,sigma,computed,/home/lkoo/projects/AutomationDetection/DownloadedLC/incremental/quiescent_background_cache.csv,,,,,,False,not_in_flare_streak
4FGL J2056.2-4714,344,345,57308.00001157408,5.78e-08,2.54e-08,4.14e-08,2.0802935736677116e-07,1.2867992945326278e-07,1.790266510567173e-09,1.2867992945326278e-07,1.790266510567173e-09,2.8764700000000003e-07,2.8764700000000003e-07,1.2867992945326278e-07,True,False,False,0,False,,,-2.7836426187419723,3.0,False,False,,,weekly,10.0,sigma,computed,/home/lkoo/projects/AutomationDetection/DownloadedLC/incremental/quiescent_background_cache.csv,,,,,,False,not_in_flare_streak
4FGL J2056.2-4714,345,346,57315.00001157408,1.14e-07,3.36e-08,5.78e-08,2.0802935736677116e-07,1.2867992945326278e-07,1.790266510567173e-09,1.2867992945326278e-07,1.790266510567173e-09,2.8764700000000003e-07,2.8764700000000003e-07,1.2867992945326278e-07,True,False,False,0,False,,,-0.43628380856825677,3.0,False,False,,,weekly,10.0,sigma,computed,/home/lkoo/projects/AutomationDetection/DownloadedLC/incremental/quiescent_background_cache.csv,,,,,,False,not_in_flare_streak
4FGL J2056.2-4714,346,347,57322.00001157408,2.63e-07,5.61e-08,1.14e-07,2.0802935736677116e-07,1.2867992945326278e-07,1.790266510567173e-09,1.2867992945326278e-07,1.790266510567173e-09,2.8764700000000003e-07,2.8764700000000003e-07,1.2867992945326278e-07,True,True,False,0,False,,,2.393078936491985,3.0,False,False,,,weekly,10.0,sigma,computed,/home/lkoo/projects/AutomationDetection/DownloadedLC/incremental/quiescent_background_cache.csv,,,,,,False,not_in_flare_streak
4FGL J2056.2-4714,347,348,57329.00001157408,1.16e-07,4.95e-08,2.63e-07,2.0802935736677116e-07,1.2867992945326278e-07,1.790266510567173e-09,1.2867992945326278e-07,1.790266510567173e-09,2.8764700000000003e-07,2.8764700000000003e-07,1.2867992945326278e-07,False,False,False,0,False,,,-0.2559928197419905,3.0,False,False,,,weekly,10.0,sigma,computed,/home/lkoo/projects/AutomationDetection/DownloadedLC/incremental/quiescent_background_cache.csv,,,,,,False,not_in_flare_streak
4FGL J2056.2-4714,348,349,57336.00001157408,1.81e-07,5.06e-08,1.16e-07,2.0802935736677116e-07,1.2867992945326278e-07,1.790266510567173e-09,1.2867992945326278e-07,1.790266510567173e-09,2.8764700000000003e-07,2.8764700000000003e-07,1.2867992945326278e-07,True,True,False,0,False,,,1.0333469204104229,3.0,False,False,,,weekly,10.0,sigma,computed,/home/lkoo/projects/AutomationDetection/DownloadedLC/incremental/quiescent_background_cache.csv,,,,,,False,not_in_flare_streak
4FGL J2056.2-4714,349,350,57343.00001157408,1.56e-07,4.29e-08,1.81e-07,2.0802935736677116e-07,1.2867992945326278e-07,1.790266510567173e-09,1.2867992945326278e-07,1.790266510567173e-09,2.8764700000000003e-07,2.8764700000000003e-07,1.2867992945326278e-07,False,True,False,0,False,,,0.6362776869108332,3.0,False,False,,,weekly,10.0,sigma,computed,/home/lkoo/projects/AutomationDetection/DownloadedLC/incremental/quiescent_background_cache.csv,,,,,,False,not_in_flare_streak
4FGL J2056.2-4714,350,351,57350.00001157408,9.34e-08,3.41e-08,1.56e-07,2.0802935736677116e-07,1.2867992945326278e-07,1.790266510567173e-09,1.2867992945326278e-07,1.790266510567173e-09,2.8764700000000003e-07,2.8764700000000003e-07,1.2867992945326278e-07,False,False,False,0,False,,,-1.0331791402948207,3.0,False,False,,,weekly,10.0,sigma,computed,/home/lkoo/projects/AutomationDetection/DownloadedLC/incremental/quiescent_background_cache.csv,,,,,,False,not_in_flare_streak
4FGL J2056.2-4714,351,352,57357.00001157408,1.48e-07,3.11e-08,9.34e-08,2.0802935736677116e-07,1.2867992945326278e-07,1.790266510567173e-09,1.2867992945326278e-07,1.790266510567173e-09,2.8764700000000003e-07,2.8764700000000003e-07,1.2867992945326278e-07,True,True,False,0,False,,,0.6201974057949078,3.0,False,False,,,weekly,10.0,sigma,computed,/home/lkoo/projects/AutomationDetection/DownloadedLC/incremental/quiescent_background_cache.csv,,,,,,False,not_in_flare_streak
4FGL J2056.2-4714,352,353,57364.00001157408,9.4e-08,2.89e-08,1.48e-07,2.0802935736677116e-07,1.2867992945326278e-07,1.790266510567173e-09,1.2867992945326278e-07,1.790266510567173e-09,2.8764700000000003e-07,2.8764700000000003e-07,1.2867992945326278e-07,False,False,False,0,False,,,-1.1977017152213696,3.0,False,False,,,weekly,10.0,sigma,computed,/home/lkoo/projects/AutomationDetection/DownloadedLC/incremental/quiescent_background_cache.csv,,,,,,False,not_in_flare_streak
4FGL J2056.2-4714,353,354,57371.00001157408,8.3e-08,4.15e-08,9.4e-08,2.0802935736677116e-07,1.2867992945326278e-07,1.790266510567173e-09,1.2867992945326278e-07,1.790266510567173e-09,2.8764700000000003e-07,2.8764700000000003e-07,1.2867992945326278e-07,False,False,False,0,False,,,-1.09969841483135,3.0,False,False,,,weekly,10.0,sigma,computed,/home/lkoo/projects/AutomationDetection/DownloadedLC/incremental/quiescent_background_cache.csv,,,,,,False,not_in_flare_streak
4FGL J2056.2-4714,354,355,57378.00001157408,1.01e-07,4.37e-08,8.3e-08,2.0802935736677116e-07,1.2867992945326278e-07,1.790266510567173e-09,1.2867992945326278e-07,1.790266510567173e-09,2.8764700000000003e-07,2.8764700000000003e-07,1.2867992945326278e-07,True,False,False,0,False,,,-0.6328771368817462,3.0,False,False,,,weekly,10.0,sigma,computed,/home/lkoo/projects/AutomationDetection/DownloadedLC/incremental/quiescent_background_cache.csv,,,,,,False,not_in_flare_streak
4FGL J2056.2-4714,355,356,57385.00001157408,1.13e-07,5.24e-08,1.01e-07,2.0802935736677116e-07,1.2867992945326278e-07,1.790266510567173e-09,1.2867992945326278e-07,1.790266510567173e-09,2.8764700000000003e-07,2.8764700000000003e-07,1.2867992945326278e-07,True,False,False,0,False,,,-0.29906080286926723,3.0,False,False,,,weekly,10.0,sigma,computed,/home/lkoo/projects/AutomationDetection/DownloadedLC/incremental/quiescent_background_cache.csv,,,,,,False,not_in_flare_streak
4FGL J2056.2-4714,356,357,57392.00001157408,1.11e-07,4.55e-08,1.13e-07,2.0802935736677116e-07,1.2867992945326278e-07,1.790266510567173e-09,1.2867992945326278e-07,1.790266510567173e-09,2.8764700000000003e-07,2.8764700000000003e-07,1.2867992945326278e-07,False,False,False,0,False,,,-0.38826944497181587,3.0,False,False,,,weekly,10.0,sigma,computed,/home/lkoo/projects/AutomationDetection/DownloadedLC/incremental/quiescent_background_cache.csv,,,,,,False,not_in_flare_streak
4FGL J2056.2-4714,357,358,57399.00001157408,9.82e-08,3.04e-08,1.11e-07,2.0802935736677116e-07,1.2867992945326278e-07,1.790266510567173e-09,1.2867992945326278e-07,1.790266510567173e-09,2.8764700000000003e-07,2.8764700000000003e-07,1.2867992945326278e-07,False,False,False,0,False,,,-1.0008951718428785,3.0,False,False,,,weekly,10.0,sigma,computed,/home/lkoo/projects/AutomationDetection/DownloadedLC/incremental/quiescent_background_cache.csv,,,,,,False,not_in_flare_streak
4FGL J2056.2-4714,358,359,57406.00001157408,1.31e-07,2.84e-08,9.82e-08,2.0802935736677116e-07,1.2867992945326278e-07,1.790266510567173e-09,1.2867992945326278e-07,1.790266510567173e-09,2.8764700000000003e-07,2.8764700000000003e-07,1.2867992945326278e-07,True,True,False,0,False,,,0.08153079468398122,3.0,False,False,,,weekly,10.0,sigma,computed,/home/lkoo/projects/AutomationDetection/DownloadedLC/incremental/quiescent_background_cache.csv,,,,,,False,not_in_flare_streak
4FGL J2056.2-4714,359,360,57413.00001157408,7.08e-08,2.8e-08,1.31e-07,2.0802935736677116e-07,1.2867992945326278e-07,1.790266510567173e-09,1.2867992945326278e-07,1.790266510567173e-09,2.8764700000000003e-07,2.8764700000000003e-07,1.2867992945326278e-07,False,False,False,0,False,,,-2.062927931889761,3.0,False,False,,,weekly,10.0,sigma,computed,/home/lkoo/projects/AutomationDetection/DownloadedLC/incremental/quiescent_background_cache.csv,,,,,,False,not_in_flare_streak
4FGL J2056.2-4714,360,361,57420.00001157408,9.42e-08,3.51e-08,7.08e-08,2.0802935736677116e-07,1.2867992945326278e-07,1.790266510567173e-09,1.2867992945326278e-07,1.790266510567173e-09,2.8764700000000003e-07,2.8764700000000003e-07,1.2867992945326278e-07,True,False,False,0,False,,,-0.9810588968588905,3.0,False,False,,,weekly,10.0,sigma,computed,/home/lkoo/projects/AutomationDetection/DownloadedLC/incremental/quiescent_background_cache.csv,,,,,,False,not_in_flare_streak
4FGL J2056.2-4714,361,362,57427.00001157408,1.25e-07,4.7e-08,9.42e-08,2.0802935736677116e-07,1.2867992945326278e-07,1.790266510567173e-09,1.2867992945326278e-07,1.790266510567173e-09,2.8764700000000003e-07,2.8764700000000003e-07,1.2867992945326278e-07,True,False,False,0,False,,,-0.07823963269290599,3.0,False,False,,,weekly,10.0,sigma,computed,/home/lkoo/projects/AutomationDetection/DownloadedLC/incremental/quiescent_background_cache.csv,,,,,,False,not_in_flare_streak
4FGL J2056.2-4714,362,363,57434.00001157408,1.24e-07,5.73e-08,1.25e-07,2.0802935736677116e-07,1.2867992945326278e-07,1.790266510567173e-09,1.2867992945326278e-07,1.790266510567173e-09,2.8764700000000003e-07,2.8764700000000003e-07,1.2867992945326278e-07,False,False,False,0,False,,,-0.08163432665481264,3.0,False,False,,,weekly,10.0,sigma,computed,/home/lkoo/projects/AutomationDetection/DownloadedLC/incremental/quiescent_background_cache.csv,,,,,,False,not_in_flare_streak
4FGL J2056.2-4714,363,364,57441.00001157408,1.25e-07,4.78e-08,1.24e-07,2.0802935736677116e-07,1.2867992945326278e-07,1.790266510567173e-09,1.2867992945326278e-07,1.790266510567173e-09,2.8764700000000003e-07,2.8764700000000003e-07,1.2867992945326278e-07,True,False,False,0,False,,,-0.07693203261673631,3.0,False,False,,,weekly,10.0,sigma,computed,/home/lkoo/projects/AutomationDetection/DownloadedLC/incremental/quiescent_background_cache.csv,,,,,,False,not_in_flare_streak
4FGL J2056.2-4714,364,365,57448.00001157408,7.44e-08,3.97e-08,1.25e-07,2.0802935736677116e-07,1.2867992945326278e-07,1.790266510567173e-09,1.2867992945326278e-07,1.790266510567173e-09,2.8764700000000003e-07,2.8764700000000003e-07,1.2867992945326278e-07,False,False,False,0,False,,,-1.365864561021305,3.0,False,False,,,weekly,10.0,sigma,computed,/home/lkoo/projects/AutomationDetection/DownloadedLC/incremental/quiescent_background_cache.csv,,,,,,False,not_in_flare_streak
4FGL J2056.2-4714,365,366,57455.00001157408,2.76e-08,1.88e-08,7.44e-08,2.0802935736677116e-07,1.2867992945326278e-07,1.790266510567173e-09,1.2867992945326278e-07,1.790266510567173e-09,2.8764700000000003e-07,2.8764700000000003e-07,1.2867992945326278e-07,False,False,False,0,False,,,-5.352378620124461,3.0,False,False,,,weekly,10.0,sigma,computed,/home/lkoo/projects/AutomationDetection/DownloadedLC/incremental/quiescent_background_cache.csv,,,,,,False,not_in_flare_streak
4FGL J2056.2-4714,366,367,57462.00001157408,7.42e-08,3.18e-08,2.76e-08,2.0802935736677116e-07,1.2867992945326278e-07,1.790266510567173e-09,1.2867992945326278e-07,1.790266510567173e-09,2.8764700000000003e-07,2.8764700000000003e-07,1.2867992945326278e-07,True,False,False,0,False,,,-1.7104968233334643,3.0,False,False,,,weekly,10.0,sigma,computed,/home/lkoo/projects/AutomationDetection/DownloadedLC/incremental/quiescent_background_cache.csv,,,,,,False,not_in_flare_streak
4FGL J2056.2-4714,367,368,57469.00001157408,6.38e-08,2.58e-08,7.42e-08,2.0802935736677116e-07,1.2867992945326278e-07,1.790266510567173e-09,1.2867992945326278e-07,1.790266510567173e-09,2.8764700000000003e-07,2.8764700000000003e-07,1.2867992945326278e-07,False,False,False,0,False,,,-2.5086935255034706,3.0,False,False,,,weekly,10.0,sigma,computed,/home/lkoo/projects/AutomationDetection/DownloadedLC/incremental/quiescent_background_cache.csv,,,,,,False,not_in_flare_streak
4FGL J2056.2-4714,368,369,57483.00001157408,1.52e-07,4.98e-08,6.38e-08,2.0802935736677116e-07,1.2867992945326278e-07,1.790266510567173e-09,1.2867992945326278e-07,1.790266510567173e-09,2.8764700000000003e-07,2.8764700000000003e-07,1.2867992945326278e-07,True,True,False,0,False,,,0.467972217064985,3.0,False,False,,,weekly,10.0,sigma,computed,/home/lkoo/projects/AutomationDetection/DownloadedLC/incremental/quiescent_background_cache.csv,,,,,,False,not_in_flare_streak
4FGL J2056.2-4714,369,370,57490.00001157408,1.16e-07,4.97e-08,1.52e-07,2.0802935736677116e-07,1.2867992945326278e-07,1.790266510567173e-09,1.2867992945326278e-07,1.790266510567173e-09,2.8764700000000003e-07,2.8764700000000003e-07,1.2867992945326278e-07,False,False,False,0,False,,,-0.2549640051804094,3.0,False,False,,,weekly,10.0,sigma,computed,/home/lkoo/projects/AutomationDetection/DownloadedLC/incremental/quiescent_background_cache.csv,,,,,,False,not_in_flare_streak
4FGL J2056.2-4714,370,371,57497.00001157408,4.12e-08,2.49e-08,1.16e-07,2.0802935736677116e-07,1.2867992945326278e-07,1.790266510567173e-09,1.2867992945326278e-07,1.790266510567173e-09,2.8764700000000003e-07,2.8764700000000003e-07,1.2867992945326278e-07,False,False,False,0,False,,,-3.5042046081807503,3.0,False,False,,,weekly,10.0,sigma,computed,/home/lkoo/projects/AutomationDetection/DownloadedLC/incremental/quiescent_background_cache.csv,,,,,,False,not_in_flare_streak
4FGL J2056.2-4714,371,372,57511.00001157408,7.6e-08,2.98e-08,4.12e-08,2.0802935736677116e-07,1.2867992945326278e-07,1.790266510567173e-09,1.2867992945326278e-07,1.790266510567173e-09,2.8764700000000003e-07,2.8764700000000003e-07,1.2867992945326278e-07,True,False,False,0,False,,,-1.7646013952874098,3.0,False,False,,,weekly,10.0,sigma,computed,/home/lkoo/projects/AutomationDetection/DownloadedLC/incremental/quiescent_background_cache.csv,,,,,,False,not_in_flare_streak
4FGL J2056.2-4714,372,373,57518.00001157408,1.65e-07,4.02e-08,7.6e-08,2.0802935736677116e-07,1.2867992945326278e-07,1.790266510567173e-09,1.2867992945326278e-07,1.790266510567173e-09,2.8764700000000003e-07,2.8764700000000003e-07,1.2867992945326278e-07,True,True,False,0,False,,,0.9025897427786731,3.0,False,False,,,weekly,10.0,sigma,computed,/home/lkoo/projects/AutomationDetection/DownloadedLC/incremental/quiescent_background_cache.csv,,,,,,False,not_in_flare_streak
4FGL J2056.2-4714,373,374,57525.00001157408,8.66e-08,3.38e-08,1.65e-07,2.0802935736677116e-07,1.2867992945326278e-07,1.790266510567173e-09,1.2867992945326278e-07,1.790266510567173e-09,2.8764700000000003e-07,2.8764700000000003e-07,1.2867992945326278e-07,False,False,False,0,False,,,-1.2432256469580811,3.0,False,False,,,weekly,10.0,sigma,computed,/home/lkoo/projects/AutomationDetection/DownloadedLC/incremental/quiescent_background_cache.csv,,,,,,False,not_in_flare_streak
4FGL J2056.2-4714,374,375,57532.00001157408,8.47e-08,4.52e-08,8.66e-08,2.0802935736677116e-07,1.2867992945326278e-07,1.790266510567173e-09,1.2867992945326278e-07,1.790266510567173e-09,2.8764700000000003e-07,2.8764700000000003e-07,1.2867992945326278e-07,False,False,False,0,False,,,-0.9722449746227512,3.0,False,False,,,weekly,10.0,sigma,computed,/home/lkoo/projects/AutomationDetection/DownloadedLC/incremental/quiescent_background_cache.csv,,,,,,False,not_in_flare_streak
4FGL J2056.2-4714,375,376,57539.00001157408,6.86e-08,3.06e-08,8.47e-08,2.0802935736677116e-07,1.2867992945326278e-07,1.790266510567173e-09,1.2867992945326278e-07,1.790266510567173e-09,2.8764700000000003e-07,2.8764700000000003e-07,1.2867992945326278e-07,False,False,False,0,False,,,-1.9600447474457356,3.0,False,False,,,weekly,10.0,sigma,computed,/home/lkoo/projects/AutomationDetection/DownloadedLC/incremental/quiescent_background_cache.csv,,,,,,False,not_in_flare_streak
4FGL J2056.2-4714,376,377,57546.00001157408,6.57e-08,4.42e-08,6.86e-08,2.0802935736677116e-07,1.2867992945326278e-07,1.790266510567173e-09,1.2867992945326278e-07,1.790266510567173e-09,2.8764700000000003e-07,2.8764700000000003e-07,1.2867992945326278e-07,False,False,False,0,False,,,-1.423717916447935,3.0,False,False,,,weekly,10.0,sigma,computed,/home/lkoo/projects/AutomationDetection/DownloadedLC/incremental/quiescent_background_cache.csv,,,,,,False,not_in_flare_streak
4FGL J2056.2-4714,377,378,57553.00001157408,1.27e-07,3.86e-08,6.57e-08,2.0802935736677116e-07,1.2867992945326278e-07,1.790266510567173e-09,1.2867992945326278e-07,1.790266510567173e-09,2.8764700000000003e-07,2.8764700000000003e-07,1.2867992945326278e-07,True,False,False,0,False,,,-0.0434747542556935,3.0,False,False,,,weekly,10.0,sigma,computed,/home/lkoo/projects/AutomationDetection/DownloadedLC/incremental/quiescent_background_cache.csv,,,,,,False,not_in_flare_streak
4FGL J2056.2-4714,378,379,57560.00001157408,4.44e-08,2.82e-08,1.27e-07,2.0802935736677116e-07,1.2867992945326278e-07,1.790266510567173e-09,1.2867992945326278e-07,1.790266510567173e-09,2.8764700000000003e-07,2.8764700000000003e-07,1.2867992945326278e-07,False,False,False,0,False,,,-2.9826455492496606,3.0,False,False,,,weekly,10.0,sigma,computed,/home/lkoo/projects/AutomationDetection/DownloadedLC/incremental/quiescent_background_cache.csv,,,,,,False,not_in_flare_streak
4FGL J2056.2-4714,379,380,57567.00001157408,6.54e-08,2.75e-08,4.44e-08,2.0802935736677116e-07,1.2867992945326278e-07,1.790266510567173e-09,1.2867992945326278e-07,1.790266510567173e-09,2.8764700000000003e-07,2.8764700000000003e-07,1.2867992945326278e-07,True,False,False,0,False,,,-2.2962276806049258,3.0,False,False,,,weekly,10.0,sigma,computed,/home/lkoo/projects/AutomationDetection/DownloadedLC/incremental/quiescent_background_cache.csv,,,,,,False,not_in_flare_streak
4FGL J2056.2-4714,380,381,57574.00001157408,1.74e-07,3.42e-08,6.54e-08,2.0802935736677116e-07,1.2867992945326278e-07,1.790266510567173e-09,1.2867992945326278e-07,1.790266510567173e-09,2.8764700000000003e-07,2.8764700000000003e-07,1.2867992945326278e-07,True,True,False,0,False,,,1.3233363950159267,3.0,False,False,,,weekly,10.0,sigma,computed,/home/lkoo/projects/AutomationDetection/DownloadedLC/incremental/quiescent_background_cache.csv,,,,,,False,not_in_flare_streak
4FGL J2056.2-4714,381,382,57581.00001157408,1.33e-07,3.94e-08,1.74e-07,2.0802935736677116e-07,1.2867992945326278e-07,1.790266510567173e-09,1.2867992945326278e-07,1.790266510567173e-09,2.8764700000000003e-07,2.8764700000000003e-07,1.2867992945326278e-07,False,True,False,0,False,,,0.10953344567984954,3.0,False,False,,,weekly,10.0,sigma,computed,/home/lkoo/projects/AutomationDetection/DownloadedLC/incremental/quiescent_background_cache.csv,,,,,,False,not_in_flare_streak
4FGL J2056.2-4714,382,383,57602.00001157408,5.41e-08,2.97e-08,1.33e-07,2.0802935736677116e-07,1.2867992945326278e-07,1.790266510567173e-09,1.2867992945326278e-07,1.790266510567173e-09,2.8764700000000003e-07,2.8764700000000003e-07,1.2867992945326278e-07,False,False,False,0,False,,,-2.5065591017363484,3.0,False,False,,,weekly,10.0,sigma,computed,/home/lkoo/projects/AutomationDetection/DownloadedLC/incremental/quiescent_background_cache.csv,,,,,,False,not_in_flare_streak
4FGL J2056.2-4714,383,384,57609.00001157408,5.13e-08,2.96e-08,5.41e-08,2.0802935736677116e-07,1.2867992945326278e-07,1.790266510567173e-09,1.2867992945326278e-07,1.790266510567173e-09,2.8764700000000003e-07,2.8764700000000003e-07,1.2867992945326278e-07,False,False,False,0,False,,,-2.609418445598246,3.0,False,False,,,weekly,10.0,sigma,computed,/home/lkoo/projects/AutomationDetection/DownloadedLC/incremental/quiescent_background_cache.csv,,,,,,False,not_in_flare_streak
4FGL J2056.2-4714,384,385,57616.00001157408,7.48e-08,2.68e-08,5.13e-08,2.0802935736677116e-07,1.2867992945326278e-07,1.790266510567173e-09,1.2867992945326278e-07,1.790266510567173e-09,2.8764700000000003e-07,2.8764700000000003e-07,1.2867992945326278e-07,True,False,False,0,False,,,-2.0059744086303053,3.0,False,False,,,weekly,10.0,sigma,computed,/home/lkoo/projects/AutomationDetection/DownloadedLC/incremental/quiescent_background_cache.csv,,,,,,False,not_in_flare_streak
4FGL J2056.2-4714,385,386,57623.00001157408,1.63e-07,3.49e-08,7.48e-08,2.0802935736677116e-07,1.2867992945326278e-07,1.790266510567173e-09,1.2867992945326278e-07,1.790266510567173e-09,2.8764700000000003e-07,2.8764700000000003e-07,1.2867992945326278e-07,True,True,False,0,False,,,0.9820918278998618,3.0,False,False,,,weekly,10.0,sigma,computed,/home/lkoo/projects/AutomationDetection/DownloadedLC/incremental/quiescent_background_cache.csv,,,,,,False,not_in_flare_streak
4FGL J2056.2-4714,386,387,57630.00001157408,3.02e-07,4.34e-08,1.63e-07,2.0802935736677116e-07,1.2867992945326278e-07,1.790266510567173e-09,1.2867992945326278e-07,1.790266510567173e-09,2.8764700000000003e-07,2.8764700000000003e-07,1.2867992945326278e-07,True,True,False,0,False,,,3.990156642446185,3.0,True,True,57630.00001157408,57630.00001157408,weekly,10.0,sigma,computed,/home/lkoo/projects/AutomationDetection/DownloadedLC/incremental/quiescent_background_cache.csv,,,,,,False,not_in_flare_streak
4FGL J2056.2-4714,387,388,57637.00001157408,1.7e-07,4.31e-08,3.02e-07,2.0802935736677116e-07,1.2867992945326278e-07,1.790266510567173e-09,1.2867992945326278e-07,1.790266510567173e-09,2.8764700000000003e-07,2.8764700000000003e-07,1.2867992945326278e-07,False,True,False,0,False,,,0.9578763461217535,3.0,False,True,57630.00001157408,57637.00001157408,weekly,10.0,sigma,computed,/home/lkoo/projects/AutomationDetection/DownloadedLC/incremental/quiescent_background_cache.csv,,,,,,False,not_in_flare_streak
4FGL J2056.2-4714,388,389,57644.00001157408,1.47e-07,5.12e-08,1.7e-07,2.0802935736677116e-07,1.2867992945326278e-07,1.790266510567173e-09,1.2867992945326278e-07,1.790266510567173e-09,2.8764700000000003e-07,2.8764700000000003e-07,1.2867992945326278e-07,False,True,False,0,False,,,0.3575953410430795,3.0,False,True,57630.00001157408,57644.00001157408,weekly,10.0,sigma,computed,/home/lkoo/projects/AutomationDetection/DownloadedLC/incremental/quiescent_background_cache.csv,,,,,,False,not_in_flare_streak
4FGL J2056.2-4714,389,390,57651.00001157408,6.1e-08,3.79e-08,1.47e-07,2.0802935736677116e-07,1.2867992945326278e-07,1.790266510567173e-09,1.2867992945326278e-07,1.790266510567173e-09,2.8764700000000003e-07,2.8764700000000003e-07,1.2867992945326278e-07,False,False,False,0,False,,,-1.7837611778301259,3.0,False,False,,,weekly,10.0,sigma,computed,/home/lkoo/projects/AutomationDetection/DownloadedLC/incremental/quiescent_background_cache.csv,,,,,,False,not_in_flare_streak
4FGL J2056.2-4714,390,391,57658.00001157408,2.91e-08,2.69e-08,6.1e-08,2.0802935736677116e-07,1.2867992945326278e-07,1.790266510567173e-09,1.2867992945326278e-07,1.790266510567173e-09,2.8764700000000003e-07,2.8764700000000003e-07,1.2867992945326278e-07,False,False,False,0,False,,,-3.6936850126058487,3.0,False,False,,,weekly,10.0,sigma,computed,/home/lkoo/projects/AutomationDetection/DownloadedLC/incremental/quiescent_background_cache.csv,,,,,,False,not_in_flare_streak
4FGL J2056.2-4714,391,392,57665.00001157408,5.16e-08,2.36e-08,2.91e-08,2.0802935736677116e-07,1.2867992945326278e-07,1.790266510567173e-09,1.2867992945326278e-07,1.790266510567173e-09,2.8764700000000003e-07,2.8764700000000003e-07,1.2867992945326278e-07,True,False,False,0,False,,,-3.2567416065719397,3.0,False,False,,,weekly,10.0,sigma,computed,/home/lkoo/projects/AutomationDetection/DownloadedLC/incremental/quiescent_background_cache.csv,,,,,,False,not_in_flare_streak
4FGL J2056.2-4714,392,393,57672.00001157408,4.25e-08,2.58e-08,5.16e-08,2.0802935736677116e-07,1.2867992945326278e-07,1.790266510567173e-09,1.2867992945326278e-07,1.790266510567173e-09,2.8764700000000003e-07,2.8764700000000003e-07,1.2867992945326278e-07,False,False,False,0,False,,,-3.3322944841283837,3.0,False,False,,,weekly,10.0,sigma,computed,/home/lkoo/projects/AutomationDetection/DownloadedLC/incremental/quiescent_background_cache.csv,,,,,,False,not_in_flare_streak
4FGL J2056.2-4714,393,394,57686.00001157408,1.17e-07,5.58e-08,4.25e-08,2.0802935736677116e-07,1.2867992945326278e-07,1.790266510567173e-09,1.2867992945326278e-07,1.790266510567173e-09,2.8764700000000003e-07,2.8764700000000003e-07,1.2867992945326278e-07,True,False,False,0,False,,,-0.20921008366356508,3.0,False,False,,,weekly,10.0,sigma,computed,/home/lkoo/projects/AutomationDetection/DownloadedLC/incremental/quiescent_background_cache.csv,,,,,,False,not_in_flare_streak
4FGL J2056.2-4714,394,395,57707.00001157408,1.53e-07,5.69e-08,1.17e-07,2.0802935736677116e-07,1.2867992945326278e-07,1.790266510567173e-09,1.2867992945326278e-07,1.790266510567173e-09,2.8764700000000003e-07,2.8764700000000003e-07,1.2867992945326278e-07,True,True,False,0,False,,,0.42720635706492693,3.0,False,False,,,weekly,10.0,sigma,computed,/home/lkoo/projects/AutomationDetection/DownloadedLC/incremental/quiescent_background_cache.csv,,,,,,False,not_in_flare_streak
4FGL J2056.2-4714,395,396,57742.00001157408,2.51e-08,1.86e-08,1.53e-07,2.0802935736677116e-07,1.2867992945326278e-07,1.790266510567173e-09,1.2867992945326278e-07,1.790266510567173e-09,2.8764700000000003e-07,2.8764700000000003e-07,1.2867992945326278e-07,False,False,False,0,False,,,-5.543195876264987,3.0,False,False,,,weekly,10.0,sigma,computed,/home/lkoo/projects/AutomationDetection/DownloadedLC/incremental/quiescent_background_cache.csv,,,,,,False,not_in_flare_streak
4FGL J2056.2-4714,396,397,57826.00001157408,1.86e-08,1.67e-08,2.51e-08,2.0802935736677116e-07,1.2867992945326278e-07,1.790266510567173e-09,1.2867992945326278e-07,1.790266510567173e-09,2.8764700000000003e-07,2.8764700000000003e-07,1.2867992945326278e-07,False,False,False,0,False,,,-6.554059905086039,3.0,False,False,,,weekly,10.0,sigma,computed,/home/lkoo/projects/AutomationDetection/DownloadedLC/incremental/quiescent_background_cache.csv,,,,,,False,not_in_flare_streak
4FGL J2056.2-4714,397,398,57861.00001157408,1.75e-08,1.37e-08,1.86e-08,2.0802935736677116e-07,1.2867992945326278e-07,1.790266510567173e-09,1.2867992945326278e-07,1.790266510567173e-09,2.8764700000000003e-07,2.8764700000000003e-07,1.2867992945326278e-07,False,False,False,0,False,,,-8.04690836606401,3.0,False,False,,,weekly,10.0,sigma,computed,/home/lkoo/projects/AutomationDetection/DownloadedLC/incremental/quiescent_background_cache.csv,,,,,,False,not_in_flare_streak
4FGL J2056.2-4714,398,399,57868.00001157408,7.62e-08,4.03e-08,1.75e-08,2.0802935736677116e-07,1.2867992945326278e-07,1.790266510567173e-09,1.2867992945326278e-07,1.790266510567173e-09,2.8764700000000003e-07,2.8764700000000003e-07,1.2867992945326278e-07,True,False,False,0,False,,,-1.300948456902865,3.0,False,False,,,weekly,10.0,sigma,computed,/home/lkoo/projects/AutomationDetection/DownloadedLC/incremental/quiescent_background_cache.csv,,,,,,False,not_in_flare_streak
4FGL J2056.2-4714,399,400,57889.00001157408,1.34e-08,1.04e-08,7.62e-08,2.0802935736677116e-07,1.2867992945326278e-07,1.790266510567173e-09,1.2867992945326278e-07,1.790266510567173e-09,2.8764700000000003e-07,2.8764700000000003e-07,1.2867992945326278e-07,False,False,False,0,False,,,-10.923938228985797,3.0,False,False,,,weekly,10.0,sigma,computed,/home/lkoo/projects/AutomationDetection/DownloadedLC/incremental/quiescent_background_cache.csv,,,,,,False,not_in_flare_streak
4FGL J2056.2-4714,400,401,57917.00001157408,6.39e-08,3.55e-08,1.34e-08,2.0802935736677116e-07,1.2867992945326278e-07,1.790266510567173e-09,1.2867992945326278e-07,1.790266510567173e-09,2.8764700000000003e-07,2.8764700000000003e-07,1.2867992945326278e-07,True,False,False,0,False,,,-1.8224707727306177,3.0,False,False,,,weekly,10.0,sigma,computed,/home/lkoo/projects/AutomationDetection/DownloadedLC/incremental/quiescent_background_cache.csv,,,,,,False,not_in_flare_streak
4FGL J2056.2-4714,401,402,57931.00001157408,9.73e-08,2.79e-08,6.39e-08,2.0802935736677116e-07,1.2867992945326278e-07,1.790266510567173e-09,1.2867992945326278e-07,1.790266510567173e-09,2.8764700000000003e-07,2.8764700000000003e-07,1.2867992945326278e-07,True,False,False,0,False,,,-1.1224202805160288,3.0,False,False,,,weekly,10.0,sigma,computed,/home/lkoo/projects/AutomationDetection/DownloadedLC/incremental/quiescent_background_cache.csv,,,,,,False,not_in_flare_streak
4FGL J2056.2-4714,402,403,57952.00001157408,7.11e-08,4.17e-08,9.73e-08,2.0802935736677116e-07,1.2867992945326278e-07,1.790266510567173e-09,1.2867992945326278e-07,1.790266510567173e-09,2.8764700000000003e-07,2.8764700000000003e-07,1.2867992945326278e-07,False,False,False,0,False,,,-1.3795428814468078,3.0,False,False,,,weekly,10.0,sigma,computed,/home/lkoo/projects/AutomationDetection/DownloadedLC/incremental/quiescent_background_cache.csv,,,,,,False,not_in_flare_streak
4FGL J2056.2-4714,403,404,57980.00001157408,3.78e-08,2.16e-08,7.11e-08,2.0802935736677116e-07,1.2867992945326278e-07,1.790266510567173e-09,1.2867992945326278e-07,1.790266510567173e-09,2.8764700000000003e-07,2.8764700000000003e-07,1.2867992945326278e-07,False,False,False,0,False,,,-4.19302670121081,3.0,False,False,,,weekly,10.0,sigma,computed,/home/lkoo/projects/AutomationDetection/DownloadedLC/incremental/quiescent_background_cache.csv,,,,,,False,not_in_flare_streak
4FGL J2056.2-4714,404,405,57987.00001157408,5.08e-08,2.26e-08,3.78e-08,2.0802935736677116e-07,1.2867992945326278e-07,1.790266510567173e-09,1.2867992945326278e-07,1.790266510567173e-09,2.8764700000000003e-07,2.8764700000000003e-07,1.2867992945326278e-07,True,False,False,0,False,,,-3.435253208017931,3.0,False,False,,,weekly,10.0,sigma,computed,/home/lkoo/projects/AutomationDetection/DownloadedLC/incremental/quiescent_background_cache.csv,,,,,,False,not_in_flare_streak
4FGL J2056.2-4714,405,406,57994.00001157408,1.04e-07,3.58e-08,5.08e-08,2.0802935736677116e-07,1.2867992945326278e-07,1.790266510567173e-09,1.2867992945326278e-07,1.790266510567173e-09,2.8764700000000003e-07,2.8764700000000003e-07,1.2867992945326278e-07,True,False,False,0,False,,,-0.6885231316215755,3.0,False,False,,,weekly,10.0,sigma,computed,/home/lkoo/projects/AutomationDetection/DownloadedLC/incremental/quiescent_background_cache.csv,,,,,,False,not_in_flare_streak
4FGL J2056.2-4714,406,407,58001.00001157408,5.71e-08,2.41e-08,1.04e-07,2.0802935736677116e-07,1.2867992945326278e-07,1.790266510567173e-09,1.2867992945326278e-07,1.790266510567173e-09,2.8764700000000003e-07,2.8764700000000003e-07,1.2867992945326278e-07,False,False,False,0,False,,,-2.9619603800408743,3.0,False,False,,,weekly,10.0,sigma,computed,/home/lkoo/projects/AutomationDetection/DownloadedLC/incremental/quiescent_background_cache.csv,,,,,,False,not_in_flare_streak
4FGL J2056.2-4714,407,408,58008.00001157408,1.8e-07,4.72e-08,5.71e-08,2.0802935736677116e-07,1.2867992945326278e-07,1.790266510567173e-09,1.2867992945326278e-07,1.790266510567173e-09,2.8764700000000003e-07,2.8764700000000003e-07,1.2867992945326278e-07,True,True,False,0,False,,,1.0865083652739402,3.0,False,False,,,weekly,10.0,sigma,computed,/home/lkoo/projects/AutomationDetection/DownloadedLC/incremental/quiescent_background_cache.csv,,,,,,False,not_in_flare_streak
4FGL J2056.2-4714,408,409,58015.00001157408,1.84e-07,5.09e-08,1.8e-07,2.0802935736677116e-07,1.2867992945326278e-07,1.790266510567173e-09,1.2867992945326278e-07,1.790266510567173e-09,2.8764700000000003e-07,2.8764700000000003e-07,1.2867992945326278e-07,True,True,False,0,False,,,1.0861666881308483,3.0,False,False,,,weekly,10.0,sigma,computed,/home/lkoo/projects/AutomationDetection/DownloadedLC/incremental/quiescent_background_cache.csv,,,,,,False,not_in_flare_streak
4FGL J2056.2-4714,409,410,58022.00001157408,9.32e-08,5.16e-08,1.84e-07,2.0802935736677116e-07,1.2867992945326278e-07,1.790266510567173e-09,1.2867992945326278e-07,1.790266510567173e-09,2.8764700000000003e-07,2.8764700000000003e-07,1.2867992945326278e-07,False,False,False,0,False,,,-0.6871820590426404,3.0,False,False,,,weekly,10.0,sigma,computed,/home/lkoo/projects/AutomationDetection/DownloadedLC/incremental/quiescent_background_cache.csv,,,,,,False,not_in_flare_streak
4FGL J2056.2-4714,410,411,58029.00001157408,1.74e-07,4.23e-08,9.32e-08,2.0802935736677116e-07,1.2867992945326278e-07,1.790266510567173e-09,1.2867992945326278e-07,1.790266510567173e-09,2.8764700000000003e-07,2.8764700000000003e-07,1.2867992945326278e-07,True,True,False,0,False,,,1.0704381880094807,3.0,False,False,,,weekly,10.0,sigma,computed,/home/lkoo/projects/AutomationDetection/DownloadedLC/incremental/quiescent_background_cache.csv,,,,,,False,not_in_flare_streak
4FGL J2056.2-4714,411,412,58036.00001157408,7.53e-08,3.09e-08,1.74e-07,2.0802935736677116e-07,1.2867992945326278e-07,1.790266510567173e-09,1.2867992945326278e-07,1.790266510567173e-09,2.8764700000000003e-07,2.8764700000000003e-07,1.2867992945326278e-07,False,False,False,0,False,,,-1.7246136879177296,3.0,False,False,,,weekly,10.0,sigma,computed,/home/lkoo/projects/AutomationDetection/DownloadedLC/incremental/quiescent_background_cache.csv,,,,,,False,not_in_flare_streak
4FGL J2056.2-4714,412,413,58043.00001157408,1.78e-07,3.51e-08,7.53e-08,2.0802935736677116e-07,1.2867992945326278e-07,1.790266510567173e-09,1.2867992945326278e-07,1.790266510567173e-09,2.8764700000000003e-07,2.8764700000000003e-07,1.2867992945326278e-07,True,True,False,0,False,,,1.4033060615501345,3.0,False,False,,,weekly,10.0,sigma,computed,/home/lkoo/projects/AutomationDetection/DownloadedLC/incremental/quiescent_background_cache.csv,,,,,,False,not_in_flare_streak
4FGL J2056.2-4714,413,414,58050.00001157408,1.59e-07,3.46e-08,1.78e-07,2.0802935736677116e-07,1.2867992945326278e-07,1.790266510567173e-09,1.2867992945326278e-07,1.790266510567173e-09,2.8764700000000003e-07,2.8764700000000003e-07,1.2867992945326278e-07,False,True,False,0,False,,,0.8751319419839058,3.0,False,False,,,weekly,10.0,sigma,computed,/home/lkoo/projects/AutomationDetection/DownloadedLC/incremental/quiescent_background_cache.csv,,,,,,False,not_in_flare_streak
4FGL J2056.2-4714,414,415,58057.00001157408,2.26e-07,4.25e-08,1.59e-07,2.0802935736677116e-07,1.2867992945326278e-07,1.790266510567173e-09,1.2867992945326278e-07,1.790266510567173e-09,2.8764700000000003e-07,2.8764700000000003e-07,1.2867992945326278e-07,True,True,False,0,False,,,2.2878550994804305,3.0,False,False,,,weekly,10.0,sigma,computed,/home/lkoo/projects/AutomationDetection/DownloadedLC/incremental/quiescent_background_cache.csv,,,,,,False,not_in_flare_streak
4FGL J2056.2-4714,415,416,58064.00001157408,1.42e-07,4.48e-08,2.26e-07,2.0802935736677116e-07,1.2867992945326278e-07,1.790266510567173e-09,1.2867992945326278e-07,1.790266510567173e-09,2.8764700000000003e-07,2.8764700000000003e-07,1.2867992945326278e-07,False,True,False,0,False,,,0.2970858887837678,3.0,False,False,,,weekly,10.0,sigma,computed,/home/lkoo/projects/AutomationDetection/DownloadedLC/incremental/quiescent_background_cache.csv,,,,,,False,not_in_flare_streak
4FGL J2056.2-4714,416,417,58071.00001157408,4.64e-08,2.65e-08,1.42e-07,2.0802935736677116e-07,1.2867992945326278e-07,1.790266510567173e-09,1.2867992945326278e-07,1.790266510567173e-09,2.8764700000000003e-07,2.8764700000000003e-07,1.2867992945326278e-07,False,False,False,0,False,,,-3.0978418035450144,3.0,False,False,,,weekly,10.0,sigma,computed,/home/lkoo/projects/AutomationDetection/DownloadedLC/incremental/quiescent_background_cache.csv,,,,,,False,not_in_flare_streak
4FGL J2056.2-4714,417,418,58078.00001157408,1.25e-07,6.77e-08,4.64e-08,2.0802935736677116e-07,1.2867992945326278e-07,1.790266510567173e-09,1.2867992945326278e-07,1.790266510567173e-09,2.8764700000000003e-07,2.8764700000000003e-07,1.2867992945326278e-07,True,False,False,0,False,,,-0.054337421811237206,3.0,False,False,,,weekly,10.0,sigma,computed,/home/lkoo/projects/AutomationDetection/DownloadedLC/incremental/quiescent_background_cache.csv,,,,,,False,not_in_flare_streak
4FGL J2056.2-4714,418,419,58085.00001157408,1.44e-07,3.79e-08,1.25e-07,2.0802935736677116e-07,1.2867992945326278e-07,1.790266510567173e-09,1.2867992945326278e-07,1.790266510567173e-09,2.8764700000000003e-07,2.8764700000000003e-07,1.2867992945326278e-07,True,True,False,0,False,,,0.40377327966572174,3.0,False,False,,,weekly,10.0,sigma,computed,/home/lkoo/projects/AutomationDetection/DownloadedLC/incremental/quiescent_background_cache.csv,,,,,,False,not_in_flare_streak
4FGL J2056.2-4714,419,420,58092.00001157408,2.1e-07,3.75e-08,1.44e-07,2.0802935736677116e-07,1.2867992945326278e-07,1.790266510567173e-09,1.2867992945326278e-07,1.790266510567173e-09,2.8764700000000003e-07,2.8764700000000003e-07,1.2867992945326278e-07,True,True,False,0,False,,,2.166068222637513,3.0,False,False,,,weekly,10.0,sigma,computed,/home/lkoo/projects/AutomationDetection/DownloadedLC/incremental/quiescent_background_cache.csv,,,,,,False,not_in_flare_streak
4FGL J2056.2-4714,420,421,58099.00001157408,5.21e-08,2.75e-08,2.1e-07,2.0802935736677116e-07,1.2867992945326278e-07,1.790266510567173e-09,1.2867992945326278e-07,1.790266510567173e-09,2.8764700000000003e-07,2.8764700000000003e-07,1.2867992945326278e-07,False,False,False,0,False,,,-2.7788424435464933,3.0,False,False,,,weekly,10.0,sigma,computed,/home/lkoo/projects/AutomationDetection/DownloadedLC/incremental/quiescent_background_cache.csv,,,,,,False,not_in_flare_streak
4FGL J2056.2-4714,421,422,58106.00001157408,1.07e-07,3.46e-08,5.21e-08,2.0802935736677116e-07,1.2867992945326278e-07,1.790266510567173e-09,1.2867992945326278e-07,1.790266510567173e-09,2.8764700000000003e-07,2.8764700000000003e-07,1.2867992945326278e-07,True,False,False,0,False,,,-0.6257504821851284,3.0,False,False,,,weekly,10.0,sigma,computed,/home/lkoo/projects/AutomationDetection/DownloadedLC/incremental/quiescent_background_cache.csv,,,,,,False,not_in_flare_streak
4FGL J2056.2-4714,422,423,58113.00001157408,4.48e-08,2.74e-08,1.07e-07,2.0802935736677116e-07,1.2867992945326278e-07,1.790266510567173e-09,1.2867992945326278e-07,1.790266510567173e-09,2.8764700000000003e-07,2.8764700000000003e-07,1.2867992945326278e-07,False,False,False,0,False,,,-3.054797651202375,3.0,False,False,,,weekly,10.0,sigma,computed,/home/lkoo/projects/AutomationDetection/DownloadedLC/incremental/quiescent_background_cache.csv,,,,,,False,not_in_flare_streak
4FGL J2056.2-4714,423,424,58134.00001157408,6.17e-08,3.48e-08,4.48e-08,2.0802935736677116e-07,1.2867992945326278e-07,1.790266510567173e-09,1.2867992945326278e-07,1.790266510567173e-09,2.8764700000000003e-07,2.8764700000000003e-07,1.2867992945326278e-07,True,False,False,0,False,,,-1.922168758109473,3.0,False,False,,,weekly,10.0,sigma,computed,/home/lkoo/projects/AutomationDetection/DownloadedLC/incremental/quiescent_background_cache.csv,,,,,,False,not_in_flare_streak
4FGL J2056.2-4714,424,425,58141.00001157408,1.36e-07,3.47e-08,6.17e-08,2.0802935736677116e-07,1.2867992945326278e-07,1.790266510567173e-09,1.2867992945326278e-07,1.790266510567173e-09,2.8764700000000003e-07,2.8764700000000003e-07,1.2867992945326278e-07,True,True,False,0,False,,,0.21067284289207625,3.0,False,False,,,weekly,10.0,sigma,computed,/home/lkoo/projects/AutomationDetection/DownloadedLC/incremental/quiescent_background_cache.csv,,,,,,False,not_in_flare_streak
4FGL J2056.2-4714,425,426,58148.00001157408,8.79e-08,3.51e-08,1.36e-07,2.0802935736677116e-07,1.2867992945326278e-07,1.790266510567173e-09,1.2867992945326278e-07,1.790266510567173e-09,2.8764700000000003e-07,2.8764700000000003e-07,1.2867992945326278e-07,False,False,False,0,False,,,-1.1603130643765138,3.0,False,False,,,weekly,10.0,sigma,computed,/home/lkoo/projects/AutomationDetection/DownloadedLC/incremental/quiescent_background_cache.csv,,,,,,False,not_in_flare_streak
4FGL J2056.2-4714,426,427,58155.00001157408,1.25e-07,3.36e-08,8.79e-08,2.0802935736677116e-07,1.2867992945326278e-07,1.790266510567173e-09,1.2867992945326278e-07,1.790266510567173e-09,2.8764700000000003e-07,2.8764700000000003e-07,1.2867992945326278e-07,True,False,False,0,False,,,-0.10936657715171459,3.0,False,False,,,weekly,10.0,sigma,computed,/home/lkoo/projects/AutomationDetection/DownloadedLC/incremental/quiescent_background_cache.csv,,,,,,False,not_in_flare_streak
4FGL J2056.2-4714,427,428,58162.00001157408,9.99e-08,4.13e-08,1.25e-07,2.0802935736677116e-07,1.2867992945326278e-07,1.790266510567173e-09,1.2867992945326278e-07,1.790266510567173e-09,2.8764700000000003e-07,2.8764700000000003e-07,1.2867992945326278e-07,False,False,False,0,False,,,-0.6961968093730754,3.0,False,False,,,weekly,10.0,sigma,computed,/home/lkoo/projects/AutomationDetection/DownloadedLC/incremental/quiescent_background_cache.csv,,,,,,False,not_in_flare_streak
4FGL J2056.2-4714,428,429,58169.00001157408,4.41e-08,2.62e-08,9.99e-08,2.0802935736677116e-07,1.2867992945326278e-07,1.790266510567173e-09,1.2867992945326278e-07,1.790266510567173e-09,2.8764700000000003e-07,2.8764700000000003e-07,1.2867992945326278e-07,False,False,False,0,False,,,-3.2207313866014884,3.0,False,False,,,weekly,10.0,sigma,computed,/home/lkoo/projects/AutomationDetection/DownloadedLC/incremental/quiescent_background_cache.csv,,,,,,False,not_in_flare_streak
4FGL J2056.2-4714,429,430,58176.00001157408,7.4e-08,4.72e-08,4.41e-08,2.0802935736677116e-07,1.2867992945326278e-07,1.790266510567173e-09,1.2867992945326278e-07,1.790266510567173e-09,2.8764700000000003e-07,2.8764700000000003e-07,1.2867992945326278e-07,True,False,False,0,False,,,-1.1576406682733222,3.0,False,False,,,weekly,10.0,sigma,computed,/home/lkoo/projects/AutomationDetection/DownloadedLC/incremental/quiescent_background_cache.csv,,,,,,False,not_in_flare_streak
4FGL J2056.2-4714,430,431,58183.00001157408,1.35e-07,4.44e-08,7.4e-08,2.0802935736677116e-07,1.2867992945326278e-07,1.790266510567173e-09,1.2867992945326278e-07,1.790266510567173e-09,2.8764700000000003e-07,2.8764700000000003e-07,1.2867992945326278e-07,True,True,False,0,False,,,0.14222836013737977,3.0,False,False,,,weekly,10.0,sigma,computed,/home/lkoo/projects/AutomationDetection/DownloadedLC/incremental/quiescent_background_cache.csv,,,,,,False,not_in_flare_streak
4FGL J2056.2-4714,431,432,58190.00001157408,2.45e-07,6.57e-08,1.35e-07,2.0802935736677116e-07,1.2867992945326278e-07,1.790266510567173e-09,1.2867992945326278e-07,1.790266510567173e-09,2.8764700000000003e-07,2.8764700000000003e-07,1.2867992945326278e-07,True,True,False,0,False,,,1.7698159808427976,3.0,False,False,,,weekly,10.0,sigma,computed,/home/lkoo/projects/AutomationDetection/DownloadedLC/incremental/quiescent_background_cache.csv,,,,,,False,not_in_flare_streak
4FGL J2056.2-4714,432,433,58211.00001157408,1.79e-07,2.88e-08,2.45e-07,2.0802935736677116e-07,1.2867992945326278e-07,1.790266510567173e-09,1.2867992945326278e-07,1.790266510567173e-09,2.8764700000000003e-07,2.8764700000000003e-07,1.2867992945326278e-07,False,True,False,0,False,,,1.7438586822577353,3.0,False,False,,,weekly,10.0,sigma,computed,/home/lkoo/projects/AutomationDetection/DownloadedLC/incremental/quiescent_background_cache.csv,,,,,,False,not_in_flare_streak
4FGL J2056.2-4714,433,434,58218.00001157408,9.91e-08,2.69e-08,1.79e-07,2.0802935736677116e-07,1.2867992945326278e-07,1.790266510567173e-09,1.2867992945326278e-07,1.790266510567173e-09,2.8764700000000003e-07,2.8764700000000003e-07,1.2867992945326278e-07,False,False,False,0,False,,,-1.097198428391487,3.0,False,False,,,weekly,10.0,sigma,computed,/home/lkoo/projects/AutomationDetection/DownloadedLC/incremental/quiescent_background_cache.csv,,,,,,False,not_in_flare_streak
4FGL J2056.2-4714,434,435,58225.00001157408,1.24e-07,3.6e-08,9.91e-08,2.0802935736677116e-07,1.2867992945326278e-07,1.790266510567173e-09,1.2867992945326278e-07,1.790266510567173e-09,2.8764700000000003e-07,2.8764700000000003e-07,1.2867992945326278e-07,True,False,False,0,False,,,-0.12983759300823544,3.0,False,False,,,weekly,10.0,sigma,computed,/home/lkoo/projects/AutomationDetection/DownloadedLC/incremental/quiescent_background_cache.csv,,,,,,False,not_in_flare_streak
4FGL J2056.2-4714,435,436,58232.00001157408,1.67e-07,4.03e-08,1.24e-07,2.0802935736677116e-07,1.2867992945326278e-07,1.790266510567173e-09,1.2867992945326278e-07,1.790266510567173e-09,2.8764700000000003e-07,2.8764700000000003e-07,1.2867992945326278e-07,True,True,False,0,False,,,0.9499333776845862,3.0,False,False,,,weekly,10.0,sigma,computed,/home/lkoo/projects/AutomationDetection/DownloadedLC/incremental/quiescent_background_cache.csv,,,,,,False,not_in_flare_streak
4FGL J2056.2-4714,436,437,58246.00001157408,1.61e-07,5.74e-08,1.67e-07,2.0802935736677116e-07,1.2867992945326278e-07,1.790266510567173e-09,1.2867992945326278e-07,1.790266510567173e-09,2.8764700000000003e-07,2.8764700000000003e-07,1.2867992945326278e-07,False,True,False,0,False,,,0.5627937623257416,3.0,False,False,,,weekly,10.0,sigma,computed,/home/lkoo/projects/AutomationDetection/DownloadedLC/incremental/quiescent_background_cache.csv,,,,,,False,not_in_flare_streak
4FGL J2056.2-4714,437,438,58253.00001157408,9.83e-08,2.19e-08,1.61e-07,2.0802935736677116e-07,1.2867992945326278e-07,1.790266510567173e-09,1.2867992945326278e-07,1.790266510567173e-09,2.8764700000000003e-07,2.8764700000000003e-07,1.2867992945326278e-07,False,False,False,0,False,,,-1.3825993856161316,3.0,False,False,,,weekly,10.0,sigma,computed,/home/lkoo/projects/AutomationDetection/DownloadedLC/incremental/quiescent_background_cache.csv,,,,,,False,not_in_flare_streak
4FGL J2056.2-4714,438,439,58260.00001157408,1.57e-07,4.45e-08,9.83e-08,2.0802935736677116e-07,1.2867992945326278e-07,1.790266510567173e-09,1.2867992945326278e-07,1.790266510567173e-09,2.8764700000000003e-07,2.8764700000000003e-07,1.2867992945326278e-07,True,True,False,0,False,,,0.6358916892652354,3.0,False,False,,,weekly,10.0,sigma,computed,/home/lkoo/projects/AutomationDetection/DownloadedLC/incremental/quiescent_background_cache.csv,,,,,,False,not_in_flare_streak
4FGL J2056.2-4714,439,440,58267.00001157408,1.14e-07,4.92e-08,1.57e-07,2.0802935736677116e-07,1.2867992945326278e-07,1.790266510567173e-09,1.2867992945326278e-07,1.790266510567173e-09,2.8764700000000003e-07,2.8764700000000003e-07,1.2867992945326278e-07,False,False,False,0,False,,,-0.2981752153584015,3.0,False,False,,,weekly,10.0,sigma,computed,/home/lkoo/projects/AutomationDetection/DownloadedLC/incremental/quiescent_background_cache.csv,,,,,,False,not_in_flare_streak
4FGL J2056.2-4714,440,441,58274.00001157408,1.16e-07,5.23e-08,1.14e-07,2.0802935736677116e-07,1.2867992945326278e-07,1.790266510567173e-09,1.2867992945326278e-07,1.790266510567173e-09,2.8764700000000003e-07,2.8764700000000003e-07,1.2867992945326278e-07,True,False,False,0,False,,,-0.24230415243628398,3.0,False,False,,,weekly,10.0,sigma,computed,/home/lkoo/projects/AutomationDetection/DownloadedLC/incremental/quiescent_background_cache.csv,,,,,,False,not_in_flare_streak
4FGL J2056.2-4714,441,442,58281.00001157408,1.54e-07,3.73e-08,1.16e-07,2.0802935736677116e-07,1.2867992945326278e-07,1.790266510567173e-09,1.2867992945326278e-07,1.790266510567173e-09,2.8764700000000003e-07,2.8764700000000003e-07,1.2867992945326278e-07,True,True,False,0,False,,,0.6780417283334328,3.0,False,False,,,weekly,10.0,sigma,computed,/home/lkoo/projects/AutomationDetection/DownloadedLC/incremental/quiescent_background_cache.csv,,,,,,False,not_in_flare_streak
4FGL J2056.2-4714,442,443,58295.00001157408,1.79e-07,3.01e-08,1.54e-07,2.0802935736677116e-07,1.2867992945326278e-07,1.790266510567173e-09,1.2867992945326278e-07,1.790266510567173e-09,2.8764700000000003e-07,2.8764700000000003e-07,1.2867992945326278e-07,True,True,False,0,False,,,1.6688139918843754,3.0,False,False,,,weekly,10.0,sigma,computed,/home/lkoo/projects/AutomationDetection/DownloadedLC/incremental/quiescent_background_cache.csv,,,,,,False,not_in_flare_streak
4FGL J2056.2-4714,443,444,58302.00001157408,2.43e-07,4.67e-08,1.79e-07,2.0802935736677116e-07,1.2867992945326278e-07,1.790266510567173e-09,1.2867992945326278e-07,1.790266510567173e-09,2.8764700000000003e-07,2.8764700000000003e-07,1.2867992945326278e-07,True,True,False,0,False,,,2.4461704530238397,3.0,False,False,,,weekly,10.0,sigma,computed,/home/lkoo/projects/AutomationDetection/DownloadedLC/incremental/quiescent_background_cache.csv,,,,,,False,not_in_flare_streak
4FGL J2056.2-4714,444,445,58316.00001157408,1.59e-07,1.01e-07,2.43e-07,2.0802935736677116e-07,1.2867992945326278e-07,1.790266510567173e-09,1.2867992945326278e-07,1.790266510567173e-09,2.8764700000000003e-07,2.8764700000000003e-07,1.2867992945326278e-07,False,True,False,0,False,,,0.3001515696475524,3.0,False,False,,,weekly,10.0,sigma,computed,/home/lkoo/projects/AutomationDetection/DownloadedLC/incremental/quiescent_background_cache.csv,,,,,,False,not_in_flare_streak
4FGL J2056.2-4714,445,446,58323.00001157408,1.34e-07,3.33e-08,1.59e-07,2.0802935736677116e-07,1.2867992945326278e-07,1.790266510567173e-09,1.2867992945326278e-07,1.790266510567173e-09,2.8764700000000003e-07,2.8764700000000003e-07,1.2867992945326278e-07,False,True,False,0,False,,,0.15953149557408294,3.0,False,False,,,weekly,10.0,sigma,computed,/home/lkoo/projects/AutomationDetection/DownloadedLC/incremental/quiescent_background_cache.csv,,,,,,False,not_in_flare_streak
4FGL J2056.2-4714,446,447,58330.00001157408,1.69e-07,6.62e-08,1.34e-07,2.0802935736677116e-07,1.2867992945326278e-07,1.790266510567173e-09,1.2867992945326278e-07,1.790266510567173e-09,2.8764700000000003e-07,2.8764700000000003e-07,1.2867992945326278e-07,True,True,False,0,False,,,0.6088419152015835,3.0,False,False,,,weekly,10.0,sigma,computed,/home/lkoo/projects/AutomationDetection/DownloadedLC/incremental/quiescent_background_cache.csv,,,,,,False,not_in_flare_streak
4FGL J2056.2-4714,447,448,58344.00001157408,1.62e-07,3.47e-08,1.69e-07,2.0802935736677116e-07,1.2867992945326278e-07,1.790266510567173e-09,1.2867992945326278e-07,1.790266510567173e-09,2.8764700000000003e-07,2.8764700000000003e-07,1.2867992945326278e-07,False,True,False,0,False,,,0.9589571497469423,3.0,False,False,,,weekly,10.0,sigma,computed,/home/lkoo/projects/AutomationDetection/DownloadedLC/incremental/quiescent_background_cache.csv,,,,,,False,not_in_flare_streak
4FGL J2056.2-4714,448,449,58351.00001157408,1.32e-07,3.86e-08,1.62e-07,2.0802935736677116e-07,1.2867992945326278e-07,1.790266510567173e-09,1.2867992945326278e-07,1.790266510567173e-09,2.8764700000000003e-07,2.8764700000000003e-07,1.2867992945326278e-07,False,True,False,0,False,,,0.08591982886580724,3.0,False,False,,,weekly,10.0,sigma,computed,/home/lkoo/projects/AutomationDetection/DownloadedLC/incremental/quiescent_background_cache.csv,,,,,,False,not_in_flare_streak
4FGL J2056.2-4714,449,450,58365.00001157408,1.14e-07,2.63e-08,1.32e-07,2.0802935736677116e-07,1.2867992945326278e-07,1.790266510567173e-09,1.2867992945326278e-07,1.790266510567173e-09,2.8764700000000003e-07,2.8764700000000003e-07,1.2867992945326278e-07,False,False,False,0,False,,,-0.5568835101202408,3.0,False,False,,,weekly,10.0,sigma,computed,/home/lkoo/projects/AutomationDetection/DownloadedLC/incremental/quiescent_background_cache.csv,,,,,,False,not_in_flare_streak
4FGL J2056.2-4714,450,451,58372.00001157408,1.8e-07,5.03e-08,1.14e-07,2.0802935736677116e-07,1.2867992945326278e-07,1.790266510567173e-09,1.2867992945326278e-07,1.790266510567173e-09,2.8764700000000003e-07,2.8764700000000003e-07,1.2867992945326278e-07,True,True,False,0,False,,,1.0196341135532092,3.0,False,False,,,weekly,10.0,sigma,computed,/home/lkoo/projects/AutomationDetection/DownloadedLC/incremental/quiescent_background_cache.csv,,,,,,False,not_in_flare_streak
4FGL J2056.2-4714,451,452,58393.00001157408,2.33e-07,6.85e-08,1.8e-07,2.0802935736677116e-07,1.2867992945326278e-07,1.790266510567173e-09,1.2867992945326278e-07,1.790266510567173e-09,2.8764700000000003e-07,2.8764700000000003e-07,1.2867992945326278e-07,True,True,False,0,False,,,1.522400886622941,3.0,False,False,,,weekly,10.0,sigma,computed,/home/lkoo/projects/AutomationDetection/DownloadedLC/incremental/quiescent_background_cache.csv,,,,,,False,not_in_flare_streak
4FGL J2056.2-4714,452,453,58400.00001157408,2.51e-07,3.13e-08,2.33e-07,2.0802935736677116e-07,1.2867992945326278e-07,1.790266510567173e-09,1.2867992945326278e-07,1.790266510567173e-09,2.8764700000000003e-07,2.8764700000000003e-07,1.2867992945326278e-07,True,True,False,0,False,,,3.901612625985007,3.0,True,True,58400.00001157408,58400.00001157408,weekly,10.0,sigma,computed,/home/lkoo/projects/AutomationDetection/DownloadedLC/incremental/quiescent_background_cache.csv,,,,,,False,not_in_flare_streak
4FGL J2056.2-4714,453,454,58407.00001157408,4.77e-07,3.43e-08,2.51e-07,2.0802935736677116e-07,1.2867992945326278e-07,1.790266510567173e-09,1.2867992945326278e-07,1.790266510567173e-09,2.8764700000000003e-07,2.8764700000000003e-07,1.2867992945326278e-07,True,True,False,0,False,,,10.14129976925681,3.0,True,True,58400.00001157408,58407.00001157408,weekly,10.0,sigma,computed,/home/lkoo/projects/AutomationDetection/DownloadedLC/incremental/quiescent_background_cache.csv,,,,,,False,not_in_flare_streak
4FGL J2056.2-4714,454,455,58414.00001157408,2.53e-07,5.45e-08,4.77e-07,2.0802935736677116e-07,1.2867992945326278e-07,1.790266510567173e-09,1.2867992945326278e-07,1.790266510567173e-09,2.8764700000000003e-07,2.8764700000000003e-07,1.2867992945326278e-07,False,True,False,0,False,,,2.279872493032526,3.0,False,True,58400.00001157408,58414.00001157408,weekly,10.0,sigma,computed,/home/lkoo/projects/AutomationDetection/DownloadedLC/incremental/quiescent_background_cache.csv,,,,,,False,not_in_flare_streak
4FGL J2056.2-4714,455,456,58421.00001157408,3.46e-07,4.54e-08,2.53e-07,2.0802935736677116e-07,1.2867992945326278e-07,1.790266510567173e-09,1.2867992945326278e-07,1.790266510567173e-09,2.8764700000000003e-07,2.8764700000000003e-07,1.2867992945326278e-07,True,True,False,0,False,,,4.783068361315533,3.0,True,True,58400.00001157408,58421.00001157408,weekly,10.0,sigma,computed,/home/lkoo/projects/AutomationDetection/DownloadedLC/incremental/quiescent_background_cache.csv,,,,,,False,not_in_flare_streak
4FGL J2056.2-4714,456,457,58428.00001157408,1.12e-07,3.31e-08,3.46e-07,2.0802935736677116e-07,1.2867992945326278e-07,1.790266510567173e-09,1.2867992945326278e-07,1.790266510567173e-09,2.8764700000000003e-07,2.8764700000000003e-07,1.2867992945326278e-07,False,False,False,0,False,,,-0.5031898927013277,3.0,False,False,,,weekly,10.0,sigma,computed,/home/lkoo/projects/AutomationDetection/DownloadedLC/incremental/quiescent_background_cache.csv,,,,,,False,not_in_flare_streak
4FGL J2056.2-4714,457,458,58435.00001157408,1.44e-07,4.98e-08,1.12e-07,2.0802935736677116e-07,1.2867992945326278e-07,1.790266510567173e-09,1.2867992945326278e-07,1.790266510567173e-09,2.8764700000000003e-07,2.8764700000000003e-07,1.2867992945326278e-07,True,True,False,0,False,,,0.3074333486676212,3.0,False,False,,,weekly,10.0,sigma,computed,/home/lkoo/projects/AutomationDetection/DownloadedLC/incremental/quiescent_background_cache.csv,,,,,,False,not_in_flare_streak
4FGL J2056.2-4714,458,459,58449.00001157408,1.18e-07,3.93e-08,1.44e-07,2.0802935736677116e-07,1.2867992945326278e-07,1.790266510567173e-09,1.2867992945326278e-07,1.790266510567173e-09,2.8764700000000003e-07,2.8764700000000003e-07,1.2867992945326278e-07,False,False,False,0,False,,,-0.2714724026020544,3.0,False,False,,,weekly,10.0,sigma,computed,/home/lkoo/projects/AutomationDetection/DownloadedLC/incremental/quiescent_background_cache.csv,,,,,,False,not_in_flare_streak
4FGL J2056.2-4714,459,460,58456.00001157408,1.78e-07,4.56e-08,1.18e-07,2.0802935736677116e-07,1.2867992945326278e-07,1.790266510567173e-09,1.2867992945326278e-07,1.790266510567173e-09,2.8764700000000003e-07,2.8764700000000003e-07,1.2867992945326278e-07,True,True,False,0,False,,,1.080747901283204,3.0,False,False,,,weekly,10.0,sigma,computed,/home/lkoo/projects/AutomationDetection/DownloadedLC/incremental/quiescent_background_cache.csv,,,,,,False,not_in_flare_streak
4FGL J2056.2-4714,460,461,58470.00001157408,8.12e-08,4.16e-08,1.78e-07,2.0802935736677116e-07,1.2867992945326278e-07,1.790266510567173e-09,1.2867992945326278e-07,1.790266510567173e-09,2.8764700000000003e-07,2.8764700000000003e-07,1.2867992945326278e-07,False,False,False,0,False,,,-1.1402890200305884,3.0,False,False,,,weekly,10.0,sigma,computed,/home/lkoo/projects/AutomationDetection/DownloadedLC/incremental/quiescent_background_cache.csv,,,,,,False,not_in_flare_streak
4FGL J2056.2-4714,461,462,58477.00001157408,1.08e-07,8.28e-08,8.12e-08,2.0802935736677116e-07,1.2867992945326278e-07,1.790266510567173e-09,1.2867992945326278e-07,1.790266510567173e-09,2.8764700000000003e-07,2.8764700000000003e-07,1.2867992945326278e-07,True,False,False,0,False,,,-0.2496992426435633,3.0,False,False,,,weekly,10.0,sigma,computed,/home/lkoo/projects/AutomationDetection/DownloadedLC/incremental/quiescent_background_cache.csv,,,,,,False,not_in_flare_streak
4FGL J2056.2-4714,462,463,58505.00001157408,1.31e-07,5.53e-08,1.08e-07,2.0802935736677116e-07,1.2867992945326278e-07,1.790266510567173e-09,1.2867992945326278e-07,1.790266510567173e-09,2.8764700000000003e-07,2.8764700000000003e-07,1.2867992945326278e-07,True,True,False,0,False,,,0.041932291462678566,3.0,False,False,,,weekly,10.0,sigma,computed,/home/lkoo/projects/AutomationDetection/DownloadedLC/incremental/quiescent_background_cache.csv,,,,,,False,not_in_flare_streak
4FGL J2056.2-4714,463,464,58519.00001157408,4.41e-07,2.53e-07,1.31e-07,2.0802935736677116e-07,1.2867992945326278e-07,1.790266510567173e-09,1.2867992945326278e-07,1.790266510567173e-09,2.8764700000000003e-07,2.8764700000000003e-07,1.2867992945326278e-07,True,True,False,0,False,,,1.2344357770987553,3.0,False,False,,,weekly,10.0,sigma,computed,/home/lkoo/projects/AutomationDetection/DownloadedLC/incremental/quiescent_background_cache.csv,,,,,,False,not_in_flare_streak
4FGL J2056.2-4714,464,465,58533.00001157408,2.41e-07,4.26e-08,4.41e-07,2.0802935736677116e-07,1.2867992945326278e-07,1.790266510567173e-09,1.2867992945326278e-07,1.790266510567173e-09,2.8764700000000003e-07,2.8764700000000003e-07,1.2867992945326278e-07,False,True,False,0,False,,,2.634296180525959,3.0,False,False,,,weekly,10.0,sigma,computed,/home/lkoo/projects/AutomationDetection/DownloadedLC/incremental/quiescent_background_cache.csv,,,,,,False,not_in_flare_streak
4FGL J2056.2-4714,465,466,58540.00001157408,2.47e-07,5.8e-08,2.41e-07,2.0802935736677116e-07,1.2867992945326278e-07,1.790266510567173e-09,1.2867992945326278e-07,1.790266510567173e-09,2.8764700000000003e-07,2.8764700000000003e-07,1.2867992945326278e-07,True,True,False,0,False,,,2.0390301036460876,3.0,False,False,,,weekly,10.0,sigma,computed,/home/lkoo/projects/AutomationDetection/DownloadedLC/incremental/quiescent_background_cache.csv,,,,,,False,not_in_flare_streak
4FGL J2056.2-4714,466,467,58547.00001157408,4.98e-07,7.05e-08,2.47e-07,2.0802935736677116e-07,1.2867992945326278e-07,1.790266510567173e-09,1.2867992945326278e-07,1.790266510567173e-09,2.8764700000000003e-07,2.8764700000000003e-07,1.2867992945326278e-07,True,True,False,0,False,,,5.236894333485882,3.0,True,True,58547.00001157408,58547.00001157408,weekly,10.0,sigma,computed,/home/lkoo/projects/AutomationDetection/DownloadedLC/incremental/quiescent_background_cache.csv,,,,,,False,not_in_flare_streak
4FGL J2056.2-4714,467,468,58554.00001157408,4.18e-07,5.65e-08,4.98e-07,2.0802935736677116e-07,1.2867992945326278e-07,1.790266510567173e-09,1.2867992945326278e-07,1.790266510567173e-09,2.8764700000000003e-07,2.8764700000000003e-07,1.2867992945326278e-07,False,True,False,0,False,,,5.118140523059401,3.0,True,True,58547.00001157408,58554.00001157408,weekly,10.0,sigma,computed,/home/lkoo/projects/AutomationDetection/DownloadedLC/incremental/quiescent_background_cache.csv,,,,,,False,not_in_flare_streak
4FGL J2056.2-4714,468,469,58561.00001157408,2.3e-07,3.93e-08,4.18e-07,2.0802935736677116e-07,1.2867992945326278e-07,1.790266510567173e-09,1.2867992945326278e-07,1.790266510567173e-09,2.8764700000000003e-07,2.8764700000000003e-07,1.2867992945326278e-07,False,True,False,0,False,,,2.5754480030511133,3.0,False,True,58547.00001157408,58561.00001157408,weekly,10.0,sigma,computed,/home/lkoo/projects/AutomationDetection/DownloadedLC/incremental/quiescent_background_cache.csv,,,,,,False,not_in_flare_streak
4FGL J2056.2-4714,469,470,58568.00001157408,2.83e-07,4.17e-08,2.3e-07,2.0802935736677116e-07,1.2867992945326278e-07,1.790266510567173e-09,1.2867992945326278e-07,1.790266510567173e-09,2.8764700000000003e-07,2.8764700000000003e-07,1.2867992945326278e-07,True,True,False,0,False,,,3.6973153112304997,3.0,True,True,58547.00001157408,58568.00001157408,weekly,10.0,sigma,computed,/home/lkoo/projects/AutomationDetection/DownloadedLC/incremental/quiescent_background_cache.csv,,,,,,False,not_in_flare_streak
4FGL J2056.2-4714,470,471,58575.00001157408,1.44e-07,3.38e-08,2.83e-07,2.0802935736677116e-07,1.2867992945326278e-07,1.790266510567173e-09,1.2867992945326278e-07,1.790266510567173e-09,2.8764700000000003e-07,2.8764700000000003e-07,1.2867992945326278e-07,False,True,False,0,False,,,0.4526220662528702,3.0,False,True,58547.00001157408,58575.00001157408,weekly,10.0,sigma,computed,/home/lkoo/projects/AutomationDetection/DownloadedLC/incremental/quiescent_background_cache.csv,,,,,,False,not_in_flare_streak
4FGL J2056.2-4714,471,472,58582.00001157408,6.4e-07,4.99e-08,1.44e-07,2.0802935736677116e-07,1.2867992945326278e-07,1.790266510567173e-09,1.2867992945326278e-07,1.790266510567173e-09,2.8764700000000003e-07,2.8764700000000003e-07,1.2867992945326278e-07,True,True,False,0,False,,,10.240306837518363,3.0,True,True,58547.00001157408,58582.00001157408,weekly,10.0,sigma,computed,/home/lkoo/projects/AutomationDetection/DownloadedLC/incremental/quiescent_background_cache.csv,,,,,,False,not_in_flare_streak
4FGL J2056.2-4714,472,473,58589.00001157408,4.35e-07,4.84e-08,6.4e-07,2.0802935736677116e-07,1.2867992945326278e-07,1.790266510567173e-09,1.2867992945326278e-07,1.790266510567173e-09,2.8764700000000003e-07,2.8764700000000003e-07,1.2867992945326278e-07,False,True,False,0,False,,,6.324601945265468,3.0,True,True,58547.00001157408,58589.00001157408,weekly,10.0,sigma,computed,/home/lkoo/projects/AutomationDetection/DownloadedLC/incremental/quiescent_background_cache.csv,,,,,,False,not_in_flare_streak
4FGL J2056.2-4714,473,474,58596.00001157408,3.19e-07,4.76e-08,4.35e-07,2.0802935736677116e-07,1.2867992945326278e-07,1.790266510567173e-09,1.2867992945326278e-07,1.790266510567173e-09,2.8764700000000003e-07,2.8764700000000003e-07,1.2867992945326278e-07,False,True,False,0,False,,,3.9954958735127484,3.0,True,True,58547.00001157408,58596.00001157408,weekly,10.0,sigma,computed,/home/lkoo/projects/AutomationDetection/DownloadedLC/incremental/quiescent_background_cache.csv,,,,,,False,not_in_flare_streak
4FGL J2056.2-4714,474,475,58603.00001157408,1.75e-07,4.57e-08,3.19e-07,2.0802935736677116e-07,1.2867992945326278e-07,1.790266510567173e-09,1.2867992945326278e-07,1.790266510567173e-09,2.8764700000000003e-07,2.8764700000000003e-07,1.2867992945326278e-07,False,True,False,0,False,,,1.0127914524154278,3.0,False,True,58547.00001157408,58603.00001157408,weekly,10.0,sigma,computed,/home/lkoo/projects/AutomationDetection/DownloadedLC/incremental/quiescent_background_cache.csv,,,,,,False,not_in_flare_streak
4FGL J2056.2-4714,475,476,58610.00001157408,3.43e-07,4.94e-08,1.75e-07,2.0802935736677116e-07,1.2867992945326278e-07,1.790266510567173e-09,1.2867992945326278e-07,1.790266510567173e-09,2.8764700000000003e-07,2.8764700000000003e-07,1.2867992945326278e-07,True,True,False,0,False,,,4.335616803017331,3.0,True,True,58547.00001157408,58610.00001157408,weekly,10.0,sigma,computed,/home/lkoo/projects/AutomationDetection/DownloadedLC/incremental/quiescent_background_cache.csv,,,,,,False,not_in_flare_streak
4FGL J2056.2-4714,476,477,58617.00001157408,2.37e-07,3.92e-08,3.43e-07,2.0802935736677116e-07,1.2867992945326278e-07,1.790266510567173e-09,1.2867992945326278e-07,1.790266510567173e-09,2.8764700000000003e-07,2.8764700000000003e-07,1.2867992945326278e-07,False,True,False,0,False,,,2.7603898571832692,3.0,False,True,58547.00001157408,58617.00001157408,weekly,10.0,sigma,computed,/home/lkoo/projects/AutomationDetection/DownloadedLC/incremental/quiescent_background_cache.csv,,,,,,False,not_in_flare_streak
4FGL J2056.2-4714,477,478,58624.00001157408,1.58e-07,3.99e-08,2.37e-07,2.0802935736677116e-07,1.2867992945326278e-07,1.790266510567173e-09,1.2867992945326278e-07,1.790266510567173e-09,2.8764700000000003e-07,2.8764700000000003e-07,1.2867992945326278e-07,False,True,False,0,False,,,0.7341002824882443,3.0,False,True,58547.00001157408,58624.00001157408,weekly,10.0,sigma,computed,/home/lkoo/projects/AutomationDetection/DownloadedLC/incremental/quiescent_background_cache.csv,,,,,,False,not_in_flare_streak
4FGL J2056.2-4714,478,479,58631.00001157408,4.81e-07,5.23e-08,1.58e-07,2.0802935736677116e-07,1.2867992945326278e-07,1.790266510567173e-09,1.2867992945326278e-07,1.790266510567173e-09,2.8764700000000003e-07,2.8764700000000003e-07,1.2867992945326278e-07,True,True,False,0,False,,,6.732578157850245,3.0,True,True,58547.00001157408,58631.00001157408,weekly,10.0,sigma,computed,/home/lkoo/projects/AutomationDetection/DownloadedLC/incremental/quiescent_background_cache.csv,,,,,,False,not_in_flare_streak
4FGL J2056.2-4714,479,480,58638.00001157408,6.92e-07,7.03e-08,4.81e-07,2.0802935736677116e-07,1.2867992945326278e-07,1.790266510567173e-09,1.2867992945326278e-07,1.790266510567173e-09,2.8764700000000003e-07,2.8764700000000003e-07,1.2867992945326278e-07,True,True,False,0,False,,,8.010490705689177,3.0,True,True,58547.00001157408,58638.00001157408,weekly,10.0,sigma,computed,/home/lkoo/projects/AutomationDetection/DownloadedLC/incremental/quiescent_background_cache.csv,,,,,,False,not_in_flare_streak
4FGL J2056.2-4714,480,481,58645.00001157408,5.77e-07,8.63e-08,6.92e-07,2.0802935736677116e-07,1.2867992945326278e-07,1.790266510567173e-09,1.2867992945326278e-07,1.790266510567173e-09,2.8764700000000003e-07,2.8764700000000003e-07,1.2867992945326278e-07,False,True,False,0,False,,,5.193784892021333,3.0,True,True,58547.00001157408,58645.00001157408,weekly,10.0,sigma,computed,/home/lkoo/projects/AutomationDetection/DownloadedLC/incremental/quiescent_background_cache.csv,,,,,,False,not_in_flare_streak
4FGL J2056.2-4714,481,482,58652.00001157408,7.82e-07,7.98e-08,5.77e-07,2.0802935736677116e-07,1.2867992945326278e-07,1.790266510567173e-09,1.2867992945326278e-07,1.790266510567173e-09,2.8764700000000003e-07,2.8764700000000003e-07,1.2867992945326278e-07,True,True,False,0,False,,,8.18490881676459,3.0,True,True,58547.00001157408,58652.00001157408,weekly,10.0,sigma,computed,/home/lkoo/projects/AutomationDetection/DownloadedLC/incremental/quiescent_background_cache.csv,,,,,,False,not_in_flare_streak
4FGL J2056.2-4714,482,483,58659.00001157408,6.44e-07,7.29e-08,7.82e-07,2.0802935736677116e-07,1.2867992945326278e-07,1.790266510567173e-09,1.2867992945326278e-07,1.790266510567173e-09,2.8764700000000003e-07,2.8764700000000003e-07,1.2867992945326278e-07,False,True,False,0,False,,,7.066731814182959,3.0,True,True,58547.00001157408,58659.00001157408,weekly,10.0,sigma,computed,/home/lkoo/projects/AutomationDetection/DownloadedLC/incremental/quiescent_background_cache.csv,,,,,,False,not_in_flare_streak
4FGL J2056.2-4714,483,484,58666.00001157408,2.45e-07,4.72e-08,6.44e-07,2.0802935736677116e-07,1.2867992945326278e-07,1.790266510567173e-09,1.2867992945326278e-07,1.790266510567173e-09,2.8764700000000003e-07,2.8764700000000003e-07,1.2867992945326278e-07,False,True,False,0,False,,,2.4626374896189596,3.0,False,True,58547.00001157408,58666.00001157408,weekly,10.0,sigma,computed,/home/lkoo/projects/AutomationDetection/DownloadedLC/incremental/quiescent_background_cache.csv,,,,,,False,not_in_flare_streak
4FGL J2056.2-4714,484,485,58673.00001157408,1.51e-07,9.74e-08,2.45e-07,2.0802935736677116e-07,1.2867992945326278e-07,1.790266510567173e-09,1.2867992945326278e-07,1.790266510567173e-09,2.8764700000000003e-07,2.8764700000000003e-07,1.2867992945326278e-07,False,True,False,0,False,,,0.2291201349075745,3.0,False,True,58547.00001157408,58673.00001157408,weekly,10.0,sigma,computed,/home/lkoo/projects/AutomationDetection/DownloadedLC/incremental/quiescent_background_cache.csv,,,,,,False,not_in_flare_streak
4FGL J2056.2-4714,485,486,58680.00001157408,7.15e-07,3.28e-07,1.51e-07,2.0802935736677116e-07,1.2867992945326278e-07,1.790266510567173e-09,1.2867992945326278e-07,1.790266510567173e-09,2.8764700000000003e-07,2.8764700000000003e-07,1.2867992945326278e-07,True,True,False,0,False,,,1.787534564508675,3.0,False,True,58547.00001157408,58680.00001157408,weekly,10.0,sigma,computed,/home/lkoo/projects/AutomationDetection/DownloadedLC/incremental/quiescent_background_cache.csv,,,,,,False,not_in_flare_streak
4FGL J2056.2-4714,486,487,58687.00001157408,3.81e-07,1.92e-07,7.15e-07,2.0802935736677116e-07,1.2867992945326278e-07,1.790266510567173e-09,1.2867992945326278e-07,1.790266510567173e-09,2.8764700000000003e-07,2.8764700000000003e-07,1.2867992945326278e-07,False,True,False,0,False,,,1.3141099092343906,3.0,False,True,58547.00001157408,58687.00001157408,weekly,10.0,sigma,computed,/home/lkoo/projects/AutomationDetection/DownloadedLC/incremental/quiescent_background_cache.csv,,,,,,False,not_in_flare_streak
4FGL J2056.2-4714,487,488,58694.00001157408,1.42e-07,4.89e-08,3.81e-07,2.0802935736677116e-07,1.2867992945326278e-07,1.790266510567173e-09,1.2867992945326278e-07,1.790266510567173e-09,2.8764700000000003e-07,2.8764700000000003e-07,1.2867992945326278e-07,False,True,False,0,False,,,0.27221171255057236,3.0,False,True,58547.00001157408,58694.00001157408,weekly,10.0,sigma,computed,/home/lkoo/projects/AutomationDetection/DownloadedLC/incremental/quiescent_background_cache.csv,,,,,,False,not_in_flare_streak
4FGL J2056.2-4714,488,489,58701.00001157408,2.86e-07,6.05e-08,1.42e-07,2.0802935736677116e-07,1.2867992945326278e-07,1.790266510567173e-09,1.2867992945326278e-07,1.790266510567173e-09,2.8764700000000003e-07,2.8764700000000003e-07,1.2867992945326278e-07,True,True,False,0,False,,,2.599194016986507,3.0,False,True,58547.00001157408,58701.00001157408,weekly,10.0,sigma,computed,/home/lkoo/projects/AutomationDetection/DownloadedLC/incremental/quiescent_background_cache.csv,,,,,,False,not_in_flare_streak
4FGL J2056.2-4714,489,490,58708.00001157408,3.82e-07,6.66e-08,2.86e-07,2.0802935736677116e-07,1.2867992945326278e-07,1.790266510567173e-09,1.2867992945326278e-07,1.790266510567173e-09,2.8764700000000003e-07,2.8764700000000003e-07,1.2867992945326278e-07,True,True,False,0,False,,,3.802231199718209,3.0,True,True,58547.00001157408,58708.00001157408,weekly,10.0,sigma,computed,/home/lkoo/projects/AutomationDetection/DownloadedLC/incremental/quiescent_background_cache.csv,,,,,,False,not_in_flare_streak
4FGL J2056.2-4714,490,491,58715.00001157408,3.76e-07,5.54e-08,3.82e-07,2.0802935736677116e-07,1.2867992945326278e-07,1.790266510567173e-09,1.2867992945326278e-07,1.790266510567173e-09,2.8764700000000003e-07,2.8764700000000003e-07,1.2867992945326278e-07,False,True,False,0,False,,,4.461932061885447,3.0,True,True,58547.00001157408,58715.00001157408,weekly,10.0,sigma,computed,/home/lkoo/projects/AutomationDetection/DownloadedLC/incremental/quiescent_background_cache.csv,,,,,,False,not_in_flare_streak
4FGL J2056.2-4714,491,492,58722.00001157408,4.65e-07,9.76e-08,3.76e-07,2.0802935736677116e-07,1.2867992945326278e-07,1.790266510567173e-09,1.2867992945326278e-07,1.790266510567173e-09,2.8764700000000003e-07,2.8764700000000003e-07,1.2867992945326278e-07,True,True,False,0,False,,,3.4453228011815185,3.0,True,True,58547.00001157408,58722.00001157408,weekly,10.0,sigma,computed,/home/lkoo/projects/AutomationDetection/DownloadedLC/incremental/quiescent_background_cache.csv,,,,,,False,not_in_flare_streak
4FGL J2056.2-4714,492,493,58736.00001157408,4.71e-07,4.67e-08,4.65e-07,2.0802935736677116e-07,1.2867992945326278e-07,1.790266510567173e-09,1.2867992945326278e-07,1.790266510567173e-09,2.8764700000000003e-07,2.8764700000000003e-07,1.2867992945326278e-07,True,True,False,0,False,,,7.324813902263327,3.0,True,True,58547.00001157408,58736.00001157408,weekly,10.0,sigma,computed,/home/lkoo/projects/AutomationDetection/DownloadedLC/incremental/quiescent_background_cache.csv,,,,,,False,not_in_flare_streak
4FGL J2056.2-4714,493,494,58743.00001157408,6.54e-07,5.67e-08,4.71e-07,2.0802935736677116e-07,1.2867992945326278e-07,1.790266510567173e-09,1.2867992945326278e-07,1.790266510567173e-09,2.8764700000000003e-07,2.8764700000000003e-07,1.2867992945326278e-07,True,True,False,0,False,,,9.260289413364783,3.0,True,True,58547.00001157408,58743.00001157408,weekly,10.0,sigma,computed,/home/lkoo/projects/AutomationDetection/DownloadedLC/incremental/quiescent_background_cache.csv,,,,,,False,not_in_flare_streak
4FGL J2056.2-4714,494,495,58750.00001157408,8.79e-07,5.76e-08,6.54e-07,2.0802935736677116e-07,1.2867992945326278e-07,1.790266510567173e-09,1.2867992945326278e-07,1.790266510567173e-09,2.8764700000000003e-07,2.8764700000000003e-07,1.2867992945326278e-07,True,True,False,0,False,,,13.020102729792333,3.0,True,True,58547.00001157408,58750.00001157408,weekly,10.0,sigma,computed,/home/lkoo/projects/AutomationDetection/DownloadedLC/incremental/quiescent_background_cache.csv,,,,,,False,not_in_flare_streak
4FGL J2056.2-4714,495,496,58757.00001157408,6.14e-07,7.09e-08,8.79e-07,2.0802935736677116e-07,1.2867992945326278e-07,1.790266510567173e-09,1.2867992945326278e-07,1.790266510567173e-09,2.8764700000000003e-07,2.8764700000000003e-07,1.2867992945326278e-07,False,True,False,0,False,,,6.84295382763379,3.0,True,True,58547.00001157408,58757.00001157408,weekly,10.0,sigma,computed,/home/lkoo/projects/AutomationDetection/DownloadedLC/incremental/quiescent_background_cache.csv,,,,,,False,not_in_flare_streak
4FGL J2056.2-4714,496,497,58764.00001157408,6.79e-07,6.92e-08,6.14e-07,2.0802935736677116e-07,1.2867992945326278e-07,1.790266510567173e-09,1.2867992945326278e-07,1.790266510567173e-09,2.8764700000000003e-07,2.8764700000000003e-07,1.2867992945326278e-07,True,True,False,0,False,,,7.9499421579373974,3.0,True,True,58547.00001157408,58764.00001157408,weekly,10.0,sigma,computed,/home/lkoo/projects/AutomationDetection/DownloadedLC/incremental/quiescent_background_cache.csv,,,,,,False,not_in_flare_streak
4FGL J2056.2-4714,497,498,58771.00001157408,3.91e-07,4.88e-08,6.79e-07,2.0802935736677116e-07,1.2867992945326278e-07,1.790266510567173e-09,1.2867992945326278e-07,1.790266510567173e-09,2.8764700000000003e-07,2.8764700000000003e-07,1.2867992945326278e-07,False,True,False,0,False,,,5.371797687883988,3.0,True,True,58547.00001157408,58771.00001157408,weekly,10.0,sigma,computed,/home/lkoo/projects/AutomationDetection/DownloadedLC/incremental/quiescent_background_cache.csv,,,,,,False,not_in_flare_streak
4FGL J2056.2-4714,498,499,58778.00001157408,4.37e-07,4.55e-08,3.91e-07,2.0802935736677116e-07,1.2867992945326278e-07,1.790266510567173e-09,1.2867992945326278e-07,1.790266510567173e-09,2.8764700000000003e-07,2.8764700000000003e-07,1.2867992945326278e-07,True,True,False,0,False,,,6.77102603725381,3.0,True,True,58547.00001157408,58778.00001157408,weekly,10.0,sigma,computed,/home/lkoo/projects/AutomationDetection/DownloadedLC/incremental/quiescent_background_cache.csv,,,,,,False,not_in_flare_streak
4FGL J2056.2-4714,499,500,58785.00001157408,9.16e-08,2.72e-08,4.37e-07,2.0802935736677116e-07,1.2867992945326278e-07,1.790266510567173e-09,1.2867992945326278e-07,1.790266510567173e-09,2.8764700000000003e-07,2.8764700000000003e-07,1.2867992945326278e-07,False,False,False,0,False,,,-1.3602894358784516,3.0,False,False,,,weekly,10.0,sigma,computed,/home/lkoo/projects/AutomationDetection/DownloadedLC/incremental/quiescent_background_cache.csv,,,,,,False,not_in_flare_streak
4FGL J2056.2-4714,500,501,58792.00001157408,1.19e-07,2.71e-08,9.16e-08,2.0802935736677116e-07,1.2867992945326278e-07,1.790266510567173e-09,1.2867992945326278e-07,1.790266510567173e-09,2.8764700000000003e-07,2.8764700000000003e-07,1.2867992945326278e-07,True,False,False,0,False,,,-0.3564160939279191,3.0,False,False,,,weekly,10.0,sigma,computed,/home/lkoo/projects/AutomationDetection/DownloadedLC/incremental/quiescent_background_cache.csv,,,,,,False,not_in_flare_streak
4FGL J2056.2-4714,501,502,58799.00001157408,8.5e-08,3.08e-08,1.19e-07,2.0802935736677116e-07,1.2867992945326278e-07,1.790266510567173e-09,1.2867992945326278e-07,1.790266510567173e-09,2.8764700000000003e-07,2.8764700000000003e-07,1.2867992945326278e-07,False,False,False,0,False,,,-1.4157898662095605,3.0,False,False,,,weekly,10.0,sigma,computed,/home/lkoo/projects/AutomationDetection/DownloadedLC/incremental/quiescent_background_cache.csv,,,,,,False,not_in_flare_streak
4FGL J2056.2-4714,502,503,58806.00001157408,1.31e-07,4.89e-08,8.5e-08,2.0802935736677116e-07,1.2867992945326278e-07,1.790266510567173e-09,1.2867992945326278e-07,1.790266510567173e-09,2.8764700000000003e-07,2.8764700000000003e-07,1.2867992945326278e-07,True,True,False,0,False,,,0.047413440833478135,3.0,False,False,,,weekly,10.0,sigma,computed,/home/lkoo/projects/AutomationDetection/DownloadedLC/incremental/quiescent_background_cache.csv,,,,,,False,not_in_flare_streak
4FGL J2056.2-4714,503,504,58813.00001157408,1.42e-07,5.48e-08,1.31e-07,2.0802935736677116e-07,1.2867992945326278e-07,1.790266510567173e-09,1.2867992945326278e-07,1.790266510567173e-09,2.8764700000000003e-07,2.8764700000000003e-07,1.2867992945326278e-07,True,True,False,0,False,,,0.2429373754782722,3.0,False,False,,,weekly,10.0,sigma,computed,/home/lkoo/projects/AutomationDetection/DownloadedLC/incremental/quiescent_background_cache.csv,,,,,,False,not_in_flare_streak
4FGL J2056.2-4714,504,505,58820.00001157408,1.53e-07,4.4e-08,1.42e-07,2.0802935736677116e-07,1.2867992945326278e-07,1.790266510567173e-09,1.2867992945326278e-07,1.790266510567173e-09,2.8764700000000003e-07,2.8764700000000003e-07,1.2867992945326278e-07,True,True,False,0,False,,,0.5522719211425532,3.0,False,False,,,weekly,10.0,sigma,computed,/home/lkoo/projects/AutomationDetection/DownloadedLC/incremental/quiescent_background_cache.csv,,,,,,False,not_in_flare_streak
4FGL J2056.2-4714,505,506,58827.00001157408,1.82e-07,3.97e-08,1.53e-07,2.0802935736677116e-07,1.2867992945326278e-07,1.790266510567173e-09,1.2867992945326278e-07,1.790266510567173e-09,2.8764700000000003e-07,2.8764700000000003e-07,1.2867992945326278e-07,True,True,False,0,False,,,1.3417113007424244,3.0,False,False,,,weekly,10.0,sigma,computed,/home/lkoo/projects/AutomationDetection/DownloadedLC/incremental/quiescent_background_cache.csv,,,,,,False,not_in_flare_streak
4FGL J2056.2-4714,506,507,58834.00001157408,2.19e-07,5.78e-08,1.82e-07,2.0802935736677116e-07,1.2867992945326278e-07,1.790266510567173e-09,1.2867992945326278e-07,1.790266510567173e-09,2.8764700000000003e-07,2.8764700000000003e-07,1.2867992945326278e-07,True,True,False,0,False,,,1.5618819576731635,3.0,False,False,,,weekly,10.0,sigma,computed,/home/lkoo/projects/AutomationDetection/DownloadedLC/incremental/quiescent_background_cache.csv,,,,,,False,not_in_flare_streak
4FGL J2056.2-4714,507,508,58841.00001157408,1.68e-07,4.72e-08,2.19e-07,2.0802935736677116e-07,1.2867992945326278e-07,1.790266510567173e-09,1.2867992945326278e-07,1.790266510567173e-09,2.8764700000000003e-07,2.8764700000000003e-07,1.2867992945326278e-07,False,True,False,0,False,,,0.8324537577025519,3.0,False,False,,,weekly,10.0,sigma,computed,/home/lkoo/projects/AutomationDetection/DownloadedLC/incremental/quiescent_background_cache.csv,,,,,,False,not_in_flare_streak
4FGL J2056.2-4714,508,509,58848.00001157408,2.33e-07,8.2e-08,1.68e-07,2.0802935736677116e-07,1.2867992945326278e-07,1.790266510567173e-09,1.2867992945326278e-07,1.790266510567173e-09,2.8764700000000003e-07,2.8764700000000003e-07,1.2867992945326278e-07,True,True,False,0,False,,,1.2718928888833905,3.0,False,False,,,weekly,10.0,sigma,computed,/home/lkoo/projects/AutomationDetection/DownloadedLC/incremental/quiescent_background_cache.csv,,,,,,False,not_in_flare_streak
4FGL J2056.2-4714,509,510,58855.00001157408,2.47e-07,5.61e-08,2.33e-07,2.0802935736677116e-07,1.2867992945326278e-07,1.790266510567173e-09,1.2867992945326278e-07,1.790266510567173e-09,2.8764700000000003e-07,2.8764700000000003e-07,1.2867992945326278e-07,True,True,False,0,False,,,2.108019058038832,3.0,False,False,,,weekly,10.0,sigma,computed,/home/lkoo/projects/AutomationDetection/DownloadedLC/incremental/quiescent_background_cache.csv,,,,,,False,not_in_flare_streak
4FGL J2056.2-4714,510,511,58862.00001157408,2.19e-07,5.27e-08,2.47e-07,2.0802935736677116e-07,1.2867992945326278e-07,1.790266510567173e-09,1.2867992945326278e-07,1.790266510567173e-09,2.8764700000000003e-07,2.8764700000000003e-07,1.2867992945326278e-07,False,True,False,0,False,,,1.71286527380188,3.0,False,False,,,weekly,10.0,sigma,computed,/home/lkoo/projects/AutomationDetection/DownloadedLC/incremental/quiescent_background_cache.csv,,,,,,False,not_in_flare_streak
4FGL J2056.2-4714,511,512,58869.00001157408,2.07e-07,5.28e-08,2.19e-07,2.0802935736677116e-07,1.2867992945326278e-07,1.790266510567173e-09,1.2867992945326278e-07,1.790266510567173e-09,2.8764700000000003e-07,2.8764700000000003e-07,1.2867992945326278e-07,False,True,False,0,False,,,1.482482742386741,3.0,False,False,,,weekly,10.0,sigma,computed,/home/lkoo/projects/AutomationDetection/DownloadedLC/incremental/quiescent_background_cache.csv,,,,,,False,not_in_flare_streak
4FGL J2056.2-4714,512,513,58876.00001157408,2.3e-07,4.78e-08,2.07e-07,2.0802935736677116e-07,1.2867992945326278e-07,1.790266510567173e-09,1.2867992945326278e-07,1.790266510567173e-09,2.8764700000000003e-07,2.8764700000000003e-07,1.2867992945326278e-07,True,True,False,0,False,,,2.1181816312050326,3.0,False,False,,,weekly,10.0,sigma,computed,/home/lkoo/projects/AutomationDetection/DownloadedLC/incremental/quiescent_background_cache.csv,,,,,,False,not_in_flare_streak
4FGL J2056.2-4714,513,514,58883.00001157408,1.4e-07,9.93e-08,2.3e-07,2.0802935736677116e-07,1.2867992945326278e-07,1.790266510567173e-09,1.2867992945326278e-07,1.790266510567173e-09,2.8764700000000003e-07,2.8764700000000003e-07,1.2867992945326278e-07,False,True,False,0,False,,,0.11398017378599845,3.0,False,False,,,weekly,10.0,sigma,computed,/home/lkoo/projects/AutomationDetection/DownloadedLC/incremental/quiescent_background_cache.csv,,,,,,False,not_in_flare_streak
4FGL J2056.2-4714,514,515,58890.00001157408,1.55e-07,1.18e-07,1.4e-07,2.0802935736677116e-07,1.2867992945326278e-07,1.790266510567173e-09,1.2867992945326278e-07,1.790266510567173e-09,2.8764700000000003e-07,2.8764700000000003e-07,1.2867992945326278e-07,True,True,False,0,False,,,0.2230257785282917,3.0,False,False,,,weekly,10.0,sigma,computed,/home/lkoo/projects/AutomationDetection/DownloadedLC/incremental/quiescent_background_cache.csv,,,,,,False,not_in_flare_streak
4FGL J2056.2-4714,515,516,58897.00001157408,5.56e-07,5.93e-08,1.55e-07,2.0802935736677116e-07,1.2867992945326278e-07,1.790266510567173e-09,1.2867992945326278e-07,1.790266510567173e-09,2.8764700000000003e-07,2.8764700000000003e-07,1.2867992945326278e-07,True,True,False,0,False,,,7.202790323791503,3.0,True,True,58897.00001157408,58897.00001157408,weekly,10.0,sigma,computed,/home/lkoo/projects/AutomationDetection/DownloadedLC/incremental/quiescent_background_cache.csv,,,,,,False,not_in_flare_streak
4FGL J2056.2-4714,516,517,58904.00001157408,9.56e-07,6.94e-08,5.56e-07,2.0802935736677116e-07,1.2867992945326278e-07,1.790266510567173e-09,1.2867992945326278e-07,1.790266510567173e-09,2.8764700000000003e-07,2.8764700000000003e-07,1.2867992945326278e-07,True,True,False,0,False,,,11.917074022299753,3.0,True,True,58897.00001157408,58904.00001157408,weekly,10.0,sigma,computed,/home/lkoo/projects/AutomationDetection/DownloadedLC/incremental/quiescent_background_cache.csv,,,,,,False,not_in_flare_streak
4FGL J2056.2-4714,517,518,58911.00001157408,7.22e-07,7.54e-08,9.56e-07,2.0802935736677116e-07,1.2867992945326278e-07,1.790266510567173e-09,1.2867992945326278e-07,1.790266510567173e-09,2.8764700000000003e-07,2.8764700000000003e-07,1.2867992945326278e-07,False,True,False,0,False,,,7.8667492940660795,3.0,True,True,58897.00001157408,58911.00001157408,weekly,10.0,sigma,computed,/home/lkoo/projects/AutomationDetection/DownloadedLC/incremental/quiescent_background_cache.csv,,,,,,False,not_in_flare_streak
4FGL J2056.2-4714,518,519,58918.00001157408,5.76e-07,7.67e-08,7.22e-07,2.0802935736677116e-07,1.2867992945326278e-07,1.790266510567173e-09,1.2867992945326278e-07,1.790266510567173e-09,2.8764700000000003e-07,2.8764700000000003e-07,1.2867992945326278e-07,False,True,False,0,False,,,5.830485895810396,3.0,True,True,58897.00001157408,58918.00001157408,weekly,10.0,sigma,computed,/home/lkoo/projects/AutomationDetection/DownloadedLC/incremental/quiescent_background_cache.csv,,,,,,False,not_in_flare_streak
4FGL J2056.2-4714,519,520,58925.00001157408,1.77e-07,4.75e-08,5.76e-07,2.0802935736677116e-07,1.2867992945326278e-07,1.790266510567173e-09,1.2867992945326278e-07,1.790266510567173e-09,2.8764700000000003e-07,2.8764700000000003e-07,1.2867992945326278e-07,False,True,False,0,False,,,1.0165428882281184,3.0,False,True,58897.00001157408,58925.00001157408,weekly,10.0,sigma,computed,/home/lkoo/projects/AutomationDetection/DownloadedLC/incremental/quiescent_background_cache.csv,,,,,,False,not_in_flare_streak
4FGL J2056.2-4714,520,521,58932.00001157408,1.47e-07,3.58e-08,1.77e-07,2.0802935736677116e-07,1.2867992945326278e-07,1.790266510567173e-09,1.2867992945326278e-07,1.790266510567173e-09,2.8764700000000003e-07,2.8764700000000003e-07,1.2867992945326278e-07,False,True,False,0,False,,,0.5110951539895959,3.0,False,True,58897.00001157408,58932.00001157408,weekly,10.0,sigma,computed,/home/lkoo/projects/AutomationDetection/DownloadedLC/incremental/quiescent_background_cache.csv,,,,,,False,not_in_flare_streak
4FGL J2056.2-4714,521,522,58939.00001157408,1.76e-07,3.88e-08,1.47e-07,2.0802935736677116e-07,1.2867992945326278e-07,1.790266510567173e-09,1.2867992945326278e-07,1.790266510567173e-09,2.8764700000000003e-07,2.8764700000000003e-07,1.2867992945326278e-07,True,True,False,0,False,,,1.2182932745653352,3.0,False,True,58897.00001157408,58939.00001157408,weekly,10.0,sigma,computed,/home/lkoo/projects/AutomationDetection/DownloadedLC/incremental/quiescent_background_cache.csv,,,,,,False,not_in_flare_streak
4FGL J2056.2-4714,522,523,58946.00001157408,1.53e-07,3.66e-08,1.76e-07,2.0802935736677116e-07,1.2867992945326278e-07,1.790266510567173e-09,1.2867992945326278e-07,1.790266510567173e-09,2.8764700000000003e-07,2.8764700000000003e-07,1.2867992945326278e-07,False,True,False,0,False,,,0.6636892989899854,3.0,False,True,58897.00001157408,58946.00001157408,weekly,10.0,sigma,computed,/home/lkoo/projects/AutomationDetection/DownloadedLC/incremental/quiescent_background_cache.csv,,,,,,False,not_in_flare_streak
4FGL J2056.2-4714,523,524,58953.00001157408,9.44e-08,2.6e-08,1.53e-07,2.0802935736677116e-07,1.2867992945326278e-07,1.790266510567173e-09,1.2867992945326278e-07,1.790266510567173e-09,2.8764700000000003e-07,2.8764700000000003e-07,1.2867992945326278e-07,False,False,False,0,False,,,-1.3153443541221275,3.0,False,False,,,weekly,10.0,sigma,computed,/home/lkoo/projects/AutomationDetection/DownloadedLC/incremental/quiescent_background_cache.csv,,,,,,False,not_in_flare_streak
4FGL J2056.2-4714,524,525,58960.00001157408,1.72e-07,3.7e-08,9.44e-08,2.0802935736677116e-07,1.2867992945326278e-07,1.790266510567173e-09,1.2867992945326278e-07,1.790266510567173e-09,2.8764700000000003e-07,2.8764700000000003e-07,1.2867992945326278e-07,True,True,False,0,False,,,1.1694445866997496,3.0,False,False,,,weekly,10.0,sigma,computed,/home/lkoo/projects/AutomationDetection/DownloadedLC/incremental/quiescent_background_cache.csv,,,,,,False,not_in_flare_streak
4FGL J2056.2-4714,525,526,58967.00001157408,2.63e-07,5.11e-08,1.72e-07,2.0802935736677116e-07,1.2867992945326278e-07,1.790266510567173e-09,1.2867992945326278e-07,1.790266510567173e-09,2.8764700000000003e-07,2.8764700000000003e-07,1.2867992945326278e-07,True,True,False,0,False,,,2.626961109829069,3.0,False,False,,,weekly,10.0,sigma,computed,/home/lkoo/projects/AutomationDetection/DownloadedLC/incremental/quiescent_background_cache.csv,,,,,,False,not_in_flare_streak
4FGL J2056.2-4714,526,527,58974.00001157408,3.04e-07,5.75e-08,2.63e-07,2.0802935736677116e-07,1.2867992945326278e-07,1.790266510567173e-09,1.2867992945326278e-07,1.790266510567173e-09,2.8764700000000003e-07,2.8764700000000003e-07,1.2867992945326278e-07,True,True,False,0,False,,,3.047567918124977,3.0,True,True,58974.00001157408,58974.00001157408,weekly,10.0,sigma,computed,/home/lkoo/projects/AutomationDetection/DownloadedLC/incremental/quiescent_background_cache.csv,,,,,,False,not_in_flare_streak
4FGL J2056.2-4714,527,528,58981.00001157408,2.33e-07,4.42e-08,3.04e-07,2.0802935736677116e-07,1.2867992945326278e-07,1.790266510567173e-09,1.2867992945326278e-07,1.790266510567173e-09,2.8764700000000003e-07,2.8764700000000003e-07,1.2867992945326278e-07,False,True,False,0,False,,,2.3582489655330643,3.0,False,True,58974.00001157408,58981.00001157408,weekly,10.0,sigma,computed,/home/lkoo/projects/AutomationDetection/DownloadedLC/incremental/quiescent_background_cache.csv,,,,,,False,not_in_flare_streak
4FGL J2056.2-4714,528,529,58988.00001157408,2.74e-07,4.31e-08,2.33e-07,2.0802935736677116e-07,1.2867992945326278e-07,1.790266510567173e-09,1.2867992945326278e-07,1.790266510567173e-09,2.8764700000000003e-07,2.8764700000000003e-07,1.2867992945326278e-07,True,True,False,0,False,,,3.3687904292422792,3.0,True,True,58974.00001157408,58988.00001157408,weekly,10.0,sigma,computed,/home/lkoo/projects/AutomationDetection/DownloadedLC/incremental/quiescent_background_cache.csv,,,,,,False,not_in_flare_streak
4FGL J2056.2-4714,529,530,58995.00001157408,2.4e-07,4.93e-08,2.74e-07,2.0802935736677116e-07,1.2867992945326278e-07,1.790266510567173e-09,1.2867992945326278e-07,1.790266510567173e-09,2.8764700000000003e-07,2.8764700000000003e-07,1.2867992945326278e-07,False,True,False,0,False,,,2.2565262662423047,3.0,False,True,58974.00001157408,58995.00001157408,weekly,10.0,sigma,computed,/home/lkoo/projects/AutomationDetection/DownloadedLC/incremental/quiescent_background_cache.csv,,,,,,False,not_in_flare_streak
4FGL J2056.2-4714,530,531,59002.00001157408,1.85e-07,4.76e-08,2.4e-07,2.0802935736677116e-07,1.2867992945326278e-07,1.790266510567173e-09,1.2867992945326278e-07,1.790266510567173e-09,2.8764700000000003e-07,2.8764700000000003e-07,1.2867992945326278e-07,False,True,False,0,False,,,1.1823587959955875,3.0,False,True,58974.00001157408,59002.00001157408,weekly,10.0,sigma,computed,/home/lkoo/projects/AutomationDetection/DownloadedLC/incremental/quiescent_background_cache.csv,,,,,,False,not_in_flare_streak
4FGL J2056.2-4714,531,532,59009.00001157408,2.35e-07,7.2e-08,1.85e-07,2.0802935736677116e-07,1.2867992945326278e-07,1.790266510567173e-09,1.2867992945326278e-07,1.790266510567173e-09,2.8764700000000003e-07,2.8764700000000003e-07,1.2867992945326278e-07,True,True,False,0,False,,,1.4762113765779978,3.0,False,True,58974.00001157408,59009.00001157408,weekly,10.0,sigma,computed,/home/lkoo/projects/AutomationDetection/DownloadedLC/incremental/quiescent_background_cache.csv,,,,,,False,not_in_flare_streak
4FGL J2056.2-4714,532,533,59016.00001157408,2.63e-07,6.19e-08,2.35e-07,2.0802935736677116e-07,1.2867992945326278e-07,1.790266510567173e-09,1.2867992945326278e-07,1.790266510567173e-09,2.8764700000000003e-07,2.8764700000000003e-07,1.2867992945326278e-07,True,True,False,0,False,,,2.1690456854844555,3.0,False,True,58974.00001157408,59016.00001157408,weekly,10.0,sigma,computed,/home/lkoo/projects/AutomationDetection/DownloadedLC/incremental/quiescent_background_cache.csv,,,,,,False,not_in_flare_streak
4FGL J2056.2-4714,533,534,59023.00001157408,8.68e-08,4.67e-08,2.63e-07,2.0802935736677116e-07,1.2867992945326278e-07,1.790266510567173e-09,1.2867992945326278e-07,1.790266510567173e-09,2.8764700000000003e-07,2.8764700000000003e-07,1.2867992945326278e-07,False,False,False,0,False,,,-0.8961282608849662,3.0,False,False,,,weekly,10.0,sigma,computed,/home/lkoo/projects/AutomationDetection/DownloadedLC/incremental/quiescent_background_cache.csv,,,,,,False,not_in_flare_streak
4FGL J2056.2-4714,534,535,59030.00001157408,1.92e-07,4.95e-08,8.68e-08,2.0802935736677116e-07,1.2867992945326278e-07,1.790266510567173e-09,1.2867992945326278e-07,1.790266510567173e-09,2.8764700000000003e-07,2.8764700000000003e-07,1.2867992945326278e-07,True,True,False,0,False,,,1.2783575386020805,3.0,False,False,,,weekly,10.0,sigma,computed,/home/lkoo/projects/AutomationDetection/DownloadedLC/incremental/quiescent_background_cache.csv,,,,,,False,not_in_flare_streak
4FGL J2056.2-4714,535,536,59037.00001157408,2.77e-07,4.8e-08,1.92e-07,2.0802935736677116e-07,1.2867992945326278e-07,1.790266510567173e-09,1.2867992945326278e-07,1.790266510567173e-09,2.8764700000000003e-07,2.8764700000000003e-07,1.2867992945326278e-07,True,True,False,0,False,,,3.0878544858869628,3.0,True,True,59037.00001157408,59037.00001157408,weekly,10.0,sigma,computed,/home/lkoo/projects/AutomationDetection/DownloadedLC/incremental/quiescent_background_cache.csv,,,,,,False,not_in_flare_streak
4FGL J2056.2-4714,536,537,59058.00001157408,1.75e-07,6.64e-08,2.77e-07,2.0802935736677116e-07,1.2867992945326278e-07,1.790266510567173e-09,1.2867992945326278e-07,1.790266510567173e-09,2.8764700000000003e-07,2.8764700000000003e-07,1.2867992945326278e-07,False,True,False,0,False,,,0.6973380081177398,3.0,False,True,59037.00001157408,59058.00001157408,weekly,10.0,sigma,computed,/home/lkoo/projects/AutomationDetection/DownloadedLC/incremental/quiescent_background_cache.csv,,,,,,False,not_in_flare_streak
4FGL J2056.2-4714,537,538,59065.00001157408,2.27e-07,4.69e-08,1.75e-07,2.0802935736677116e-07,1.2867992945326278e-07,1.790266510567173e-09,1.2867992945326278e-07,1.790266510567173e-09,2.8764700000000003e-07,2.8764700000000003e-07,1.2867992945326278e-07,True,True,False,0,False,,,2.0948511213233227,3.0,False,True,59037.00001157408,59065.00001157408,weekly,10.0,sigma,computed,/home/lkoo/projects/AutomationDetection/DownloadedLC/incremental/quiescent_background_cache.csv,,,,,,False,not_in_flare_streak
4FGL J2056.2-4714,538,539,59072.00001157408,4.42e-07,6.53e-08,2.27e-07,2.0802935736677116e-07,1.2867992945326278e-07,1.790266510567173e-09,1.2867992945326278e-07,1.790266510567173e-09,2.8764700000000003e-07,2.8764700000000003e-07,1.2867992945326278e-07,True,True,False,0,False,,,4.7963611818147225,3.0,True,True,59037.00001157408,59072.00001157408,weekly,10.0,sigma,computed,/home/lkoo/projects/AutomationDetection/DownloadedLC/incremental/quiescent_background_cache.csv,,,,,,False,not_in_flare_streak
4FGL J2056.2-4714,539,540,59079.00001157408,4.87e-07,6.73e-08,4.42e-07,2.0802935736677116e-07,1.2867992945326278e-07,1.790266510567173e-09,1.2867992945326278e-07,1.790266510567173e-09,2.8764700000000003e-07,2.8764700000000003e-07,1.2867992945326278e-07,True,True,False,0,False,,,5.3223381733195225,3.0,True,True,59037.00001157408,59079.00001157408,weekly,10.0,sigma,computed,/home/lkoo/projects/AutomationDetection/DownloadedLC/incremental/quiescent_background_cache.csv,,,,,,False,not_in_flare_streak
4FGL J2056.2-4714,540,541,59086.00001157408,4.58e-07,5.71e-08,4.87e-07,2.0802935736677116e-07,1.2867992945326278e-07,1.790266510567173e-09,1.2867992945326278e-07,1.790266510567173e-09,2.8764700000000003e-07,2.8764700000000003e-07,1.2867992945326278e-07,False,True,False,0,False,,,5.764594139725942,3.0,True,True,59037.00001157408,59086.00001157408,weekly,10.0,sigma,computed,/home/lkoo/projects/AutomationDetection/DownloadedLC/incremental/quiescent_background_cache.csv,,,,,,False,not_in_flare_streak
4FGL J2056.2-4714,541,542,59093.00001157408,3.49e-07,9.16e-08,4.58e-07,2.0802935736677116e-07,1.2867992945326278e-07,1.790266510567173e-09,1.2867992945326278e-07,1.790266510567173e-09,2.8764700000000003e-07,2.8764700000000003e-07,1.2867992945326278e-07,False,True,False,0,False,,,2.4047816954070727,3.0,False,True,59037.00001157408,59093.00001157408,weekly,10.0,sigma,computed,/home/lkoo/projects/AutomationDetection/DownloadedLC/incremental/quiescent_background_cache.csv,,,,,,False,not_in_flare_streak
4FGL J2056.2-4714,542,543,59100.00001157408,2.14e-07,5.55e-08,3.49e-07,2.0802935736677116e-07,1.2867992945326278e-07,1.790266510567173e-09,1.2867992945326278e-07,1.790266510567173e-09,2.8764700000000003e-07,2.8764700000000003e-07,1.2867992945326278e-07,False,True,False,0,False,,,1.5364993989491365,3.0,False,True,59037.00001157408,59100.00001157408,weekly,10.0,sigma,computed,/home/lkoo/projects/AutomationDetection/DownloadedLC/incremental/quiescent_background_cache.csv,,,,,,False,not_in_flare_streak
4FGL J2056.2-4714,543,544,59107.00001157408,1.46e-07,3.76e-08,2.14e-07,2.0802935736677116e-07,1.2867992945326278e-07,1.790266510567173e-09,1.2867992945326278e-07,1.790266510567173e-09,2.8764700000000003e-07,2.8764700000000003e-07,1.2867992945326278e-07,False,True,False,0,False,,,0.4601189147816293,3.0,False,True,59037.00001157408,59107.00001157408,weekly,10.0,sigma,computed,/home/lkoo/projects/AutomationDetection/DownloadedLC/incremental/quiescent_background_cache.csv,,,,,,False,not_in_flare_streak
4FGL J2056.2-4714,544,545,59114.00001157408,1.76e-07,3.78e-08,1.46e-07,2.0802935736677116e-07,1.2867992945326278e-07,1.790266510567173e-09,1.2867992945326278e-07,1.790266510567173e-09,2.8764700000000003e-07,2.8764700000000003e-07,1.2867992945326278e-07,True,True,False,0,False,,,1.250452049117554,3.0,False,True,59037.00001157408,59114.00001157408,weekly,10.0,sigma,computed,/home/lkoo/projects/AutomationDetection/DownloadedLC/incremental/quiescent_background_cache.csv,,,,,,False,not_in_flare_streak
4FGL J2056.2-4714,545,546,59121.00001157408,1.82e-07,3.93e-08,1.76e-07,2.0802935736677116e-07,1.2867992945326278e-07,1.790266510567173e-09,1.2867992945326278e-07,1.790266510567173e-09,2.8764700000000003e-07,2.8764700000000003e-07,1.2867992945326278e-07,True,True,False,0,False,,,1.355339257771184,3.0,False,True,59037.00001157408,59121.00001157408,weekly,10.0,sigma,computed,/home/lkoo/projects/AutomationDetection/DownloadedLC/incremental/quiescent_background_cache.csv,,,,,,False,not_in_flare_streak
4FGL J2056.2-4714,546,547,59128.00001157408,2.27e-07,5.26e-08,1.82e-07,2.0802935736677116e-07,1.2867992945326278e-07,1.790266510567173e-09,1.2867992945326278e-07,1.790266510567173e-09,2.8764700000000003e-07,2.8764700000000003e-07,1.2867992945326278e-07,True,True,False,0,False,,,1.8681211462157448,3.0,False,True,59037.00001157408,59128.00001157408,weekly,10.0,sigma,computed,/home/lkoo/projects/AutomationDetection/DownloadedLC/incremental/quiescent_background_cache.csv,,,,,,False,not_in_flare_streak
4FGL J2056.2-4714,547,548,59135.00001157408,1.01e-07,3.84e-08,2.27e-07,2.0802935736677116e-07,1.2867992945326278e-07,1.790266510567173e-09,1.2867992945326278e-07,1.790266510567173e-09,2.8764700000000003e-07,2.8764700000000003e-07,1.2867992945326278e-07,False,False,False,0,False,,,-0.7200493833422169,3.0,False,False,,,weekly,10.0,sigma,computed,/home/lkoo/projects/AutomationDetection/DownloadedLC/incremental/quiescent_background_cache.csv,,,,,,False,not_in_flare_streak
4FGL J2056.2-4714,548,549,59142.00001157408,2.54e-07,4.44e-08,1.01e-07,2.0802935736677116e-07,1.2867992945326278e-07,1.790266510567173e-09,1.2867992945326278e-07,1.790266510567173e-09,2.8764700000000003e-07,2.8764700000000003e-07,1.2867992945326278e-07,True,True,False,0,False,,,2.8202324632855515,3.0,False,False,,,weekly,10.0,sigma,computed,/home/lkoo/projects/AutomationDetection/DownloadedLC/incremental/quiescent_background_cache.csv,,,,,,False,not_in_flare_streak
4FGL J2056.2-4714,549,550,59149.00001157408,2.58e-07,3.85e-08,2.54e-07,2.0802935736677116e-07,1.2867992945326278e-07,1.790266510567173e-09,1.2867992945326278e-07,1.790266510567173e-09,2.8764700000000003e-07,2.8764700000000003e-07,1.2867992945326278e-07,True,True,False,0,False,,,3.355337224343565,3.0,True,True,59149.00001157408,59149.00001157408,weekly,10.0,sigma,computed,/home/lkoo/projects/AutomationDetection/DownloadedLC/incremental/quiescent_background_cache.csv,,,,,,False,not_in_flare_streak
4FGL J2056.2-4714,550,551,59156.00001157408,3.92e-07,3.86e-08,2.58e-07,2.0802935736677116e-07,1.2867992945326278e-07,1.790266510567173e-09,1.2867992945326278e-07,1.790266510567173e-09,2.8764700000000003e-07,2.8764700000000003e-07,1.2867992945326278e-07,True,True,False,0,False,,,6.814438151183875,3.0,True,True,59149.00001157408,59156.00001157408,weekly,10.0,sigma,computed,/home/lkoo/projects/AutomationDetection/DownloadedLC/incremental/quiescent_background_cache.csv,,,,,,False,not_in_flare_streak
4FGL J2056.2-4714,551,552,59163.00001157408,2.96e-07,3.59e-08,3.92e-07,2.0802935736677116e-07,1.2867992945326278e-07,1.790266510567173e-09,1.2867992945326278e-07,1.790266510567173e-09,2.8764700000000003e-07,2.8764700000000003e-07,1.2867992945326278e-07,False,True,False,0,False,,,4.654941763589148,3.0,True,True,59149.00001157408,59163.00001157408,weekly,10.0,sigma,computed,/home/lkoo/projects/AutomationDetection/DownloadedLC/incremental/quiescent_background_cache.csv,,,,,,False,not_in_flare_streak
4FGL J2056.2-4714,552,553,59170.00001157408,2.91e-07,4.87e-08,2.96e-07,2.0802935736677116e-07,1.2867992945326278e-07,1.790266510567173e-09,1.2867992945326278e-07,1.790266510567173e-09,2.8764700000000003e-07,2.8764700000000003e-07,1.2867992945326278e-07,False,True,False,0,False,,,3.330811161076476,3.0,True,True,59149.00001157408,59170.00001157408,weekly,10.0,sigma,computed,/home/lkoo/projects/AutomationDetection/DownloadedLC/incremental/quiescent_background_cache.csv,,,,,,False,not_in_flare_streak
4FGL J2056.2-4714,553,554,59177.00001157408,1.81e-07,5.25e-08,2.91e-07,2.0802935736677116e-07,1.2867992945326278e-07,1.790266510567173e-09,1.2867992945326278e-07,1.790266510567173e-09,2.8764700000000003e-07,2.8764700000000003e-07,1.2867992945326278e-07,False,True,False,0,False,,,0.9959938540781673,3.0,False,True,59149.00001157408,59177.00001157408,weekly,10.0,sigma,computed,/home/lkoo/projects/AutomationDetection/DownloadedLC/incremental/quiescent_background_cache.csv,,,,,,False,not_in_flare_streak
4FGL J2056.2-4714,554,555,59184.00001157408,6.22e-08,2.72e-08,1.81e-07,2.0802935736677116e-07,1.2867992945326278e-07,1.790266510567173e-09,1.2867992945326278e-07,1.790266510567173e-09,2.8764700000000003e-07,2.8764700000000003e-07,1.2867992945326278e-07,False,False,False,0,False,,,-2.4388381279743965,3.0,False,False,,,weekly,10.0,sigma,computed,/home/lkoo/projects/AutomationDetection/DownloadedLC/incremental/quiescent_background_cache.csv,,,,,,False,not_in_flare_streak
4FGL J2056.2-4714,555,556,59191.00001157408,3.62e-08,2.56e-08,6.22e-08,2.0802935736677116e-07,1.2867992945326278e-07,1.790266510567173e-09,1.2867992945326278e-07,1.790266510567173e-09,2.8764700000000003e-07,2.8764700000000003e-07,1.2867992945326278e-07,False,False,False,0,False,,,-3.6036960098766944,3.0,False,False,,,weekly,10.0,sigma,computed,/home/lkoo/projects/AutomationDetection/DownloadedLC/incremental/quiescent_background_cache.csv,,,,,,False,not_in_flare_streak
4FGL J2056.2-4714,556,557,59198.00001157408,9.32e-08,3.64e-08,3.62e-08,2.0802935736677116e-07,1.2867992945326278e-07,1.790266510567173e-09,1.2867992945326278e-07,1.790266510567173e-09,2.8764700000000003e-07,2.8764700000000003e-07,1.2867992945326278e-07,True,False,False,0,False,,,-0.9735465521382685,3.0,False,False,,,weekly,10.0,sigma,computed,/home/lkoo/projects/AutomationDetection/DownloadedLC/incremental/quiescent_background_cache.csv,,,,,,False,not_in_flare_streak
4FGL J2056.2-4714,557,558,59212.00001157408,4.05e-08,3.32e-08,9.32e-08,2.0802935736677116e-07,1.2867992945326278e-07,1.790266510567173e-09,1.2867992945326278e-07,1.790266510567173e-09,2.8764700000000003e-07,2.8764700000000003e-07,1.2867992945326278e-07,False,False,False,0,False,,,-2.6521688294695354,3.0,False,False,,,weekly,10.0,sigma,computed,/home/lkoo/projects/AutomationDetection/DownloadedLC/incremental/quiescent_background_cache.csv,,,,,,False,not_in_flare_streak
4FGL J2056.2-4714,558,559,59233.00001157408,2.85e-08,1.76e-08,4.05e-08,2.0802935736677116e-07,1.2867992945326278e-07,1.790266510567173e-09,1.2867992945326278e-07,1.790266510567173e-09,2.8764700000000003e-07,2.8764700000000003e-07,1.2867992945326278e-07,False,False,False,0,False,,,-5.6628205335375394,3.0,False,False,,,weekly,10.0,sigma,computed,/home/lkoo/projects/AutomationDetection/DownloadedLC/incremental/quiescent_background_cache.csv,,,,,,False,not_in_flare_streak
4FGL J2056.2-4714,559,560,59240.00001157408,8.72e-08,4.95e-08,2.85e-08,2.0802935736677116e-07,1.2867992945326278e-07,1.790266510567173e-09,1.2867992945326278e-07,1.790266510567173e-09,2.8764700000000003e-07,2.8764700000000003e-07,1.2867992945326278e-07,True,False,False,0,False,,,-0.8374308502723755,3.0,False,False,,,weekly,10.0,sigma,computed,/home/lkoo/projects/AutomationDetection/DownloadedLC/incremental/quiescent_background_cache.csv,,,,,,False,not_in_flare_streak
4FGL J2056.2-4714,560,561,59247.00001157408,1.33e-07,4.76e-08,8.72e-08,2.0802935736677116e-07,1.2867992945326278e-07,1.790266510567173e-09,1.2867992945326278e-07,1.790266510567173e-09,2.8764700000000003e-07,2.8764700000000003e-07,1.2867992945326278e-07,True,True,False,0,False,,,0.09069366143668914,3.0,False,False,,,weekly,10.0,sigma,computed,/home/lkoo/projects/AutomationDetection/DownloadedLC/incremental/quiescent_background_cache.csv,,,,,,False,not_in_flare_streak
4FGL J2056.2-4714,561,562,59268.00001157408,2.25e-08,1.48e-08,1.33e-07,2.0802935736677116e-07,1.2867992945326278e-07,1.790266510567173e-09,1.2867992945326278e-07,1.790266510567173e-09,2.8764700000000003e-07,2.8764700000000003e-07,1.2867992945326278e-07,False,False,False,0,False,,,-7.122400321252232,3.0,False,False,,,weekly,10.0,sigma,computed,/home/lkoo/projects/AutomationDetection/DownloadedLC/incremental/quiescent_background_cache.csv,,,,,,False,not_in_flare_streak
4FGL J2056.2-4714,562,563,59275.00001157408,4.75e-08,2.96e-08,2.25e-08,2.0802935736677116e-07,1.2867992945326278e-07,1.790266510567173e-09,1.2867992945326278e-07,1.790266510567173e-09,2.8764700000000003e-07,2.8764700000000003e-07,1.2867992945326278e-07,True,False,False,0,False,,,-2.7375626577128673,3.0,False,False,,,weekly,10.0,sigma,computed,/home/lkoo/projects/AutomationDetection/DownloadedLC/incremental/quiescent_background_cache.csv,,,,,,False,not_in_flare_streak
4FGL J2056.2-4714,563,564,59282.00001157408,1.39e-07,4.43e-08,4.75e-08,2.0802935736677116e-07,1.2867992945326278e-07,1.790266510567173e-09,1.2867992945326278e-07,1.790266510567173e-09,2.8764700000000003e-07,2.8764700000000003e-07,1.2867992945326278e-07,True,True,False,0,False,,,0.232768706713125,3.0,False,False,,,weekly,10.0,sigma,computed,/home/lkoo/projects/AutomationDetection/DownloadedLC/incremental/quiescent_background_cache.csv,,,,,,False,not_in_flare_streak
4FGL J2056.2-4714,564,565,59289.00001157408,4.59e-08,4.14e-08,1.39e-07,2.0802935736677116e-07,1.2867992945326278e-07,1.790266510567173e-09,1.2867992945326278e-07,1.790266510567173e-09,2.8764700000000003e-07,2.8764700000000003e-07,1.2867992945326278e-07,False,False,False,0,False,,,-1.9976483051065999,3.0,False,False,,,weekly,10.0,sigma,computed,/home/lkoo/projects/AutomationDetection/DownloadedLC/incremental/quiescent_background_cache.csv,,,,,,False,not_in_flare_streak
4FGL J2056.2-4714,565,566,59296.00001157408,1.1e-07,4.23e-08,4.59e-08,2.0802935736677116e-07,1.2867992945326278e-07,1.790266510567173e-09,1.2867992945326278e-07,1.790266510567173e-09,2.8764700000000003e-07,2.8764700000000003e-07,1.2867992945326278e-07,True,False,False,0,False,,,-0.4412109159334729,3.0,False,False,,,weekly,10.0,sigma,computed,/home/lkoo/projects/AutomationDetection/DownloadedLC/incremental/quiescent_background_cache.csv,,,,,,False,not_in_flare_streak
4FGL J2056.2-4714,566,567,59303.00001157408,7.08e-08,3.57e-08,1.1e-07,2.0802935736677116e-07,1.2867992945326278e-07,1.790266510567173e-09,1.2867992945326278e-07,1.790266510567173e-09,2.8764700000000003e-07,2.8764700000000003e-07,1.2867992945326278e-07,False,False,False,0,False,,,-1.6192517916704805,3.0,False,False,,,weekly,10.0,sigma,computed,/home/lkoo/projects/AutomationDetection/DownloadedLC/incremental/quiescent_background_cache.csv,,,,,,False,not_in_flare_streak
4FGL J2056.2-4714,567,568,59310.00001157408,1.05e-07,3.44e-08,7.08e-08,2.0802935736677116e-07,1.2867992945326278e-07,1.790266510567173e-09,1.2867992945326278e-07,1.790266510567173e-09,2.8764700000000003e-07,2.8764700000000003e-07,1.2867992945326278e-07,True,False,False,0,False,,,-0.6874397286768026,3.0,False,False,,,weekly,10.0,sigma,computed,/home/lkoo/projects/AutomationDetection/DownloadedLC/incremental/quiescent_background_cache.csv,,,,,,False,not_in_flare_streak
4FGL J2056.2-4714,568,569,59331.00001157408,1.05e-07,3.49e-08,1.05e-07,2.0802935736677116e-07,1.2867992945326278e-07,1.790266510567173e-09,1.2867992945326278e-07,1.790266510567173e-09,2.8764700000000003e-07,2.8764700000000003e-07,1.2867992945326278e-07,False,False,False,0,False,,,-0.677617057040273,3.0,False,False,,,weekly,10.0,sigma,computed,/home/lkoo/projects/AutomationDetection/DownloadedLC/incremental/quiescent_background_cache.csv,,,,,,False,not_in_flare_streak
4FGL J2056.2-4714,569,570,59338.00001157408,6.03e-08,2.98e-08,1.05e-07,2.0802935736677116e-07,1.2867992945326278e-07,1.790266510567173e-09,1.2867992945326278e-07,1.790266510567173e-09,2.8764700000000003e-07,2.8764700000000003e-07,1.2867992945326278e-07,False,False,False,0,False,,,-2.290498870730905,3.0,False,False,,,weekly,10.0,sigma,computed,/home/lkoo/projects/AutomationDetection/DownloadedLC/incremental/quiescent_background_cache.csv,,,,,,False,not_in_flare_streak
4FGL J2056.2-4714,570,571,59345.00001157408,7.91e-08,4.37e-08,6.03e-08,2.0802935736677116e-07,1.2867992945326278e-07,1.790266510567173e-09,1.2867992945326278e-07,1.790266510567173e-09,2.8764700000000003e-07,2.8764700000000003e-07,1.2867992945326278e-07,True,False,False,0,False,,,-1.133601292306806,3.0,False,False,,,weekly,10.0,sigma,computed,/home/lkoo/projects/AutomationDetection/DownloadedLC/incremental/quiescent_background_cache.csv,,,,,,False,not_in_flare_streak
4FGL J2056.2-4714,571,572,59352.00001157408,1.15e-07,3.85e-08,7.91e-08,2.0802935736677116e-07,1.2867992945326278e-07,1.790266510567173e-09,1.2867992945326278e-07,1.790266510567173e-09,2.8764700000000003e-07,2.8764700000000003e-07,1.2867992945326278e-07,True,False,False,0,False,,,-0.3549393093188706,3.0,False,False,,,weekly,10.0,sigma,computed,/home/lkoo/projects/AutomationDetection/DownloadedLC/incremental/quiescent_background_cache.csv,,,,,,False,not_in_flare_streak
4FGL J2056.2-4714,572,573,59359.00001157408,1.58e-07,3.52e-08,1.15e-07,2.0802935736677116e-07,1.2867992945326278e-07,1.790266510567173e-09,1.2867992945326278e-07,1.790266510567173e-09,2.8764700000000003e-07,2.8764700000000003e-07,1.2867992945326278e-07,True,True,False,0,False,,,0.8318813209245176,3.0,False,False,,,weekly,10.0,sigma,computed,/home/lkoo/projects/AutomationDetection/DownloadedLC/incremental/quiescent_background_cache.csv,,,,,,False,not_in_flare_streak
4FGL J2056.2-4714,573,574,59366.00001157408,1.33e-07,4.45e-08,1.58e-07,2.0802935736677116e-07,1.2867992945326278e-07,1.790266510567173e-09,1.2867992945326278e-07,1.790266510567173e-09,2.8764700000000003e-07,2.8764700000000003e-07,1.2867992945326278e-07,False,True,False,0,False,,,0.09700176958161655,3.0,False,False,,,weekly,10.0,sigma,computed,/home/lkoo/projects/AutomationDetection/DownloadedLC/incremental/quiescent_background_cache.csv,,,,,,False,not_in_flare_streak
4FGL J2056.2-4714,574,575,59373.00001157408,1.09e-07,4.34e-08,1.33e-07,2.0802935736677116e-07,1.2867992945326278e-07,1.790266510567173e-09,1.2867992945326278e-07,1.790266510567173e-09,2.8764700000000003e-07,2.8764700000000003e-07,1.2867992945326278e-07,False,False,False,0,False,,,-0.4530692895698633,3.0,False,False,,,weekly,10.0,sigma,computed,/home/lkoo/projects/AutomationDetection/DownloadedLC/incremental/quiescent_background_cache.csv,,,,,,False,not_in_flare_streak
4FGL J2056.2-4714,575,576,59380.00001157408,2.37e-07,9.3e-08,1.09e-07,2.0802935736677116e-07,1.2867992945326278e-07,1.790266510567173e-09,1.2867992945326278e-07,1.790266510567173e-09,2.8764700000000003e-07,2.8764700000000003e-07,1.2867992945326278e-07,True,True,False,0,False,,,1.1645161943523221,3.0,False,False,,,weekly,10.0,sigma,computed,/home/lkoo/projects/AutomationDetection/DownloadedLC/incremental/quiescent_background_cache.csv,,,,,,False,not_in_flare_streak
4FGL J2056.2-4714,576,577,59387.00001157408,1.34e-07,4.56e-08,2.37e-07,2.0802935736677116e-07,1.2867992945326278e-07,1.790266510567173e-09,1.2867992945326278e-07,1.790266510567173e-09,2.8764700000000003e-07,2.8764700000000003e-07,1.2867992945326278e-07,False,True,False,0,False,,,0.11657840336250727,3.0,False,False,,,weekly,10.0,sigma,computed,/home/lkoo/projects/AutomationDetection/DownloadedLC/incremental/quiescent_background_cache.csv,,,,,,False,not_in_flare_streak
4FGL J2056.2-4714,577,578,59394.00001157408,1.45e-07,4.53e-08,1.34e-07,2.0802935736677116e-07,1.2867992945326278e-07,1.790266510567173e-09,1.2867992945326278e-07,1.790266510567173e-09,2.8764700000000003e-07,2.8764700000000003e-07,1.2867992945326278e-07,True,True,False,0,False,,,0.35998544625935835,3.0,False,False,,,weekly,10.0,sigma,computed,/home/lkoo/projects/AutomationDetection/DownloadedLC/incremental/quiescent_background_cache.csv,,,,,,False,not_in_flare_streak
4FGL J2056.2-4714,578,579,59401.00001157408,8.22e-08,4.26e-08,1.45e-07,2.0802935736677116e-07,1.2867992945326278e-07,1.790266510567173e-09,1.2867992945326278e-07,1.790266510567173e-09,2.8764700000000003e-07,2.8764700000000003e-07,1.2867992945326278e-07,False,False,False,0,False,,,-1.0901159519740258,3.0,False,False,,,weekly,10.0,sigma,computed,/home/lkoo/projects/AutomationDetection/DownloadedLC/incremental/quiescent_background_cache.csv,,,,,,False,not_in_flare_streak
4FGL J2056.2-4714,579,580,59408.00001157408,8.9e-08,4.08e-08,8.22e-08,2.0802935736677116e-07,1.2867992945326278e-07,1.790266510567173e-09,1.2867992945326278e-07,1.790266510567173e-09,2.8764700000000003e-07,2.8764700000000003e-07,1.2867992945326278e-07,True,False,False,0,False,,,-0.9716123818236072,3.0,False,False,,,weekly,10.0,sigma,computed,/home/lkoo/projects/AutomationDetection/DownloadedLC/incremental/quiescent_background_cache.csv,,,,,,False,not_in_flare_streak
4FGL J2056.2-4714,580,581,59429.00001157408,1.18e-07,5.08e-08,8.9e-08,2.0802935736677116e-07,1.2867992945326278e-07,1.790266510567173e-09,1.2867992945326278e-07,1.790266510567173e-09,2.8764700000000003e-07,2.8764700000000003e-07,1.2867992945326278e-07,True,False,False,0,False,,,-0.21010440150788165,3.0,False,False,,,weekly,10.0,sigma,computed,/home/lkoo/projects/AutomationDetection/DownloadedLC/incremental/quiescent_background_cache.csv,,,,,,False,not_in_flare_streak
4FGL J2056.2-4714,581,582,59436.00001157408,2.79e-07,4.68e-08,1.18e-07,2.0802935736677116e-07,1.2867992945326278e-07,1.790266510567173e-09,1.2867992945326278e-07,1.790266510567173e-09,2.8764700000000003e-07,2.8764700000000003e-07,1.2867992945326278e-07,True,True,False,0,False,,,3.2096198038552117,3.0,True,True,59436.00001157408,59436.00001157408,weekly,10.0,sigma,computed,/home/lkoo/projects/AutomationDetection/DownloadedLC/incremental/quiescent_background_cache.csv,,,,,,False,not_in_flare_streak
4FGL J2056.2-4714,582,583,59443.00001157408,2.19e-07,5.8e-08,2.79e-07,2.0802935736677116e-07,1.2867992945326278e-07,1.790266510567173e-09,1.2867992945326278e-07,1.790266510567173e-09,2.8764700000000003e-07,2.8764700000000003e-07,1.2867992945326278e-07,False,True,False,0,False,,,1.5565012931216011,3.0,False,True,59436.00001157408,59443.00001157408,weekly,10.0,sigma,computed,/home/lkoo/projects/AutomationDetection/DownloadedLC/incremental/quiescent_background_cache.csv,,,,,,False,not_in_flare_streak
4FGL J2056.2-4714,583,584,59450.00001157408,9.06e-08,3.89e-08,2.19e-07,2.0802935736677116e-07,1.2867992945326278e-07,1.790266510567173e-09,1.2867992945326278e-07,1.790266510567173e-09,2.8764700000000003e-07,2.8764700000000003e-07,1.2867992945326278e-07,False,False,False,0,False,,,-0.9778834398018773,3.0,False,False,,,weekly,10.0,sigma,computed,/home/lkoo/projects/AutomationDetection/DownloadedLC/incremental/quiescent_background_cache.csv,,,,,,False,not_in_flare_streak
4FGL J2056.2-4714,584,585,59457.00001157408,1.56e-07,3.88e-08,9.06e-08,2.0802935736677116e-07,1.2867992945326278e-07,1.790266510567173e-09,1.2867992945326278e-07,1.790266510567173e-09,2.8764700000000003e-07,2.8764700000000003e-07,1.2867992945326278e-07,True,True,False,0,False,,,0.7033771890696267,3.0,False,False,,,weekly,10.0,sigma,computed,/home/lkoo/projects/AutomationDetection/DownloadedLC/incremental/quiescent_background_cache.csv,,,,,,False,not_in_flare_streak
4FGL J2056.2-4714,585,586,59464.00001157408,1.33e-07,9.71e-08,1.56e-07,2.0802935736677116e-07,1.2867992945326278e-07,1.790266510567173e-09,1.2867992945326278e-07,1.790266510567173e-09,2.8764700000000003e-07,2.8764700000000003e-07,1.2867992945326278e-07,False,True,False,0,False,,,0.044483382703922984,3.0,False,False,,,weekly,10.0,sigma,computed,/home/lkoo/projects/AutomationDetection/DownloadedLC/incremental/quiescent_background_cache.csv,,,,,,False,not_in_flare_streak
4FGL J2056.2-4714,586,587,59471.00001157408,7.24e-08,3.34e-08,1.33e-07,2.0802935736677116e-07,1.2867992945326278e-07,1.790266510567173e-09,1.2867992945326278e-07,1.790266510567173e-09,2.8764700000000003e-07,2.8764700000000003e-07,1.2867992945326278e-07,False,False,False,0,False,,,-1.6826124508506861,3.0,False,False,,,weekly,10.0,sigma,computed,/home/lkoo/projects/AutomationDetection/DownloadedLC/incremental/quiescent_background_cache.csv,,,,,,False,not_in_flare_streak
4FGL J2056.2-4714,587,588,59478.00001157408,8.45e-08,3.52e-08,7.24e-08,2.0802935736677116e-07,1.2867992945326278e-07,1.790266510567173e-09,1.2867992945326278e-07,1.790266510567173e-09,2.8764700000000003e-07,2.8764700000000003e-07,1.2867992945326278e-07,True,False,False,0,False,,,-1.2534914611937078,3.0,False,False,,,weekly,10.0,sigma,computed,/home/lkoo/projects/AutomationDetection/DownloadedLC/incremental/quiescent_background_cache.csv,,,,,,False,not_in_flare_streak
4FGL J2056.2-4714,588,589,59485.00001157408,7.2e-08,3e-08,8.45e-08,2.0802935736677116e-07,1.2867992945326278e-07,1.790266510567173e-09,1.2867992945326278e-07,1.790266510567173e-09,2.8764700000000003e-07,2.8764700000000003e-07,1.2867992945326278e-07,False,False,False,0,False,,,-1.885975824694088,3.0,False,False,,,weekly,10.0,sigma,computed,/home/lkoo/projects/AutomationDetection/DownloadedLC/incremental/quiescent_background_cache.csv,,,,,,False,not_in_flare_streak
4FGL J2056.2-4714,589,590,59520.00001157408,3.9e-08,2.54e-08,7.2e-08,2.0802935736677116e-07,1.2867992945326278e-07,1.790266510567173e-09,1.2867992945326278e-07,1.790266510567173e-09,2.8764700000000003e-07,2.8764700000000003e-07,1.2867992945326278e-07,False,False,False,0,False,,,-3.521968427416153,3.0,False,False,,,weekly,10.0,sigma,computed,/home/lkoo/projects/AutomationDetection/DownloadedLC/incremental/quiescent_background_cache.csv,,,,,,False,not_in_flare_streak
4FGL J2056.2-4714,590,591,59534.00001157408,4.76e-08,2.68e-08,3.9e-08,2.0802935736677116e-07,1.2867992945326278e-07,1.790266510567173e-09,1.2867992945326278e-07,1.790266510567173e-09,2.8764700000000003e-07,2.8764700000000003e-07,1.2867992945326278e-07,True,False,False,0,False,,,-3.0186428450668004,3.0,False,False,,,weekly,10.0,sigma,computed,/home/lkoo/projects/AutomationDetection/DownloadedLC/incremental/quiescent_background_cache.csv,,,,,,False,not_in_flare_streak
4FGL J2056.2-4714,591,592,59569.00001157408,1.19e-07,4.52e-08,4.76e-08,2.0802935736677116e-07,1.2867992945326278e-07,1.790266510567173e-09,1.2867992945326278e-07,1.790266510567173e-09,2.8764700000000003e-07,2.8764700000000003e-07,1.2867992945326278e-07,True,False,False,0,False,,,-0.21398994683788192,3.0,False,False,,,weekly,10.0,sigma,computed,/home/lkoo/projects/AutomationDetection/DownloadedLC/incremental/quiescent_background_cache.csv,,,,,,False,not_in_flare_streak
4FGL J2056.2-4714,592,593,59576.00001157408,1.53e-07,8.06e-08,1.19e-07,2.0802935736677116e-07,1.2867992945326278e-07,1.790266510567173e-09,1.2867992945326278e-07,1.790266510567173e-09,2.8764700000000003e-07,2.8764700000000003e-07,1.2867992945326278e-07,True,True,False,0,False,,,0.30166344258005623,3.0,False,False,,,weekly,10.0,sigma,computed,/home/lkoo/projects/AutomationDetection/DownloadedLC/incremental/quiescent_background_cache.csv,,,,,,False,not_in_flare_streak
4FGL J2056.2-4714,593,594,59583.00001157408,1.33e-07,6.41e-08,1.53e-07,2.0802935736677116e-07,1.2867992945326278e-07,1.790266510567173e-09,1.2867992945326278e-07,1.790266510567173e-09,2.8764700000000003e-07,2.8764700000000003e-07,1.2867992945326278e-07,False,True,False,0,False,,,0.0673695258727283,3.0,False,False,,,weekly,10.0,sigma,computed,/home/lkoo/projects/AutomationDetection/DownloadedLC/incremental/quiescent_background_cache.csv,,,,,,False,not_in_flare_streak
4FGL J2056.2-4714,594,595,59590.00001157408,1.19e-07,5.34e-08,1.33e-07,2.0802935736677116e-07,1.2867992945326278e-07,1.790266510567173e-09,1.2867992945326278e-07,1.790266510567173e-09,2.8764700000000003e-07,2.8764700000000003e-07,1.2867992945326278e-07,False,False,False,0,False,,,-0.18117030117664532,3.0,False,False,,,weekly,10.0,sigma,computed,/home/lkoo/projects/AutomationDetection/DownloadedLC/incremental/quiescent_background_cache.csv,,,,,,False,not_in_flare_streak
4FGL J2056.2-4714,595,596,59688.00001157408,8.29e-09,7.83e-09,1.19e-07,2.0802935736677116e-07,1.2867992945326278e-07,1.790266510567173e-09,1.2867992945326278e-07,1.790266510567173e-09,2.8764700000000003e-07,2.8764700000000003e-07,1.2867992945326278e-07,False,False,False,0,False,,,-14.988677981023617,3.0,False,False,,,weekly,10.0,sigma,computed,/home/lkoo/projects/AutomationDetection/DownloadedLC/incremental/quiescent_background_cache.csv,,,,,,False,not_in_flare_streak
4FGL J2056.2-4714,596,597,59723.00001157408,5.6e-08,2.86e-08,8.29e-09,2.0802935736677116e-07,1.2867992945326278e-07,1.790266510567173e-09,1.2867992945326278e-07,1.790266510567173e-09,2.8764700000000003e-07,2.8764700000000003e-07,1.2867992945326278e-07,True,False,False,0,False,,,-2.536292091678908,3.0,False,False,,,weekly,10.0,sigma,computed,/home/lkoo/projects/AutomationDetection/DownloadedLC/incremental/quiescent_background_cache.csv,,,,,,False,not_in_flare_streak
4FGL J2056.2-4714,597,598,59737.00001157408,1.02e-07,6.36e-08,5.6e-08,2.0802935736677116e-07,1.2867992945326278e-07,1.790266510567173e-09,1.2867992945326278e-07,1.790266510567173e-09,2.8764700000000003e-07,2.8764700000000003e-07,1.2867992945326278e-07,True,False,False,0,False,,,-0.4193296495306576,3.0,False,False,,,weekly,10.0,sigma,computed,/home/lkoo/projects/AutomationDetection/DownloadedLC/incremental/quiescent_background_cache.csv,,,,,,False,not_in_flare_streak
4FGL J2056.2-4714,598,599,59800.00001157408,3.55e-08,2.47e-08,1.02e-07,2.0802935736677116e-07,1.2867992945326278e-07,1.790266510567173e-09,1.2867992945326278e-07,1.790266510567173e-09,2.8764700000000003e-07,2.8764700000000003e-07,1.2867992945326278e-07,False,False,False,0,False,,,-3.762596490739746,3.0,False,False,,,weekly,10.0,sigma,computed,/home/lkoo/projects/AutomationDetection/DownloadedLC/incremental/quiescent_background_cache.csv,,,,,,False,not_in_flare_streak
4FGL J2056.2-4714,599,600,59807.00001157408,9.38e-08,4.53e-08,3.55e-08,2.0802935736677116e-07,1.2867992945326278e-07,1.790266510567173e-09,1.2867992945326278e-07,1.790266510567173e-09,2.8764700000000003e-07,2.8764700000000003e-07,1.2867992945326278e-07,True,False,False,0,False,,,-0.7693757777436845,3.0,False,False,,,weekly,10.0,sigma,computed,/home/lkoo/projects/AutomationDetection/DownloadedLC/incremental/quiescent_background_cache.csv,,,,,,False,not_in_flare_streak
4FGL J2056.2-4714,600,601,59828.00001157408,3.93e-08,2.06e-08,9.38e-08,2.0802935736677116e-07,1.2867992945326278e-07,1.790266510567173e-09,1.2867992945326278e-07,1.790266510567173e-09,2.8764700000000003e-07,2.8764700000000003e-07,1.2867992945326278e-07,False,False,False,0,False,,,-4.322538861528902,3.0,False,False,,,weekly,10.0,sigma,computed,/home/lkoo/projects/AutomationDetection/DownloadedLC/incremental/quiescent_background_cache.csv,,,,,,False,not_in_flare_streak
4FGL J2056.2-4714,601,602,59870.00001157408,1.03e-07,5.7e-08,3.93e-08,2.0802935736677116e-07,1.2867992945326278e-07,1.790266510567173e-09,1.2867992945326278e-07,1.790266510567173e-09,2.8764700000000003e-07,2.8764700000000003e-07,1.2867992945326278e-07,True,False,False,0,False,,,-0.4503030267512999,3.0,False,False,,,weekly,10.0,sigma,computed,/home/lkoo/projects/AutomationDetection/DownloadedLC/incremental/quiescent_background_cache.csv,,,,,,False,not_in_flare_streak
4FGL J2056.2-4714,602,603,59898.00001157408,7.29e-08,2.98e-08,1.03e-07,2.0802935736677116e-07,1.2867992945326278e-07,1.790266510567173e-09,1.2867992945326278e-07,1.790266510567173e-09,2.8764700000000003e-07,2.8764700000000003e-07,1.2867992945326278e-07,False,False,False,0,False,,,-1.8684410241966352,3.0,False,False,,,weekly,10.0,sigma,computed,/home/lkoo/projects/AutomationDetection/DownloadedLC/incremental/quiescent_background_cache.csv,,,,,,False,not_in_flare_streak
4FGL J2056.2-4714,603,604,59933.00001157408,4.13e-08,2.82e-08,7.29e-08,2.0802935736677116e-07,1.2867992945326278e-07,1.790266510567173e-09,1.2867992945326278e-07,1.790266510567173e-09,2.8764700000000003e-07,2.8764700000000003e-07,1.2867992945326278e-07,False,False,False,0,False,,,-3.0923537711555817,3.0,False,False,,,weekly,10.0,sigma,computed,/home/lkoo/projects/AutomationDetection/DownloadedLC/incremental/quiescent_background_cache.csv,,,,,,False,not_in_flare_streak
4FGL J2056.2-4714,604,605,59940.00001157408,5.33e-08,3.62e-08,4.13e-08,2.0802935736677116e-07,1.2867992945326278e-07,1.790266510567173e-09,1.2867992945326278e-07,1.790266510567173e-09,2.8764700000000003e-07,2.8764700000000003e-07,1.2867992945326278e-07,True,False,False,0,False,,,-2.079776703321673,3.0,False,False,,,weekly,10.0,sigma,computed,/home/lkoo/projects/AutomationDetection/DownloadedLC/incremental/quiescent_background_cache.csv,,,,,,False,not_in_flare_streak
4FGL J2056.2-4714,605,606,59968.00001157408,7.16e-08,3.97e-08,5.33e-08,2.0802935736677116e-07,1.2867992945326278e-07,1.790266510567173e-09,1.2867992945326278e-07,1.790266510567173e-09,2.8764700000000003e-07,2.8764700000000003e-07,1.2867992945326278e-07,True,False,False,0,False,,,-1.4363219254538184,3.0,False,False,,,weekly,10.0,sigma,computed,/home/lkoo/projects/AutomationDetection/DownloadedLC/incremental/quiescent_background_cache.csv,,,,,,False,not_in_flare_streak
4FGL J2056.2-4714,606,607,59982.00001157408,2.63e-08,2.35e-08,7.16e-08,2.0802935736677116e-07,1.2867992945326278e-07,1.790266510567173e-09,1.2867992945326278e-07,1.790266510567173e-09,2.8764700000000003e-07,2.8764700000000003e-07,1.2867992945326278e-07,False,False,False,0,False,,,-4.344005480877924,3.0,False,False,,,weekly,10.0,sigma,computed,/home/lkoo/projects/AutomationDetection/DownloadedLC/incremental/quiescent_background_cache.csv,,,,,,False,not_in_flare_streak
4FGL J2056.2-4714,607,608,59996.00001157408,6.44e-08,5.87e-08,2.63e-08,2.0802935736677116e-07,1.2867992945326278e-07,1.790266510567173e-09,1.2867992945326278e-07,1.790266510567173e-09,2.8764700000000003e-07,2.8764700000000003e-07,1.2867992945326278e-07,True,False,False,0,False,,,-1.094549486866376,3.0,False,False,,,weekly,10.0,sigma,computed,/home/lkoo/projects/AutomationDetection/DownloadedLC/incremental/quiescent_background_cache.csv,,,,,,False,not_in_flare_streak
4FGL J2056.2-4714,608,609,60017.00001157408,5.03e-08,3.01e-08,6.44e-08,2.0802935736677116e-07,1.2867992945326278e-07,1.790266510567173e-09,1.2867992945326278e-07,1.790266510567173e-09,2.8764700000000003e-07,2.8764700000000003e-07,1.2867992945326278e-07,False,False,False,0,False,,,-2.599390691096645,3.0,False,False,,,weekly,10.0,sigma,computed,/home/lkoo/projects/AutomationDetection/DownloadedLC/incremental/quiescent_background_cache.csv,,,,,,False,not_in_flare_streak
4FGL J2056.2-4714,609,610,60052.00001157408,8.39e-08,3.47e-08,5.03e-08,2.0802935736677116e-07,1.2867992945326278e-07,1.790266510567173e-09,1.2867992945326278e-07,1.790266510567173e-09,2.8764700000000003e-07,2.8764700000000003e-07,1.2867992945326278e-07,True,False,False,0,False,,,-1.2887737873824825,3.0,False,False,,,weekly,10.0,sigma,computed,/home/lkoo/projects/AutomationDetection/DownloadedLC/incremental/quiescent_background_cache.csv,,,,,,False,not_in_flare_streak
4FGL J2056.2-4714,610,611,60059.00001157408,7.66e-08,3.35e-08,8.39e-08,2.0802935736677116e-07,1.2867992945326278e-07,1.790266510567173e-09,1.2867992945326278e-07,1.790266510567173e-09,2.8764700000000003e-07,2.8764700000000003e-07,1.2867992945326278e-07,False,False,False,0,False,,,-1.5524095629287955,3.0,False,False,,,weekly,10.0,sigma,computed,/home/lkoo/projects/AutomationDetection/DownloadedLC/incremental/quiescent_background_cache.csv,,,,,,False,not_in_flare_streak
4FGL J2056.2-4714,611,612,60094.00001157408,9.43e-09,9.08e-09,7.66e-08,2.0802935736677116e-07,1.2867992945326278e-07,1.790266510567173e-09,1.2867992945326278e-07,1.790266510567173e-09,2.8764700000000003e-07,2.8764700000000003e-07,1.2867992945326278e-07,False,False,False,0,False,,,-12.885188028146962,3.0,False,False,,,weekly,10.0,sigma,computed,/home/lkoo/projects/AutomationDetection/DownloadedLC/incremental/quiescent_background_cache.csv,,,,,,False,not_in_flare_streak
4FGL J2056.2-4714,612,613,60115.00001157408,1.69e-07,8.34e-08,9.43e-09,2.0802935736677116e-07,1.2867992945326278e-07,1.790266510567173e-09,1.2867992945326278e-07,1.790266510567173e-09,2.8764700000000003e-07,2.8764700000000003e-07,1.2867992945326278e-07,True,True,False,0,False,,,0.4833427363113061,3.0,False,False,,,weekly,10.0,sigma,computed,/home/lkoo/projects/AutomationDetection/DownloadedLC/incremental/quiescent_background_cache.csv,,,,,,False,not_in_flare_streak
4FGL J2056.2-4714,613,614,60122.00001157408,1.35e-07,6.29e-08,1.69e-07,2.0802935736677116e-07,1.2867992945326278e-07,1.790266510567173e-09,1.2867992945326278e-07,1.790266510567173e-09,2.8764700000000003e-07,2.8764700000000003e-07,1.2867992945326278e-07,False,True,False,0,False,,,0.10043739560008445,3.0,False,False,,,weekly,10.0,sigma,computed,/home/lkoo/projects/AutomationDetection/DownloadedLC/incremental/quiescent_background_cache.csv,,,,,,False,not_in_flare_streak
4FGL J2056.2-4714,614,615,60150.00001157408,2.33e-07,1.14e-07,1.35e-07,2.0802935736677116e-07,1.2867992945326278e-07,1.790266510567173e-09,1.2867992945326278e-07,1.790266510567173e-09,2.8764700000000003e-07,2.8764700000000003e-07,1.2867992945326278e-07,True,True,False,0,False,,,0.9149755201340596,3.0,False,False,,,weekly,10.0,sigma,computed,/home/lkoo/projects/AutomationDetection/DownloadedLC/incremental/quiescent_background_cache.csv,,,,,,False,not_in_flare_streak
4FGL J2056.2-4714,615,616,60164.00001157408,1.74e-07,6.16e-08,2.33e-07,2.0802935736677116e-07,1.2867992945326278e-07,1.790266510567173e-09,1.2867992945326278e-07,1.790266510567173e-09,2.8764700000000003e-07,2.8764700000000003e-07,1.2867992945326278e-07,False,True,False,0,False,,,0.7354049186532411,3.0,False,False,,,weekly,10.0,sigma,computed,/home/lkoo/projects/AutomationDetection/DownloadedLC/incremental/quiescent_background_cache.csv,,,,,,False,not_in_flare_streak
4FGL J2056.2-4714,616,617,60178.00001157408,1.47e-08,1.09e-08,1.74e-07,2.0802935736677116e-07,1.2867992945326278e-07,1.790266510567173e-09,1.2867992945326278e-07,1.790266510567173e-09,2.8764700000000003e-07,2.8764700000000003e-07,1.2867992945326278e-07,False,False,False,0,False,,,-10.3186213338943,3.0,False,False,,,weekly,10.0,sigma,computed,/home/lkoo/projects/AutomationDetection/DownloadedLC/incremental/quiescent_background_cache.csv,,,,,,False,not_in_flare_streak
4FGL J2056.2-4714,617,618,60213.00001157408,4.4e-08,2.22e-08,1.47e-08,2.0802935736677116e-07,1.2867992945326278e-07,1.790266510567173e-09,1.2867992945326278e-07,1.790266510567173e-09,2.8764700000000003e-07,2.8764700000000003e-07,1.2867992945326278e-07,True,False,False,0,False,,,-3.8020683996721742,3.0,False,False,,,weekly,10.0,sigma,computed,/home/lkoo/projects/AutomationDetection/DownloadedLC/incremental/quiescent_background_cache.csv,,,,,,False,not_in_flare_streak
4FGL J2056.2-4714,618,619,60353.00001157408,7.96e-08,4.02e-08,4.4e-08,2.0802935736677116e-07,1.2867992945326278e-07,1.790266510567173e-09,1.2867992945326278e-07,1.790266510567173e-09,2.8764700000000003e-07,2.8764700000000003e-07,1.2867992945326278e-07,True,False,False,0,False,,,-1.2196848803972224,3.0,False,False,,,weekly,10.0,sigma,computed,/home/lkoo/projects/AutomationDetection/DownloadedLC/incremental/quiescent_background_cache.csv,,,,,,False,not_in_flare_streak
4FGL J2056.2-4714,619,620,60374.00001157408,3.65e-08,1.73e-08,7.96e-08,2.0802935736677116e-07,1.2867992945326278e-07,1.790266510567173e-09,1.2867992945326278e-07,1.790266510567173e-09,2.8764700000000003e-07,2.8764700000000003e-07,1.2867992945326278e-07,False,False,False,0,False,,,-5.30001662963123,3.0,False,False,,,weekly,10.0,sigma,computed,/home/lkoo/projects/AutomationDetection/DownloadedLC/incremental/quiescent_background_cache.csv,,,,,,False,not_in_flare_streak
4FGL J2056.2-4714,620,621,60381.00001157408,8.7e-08,3.92e-08,3.65e-08,2.0802935736677116e-07,1.2867992945326278e-07,1.790266510567173e-09,1.2867992945326278e-07,1.790266510567173e-09,2.8764700000000003e-07,2.8764700000000003e-07,1.2867992945326278e-07,True,False,False,0,False,,,-1.0621563845941049,3.0,False,False,,,weekly,10.0,sigma,computed,/home/lkoo/projects/AutomationDetection/DownloadedLC/incremental/quiescent_background_cache.csv,,,,,,False,not_in_flare_streak
4FGL J2056.2-4714,621,622,60388.00001157408,3.32e-08,2.09e-08,8.7e-08,2.0802935736677116e-07,1.2867992945326278e-07,1.790266510567173e-09,1.2867992945326278e-07,1.790266510567173e-09,2.8764700000000003e-07,2.8764700000000003e-07,1.2867992945326278e-07,False,False,False,0,False,,,-4.551749171670121,3.0,False,False,,,weekly,10.0,sigma,computed,/home/lkoo/projects/AutomationDetection/DownloadedLC/incremental/quiescent_background_cache.csv,,,,,,False,not_in_flare_streak
4FGL J2056.2-4714,622,623,60395.00001157408,2.08e-07,5.13e-08,3.32e-08,2.0802935736677116e-07,1.2867992945326278e-07,1.790266510567173e-09,1.2867992945326278e-07,1.790266510567173e-09,2.8764700000000003e-07,2.8764700000000003e-07,1.2867992945326278e-07,True,True,False,0,False,,,1.5452595299182288,3.0,False,False,,,weekly,10.0,sigma,computed,/home/lkoo/projects/AutomationDetection/DownloadedLC/incremental/quiescent_background_cache.csv,,,,,,False,not_in_flare_streak
4FGL J2056.2-4714,623,624,60402.00001157408,1.34e-07,3.69e-08,2.08e-07,2.0802935736677116e-07,1.2867992945326278e-07,1.790266510567173e-09,1.2867992945326278e-07,1.790266510567173e-09,2.8764700000000003e-07,2.8764700000000003e-07,1.2867992945326278e-07,False,True,False,0,False,,,0.14400596746046873,3.0,False,False,,,weekly,10.0,sigma,computed,/home/lkoo/projects/AutomationDetection/DownloadedLC/incremental/quiescent_background_cache.csv,,,,,,False,not_in_flare_streak
4FGL J2056.2-4714,624,625,60409.00001157408,5.93e-08,2.48e-08,1.34e-07,2.0802935736677116e-07,1.2867992945326278e-07,1.790266510567173e-09,1.2867992945326278e-07,1.790266510567173e-09,2.8764700000000003e-07,2.8764700000000003e-07,1.2867992945326278e-07,False,False,False,0,False,,,-2.7903168938127156,3.0,False,False,,,weekly,10.0,sigma,computed,/home/lkoo/projects/AutomationDetection/DownloadedLC/incremental/quiescent_background_cache.csv,,,,,,False,not_in_flare_streak
4FGL J2056.2-4714,625,626,60416.00001157408,5.68e-08,2.4e-08,5.93e-08,2.0802935736677116e-07,1.2867992945326278e-07,1.790266510567173e-09,1.2867992945326278e-07,1.790266510567173e-09,2.8764700000000003e-07,2.8764700000000003e-07,1.2867992945326278e-07,False,False,False,0,False,,,-2.9866990977393066,3.0,False,False,,,weekly,10.0,sigma,computed,/home/lkoo/projects/AutomationDetection/DownloadedLC/incremental/quiescent_background_cache.csv,,,,,,False,not_in_flare_streak
4FGL J2056.2-4714,626,627,60423.00001157408,1.19e-07,3.58e-08,5.68e-08,2.0802935736677116e-07,1.2867992945326278e-07,1.790266510567173e-09,1.2867992945326278e-07,1.790266510567173e-09,2.8764700000000003e-07,2.8764700000000003e-07,1.2867992945326278e-07,True,False,False,0,False,,,-0.2700516366409346,3.0,False,False,,,weekly,10.0,sigma,computed,/home/lkoo/projects/AutomationDetection/DownloadedLC/incremental/quiescent_background_cache.csv,,,,,,False,not_in_flare_streak
4FGL J2056.2-4714,627,628,60430.00001157408,1.24e-07,2.99e-08,1.19e-07,2.0802935736677116e-07,1.2867992945326278e-07,1.790266510567173e-09,1.2867992945326278e-07,1.790266510567173e-09,2.8764700000000003e-07,2.8764700000000003e-07,1.2867992945326278e-07,True,False,False,0,False,,,-0.15623956836484634,3.0,False,False,,,weekly,10.0,sigma,computed,/home/lkoo/projects/AutomationDetection/DownloadedLC/incremental/quiescent_background_cache.csv,,,,,,False,not_in_flare_streak
4FGL J2056.2-4714,628,629,60437.00001157408,1.89e-07,5.19e-08,1.24e-07,2.0802935736677116e-07,1.2867992945326278e-07,1.790266510567173e-09,1.2867992945326278e-07,1.790266510567173e-09,2.8764700000000003e-07,2.8764700000000003e-07,1.2867992945326278e-07,True,True,False,0,False,,,1.1615455862165975,3.0,False,False,,,weekly,10.0,sigma,computed,/home/lkoo/projects/AutomationDetection/DownloadedLC/incremental/quiescent_background_cache.csv,,,,,,False,not_in_flare_streak
4FGL J2056.2-4714,629,630,60444.00001157408,7.24e-08,4.33e-08,1.89e-07,2.0802935736677116e-07,1.2867992945326278e-07,1.790266510567173e-09,1.2867992945326278e-07,1.790266510567173e-09,2.8764700000000003e-07,2.8764700000000003e-07,1.2867992945326278e-07,False,False,False,0,False,,,-1.2986578943386784,3.0,False,False,,,weekly,10.0,sigma,computed,/home/lkoo/projects/AutomationDetection/DownloadedLC/incremental/quiescent_background_cache.csv,,,,,,False,not_in_flare_streak
4FGL J2056.2-4714,630,631,60451.00001157408,3.45e-08,2.58e-08,7.24e-08,2.0802935736677116e-07,1.2867992945326278e-07,1.790266510567173e-09,1.2867992945326278e-07,1.790266510567173e-09,2.8764700000000003e-07,2.8764700000000003e-07,1.2867992945326278e-07,False,False,False,0,False,,,-3.641628177508632,3.0,False,False,,,weekly,10.0,sigma,computed,/home/lkoo/projects/AutomationDetection/DownloadedLC/incremental/quiescent_background_cache.csv,,,,,,False,not_in_flare_streak
4FGL J2056.2-4714,631,632,60458.00001157408,9.55e-08,4.34e-08,3.45e-08,2.0802935736677116e-07,1.2867992945326278e-07,1.790266510567173e-09,1.2867992945326278e-07,1.790266510567173e-09,2.8764700000000003e-07,2.8764700000000003e-07,1.2867992945326278e-07,True,False,False,0,False,,,-0.7638648858507785,3.0,False,False,,,weekly,10.0,sigma,computed,/home/lkoo/projects/AutomationDetection/DownloadedLC/incremental/quiescent_background_cache.csv,,,,,,False,not_in_flare_streak
4FGL J2056.2-4714,632,633,60465.00001157408,1.47e-07,3.77e-08,9.55e-08,2.0802935736677116e-07,1.2867992945326278e-07,1.790266510567173e-09,1.2867992945326278e-07,1.790266510567173e-09,2.8764700000000003e-07,2.8764700000000003e-07,1.2867992945326278e-07,True,True,False,0,False,,,0.48539653170883135,3.0,False,False,,,weekly,10.0,sigma,computed,/home/lkoo/projects/AutomationDetection/DownloadedLC/incremental/quiescent_background_cache.csv,,,,,,False,not_in_flare_streak
4FGL J2056.2-4714,633,634,60472.00001157408,6.39e-08,5.22e-08,1.47e-07,2.0802935736677116e-07,1.2867992945326278e-07,1.790266510567173e-09,1.2867992945326278e-07,1.790266510567173e-09,2.8764700000000003e-07,2.8764700000000003e-07,1.2867992945326278e-07,False,False,False,0,False,,,-1.2402656091145516,3.0,False,False,,,weekly,10.0,sigma,computed,/home/lkoo/projects/AutomationDetection/DownloadedLC/incremental/quiescent_background_cache.csv,,,,,,False,not_in_flare_streak
4FGL J2056.2-4714,634,635,60479.00001157408,1.31e-07,6.64e-08,6.39e-08,2.0802935736677116e-07,1.2867992945326278e-07,1.790266510567173e-09,1.2867992945326278e-07,1.790266510567173e-09,2.8764700000000003e-07,2.8764700000000003e-07,1.2867992945326278e-07,True,True,False,0,False,,,0.03492812844751438,3.0,False,False,,,weekly,10.0,sigma,computed,/home/lkoo/projects/AutomationDetection/DownloadedLC/incremental/quiescent_background_cache.csv,,,,,,False,not_in_flare_streak
4FGL J2056.2-4714,635,636,60640.00001157408,2.84e-08,1.79e-08,1.31e-07,2.0802935736677116e-07,1.2867992945326278e-07,1.790266510567173e-09,1.2867992945326278e-07,1.790266510567173e-09,2.8764700000000003e-07,2.8764700000000003e-07,1.2867992945326278e-07,False,False,False,0,False,,,-5.5744196722651544,3.0,False,False,,,weekly,10.0,sigma,computed,/home/lkoo/projects/AutomationDetection/DownloadedLC/incremental/quiescent_background_cache.csv,,,,,,False,not_in_flare_streak
4FGL J2056.2-4714,636,637,60787.00001157408,1.21e-09,1.21e-09,2.84e-08,2.0802935736677116e-07,1.2867992945326278e-07,1.790266510567173e-09,1.2867992945326278e-07,1.790266510567173e-09,2.8764700000000003e-07,2.8764700000000003e-07,1.2867992945326278e-07,False,False,False,0,False,,,-58.99139116058399,3.0,False,False,,,weekly,10.0,sigma,computed,/home/lkoo/projects/AutomationDetection/DownloadedLC/incremental/quiescent_background_cache.csv,,,,,,False,not_in_flare_streak
