Name,previous_bin_count,current_bin_count,new_point_mjd,new_point_flux,new_point_flux_error,previous_point_flux,average_flux_full_series,previous_quiescent_background,previous_quiescent_background_error,current_quiescent_background,current_quiescent_background_error,previous_detection_threshold,current_detection_threshold,flare_flux_threshold,above_previous_flux,above_flare_flux_threshold,potential_flare_point,consecutive_potential_flare_points,flare_active,flare_start_mjd,flare_end_mjd,confirmed_sigma_delta,confirmed_sigma_threshold,confirmed_start_trigger,confirmed_flare_active,confirmed_flare_start_mjd,confirmed_flare_end_mjd,cadence,lookback_weeks,detection_method,quiescent_background_origin,quiescent_background_cache_path,flare_duration_seconds,streak_mean_flux,source_counts_0p2_5MeV,background_counts,mdp99_percent,mdp99_available,mdp99_reason
4FGL J1332.0-0509,1,2,54704.00001157408,5.23e-08,2.86e-08,1.98e-08,1.5265706989247312e-07,1.419971002710027e-07,2.5657881478361252e-09,1.419971002710027e-07,2.5657881478361252e-09,9.238489999999999e-07,9.238489999999999e-07,1.419971002710027e-07,True,False,False,0,False,,,-3.1237169779715668,3.0,False,False,,,weekly,10.0,sigma,computed,/home/lkoo/projects/AutomationDetection/DownloadedLC/incremental/quiescent_background_cache.csv,,,,,,False,not_in_flare_streak
4FGL J1332.0-0509,2,3,54725.00001157408,1.06e-07,5.24e-08,5.23e-08,1.5265706989247312e-07,1.419971002710027e-07,2.5657881478361252e-09,1.419971002710027e-07,2.5657881478361252e-09,9.238489999999999e-07,9.238489999999999e-07,1.419971002710027e-07,True,False,False,0,False,,,-0.6861454993227536,3.0,False,False,,,weekly,10.0,sigma,computed,/home/lkoo/projects/AutomationDetection/DownloadedLC/incremental/quiescent_background_cache.csv,,,,,,False,not_in_flare_streak
4FGL J1332.0-0509,3,4,54732.00001157408,1.36e-07,3.85e-08,1.06e-07,1.5265706989247312e-07,1.419971002710027e-07,2.5657881478361252e-09,1.419971002710027e-07,2.5657881478361252e-09,9.238489999999999e-07,9.238489999999999e-07,1.419971002710027e-07,True,False,False,0,False,,,-0.15542407017212712,3.0,False,False,,,weekly,10.0,sigma,computed,/home/lkoo/projects/AutomationDetection/DownloadedLC/incremental/quiescent_background_cache.csv,,,,,,False,not_in_flare_streak
4FGL J1332.0-0509,4,5,54739.00001157408,1.4e-07,4.79e-08,1.36e-07,1.5265706989247312e-07,1.419971002710027e-07,2.5657881478361252e-09,1.419971002710027e-07,2.5657881478361252e-09,9.238489999999999e-07,9.238489999999999e-07,1.419971002710027e-07,True,False,False,0,False,,,-0.04163343042896013,3.0,False,False,,,weekly,10.0,sigma,computed,/home/lkoo/projects/AutomationDetection/DownloadedLC/incremental/quiescent_background_cache.csv,,,,,,False,not_in_flare_streak
4FGL J1332.0-0509,5,6,54746.00001157408,2.72e-07,5.53e-08,1.4e-07,1.5265706989247312e-07,1.419971002710027e-07,2.5657881478361252e-09,1.419971002710027e-07,2.5657881478361252e-09,9.238489999999999e-07,9.238489999999999e-07,1.419971002710027e-07,True,True,False,0,False,,,2.3483398573496745,3.0,False,False,,,weekly,10.0,sigma,computed,/home/lkoo/projects/AutomationDetection/DownloadedLC/incremental/quiescent_background_cache.csv,,,,,,False,not_in_flare_streak
4FGL J1332.0-0509,6,7,54760.00001157408,2.93e-07,4.59e-08,2.72e-07,1.5265706989247312e-07,1.419971002710027e-07,2.5657881478361252e-09,1.419971002710027e-07,2.5657881478361252e-09,9.238489999999999e-07,9.238489999999999e-07,1.419971002710027e-07,True,True,False,0,False,,,3.2846955888738556,3.0,True,True,54760.00001157408,54760.00001157408,weekly,10.0,sigma,computed,/home/lkoo/projects/AutomationDetection/DownloadedLC/incremental/quiescent_background_cache.csv,,,,,,False,not_in_flare_streak
4FGL J1332.0-0509,7,8,54767.00001157408,1.56e-07,3.73e-08,2.93e-07,1.5265706989247312e-07,1.419971002710027e-07,2.5657881478361252e-09,1.419971002710027e-07,2.5657881478361252e-09,9.238489999999999e-07,9.238489999999999e-07,1.419971002710027e-07,False,True,False,0,False,,,0.37452781673501406,3.0,False,True,54760.00001157408,54767.00001157408,weekly,10.0,sigma,computed,/home/lkoo/projects/AutomationDetection/DownloadedLC/incremental/quiescent_background_cache.csv,,,,,,False,not_in_flare_streak
4FGL J1332.0-0509,8,9,54774.00001157408,9.79e-08,5.17e-08,1.56e-07,1.5265706989247312e-07,1.419971002710027e-07,2.5657881478361252e-09,1.419971002710027e-07,2.5657881478361252e-09,9.238489999999999e-07,9.238489999999999e-07,1.419971002710027e-07,False,False,False,0,False,,,-0.8518935259090502,3.0,False,False,,,weekly,10.0,sigma,computed,/home/lkoo/projects/AutomationDetection/DownloadedLC/incremental/quiescent_background_cache.csv,,,,,,False,not_in_flare_streak
4FGL J1332.0-0509,9,10,54788.00001157408,5.12e-08,2.5e-08,9.79e-08,1.5265706989247312e-07,1.419971002710027e-07,2.5657881478361252e-09,1.419971002710027e-07,2.5657881478361252e-09,9.238489999999999e-07,9.238489999999999e-07,1.419971002710027e-07,False,False,False,0,False,,,-3.6129060691876997,3.0,False,False,,,weekly,10.0,sigma,computed,/home/lkoo/projects/AutomationDetection/DownloadedLC/incremental/quiescent_background_cache.csv,,,,,,False,not_in_flare_streak
4FGL J1332.0-0509,10,11,54795.00001157408,6.93e-08,3.99e-08,5.12e-08,1.5265706989247312e-07,1.419971002710027e-07,2.5657881478361252e-09,1.419971002710027e-07,2.5657881478361252e-09,9.238489999999999e-07,9.238489999999999e-07,1.419971002710027e-07,True,False,False,0,False,,,-1.8182269814733714,3.0,False,False,,,weekly,10.0,sigma,computed,/home/lkoo/projects/AutomationDetection/DownloadedLC/incremental/quiescent_background_cache.csv,,,,,,False,not_in_flare_streak
4FGL J1332.0-0509,11,12,54802.00001157408,6.8e-08,3.33e-08,6.93e-08,1.5265706989247312e-07,1.419971002710027e-07,2.5657881478361252e-09,1.419971002710027e-07,2.5657881478361252e-09,9.238489999999999e-07,9.238489999999999e-07,1.419971002710027e-07,False,False,False,0,False,,,-2.2155681723443625,3.0,False,False,,,weekly,10.0,sigma,computed,/home/lkoo/projects/AutomationDetection/DownloadedLC/incremental/quiescent_background_cache.csv,,,,,,False,not_in_flare_streak
4FGL J1332.0-0509,12,13,54809.00001157408,3.08e-08,2.18e-08,6.8e-08,1.5265706989247312e-07,1.419971002710027e-07,2.5657881478361252e-09,1.419971002710027e-07,2.5657881478361252e-09,9.238489999999999e-07,9.238489999999999e-07,1.419971002710027e-07,False,False,False,0,False,,,-5.0658179357434845,3.0,False,False,,,weekly,10.0,sigma,computed,/home/lkoo/projects/AutomationDetection/DownloadedLC/incremental/quiescent_background_cache.csv,,,,,,False,not_in_flare_streak
4FGL J1332.0-0509,13,14,54816.00001157408,1.47e-07,3.49e-08,3.08e-08,1.5265706989247312e-07,1.419971002710027e-07,2.5657881478361252e-09,1.419971002710027e-07,2.5657881478361252e-09,9.238489999999999e-07,9.238489999999999e-07,1.419971002710027e-07,True,True,False,0,False,,,0.1429637280257585,3.0,False,False,,,weekly,10.0,sigma,computed,/home/lkoo/projects/AutomationDetection/DownloadedLC/incremental/quiescent_background_cache.csv,,,,,,False,not_in_flare_streak
4FGL J1332.0-0509,14,15,54823.00001157408,1.4e-07,3.47e-08,1.47e-07,1.5265706989247312e-07,1.419971002710027e-07,2.5657881478361252e-09,1.419971002710027e-07,2.5657881478361252e-09,9.238489999999999e-07,9.238489999999999e-07,1.419971002710027e-07,False,False,False,0,False,,,-0.05739662999960492,3.0,False,False,,,weekly,10.0,sigma,computed,/home/lkoo/projects/AutomationDetection/DownloadedLC/incremental/quiescent_background_cache.csv,,,,,,False,not_in_flare_streak
4FGL J1332.0-0509,15,16,54830.00001157408,1.29e-07,3.83e-08,1.4e-07,1.5265706989247312e-07,1.419971002710027e-07,2.5657881478361252e-09,1.419971002710027e-07,2.5657881478361252e-09,9.238489999999999e-07,9.238489999999999e-07,1.419971002710027e-07,False,False,False,0,False,,,-0.33859094440701537,3.0,False,False,,,weekly,10.0,sigma,computed,/home/lkoo/projects/AutomationDetection/DownloadedLC/incremental/quiescent_background_cache.csv,,,,,,False,not_in_flare_streak
4FGL J1332.0-0509,16,17,54837.00001157408,1.56e-07,4.37e-08,1.29e-07,1.5265706989247312e-07,1.419971002710027e-07,2.5657881478361252e-09,1.419971002710027e-07,2.5657881478361252e-09,9.238489999999999e-07,9.238489999999999e-07,1.419971002710027e-07,True,True,False,0,False,,,0.319881598982883,3.0,False,False,,,weekly,10.0,sigma,computed,/home/lkoo/projects/AutomationDetection/DownloadedLC/incremental/quiescent_background_cache.csv,,,,,,False,not_in_flare_streak
4FGL J1332.0-0509,17,18,54844.00001157408,2.24e-07,5.35e-08,1.56e-07,1.5265706989247312e-07,1.419971002710027e-07,2.5657881478361252e-09,1.419971002710027e-07,2.5657881478361252e-09,9.238489999999999e-07,9.238489999999999e-07,1.419971002710027e-07,True,True,False,0,False,,,1.531004811533911,3.0,False,False,,,weekly,10.0,sigma,computed,/home/lkoo/projects/AutomationDetection/DownloadedLC/incremental/quiescent_background_cache.csv,,,,,,False,not_in_flare_streak
4FGL J1332.0-0509,18,19,54851.00001157408,1.62e-07,4.49e-08,2.24e-07,1.5265706989247312e-07,1.419971002710027e-07,2.5657881478361252e-09,1.419971002710027e-07,2.5657881478361252e-09,9.238489999999999e-07,9.238489999999999e-07,1.419971002710027e-07,False,True,False,0,False,,,0.4447732700138029,3.0,False,False,,,weekly,10.0,sigma,computed,/home/lkoo/projects/AutomationDetection/DownloadedLC/incremental/quiescent_background_cache.csv,,,,,,False,not_in_flare_streak
4FGL J1332.0-0509,19,20,54858.00001157408,2.22e-07,4.35e-08,1.62e-07,1.5265706989247312e-07,1.419971002710027e-07,2.5657881478361252e-09,1.419971002710027e-07,2.5657881478361252e-09,9.238489999999999e-07,9.238489999999999e-07,1.419971002710027e-07,True,True,False,0,False,,,1.8359561838024168,3.0,False,False,,,weekly,10.0,sigma,computed,/home/lkoo/projects/AutomationDetection/DownloadedLC/incremental/quiescent_background_cache.csv,,,,,,False,not_in_flare_streak
4FGL J1332.0-0509,20,21,54865.00001157408,2.97e-07,4.47e-08,2.22e-07,1.5265706989247312e-07,1.419971002710027e-07,2.5657881478361252e-09,1.419971002710027e-07,2.5657881478361252e-09,9.238489999999999e-07,9.238489999999999e-07,1.419971002710027e-07,True,True,False,0,False,,,3.4619279350166594,3.0,True,True,54865.00001157408,54865.00001157408,weekly,10.0,sigma,computed,/home/lkoo/projects/AutomationDetection/DownloadedLC/incremental/quiescent_background_cache.csv,,,,,,False,not_in_flare_streak
4FGL J1332.0-0509,21,22,54872.00001157408,2.72e-07,4.1e-08,2.97e-07,1.5265706989247312e-07,1.419971002710027e-07,2.5657881478361252e-09,1.419971002710027e-07,2.5657881478361252e-09,9.238489999999999e-07,9.238489999999999e-07,1.419971002710027e-07,False,True,False,0,False,,,3.164611732789735,3.0,True,True,54865.00001157408,54872.00001157408,weekly,10.0,sigma,computed,/home/lkoo/projects/AutomationDetection/DownloadedLC/incremental/quiescent_background_cache.csv,,,,,,False,not_in_flare_streak
4FGL J1332.0-0509,22,23,54879.00001157408,3.66e-07,5.01e-08,2.72e-07,1.5265706989247312e-07,1.419971002710027e-07,2.5657881478361252e-09,1.419971002710027e-07,2.5657881478361252e-09,9.238489999999999e-07,9.238489999999999e-07,1.419971002710027e-07,True,True,False,0,False,,,4.465263837681287,3.0,True,True,54865.00001157408,54879.00001157408,weekly,10.0,sigma,computed,/home/lkoo/projects/AutomationDetection/DownloadedLC/incremental/quiescent_background_cache.csv,,,,,,False,not_in_flare_streak
4FGL J1332.0-0509,23,24,54886.00001157408,2.25e-07,4.02e-08,3.66e-07,1.5265706989247312e-07,1.419971002710027e-07,2.5657881478361252e-09,1.419971002710027e-07,2.5657881478361252e-09,9.238489999999999e-07,9.238489999999999e-07,1.419971002710027e-07,False,True,False,0,False,,,2.0605559675002243,3.0,False,True,54865.00001157408,54886.00001157408,weekly,10.0,sigma,computed,/home/lkoo/projects/AutomationDetection/DownloadedLC/incremental/quiescent_background_cache.csv,,,,,,False,not_in_flare_streak
4FGL J1332.0-0509,24,25,54893.00001157408,1.54e-07,5.27e-08,2.25e-07,1.5265706989247312e-07,1.419971002710027e-07,2.5657881478361252e-09,1.419971002710027e-07,2.5657881478361252e-09,9.238489999999999e-07,9.238489999999999e-07,1.419971002710027e-07,False,True,False,0,False,,,0.22748954790971732,3.0,False,True,54865.00001157408,54893.00001157408,weekly,10.0,sigma,computed,/home/lkoo/projects/AutomationDetection/DownloadedLC/incremental/quiescent_background_cache.csv,,,,,,False,not_in_flare_streak
4FGL J1332.0-0509,25,26,54900.00001157408,6.6e-08,4.51e-08,1.54e-07,1.5265706989247312e-07,1.419971002710027e-07,2.5657881478361252e-09,1.419971002710027e-07,2.5657881478361252e-09,9.238489999999999e-07,9.238489999999999e-07,1.419971002710027e-07,False,False,False,0,False,,,-1.6823594689811328,3.0,False,False,,,weekly,10.0,sigma,computed,/home/lkoo/projects/AutomationDetection/DownloadedLC/incremental/quiescent_background_cache.csv,,,,,,False,not_in_flare_streak
4FGL J1332.0-0509,26,27,54907.00001157408,3.01e-07,5.49e-08,6.6e-08,1.5265706989247312e-07,1.419971002710027e-07,2.5657881478361252e-09,1.419971002710027e-07,2.5657881478361252e-09,9.238489999999999e-07,9.238489999999999e-07,1.419971002710027e-07,True,True,False,0,False,,,2.8930698508725725,3.0,False,False,,,weekly,10.0,sigma,computed,/home/lkoo/projects/AutomationDetection/DownloadedLC/incremental/quiescent_background_cache.csv,,,,,,False,not_in_flare_streak
4FGL J1332.0-0509,27,28,54914.00001157408,2.7e-07,4.52e-08,3.01e-07,1.5265706989247312e-07,1.419971002710027e-07,2.5657881478361252e-09,1.419971002710027e-07,2.5657881478361252e-09,9.238489999999999e-07,9.238489999999999e-07,1.419971002710027e-07,False,True,False,0,False,,,2.827370918577833,3.0,False,False,,,weekly,10.0,sigma,computed,/home/lkoo/projects/AutomationDetection/DownloadedLC/incremental/quiescent_background_cache.csv,,,,,,False,not_in_flare_streak
4FGL J1332.0-0509,28,29,54921.00001157408,1.65e-07,3.58e-08,2.7e-07,1.5265706989247312e-07,1.419971002710027e-07,2.5657881478361252e-09,1.419971002710027e-07,2.5657881478361252e-09,9.238489999999999e-07,9.238489999999999e-07,1.419971002710027e-07,False,True,False,0,False,,,0.6408951965550636,3.0,False,False,,,weekly,10.0,sigma,computed,/home/lkoo/projects/AutomationDetection/DownloadedLC/incremental/quiescent_background_cache.csv,,,,,,False,not_in_flare_streak
4FGL J1332.0-0509,29,30,54928.00001157408,2.16e-07,3.84e-08,1.65e-07,1.5265706989247312e-07,1.419971002710027e-07,2.5657881478361252e-09,1.419971002710027e-07,2.5657881478361252e-09,9.238489999999999e-07,9.238489999999999e-07,1.419971002710027e-07,True,True,False,0,False,,,1.9228712356463675,3.0,False,False,,,weekly,10.0,sigma,computed,/home/lkoo/projects/AutomationDetection/DownloadedLC/incremental/quiescent_background_cache.csv,,,,,,False,not_in_flare_streak
4FGL J1332.0-0509,30,31,54935.00001157408,2.18e-07,4.04e-08,2.16e-07,1.5265706989247312e-07,1.419971002710027e-07,2.5657881478361252e-09,1.419971002710027e-07,2.5657881478361252e-09,9.238489999999999e-07,9.238489999999999e-07,1.419971002710027e-07,True,True,False,0,False,,,1.8774773301711365,3.0,False,False,,,weekly,10.0,sigma,computed,/home/lkoo/projects/AutomationDetection/DownloadedLC/incremental/quiescent_background_cache.csv,,,,,,False,not_in_flare_streak
4FGL J1332.0-0509,31,32,54949.00001157408,9.71e-08,3.71e-08,2.18e-07,1.5265706989247312e-07,1.419971002710027e-07,2.5657881478361252e-09,1.419971002710027e-07,2.5657881478361252e-09,9.238489999999999e-07,9.238489999999999e-07,1.419971002710027e-07,False,False,False,0,False,,,-1.2072807039816973,3.0,False,False,,,weekly,10.0,sigma,computed,/home/lkoo/projects/AutomationDetection/DownloadedLC/incremental/quiescent_background_cache.csv,,,,,,False,not_in_flare_streak
4FGL J1332.0-0509,32,33,54956.00001157408,6.78e-08,3.68e-08,9.71e-08,1.5265706989247312e-07,1.419971002710027e-07,2.5657881478361252e-09,1.419971002710027e-07,2.5657881478361252e-09,9.238489999999999e-07,9.238489999999999e-07,1.419971002710027e-07,False,False,False,0,False,,,-2.011342680591725,3.0,False,False,,,weekly,10.0,sigma,computed,/home/lkoo/projects/AutomationDetection/DownloadedLC/incremental/quiescent_background_cache.csv,,,,,,False,not_in_flare_streak
4FGL J1332.0-0509,33,34,54977.00001157408,4.03e-08,2.58e-08,6.78e-08,1.5265706989247312e-07,1.419971002710027e-07,2.5657881478361252e-09,1.419971002710027e-07,2.5657881478361252e-09,9.238489999999999e-07,9.238489999999999e-07,1.419971002710027e-07,False,False,False,0,False,,,-3.9223992681288227,3.0,False,False,,,weekly,10.0,sigma,computed,/home/lkoo/projects/AutomationDetection/DownloadedLC/incremental/quiescent_background_cache.csv,,,,,,False,not_in_flare_streak
4FGL J1332.0-0509,34,35,54984.00001157408,6.21e-08,2.95e-08,4.03e-08,1.5265706989247312e-07,1.419971002710027e-07,2.5657881478361252e-09,1.419971002710027e-07,2.5657881478361252e-09,9.238489999999999e-07,9.238489999999999e-07,1.419971002710027e-07,True,False,False,0,False,,,-2.698189872730552,3.0,False,False,,,weekly,10.0,sigma,computed,/home/lkoo/projects/AutomationDetection/DownloadedLC/incremental/quiescent_background_cache.csv,,,,,,False,not_in_flare_streak
4FGL J1332.0-0509,35,36,54991.00001157408,1.81e-07,4.34e-08,6.21e-08,1.5265706989247312e-07,1.419971002710027e-07,2.5657881478361252e-09,1.419971002710027e-07,2.5657881478361252e-09,9.238489999999999e-07,9.238489999999999e-07,1.419971002710027e-07,True,True,False,0,False,,,0.8971179255052749,3.0,False,False,,,weekly,10.0,sigma,computed,/home/lkoo/projects/AutomationDetection/DownloadedLC/incremental/quiescent_background_cache.csv,,,,,,False,not_in_flare_streak
4FGL J1332.0-0509,36,37,54998.00001157408,2.09e-07,5.39e-08,1.81e-07,1.5265706989247312e-07,1.419971002710027e-07,2.5657881478361252e-09,1.419971002710027e-07,2.5657881478361252e-09,9.238489999999999e-07,9.238489999999999e-07,1.419971002710027e-07,True,True,False,0,False,,,1.241690417314111,3.0,False,False,,,weekly,10.0,sigma,computed,/home/lkoo/projects/AutomationDetection/DownloadedLC/incremental/quiescent_background_cache.csv,,,,,,False,not_in_flare_streak
4FGL J1332.0-0509,37,38,55005.00001157408,1.35e-07,4.24e-08,2.09e-07,1.5265706989247312e-07,1.419971002710027e-07,2.5657881478361252e-09,1.419971002710027e-07,2.5657881478361252e-09,9.238489999999999e-07,9.238489999999999e-07,1.419971002710027e-07,False,False,False,0,False,,,-0.16472462049511571,3.0,False,False,,,weekly,10.0,sigma,computed,/home/lkoo/projects/AutomationDetection/DownloadedLC/incremental/quiescent_background_cache.csv,,,,,,False,not_in_flare_streak
4FGL J1332.0-0509,38,39,55012.00001157408,5.04e-08,3.26e-08,1.35e-07,1.5265706989247312e-07,1.419971002710027e-07,2.5657881478361252e-09,1.419971002710027e-07,2.5657881478361252e-09,9.238489999999999e-07,9.238489999999999e-07,1.419971002710027e-07,False,False,False,0,False,,,-2.8010647954093897,3.0,False,False,,,weekly,10.0,sigma,computed,/home/lkoo/projects/AutomationDetection/DownloadedLC/incremental/quiescent_background_cache.csv,,,,,,False,not_in_flare_streak
4FGL J1332.0-0509,39,40,55019.00001157408,3.56e-08,2.54e-08,5.04e-08,1.5265706989247312e-07,1.419971002710027e-07,2.5657881478361252e-09,1.419971002710027e-07,2.5657881478361252e-09,9.238489999999999e-07,9.238489999999999e-07,1.419971002710027e-07,False,False,False,0,False,,,-4.167652638938636,3.0,False,False,,,weekly,10.0,sigma,computed,/home/lkoo/projects/AutomationDetection/DownloadedLC/incremental/quiescent_background_cache.csv,,,,,,False,not_in_flare_streak
4FGL J1332.0-0509,40,41,55033.00001157408,7.39e-08,3.06e-08,3.56e-08,1.5265706989247312e-07,1.419971002710027e-07,2.5657881478361252e-09,1.419971002710027e-07,2.5657881478361252e-09,9.238489999999999e-07,9.238489999999999e-07,1.419971002710027e-07,True,False,False,0,False,,,-2.217613397732272,3.0,False,False,,,weekly,10.0,sigma,computed,/home/lkoo/projects/AutomationDetection/DownloadedLC/incremental/quiescent_background_cache.csv,,,,,,False,not_in_flare_streak
4FGL J1332.0-0509,41,42,55040.00001157408,1.51e-07,4.56e-08,7.39e-08,1.5265706989247312e-07,1.419971002710027e-07,2.5657881478361252e-09,1.419971002710027e-07,2.5657881478361252e-09,9.238489999999999e-07,9.238489999999999e-07,1.419971002710027e-07,True,True,False,0,False,,,0.19712021617641726,3.0,False,False,,,weekly,10.0,sigma,computed,/home/lkoo/projects/AutomationDetection/DownloadedLC/incremental/quiescent_background_cache.csv,,,,,,False,not_in_flare_streak
4FGL J1332.0-0509,42,43,55047.00001157408,3.4e-08,2.44e-08,1.51e-07,1.5265706989247312e-07,1.419971002710027e-07,2.5657881478361252e-09,1.419971002710027e-07,2.5657881478361252e-09,9.238489999999999e-07,9.238489999999999e-07,1.419971002710027e-07,False,False,False,0,False,,,-4.401840618806272,3.0,False,False,,,weekly,10.0,sigma,computed,/home/lkoo/projects/AutomationDetection/DownloadedLC/incremental/quiescent_background_cache.csv,,,,,,False,not_in_flare_streak
4FGL J1332.0-0509,43,44,55054.00001157408,1.21e-07,3.95e-08,3.4e-08,1.5265706989247312e-07,1.419971002710027e-07,2.5657881478361252e-09,1.419971002710027e-07,2.5657881478361252e-09,9.238489999999999e-07,9.238489999999999e-07,1.419971002710027e-07,True,False,False,0,False,,,-0.5304542459217401,3.0,False,False,,,weekly,10.0,sigma,computed,/home/lkoo/projects/AutomationDetection/DownloadedLC/incremental/quiescent_background_cache.csv,,,,,,False,not_in_flare_streak
4FGL J1332.0-0509,44,45,55061.00001157408,2.19e-07,5.58e-08,1.21e-07,1.5265706989247312e-07,1.419971002710027e-07,2.5657881478361252e-09,1.419971002710027e-07,2.5657881478361252e-09,9.238489999999999e-07,9.238489999999999e-07,1.419971002710027e-07,True,True,False,0,False,,,1.37852372294833,3.0,False,False,,,weekly,10.0,sigma,computed,/home/lkoo/projects/AutomationDetection/DownloadedLC/incremental/quiescent_background_cache.csv,,,,,,False,not_in_flare_streak
4FGL J1332.0-0509,45,46,55068.00001157408,1.39e-07,3.59e-08,2.19e-07,1.5265706989247312e-07,1.419971002710027e-07,2.5657881478361252e-09,1.419971002710027e-07,2.5657881478361252e-09,9.238489999999999e-07,9.238489999999999e-07,1.419971002710027e-07,False,False,False,0,False,,,-0.08327227982850777,3.0,False,False,,,weekly,10.0,sigma,computed,/home/lkoo/projects/AutomationDetection/DownloadedLC/incremental/quiescent_background_cache.csv,,,,,,False,not_in_flare_streak
4FGL J1332.0-0509,46,47,55075.00001157408,6.75e-08,3.76e-08,1.39e-07,1.5265706989247312e-07,1.419971002710027e-07,2.5657881478361252e-09,1.419971002710027e-07,2.5657881478361252e-09,9.238489999999999e-07,9.238489999999999e-07,1.419971002710027e-07,False,False,False,0,False,,,-1.976708864515415,3.0,False,False,,,weekly,10.0,sigma,computed,/home/lkoo/projects/AutomationDetection/DownloadedLC/incremental/quiescent_background_cache.csv,,,,,,False,not_in_flare_streak
4FGL J1332.0-0509,47,48,55082.00001157408,1.21e-07,3.62e-08,6.75e-08,1.5265706989247312e-07,1.419971002710027e-07,2.5657881478361252e-09,1.419971002710027e-07,2.5657881478361252e-09,9.238489999999999e-07,9.238489999999999e-07,1.419971002710027e-07,True,False,False,0,False,,,-0.57857890895538,3.0,False,False,,,weekly,10.0,sigma,computed,/home/lkoo/projects/AutomationDetection/DownloadedLC/incremental/quiescent_background_cache.csv,,,,,,False,not_in_flare_streak
4FGL J1332.0-0509,48,49,55089.00001157408,5e-07,5.85e-08,1.21e-07,1.5265706989247312e-07,1.419971002710027e-07,2.5657881478361252e-09,1.419971002710027e-07,2.5657881478361252e-09,9.238489999999999e-07,9.238489999999999e-07,1.419971002710027e-07,True,True,False,0,False,,,6.11383002695929,3.0,True,True,55089.00001157408,55089.00001157408,weekly,10.0,sigma,computed,/home/lkoo/projects/AutomationDetection/DownloadedLC/incremental/quiescent_background_cache.csv,,,,,,False,not_in_flare_streak
4FGL J1332.0-0509,49,50,55096.00001157408,4.84e-07,6.76e-08,5e-07,1.5265706989247312e-07,1.419971002710027e-07,2.5657881478361252e-09,1.419971002710027e-07,2.5657881478361252e-09,9.238489999999999e-07,9.238489999999999e-07,1.419971002710027e-07,False,True,False,0,False,,,5.055574233355422,3.0,True,True,55089.00001157408,55096.00001157408,weekly,10.0,sigma,computed,/home/lkoo/projects/AutomationDetection/DownloadedLC/incremental/quiescent_background_cache.csv,,,,,,False,not_in_flare_streak
4FGL J1332.0-0509,50,51,55103.00001157408,1.67e-07,5.29e-08,4.84e-07,1.5265706989247312e-07,1.419971002710027e-07,2.5657881478361252e-09,1.419971002710027e-07,2.5657881478361252e-09,9.238489999999999e-07,9.238489999999999e-07,1.419971002710027e-07,False,True,False,0,False,,,0.4720896373340073,3.0,False,True,55089.00001157408,55103.00001157408,weekly,10.0,sigma,computed,/home/lkoo/projects/AutomationDetection/DownloadedLC/incremental/quiescent_background_cache.csv,,,,,,False,not_in_flare_streak
4FGL J1332.0-0509,51,52,55110.00001157408,1.38e-07,4.53e-08,1.67e-07,1.5265706989247312e-07,1.419971002710027e-07,2.5657881478361252e-09,1.419971002710027e-07,2.5657881478361252e-09,9.238489999999999e-07,9.238489999999999e-07,1.419971002710027e-07,False,False,False,0,False,,,-0.08809501429798054,3.0,False,False,,,weekly,10.0,sigma,computed,/home/lkoo/projects/AutomationDetection/DownloadedLC/incremental/quiescent_background_cache.csv,,,,,,False,not_in_flare_streak
4FGL J1332.0-0509,52,53,55117.00001157408,1.58e-07,5.76e-08,1.38e-07,1.5265706989247312e-07,1.419971002710027e-07,2.5657881478361252e-09,1.419971002710027e-07,2.5657881478361252e-09,9.238489999999999e-07,9.238489999999999e-07,1.419971002710027e-07,True,True,False,0,False,,,0.27755288945070417,3.0,False,False,,,weekly,10.0,sigma,computed,/home/lkoo/projects/AutomationDetection/DownloadedLC/incremental/quiescent_background_cache.csv,,,,,,False,not_in_flare_streak
4FGL J1332.0-0509,53,54,55124.00001157408,3.18e-07,7.22e-08,1.58e-07,1.5265706989247312e-07,1.419971002710027e-07,2.5657881478361252e-09,1.419971002710027e-07,2.5657881478361252e-09,9.238489999999999e-07,9.238489999999999e-07,1.419971002710027e-07,True,True,False,0,False,,,2.436175461293199,3.0,False,False,,,weekly,10.0,sigma,computed,/home/lkoo/projects/AutomationDetection/DownloadedLC/incremental/quiescent_background_cache.csv,,,,,,False,not_in_flare_streak
4FGL J1332.0-0509,54,55,55131.00001157408,3.4e-07,5.65e-08,3.18e-07,1.5265706989247312e-07,1.419971002710027e-07,2.5657881478361252e-09,1.419971002710027e-07,2.5657881478361252e-09,9.238489999999999e-07,9.238489999999999e-07,1.419971002710027e-07,True,True,False,0,False,,,3.5008680998791735,3.0,True,True,55131.00001157408,55131.00001157408,weekly,10.0,sigma,computed,/home/lkoo/projects/AutomationDetection/DownloadedLC/incremental/quiescent_background_cache.csv,,,,,,False,not_in_flare_streak
4FGL J1332.0-0509,55,56,55138.00001157408,1.6e-07,3.81e-08,3.4e-07,1.5265706989247312e-07,1.419971002710027e-07,2.5657881478361252e-09,1.419971002710027e-07,2.5657881478361252e-09,9.238489999999999e-07,9.238489999999999e-07,1.419971002710027e-07,False,True,False,0,False,,,0.47144921617302815,3.0,False,True,55131.00001157408,55138.00001157408,weekly,10.0,sigma,computed,/home/lkoo/projects/AutomationDetection/DownloadedLC/incremental/quiescent_background_cache.csv,,,,,,False,not_in_flare_streak
4FGL J1332.0-0509,56,57,55145.00001157408,1.91e-07,4.48e-08,1.6e-07,1.5265706989247312e-07,1.419971002710027e-07,2.5657881478361252e-09,1.419971002710027e-07,2.5657881478361252e-09,9.238489999999999e-07,9.238489999999999e-07,1.419971002710027e-07,True,True,False,0,False,,,1.0920252226384566,3.0,False,True,55131.00001157408,55145.00001157408,weekly,10.0,sigma,computed,/home/lkoo/projects/AutomationDetection/DownloadedLC/incremental/quiescent_background_cache.csv,,,,,,False,not_in_flare_streak
4FGL J1332.0-0509,57,58,55152.00001157408,2.2e-07,5.48e-08,1.91e-07,1.5265706989247312e-07,1.419971002710027e-07,2.5657881478361252e-09,1.419971002710027e-07,2.5657881478361252e-09,9.238489999999999e-07,9.238489999999999e-07,1.419971002710027e-07,True,True,False,0,False,,,1.4218529381163787,3.0,False,True,55131.00001157408,55152.00001157408,weekly,10.0,sigma,computed,/home/lkoo/projects/AutomationDetection/DownloadedLC/incremental/quiescent_background_cache.csv,,,,,,False,not_in_flare_streak
4FGL J1332.0-0509,58,59,55159.00001157408,1.38e-07,5.48e-08,2.2e-07,1.5265706989247312e-07,1.419971002710027e-07,2.5657881478361252e-09,1.419971002710027e-07,2.5657881478361252e-09,9.238489999999999e-07,9.238489999999999e-07,1.419971002710027e-07,False,False,False,0,False,,,-0.0728599678219172,3.0,False,False,,,weekly,10.0,sigma,computed,/home/lkoo/projects/AutomationDetection/DownloadedLC/incremental/quiescent_background_cache.csv,,,,,,False,not_in_flare_streak
4FGL J1332.0-0509,59,60,55173.00001157408,4.05e-08,3.96e-08,1.38e-07,1.5265706989247312e-07,1.419971002710027e-07,2.5657881478361252e-09,1.419971002710027e-07,2.5657881478361252e-09,9.238489999999999e-07,9.238489999999999e-07,1.419971002710027e-07,False,False,False,0,False,,,-2.557695000049277,3.0,False,False,,,weekly,10.0,sigma,computed,/home/lkoo/projects/AutomationDetection/DownloadedLC/incremental/quiescent_background_cache.csv,,,,,,False,not_in_flare_streak
4FGL J1332.0-0509,60,61,55180.00001157408,1.61e-07,4.81e-08,4.05e-08,1.5265706989247312e-07,1.419971002710027e-07,2.5657881478361252e-09,1.419971002710027e-07,2.5657881478361252e-09,9.238489999999999e-07,9.238489999999999e-07,1.419971002710027e-07,True,True,False,0,False,,,0.3945097995708656,3.0,False,False,,,weekly,10.0,sigma,computed,/home/lkoo/projects/AutomationDetection/DownloadedLC/incremental/quiescent_background_cache.csv,,,,,,False,not_in_flare_streak
4FGL J1332.0-0509,61,62,55187.00001157408,1.74e-07,4.24e-08,1.61e-07,1.5265706989247312e-07,1.419971002710027e-07,2.5657881478361252e-09,1.419971002710027e-07,2.5657881478361252e-09,9.238489999999999e-07,9.238489999999999e-07,1.419971002710027e-07,True,True,False,0,False,,,0.7534071698885174,3.0,False,False,,,weekly,10.0,sigma,computed,/home/lkoo/projects/AutomationDetection/DownloadedLC/incremental/quiescent_background_cache.csv,,,,,,False,not_in_flare_streak
4FGL J1332.0-0509,62,63,55194.00001157408,2.24e-07,4.28e-08,1.74e-07,1.5265706989247312e-07,1.419971002710027e-07,2.5657881478361252e-09,1.419971002710027e-07,2.5657881478361252e-09,9.238489999999999e-07,9.238489999999999e-07,1.419971002710027e-07,True,True,False,0,False,,,1.9125220711617184,3.0,False,False,,,weekly,10.0,sigma,computed,/home/lkoo/projects/AutomationDetection/DownloadedLC/incremental/quiescent_background_cache.csv,,,,,,False,not_in_flare_streak
4FGL J1332.0-0509,63,64,55201.00001157408,4.95e-07,6.56e-08,2.24e-07,1.5265706989247312e-07,1.419971002710027e-07,2.5657881478361252e-09,1.419971002710027e-07,2.5657881478361252e-09,9.238489999999999e-07,9.238489999999999e-07,1.419971002710027e-07,True,True,False,0,False,,,5.377030452401006,3.0,True,True,55201.00001157408,55201.00001157408,weekly,10.0,sigma,computed,/home/lkoo/projects/AutomationDetection/DownloadedLC/incremental/quiescent_background_cache.csv,,,,,,False,not_in_flare_streak
4FGL J1332.0-0509,64,65,55208.00001157408,1.35e-07,5.13e-08,4.95e-07,1.5265706989247312e-07,1.419971002710027e-07,2.5657881478361252e-09,1.419971002710027e-07,2.5657881478361252e-09,9.238489999999999e-07,9.238489999999999e-07,1.419971002710027e-07,False,False,False,0,False,,,-0.13622543675056903,3.0,False,False,,,weekly,10.0,sigma,computed,/home/lkoo/projects/AutomationDetection/DownloadedLC/incremental/quiescent_background_cache.csv,,,,,,False,not_in_flare_streak
4FGL J1332.0-0509,65,66,55215.00001157408,2.18e-07,6.8e-08,1.35e-07,1.5265706989247312e-07,1.419971002710027e-07,2.5657881478361252e-09,1.419971002710027e-07,2.5657881478361252e-09,9.238489999999999e-07,9.238489999999999e-07,1.419971002710027e-07,True,True,False,0,False,,,1.1168949133767727,3.0,False,False,,,weekly,10.0,sigma,computed,/home/lkoo/projects/AutomationDetection/DownloadedLC/incremental/quiescent_background_cache.csv,,,,,,False,not_in_flare_streak
4FGL J1332.0-0509,66,67,55222.00001157408,2.44e-07,5.93e-08,2.18e-07,1.5265706989247312e-07,1.419971002710027e-07,2.5657881478361252e-09,1.419971002710027e-07,2.5657881478361252e-09,9.238489999999999e-07,9.238489999999999e-07,1.419971002710027e-07,True,True,False,0,False,,,1.7185084835427769,3.0,False,False,,,weekly,10.0,sigma,computed,/home/lkoo/projects/AutomationDetection/DownloadedLC/incremental/quiescent_background_cache.csv,,,,,,False,not_in_flare_streak
4FGL J1332.0-0509,67,68,55229.00001157408,4.72e-07,7.43e-08,2.44e-07,1.5265706989247312e-07,1.419971002710027e-07,2.5657881478361252e-09,1.419971002710027e-07,2.5657881478361252e-09,9.238489999999999e-07,9.238489999999999e-07,1.419971002710027e-07,True,True,False,0,False,,,4.438846686209985,3.0,True,True,55229.00001157408,55229.00001157408,weekly,10.0,sigma,computed,/home/lkoo/projects/AutomationDetection/DownloadedLC/incremental/quiescent_background_cache.csv,,,,,,False,not_in_flare_streak
4FGL J1332.0-0509,68,69,55236.00001157408,2.51e-07,5.32e-08,4.72e-07,1.5265706989247312e-07,1.419971002710027e-07,2.5657881478361252e-09,1.419971002710027e-07,2.5657881478361252e-09,9.238489999999999e-07,9.238489999999999e-07,1.419971002710027e-07,False,True,False,0,False,,,2.0465478867280598,3.0,False,True,55229.00001157408,55236.00001157408,weekly,10.0,sigma,computed,/home/lkoo/projects/AutomationDetection/DownloadedLC/incremental/quiescent_background_cache.csv,,,,,,False,not_in_flare_streak
4FGL J1332.0-0509,69,70,55243.00001157408,4.6e-07,5.04e-08,2.51e-07,1.5265706989247312e-07,1.419971002710027e-07,2.5657881478361252e-09,1.419971002710027e-07,2.5657881478361252e-09,9.238489999999999e-07,9.238489999999999e-07,1.419971002710027e-07,True,True,False,0,False,,,6.30142101042436,3.0,True,True,55229.00001157408,55243.00001157408,weekly,10.0,sigma,computed,/home/lkoo/projects/AutomationDetection/DownloadedLC/incremental/quiescent_background_cache.csv,,,,,,False,not_in_flare_streak
4FGL J1332.0-0509,70,71,55250.00001157408,1.41e-07,3.51e-08,4.6e-07,1.5265706989247312e-07,1.419971002710027e-07,2.5657881478361252e-09,1.419971002710027e-07,2.5657881478361252e-09,9.238489999999999e-07,9.238489999999999e-07,1.419971002710027e-07,False,False,False,0,False,,,-0.028331820170089617,3.0,False,False,,,weekly,10.0,sigma,computed,/home/lkoo/projects/AutomationDetection/DownloadedLC/incremental/quiescent_background_cache.csv,,,,,,False,not_in_flare_streak
4FGL J1332.0-0509,71,72,55257.00001157408,1.61e-07,5.3e-08,1.41e-07,1.5265706989247312e-07,1.419971002710027e-07,2.5657881478361252e-09,1.419971002710027e-07,2.5657881478361252e-09,9.238489999999999e-07,9.238489999999999e-07,1.419971002710027e-07,True,True,False,0,False,,,0.35812586546362013,3.0,False,False,,,weekly,10.0,sigma,computed,/home/lkoo/projects/AutomationDetection/DownloadedLC/incremental/quiescent_background_cache.csv,,,,,,False,not_in_flare_streak
4FGL J1332.0-0509,72,73,55264.00001157408,3.85e-07,6.76e-08,1.61e-07,1.5265706989247312e-07,1.419971002710027e-07,2.5657881478361252e-09,1.419971002710027e-07,2.5657881478361252e-09,9.238489999999999e-07,9.238489999999999e-07,1.419971002710027e-07,True,True,False,0,False,,,3.5921309423810355,3.0,True,True,55264.00001157408,55264.00001157408,weekly,10.0,sigma,computed,/home/lkoo/projects/AutomationDetection/DownloadedLC/incremental/quiescent_background_cache.csv,,,,,,False,not_in_flare_streak
4FGL J1332.0-0509,73,74,55271.00001157408,2.09e-07,5.56e-08,3.85e-07,1.5265706989247312e-07,1.419971002710027e-07,2.5657881478361252e-09,1.419971002710027e-07,2.5657881478361252e-09,9.238489999999999e-07,9.238489999999999e-07,1.419971002710027e-07,False,True,False,0,False,,,1.2038070104136978,3.0,False,True,55264.00001157408,55271.00001157408,weekly,10.0,sigma,computed,/home/lkoo/projects/AutomationDetection/DownloadedLC/incremental/quiescent_background_cache.csv,,,,,,False,not_in_flare_streak
4FGL J1332.0-0509,74,75,55278.00001157408,2.2e-07,6.1e-08,2.09e-07,1.5265706989247312e-07,1.419971002710027e-07,2.5657881478361252e-09,1.419971002710027e-07,2.5657881478361252e-09,9.238489999999999e-07,9.238489999999999e-07,1.419971002710027e-07,True,True,False,0,False,,,1.2776063769922397,3.0,False,True,55264.00001157408,55278.00001157408,weekly,10.0,sigma,computed,/home/lkoo/projects/AutomationDetection/DownloadedLC/incremental/quiescent_background_cache.csv,,,,,,False,not_in_flare_streak
4FGL J1332.0-0509,75,76,55285.00001157408,1.7e-07,5.3e-08,2.2e-07,1.5265706989247312e-07,1.419971002710027e-07,2.5657881478361252e-09,1.419971002710027e-07,2.5657881478361252e-09,9.238489999999999e-07,9.238489999999999e-07,1.419971002710027e-07,False,True,False,0,False,,,0.527738547482579,3.0,False,True,55264.00001157408,55285.00001157408,weekly,10.0,sigma,computed,/home/lkoo/projects/AutomationDetection/DownloadedLC/incremental/quiescent_background_cache.csv,,,,,,False,not_in_flare_streak
4FGL J1332.0-0509,76,77,55292.00001157408,1.87e-07,5.7e-08,1.7e-07,1.5265706989247312e-07,1.419971002710027e-07,2.5657881478361252e-09,1.419971002710027e-07,2.5657881478361252e-09,9.238489999999999e-07,9.238489999999999e-07,1.419971002710027e-07,True,True,False,0,False,,,0.7887258852234972,3.0,False,True,55264.00001157408,55292.00001157408,weekly,10.0,sigma,computed,/home/lkoo/projects/AutomationDetection/DownloadedLC/incremental/quiescent_background_cache.csv,,,,,,False,not_in_flare_streak
4FGL J1332.0-0509,77,78,55299.00001157408,1.93e-07,4.16e-08,1.87e-07,1.5265706989247312e-07,1.419971002710027e-07,2.5657881478361252e-09,1.419971002710027e-07,2.5657881478361252e-09,9.238489999999999e-07,9.238489999999999e-07,1.419971002710027e-07,True,True,False,0,False,,,1.2237058869961805,3.0,False,True,55264.00001157408,55299.00001157408,weekly,10.0,sigma,computed,/home/lkoo/projects/AutomationDetection/DownloadedLC/incremental/quiescent_background_cache.csv,,,,,,False,not_in_flare_streak
4FGL J1332.0-0509,78,79,55306.00001157408,5.09e-08,2.39e-08,1.93e-07,1.5265706989247312e-07,1.419971002710027e-07,2.5657881478361252e-09,1.419971002710027e-07,2.5657881478361252e-09,9.238489999999999e-07,9.238489999999999e-07,1.419971002710027e-07,False,False,False,0,False,,,-3.7898176498376084,3.0,False,False,,,weekly,10.0,sigma,computed,/home/lkoo/projects/AutomationDetection/DownloadedLC/incremental/quiescent_background_cache.csv,,,,,,False,not_in_flare_streak
4FGL J1332.0-0509,79,80,55313.00001157408,1.52e-07,4.54e-08,5.09e-08,1.5265706989247312e-07,1.419971002710027e-07,2.5657881478361252e-09,1.419971002710027e-07,2.5657881478361252e-09,9.238489999999999e-07,9.238489999999999e-07,1.419971002710027e-07,True,True,False,0,False,,,0.21997716845496781,3.0,False,False,,,weekly,10.0,sigma,computed,/home/lkoo/projects/AutomationDetection/DownloadedLC/incremental/quiescent_background_cache.csv,,,,,,False,not_in_flare_streak
4FGL J1332.0-0509,80,81,55320.00001157408,1.09e-07,4.18e-08,1.52e-07,1.5265706989247312e-07,1.419971002710027e-07,2.5657881478361252e-09,1.419971002710027e-07,2.5657881478361252e-09,9.238489999999999e-07,9.238489999999999e-07,1.419971002710027e-07,False,False,False,0,False,,,-0.7879213392230506,3.0,False,False,,,weekly,10.0,sigma,computed,/home/lkoo/projects/AutomationDetection/DownloadedLC/incremental/quiescent_background_cache.csv,,,,,,False,not_in_flare_streak
4FGL J1332.0-0509,81,82,55327.00001157408,1.34e-07,4.7e-08,1.09e-07,1.5265706989247312e-07,1.419971002710027e-07,2.5657881478361252e-09,1.419971002710027e-07,2.5657881478361252e-09,9.238489999999999e-07,9.238489999999999e-07,1.419971002710027e-07,True,False,False,0,False,,,-0.16989809251874913,3.0,False,False,,,weekly,10.0,sigma,computed,/home/lkoo/projects/AutomationDetection/DownloadedLC/incremental/quiescent_background_cache.csv,,,,,,False,not_in_flare_streak
4FGL J1332.0-0509,82,83,55334.00001157408,2.33e-07,5.11e-08,1.34e-07,1.5265706989247312e-07,1.419971002710027e-07,2.5657881478361252e-09,1.419971002710027e-07,2.5657881478361252e-09,9.238489999999999e-07,9.238489999999999e-07,1.419971002710027e-07,True,True,False,0,False,,,1.7786379631252731,3.0,False,False,,,weekly,10.0,sigma,computed,/home/lkoo/projects/AutomationDetection/DownloadedLC/incremental/quiescent_background_cache.csv,,,,,,False,not_in_flare_streak
4FGL J1332.0-0509,83,84,55341.00001157408,4.6e-07,5.61e-08,2.33e-07,1.5265706989247312e-07,1.419971002710027e-07,2.5657881478361252e-09,1.419971002710027e-07,2.5657881478361252e-09,9.238489999999999e-07,9.238489999999999e-07,1.419971002710027e-07,True,True,False,0,False,,,5.662581544797038,3.0,True,True,55341.00001157408,55341.00001157408,weekly,10.0,sigma,computed,/home/lkoo/projects/AutomationDetection/DownloadedLC/incremental/quiescent_background_cache.csv,,,,,,False,not_in_flare_streak
4FGL J1332.0-0509,84,85,55348.00001157408,4.04e-07,4.77e-08,4.6e-07,1.5265706989247312e-07,1.419971002710027e-07,2.5657881478361252e-09,1.419971002710027e-07,2.5657881478361252e-09,9.238489999999999e-07,9.238489999999999e-07,1.419971002710027e-07,False,True,False,0,False,,,5.484794210876636,3.0,True,True,55341.00001157408,55348.00001157408,weekly,10.0,sigma,computed,/home/lkoo/projects/AutomationDetection/DownloadedLC/incremental/quiescent_background_cache.csv,,,,,,False,not_in_flare_streak
4FGL J1332.0-0509,85,86,55355.00001157408,1.65e-07,3.95e-08,4.04e-07,1.5265706989247312e-07,1.419971002710027e-07,2.5657881478361252e-09,1.419971002710027e-07,2.5657881478361252e-09,9.238489999999999e-07,9.238489999999999e-07,1.419971002710027e-07,False,True,False,0,False,,,0.5811271876721849,3.0,False,True,55341.00001157408,55355.00001157408,weekly,10.0,sigma,computed,/home/lkoo/projects/AutomationDetection/DownloadedLC/incremental/quiescent_background_cache.csv,,,,,,False,not_in_flare_streak
4FGL J1332.0-0509,86,87,55362.00001157408,3.3e-07,5.21e-08,1.65e-07,1.5265706989247312e-07,1.419971002710027e-07,2.5657881478361252e-09,1.419971002710027e-07,2.5657881478361252e-09,9.238489999999999e-07,9.238489999999999e-07,1.419971002710027e-07,True,True,False,0,False,,,3.604133042529207,3.0,True,True,55341.00001157408,55362.00001157408,weekly,10.0,sigma,computed,/home/lkoo/projects/AutomationDetection/DownloadedLC/incremental/quiescent_background_cache.csv,,,,,,False,not_in_flare_streak
4FGL J1332.0-0509,87,88,55369.00001157408,2.11e-07,5.55e-08,3.3e-07,1.5265706989247312e-07,1.419971002710027e-07,2.5657881478361252e-09,1.419971002710027e-07,2.5657881478361252e-09,9.238489999999999e-07,9.238489999999999e-07,1.419971002710027e-07,False,True,False,0,False,,,1.2419689989656657,3.0,False,True,55341.00001157408,55369.00001157408,weekly,10.0,sigma,computed,/home/lkoo/projects/AutomationDetection/DownloadedLC/incremental/quiescent_background_cache.csv,,,,,,False,not_in_flare_streak
4FGL J1332.0-0509,88,89,55376.00001157408,3.26e-07,5.64e-08,2.11e-07,1.5265706989247312e-07,1.419971002710027e-07,2.5657881478361252e-09,1.419971002710027e-07,2.5657881478361252e-09,9.238489999999999e-07,9.238489999999999e-07,1.419971002710027e-07,True,True,False,0,False,,,3.2590920194020447,3.0,True,True,55341.00001157408,55376.00001157408,weekly,10.0,sigma,computed,/home/lkoo/projects/AutomationDetection/DownloadedLC/incremental/quiescent_background_cache.csv,,,,,,False,not_in_flare_streak
4FGL J1332.0-0509,89,90,55383.00001157408,4.18e-07,6.24e-08,3.26e-07,1.5265706989247312e-07,1.419971002710027e-07,2.5657881478361252e-09,1.419971002710027e-07,2.5657881478361252e-09,9.238489999999999e-07,9.238489999999999e-07,1.419971002710027e-07,True,True,False,0,False,,,4.419388990017059,3.0,True,True,55341.00001157408,55383.00001157408,weekly,10.0,sigma,computed,/home/lkoo/projects/AutomationDetection/DownloadedLC/incremental/quiescent_background_cache.csv,,,,,,False,not_in_flare_streak
4FGL J1332.0-0509,90,91,55390.00001157408,8.74e-08,3.85e-08,4.18e-07,1.5265706989247312e-07,1.419971002710027e-07,2.5657881478361252e-09,1.419971002710027e-07,2.5657881478361252e-09,9.238489999999999e-07,9.238489999999999e-07,1.419971002710027e-07,False,False,False,0,False,,,-1.4149677611270277,3.0,False,False,,,weekly,10.0,sigma,computed,/home/lkoo/projects/AutomationDetection/DownloadedLC/incremental/quiescent_background_cache.csv,,,,,,False,not_in_flare_streak
4FGL J1332.0-0509,91,92,55397.00001157408,1.22e-07,3.57e-08,8.74e-08,1.5265706989247312e-07,1.419971002710027e-07,2.5657881478361252e-09,1.419971002710027e-07,2.5657881478361252e-09,9.238489999999999e-07,9.238489999999999e-07,1.419971002710027e-07,True,False,False,0,False,,,-0.5587017602926276,3.0,False,False,,,weekly,10.0,sigma,computed,/home/lkoo/projects/AutomationDetection/DownloadedLC/incremental/quiescent_background_cache.csv,,,,,,False,not_in_flare_streak
4FGL J1332.0-0509,92,93,55404.00001157408,3.21e-07,4.68e-08,1.22e-07,1.5265706989247312e-07,1.419971002710027e-07,2.5657881478361252e-09,1.419971002710027e-07,2.5657881478361252e-09,9.238489999999999e-07,9.238489999999999e-07,1.419971002710027e-07,True,True,False,0,False,,,3.8191129811311324,3.0,True,True,55404.00001157408,55404.00001157408,weekly,10.0,sigma,computed,/home/lkoo/projects/AutomationDetection/DownloadedLC/incremental/quiescent_background_cache.csv,,,,,,False,not_in_flare_streak
4FGL J1332.0-0509,93,94,55411.00001157408,1.58e-07,3.8e-08,3.21e-07,1.5265706989247312e-07,1.419971002710027e-07,2.5657881478361252e-09,1.419971002710027e-07,2.5657881478361252e-09,9.238489999999999e-07,9.238489999999999e-07,1.419971002710027e-07,False,True,False,0,False,,,0.4201722362053851,3.0,False,True,55404.00001157408,55411.00001157408,weekly,10.0,sigma,computed,/home/lkoo/projects/AutomationDetection/DownloadedLC/incremental/quiescent_background_cache.csv,,,,,,False,not_in_flare_streak
4FGL J1332.0-0509,94,95,55418.00001157408,8.94e-08,3.96e-08,1.58e-07,1.5265706989247312e-07,1.419971002710027e-07,2.5657881478361252e-09,1.419971002710027e-07,2.5657881478361252e-09,9.238489999999999e-07,9.238489999999999e-07,1.419971002710027e-07,False,False,False,0,False,,,-1.3254303819620348,3.0,False,False,,,weekly,10.0,sigma,computed,/home/lkoo/projects/AutomationDetection/DownloadedLC/incremental/quiescent_background_cache.csv,,,,,,False,not_in_flare_streak
4FGL J1332.0-0509,95,96,55425.00001157408,8.32e-08,4.68e-08,8.94e-08,1.5265706989247312e-07,1.419971002710027e-07,2.5657881478361252e-09,1.419971002710027e-07,2.5657881478361252e-09,9.238489999999999e-07,9.238489999999999e-07,1.419971002710027e-07,False,False,False,0,False,,,-1.2544644206201045,3.0,False,False,,,weekly,10.0,sigma,computed,/home/lkoo/projects/AutomationDetection/DownloadedLC/incremental/quiescent_background_cache.csv,,,,,,False,not_in_flare_streak
4FGL J1332.0-0509,96,97,55432.00001157408,1.03e-07,4.56e-08,8.32e-08,1.5265706989247312e-07,1.419971002710027e-07,2.5657881478361252e-09,1.419971002710027e-07,2.5657881478361252e-09,9.238489999999999e-07,9.238489999999999e-07,1.419971002710027e-07,True,False,False,0,False,,,-0.8538489894443865,3.0,False,False,,,weekly,10.0,sigma,computed,/home/lkoo/projects/AutomationDetection/DownloadedLC/incremental/quiescent_background_cache.csv,,,,,,False,not_in_flare_streak
4FGL J1332.0-0509,97,98,55439.00001157408,7.28e-07,7.77e-08,1.03e-07,1.5265706989247312e-07,1.419971002710027e-07,2.5657881478361252e-09,1.419971002710027e-07,2.5657881478361252e-09,9.238489999999999e-07,9.238489999999999e-07,1.419971002710027e-07,True,True,False,0,False,,,7.537756266668755,3.0,True,True,55439.00001157408,55439.00001157408,weekly,10.0,sigma,computed,/home/lkoo/projects/AutomationDetection/DownloadedLC/incremental/quiescent_background_cache.csv,,,,,,False,not_in_flare_streak
4FGL J1332.0-0509,98,99,55446.00001157408,8.08e-07,7.47e-08,7.28e-07,1.5265706989247312e-07,1.419971002710027e-07,2.5657881478361252e-09,1.419971002710027e-07,2.5657881478361252e-09,9.238489999999999e-07,9.238489999999999e-07,1.419971002710027e-07,True,True,False,0,False,,,8.910446842600674,3.0,True,True,55439.00001157408,55446.00001157408,weekly,10.0,sigma,computed,/home/lkoo/projects/AutomationDetection/DownloadedLC/incremental/quiescent_background_cache.csv,,,,,,False,not_in_flare_streak
4FGL J1332.0-0509,99,100,55453.00001157408,1.26e-06,7.77e-08,8.08e-07,1.5265706989247312e-07,1.419971002710027e-07,2.5657881478361252e-09,1.419971002710027e-07,2.5657881478361252e-09,9.238489999999999e-07,9.238489999999999e-07,1.419971002710027e-07,True,True,False,0,False,,,14.380873144967962,3.0,True,True,55439.00001157408,55453.00001157408,weekly,10.0,sigma,computed,/home/lkoo/projects/AutomationDetection/DownloadedLC/incremental/quiescent_background_cache.csv,,,,,,False,not_in_flare_streak
4FGL J1332.0-0509,100,101,55460.00001157408,3.07e-06,1.6e-07,1.26e-06,1.5265706989247312e-07,1.419971002710027e-07,2.5657881478361252e-09,1.419971002710027e-07,2.5657881478361252e-09,9.238489999999999e-07,9.238489999999999e-07,1.419971002710027e-07,True,True,False,0,False,,,18.297665570416104,3.0,True,True,55439.00001157408,55460.00001157408,weekly,10.0,sigma,computed,/home/lkoo/projects/AutomationDetection/DownloadedLC/incremental/quiescent_background_cache.csv,,,,,,False,not_in_flare_streak
4FGL J1332.0-0509,101,102,55467.00001157408,5.71e-07,6.51e-08,3.07e-06,1.5265706989247312e-07,1.419971002710027e-07,2.5657881478361252e-09,1.419971002710027e-07,2.5657881478361252e-09,9.238489999999999e-07,9.238489999999999e-07,1.419971002710027e-07,False,True,False,0,False,,,6.58479391245286,3.0,True,True,55439.00001157408,55467.00001157408,weekly,10.0,sigma,computed,/home/lkoo/projects/AutomationDetection/DownloadedLC/incremental/quiescent_background_cache.csv,,,,,,False,not_in_flare_streak
4FGL J1332.0-0509,102,103,55474.00001157408,6.61e-07,7.59e-08,5.71e-07,1.5265706989247312e-07,1.419971002710027e-07,2.5657881478361252e-09,1.419971002710027e-07,2.5657881478361252e-09,9.238489999999999e-07,9.238489999999999e-07,1.419971002710027e-07,True,True,False,0,False,,,6.834079100431896,3.0,True,True,55439.00001157408,55474.00001157408,weekly,10.0,sigma,computed,/home/lkoo/projects/AutomationDetection/DownloadedLC/incremental/quiescent_background_cache.csv,,,,,,False,not_in_flare_streak
4FGL J1332.0-0509,103,104,55481.00001157408,6.29e-07,8.69e-08,6.61e-07,1.5265706989247312e-07,1.419971002710027e-07,2.5657881478361252e-09,1.419971002710027e-07,2.5657881478361252e-09,9.238489999999999e-07,9.238489999999999e-07,1.419971002710027e-07,False,True,False,0,False,,,5.601734880379871,3.0,True,True,55439.00001157408,55481.00001157408,weekly,10.0,sigma,computed,/home/lkoo/projects/AutomationDetection/DownloadedLC/incremental/quiescent_background_cache.csv,,,,,,False,not_in_flare_streak
4FGL J1332.0-0509,104,105,55488.00001157408,2.94e-07,6.82e-08,6.29e-07,1.5265706989247312e-07,1.419971002710027e-07,2.5657881478361252e-09,1.419971002710027e-07,2.5657881478361252e-09,9.238489999999999e-07,9.238489999999999e-07,1.419971002710027e-07,False,True,False,0,False,,,2.227205907708176,3.0,False,True,55439.00001157408,55488.00001157408,weekly,10.0,sigma,computed,/home/lkoo/projects/AutomationDetection/DownloadedLC/incremental/quiescent_background_cache.csv,,,,,,False,not_in_flare_streak
4FGL J1332.0-0509,105,106,55495.00001157408,4.6e-07,7.55e-08,2.94e-07,1.5265706989247312e-07,1.419971002710027e-07,2.5657881478361252e-09,1.419971002710027e-07,2.5657881478361252e-09,9.238489999999999e-07,9.238489999999999e-07,1.419971002710027e-07,True,True,False,0,False,,,4.209528827325848,3.0,True,True,55439.00001157408,55495.00001157408,weekly,10.0,sigma,computed,/home/lkoo/projects/AutomationDetection/DownloadedLC/incremental/quiescent_background_cache.csv,,,,,,False,not_in_flare_streak
4FGL J1332.0-0509,106,107,55502.00001157408,9.05e-07,7.34e-08,4.6e-07,1.5265706989247312e-07,1.419971002710027e-07,2.5657881478361252e-09,1.419971002710027e-07,2.5657881478361252e-09,9.238489999999999e-07,9.238489999999999e-07,1.419971002710027e-07,True,True,False,0,False,,,10.388789578744788,3.0,True,True,55439.00001157408,55502.00001157408,weekly,10.0,sigma,computed,/home/lkoo/projects/AutomationDetection/DownloadedLC/incremental/quiescent_background_cache.csv,,,,,,False,not_in_flare_streak
4FGL J1332.0-0509,107,108,55509.00001157408,1.84e-07,4.25e-08,9.05e-07,1.5265706989247312e-07,1.419971002710027e-07,2.5657881478361252e-09,1.419971002710027e-07,2.5657881478361252e-09,9.238489999999999e-07,9.238489999999999e-07,1.419971002710027e-07,False,True,False,0,False,,,0.9865073883670687,3.0,False,True,55439.00001157408,55509.00001157408,weekly,10.0,sigma,computed,/home/lkoo/projects/AutomationDetection/DownloadedLC/incremental/quiescent_background_cache.csv,,,,,,False,not_in_flare_streak
4FGL J1332.0-0509,108,109,55516.00001157408,4.75e-07,5.68e-08,1.84e-07,1.5265706989247312e-07,1.419971002710027e-07,2.5657881478361252e-09,1.419971002710027e-07,2.5657881478361252e-09,9.238489999999999e-07,9.238489999999999e-07,1.419971002710027e-07,True,True,False,0,False,,,5.856754684668515,3.0,True,True,55439.00001157408,55516.00001157408,weekly,10.0,sigma,computed,/home/lkoo/projects/AutomationDetection/DownloadedLC/incremental/quiescent_background_cache.csv,,,,,,False,not_in_flare_streak
4FGL J1332.0-0509,109,110,55523.00001157408,1.34e-07,4.09e-08,4.75e-07,1.5265706989247312e-07,1.419971002710027e-07,2.5657881478361252e-09,1.419971002710027e-07,2.5657881478361252e-09,9.238489999999999e-07,9.238489999999999e-07,1.419971002710027e-07,False,False,False,0,False,,,-0.19514450980060066,3.0,False,False,,,weekly,10.0,sigma,computed,/home/lkoo/projects/AutomationDetection/DownloadedLC/incremental/quiescent_background_cache.csv,,,,,,False,not_in_flare_streak
4FGL J1332.0-0509,110,111,55530.00001157408,2.65e-07,6.71e-08,1.34e-07,1.5265706989247312e-07,1.419971002710027e-07,2.5657881478361252e-09,1.419971002710027e-07,2.5657881478361252e-09,9.238489999999999e-07,9.238489999999999e-07,1.419971002710027e-07,True,True,False,0,False,,,1.8317894623194415,3.0,False,False,,,weekly,10.0,sigma,computed,/home/lkoo/projects/AutomationDetection/DownloadedLC/incremental/quiescent_background_cache.csv,,,,,,False,not_in_flare_streak
4FGL J1332.0-0509,111,112,55537.00001157408,1.75e-07,5.15e-08,2.65e-07,1.5265706989247312e-07,1.419971002710027e-07,2.5657881478361252e-09,1.419971002710027e-07,2.5657881478361252e-09,9.238489999999999e-07,9.238489999999999e-07,1.419971002710027e-07,False,True,False,0,False,,,0.6400391617777453,3.0,False,False,,,weekly,10.0,sigma,computed,/home/lkoo/projects/AutomationDetection/DownloadedLC/incremental/quiescent_background_cache.csv,,,,,,False,not_in_flare_streak
4FGL J1332.0-0509,112,113,55544.00001157408,1.45e-07,5.89e-08,1.75e-07,1.5265706989247312e-07,1.419971002710027e-07,2.5657881478361252e-09,1.419971002710027e-07,2.5657881478361252e-09,9.238489999999999e-07,9.238489999999999e-07,1.419971002710027e-07,False,True,False,0,False,,,0.05093471281575191,3.0,False,False,,,weekly,10.0,sigma,computed,/home/lkoo/projects/AutomationDetection/DownloadedLC/incremental/quiescent_background_cache.csv,,,,,,False,not_in_flare_streak
4FGL J1332.0-0509,113,114,55551.00001157408,9.59e-08,3.4e-08,1.45e-07,1.5265706989247312e-07,1.419971002710027e-07,2.5657881478361252e-09,1.419971002710027e-07,2.5657881478361252e-09,9.238489999999999e-07,9.238489999999999e-07,1.419971002710027e-07,False,False,False,0,False,,,-1.3519529344049166,3.0,False,False,,,weekly,10.0,sigma,computed,/home/lkoo/projects/AutomationDetection/DownloadedLC/incremental/quiescent_background_cache.csv,,,,,,False,not_in_flare_streak
4FGL J1332.0-0509,114,115,55558.00001157408,8.62e-08,3.19e-08,9.59e-08,1.5265706989247312e-07,1.419971002710027e-07,2.5657881478361252e-09,1.419971002710027e-07,2.5657881478361252e-09,9.238489999999999e-07,9.238489999999999e-07,1.419971002710027e-07,False,False,False,0,False,,,-1.7434948584223526,3.0,False,False,,,weekly,10.0,sigma,computed,/home/lkoo/projects/AutomationDetection/DownloadedLC/incremental/quiescent_background_cache.csv,,,,,,False,not_in_flare_streak
4FGL J1332.0-0509,115,116,55565.00001157408,7.04e-08,2.63e-08,8.62e-08,1.5265706989247312e-07,1.419971002710027e-07,2.5657881478361252e-09,1.419971002710027e-07,2.5657881478361252e-09,9.238489999999999e-07,9.238489999999999e-07,1.419971002710027e-07,False,False,False,0,False,,,-2.7094598827303376,3.0,False,False,,,weekly,10.0,sigma,computed,/home/lkoo/projects/AutomationDetection/DownloadedLC/incremental/quiescent_background_cache.csv,,,,,,False,not_in_flare_streak
4FGL J1332.0-0509,116,117,55586.00001157408,1.47e-07,5.53e-08,7.04e-08,1.5265706989247312e-07,1.419971002710027e-07,2.5657881478361252e-09,1.419971002710027e-07,2.5657881478361252e-09,9.238489999999999e-07,9.238489999999999e-07,1.419971002710027e-07,True,True,False,0,False,,,0.09037112910880507,3.0,False,False,,,weekly,10.0,sigma,computed,/home/lkoo/projects/AutomationDetection/DownloadedLC/incremental/quiescent_background_cache.csv,,,,,,False,not_in_flare_streak
4FGL J1332.0-0509,117,118,55593.00001157408,5.05e-08,3.62e-08,1.47e-07,1.5265706989247312e-07,1.419971002710027e-07,2.5657881478361252e-09,1.419971002710027e-07,2.5657881478361252e-09,9.238489999999999e-07,9.238489999999999e-07,1.419971002710027e-07,False,False,False,0,False,,,-2.5212192047530637,3.0,False,False,,,weekly,10.0,sigma,computed,/home/lkoo/projects/AutomationDetection/DownloadedLC/incremental/quiescent_background_cache.csv,,,,,,False,not_in_flare_streak
4FGL J1332.0-0509,118,119,55607.00001157408,1.11e-07,5.05e-08,5.05e-08,1.5265706989247312e-07,1.419971002710027e-07,2.5657881478361252e-09,1.419971002710027e-07,2.5657881478361252e-09,9.238489999999999e-07,9.238489999999999e-07,1.419971002710027e-07,True,False,False,0,False,,,-0.6130132530919937,3.0,False,False,,,weekly,10.0,sigma,computed,/home/lkoo/projects/AutomationDetection/DownloadedLC/incremental/quiescent_background_cache.csv,,,,,,False,not_in_flare_streak
4FGL J1332.0-0509,119,120,55614.00001157408,1.15e-07,4.68e-08,1.11e-07,1.5265706989247312e-07,1.419971002710027e-07,2.5657881478361252e-09,1.419971002710027e-07,2.5657881478361252e-09,9.238489999999999e-07,9.238489999999999e-07,1.419971002710027e-07,True,False,False,0,False,,,-0.575996122152109,3.0,False,False,,,weekly,10.0,sigma,computed,/home/lkoo/projects/AutomationDetection/DownloadedLC/incremental/quiescent_background_cache.csv,,,,,,False,not_in_flare_streak
4FGL J1332.0-0509,120,121,55684.00001157408,9.45e-08,5.14e-08,1.15e-07,1.5265706989247312e-07,1.419971002710027e-07,2.5657881478361252e-09,1.419971002710027e-07,2.5657881478361252e-09,9.238489999999999e-07,9.238489999999999e-07,1.419971002710027e-07,False,False,False,0,False,,,-0.9229189436250571,3.0,False,False,,,weekly,10.0,sigma,computed,/home/lkoo/projects/AutomationDetection/DownloadedLC/incremental/quiescent_background_cache.csv,,,,,,False,not_in_flare_streak
4FGL J1332.0-0509,121,122,55691.00001157408,9.69e-08,5.19e-08,9.45e-08,1.5265706989247312e-07,1.419971002710027e-07,2.5657881478361252e-09,1.419971002710027e-07,2.5657881478361252e-09,9.238489999999999e-07,9.238489999999999e-07,1.419971002710027e-07,True,False,False,0,False,,,-0.867863038655692,3.0,False,False,,,weekly,10.0,sigma,computed,/home/lkoo/projects/AutomationDetection/DownloadedLC/incremental/quiescent_background_cache.csv,,,,,,False,not_in_flare_streak
4FGL J1332.0-0509,122,123,55698.00001157408,6.8e-08,4.93e-08,9.69e-08,1.5265706989247312e-07,1.419971002710027e-07,2.5657881478361252e-09,1.419971002710027e-07,2.5657881478361252e-09,9.238489999999999e-07,9.238489999999999e-07,1.419971002710027e-07,False,False,False,0,False,,,-1.4989267435873554,3.0,False,False,,,weekly,10.0,sigma,computed,/home/lkoo/projects/AutomationDetection/DownloadedLC/incremental/quiescent_background_cache.csv,,,,,,False,not_in_flare_streak
4FGL J1332.0-0509,123,124,55754.00001157408,6.13e-08,5.45e-08,6.8e-08,1.5265706989247312e-07,1.419971002710027e-07,2.5657881478361252e-09,1.419971002710027e-07,2.5657881478361252e-09,9.238489999999999e-07,9.238489999999999e-07,1.419971002710027e-07,False,False,False,0,False,,,-1.4790425694771794,3.0,False,False,,,weekly,10.0,sigma,computed,/home/lkoo/projects/AutomationDetection/DownloadedLC/incremental/quiescent_background_cache.csv,,,,,,False,not_in_flare_streak
4FGL J1332.0-0509,124,125,55761.00001157408,5.25e-08,3.54e-08,6.13e-08,1.5265706989247312e-07,1.419971002710027e-07,2.5657881478361252e-09,1.419971002710027e-07,2.5657881478361252e-09,9.238489999999999e-07,9.238489999999999e-07,1.419971002710027e-07,False,False,False,0,False,,,-2.5215520717185704,3.0,False,False,,,weekly,10.0,sigma,computed,/home/lkoo/projects/AutomationDetection/DownloadedLC/incremental/quiescent_background_cache.csv,,,,,,False,not_in_flare_streak
4FGL J1332.0-0509,125,126,55768.00001157408,9.97e-08,3.94e-08,5.25e-08,1.5265706989247312e-07,1.419971002710027e-07,2.5657881478361252e-09,1.419971002710027e-07,2.5657881478361252e-09,9.238489999999999e-07,9.238489999999999e-07,1.419971002710027e-07,True,False,False,0,False,,,-1.0712613572339398,3.0,False,False,,,weekly,10.0,sigma,computed,/home/lkoo/projects/AutomationDetection/DownloadedLC/incremental/quiescent_background_cache.csv,,,,,,False,not_in_flare_streak
4FGL J1332.0-0509,126,127,55838.00001157408,4.31e-08,3.32e-08,9.97e-08,1.5265706989247312e-07,1.419971002710027e-07,2.5657881478361252e-09,1.419971002710027e-07,2.5657881478361252e-09,9.238489999999999e-07,9.238489999999999e-07,1.419971002710027e-07,False,False,False,0,False,,,-2.9699722563938025,3.0,False,False,,,weekly,10.0,sigma,computed,/home/lkoo/projects/AutomationDetection/DownloadedLC/incremental/quiescent_background_cache.csv,,,,,,False,not_in_flare_streak
4FGL J1332.0-0509,127,128,55852.00001157408,1.19e-07,6.21e-08,4.31e-08,1.5265706989247312e-07,1.419971002710027e-07,2.5657881478361252e-09,1.419971002710027e-07,2.5657881478361252e-09,9.238489999999999e-07,9.238489999999999e-07,1.419971002710027e-07,True,False,False,0,False,,,-0.3700079906270516,3.0,False,False,,,weekly,10.0,sigma,computed,/home/lkoo/projects/AutomationDetection/DownloadedLC/incremental/quiescent_background_cache.csv,,,,,,False,not_in_flare_streak
4FGL J1332.0-0509,128,129,55880.00001157408,8.51e-08,3.53e-08,1.19e-07,1.5265706989247312e-07,1.419971002710027e-07,2.5657881478361252e-09,1.419971002710027e-07,2.5657881478361252e-09,9.238489999999999e-07,9.238489999999999e-07,1.419971002710027e-07,False,False,False,0,False,,,-1.6075749433546822,3.0,False,False,,,weekly,10.0,sigma,computed,/home/lkoo/projects/AutomationDetection/DownloadedLC/incremental/quiescent_background_cache.csv,,,,,,False,not_in_flare_streak
4FGL J1332.0-0509,129,130,55922.00001157408,1.52e-07,5.48e-08,8.51e-08,1.5265706989247312e-07,1.419971002710027e-07,2.5657881478361252e-09,1.419971002710027e-07,2.5657881478361252e-09,9.238489999999999e-07,9.238489999999999e-07,1.419971002710027e-07,True,True,False,0,False,,,0.18233491855779216,3.0,False,False,,,weekly,10.0,sigma,computed,/home/lkoo/projects/AutomationDetection/DownloadedLC/incremental/quiescent_background_cache.csv,,,,,,False,not_in_flare_streak
4FGL J1332.0-0509,130,131,55929.00001157408,6.95e-08,4.87e-08,1.52e-07,1.5265706989247312e-07,1.419971002710027e-07,2.5657881478361252e-09,1.419971002710027e-07,2.5657881478361252e-09,9.238489999999999e-07,9.238489999999999e-07,1.419971002710027e-07,False,False,False,0,False,,,-1.4865850425984786,3.0,False,False,,,weekly,10.0,sigma,computed,/home/lkoo/projects/AutomationDetection/DownloadedLC/incremental/quiescent_background_cache.csv,,,,,,False,not_in_flare_streak
4FGL J1332.0-0509,131,132,55978.00001157408,8.18e-08,7.42e-08,6.95e-08,1.5265706989247312e-07,1.419971002710027e-07,2.5657881478361252e-09,1.419971002710027e-07,2.5657881478361252e-09,9.238489999999999e-07,9.238489999999999e-07,1.419971002710027e-07,True,False,False,0,False,,,-0.8107970717114888,3.0,False,False,,,weekly,10.0,sigma,computed,/home/lkoo/projects/AutomationDetection/DownloadedLC/incremental/quiescent_background_cache.csv,,,,,,False,not_in_flare_streak
4FGL J1332.0-0509,132,133,55999.00001157408,1.1e-07,4.66e-08,8.18e-08,1.5265706989247312e-07,1.419971002710027e-07,2.5657881478361252e-09,1.419971002710027e-07,2.5657881478361252e-09,9.238489999999999e-07,9.238489999999999e-07,1.419971002710027e-07,True,False,False,0,False,,,-0.6855946202558099,3.0,False,False,,,weekly,10.0,sigma,computed,/home/lkoo/projects/AutomationDetection/DownloadedLC/incremental/quiescent_background_cache.csv,,,,,,False,not_in_flare_streak
4FGL J1332.0-0509,133,134,56034.00001157408,1.48e-07,5.65e-08,1.1e-07,1.5265706989247312e-07,1.419971002710027e-07,2.5657881478361252e-09,1.419971002710027e-07,2.5657881478361252e-09,9.238489999999999e-07,9.238489999999999e-07,1.419971002710027e-07,True,True,False,0,False,,,0.10613662828566298,3.0,False,False,,,weekly,10.0,sigma,computed,/home/lkoo/projects/AutomationDetection/DownloadedLC/incremental/quiescent_background_cache.csv,,,,,,False,not_in_flare_streak
4FGL J1332.0-0509,134,135,56069.00001157408,1.12e-07,7.49e-08,1.48e-07,1.5265706989247312e-07,1.419971002710027e-07,2.5657881478361252e-09,1.419971002710027e-07,2.5657881478361252e-09,9.238489999999999e-07,9.238489999999999e-07,1.419971002710027e-07,False,False,False,0,False,,,-0.40026054948106327,3.0,False,False,,,weekly,10.0,sigma,computed,/home/lkoo/projects/AutomationDetection/DownloadedLC/incremental/quiescent_background_cache.csv,,,,,,False,not_in_flare_streak
4FGL J1332.0-0509,135,136,56153.00001157408,1.82e-07,4.49e-08,1.12e-07,1.5265706989247312e-07,1.419971002710027e-07,2.5657881478361252e-09,1.419971002710027e-07,2.5657881478361252e-09,9.238489999999999e-07,9.238489999999999e-07,1.419971002710027e-07,True,True,False,0,False,,,0.8894820632784466,3.0,False,False,,,weekly,10.0,sigma,computed,/home/lkoo/projects/AutomationDetection/DownloadedLC/incremental/quiescent_background_cache.csv,,,,,,False,not_in_flare_streak
4FGL J1332.0-0509,136,137,56160.00001157408,2.73e-08,1.98e-08,1.82e-07,1.5265706989247312e-07,1.419971002710027e-07,2.5657881478361252e-09,1.419971002710027e-07,2.5657881478361252e-09,9.238489999999999e-07,9.238489999999999e-07,1.419971002710027e-07,False,False,False,0,False,,,-5.744749755027493,3.0,False,False,,,weekly,10.0,sigma,computed,/home/lkoo/projects/AutomationDetection/DownloadedLC/incremental/quiescent_background_cache.csv,,,,,,False,not_in_flare_streak
4FGL J1332.0-0509,137,138,56188.00001157408,1.2e-07,5.65e-08,2.73e-08,1.5265706989247312e-07,1.419971002710027e-07,2.5657881478361252e-09,1.419971002710027e-07,2.5657881478361252e-09,9.238489999999999e-07,9.238489999999999e-07,1.419971002710027e-07,True,False,False,0,False,,,-0.3889283779883909,3.0,False,False,,,weekly,10.0,sigma,computed,/home/lkoo/projects/AutomationDetection/DownloadedLC/incremental/quiescent_background_cache.csv,,,,,,False,not_in_flare_streak
4FGL J1332.0-0509,138,139,56202.00001157408,4.25e-08,2.56e-08,1.2e-07,1.5265706989247312e-07,1.419971002710027e-07,2.5657881478361252e-09,1.419971002710027e-07,2.5657881478361252e-09,9.238489999999999e-07,9.238489999999999e-07,1.419971002710027e-07,False,False,False,0,False,,,-3.867230326542617,3.0,False,False,,,weekly,10.0,sigma,computed,/home/lkoo/projects/AutomationDetection/DownloadedLC/incremental/quiescent_background_cache.csv,,,,,,False,not_in_flare_streak
4FGL J1332.0-0509,139,140,56223.00001157408,6e-08,4.4e-08,4.25e-08,1.5265706989247312e-07,1.419971002710027e-07,2.5657881478361252e-09,1.419971002710027e-07,2.5657881478361252e-09,9.238489999999999e-07,9.238489999999999e-07,1.419971002710027e-07,True,False,False,0,False,,,-1.8604100306439861,3.0,False,False,,,weekly,10.0,sigma,computed,/home/lkoo/projects/AutomationDetection/DownloadedLC/incremental/quiescent_background_cache.csv,,,,,,False,not_in_flare_streak
4FGL J1332.0-0509,140,141,56244.00001157408,5.93e-08,4.11e-08,6e-08,1.5265706989247312e-07,1.419971002710027e-07,2.5657881478361252e-09,1.419971002710027e-07,2.5657881478361252e-09,9.238489999999999e-07,9.238489999999999e-07,1.419971002710027e-07,False,False,False,0,False,,,-2.0081855047732042,3.0,False,False,,,weekly,10.0,sigma,computed,/home/lkoo/projects/AutomationDetection/DownloadedLC/incremental/quiescent_background_cache.csv,,,,,,False,not_in_flare_streak
4FGL J1332.0-0509,141,142,56272.00001157408,7.7e-08,3.6e-08,5.93e-08,1.5265706989247312e-07,1.419971002710027e-07,2.5657881478361252e-09,1.419971002710027e-07,2.5657881478361252e-09,9.238489999999999e-07,9.238489999999999e-07,1.419971002710027e-07,True,False,False,0,False,,,-1.8009067839156487,3.0,False,False,,,weekly,10.0,sigma,computed,/home/lkoo/projects/AutomationDetection/DownloadedLC/incremental/quiescent_background_cache.csv,,,,,,False,not_in_flare_streak
4FGL J1332.0-0509,142,143,56279.00001157408,1.36e-07,6.93e-08,7.7e-08,1.5265706989247312e-07,1.419971002710027e-07,2.5657881478361252e-09,1.419971002710027e-07,2.5657881478361252e-09,9.238489999999999e-07,9.238489999999999e-07,1.419971002710027e-07,True,False,False,0,False,,,-0.08647899090758064,3.0,False,False,,,weekly,10.0,sigma,computed,/home/lkoo/projects/AutomationDetection/DownloadedLC/incremental/quiescent_background_cache.csv,,,,,,False,not_in_flare_streak
4FGL J1332.0-0509,143,144,56286.00001157408,1.45e-07,3.62e-08,1.36e-07,1.5265706989247312e-07,1.419971002710027e-07,2.5657881478361252e-09,1.419971002710027e-07,2.5657881478361252e-09,9.238489999999999e-07,9.238489999999999e-07,1.419971002710027e-07,True,True,False,0,False,,,0.08274544706085209,3.0,False,False,,,weekly,10.0,sigma,computed,/home/lkoo/projects/AutomationDetection/DownloadedLC/incremental/quiescent_background_cache.csv,,,,,,False,not_in_flare_streak
4FGL J1332.0-0509,144,145,56293.00001157408,7.82e-08,4.65e-08,1.45e-07,1.5265706989247312e-07,1.419971002710027e-07,2.5657881478361252e-09,1.419971002710027e-07,2.5657881478361252e-09,9.238489999999999e-07,9.238489999999999e-07,1.419971002710027e-07,False,False,False,0,False,,,-1.369896815867655,3.0,False,False,,,weekly,10.0,sigma,computed,/home/lkoo/projects/AutomationDetection/DownloadedLC/incremental/quiescent_background_cache.csv,,,,,,False,not_in_flare_streak
4FGL J1332.0-0509,145,146,56300.00001157408,1.02e-07,3.58e-08,7.82e-08,1.5265706989247312e-07,1.419971002710027e-07,2.5657881478361252e-09,1.419971002710027e-07,2.5657881478361252e-09,9.238489999999999e-07,9.238489999999999e-07,1.419971002710027e-07,True,False,False,0,False,,,-1.1143790453297882,3.0,False,False,,,weekly,10.0,sigma,computed,/home/lkoo/projects/AutomationDetection/DownloadedLC/incremental/quiescent_background_cache.csv,,,,,,False,not_in_flare_streak
4FGL J1332.0-0509,146,147,56307.00001157408,8.1e-08,3.59e-08,1.02e-07,1.5265706989247312e-07,1.419971002710027e-07,2.5657881478361252e-09,1.419971002710027e-07,2.5657881478361252e-09,9.238489999999999e-07,9.238489999999999e-07,1.419971002710027e-07,False,False,False,0,False,,,-1.6947606496979573,3.0,False,False,,,weekly,10.0,sigma,computed,/home/lkoo/projects/AutomationDetection/DownloadedLC/incremental/quiescent_background_cache.csv,,,,,,False,not_in_flare_streak
4FGL J1332.0-0509,147,148,56314.00001157408,3.99e-08,2.32e-08,8.1e-08,1.5265706989247312e-07,1.419971002710027e-07,2.5657881478361252e-09,1.419971002710027e-07,2.5657881478361252e-09,9.238489999999999e-07,9.238489999999999e-07,1.419971002710027e-07,False,False,False,0,False,,,-4.3740685380626925,3.0,False,False,,,weekly,10.0,sigma,computed,/home/lkoo/projects/AutomationDetection/DownloadedLC/incremental/quiescent_background_cache.csv,,,,,,False,not_in_flare_streak
4FGL J1332.0-0509,148,149,56328.00001157408,8.43e-08,3.85e-08,3.99e-08,1.5265706989247312e-07,1.419971002710027e-07,2.5657881478361252e-09,1.419971002710027e-07,2.5657881478361252e-09,9.238489999999999e-07,9.238489999999999e-07,1.419971002710027e-07,True,False,False,0,False,,,-1.495309025364892,3.0,False,False,,,weekly,10.0,sigma,computed,/home/lkoo/projects/AutomationDetection/DownloadedLC/incremental/quiescent_background_cache.csv,,,,,,False,not_in_flare_streak
4FGL J1332.0-0509,149,150,56349.00001157408,5.63e-08,3.95e-08,8.43e-08,1.5265706989247312e-07,1.419971002710027e-07,2.5657881478361252e-09,1.419971002710027e-07,2.5657881478361252e-09,9.238489999999999e-07,9.238489999999999e-07,1.419971002710027e-07,False,False,False,0,False,,,-2.1649842175928073,3.0,False,False,,,weekly,10.0,sigma,computed,/home/lkoo/projects/AutomationDetection/DownloadedLC/incremental/quiescent_background_cache.csv,,,,,,False,not_in_flare_streak
4FGL J1332.0-0509,150,151,56356.00001157408,1.49e-07,8.71e-08,5.63e-08,1.5265706989247312e-07,1.419971002710027e-07,2.5657881478361252e-09,1.419971002710027e-07,2.5657881478361252e-09,9.238489999999999e-07,9.238489999999999e-07,1.419971002710027e-07,True,True,False,0,False,,,0.08036582373598944,3.0,False,False,,,weekly,10.0,sigma,computed,/home/lkoo/projects/AutomationDetection/DownloadedLC/incremental/quiescent_background_cache.csv,,,,,,False,not_in_flare_streak
4FGL J1332.0-0509,151,152,56363.00001157408,7.45e-08,2.84e-08,1.49e-07,1.5265706989247312e-07,1.419971002710027e-07,2.5657881478361252e-09,1.419971002710027e-07,2.5657881478361252e-09,9.238489999999999e-07,9.238489999999999e-07,1.419971002710027e-07,False,False,False,0,False,,,-2.367018105866207,3.0,False,False,,,weekly,10.0,sigma,computed,/home/lkoo/projects/AutomationDetection/DownloadedLC/incremental/quiescent_background_cache.csv,,,,,,False,not_in_flare_streak
4FGL J1332.0-0509,152,153,56370.00001157408,5.51e-08,3.35e-08,7.45e-08,1.5265706989247312e-07,1.419971002710027e-07,2.5657881478361252e-09,1.419971002710027e-07,2.5657881478361252e-09,9.238489999999999e-07,9.238489999999999e-07,1.419971002710027e-07,False,False,False,0,False,,,-2.5863683925603365,3.0,False,False,,,weekly,10.0,sigma,computed,/home/lkoo/projects/AutomationDetection/DownloadedLC/incremental/quiescent_background_cache.csv,,,,,,False,not_in_flare_streak
4FGL J1332.0-0509,153,154,56384.00001157408,1.02e-07,4.5e-08,5.51e-08,1.5265706989247312e-07,1.419971002710027e-07,2.5657881478361252e-09,1.419971002710027e-07,2.5657881478361252e-09,9.238489999999999e-07,9.238489999999999e-07,1.419971002710027e-07,True,False,False,0,False,,,-0.8873831809005844,3.0,False,False,,,weekly,10.0,sigma,computed,/home/lkoo/projects/AutomationDetection/DownloadedLC/incremental/quiescent_background_cache.csv,,,,,,False,not_in_flare_streak
4FGL J1332.0-0509,154,155,56391.00001157408,1.07e-07,5.08e-08,1.02e-07,1.5265706989247312e-07,1.419971002710027e-07,2.5657881478361252e-09,1.419971002710027e-07,2.5657881478361252e-09,9.238489999999999e-07,9.238489999999999e-07,1.419971002710027e-07,True,False,False,0,False,,,-0.6880422502786815,3.0,False,False,,,weekly,10.0,sigma,computed,/home/lkoo/projects/AutomationDetection/DownloadedLC/incremental/quiescent_background_cache.csv,,,,,,False,not_in_flare_streak
4FGL J1332.0-0509,155,156,56398.00001157408,9.22e-08,4.73e-08,1.07e-07,1.5265706989247312e-07,1.419971002710027e-07,2.5657881478361252e-09,1.419971002710027e-07,2.5657881478361252e-09,9.238489999999999e-07,9.238489999999999e-07,1.419971002710027e-07,False,False,False,0,False,,,-1.0512472959801231,3.0,False,False,,,weekly,10.0,sigma,computed,/home/lkoo/projects/AutomationDetection/DownloadedLC/incremental/quiescent_background_cache.csv,,,,,,False,not_in_flare_streak
4FGL J1332.0-0509,156,157,56405.00001157408,7.88e-08,6.62e-08,9.22e-08,1.5265706989247312e-07,1.419971002710027e-07,2.5657881478361252e-09,1.419971002710027e-07,2.5657881478361252e-09,9.238489999999999e-07,9.238489999999999e-07,1.419971002710027e-07,False,False,False,0,False,,,-0.9539227579360411,3.0,False,False,,,weekly,10.0,sigma,computed,/home/lkoo/projects/AutomationDetection/DownloadedLC/incremental/quiescent_background_cache.csv,,,,,,False,not_in_flare_streak
4FGL J1332.0-0509,157,158,56412.00001157408,7.36e-08,3.18e-08,7.88e-08,1.5265706989247312e-07,1.419971002710027e-07,2.5657881478361252e-09,1.419971002710027e-07,2.5657881478361252e-09,9.238489999999999e-07,9.238489999999999e-07,1.419971002710027e-07,False,False,False,0,False,,,-2.143885082400263,3.0,False,False,,,weekly,10.0,sigma,computed,/home/lkoo/projects/AutomationDetection/DownloadedLC/incremental/quiescent_background_cache.csv,,,,,,False,not_in_flare_streak
4FGL J1332.0-0509,158,159,56419.00001157408,4.65e-08,2.74e-08,7.36e-08,1.5265706989247312e-07,1.419971002710027e-07,2.5657881478361252e-09,1.419971002710027e-07,2.5657881478361252e-09,9.238489999999999e-07,9.238489999999999e-07,1.419971002710027e-07,False,False,False,0,False,,,-3.4701144575790335,3.0,False,False,,,weekly,10.0,sigma,computed,/home/lkoo/projects/AutomationDetection/DownloadedLC/incremental/quiescent_background_cache.csv,,,,,,False,not_in_flare_streak
4FGL J1332.0-0509,159,160,56433.00001157408,1e-07,4.66e-08,4.65e-08,1.5265706989247312e-07,1.419971002710027e-07,2.5657881478361252e-09,1.419971002710027e-07,2.5657881478361252e-09,9.238489999999999e-07,9.238489999999999e-07,1.419971002710027e-07,True,False,False,0,False,,,-0.8998623552846398,3.0,False,False,,,weekly,10.0,sigma,computed,/home/lkoo/projects/AutomationDetection/DownloadedLC/incremental/quiescent_background_cache.csv,,,,,,False,not_in_flare_streak
4FGL J1332.0-0509,160,161,56447.00001157408,2.69e-08,1.98e-08,1e-07,1.5265706989247312e-07,1.419971002710027e-07,2.5657881478361252e-09,1.419971002710027e-07,2.5657881478361252e-09,9.238489999999999e-07,9.238489999999999e-07,1.419971002710027e-07,False,False,False,0,False,,,-5.764784262408949,3.0,False,False,,,weekly,10.0,sigma,computed,/home/lkoo/projects/AutomationDetection/DownloadedLC/incremental/quiescent_background_cache.csv,,,,,,False,not_in_flare_streak
4FGL J1332.0-0509,161,162,56454.00001157408,8.9e-08,4.54e-08,2.69e-08,1.5265706989247312e-07,1.419971002710027e-07,2.5657881478361252e-09,1.419971002710027e-07,2.5657881478361252e-09,9.238489999999999e-07,9.238489999999999e-07,1.419971002710027e-07,True,False,False,0,False,,,-1.1654772485765779,3.0,False,False,,,weekly,10.0,sigma,computed,/home/lkoo/projects/AutomationDetection/DownloadedLC/incremental/quiescent_background_cache.csv,,,,,,False,not_in_flare_streak
4FGL J1332.0-0509,162,163,56461.00001157408,1.93e-08,1.56e-08,8.9e-08,1.5265706989247312e-07,1.419971002710027e-07,2.5657881478361252e-09,1.419971002710027e-07,2.5657881478361252e-09,9.238489999999999e-07,9.238489999999999e-07,1.419971002710027e-07,False,False,False,0,False,,,-7.760926606105338,3.0,False,False,,,weekly,10.0,sigma,computed,/home/lkoo/projects/AutomationDetection/DownloadedLC/incremental/quiescent_background_cache.csv,,,,,,False,not_in_flare_streak
4FGL J1332.0-0509,163,164,56475.00001157408,1.02e-07,3.78e-08,1.93e-08,1.5265706989247312e-07,1.419971002710027e-07,2.5657881478361252e-09,1.419971002710027e-07,2.5657881478361252e-09,9.238489999999999e-07,9.238489999999999e-07,1.419971002710027e-07,True,False,False,0,False,,,-1.0556951242313874,3.0,False,False,,,weekly,10.0,sigma,computed,/home/lkoo/projects/AutomationDetection/DownloadedLC/incremental/quiescent_background_cache.csv,,,,,,False,not_in_flare_streak
4FGL J1332.0-0509,164,165,56482.00001157408,1.36e-07,5.61e-08,1.02e-07,1.5265706989247312e-07,1.419971002710027e-07,2.5657881478361252e-09,1.419971002710027e-07,2.5657881478361252e-09,9.238489999999999e-07,9.238489999999999e-07,1.419971002710027e-07,True,False,False,0,False,,,-0.10678855238684049,3.0,False,False,,,weekly,10.0,sigma,computed,/home/lkoo/projects/AutomationDetection/DownloadedLC/incremental/quiescent_background_cache.csv,,,,,,False,not_in_flare_streak
4FGL J1332.0-0509,165,166,56496.00001157408,3.47e-07,6.6e-08,1.36e-07,1.5265706989247312e-07,1.419971002710027e-07,2.5657881478361252e-09,1.419971002710027e-07,2.5657881478361252e-09,9.238489999999999e-07,9.238489999999999e-07,1.419971002710027e-07,True,True,False,0,False,,,3.103760054146111,3.0,True,True,56496.00001157408,56496.00001157408,weekly,10.0,sigma,computed,/home/lkoo/projects/AutomationDetection/DownloadedLC/incremental/quiescent_background_cache.csv,,,,,,False,not_in_flare_streak
4FGL J1332.0-0509,166,167,56503.00001157408,8.56e-08,3.66e-08,3.47e-07,1.5265706989247312e-07,1.419971002710027e-07,2.5657881478361252e-09,1.419971002710027e-07,2.5657881478361252e-09,9.238489999999999e-07,9.238489999999999e-07,1.419971002710027e-07,False,False,False,0,False,,,-1.537131890257674,3.0,False,False,,,weekly,10.0,sigma,computed,/home/lkoo/projects/AutomationDetection/DownloadedLC/incremental/quiescent_background_cache.csv,,,,,,False,not_in_flare_streak
4FGL J1332.0-0509,167,168,56517.00001157408,1.22e-07,5.16e-08,8.56e-08,1.5265706989247312e-07,1.419971002710027e-07,2.5657881478361252e-09,1.419971002710027e-07,2.5657881478361252e-09,9.238489999999999e-07,9.238489999999999e-07,1.419971002710027e-07,True,False,False,0,False,,,-0.3870624858626662,3.0,False,False,,,weekly,10.0,sigma,computed,/home/lkoo/projects/AutomationDetection/DownloadedLC/incremental/quiescent_background_cache.csv,,,,,,False,not_in_flare_streak
4FGL J1332.0-0509,168,169,56524.00001157408,8.91e-08,3.16e-08,1.22e-07,1.5265706989247312e-07,1.419971002710027e-07,2.5657881478361252e-09,1.419971002710027e-07,2.5657881478361252e-09,9.238489999999999e-07,9.238489999999999e-07,1.419971002710027e-07,False,False,False,0,False,,,-1.6684679979319572,3.0,False,False,,,weekly,10.0,sigma,computed,/home/lkoo/projects/AutomationDetection/DownloadedLC/incremental/quiescent_background_cache.csv,,,,,,False,not_in_flare_streak
4FGL J1332.0-0509,169,170,56531.00001157408,9.43e-08,4.24e-08,8.91e-08,1.5265706989247312e-07,1.419971002710027e-07,2.5657881478361252e-09,1.419971002710027e-07,2.5657881478361252e-09,9.238489999999999e-07,9.238489999999999e-07,1.419971002710027e-07,True,False,False,0,False,,,-1.1228775402031639,3.0,False,False,,,weekly,10.0,sigma,computed,/home/lkoo/projects/AutomationDetection/DownloadedLC/incremental/quiescent_background_cache.csv,,,,,,False,not_in_flare_streak
4FGL J1332.0-0509,170,171,56538.00001157408,2.03e-07,7.2e-08,9.43e-08,1.5265706989247312e-07,1.419971002710027e-07,2.5657881478361252e-09,1.419971002710027e-07,2.5657881478361252e-09,9.238489999999999e-07,9.238489999999999e-07,1.419971002710027e-07,True,True,False,0,False,,,0.8467250300026887,3.0,False,False,,,weekly,10.0,sigma,computed,/home/lkoo/projects/AutomationDetection/DownloadedLC/incremental/quiescent_background_cache.csv,,,,,,False,not_in_flare_streak
4FGL J1332.0-0509,171,172,56545.00001157408,1.7e-07,6.21e-08,2.03e-07,1.5265706989247312e-07,1.419971002710027e-07,2.5657881478361252e-09,1.419971002710027e-07,2.5657881478361252e-09,9.238489999999999e-07,9.238489999999999e-07,1.419971002710027e-07,False,True,False,0,False,,,0.45054796206292863,3.0,False,False,,,weekly,10.0,sigma,computed,/home/lkoo/projects/AutomationDetection/DownloadedLC/incremental/quiescent_background_cache.csv,,,,,,False,not_in_flare_streak
4FGL J1332.0-0509,172,173,56552.00001157408,5.83e-08,3.86e-08,1.7e-07,1.5265706989247312e-07,1.419971002710027e-07,2.5657881478361252e-09,1.419971002710027e-07,2.5657881478361252e-09,9.238489999999999e-07,9.238489999999999e-07,1.419971002710027e-07,False,False,False,0,False,,,-2.1635442046293174,3.0,False,False,,,weekly,10.0,sigma,computed,/home/lkoo/projects/AutomationDetection/DownloadedLC/incremental/quiescent_background_cache.csv,,,,,,False,not_in_flare_streak
4FGL J1332.0-0509,173,174,56559.00001157408,9.46e-08,5.12e-08,5.83e-08,1.5265706989247312e-07,1.419971002710027e-07,2.5657881478361252e-09,1.419971002710027e-07,2.5657881478361252e-09,9.238489999999999e-07,9.238489999999999e-07,1.419971002710027e-07,True,False,False,0,False,,,-0.924564405121184,3.0,False,False,,,weekly,10.0,sigma,computed,/home/lkoo/projects/AutomationDetection/DownloadedLC/incremental/quiescent_background_cache.csv,,,,,,False,not_in_flare_streak
4FGL J1332.0-0509,174,175,56566.00001157408,1.76e-07,4.91e-08,9.46e-08,1.5265706989247312e-07,1.419971002710027e-07,2.5657881478361252e-09,1.419971002710027e-07,2.5657881478361252e-09,9.238489999999999e-07,9.238489999999999e-07,1.419971002710027e-07,True,True,False,0,False,,,0.6915798013038454,3.0,False,False,,,weekly,10.0,sigma,computed,/home/lkoo/projects/AutomationDetection/DownloadedLC/incremental/quiescent_background_cache.csv,,,,,,False,not_in_flare_streak
4FGL J1332.0-0509,175,176,56573.00001157408,1.19e-07,4.22e-08,1.76e-07,1.5265706989247312e-07,1.419971002710027e-07,2.5657881478361252e-09,1.419971002710027e-07,2.5657881478361252e-09,9.238489999999999e-07,9.238489999999999e-07,1.419971002710027e-07,False,False,False,0,False,,,-0.5439504935620206,3.0,False,False,,,weekly,10.0,sigma,computed,/home/lkoo/projects/AutomationDetection/DownloadedLC/incremental/quiescent_background_cache.csv,,,,,,False,not_in_flare_streak
4FGL J1332.0-0509,176,177,56580.00001157408,9.68e-08,5.04e-08,1.19e-07,1.5265706989247312e-07,1.419971002710027e-07,2.5657881478361252e-09,1.419971002710027e-07,2.5657881478361252e-09,9.238489999999999e-07,9.238489999999999e-07,1.419971002710027e-07,False,False,False,0,False,,,-0.8956080510607455,3.0,False,False,,,weekly,10.0,sigma,computed,/home/lkoo/projects/AutomationDetection/DownloadedLC/incremental/quiescent_background_cache.csv,,,,,,False,not_in_flare_streak
4FGL J1332.0-0509,177,178,56587.00001157408,1.05e-07,2.65e-08,9.68e-08,1.5265706989247312e-07,1.419971002710027e-07,2.5657881478361252e-09,1.419971002710027e-07,2.5657881478361252e-09,9.238489999999999e-07,9.238489999999999e-07,1.419971002710027e-07,True,False,False,0,False,,,-1.3896186694966373,3.0,False,False,,,weekly,10.0,sigma,computed,/home/lkoo/projects/AutomationDetection/DownloadedLC/incremental/quiescent_background_cache.csv,,,,,,False,not_in_flare_streak
4FGL J1332.0-0509,178,179,56594.00001157408,2.52e-07,4.01e-08,1.05e-07,1.5265706989247312e-07,1.419971002710027e-07,2.5657881478361252e-09,1.419971002710027e-07,2.5657881478361252e-09,9.238489999999999e-07,9.238489999999999e-07,1.419971002710027e-07,True,True,False,0,False,,,2.7376162161089215,3.0,False,False,,,weekly,10.0,sigma,computed,/home/lkoo/projects/AutomationDetection/DownloadedLC/incremental/quiescent_background_cache.csv,,,,,,False,not_in_flare_streak
4FGL J1332.0-0509,179,180,56601.00001157408,1.17e-07,5.08e-08,2.52e-07,1.5265706989247312e-07,1.419971002710027e-07,2.5657881478361252e-09,1.419971002710027e-07,2.5657881478361252e-09,9.238489999999999e-07,9.238489999999999e-07,1.419971002710027e-07,False,False,False,0,False,,,-0.4914424620245764,3.0,False,False,,,weekly,10.0,sigma,computed,/home/lkoo/projects/AutomationDetection/DownloadedLC/incremental/quiescent_background_cache.csv,,,,,,False,not_in_flare_streak
4FGL J1332.0-0509,180,181,56615.00001157408,7.94e-08,5.5e-08,1.17e-07,1.5265706989247312e-07,1.419971002710027e-07,2.5657881478361252e-09,1.419971002710027e-07,2.5657881478361252e-09,9.238489999999999e-07,9.238489999999999e-07,1.419971002710027e-07,False,False,False,0,False,,,-1.1368926656920912,3.0,False,False,,,weekly,10.0,sigma,computed,/home/lkoo/projects/AutomationDetection/DownloadedLC/incremental/quiescent_background_cache.csv,,,,,,False,not_in_flare_streak
4FGL J1332.0-0509,181,182,56629.00001157408,4.5e-08,2.26e-08,7.94e-08,1.5265706989247312e-07,1.419971002710027e-07,2.5657881478361252e-09,1.419971002710027e-07,2.5657881478361252e-09,9.238489999999999e-07,9.238489999999999e-07,1.419971002710027e-07,False,False,False,0,False,,,-4.264512088273676,3.0,False,False,,,weekly,10.0,sigma,computed,/home/lkoo/projects/AutomationDetection/DownloadedLC/incremental/quiescent_background_cache.csv,,,,,,False,not_in_flare_streak
4FGL J1332.0-0509,182,183,56636.00001157408,1.24e-07,3.58e-08,4.5e-08,1.5265706989247312e-07,1.419971002710027e-07,2.5657881478361252e-09,1.419971002710027e-07,2.5657881478361252e-09,9.238489999999999e-07,9.238489999999999e-07,1.419971002710027e-07,True,False,False,0,False,,,-0.5014261354652368,3.0,False,False,,,weekly,10.0,sigma,computed,/home/lkoo/projects/AutomationDetection/DownloadedLC/incremental/quiescent_background_cache.csv,,,,,,False,not_in_flare_streak
4FGL J1332.0-0509,183,184,56643.00001157408,1.97e-07,5.6e-08,1.24e-07,1.5265706989247312e-07,1.419971002710027e-07,2.5657881478361252e-09,1.419971002710027e-07,2.5657881478361252e-09,9.238489999999999e-07,9.238489999999999e-07,1.419971002710027e-07,True,True,False,0,False,,,0.9811653190308655,3.0,False,False,,,weekly,10.0,sigma,computed,/home/lkoo/projects/AutomationDetection/DownloadedLC/incremental/quiescent_background_cache.csv,,,,,,False,not_in_flare_streak
4FGL J1332.0-0509,184,185,56650.00001157408,5.89e-08,4.85e-08,1.97e-07,1.5265706989247312e-07,1.419971002710027e-07,2.5657881478361252e-09,1.419971002710027e-07,2.5657881478361252e-09,9.238489999999999e-07,9.238489999999999e-07,1.419971002710027e-07,False,False,False,0,False,,,-1.7109497192603516,3.0,False,False,,,weekly,10.0,sigma,computed,/home/lkoo/projects/AutomationDetection/DownloadedLC/incremental/quiescent_background_cache.csv,,,,,,False,not_in_flare_streak
4FGL J1332.0-0509,185,186,56657.00001157408,6.91e-08,4.1e-08,5.89e-08,1.5265706989247312e-07,1.419971002710027e-07,2.5657881478361252e-09,1.419971002710027e-07,2.5657881478361252e-09,9.238489999999999e-07,9.238489999999999e-07,1.419971002710027e-07,True,False,False,0,False,,,-1.774506717041397,3.0,False,False,,,weekly,10.0,sigma,computed,/home/lkoo/projects/AutomationDetection/DownloadedLC/incremental/quiescent_background_cache.csv,,,,,,False,not_in_flare_streak
4FGL J1332.0-0509,186,187,56664.00001157408,1.64e-07,3.83e-08,6.91e-08,1.5265706989247312e-07,1.419971002710027e-07,2.5657881478361252e-09,1.419971002710027e-07,2.5657881478361252e-09,9.238489999999999e-07,9.238489999999999e-07,1.419971002710027e-07,True,True,False,0,False,,,0.5732034410441086,3.0,False,False,,,weekly,10.0,sigma,computed,/home/lkoo/projects/AutomationDetection/DownloadedLC/incremental/quiescent_background_cache.csv,,,,,,False,not_in_flare_streak
4FGL J1332.0-0509,187,188,56671.00001157408,9.78e-08,3.74e-08,1.64e-07,1.5265706989247312e-07,1.419971002710027e-07,2.5657881478361252e-09,1.419971002710027e-07,2.5657881478361252e-09,9.238489999999999e-07,9.238489999999999e-07,1.419971002710027e-07,False,False,False,0,False,,,-1.1789694937251864,3.0,False,False,,,weekly,10.0,sigma,computed,/home/lkoo/projects/AutomationDetection/DownloadedLC/incremental/quiescent_background_cache.csv,,,,,,False,not_in_flare_streak
4FGL J1332.0-0509,188,189,56692.00001157408,1.53e-07,6.22e-08,9.78e-08,1.5265706989247312e-07,1.419971002710027e-07,2.5657881478361252e-09,1.419971002710027e-07,2.5657881478361252e-09,9.238489999999999e-07,9.238489999999999e-07,1.419971002710027e-07,True,True,False,0,False,,,0.17674518199300457,3.0,False,False,,,weekly,10.0,sigma,computed,/home/lkoo/projects/AutomationDetection/DownloadedLC/incremental/quiescent_background_cache.csv,,,,,,False,not_in_flare_streak
4FGL J1332.0-0509,189,190,56699.00001157408,9.67e-08,4.86e-08,1.53e-07,1.5265706989247312e-07,1.419971002710027e-07,2.5657881478361252e-09,1.419971002710027e-07,2.5657881478361252e-09,9.238489999999999e-07,9.238489999999999e-07,1.419971002710027e-07,False,False,False,0,False,,,-0.9307429167116044,3.0,False,False,,,weekly,10.0,sigma,computed,/home/lkoo/projects/AutomationDetection/DownloadedLC/incremental/quiescent_background_cache.csv,,,,,,False,not_in_flare_streak
4FGL J1332.0-0509,190,191,56706.00001157408,1.91e-07,7.89e-08,9.67e-08,1.5265706989247312e-07,1.419971002710027e-07,2.5657881478361252e-09,1.419971002710027e-07,2.5657881478361252e-09,9.238489999999999e-07,9.238489999999999e-07,1.419971002710027e-07,True,True,False,0,False,,,0.6207479030225296,3.0,False,False,,,weekly,10.0,sigma,computed,/home/lkoo/projects/AutomationDetection/DownloadedLC/incremental/quiescent_background_cache.csv,,,,,,False,not_in_flare_streak
4FGL J1332.0-0509,191,192,56713.00001157408,1.32e-07,5.06e-08,1.91e-07,1.5265706989247312e-07,1.419971002710027e-07,2.5657881478361252e-09,1.419971002710027e-07,2.5657881478361252e-09,9.238489999999999e-07,9.238489999999999e-07,1.419971002710027e-07,False,False,False,0,False,,,-0.19731764015388192,3.0,False,False,,,weekly,10.0,sigma,computed,/home/lkoo/projects/AutomationDetection/DownloadedLC/incremental/quiescent_background_cache.csv,,,,,,False,not_in_flare_streak
4FGL J1332.0-0509,192,193,56720.00001157408,2.11e-07,4e-08,1.32e-07,1.5265706989247312e-07,1.419971002710027e-07,2.5657881478361252e-09,1.419971002710027e-07,2.5657881478361252e-09,9.238489999999999e-07,9.238489999999999e-07,1.419971002710027e-07,True,True,False,0,False,,,1.7215344650296485,3.0,False,False,,,weekly,10.0,sigma,computed,/home/lkoo/projects/AutomationDetection/DownloadedLC/incremental/quiescent_background_cache.csv,,,,,,False,not_in_flare_streak
4FGL J1332.0-0509,193,194,56734.00001157408,1.05e-07,4.9e-08,2.11e-07,1.5265706989247312e-07,1.419971002710027e-07,2.5657881478361252e-09,1.419971002710027e-07,2.5657881478361252e-09,9.238489999999999e-07,9.238489999999999e-07,1.419971002710027e-07,False,False,False,0,False,,,-0.7540098656478682,3.0,False,False,,,weekly,10.0,sigma,computed,/home/lkoo/projects/AutomationDetection/DownloadedLC/incremental/quiescent_background_cache.csv,,,,,,False,not_in_flare_streak
4FGL J1332.0-0509,194,195,56748.00001157408,1.06e-07,3.05e-08,1.05e-07,1.5265706989247312e-07,1.419971002710027e-07,2.5657881478361252e-09,1.419971002710027e-07,2.5657881478361252e-09,9.238489999999999e-07,9.238489999999999e-07,1.419971002710027e-07,True,False,False,0,False,,,-1.1760786479268504,3.0,False,False,,,weekly,10.0,sigma,computed,/home/lkoo/projects/AutomationDetection/DownloadedLC/incremental/quiescent_background_cache.csv,,,,,,False,not_in_flare_streak
4FGL J1332.0-0509,195,196,56755.00001157408,1.13e-07,3.93e-08,1.06e-07,1.5265706989247312e-07,1.419971002710027e-07,2.5657881478361252e-09,1.419971002710027e-07,2.5657881478361252e-09,9.238489999999999e-07,9.238489999999999e-07,1.419971002710027e-07,True,False,False,0,False,,,-0.7362722184853719,3.0,False,False,,,weekly,10.0,sigma,computed,/home/lkoo/projects/AutomationDetection/DownloadedLC/incremental/quiescent_background_cache.csv,,,,,,False,not_in_flare_streak
4FGL J1332.0-0509,196,197,56762.00001157408,9.73e-08,3.56e-08,1.13e-07,1.5265706989247312e-07,1.419971002710027e-07,2.5657881478361252e-09,1.419971002710027e-07,2.5657881478361252e-09,9.238489999999999e-07,9.238489999999999e-07,1.419971002710027e-07,False,False,False,0,False,,,-1.252288247779209,3.0,False,False,,,weekly,10.0,sigma,computed,/home/lkoo/projects/AutomationDetection/DownloadedLC/incremental/quiescent_background_cache.csv,,,,,,False,not_in_flare_streak
4FGL J1332.0-0509,197,198,56769.00001157408,1.01e-07,4.15e-08,9.73e-08,1.5265706989247312e-07,1.419971002710027e-07,2.5657881478361252e-09,1.419971002710027e-07,2.5657881478361252e-09,9.238489999999999e-07,9.238489999999999e-07,1.419971002710027e-07,True,False,False,0,False,,,-0.9859992496951724,3.0,False,False,,,weekly,10.0,sigma,computed,/home/lkoo/projects/AutomationDetection/DownloadedLC/incremental/quiescent_background_cache.csv,,,,,,False,not_in_flare_streak
4FGL J1332.0-0509,198,199,56776.00001157408,1.04e-07,4.51e-08,1.01e-07,1.5265706989247312e-07,1.419971002710027e-07,2.5657881478361252e-09,1.419971002710027e-07,2.5657881478361252e-09,9.238489999999999e-07,9.238489999999999e-07,1.419971002710027e-07,True,False,False,0,False,,,-0.841147638617706,3.0,False,False,,,weekly,10.0,sigma,computed,/home/lkoo/projects/AutomationDetection/DownloadedLC/incremental/quiescent_background_cache.csv,,,,,,False,not_in_flare_streak
4FGL J1332.0-0509,199,200,56783.00001157408,1.12e-07,4.46e-08,1.04e-07,1.5265706989247312e-07,1.419971002710027e-07,2.5657881478361252e-09,1.419971002710027e-07,2.5657881478361252e-09,9.238489999999999e-07,9.238489999999999e-07,1.419971002710027e-07,True,False,False,0,False,,,-0.6714705013136132,3.0,False,False,,,weekly,10.0,sigma,computed,/home/lkoo/projects/AutomationDetection/DownloadedLC/incremental/quiescent_background_cache.csv,,,,,,False,not_in_flare_streak
4FGL J1332.0-0509,200,201,56790.00001157408,6.08e-08,3.07e-08,1.12e-07,1.5265706989247312e-07,1.419971002710027e-07,2.5657881478361252e-09,1.419971002710027e-07,2.5657881478361252e-09,9.238489999999999e-07,9.238489999999999e-07,1.419971002710027e-07,False,False,False,0,False,,,-2.635667668680605,3.0,False,False,,,weekly,10.0,sigma,computed,/home/lkoo/projects/AutomationDetection/DownloadedLC/incremental/quiescent_background_cache.csv,,,,,,False,not_in_flare_streak
4FGL J1332.0-0509,201,202,56797.00001157408,7.67e-08,4.85e-08,6.08e-08,1.5265706989247312e-07,1.419971002710027e-07,2.5657881478361252e-09,1.419971002710027e-07,2.5657881478361252e-09,9.238489999999999e-07,9.238489999999999e-07,1.419971002710027e-07,True,False,False,0,False,,,-1.344451912435416,3.0,False,False,,,weekly,10.0,sigma,computed,/home/lkoo/projects/AutomationDetection/DownloadedLC/incremental/quiescent_background_cache.csv,,,,,,False,not_in_flare_streak
4FGL J1332.0-0509,202,203,56804.00001157408,1.06e-07,4.59e-08,7.67e-08,1.5265706989247312e-07,1.419971002710027e-07,2.5657881478361252e-09,1.419971002710027e-07,2.5657881478361252e-09,9.238489999999999e-07,9.238489999999999e-07,1.419971002710027e-07,True,False,False,0,False,,,-0.7830281185633865,3.0,False,False,,,weekly,10.0,sigma,computed,/home/lkoo/projects/AutomationDetection/DownloadedLC/incremental/quiescent_background_cache.csv,,,,,,False,not_in_flare_streak
4FGL J1332.0-0509,203,204,56811.00001157408,1.09e-07,4.3e-08,1.06e-07,1.5265706989247312e-07,1.419971002710027e-07,2.5657881478361252e-09,1.419971002710027e-07,2.5657881478361252e-09,9.238489999999999e-07,9.238489999999999e-07,1.419971002710027e-07,True,False,False,0,False,,,-0.7660119635939981,3.0,False,False,,,weekly,10.0,sigma,computed,/home/lkoo/projects/AutomationDetection/DownloadedLC/incremental/quiescent_background_cache.csv,,,,,,False,not_in_flare_streak
4FGL J1332.0-0509,204,205,56832.00001157408,4.77e-08,2.64e-08,1.09e-07,1.5265706989247312e-07,1.419971002710027e-07,2.5657881478361252e-09,1.419971002710027e-07,2.5657881478361252e-09,9.238489999999999e-07,9.238489999999999e-07,1.419971002710027e-07,False,False,False,0,False,,,-3.5551090904054425,3.0,False,False,,,weekly,10.0,sigma,computed,/home/lkoo/projects/AutomationDetection/DownloadedLC/incremental/quiescent_background_cache.csv,,,,,,False,not_in_flare_streak
4FGL J1332.0-0509,205,206,56874.00001157408,3.58e-08,3e-08,4.77e-08,1.5265706989247312e-07,1.419971002710027e-07,2.5657881478361252e-09,1.419971002710027e-07,2.5657881478361252e-09,9.238489999999999e-07,9.238489999999999e-07,1.419971002710027e-07,False,False,False,0,False,,,-3.5270271969046725,3.0,False,False,,,weekly,10.0,sigma,computed,/home/lkoo/projects/AutomationDetection/DownloadedLC/incremental/quiescent_background_cache.csv,,,,,,False,not_in_flare_streak
4FGL J1332.0-0509,206,207,56881.00001157408,4e-08,1.96e-08,3.58e-08,1.5265706989247312e-07,1.419971002710027e-07,2.5657881478361252e-09,1.419971002710027e-07,2.5657881478361252e-09,9.238489999999999e-07,9.238489999999999e-07,1.419971002710027e-07,True,False,False,0,False,,,-5.159909356361842,3.0,False,False,,,weekly,10.0,sigma,computed,/home/lkoo/projects/AutomationDetection/DownloadedLC/incremental/quiescent_background_cache.csv,,,,,,False,not_in_flare_streak
4FGL J1332.0-0509,207,208,56909.00001157408,1.21e-07,6.52e-08,4e-08,1.5265706989247312e-07,1.419971002710027e-07,2.5657881478361252e-09,1.419971002710027e-07,2.5657881478361252e-09,9.238489999999999e-07,9.238489999999999e-07,1.419971002710027e-07,True,False,False,0,False,,,-0.32179234368194876,3.0,False,False,,,weekly,10.0,sigma,computed,/home/lkoo/projects/AutomationDetection/DownloadedLC/incremental/quiescent_background_cache.csv,,,,,,False,not_in_flare_streak
4FGL J1332.0-0509,208,209,56923.00001157408,1.19e-07,5.42e-08,1.21e-07,1.5265706989247312e-07,1.419971002710027e-07,2.5657881478361252e-09,1.419971002710027e-07,2.5657881478361252e-09,9.238489999999999e-07,9.238489999999999e-07,1.419971002710027e-07,False,False,False,0,False,,,-0.4238261103474907,3.0,False,False,,,weekly,10.0,sigma,computed,/home/lkoo/projects/AutomationDetection/DownloadedLC/incremental/quiescent_background_cache.csv,,,,,,False,not_in_flare_streak
4FGL J1332.0-0509,209,210,56930.00001157408,9.44e-08,3.42e-08,1.19e-07,1.5265706989247312e-07,1.419971002710027e-07,2.5657881478361252e-09,1.419971002710027e-07,2.5657881478361252e-09,9.238489999999999e-07,9.238489999999999e-07,1.419971002710027e-07,False,False,False,0,False,,,-1.3878278933721544,3.0,False,False,,,weekly,10.0,sigma,computed,/home/lkoo/projects/AutomationDetection/DownloadedLC/incremental/quiescent_background_cache.csv,,,,,,False,not_in_flare_streak
4FGL J1332.0-0509,210,211,56937.00001157408,5.81e-08,3.21e-08,9.44e-08,1.5265706989247312e-07,1.419971002710027e-07,2.5657881478361252e-09,1.419971002710027e-07,2.5657881478361252e-09,9.238489999999999e-07,9.238489999999999e-07,1.419971002710027e-07,False,False,False,0,False,,,-2.605307453324703,3.0,False,False,,,weekly,10.0,sigma,computed,/home/lkoo/projects/AutomationDetection/DownloadedLC/incremental/quiescent_background_cache.csv,,,,,,False,not_in_flare_streak
4FGL J1332.0-0509,211,212,56951.00001157408,1.1e-07,5.08e-08,5.81e-08,1.5265706989247312e-07,1.419971002710027e-07,2.5657881478361252e-09,1.419971002710027e-07,2.5657881478361252e-09,9.238489999999999e-07,9.238489999999999e-07,1.419971002710027e-07,True,False,False,0,False,,,-0.6290623138024499,3.0,False,False,,,weekly,10.0,sigma,computed,/home/lkoo/projects/AutomationDetection/DownloadedLC/incremental/quiescent_background_cache.csv,,,,,,False,not_in_flare_streak
4FGL J1332.0-0509,212,213,56972.00001157408,9.54e-08,6.12e-08,1.1e-07,1.5265706989247312e-07,1.419971002710027e-07,2.5657881478361252e-09,1.419971002710027e-07,2.5657881478361252e-09,9.238489999999999e-07,9.238489999999999e-07,1.419971002710027e-07,False,False,False,0,False,,,-0.7607222693021628,3.0,False,False,,,weekly,10.0,sigma,computed,/home/lkoo/projects/AutomationDetection/DownloadedLC/incremental/quiescent_background_cache.csv,,,,,,False,not_in_flare_streak
4FGL J1332.0-0509,213,214,57000.00001157408,5.77e-08,2.42e-08,9.54e-08,1.5265706989247312e-07,1.419971002710027e-07,2.5657881478361252e-09,1.419971002710027e-07,2.5657881478361252e-09,9.238489999999999e-07,9.238489999999999e-07,1.419971002710027e-07,False,False,False,0,False,,,-3.463936340758407,3.0,False,False,,,weekly,10.0,sigma,computed,/home/lkoo/projects/AutomationDetection/DownloadedLC/incremental/quiescent_background_cache.csv,,,,,,False,not_in_flare_streak
4FGL J1332.0-0509,214,215,57007.00001157408,6.46e-08,3.31e-08,5.77e-08,1.5265706989247312e-07,1.419971002710027e-07,2.5657881478361252e-09,1.419971002710027e-07,2.5657881478361252e-09,9.238489999999999e-07,9.238489999999999e-07,1.419971002710027e-07,True,False,False,0,False,,,-2.3312873797723177,3.0,False,False,,,weekly,10.0,sigma,computed,/home/lkoo/projects/AutomationDetection/DownloadedLC/incremental/quiescent_background_cache.csv,,,,,,False,not_in_flare_streak
4FGL J1332.0-0509,215,216,57021.00001157408,7.4e-08,4.1e-08,6.46e-08,1.5265706989247312e-07,1.419971002710027e-07,2.5657881478361252e-09,1.419971002710027e-07,2.5657881478361252e-09,9.238489999999999e-07,9.238489999999999e-07,1.419971002710027e-07,True,False,False,0,False,,,-1.6552278584698221,3.0,False,False,,,weekly,10.0,sigma,computed,/home/lkoo/projects/AutomationDetection/DownloadedLC/incremental/quiescent_background_cache.csv,,,,,,False,not_in_flare_streak
4FGL J1332.0-0509,216,217,57028.00001157408,8.21e-08,4.13e-08,7.4e-08,1.5265706989247312e-07,1.419971002710027e-07,2.5657881478361252e-09,1.419971002710027e-07,2.5657881478361252e-09,9.238489999999999e-07,9.238489999999999e-07,1.419971002710027e-07,True,False,False,0,False,,,-1.4475022902142762,3.0,False,False,,,weekly,10.0,sigma,computed,/home/lkoo/projects/AutomationDetection/DownloadedLC/incremental/quiescent_background_cache.csv,,,,,,False,not_in_flare_streak
4FGL J1332.0-0509,217,218,57042.00001157408,9.88e-08,4.33e-08,8.21e-08,1.5265706989247312e-07,1.419971002710027e-07,2.5657881478361252e-09,1.419971002710027e-07,2.5657881478361252e-09,9.238489999999999e-07,9.238489999999999e-07,1.419971002710027e-07,True,False,False,0,False,,,-0.9958766926351593,3.0,False,False,,,weekly,10.0,sigma,computed,/home/lkoo/projects/AutomationDetection/DownloadedLC/incremental/quiescent_background_cache.csv,,,,,,False,not_in_flare_streak
4FGL J1332.0-0509,218,219,57112.00001157408,5.58e-08,3.51e-08,9.88e-08,1.5265706989247312e-07,1.419971002710027e-07,2.5657881478361252e-09,1.419971002710027e-07,2.5657881478361252e-09,9.238489999999999e-07,9.238489999999999e-07,1.419971002710027e-07,False,False,False,0,False,,,-2.449222826512126,3.0,False,False,,,weekly,10.0,sigma,computed,/home/lkoo/projects/AutomationDetection/DownloadedLC/incremental/quiescent_background_cache.csv,,,,,,False,not_in_flare_streak
4FGL J1332.0-0509,219,220,57126.00001157408,9.89e-08,5.61e-08,5.58e-08,1.5265706989247312e-07,1.419971002710027e-07,2.5657881478361252e-09,1.419971002710027e-07,2.5657881478361252e-09,9.238489999999999e-07,9.238489999999999e-07,1.419971002710027e-07,True,False,False,0,False,,,-0.767417041910056,3.0,False,False,,,weekly,10.0,sigma,computed,/home/lkoo/projects/AutomationDetection/DownloadedLC/incremental/quiescent_background_cache.csv,,,,,,False,not_in_flare_streak
4FGL J1332.0-0509,220,221,57168.00001157408,6.56e-09,5.67e-09,9.89e-08,1.5265706989247312e-07,1.419971002710027e-07,2.5657881478361252e-09,1.419971002710027e-07,2.5657881478361252e-09,9.238489999999999e-07,9.238489999999999e-07,1.419971002710027e-07,False,False,False,0,False,,,-21.76214696305182,3.0,False,False,,,weekly,10.0,sigma,computed,/home/lkoo/projects/AutomationDetection/DownloadedLC/incremental/quiescent_background_cache.csv,,,,,,False,not_in_flare_streak
4FGL J1332.0-0509,221,222,57231.00001157408,9.74e-08,5.29e-08,6.56e-09,1.5265706989247312e-07,1.419971002710027e-07,2.5657881478361252e-09,1.419971002710027e-07,2.5657881478361252e-09,9.238489999999999e-07,9.238489999999999e-07,1.419971002710027e-07,True,False,False,0,False,,,-0.8420554864149893,3.0,False,False,,,weekly,10.0,sigma,computed,/home/lkoo/projects/AutomationDetection/DownloadedLC/incremental/quiescent_background_cache.csv,,,,,,False,not_in_flare_streak
4FGL J1332.0-0509,222,223,57497.00001157408,1.2e-07,6.21e-08,9.74e-08,1.5265706989247312e-07,1.419971002710027e-07,2.5657881478361252e-09,1.419971002710027e-07,2.5657881478361252e-09,9.238489999999999e-07,9.238489999999999e-07,1.419971002710027e-07,True,False,False,0,False,,,-0.3539186582213658,3.0,False,False,,,weekly,10.0,sigma,computed,/home/lkoo/projects/AutomationDetection/DownloadedLC/incremental/quiescent_background_cache.csv,,,,,,False,not_in_flare_streak
4FGL J1332.0-0509,223,224,57630.00001157408,4.12e-08,3.29e-08,1.2e-07,1.5265706989247312e-07,1.419971002710027e-07,2.5657881478361252e-09,1.419971002710027e-07,2.5657881478361252e-09,9.238489999999999e-07,9.238489999999999e-07,1.419971002710027e-07,False,False,False,0,False,,,-3.0544670239148695,3.0,False,False,,,weekly,10.0,sigma,computed,/home/lkoo/projects/AutomationDetection/DownloadedLC/incremental/quiescent_background_cache.csv,,,,,,False,not_in_flare_streak
4FGL J1332.0-0509,224,225,57658.00001157408,1.42e-07,3.93e-08,4.12e-08,1.5265706989247312e-07,1.419971002710027e-07,2.5657881478361252e-09,1.419971002710027e-07,2.5657881478361252e-09,9.238489999999999e-07,9.238489999999999e-07,1.419971002710027e-07,True,True,False,0,False,,,7.362770352533154e-05,3.0,False,False,,,weekly,10.0,sigma,computed,/home/lkoo/projects/AutomationDetection/DownloadedLC/incremental/quiescent_background_cache.csv,,,,,,False,not_in_flare_streak
4FGL J1332.0-0509,225,226,57679.00001157408,1.1e-07,4.77e-08,1.42e-07,1.5265706989247312e-07,1.419971002710027e-07,2.5657881478361252e-09,1.419971002710027e-07,2.5657881478361252e-09,9.238489999999999e-07,9.238489999999999e-07,1.419971002710027e-07,False,False,False,0,False,,,-0.6698304122311649,3.0,False,False,,,weekly,10.0,sigma,computed,/home/lkoo/projects/AutomationDetection/DownloadedLC/incremental/quiescent_background_cache.csv,,,,,,False,not_in_flare_streak
4FGL J1332.0-0509,226,227,57686.00001157408,1.86e-07,7.85e-08,1.1e-07,1.5265706989247312e-07,1.419971002710027e-07,2.5657881478361252e-09,1.419971002710027e-07,2.5657881478361252e-09,9.238489999999999e-07,9.238489999999999e-07,1.419971002710027e-07,True,True,False,0,False,,,0.5602473109120667,3.0,False,False,,,weekly,10.0,sigma,computed,/home/lkoo/projects/AutomationDetection/DownloadedLC/incremental/quiescent_background_cache.csv,,,,,,False,not_in_flare_streak
4FGL J1332.0-0509,227,228,57707.00001157408,8.61e-08,4.34e-08,1.86e-07,1.5265706989247312e-07,1.419971002710027e-07,2.5657881478361252e-09,1.419971002710027e-07,2.5657881478361252e-09,9.238489999999999e-07,9.238489999999999e-07,1.419971002710027e-07,False,False,False,0,False,,,-1.2857067291230215,3.0,False,False,,,weekly,10.0,sigma,computed,/home/lkoo/projects/AutomationDetection/DownloadedLC/incremental/quiescent_background_cache.csv,,,,,,False,not_in_flare_streak
4FGL J1332.0-0509,228,229,57721.00001157408,1.28e-07,5.13e-08,8.61e-08,1.5265706989247312e-07,1.419971002710027e-07,2.5657881478361252e-09,1.419971002710027e-07,2.5657881478361252e-09,9.238489999999999e-07,9.238489999999999e-07,1.419971002710027e-07,True,False,False,0,False,,,-0.2725073278656342,3.0,False,False,,,weekly,10.0,sigma,computed,/home/lkoo/projects/AutomationDetection/DownloadedLC/incremental/quiescent_background_cache.csv,,,,,,False,not_in_flare_streak
4FGL J1332.0-0509,229,230,57728.00001157408,7.39e-08,4.59e-08,1.28e-07,1.5265706989247312e-07,1.419971002710027e-07,2.5657881478361252e-09,1.419971002710027e-07,2.5657881478361252e-09,9.238489999999999e-07,9.238489999999999e-07,1.419971002710027e-07,False,False,False,0,False,,,-1.4812844341181215,3.0,False,False,,,weekly,10.0,sigma,computed,/home/lkoo/projects/AutomationDetection/DownloadedLC/incremental/quiescent_background_cache.csv,,,,,,False,not_in_flare_streak
4FGL J1332.0-0509,230,231,57742.00001157408,1.26e-07,4.05e-08,7.39e-08,1.5265706989247312e-07,1.419971002710027e-07,2.5657881478361252e-09,1.419971002710027e-07,2.5657881478361252e-09,9.238489999999999e-07,9.238489999999999e-07,1.419971002710027e-07,True,False,False,0,False,,,-0.39419984670354696,3.0,False,False,,,weekly,10.0,sigma,computed,/home/lkoo/projects/AutomationDetection/DownloadedLC/incremental/quiescent_background_cache.csv,,,,,,False,not_in_flare_streak
4FGL J1332.0-0509,231,232,57749.00001157408,1.43e-07,5.02e-08,1.26e-07,1.5265706989247312e-07,1.419971002710027e-07,2.5657881478361252e-09,1.419971002710027e-07,2.5657881478361252e-09,9.238489999999999e-07,9.238489999999999e-07,1.419971002710027e-07,True,True,False,0,False,,,0.019952038227897824,3.0,False,False,,,weekly,10.0,sigma,computed,/home/lkoo/projects/AutomationDetection/DownloadedLC/incremental/quiescent_background_cache.csv,,,,,,False,not_in_flare_streak
4FGL J1332.0-0509,232,233,57756.00001157408,2.87e-08,2.16e-08,1.43e-07,1.5265706989247312e-07,1.419971002710027e-07,2.5657881478361252e-09,1.419971002710027e-07,2.5657881478361252e-09,9.238489999999999e-07,9.238489999999999e-07,1.419971002710027e-07,False,False,False,0,False,,,-5.208617451035373,3.0,False,False,,,weekly,10.0,sigma,computed,/home/lkoo/projects/AutomationDetection/DownloadedLC/incremental/quiescent_background_cache.csv,,,,,,False,not_in_flare_streak
4FGL J1332.0-0509,233,234,57791.00001157408,6.64e-08,3.57e-08,2.87e-08,1.5265706989247312e-07,1.419971002710027e-07,2.5657881478361252e-09,1.419971002710027e-07,2.5657881478361252e-09,9.238489999999999e-07,9.238489999999999e-07,1.419971002710027e-07,True,False,False,0,False,,,-2.1121178781942307,3.0,False,False,,,weekly,10.0,sigma,computed,/home/lkoo/projects/AutomationDetection/DownloadedLC/incremental/quiescent_background_cache.csv,,,,,,False,not_in_flare_streak
4FGL J1332.0-0509,234,235,57798.00001157408,1.4e-07,3.99e-08,6.64e-08,1.5265706989247312e-07,1.419971002710027e-07,2.5657881478361252e-09,1.419971002710027e-07,2.5657881478361252e-09,9.238489999999999e-07,9.238489999999999e-07,1.419971002710027e-07,True,False,False,0,False,,,-0.04994946956492675,3.0,False,False,,,weekly,10.0,sigma,computed,/home/lkoo/projects/AutomationDetection/DownloadedLC/incremental/quiescent_background_cache.csv,,,,,,False,not_in_flare_streak
4FGL J1332.0-0509,235,236,57812.00001157408,1.09e-07,4.95e-08,1.4e-07,1.5265706989247312e-07,1.419971002710027e-07,2.5657881478361252e-09,1.419971002710027e-07,2.5657881478361252e-09,9.238489999999999e-07,9.238489999999999e-07,1.419971002710027e-07,False,False,False,0,False,,,-0.6657143740329816,3.0,False,False,,,weekly,10.0,sigma,computed,/home/lkoo/projects/AutomationDetection/DownloadedLC/incremental/quiescent_background_cache.csv,,,,,,False,not_in_flare_streak
4FGL J1332.0-0509,236,237,57819.00001157408,1.28e-07,8.59e-08,1.09e-07,1.5265706989247312e-07,1.419971002710027e-07,2.5657881478361252e-09,1.419971002710027e-07,2.5657881478361252e-09,9.238489999999999e-07,9.238489999999999e-07,1.419971002710027e-07,True,False,False,0,False,,,-0.16287381186967775,3.0,False,False,,,weekly,10.0,sigma,computed,/home/lkoo/projects/AutomationDetection/DownloadedLC/incremental/quiescent_background_cache.csv,,,,,,False,not_in_flare_streak
4FGL J1332.0-0509,237,238,57826.00001157408,1.59e-07,5.95e-08,1.28e-07,1.5265706989247312e-07,1.419971002710027e-07,2.5657881478361252e-09,1.419971002710027e-07,2.5657881478361252e-09,9.238489999999999e-07,9.238489999999999e-07,1.419971002710027e-07,True,True,False,0,False,,,0.2854976954483611,3.0,False,False,,,weekly,10.0,sigma,computed,/home/lkoo/projects/AutomationDetection/DownloadedLC/incremental/quiescent_background_cache.csv,,,,,,False,not_in_flare_streak
4FGL J1332.0-0509,238,239,57833.00001157408,8.23e-08,4.75e-08,1.59e-07,1.5265706989247312e-07,1.419971002710027e-07,2.5657881478361252e-09,1.419971002710027e-07,2.5657881478361252e-09,9.238489999999999e-07,9.238489999999999e-07,1.419971002710027e-07,False,False,False,0,False,,,-1.2549515479318962,3.0,False,False,,,weekly,10.0,sigma,computed,/home/lkoo/projects/AutomationDetection/DownloadedLC/incremental/quiescent_background_cache.csv,,,,,,False,not_in_flare_streak
4FGL J1332.0-0509,239,240,57854.00001157408,8.92e-08,4.15e-08,8.23e-08,1.5265706989247312e-07,1.419971002710027e-07,2.5657881478361252e-09,1.419971002710027e-07,2.5657881478361252e-09,9.238489999999999e-07,9.238489999999999e-07,1.419971002710027e-07,True,False,False,0,False,,,-1.269794714971831,3.0,False,False,,,weekly,10.0,sigma,computed,/home/lkoo/projects/AutomationDetection/DownloadedLC/incremental/quiescent_background_cache.csv,,,,,,False,not_in_flare_streak
4FGL J1332.0-0509,240,241,57987.00001157408,2.01e-07,7.86e-08,8.92e-08,1.5265706989247312e-07,1.419971002710027e-07,2.5657881478361252e-09,1.419971002710027e-07,2.5657881478361252e-09,9.238489999999999e-07,9.238489999999999e-07,1.419971002710027e-07,True,True,False,0,False,,,0.7502733832164155,3.0,False,False,,,weekly,10.0,sigma,computed,/home/lkoo/projects/AutomationDetection/DownloadedLC/incremental/quiescent_background_cache.csv,,,,,,False,not_in_flare_streak
4FGL J1332.0-0509,241,242,58008.00001157408,3.58e-08,3.34e-08,2.01e-07,1.5265706989247312e-07,1.419971002710027e-07,2.5657881478361252e-09,1.419971002710027e-07,2.5657881478361252e-09,9.238489999999999e-07,9.238489999999999e-07,1.419971002710027e-07,False,False,False,0,False,,,-3.1702134492430885,3.0,False,False,,,weekly,10.0,sigma,computed,/home/lkoo/projects/AutomationDetection/DownloadedLC/incremental/quiescent_background_cache.csv,,,,,,False,not_in_flare_streak
4FGL J1332.0-0509,242,243,58043.00001157408,2.36e-07,7.32e-08,3.58e-08,1.5265706989247312e-07,1.419971002710027e-07,2.5657881478361252e-09,1.419971002710027e-07,2.5657881478361252e-09,9.238489999999999e-07,9.238489999999999e-07,1.419971002710027e-07,True,True,False,0,False,,,1.2834044497258386,3.0,False,False,,,weekly,10.0,sigma,computed,/home/lkoo/projects/AutomationDetection/DownloadedLC/incremental/quiescent_background_cache.csv,,,,,,False,not_in_flare_streak
4FGL J1332.0-0509,243,244,58071.00001157408,9.62e-08,4.97e-08,2.36e-07,1.5265706989247312e-07,1.419971002710027e-07,2.5657881478361252e-09,1.419971002710027e-07,2.5657881478361252e-09,9.238489999999999e-07,9.238489999999999e-07,1.419971002710027e-07,False,False,False,0,False,,,-0.9202453302840389,3.0,False,False,,,weekly,10.0,sigma,computed,/home/lkoo/projects/AutomationDetection/DownloadedLC/incremental/quiescent_background_cache.csv,,,,,,False,not_in_flare_streak
4FGL J1332.0-0509,244,245,58078.00001157408,1.47e-07,5.81e-08,9.62e-08,1.5265706989247312e-07,1.419971002710027e-07,2.5657881478361252e-09,1.419971002710027e-07,2.5657881478361252e-09,9.238489999999999e-07,9.238489999999999e-07,1.419971002710027e-07,True,True,False,0,False,,,0.08602458539154004,3.0,False,False,,,weekly,10.0,sigma,computed,/home/lkoo/projects/AutomationDetection/DownloadedLC/incremental/quiescent_background_cache.csv,,,,,,False,not_in_flare_streak
4FGL J1332.0-0509,245,246,58127.00001157408,1.38e-07,5.44e-08,1.47e-07,1.5265706989247312e-07,1.419971002710027e-07,2.5657881478361252e-09,1.419971002710027e-07,2.5657881478361252e-09,9.238489999999999e-07,9.238489999999999e-07,1.419971002710027e-07,False,False,False,0,False,,,-0.07339451808117642,3.0,False,False,,,weekly,10.0,sigma,computed,/home/lkoo/projects/AutomationDetection/DownloadedLC/incremental/quiescent_background_cache.csv,,,,,,False,not_in_flare_streak
4FGL J1332.0-0509,246,247,58148.00001157408,2.33e-07,5.7e-08,1.38e-07,1.5265706989247312e-07,1.419971002710027e-07,2.5657881478361252e-09,1.419971002710027e-07,2.5657881478361252e-09,9.238489999999999e-07,9.238489999999999e-07,1.419971002710027e-07,True,True,False,0,False,,,1.594927062009073,3.0,False,False,,,weekly,10.0,sigma,computed,/home/lkoo/projects/AutomationDetection/DownloadedLC/incremental/quiescent_background_cache.csv,,,,,,False,not_in_flare_streak
4FGL J1332.0-0509,247,248,58162.00001157408,2.57e-08,1.74e-08,2.33e-07,1.5265706989247312e-07,1.419971002710027e-07,2.5657881478361252e-09,1.419971002710027e-07,2.5657881478361252e-09,9.238489999999999e-07,9.238489999999999e-07,1.419971002710027e-07,False,False,False,0,False,,,-6.612239125704199,3.0,False,False,,,weekly,10.0,sigma,computed,/home/lkoo/projects/AutomationDetection/DownloadedLC/incremental/quiescent_background_cache.csv,,,,,,False,not_in_flare_streak
4FGL J1332.0-0509,248,249,58169.00001157408,4.63e-08,2.89e-08,2.57e-08,1.5265706989247312e-07,1.419971002710027e-07,2.5657881478361252e-09,1.419971002710027e-07,2.5657881478361252e-09,9.238489999999999e-07,9.238489999999999e-07,1.419971002710027e-07,True,False,False,0,False,,,-3.2983448028138564,3.0,False,False,,,weekly,10.0,sigma,computed,/home/lkoo/projects/AutomationDetection/DownloadedLC/incremental/quiescent_background_cache.csv,,,,,,False,not_in_flare_streak
4FGL J1332.0-0509,249,250,58176.00001157408,8.11e-08,3.68e-08,4.63e-08,1.5265706989247312e-07,1.419971002710027e-07,2.5657881478361252e-09,1.419971002710027e-07,2.5657881478361252e-09,9.238489999999999e-07,9.238489999999999e-07,1.419971002710027e-07,True,False,False,0,False,,,-1.6508049027788019,3.0,False,False,,,weekly,10.0,sigma,computed,/home/lkoo/projects/AutomationDetection/DownloadedLC/incremental/quiescent_background_cache.csv,,,,,,False,not_in_flare_streak
4FGL J1332.0-0509,250,251,58274.00001157408,3.59e-08,2.6e-08,8.11e-08,1.5265706989247312e-07,1.419971002710027e-07,2.5657881478361252e-09,1.419971002710027e-07,2.5657881478361252e-09,9.238489999999999e-07,9.238489999999999e-07,1.419971002710027e-07,False,False,False,0,False,,,-4.060931791142829,3.0,False,False,,,weekly,10.0,sigma,computed,/home/lkoo/projects/AutomationDetection/DownloadedLC/incremental/quiescent_background_cache.csv,,,,,,False,not_in_flare_streak
4FGL J1332.0-0509,251,252,58281.00001157408,6.65e-08,2.71e-08,3.59e-08,1.5265706989247312e-07,1.419971002710027e-07,2.5657881478361252e-09,1.419971002710027e-07,2.5657881478361252e-09,9.238489999999999e-07,9.238489999999999e-07,1.419971002710027e-07,True,False,False,0,False,,,-2.773467875643474,3.0,False,False,,,weekly,10.0,sigma,computed,/home/lkoo/projects/AutomationDetection/DownloadedLC/incremental/quiescent_background_cache.csv,,,,,,False,not_in_flare_streak
4FGL J1332.0-0509,252,253,58288.00001157408,1.35e-07,5.69e-08,6.65e-08,1.5265706989247312e-07,1.419971002710027e-07,2.5657881478361252e-09,1.419971002710027e-07,2.5657881478361252e-09,9.238489999999999e-07,9.238489999999999e-07,1.419971002710027e-07,True,False,False,0,False,,,-0.12284705174070178,3.0,False,False,,,weekly,10.0,sigma,computed,/home/lkoo/projects/AutomationDetection/DownloadedLC/incremental/quiescent_background_cache.csv,,,,,,False,not_in_flare_streak
4FGL J1332.0-0509,253,254,58316.00001157408,1.26e-07,3.83e-08,1.35e-07,1.5265706989247312e-07,1.419971002710027e-07,2.5657881478361252e-09,1.419971002710027e-07,2.5657881478361252e-09,9.238489999999999e-07,9.238489999999999e-07,1.419971002710027e-07,False,False,False,0,False,,,-0.4167447488742549,3.0,False,False,,,weekly,10.0,sigma,computed,/home/lkoo/projects/AutomationDetection/DownloadedLC/incremental/quiescent_background_cache.csv,,,,,,False,not_in_flare_streak
4FGL J1332.0-0509,254,255,58372.00001157408,2.76e-07,8.41e-08,1.26e-07,1.5265706989247312e-07,1.419971002710027e-07,2.5657881478361252e-09,1.419971002710027e-07,2.5657881478361252e-09,9.238489999999999e-07,9.238489999999999e-07,1.419971002710027e-07,True,True,False,0,False,,,1.5926347117062027,3.0,False,False,,,weekly,10.0,sigma,computed,/home/lkoo/projects/AutomationDetection/DownloadedLC/incremental/quiescent_background_cache.csv,,,,,,False,not_in_flare_streak
4FGL J1332.0-0509,255,256,58512.00001157408,5.93e-08,3.83e-08,2.76e-07,1.5265706989247312e-07,1.419971002710027e-07,2.5657881478361252e-09,1.419971002710027e-07,2.5657881478361252e-09,9.238489999999999e-07,9.238489999999999e-07,1.419971002710027e-07,False,False,False,0,False,,,-2.1543643348625388,3.0,False,False,,,weekly,10.0,sigma,computed,/home/lkoo/projects/AutomationDetection/DownloadedLC/incremental/quiescent_background_cache.csv,,,,,,False,not_in_flare_streak
4FGL J1332.0-0509,256,257,58533.00001157408,1.33e-07,4.28e-08,5.93e-08,1.5265706989247312e-07,1.419971002710027e-07,2.5657881478361252e-09,1.419971002710027e-07,2.5657881478361252e-09,9.238489999999999e-07,9.238489999999999e-07,1.419971002710027e-07,True,False,False,0,False,,,-0.20983590704248045,3.0,False,False,,,weekly,10.0,sigma,computed,/home/lkoo/projects/AutomationDetection/DownloadedLC/incremental/quiescent_background_cache.csv,,,,,,False,not_in_flare_streak
4FGL J1332.0-0509,257,258,58617.00001157408,4.82e-08,3.12e-08,1.33e-07,1.5265706989247312e-07,1.419971002710027e-07,2.5657881478361252e-09,1.419971002710027e-07,2.5657881478361252e-09,9.238489999999999e-07,9.238489999999999e-07,1.419971002710027e-07,False,False,False,0,False,,,-2.9962028911543244,3.0,False,False,,,weekly,10.0,sigma,computed,/home/lkoo/projects/AutomationDetection/DownloadedLC/incremental/quiescent_background_cache.csv,,,,,,False,not_in_flare_streak
4FGL J1332.0-0509,258,259,58638.00001157408,1.35e-07,7.06e-08,4.82e-08,1.5265706989247312e-07,1.419971002710027e-07,2.5657881478361252e-09,1.419971002710027e-07,2.5657881478361252e-09,9.238489999999999e-07,9.238489999999999e-07,1.419971002710027e-07,True,False,False,0,False,,,-0.09904368286325928,3.0,False,False,,,weekly,10.0,sigma,computed,/home/lkoo/projects/AutomationDetection/DownloadedLC/incremental/quiescent_background_cache.csv,,,,,,False,not_in_flare_streak
4FGL J1332.0-0509,259,260,58645.00001157408,1.24e-07,6.99e-08,1.35e-07,1.5265706989247312e-07,1.419971002710027e-07,2.5657881478361252e-09,1.419971002710027e-07,2.5657881478361252e-09,9.238489999999999e-07,9.238489999999999e-07,1.419971002710027e-07,False,False,False,0,False,,,-0.25729596741953614,3.0,False,False,,,weekly,10.0,sigma,computed,/home/lkoo/projects/AutomationDetection/DownloadedLC/incremental/quiescent_background_cache.csv,,,,,,False,not_in_flare_streak
4FGL J1332.0-0509,260,261,58680.00001157408,4.61e-08,2.95e-08,1.24e-07,1.5265706989247312e-07,1.419971002710027e-07,2.5657881478361252e-09,1.419971002710027e-07,2.5657881478361252e-09,9.238489999999999e-07,9.238489999999999e-07,1.419971002710027e-07,False,False,False,0,False,,,-3.238522848736654,3.0,False,False,,,weekly,10.0,sigma,computed,/home/lkoo/projects/AutomationDetection/DownloadedLC/incremental/quiescent_background_cache.csv,,,,,,False,not_in_flare_streak
4FGL J1332.0-0509,261,262,58701.00001157408,9.72e-08,4.22e-08,4.61e-08,1.5265706989247312e-07,1.419971002710027e-07,2.5657881478361252e-09,1.419971002710027e-07,2.5657881478361252e-09,9.238489999999999e-07,9.238489999999999e-07,1.419971002710027e-07,True,False,False,0,False,,,-1.059585970205312,3.0,False,False,,,weekly,10.0,sigma,computed,/home/lkoo/projects/AutomationDetection/DownloadedLC/incremental/quiescent_background_cache.csv,,,,,,False,not_in_flare_streak
4FGL J1332.0-0509,262,263,58743.00001157408,1.07e-07,3.96e-08,9.72e-08,1.5265706989247312e-07,1.419971002710027e-07,2.5657881478361252e-09,1.419971002710027e-07,2.5657881478361252e-09,9.238489999999999e-07,9.238489999999999e-07,1.419971002710027e-07,True,False,False,0,False,,,-0.8819159181923937,3.0,False,False,,,weekly,10.0,sigma,computed,/home/lkoo/projects/AutomationDetection/DownloadedLC/incremental/quiescent_background_cache.csv,,,,,,False,not_in_flare_streak
4FGL J1332.0-0509,263,264,58750.00001157408,1.95e-07,9.04e-08,1.07e-07,1.5265706989247312e-07,1.419971002710027e-07,2.5657881478361252e-09,1.419971002710027e-07,2.5657881478361252e-09,9.238489999999999e-07,9.238489999999999e-07,1.419971002710027e-07,True,True,False,0,False,,,0.5860792452978927,3.0,False,False,,,weekly,10.0,sigma,computed,/home/lkoo/projects/AutomationDetection/DownloadedLC/incremental/quiescent_background_cache.csv,,,,,,False,not_in_flare_streak
4FGL J1332.0-0509,264,265,58771.00001157408,1.24e-07,1.02e-07,1.95e-07,1.5265706989247312e-07,1.419971002710027e-07,2.5657881478361252e-09,1.419971002710027e-07,2.5657881478361252e-09,9.238489999999999e-07,9.238489999999999e-07,1.419971002710027e-07,False,False,False,0,False,,,-0.17638636294089285,3.0,False,False,,,weekly,10.0,sigma,computed,/home/lkoo/projects/AutomationDetection/DownloadedLC/incremental/quiescent_background_cache.csv,,,,,,False,not_in_flare_streak
4FGL J1332.0-0509,265,266,58785.00001157408,1.83e-07,7.37e-08,1.24e-07,1.5265706989247312e-07,1.419971002710027e-07,2.5657881478361252e-09,1.419971002710027e-07,2.5657881478361252e-09,9.238489999999999e-07,9.238489999999999e-07,1.419971002710027e-07,True,True,False,0,False,,,0.5560118630596727,3.0,False,False,,,weekly,10.0,sigma,computed,/home/lkoo/projects/AutomationDetection/DownloadedLC/incremental/quiescent_background_cache.csv,,,,,,False,not_in_flare_streak
4FGL J1332.0-0509,266,267,58792.00001157408,7.24e-08,5.72e-08,1.83e-07,1.5265706989247312e-07,1.419971002710027e-07,2.5657881478361252e-09,1.419971002710027e-07,2.5657881478361252e-09,9.238489999999999e-07,9.238489999999999e-07,1.419971002710027e-07,False,False,False,0,False,,,-1.2155102727060845,3.0,False,False,,,weekly,10.0,sigma,computed,/home/lkoo/projects/AutomationDetection/DownloadedLC/incremental/quiescent_background_cache.csv,,,,,,False,not_in_flare_streak
4FGL J1332.0-0509,267,268,58799.00001157408,1.36e-07,7.84e-08,7.24e-08,1.5265706989247312e-07,1.419971002710027e-07,2.5657881478361252e-09,1.419971002710027e-07,2.5657881478361252e-09,9.238489999999999e-07,9.238489999999999e-07,1.419971002710027e-07,True,False,False,0,False,,,-0.07645269455987776,3.0,False,False,,,weekly,10.0,sigma,computed,/home/lkoo/projects/AutomationDetection/DownloadedLC/incremental/quiescent_background_cache.csv,,,,,,False,not_in_flare_streak
4FGL J1332.0-0509,268,269,58806.00001157408,9.72e-08,5.68e-08,1.36e-07,1.5265706989247312e-07,1.419971002710027e-07,2.5657881478361252e-09,1.419971002710027e-07,2.5657881478361252e-09,9.238489999999999e-07,9.238489999999999e-07,1.419971002710027e-07,False,False,False,0,False,,,-0.7878779046226846,3.0,False,False,,,weekly,10.0,sigma,computed,/home/lkoo/projects/AutomationDetection/DownloadedLC/incremental/quiescent_background_cache.csv,,,,,,False,not_in_flare_streak
4FGL J1332.0-0509,269,270,58827.00001157408,3.55e-08,2.24e-08,9.72e-08,1.5265706989247312e-07,1.419971002710027e-07,2.5657881478361252e-09,1.419971002710027e-07,2.5657881478361252e-09,9.238489999999999e-07,9.238489999999999e-07,1.419971002710027e-07,False,False,False,0,False,,,-4.723449148720341,3.0,False,False,,,weekly,10.0,sigma,computed,/home/lkoo/projects/AutomationDetection/DownloadedLC/incremental/quiescent_background_cache.csv,,,,,,False,not_in_flare_streak
4FGL J1332.0-0509,270,271,58834.00001157408,6.9e-08,3.84e-08,3.55e-08,1.5265706989247312e-07,1.419971002710027e-07,2.5657881478361252e-09,1.419971002710027e-07,2.5657881478361252e-09,9.238489999999999e-07,9.238489999999999e-07,1.419971002710027e-07,True,False,False,0,False,,,-1.8967368158643183,3.0,False,False,,,weekly,10.0,sigma,computed,/home/lkoo/projects/AutomationDetection/DownloadedLC/incremental/quiescent_background_cache.csv,,,,,,False,not_in_flare_streak
4FGL J1332.0-0509,271,272,58841.00001157408,1.2e-07,3.67e-08,6.9e-08,1.5265706989247312e-07,1.419971002710027e-07,2.5657881478361252e-09,1.419971002710027e-07,2.5657881478361252e-09,9.238489999999999e-07,9.238489999999999e-07,1.419971002710027e-07,True,False,False,0,False,,,-0.5979165753983213,3.0,False,False,,,weekly,10.0,sigma,computed,/home/lkoo/projects/AutomationDetection/DownloadedLC/incremental/quiescent_background_cache.csv,,,,,,False,not_in_flare_streak
4FGL J1332.0-0509,272,273,58848.00001157408,5.79e-08,3.04e-08,1.2e-07,1.5265706989247312e-07,1.419971002710027e-07,2.5657881478361252e-09,1.419971002710027e-07,2.5657881478361252e-09,9.238489999999999e-07,9.238489999999999e-07,1.419971002710027e-07,False,False,False,0,False,,,-2.7565512367417897,3.0,False,False,,,weekly,10.0,sigma,computed,/home/lkoo/projects/AutomationDetection/DownloadedLC/incremental/quiescent_background_cache.csv,,,,,,False,not_in_flare_streak
4FGL J1332.0-0509,273,274,58855.00001157408,2.36e-08,1.84e-08,5.79e-08,1.5265706989247312e-07,1.419971002710027e-07,2.5657881478361252e-09,1.419971002710027e-07,2.5657881478361252e-09,9.238489999999999e-07,9.238489999999999e-07,1.419971002710027e-07,False,False,False,0,False,,,-6.3729624853066955,3.0,False,False,,,weekly,10.0,sigma,computed,/home/lkoo/projects/AutomationDetection/DownloadedLC/incremental/quiescent_background_cache.csv,,,,,,False,not_in_flare_streak
4FGL J1332.0-0509,274,275,58862.00001157408,1.18e-07,4.11e-08,2.36e-08,1.5265706989247312e-07,1.419971002710027e-07,2.5657881478361252e-09,1.419971002710027e-07,2.5657881478361252e-09,9.238489999999999e-07,9.238489999999999e-07,1.419971002710027e-07,True,False,False,0,False,,,-0.5827366227218798,3.0,False,False,,,weekly,10.0,sigma,computed,/home/lkoo/projects/AutomationDetection/DownloadedLC/incremental/quiescent_background_cache.csv,,,,,,False,not_in_flare_streak
4FGL J1332.0-0509,275,276,58869.00001157408,4.1e-08,3.12e-08,1.18e-07,1.5265706989247312e-07,1.419971002710027e-07,2.5657881478361252e-09,1.419971002710027e-07,2.5657881478361252e-09,9.238489999999999e-07,9.238489999999999e-07,1.419971002710027e-07,False,False,False,0,False,,,-3.226195724130849,3.0,False,False,,,weekly,10.0,sigma,computed,/home/lkoo/projects/AutomationDetection/DownloadedLC/incremental/quiescent_background_cache.csv,,,,,,False,not_in_flare_streak
4FGL J1332.0-0509,276,277,58883.00001157408,7.59e-08,4.61e-08,4.1e-08,1.5265706989247312e-07,1.419971002710027e-07,2.5657881478361252e-09,1.419971002710027e-07,2.5657881478361252e-09,9.238489999999999e-07,9.238489999999999e-07,1.419971002710027e-07,True,False,False,0,False,,,-1.431561017770459,3.0,False,False,,,weekly,10.0,sigma,computed,/home/lkoo/projects/AutomationDetection/DownloadedLC/incremental/quiescent_background_cache.csv,,,,,,False,not_in_flare_streak
4FGL J1332.0-0509,277,278,58890.00001157408,4.24e-08,3.23e-08,7.59e-08,1.5265706989247312e-07,1.419971002710027e-07,2.5657881478361252e-09,1.419971002710027e-07,2.5657881478361252e-09,9.238489999999999e-07,9.238489999999999e-07,1.419971002710027e-07,False,False,False,0,False,,,-3.0738187486335082,3.0,False,False,,,weekly,10.0,sigma,computed,/home/lkoo/projects/AutomationDetection/DownloadedLC/incremental/quiescent_background_cache.csv,,,,,,False,not_in_flare_streak
4FGL J1332.0-0509,278,279,58932.00001157408,6.41e-08,3.94e-08,4.24e-08,1.5265706989247312e-07,1.419971002710027e-07,2.5657881478361252e-09,1.419971002710027e-07,2.5657881478361252e-09,9.238489999999999e-07,9.238489999999999e-07,1.419971002710027e-07,True,False,False,0,False,,,-1.9729048286109478,3.0,False,False,,,weekly,10.0,sigma,computed,/home/lkoo/projects/AutomationDetection/DownloadedLC/incremental/quiescent_background_cache.csv,,,,,,False,not_in_flare_streak
4FGL J1332.0-0509,279,280,59002.00001157408,1.71e-07,9.37e-08,6.41e-08,1.5265706989247312e-07,1.419971002710027e-07,2.5657881478361252e-09,1.419971002710027e-07,2.5657881478361252e-09,9.238489999999999e-07,9.238489999999999e-07,1.419971002710027e-07,True,True,False,0,False,,,0.3094133642280863,3.0,False,False,,,weekly,10.0,sigma,computed,/home/lkoo/projects/AutomationDetection/DownloadedLC/incremental/quiescent_background_cache.csv,,,,,,False,not_in_flare_streak
4FGL J1332.0-0509,280,281,59044.00001157408,1.03e-07,6.08e-08,1.71e-07,1.5265706989247312e-07,1.419971002710027e-07,2.5657881478361252e-09,1.419971002710027e-07,2.5657881478361252e-09,9.238489999999999e-07,9.238489999999999e-07,1.419971002710027e-07,False,False,False,0,False,,,-0.6408293095814684,3.0,False,False,,,weekly,10.0,sigma,computed,/home/lkoo/projects/AutomationDetection/DownloadedLC/incremental/quiescent_background_cache.csv,,,,,,False,not_in_flare_streak
4FGL J1332.0-0509,281,282,59079.00001157408,1.34e-07,5.74e-08,1.03e-07,1.5265706989247312e-07,1.419971002710027e-07,2.5657881478361252e-09,1.419971002710027e-07,2.5657881478361252e-09,9.238489999999999e-07,9.238489999999999e-07,1.419971002710027e-07,True,False,False,0,False,,,-0.13918332247771179,3.0,False,False,,,weekly,10.0,sigma,computed,/home/lkoo/projects/AutomationDetection/DownloadedLC/incremental/quiescent_background_cache.csv,,,,,,False,not_in_flare_streak
4FGL J1332.0-0509,282,283,59107.00001157408,1.5e-07,6.18e-08,1.34e-07,1.5265706989247312e-07,1.419971002710027e-07,2.5657881478361252e-09,1.419971002710027e-07,2.5657881478361252e-09,9.238489999999999e-07,9.238489999999999e-07,1.419971002710027e-07,True,True,False,0,False,,,0.12938529590426792,3.0,False,False,,,weekly,10.0,sigma,computed,/home/lkoo/projects/AutomationDetection/DownloadedLC/incremental/quiescent_background_cache.csv,,,,,,False,not_in_flare_streak
4FGL J1332.0-0509,283,284,59142.00001157408,5.57e-08,3.39e-08,1.5e-07,1.5265706989247312e-07,1.419971002710027e-07,2.5657881478361252e-09,1.419971002710027e-07,2.5657881478361252e-09,9.238489999999999e-07,9.238489999999999e-07,1.419971002710027e-07,False,False,False,0,False,,,-2.538376991160565,3.0,False,False,,,weekly,10.0,sigma,computed,/home/lkoo/projects/AutomationDetection/DownloadedLC/incremental/quiescent_background_cache.csv,,,,,,False,not_in_flare_streak
4FGL J1332.0-0509,284,285,59149.00001157408,6.93e-08,4.46e-08,5.57e-08,1.5265706989247312e-07,1.419971002710027e-07,2.5657881478361252e-09,1.419971002710027e-07,2.5657881478361252e-09,9.238489999999999e-07,9.238489999999999e-07,1.419971002710027e-07,True,False,False,0,False,,,-1.6272892353599648,3.0,False,False,,,weekly,10.0,sigma,computed,/home/lkoo/projects/AutomationDetection/DownloadedLC/incremental/quiescent_background_cache.csv,,,,,,False,not_in_flare_streak
4FGL J1332.0-0509,285,286,59191.00001157408,9.47e-08,4.73e-08,6.93e-08,1.5265706989247312e-07,1.419971002710027e-07,2.5657881478361252e-09,1.419971002710027e-07,2.5657881478361252e-09,9.238489999999999e-07,9.238489999999999e-07,1.419971002710027e-07,True,False,False,0,False,,,-0.9984707643016175,3.0,False,False,,,weekly,10.0,sigma,computed,/home/lkoo/projects/AutomationDetection/DownloadedLC/incremental/quiescent_background_cache.csv,,,,,,False,not_in_flare_streak
4FGL J1332.0-0509,286,287,59205.00001157408,8.46e-08,4.41e-08,9.47e-08,1.5265706989247312e-07,1.419971002710027e-07,2.5657881478361252e-09,1.419971002710027e-07,2.5657881478361252e-09,9.238489999999999e-07,9.238489999999999e-07,1.419971002710027e-07,False,False,False,0,False,,,-1.299324270614863,3.0,False,False,,,weekly,10.0,sigma,computed,/home/lkoo/projects/AutomationDetection/DownloadedLC/incremental/quiescent_background_cache.csv,,,,,,False,not_in_flare_streak
4FGL J1332.0-0509,287,288,59233.00001157408,6.38e-08,3.31e-08,8.46e-08,1.5265706989247312e-07,1.419971002710027e-07,2.5657881478361252e-09,1.419971002710027e-07,2.5657881478361252e-09,9.238489999999999e-07,9.238489999999999e-07,1.419971002710027e-07,False,False,False,0,False,,,-2.3553842761326145,3.0,False,False,,,weekly,10.0,sigma,computed,/home/lkoo/projects/AutomationDetection/DownloadedLC/incremental/quiescent_background_cache.csv,,,,,,False,not_in_flare_streak
4FGL J1332.0-0509,288,289,59261.00001157408,9.32e-08,6.15e-08,6.38e-08,1.5265706989247312e-07,1.419971002710027e-07,2.5657881478361252e-09,1.419971002710027e-07,2.5657881478361252e-09,9.238489999999999e-07,9.238489999999999e-07,1.419971002710027e-07,True,False,False,0,False,,,-0.7927591586612743,3.0,False,False,,,weekly,10.0,sigma,computed,/home/lkoo/projects/AutomationDetection/DownloadedLC/incremental/quiescent_background_cache.csv,,,,,,False,not_in_flare_streak
4FGL J1332.0-0509,289,290,59275.00001157408,8.39e-08,3.55e-08,9.32e-08,1.5265706989247312e-07,1.419971002710027e-07,2.5657881478361252e-09,1.419971002710027e-07,2.5657881478361252e-09,9.238489999999999e-07,9.238489999999999e-07,1.419971002710027e-07,False,False,False,0,False,,,-1.6322802524741622,3.0,False,False,,,weekly,10.0,sigma,computed,/home/lkoo/projects/AutomationDetection/DownloadedLC/incremental/quiescent_background_cache.csv,,,,,,False,not_in_flare_streak
4FGL J1332.0-0509,290,291,59289.00001157408,5.52e-08,3.65e-08,8.39e-08,1.5265706989247312e-07,1.419971002710027e-07,2.5657881478361252e-09,1.419971002710027e-07,2.5657881478361252e-09,9.238489999999999e-07,9.238489999999999e-07,1.419971002710027e-07,False,False,False,0,False,,,-2.3721490222058788,3.0,False,False,,,weekly,10.0,sigma,computed,/home/lkoo/projects/AutomationDetection/DownloadedLC/incremental/quiescent_background_cache.csv,,,,,,False,not_in_flare_streak
4FGL J1332.0-0509,291,292,59296.00001157408,1.8e-07,6.56e-08,5.52e-08,1.5265706989247312e-07,1.419971002710027e-07,2.5657881478361252e-09,1.419971002710027e-07,2.5657881478361252e-09,9.238489999999999e-07,9.238489999999999e-07,1.419971002710027e-07,True,True,False,0,False,,,0.5788698882622089,3.0,False,False,,,weekly,10.0,sigma,computed,/home/lkoo/projects/AutomationDetection/DownloadedLC/incremental/quiescent_background_cache.csv,,,,,,False,not_in_flare_streak
4FGL J1332.0-0509,292,293,59310.00001157408,9.7e-08,5.61e-08,1.8e-07,1.5265706989247312e-07,1.419971002710027e-07,2.5657881478361252e-09,1.419971002710027e-07,2.5657881478361252e-09,9.238489999999999e-07,9.238489999999999e-07,1.419971002710027e-07,False,False,False,0,False,,,-0.8012497677886037,3.0,False,False,,,weekly,10.0,sigma,computed,/home/lkoo/projects/AutomationDetection/DownloadedLC/incremental/quiescent_background_cache.csv,,,,,,False,not_in_flare_streak
4FGL J1332.0-0509,293,294,59338.00001157408,1.36e-07,5.67e-08,9.7e-08,1.5265706989247312e-07,1.419971002710027e-07,2.5657881478361252e-09,1.419971002710027e-07,2.5657881478361252e-09,9.238489999999999e-07,9.238489999999999e-07,1.419971002710027e-07,True,False,False,0,False,,,-0.10566083641695878,3.0,False,False,,,weekly,10.0,sigma,computed,/home/lkoo/projects/AutomationDetection/DownloadedLC/incremental/quiescent_background_cache.csv,,,,,,False,not_in_flare_streak
4FGL J1332.0-0509,294,295,59345.00001157408,1.6e-07,6.72e-08,1.36e-07,1.5265706989247312e-07,1.419971002710027e-07,2.5657881478361252e-09,1.419971002710027e-07,2.5657881478361252e-09,9.238489999999999e-07,9.238489999999999e-07,1.419971002710027e-07,True,True,False,0,False,,,0.26770523201752,3.0,False,False,,,weekly,10.0,sigma,computed,/home/lkoo/projects/AutomationDetection/DownloadedLC/incremental/quiescent_background_cache.csv,,,,,,False,not_in_flare_streak
4FGL J1332.0-0509,295,296,59352.00001157408,1.18e-07,5.15e-08,1.6e-07,1.5265706989247312e-07,1.419971002710027e-07,2.5657881478361252e-09,1.419971002710027e-07,2.5657881478361252e-09,9.238489999999999e-07,9.238489999999999e-07,1.419971002710027e-07,False,False,False,0,False,,,-0.46538589241157335,3.0,False,False,,,weekly,10.0,sigma,computed,/home/lkoo/projects/AutomationDetection/DownloadedLC/incremental/quiescent_background_cache.csv,,,,,,False,not_in_flare_streak
4FGL J1332.0-0509,296,297,59359.00001157408,8.41e-08,4.37e-08,1.18e-07,1.5265706989247312e-07,1.419971002710027e-07,2.5657881478361252e-09,1.419971002710027e-07,2.5657881478361252e-09,9.238489999999999e-07,9.238489999999999e-07,1.419971002710027e-07,False,False,False,0,False,,,-1.3225987023822552,3.0,False,False,,,weekly,10.0,sigma,computed,/home/lkoo/projects/AutomationDetection/DownloadedLC/incremental/quiescent_background_cache.csv,,,,,,False,not_in_flare_streak
4FGL J1332.0-0509,297,298,59373.00001157408,9.33e-08,4.33e-08,8.41e-08,1.5265706989247312e-07,1.419971002710027e-07,2.5657881478361252e-09,1.419971002710027e-07,2.5657881478361252e-09,9.238489999999999e-07,9.238489999999999e-07,1.419971002710027e-07,True,False,False,0,False,,,-1.1226750604684324,3.0,False,False,,,weekly,10.0,sigma,computed,/home/lkoo/projects/AutomationDetection/DownloadedLC/incremental/quiescent_background_cache.csv,,,,,,False,not_in_flare_streak
4FGL J1332.0-0509,298,299,59380.00001157408,1.19e-07,4.67e-08,9.33e-08,1.5265706989247312e-07,1.419971002710027e-07,2.5657881478361252e-09,1.419971002710027e-07,2.5657881478361252e-09,9.238489999999999e-07,9.238489999999999e-07,1.419971002710027e-07,True,False,False,0,False,,,-0.4917016906037069,3.0,False,False,,,weekly,10.0,sigma,computed,/home/lkoo/projects/AutomationDetection/DownloadedLC/incremental/quiescent_background_cache.csv,,,,,,False,not_in_flare_streak
4FGL J1332.0-0509,299,300,59387.00001157408,6.19e-07,5.94e-08,1.19e-07,1.5265706989247312e-07,1.419971002710027e-07,2.5657881478361252e-09,1.419971002710027e-07,2.5657881478361252e-09,9.238489999999999e-07,9.238489999999999e-07,1.419971002710027e-07,True,True,False,0,False,,,8.022870736920774,3.0,True,True,59387.00001157408,59387.00001157408,weekly,10.0,sigma,computed,/home/lkoo/projects/AutomationDetection/DownloadedLC/incremental/quiescent_background_cache.csv,,,,,,False,not_in_flare_streak
4FGL J1332.0-0509,300,301,59394.00001157408,4.47e-07,6.33e-08,6.19e-07,1.5265706989247312e-07,1.419971002710027e-07,2.5657881478361252e-09,1.419971002710027e-07,2.5657881478361252e-09,9.238489999999999e-07,9.238489999999999e-07,1.419971002710027e-07,False,True,False,0,False,,,4.814417853562953,3.0,True,True,59387.00001157408,59394.00001157408,weekly,10.0,sigma,computed,/home/lkoo/projects/AutomationDetection/DownloadedLC/incremental/quiescent_background_cache.csv,,,,,,False,not_in_flare_streak
4FGL J1332.0-0509,301,302,59401.00001157408,1.01e-07,6.09e-08,4.47e-07,1.5265706989247312e-07,1.419971002710027e-07,2.5657881478361252e-09,1.419971002710027e-07,2.5657881478361252e-09,9.238489999999999e-07,9.238489999999999e-07,1.419971002710027e-07,False,False,False,0,False,,,-0.6725905252531054,3.0,False,False,,,weekly,10.0,sigma,computed,/home/lkoo/projects/AutomationDetection/DownloadedLC/incremental/quiescent_background_cache.csv,,,,,,False,not_in_flare_streak
4FGL J1332.0-0509,302,303,59408.00001157408,1.88e-07,5.84e-08,1.01e-07,1.5265706989247312e-07,1.419971002710027e-07,2.5657881478361252e-09,1.419971002710027e-07,2.5657881478361252e-09,9.238489999999999e-07,9.238489999999999e-07,1.419971002710027e-07,True,True,False,0,False,,,0.7869617314124635,3.0,False,False,,,weekly,10.0,sigma,computed,/home/lkoo/projects/AutomationDetection/DownloadedLC/incremental/quiescent_background_cache.csv,,,,,,False,not_in_flare_streak
4FGL J1332.0-0509,303,304,59415.00001157408,1.65e-07,4.58e-08,1.88e-07,1.5265706989247312e-07,1.419971002710027e-07,2.5657881478361252e-09,1.419971002710027e-07,2.5657881478361252e-09,9.238489999999999e-07,9.238489999999999e-07,1.419971002710027e-07,False,True,False,0,False,,,0.5014604394505522,3.0,False,False,,,weekly,10.0,sigma,computed,/home/lkoo/projects/AutomationDetection/DownloadedLC/incremental/quiescent_background_cache.csv,,,,,,False,not_in_flare_streak
4FGL J1332.0-0509,304,305,59422.00001157408,7.77e-08,3.24e-08,1.65e-07,1.5265706989247312e-07,1.419971002710027e-07,2.5657881478361252e-09,1.419971002710027e-07,2.5657881478361252e-09,9.238489999999999e-07,9.238489999999999e-07,1.419971002710027e-07,False,False,False,0,False,,,-1.9782849748562366,3.0,False,False,,,weekly,10.0,sigma,computed,/home/lkoo/projects/AutomationDetection/DownloadedLC/incremental/quiescent_background_cache.csv,,,,,,False,not_in_flare_streak
4FGL J1332.0-0509,305,306,59429.00001157408,7.42e-08,3.46e-08,7.77e-08,1.5265706989247312e-07,1.419971002710027e-07,2.5657881478361252e-09,1.419971002710027e-07,2.5657881478361252e-09,9.238489999999999e-07,9.238489999999999e-07,1.419971002710027e-07,False,False,False,0,False,,,-1.9540882952820937,3.0,False,False,,,weekly,10.0,sigma,computed,/home/lkoo/projects/AutomationDetection/DownloadedLC/incremental/quiescent_background_cache.csv,,,,,,False,not_in_flare_streak
4FGL J1332.0-0509,306,307,59436.00001157408,3.4e-07,5.09e-08,7.42e-08,1.5265706989247312e-07,1.419971002710027e-07,2.5657881478361252e-09,1.419971002710027e-07,2.5657881478361252e-09,9.238489999999999e-07,9.238489999999999e-07,1.419971002710027e-07,True,True,False,0,False,,,3.8851044138116713,3.0,True,True,59436.00001157408,59436.00001157408,weekly,10.0,sigma,computed,/home/lkoo/projects/AutomationDetection/DownloadedLC/incremental/quiescent_background_cache.csv,,,,,,False,not_in_flare_streak
4FGL J1332.0-0509,307,308,59443.00001157408,2.09e-07,4.76e-08,3.4e-07,1.5265706989247312e-07,1.419971002710027e-07,2.5657881478361252e-09,1.419971002710027e-07,2.5657881478361252e-09,9.238489999999999e-07,9.238489999999999e-07,1.419971002710027e-07,False,True,False,0,False,,,1.4055834316895353,3.0,False,True,59436.00001157408,59443.00001157408,weekly,10.0,sigma,computed,/home/lkoo/projects/AutomationDetection/DownloadedLC/incremental/quiescent_background_cache.csv,,,,,,False,not_in_flare_streak
4FGL J1332.0-0509,308,309,59450.00001157408,1.57e-07,6.07e-08,2.09e-07,1.5265706989247312e-07,1.419971002710027e-07,2.5657881478361252e-09,1.419971002710027e-07,2.5657881478361252e-09,9.238489999999999e-07,9.238489999999999e-07,1.419971002710027e-07,False,True,False,0,False,,,0.24694422463064322,3.0,False,True,59436.00001157408,59450.00001157408,weekly,10.0,sigma,computed,/home/lkoo/projects/AutomationDetection/DownloadedLC/incremental/quiescent_background_cache.csv,,,,,,False,not_in_flare_streak
4FGL J1332.0-0509,309,310,59464.00001157408,1.69e-07,8.99e-08,1.57e-07,1.5265706989247312e-07,1.419971002710027e-07,2.5657881478361252e-09,1.419971002710027e-07,2.5657881478361252e-09,9.238489999999999e-07,9.238489999999999e-07,1.419971002710027e-07,True,True,False,0,False,,,0.30024370104871384,3.0,False,True,59436.00001157408,59464.00001157408,weekly,10.0,sigma,computed,/home/lkoo/projects/AutomationDetection/DownloadedLC/incremental/quiescent_background_cache.csv,,,,,,False,not_in_flare_streak
4FGL J1332.0-0509,310,311,59471.00001157408,1.06e-07,6.35e-08,1.69e-07,1.5265706989247312e-07,1.419971002710027e-07,2.5657881478361252e-09,1.419971002710027e-07,2.5657881478361252e-09,9.238489999999999e-07,9.238489999999999e-07,1.419971002710027e-07,False,False,False,0,False,,,-0.5664212724504596,3.0,False,False,,,weekly,10.0,sigma,computed,/home/lkoo/projects/AutomationDetection/DownloadedLC/incremental/quiescent_background_cache.csv,,,,,,False,not_in_flare_streak
4FGL J1332.0-0509,311,312,59478.00001157408,1.31e-07,5.02e-08,1.06e-07,1.5265706989247312e-07,1.419971002710027e-07,2.5657881478361252e-09,1.419971002710027e-07,2.5657881478361252e-09,9.238489999999999e-07,9.238489999999999e-07,1.419971002710027e-07,True,False,False,0,False,,,-0.2187801618237982,3.0,False,False,,,weekly,10.0,sigma,computed,/home/lkoo/projects/AutomationDetection/DownloadedLC/incremental/quiescent_background_cache.csv,,,,,,False,not_in_flare_streak
4FGL J1332.0-0509,312,313,59485.00001157408,4.46e-08,3.31e-08,1.31e-07,1.5265706989247312e-07,1.419971002710027e-07,2.5657881478361252e-09,1.419971002710027e-07,2.5657881478361252e-09,9.238489999999999e-07,9.238489999999999e-07,1.419971002710027e-07,False,False,False,0,False,,,-2.9337097887797383,3.0,False,False,,,weekly,10.0,sigma,computed,/home/lkoo/projects/AutomationDetection/DownloadedLC/incremental/quiescent_background_cache.csv,,,,,,False,not_in_flare_streak
4FGL J1332.0-0509,313,314,59499.00001157408,9.4e-08,5.41e-08,4.46e-08,1.5265706989247312e-07,1.419971002710027e-07,2.5657881478361252e-09,1.419971002710027e-07,2.5657881478361252e-09,9.238489999999999e-07,9.238489999999999e-07,1.419971002710027e-07,True,False,False,0,False,,,-0.8861961416781551,3.0,False,False,,,weekly,10.0,sigma,computed,/home/lkoo/projects/AutomationDetection/DownloadedLC/incremental/quiescent_background_cache.csv,,,,,,False,not_in_flare_streak
4FGL J1332.0-0509,314,315,59506.00001157408,8.16e-08,5.33e-08,9.4e-08,1.5265706989247312e-07,1.419971002710027e-07,2.5657881478361252e-09,1.419971002710027e-07,2.5657881478361252e-09,9.238489999999999e-07,9.238489999999999e-07,1.419971002710027e-07,False,False,False,0,False,,,-1.131843185177231,3.0,False,False,,,weekly,10.0,sigma,computed,/home/lkoo/projects/AutomationDetection/DownloadedLC/incremental/quiescent_background_cache.csv,,,,,,False,not_in_flare_streak
4FGL J1332.0-0509,315,316,59513.00001157408,3.02e-08,2.81e-08,8.16e-08,1.5265706989247312e-07,1.419971002710027e-07,2.5657881478361252e-09,1.419971002710027e-07,2.5657881478361252e-09,9.238489999999999e-07,9.238489999999999e-07,1.419971002710027e-07,False,False,False,0,False,,,-3.9620621926212225,3.0,False,False,,,weekly,10.0,sigma,computed,/home/lkoo/projects/AutomationDetection/DownloadedLC/incremental/quiescent_background_cache.csv,,,,,,False,not_in_flare_streak
4FGL J1332.0-0509,316,317,59520.00001157408,1.3e-07,6.13e-08,3.02e-08,1.5265706989247312e-07,1.419971002710027e-07,2.5657881478361252e-09,1.419971002710027e-07,2.5657881478361252e-09,9.238489999999999e-07,9.238489999999999e-07,1.419971002710027e-07,True,False,False,0,False,,,-0.19554004772202632,3.0,False,False,,,weekly,10.0,sigma,computed,/home/lkoo/projects/AutomationDetection/DownloadedLC/incremental/quiescent_background_cache.csv,,,,,,False,not_in_flare_streak
4FGL J1332.0-0509,317,318,59527.00001157408,1.35e-07,5.18e-08,1.3e-07,1.5265706989247312e-07,1.419971002710027e-07,2.5657881478361252e-09,1.419971002710027e-07,2.5657881478361252e-09,9.238489999999999e-07,9.238489999999999e-07,1.419971002710027e-07,True,False,False,0,False,,,-0.13491375327621494,3.0,False,False,,,weekly,10.0,sigma,computed,/home/lkoo/projects/AutomationDetection/DownloadedLC/incremental/quiescent_background_cache.csv,,,,,,False,not_in_flare_streak
4FGL J1332.0-0509,318,319,59541.00001157408,5.58e-08,3.48e-08,1.35e-07,1.5265706989247312e-07,1.419971002710027e-07,2.5657881478361252e-09,1.419971002710027e-07,2.5657881478361252e-09,9.238489999999999e-07,9.238489999999999e-07,1.419971002710027e-07,False,False,False,0,False,,,-2.4702231455700243,3.0,False,False,,,weekly,10.0,sigma,computed,/home/lkoo/projects/AutomationDetection/DownloadedLC/incremental/quiescent_background_cache.csv,,,,,,False,not_in_flare_streak
4FGL J1332.0-0509,319,320,59548.00001157408,9.78e-08,4.44e-08,5.58e-08,1.5265706989247312e-07,1.419971002710027e-07,2.5657881478361252e-09,1.419971002710027e-07,2.5657881478361252e-09,9.238489999999999e-07,9.238489999999999e-07,1.419971002710027e-07,True,False,False,0,False,,,-0.993772240246767,3.0,False,False,,,weekly,10.0,sigma,computed,/home/lkoo/projects/AutomationDetection/DownloadedLC/incremental/quiescent_background_cache.csv,,,,,,False,not_in_flare_streak
4FGL J1332.0-0509,320,321,59555.00001157408,1.36e-07,6e-08,9.78e-08,1.5265706989247312e-07,1.419971002710027e-07,2.5657881478361252e-09,1.419971002710027e-07,2.5657881478361252e-09,9.238489999999999e-07,9.238489999999999e-07,1.419971002710027e-07,True,False,False,0,False,,,-0.09986040623545463,3.0,False,False,,,weekly,10.0,sigma,computed,/home/lkoo/projects/AutomationDetection/DownloadedLC/incremental/quiescent_background_cache.csv,,,,,,False,not_in_flare_streak
4FGL J1332.0-0509,321,322,59562.00001157408,1.17e-07,5.09e-08,1.36e-07,1.5265706989247312e-07,1.419971002710027e-07,2.5657881478361252e-09,1.419971002710027e-07,2.5657881478361252e-09,9.238489999999999e-07,9.238489999999999e-07,1.419971002710027e-07,False,False,False,0,False,,,-0.49047940574752574,3.0,False,False,,,weekly,10.0,sigma,computed,/home/lkoo/projects/AutomationDetection/DownloadedLC/incremental/quiescent_background_cache.csv,,,,,,False,not_in_flare_streak
4FGL J1332.0-0509,322,323,59576.00001157408,5.41e-08,3.1e-08,1.17e-07,1.5265706989247312e-07,1.419971002710027e-07,2.5657881478361252e-09,1.419971002710027e-07,2.5657881478361252e-09,9.238489999999999e-07,9.238489999999999e-07,1.419971002710027e-07,False,False,False,0,False,,,-2.8257281161289263,3.0,False,False,,,weekly,10.0,sigma,computed,/home/lkoo/projects/AutomationDetection/DownloadedLC/incremental/quiescent_background_cache.csv,,,,,,False,not_in_flare_streak
4FGL J1332.0-0509,323,324,59583.00001157408,7.98e-08,3.05e-08,5.41e-08,1.5265706989247312e-07,1.419971002710027e-07,2.5657881478361252e-09,1.419971002710027e-07,2.5657881478361252e-09,9.238489999999999e-07,9.238489999999999e-07,1.419971002710027e-07,True,False,False,0,False,,,-2.032071501343017,3.0,False,False,,,weekly,10.0,sigma,computed,/home/lkoo/projects/AutomationDetection/DownloadedLC/incremental/quiescent_background_cache.csv,,,,,,False,not_in_flare_streak
4FGL J1332.0-0509,324,325,59590.00001157408,1.3e-07,3.51e-08,7.98e-08,1.5265706989247312e-07,1.419971002710027e-07,2.5657881478361252e-09,1.419971002710027e-07,2.5657881478361252e-09,9.238489999999999e-07,9.238489999999999e-07,1.419971002710027e-07,True,False,False,0,False,,,-0.34088817075415545,3.0,False,False,,,weekly,10.0,sigma,computed,/home/lkoo/projects/AutomationDetection/DownloadedLC/incremental/quiescent_background_cache.csv,,,,,,False,not_in_flare_streak
4FGL J1332.0-0509,325,326,59597.00001157408,9.68e-08,3.79e-08,1.3e-07,1.5265706989247312e-07,1.419971002710027e-07,2.5657881478361252e-09,1.419971002710027e-07,2.5657881478361252e-09,9.238489999999999e-07,9.238489999999999e-07,1.419971002710027e-07,False,False,False,0,False,,,-1.1898122058484715,3.0,False,False,,,weekly,10.0,sigma,computed,/home/lkoo/projects/AutomationDetection/DownloadedLC/incremental/quiescent_background_cache.csv,,,,,,False,not_in_flare_streak
4FGL J1332.0-0509,326,327,59604.00001157408,6.21e-08,3.78e-08,9.68e-08,1.5265706989247312e-07,1.419971002710027e-07,2.5657881478361252e-09,1.419971002710027e-07,2.5657881478361252e-09,9.238489999999999e-07,9.238489999999999e-07,1.419971002710027e-07,False,False,False,0,False,,,-2.1088273556039288,3.0,False,False,,,weekly,10.0,sigma,computed,/home/lkoo/projects/AutomationDetection/DownloadedLC/incremental/quiescent_background_cache.csv,,,,,,False,not_in_flare_streak
4FGL J1332.0-0509,327,328,59611.00001157408,1.64e-07,5.15e-08,6.21e-08,1.5265706989247312e-07,1.419971002710027e-07,2.5657881478361252e-09,1.419971002710027e-07,2.5657881478361252e-09,9.238489999999999e-07,9.238489999999999e-07,1.419971002710027e-07,True,True,False,0,False,,,0.4267115197412105,3.0,False,False,,,weekly,10.0,sigma,computed,/home/lkoo/projects/AutomationDetection/DownloadedLC/incremental/quiescent_background_cache.csv,,,,,,False,not_in_flare_streak
4FGL J1332.0-0509,328,329,59618.00001157408,1.97e-07,6.91e-08,1.64e-07,1.5265706989247312e-07,1.419971002710027e-07,2.5657881478361252e-09,1.419971002710027e-07,2.5657881478361252e-09,9.238489999999999e-07,9.238489999999999e-07,1.419971002710027e-07,True,True,False,0,False,,,0.7954416971329056,3.0,False,False,,,weekly,10.0,sigma,computed,/home/lkoo/projects/AutomationDetection/DownloadedLC/incremental/quiescent_background_cache.csv,,,,,,False,not_in_flare_streak
4FGL J1332.0-0509,329,330,59625.00001157408,6.15e-08,5.22e-08,1.97e-07,1.5265706989247312e-07,1.419971002710027e-07,2.5657881478361252e-09,1.419971002710027e-07,2.5657881478361252e-09,9.238489999999999e-07,9.238489999999999e-07,1.419971002710027e-07,False,False,False,0,False,,,-1.5402305518122725,3.0,False,False,,,weekly,10.0,sigma,computed,/home/lkoo/projects/AutomationDetection/DownloadedLC/incremental/quiescent_background_cache.csv,,,,,,False,not_in_flare_streak
4FGL J1332.0-0509,330,331,59632.00001157408,1.36e-07,5.82e-08,6.15e-08,1.5265706989247312e-07,1.419971002710027e-07,2.5657881478361252e-09,1.419971002710027e-07,2.5657881478361252e-09,9.238489999999999e-07,9.238489999999999e-07,1.419971002710027e-07,True,False,False,0,False,,,-0.10294297115931787,3.0,False,False,,,weekly,10.0,sigma,computed,/home/lkoo/projects/AutomationDetection/DownloadedLC/incremental/quiescent_background_cache.csv,,,,,,False,not_in_flare_streak
4FGL J1332.0-0509,331,332,59639.00001157408,5.37e-08,3.54e-08,1.36e-07,1.5265706989247312e-07,1.419971002710027e-07,2.5657881478361252e-09,1.419971002710027e-07,2.5657881478361252e-09,9.238489999999999e-07,9.238489999999999e-07,1.419971002710027e-07,False,False,False,0,False,,,-2.487742456916529,3.0,False,False,,,weekly,10.0,sigma,computed,/home/lkoo/projects/AutomationDetection/DownloadedLC/incremental/quiescent_background_cache.csv,,,,,,False,not_in_flare_streak
4FGL J1332.0-0509,332,333,59653.00001157408,5.55e-08,3.51e-08,5.37e-08,1.5265706989247312e-07,1.419971002710027e-07,2.5657881478361252e-09,1.419971002710027e-07,2.5657881478361252e-09,9.238489999999999e-07,9.238489999999999e-07,1.419971002710027e-07,True,False,False,0,False,,,-2.457747090618964,3.0,False,False,,,weekly,10.0,sigma,computed,/home/lkoo/projects/AutomationDetection/DownloadedLC/incremental/quiescent_background_cache.csv,,,,,,False,not_in_flare_streak
4FGL J1332.0-0509,333,334,59674.00001157408,1.02e-07,9e-08,5.55e-08,1.5265706989247312e-07,1.419971002710027e-07,2.5657881478361252e-09,1.419971002710027e-07,2.5657881478361252e-09,9.238489999999999e-07,9.238489999999999e-07,1.419971002710027e-07,True,False,False,0,False,,,-0.4442317373959465,3.0,False,False,,,weekly,10.0,sigma,computed,/home/lkoo/projects/AutomationDetection/DownloadedLC/incremental/quiescent_background_cache.csv,,,,,,False,not_in_flare_streak
4FGL J1332.0-0509,334,335,59786.00001157408,4.13e-08,2.56e-08,1.02e-07,1.5265706989247312e-07,1.419971002710027e-07,2.5657881478361252e-09,1.419971002710027e-07,2.5657881478361252e-09,9.238489999999999e-07,9.238489999999999e-07,1.419971002710027e-07,False,False,False,0,False,,,-3.913871649548123,3.0,False,False,,,weekly,10.0,sigma,computed,/home/lkoo/projects/AutomationDetection/DownloadedLC/incremental/quiescent_background_cache.csv,,,,,,False,not_in_flare_streak
4FGL J1332.0-0509,335,336,59821.00001157408,8.52e-08,5.58e-08,4.13e-08,1.5265706989247312e-07,1.419971002710027e-07,2.5657881478361252e-09,1.419971002710027e-07,2.5657881478361252e-09,9.238489999999999e-07,9.238489999999999e-07,1.419971002710027e-07,True,False,False,0,False,,,-1.0167948271273732,3.0,False,False,,,weekly,10.0,sigma,computed,/home/lkoo/projects/AutomationDetection/DownloadedLC/incremental/quiescent_background_cache.csv,,,,,,False,not_in_flare_streak
4FGL J1332.0-0509,336,337,59870.00001157408,1.31e-07,6.27e-08,8.52e-08,1.5265706989247312e-07,1.419971002710027e-07,2.5657881478361252e-09,1.419971002710027e-07,2.5657881478361252e-09,9.238489999999999e-07,9.238489999999999e-07,1.419971002710027e-07,True,False,False,0,False,,,-0.17524567853751052,3.0,False,False,,,weekly,10.0,sigma,computed,/home/lkoo/projects/AutomationDetection/DownloadedLC/incremental/quiescent_background_cache.csv,,,,,,False,not_in_flare_streak
4FGL J1332.0-0509,337,338,59926.00001157408,9.46e-08,4.4e-08,1.31e-07,1.5265706989247312e-07,1.419971002710027e-07,2.5657881478361252e-09,1.419971002710027e-07,2.5657881478361252e-09,9.238489999999999e-07,9.238489999999999e-07,1.419971002710027e-07,False,False,False,0,False,,,-1.0753799887579112,3.0,False,False,,,weekly,10.0,sigma,computed,/home/lkoo/projects/AutomationDetection/DownloadedLC/incremental/quiescent_background_cache.csv,,,,,,False,not_in_flare_streak
4FGL J1332.0-0509,338,339,59954.00001157408,9.71e-08,4.11e-08,9.46e-08,1.5265706989247312e-07,1.419971002710027e-07,2.5657881478361252e-09,1.419971002710027e-07,2.5657881478361252e-09,9.238489999999999e-07,9.238489999999999e-07,1.419971002710027e-07,True,False,False,0,False,,,-1.0902644188866615,3.0,False,False,,,weekly,10.0,sigma,computed,/home/lkoo/projects/AutomationDetection/DownloadedLC/incremental/quiescent_background_cache.csv,,,,,,False,not_in_flare_streak
4FGL J1332.0-0509,339,340,59975.00001157408,6.12e-08,4.13e-08,9.71e-08,1.5265706989247312e-07,1.419971002710027e-07,2.5657881478361252e-09,1.419971002710027e-07,2.5657881478361252e-09,9.238489999999999e-07,9.238489999999999e-07,1.419971002710027e-07,False,False,False,0,False,,,-1.9525817970451655,3.0,False,False,,,weekly,10.0,sigma,computed,/home/lkoo/projects/AutomationDetection/DownloadedLC/incremental/quiescent_background_cache.csv,,,,,,False,not_in_flare_streak
4FGL J1332.0-0509,340,341,59982.00001157408,1.17e-07,4.27e-08,6.12e-08,1.5265706989247312e-07,1.419971002710027e-07,2.5657881478361252e-09,1.419971002710027e-07,2.5657881478361252e-09,9.238489999999999e-07,9.238489999999999e-07,1.419971002710027e-07,True,False,False,0,False,,,-0.584358177375665,3.0,False,False,,,weekly,10.0,sigma,computed,/home/lkoo/projects/AutomationDetection/DownloadedLC/incremental/quiescent_background_cache.csv,,,,,,False,not_in_flare_streak
4FGL J1332.0-0509,341,342,59996.00001157408,8.22e-08,6.89e-08,1.17e-07,1.5265706989247312e-07,1.419971002710027e-07,2.5657881478361252e-09,1.419971002710027e-07,2.5657881478361252e-09,9.238489999999999e-07,9.238489999999999e-07,1.419971002710027e-07,False,False,False,0,False,,,-0.8672812925415877,3.0,False,False,,,weekly,10.0,sigma,computed,/home/lkoo/projects/AutomationDetection/DownloadedLC/incremental/quiescent_background_cache.csv,,,,,,False,not_in_flare_streak
4FGL J1332.0-0509,342,343,60003.00001157408,4.08e-08,3.85e-08,8.22e-08,1.5265706989247312e-07,1.419971002710027e-07,2.5657881478361252e-09,1.419971002710027e-07,2.5657881478361252e-09,9.238489999999999e-07,9.238489999999999e-07,1.419971002710027e-07,False,False,False,0,False,,,-2.6226783783800807,3.0,False,False,,,weekly,10.0,sigma,computed,/home/lkoo/projects/AutomationDetection/DownloadedLC/incremental/quiescent_background_cache.csv,,,,,,False,not_in_flare_streak
4FGL J1332.0-0509,343,344,60010.00001157408,1.03e-07,3.72e-08,4.08e-08,1.5265706989247312e-07,1.419971002710027e-07,2.5657881478361252e-09,1.419971002710027e-07,2.5657881478361252e-09,9.238489999999999e-07,9.238489999999999e-07,1.419971002710027e-07,True,False,False,0,False,,,-1.0458244758877573,3.0,False,False,,,weekly,10.0,sigma,computed,/home/lkoo/projects/AutomationDetection/DownloadedLC/incremental/quiescent_background_cache.csv,,,,,,False,not_in_flare_streak
4FGL J1332.0-0509,344,345,60017.00001157408,2.46e-07,5.6e-08,1.03e-07,1.5265706989247312e-07,1.419971002710027e-07,2.5657881478361252e-09,1.419971002710027e-07,2.5657881478361252e-09,9.238489999999999e-07,9.238489999999999e-07,1.419971002710027e-07,True,True,False,0,False,,,1.8552483377333568,3.0,False,False,,,weekly,10.0,sigma,computed,/home/lkoo/projects/AutomationDetection/DownloadedLC/incremental/quiescent_background_cache.csv,,,,,,False,not_in_flare_streak
4FGL J1332.0-0509,345,346,60024.00001157408,3.97e-08,3.59e-08,2.46e-07,1.5265706989247312e-07,1.419971002710027e-07,2.5657881478361252e-09,1.419971002710027e-07,2.5657881478361252e-09,9.238489999999999e-07,9.238489999999999e-07,1.419971002710027e-07,False,False,False,0,False,,,-2.8422515061739624,3.0,False,False,,,weekly,10.0,sigma,computed,/home/lkoo/projects/AutomationDetection/DownloadedLC/incremental/quiescent_background_cache.csv,,,,,,False,not_in_flare_streak
4FGL J1332.0-0509,346,347,60031.00001157408,9.61e-08,5.18e-08,3.97e-08,1.5265706989247312e-07,1.419971002710027e-07,2.5657881478361252e-09,1.419971002710027e-07,2.5657881478361252e-09,9.238489999999999e-07,9.238489999999999e-07,1.419971002710027e-07,True,False,False,0,False,,,-0.884959457808143,3.0,False,False,,,weekly,10.0,sigma,computed,/home/lkoo/projects/AutomationDetection/DownloadedLC/incremental/quiescent_background_cache.csv,,,,,,False,not_in_flare_streak
4FGL J1332.0-0509,347,348,60045.00001157408,2.48e-07,5.93e-08,9.61e-08,1.5265706989247312e-07,1.419971002710027e-07,2.5657881478361252e-09,1.419971002710027e-07,2.5657881478361252e-09,9.238489999999999e-07,9.238489999999999e-07,1.419971002710027e-07,True,True,False,0,False,,,1.7858990572660152,3.0,False,False,,,weekly,10.0,sigma,computed,/home/lkoo/projects/AutomationDetection/DownloadedLC/incremental/quiescent_background_cache.csv,,,,,,False,not_in_flare_streak
4FGL J1332.0-0509,348,349,60052.00001157408,1.84e-07,6.99e-08,2.48e-07,1.5265706989247312e-07,1.419971002710027e-07,2.5657881478361252e-09,1.419971002710027e-07,2.5657881478361252e-09,9.238489999999999e-07,9.238489999999999e-07,1.419971002710027e-07,False,True,False,0,False,,,0.6004954441250115,3.0,False,False,,,weekly,10.0,sigma,computed,/home/lkoo/projects/AutomationDetection/DownloadedLC/incremental/quiescent_background_cache.csv,,,,,,False,not_in_flare_streak
4FGL J1332.0-0509,349,350,60094.00001157408,1.49e-07,5.61e-08,1.84e-07,1.5265706989247312e-07,1.419971002710027e-07,2.5657881478361252e-09,1.419971002710027e-07,2.5657881478361252e-09,9.238489999999999e-07,9.238489999999999e-07,1.419971002710027e-07,False,True,False,0,False,,,0.12469851941374716,3.0,False,False,,,weekly,10.0,sigma,computed,/home/lkoo/projects/AutomationDetection/DownloadedLC/incremental/quiescent_background_cache.csv,,,,,,False,not_in_flare_streak
4FGL J1332.0-0509,350,351,60108.00001157408,5.64e-08,4.58e-08,1.49e-07,1.5265706989247312e-07,1.419971002710027e-07,2.5657881478361252e-09,1.419971002710027e-07,2.5657881478361252e-09,9.238489999999999e-07,9.238489999999999e-07,1.419971002710027e-07,False,False,False,0,False,,,-1.8660064610672036,3.0,False,False,,,weekly,10.0,sigma,computed,/home/lkoo/projects/AutomationDetection/DownloadedLC/incremental/quiescent_background_cache.csv,,,,,,False,not_in_flare_streak
4FGL J1332.0-0509,351,352,60143.00001157408,7.46e-08,4.38e-08,5.64e-08,1.5265706989247312e-07,1.419971002710027e-07,2.5657881478361252e-09,1.419971002710027e-07,2.5657881478361252e-09,9.238489999999999e-07,9.238489999999999e-07,1.419971002710027e-07,True,False,False,0,False,,,-1.536113195709782,3.0,False,False,,,weekly,10.0,sigma,computed,/home/lkoo/projects/AutomationDetection/DownloadedLC/incremental/quiescent_background_cache.csv,,,,,,False,not_in_flare_streak
4FGL J1332.0-0509,352,353,60150.00001157408,8.4e-08,6.32e-08,7.46e-08,1.5265706989247312e-07,1.419971002710027e-07,2.5657881478361252e-09,1.419971002710027e-07,2.5657881478361252e-09,9.238489999999999e-07,9.238489999999999e-07,1.419971002710027e-07,True,False,False,0,False,,,-0.9169203185738232,3.0,False,False,,,weekly,10.0,sigma,computed,/home/lkoo/projects/AutomationDetection/DownloadedLC/incremental/quiescent_background_cache.csv,,,,,,False,not_in_flare_streak
4FGL J1332.0-0509,353,354,60178.00001157408,1.37e-07,4.46e-08,8.4e-08,1.5265706989247312e-07,1.419971002710027e-07,2.5657881478361252e-09,1.419971002710027e-07,2.5657881478361252e-09,9.238489999999999e-07,9.238489999999999e-07,1.419971002710027e-07,True,False,False,0,False,,,-0.11185765936610043,3.0,False,False,,,weekly,10.0,sigma,computed,/home/lkoo/projects/AutomationDetection/DownloadedLC/incremental/quiescent_background_cache.csv,,,,,,False,not_in_flare_streak
4FGL J1332.0-0509,354,355,60311.00001157408,8.86e-08,4.04e-08,1.37e-07,1.5265706989247312e-07,1.419971002710027e-07,2.5657881478361252e-09,1.419971002710027e-07,2.5657881478361252e-09,9.238489999999999e-07,9.238489999999999e-07,1.419971002710027e-07,False,False,False,0,False,,,-1.3190528994702773,3.0,False,False,,,weekly,10.0,sigma,computed,/home/lkoo/projects/AutomationDetection/DownloadedLC/incremental/quiescent_background_cache.csv,,,,,,False,not_in_flare_streak
4FGL J1332.0-0509,355,356,60318.00001157408,9.04e-08,3.61e-08,8.86e-08,1.5265706989247312e-07,1.419971002710027e-07,2.5657881478361252e-09,1.419971002710027e-07,2.5657881478361252e-09,9.238489999999999e-07,9.238489999999999e-07,1.419971002710027e-07,True,False,False,0,False,,,-1.4256861088909263,3.0,False,False,,,weekly,10.0,sigma,computed,/home/lkoo/projects/AutomationDetection/DownloadedLC/incremental/quiescent_background_cache.csv,,,,,,False,not_in_flare_streak
4FGL J1332.0-0509,356,357,60416.00001157408,6.73e-08,4.3e-08,9.04e-08,1.5265706989247312e-07,1.419971002710027e-07,2.5657881478361252e-09,1.419971002710027e-07,2.5657881478361252e-09,9.238489999999999e-07,9.238489999999999e-07,1.419971002710027e-07,False,False,False,0,False,,,-1.7340575984990876,3.0,False,False,,,weekly,10.0,sigma,computed,/home/lkoo/projects/AutomationDetection/DownloadedLC/incremental/quiescent_background_cache.csv,,,,,,False,not_in_flare_streak
4FGL J1332.0-0509,357,358,60444.00001157408,8.06e-08,4.3e-08,6.73e-08,1.5265706989247312e-07,1.419971002710027e-07,2.5657881478361252e-09,1.419971002710027e-07,2.5657881478361252e-09,9.238489999999999e-07,9.238489999999999e-07,1.419971002710027e-07,True,False,False,0,False,,,-1.4253044343686876,3.0,False,False,,,weekly,10.0,sigma,computed,/home/lkoo/projects/AutomationDetection/DownloadedLC/incremental/quiescent_background_cache.csv,,,,,,False,not_in_flare_streak
4FGL J1332.0-0509,358,359,60451.00001157408,1.38e-07,5.6e-08,8.06e-08,1.5265706989247312e-07,1.419971002710027e-07,2.5657881478361252e-09,1.419971002710027e-07,2.5657881478361252e-09,9.238489999999999e-07,9.238489999999999e-07,1.419971002710027e-07,True,False,False,0,False,,,-0.07130198920274684,3.0,False,False,,,weekly,10.0,sigma,computed,/home/lkoo/projects/AutomationDetection/DownloadedLC/incremental/quiescent_background_cache.csv,,,,,,False,not_in_flare_streak
4FGL J1332.0-0509,359,360,60465.00001157408,5.85e-08,3.77e-08,1.38e-07,1.5265706989247312e-07,1.419971002710027e-07,2.5657881478361252e-09,1.419971002710027e-07,2.5657881478361252e-09,9.238489999999999e-07,9.238489999999999e-07,1.419971002710027e-07,False,False,False,0,False,,,-2.2096656359706848,3.0,False,False,,,weekly,10.0,sigma,computed,/home/lkoo/projects/AutomationDetection/DownloadedLC/incremental/quiescent_background_cache.csv,,,,,,False,not_in_flare_streak
4FGL J1332.0-0509,360,361,60479.00001157408,3.58e-08,3.15e-08,5.85e-08,1.5265706989247312e-07,1.419971002710027e-07,2.5657881478361252e-09,1.419971002710027e-07,2.5657881478361252e-09,9.238489999999999e-07,9.238489999999999e-07,1.419971002710027e-07,False,False,False,0,False,,,-3.3602079794267574,3.0,False,False,,,weekly,10.0,sigma,computed,/home/lkoo/projects/AutomationDetection/DownloadedLC/incremental/quiescent_background_cache.csv,,,,,,False,not_in_flare_streak
4FGL J1332.0-0509,361,362,60528.00001157408,4.07e-09,2.65e-09,3.58e-08,1.5265706989247312e-07,1.419971002710027e-07,2.5657881478361252e-09,1.419971002710027e-07,2.5657881478361252e-09,9.238489999999999e-07,9.238489999999999e-07,1.419971002710027e-07,False,False,False,0,False,,,-37.39280649879823,3.0,False,False,,,weekly,10.0,sigma,computed,/home/lkoo/projects/AutomationDetection/DownloadedLC/incremental/quiescent_background_cache.csv,,,,,,False,not_in_flare_streak
4FGL J1332.0-0509,362,363,60549.00001157408,5.91e-08,3.65e-08,4.07e-09,1.5265706989247312e-07,1.419971002710027e-07,2.5657881478361252e-09,1.419971002710027e-07,2.5657881478361252e-09,9.238489999999999e-07,9.238489999999999e-07,1.419971002710027e-07,True,False,False,0,False,,,-2.2655627289113127,3.0,False,False,,,weekly,10.0,sigma,computed,/home/lkoo/projects/AutomationDetection/DownloadedLC/incremental/quiescent_background_cache.csv,,,,,,False,not_in_flare_streak
4FGL J1332.0-0509,363,364,60619.00001157408,7.04e-08,4.21e-08,5.91e-08,1.5265706989247312e-07,1.419971002710027e-07,2.5657881478361252e-09,1.419971002710027e-07,2.5657881478361252e-09,9.238489999999999e-07,9.238489999999999e-07,1.419971002710027e-07,True,False,False,0,False,,,-1.6974941295492108,3.0,False,False,,,weekly,10.0,sigma,computed,/home/lkoo/projects/AutomationDetection/DownloadedLC/incremental/quiescent_background_cache.csv,,,,,,False,not_in_flare_streak
4FGL J1332.0-0509,364,365,60661.00001157408,9.12e-08,5.72e-08,7.04e-08,1.5265706989247312e-07,1.419971002710027e-07,2.5657881478361252e-09,1.419971002710027e-07,2.5657881478361252e-09,9.238489999999999e-07,9.238489999999999e-07,1.419971002710027e-07,True,False,False,0,False,,,-0.8871691056474996,3.0,False,False,,,weekly,10.0,sigma,computed,/home/lkoo/projects/AutomationDetection/DownloadedLC/incremental/quiescent_background_cache.csv,,,,,,False,not_in_flare_streak
4FGL J1332.0-0509,365,366,60675.00001157408,1.37e-07,7.8e-08,9.12e-08,1.5265706989247312e-07,1.419971002710027e-07,2.5657881478361252e-09,1.419971002710027e-07,2.5657881478361252e-09,9.238489999999999e-07,9.238489999999999e-07,1.419971002710027e-07,True,False,False,0,False,,,-0.06403075481377578,3.0,False,False,,,weekly,10.0,sigma,computed,/home/lkoo/projects/AutomationDetection/DownloadedLC/incremental/quiescent_background_cache.csv,,,,,,False,not_in_flare_streak
4FGL J1332.0-0509,366,367,60682.00001157408,8.9e-08,3.66e-08,1.37e-07,1.5265706989247312e-07,1.419971002710027e-07,2.5657881478361252e-09,1.419971002710027e-07,2.5657881478361252e-09,9.238489999999999e-07,9.238489999999999e-07,1.419971002710027e-07,False,False,False,0,False,,,-1.4444631466208093,3.0,False,False,,,weekly,10.0,sigma,computed,/home/lkoo/projects/AutomationDetection/DownloadedLC/incremental/quiescent_background_cache.csv,,,,,,False,not_in_flare_streak
4FGL J1332.0-0509,367,368,60738.00001157408,8.14e-08,4.94e-08,8.9e-08,1.5265706989247312e-07,1.419971002710027e-07,2.5657881478361252e-09,1.419971002710027e-07,2.5657881478361252e-09,9.238489999999999e-07,9.238489999999999e-07,1.419971002710027e-07,False,False,False,0,False,,,-1.2250107286208207,3.0,False,False,,,weekly,10.0,sigma,computed,/home/lkoo/projects/AutomationDetection/DownloadedLC/incremental/quiescent_background_cache.csv,,,,,,False,not_in_flare_streak
4FGL J1332.0-0509,368,369,60808.00001157408,2.83e-07,7.79e-08,8.14e-08,1.5265706989247312e-07,1.419971002710027e-07,2.5657881478361252e-09,1.419971002710027e-07,2.5657881478361252e-09,9.238489999999999e-07,9.238489999999999e-07,1.419971002710027e-07,True,True,False,0,False,,,1.809069049237714,3.0,False,False,,,weekly,10.0,sigma,computed,/home/lkoo/projects/AutomationDetection/DownloadedLC/incremental/quiescent_background_cache.csv,,,,,,False,not_in_flare_streak
4FGL J1332.0-0509,369,370,60815.00001157408,6.99e-08,4.07e-08,2.83e-07,1.5265706989247312e-07,1.419971002710027e-07,2.5657881478361252e-09,1.419971002710027e-07,2.5657881478361252e-09,9.238489999999999e-07,9.238489999999999e-07,1.419971002710027e-07,False,False,False,0,False,,,-1.7679179541337617,3.0,False,False,,,weekly,10.0,sigma,computed,/home/lkoo/projects/AutomationDetection/DownloadedLC/incremental/quiescent_background_cache.csv,,,,,,False,not_in_flare_streak
4FGL J1332.0-0509,370,371,60843.00001157408,1.16e-07,4.24e-08,6.99e-08,1.5265706989247312e-07,1.419971002710027e-07,2.5657881478361252e-09,1.419971002710027e-07,2.5657881478361252e-09,9.238489999999999e-07,9.238489999999999e-07,1.419971002710027e-07,True,False,False,0,False,,,-0.6120195952973986,3.0,False,False,,,weekly,10.0,sigma,computed,/home/lkoo/projects/AutomationDetection/DownloadedLC/incremental/quiescent_background_cache.csv,,,,,,False,not_in_flare_streak
4FGL J1332.0-0509,371,372,60850.00001157408,6.15e-08,2.43e-08,1.16e-07,1.5265706989247312e-07,1.419971002710027e-07,2.5657881478361252e-09,1.419971002710027e-07,2.5657881478361252e-09,9.238489999999999e-07,9.238489999999999e-07,1.419971002710027e-07,False,False,False,0,False,,,-3.294324848689986,3.0,False,False,,,weekly,10.0,sigma,computed,/home/lkoo/projects/AutomationDetection/DownloadedLC/incremental/quiescent_background_cache.csv,,,,,,False,not_in_flare_streak
