Name,previous_bin_count,current_bin_count,new_point_mjd,new_point_flux,new_point_flux_error,previous_point_flux,average_flux_full_series,previous_quiescent_background,previous_quiescent_background_error,current_quiescent_background,current_quiescent_background_error,previous_detection_threshold,current_detection_threshold,flare_flux_threshold,above_previous_flux,above_flare_flux_threshold,potential_flare_point,consecutive_potential_flare_points,flare_active,flare_start_mjd,flare_end_mjd,confirmed_sigma_delta,confirmed_sigma_threshold,confirmed_start_trigger,confirmed_flare_active,confirmed_flare_start_mjd,confirmed_flare_end_mjd,cadence,lookback_weeks,detection_method,quiescent_background_origin,quiescent_background_cache_path,flare_duration_seconds,streak_mean_flux,source_counts_0p2_5MeV,background_counts,mdp99_percent,mdp99_available,mdp99_reason
4FGL J0538.8-4405,1,2,54690.00001157408,4.5e-07,5.37e-08,3.09e-07,1.9663055489964582e-07,1.371547932618683e-07,1.3662529373152041e-09,1.371547932618683e-07,1.3662529373152041e-09,2.58542e-07,2.58542e-07,1.371547932618683e-07,True,True,False,0,False,,,5.823910645131356,3.0,True,True,54690.00001157408,54690.00001157408,weekly,10.0,sigma,computed,/home/lkoo/projects/AutomationDetection/DownloadedLC/incremental/quiescent_background_cache.csv,,,,,,False,not_in_flare_streak
4FGL J0538.8-4405,2,3,54697.00001157408,2.28e-07,4.4e-08,4.5e-07,1.9663055489964582e-07,1.371547932618683e-07,1.3662529373152041e-09,1.371547932618683e-07,1.3662529373152041e-09,2.58542e-07,2.58542e-07,1.371547932618683e-07,False,True,False,0,False,,,2.0636691578046515,3.0,False,True,54690.00001157408,54697.00001157408,weekly,10.0,sigma,computed,/home/lkoo/projects/AutomationDetection/DownloadedLC/incremental/quiescent_background_cache.csv,,,,,,False,not_in_flare_streak
4FGL J0538.8-4405,3,4,54704.00001157408,4.06e-07,5.26e-08,2.28e-07,1.9663055489964582e-07,1.371547932618683e-07,1.3662529373152041e-09,1.371547932618683e-07,1.3662529373152041e-09,2.58542e-07,2.58542e-07,1.371547932618683e-07,True,True,False,0,False,,,5.109402316428869,3.0,True,True,54690.00001157408,54704.00001157408,weekly,10.0,sigma,computed,/home/lkoo/projects/AutomationDetection/DownloadedLC/incremental/quiescent_background_cache.csv,,,,,,False,not_in_flare_streak
4FGL J0538.8-4405,4,5,54711.00001157408,4.43e-07,5.5e-08,4.06e-07,1.9663055489964582e-07,1.371547932618683e-07,1.3662529373152041e-09,1.371547932618683e-07,1.3662529373152041e-09,2.58542e-07,2.58542e-07,1.371547932618683e-07,True,True,False,0,False,,,5.559107016627796,3.0,True,True,54690.00001157408,54711.00001157408,weekly,10.0,sigma,computed,/home/lkoo/projects/AutomationDetection/DownloadedLC/incremental/quiescent_background_cache.csv,,,,,,False,not_in_flare_streak
4FGL J0538.8-4405,5,6,54718.00001157408,5.49e-07,5.29e-08,4.43e-07,1.9663055489964582e-07,1.371547932618683e-07,1.3662529373152041e-09,1.371547932618683e-07,1.3662529373152041e-09,2.58542e-07,2.58542e-07,1.371547932618683e-07,True,True,False,0,False,,,7.782758357689469,3.0,True,True,54690.00001157408,54718.00001157408,weekly,10.0,sigma,computed,/home/lkoo/projects/AutomationDetection/DownloadedLC/incremental/quiescent_background_cache.csv,,,,,,False,not_in_flare_streak
4FGL J0538.8-4405,6,7,54725.00001157408,3.76e-07,4.69e-08,5.49e-07,1.9663055489964582e-07,1.371547932618683e-07,1.3662529373152041e-09,1.371547932618683e-07,1.3662529373152041e-09,2.58542e-07,2.58542e-07,1.371547932618683e-07,False,True,False,0,False,,,5.090488827786343,3.0,True,True,54690.00001157408,54725.00001157408,weekly,10.0,sigma,computed,/home/lkoo/projects/AutomationDetection/DownloadedLC/incremental/quiescent_background_cache.csv,,,,,,False,not_in_flare_streak
4FGL J0538.8-4405,7,8,54732.00001157408,4.24e-07,4.62e-08,3.76e-07,1.9663055489964582e-07,1.371547932618683e-07,1.3662529373152041e-09,1.371547932618683e-07,1.3662529373152041e-09,2.58542e-07,2.58542e-07,1.371547932618683e-07,True,True,False,0,False,,,6.206057587690708,3.0,True,True,54690.00001157408,54732.00001157408,weekly,10.0,sigma,computed,/home/lkoo/projects/AutomationDetection/DownloadedLC/incremental/quiescent_background_cache.csv,,,,,,False,not_in_flare_streak
4FGL J0538.8-4405,8,9,54739.00001157408,5.33e-07,5.49e-08,4.24e-07,1.9663055489964582e-07,1.371547932618683e-07,1.3662529373152041e-09,1.371547932618683e-07,1.3662529373152041e-09,2.58542e-07,2.58542e-07,1.371547932618683e-07,True,True,False,0,False,,,7.208063488792469,3.0,True,True,54690.00001157408,54739.00001157408,weekly,10.0,sigma,computed,/home/lkoo/projects/AutomationDetection/DownloadedLC/incremental/quiescent_background_cache.csv,,,,,,False,not_in_flare_streak
4FGL J0538.8-4405,9,10,54746.00001157408,4.12e-07,5.34e-08,5.33e-07,1.9663055489964582e-07,1.371547932618683e-07,1.3662529373152041e-09,1.371547932618683e-07,1.3662529373152041e-09,2.58542e-07,2.58542e-07,1.371547932618683e-07,False,True,False,0,False,,,5.145230211162591,3.0,True,True,54690.00001157408,54746.00001157408,weekly,10.0,sigma,computed,/home/lkoo/projects/AutomationDetection/DownloadedLC/incremental/quiescent_background_cache.csv,,,,,,False,not_in_flare_streak
4FGL J0538.8-4405,10,11,54753.00001157408,5.34e-07,6.11e-08,4.12e-07,1.9663055489964582e-07,1.371547932618683e-07,1.3662529373152041e-09,1.371547932618683e-07,1.3662529373152041e-09,2.58542e-07,2.58542e-07,1.371547932618683e-07,True,True,False,0,False,,,6.493388386085488,3.0,True,True,54690.00001157408,54753.00001157408,weekly,10.0,sigma,computed,/home/lkoo/projects/AutomationDetection/DownloadedLC/incremental/quiescent_background_cache.csv,,,,,,False,not_in_flare_streak
4FGL J0538.8-4405,11,12,54760.00001157408,3.47e-07,5.72e-08,5.34e-07,1.9663055489964582e-07,1.371547932618683e-07,1.3662529373152041e-09,1.371547932618683e-07,1.3662529373152041e-09,2.58542e-07,2.58542e-07,1.371547932618683e-07,False,True,False,0,False,,,3.667576433466354,3.0,True,True,54690.00001157408,54760.00001157408,weekly,10.0,sigma,computed,/home/lkoo/projects/AutomationDetection/DownloadedLC/incremental/quiescent_background_cache.csv,,,,,,False,not_in_flare_streak
4FGL J0538.8-4405,12,13,54767.00001157408,4.4e-07,5.11e-08,3.47e-07,1.9663055489964582e-07,1.371547932618683e-07,1.3662529373152041e-09,1.371547932618683e-07,1.3662529373152041e-09,2.58542e-07,2.58542e-07,1.371547932618683e-07,True,True,False,0,False,,,5.9244035013936465,3.0,True,True,54690.00001157408,54767.00001157408,weekly,10.0,sigma,computed,/home/lkoo/projects/AutomationDetection/DownloadedLC/incremental/quiescent_background_cache.csv,,,,,,False,not_in_flare_streak
4FGL J0538.8-4405,13,14,54774.00001157408,3.71e-07,4.65e-08,4.4e-07,1.9663055489964582e-07,1.371547932618683e-07,1.3662529373152041e-09,1.371547932618683e-07,1.3662529373152041e-09,2.58542e-07,2.58542e-07,1.371547932618683e-07,False,True,False,0,False,,,5.026759871475024,3.0,True,True,54690.00001157408,54774.00001157408,weekly,10.0,sigma,computed,/home/lkoo/projects/AutomationDetection/DownloadedLC/incremental/quiescent_background_cache.csv,,,,,,False,not_in_flare_streak
4FGL J0538.8-4405,14,15,54781.00001157408,1.93e-07,3.5e-08,3.71e-07,1.9663055489964582e-07,1.371547932618683e-07,1.3662529373152041e-09,1.371547932618683e-07,1.3662529373152041e-09,2.58542e-07,2.58542e-07,1.371547932618683e-07,False,True,False,0,False,,,1.594363057710899,3.0,False,True,54690.00001157408,54781.00001157408,weekly,10.0,sigma,computed,/home/lkoo/projects/AutomationDetection/DownloadedLC/incremental/quiescent_background_cache.csv,,,,,,False,not_in_flare_streak
4FGL J0538.8-4405,15,16,54788.00001157408,3.93e-07,4.8e-08,1.93e-07,1.9663055489964582e-07,1.371547932618683e-07,1.3662529373152041e-09,1.371547932618683e-07,1.3662529373152041e-09,2.58542e-07,2.58542e-07,1.371547932618683e-07,True,True,False,0,False,,,5.327950619990214,3.0,True,True,54690.00001157408,54788.00001157408,weekly,10.0,sigma,computed,/home/lkoo/projects/AutomationDetection/DownloadedLC/incremental/quiescent_background_cache.csv,,,,,,False,not_in_flare_streak
4FGL J0538.8-4405,16,17,54795.00001157408,4.56e-07,5.04e-08,3.93e-07,1.9663055489964582e-07,1.371547932618683e-07,1.3662529373152041e-09,1.371547932618683e-07,1.3662529373152041e-09,2.58542e-07,2.58542e-07,1.371547932618683e-07,True,True,False,0,False,,,6.3239706132175915,3.0,True,True,54690.00001157408,54795.00001157408,weekly,10.0,sigma,computed,/home/lkoo/projects/AutomationDetection/DownloadedLC/incremental/quiescent_background_cache.csv,,,,,,False,not_in_flare_streak
4FGL J0538.8-4405,17,18,54802.00001157408,2.31e-07,4.51e-08,4.56e-07,1.9663055489964582e-07,1.371547932618683e-07,1.3662529373152041e-09,1.371547932618683e-07,1.3662529373152041e-09,2.58542e-07,2.58542e-07,1.371547932618683e-07,False,True,False,0,False,,,2.0798708347711465,3.0,False,True,54690.00001157408,54802.00001157408,weekly,10.0,sigma,computed,/home/lkoo/projects/AutomationDetection/DownloadedLC/incremental/quiescent_background_cache.csv,,,,,,False,not_in_flare_streak
4FGL J0538.8-4405,18,19,54809.00001157408,2.42e-07,4.88e-08,2.31e-07,1.9663055489964582e-07,1.371547932618683e-07,1.3662529373152041e-09,1.371547932618683e-07,1.3662529373152041e-09,2.58542e-07,2.58542e-07,1.371547932618683e-07,True,True,False,0,False,,,2.1476258279448293,3.0,False,True,54690.00001157408,54809.00001157408,weekly,10.0,sigma,computed,/home/lkoo/projects/AutomationDetection/DownloadedLC/incremental/quiescent_background_cache.csv,,,,,,False,not_in_flare_streak
4FGL J0538.8-4405,19,20,54816.00001157408,2.8e-07,4.77e-08,2.42e-07,1.9663055489964582e-07,1.371547932618683e-07,1.3662529373152041e-09,1.371547932618683e-07,1.3662529373152041e-09,2.58542e-07,2.58542e-07,1.371547932618683e-07,True,True,False,0,False,,,2.993430769165638,3.0,False,True,54690.00001157408,54816.00001157408,weekly,10.0,sigma,computed,/home/lkoo/projects/AutomationDetection/DownloadedLC/incremental/quiescent_background_cache.csv,,,,,,False,not_in_flare_streak
4FGL J0538.8-4405,20,21,54823.00001157408,3.1e-07,4.84e-08,2.8e-07,1.9663055489964582e-07,1.371547932618683e-07,1.3662529373152041e-09,1.371547932618683e-07,1.3662529373152041e-09,2.58542e-07,2.58542e-07,1.371547932618683e-07,True,True,False,0,False,,,3.5697599756441547,3.0,True,True,54690.00001157408,54823.00001157408,weekly,10.0,sigma,computed,/home/lkoo/projects/AutomationDetection/DownloadedLC/incremental/quiescent_background_cache.csv,,,,,,False,not_in_flare_streak
4FGL J0538.8-4405,21,22,54830.00001157408,2.08e-07,3.79e-08,3.1e-07,1.9663055489964582e-07,1.371547932618683e-07,1.3662529373152041e-09,1.371547932618683e-07,1.3662529373152041e-09,2.58542e-07,2.58542e-07,1.371547932618683e-07,False,True,False,0,False,,,1.868053274018859,3.0,False,True,54690.00001157408,54830.00001157408,weekly,10.0,sigma,computed,/home/lkoo/projects/AutomationDetection/DownloadedLC/incremental/quiescent_background_cache.csv,,,,,,False,not_in_flare_streak
4FGL J0538.8-4405,22,23,54837.00001157408,3.22e-07,4.29e-08,2.08e-07,1.9663055489964582e-07,1.371547932618683e-07,1.3662529373152041e-09,1.371547932618683e-07,1.3662529373152041e-09,2.58542e-07,2.58542e-07,1.371547932618683e-07,True,True,False,0,False,,,4.306562652566442,3.0,True,True,54690.00001157408,54837.00001157408,weekly,10.0,sigma,computed,/home/lkoo/projects/AutomationDetection/DownloadedLC/incremental/quiescent_background_cache.csv,,,,,,False,not_in_flare_streak
4FGL J0538.8-4405,23,24,54844.00001157408,3.73e-07,4.8e-08,3.22e-07,1.9663055489964582e-07,1.371547932618683e-07,1.3662529373152041e-09,1.371547932618683e-07,1.3662529373152041e-09,2.58542e-07,2.58542e-07,1.371547932618683e-07,True,True,False,0,False,,,4.91145263764235,3.0,True,True,54690.00001157408,54844.00001157408,weekly,10.0,sigma,computed,/home/lkoo/projects/AutomationDetection/DownloadedLC/incremental/quiescent_background_cache.csv,,,,,,False,not_in_flare_streak
4FGL J0538.8-4405,24,25,54851.00001157408,2.59e-07,4.26e-08,3.73e-07,1.9663055489964582e-07,1.371547932618683e-07,1.3662529373152041e-09,1.371547932618683e-07,1.3662529373152041e-09,2.58542e-07,2.58542e-07,1.371547932618683e-07,False,True,False,0,False,,,2.8587462571403734,3.0,False,True,54690.00001157408,54851.00001157408,weekly,10.0,sigma,computed,/home/lkoo/projects/AutomationDetection/DownloadedLC/incremental/quiescent_background_cache.csv,,,,,,False,not_in_flare_streak
4FGL J0538.8-4405,25,26,54858.00001157408,1.71e-07,4.04e-08,2.59e-07,1.9663055489964582e-07,1.371547932618683e-07,1.3662529373152041e-09,1.371547932618683e-07,1.3662529373152041e-09,2.58542e-07,2.58542e-07,1.371547932618683e-07,False,True,False,0,False,,,0.837273997639114,3.0,False,True,54690.00001157408,54858.00001157408,weekly,10.0,sigma,computed,/home/lkoo/projects/AutomationDetection/DownloadedLC/incremental/quiescent_background_cache.csv,,,,,,False,not_in_flare_streak
4FGL J0538.8-4405,26,27,54865.00001157408,2.98e-07,5.4e-08,1.71e-07,1.9663055489964582e-07,1.371547932618683e-07,1.3662529373152041e-09,1.371547932618683e-07,1.3662529373152041e-09,2.58542e-07,2.58542e-07,1.371547932618683e-07,True,True,False,0,False,,,2.977662032370158,3.0,False,True,54690.00001157408,54865.00001157408,weekly,10.0,sigma,computed,/home/lkoo/projects/AutomationDetection/DownloadedLC/incremental/quiescent_background_cache.csv,,,,,,False,not_in_flare_streak
4FGL J0538.8-4405,27,28,54872.00001157408,1.79e-07,4.48e-08,2.98e-07,1.9663055489964582e-07,1.371547932618683e-07,1.3662529373152041e-09,1.371547932618683e-07,1.3662529373152041e-09,2.58542e-07,2.58542e-07,1.371547932618683e-07,False,True,False,0,False,,,0.9336107419332311,3.0,False,True,54690.00001157408,54872.00001157408,weekly,10.0,sigma,computed,/home/lkoo/projects/AutomationDetection/DownloadedLC/incremental/quiescent_background_cache.csv,,,,,,False,not_in_flare_streak
4FGL J0538.8-4405,28,29,54879.00001157408,2.39e-07,4.38e-08,1.79e-07,1.9663055489964582e-07,1.371547932618683e-07,1.3662529373152041e-09,1.371547932618683e-07,1.3662529373152041e-09,2.58542e-07,2.58542e-07,1.371547932618683e-07,True,True,False,0,False,,,2.3241026265181186,3.0,False,True,54690.00001157408,54879.00001157408,weekly,10.0,sigma,computed,/home/lkoo/projects/AutomationDetection/DownloadedLC/incremental/quiescent_background_cache.csv,,,,,,False,not_in_flare_streak
4FGL J0538.8-4405,29,30,54886.00001157408,1.77e-07,3.66e-08,2.39e-07,1.9663055489964582e-07,1.371547932618683e-07,1.3662529373152041e-09,1.371547932618683e-07,1.3662529373152041e-09,2.58542e-07,2.58542e-07,1.371547932618683e-07,False,True,False,0,False,,,1.0879091260505043,3.0,False,True,54690.00001157408,54886.00001157408,weekly,10.0,sigma,computed,/home/lkoo/projects/AutomationDetection/DownloadedLC/incremental/quiescent_background_cache.csv,,,,,,False,not_in_flare_streak
4FGL J0538.8-4405,30,31,54893.00001157408,1.26e-07,3.25e-08,1.77e-07,1.9663055489964582e-07,1.371547932618683e-07,1.3662529373152041e-09,1.371547932618683e-07,1.3662529373152041e-09,2.58542e-07,2.58542e-07,1.371547932618683e-07,False,False,False,0,False,,,-0.3429215295174424,3.0,False,False,,,weekly,10.0,sigma,computed,/home/lkoo/projects/AutomationDetection/DownloadedLC/incremental/quiescent_background_cache.csv,,,,,,False,not_in_flare_streak
4FGL J0538.8-4405,31,32,54900.00001157408,7.95e-08,4.07e-08,1.26e-07,1.9663055489964582e-07,1.371547932618683e-07,1.3662529373152041e-09,1.371547932618683e-07,1.3662529373152041e-09,2.58542e-07,2.58542e-07,1.371547932618683e-07,False,False,False,0,False,,,-1.415782211141281,3.0,False,False,,,weekly,10.0,sigma,computed,/home/lkoo/projects/AutomationDetection/DownloadedLC/incremental/quiescent_background_cache.csv,,,,,,False,not_in_flare_streak
4FGL J0538.8-4405,32,33,54907.00001157408,1.46e-07,4.2e-08,7.95e-08,1.9663055489964582e-07,1.371547932618683e-07,1.3662529373152041e-09,1.371547932618683e-07,1.3662529373152041e-09,2.58542e-07,2.58542e-07,1.371547932618683e-07,True,True,False,0,False,,,0.210488821299754,3.0,False,False,,,weekly,10.0,sigma,computed,/home/lkoo/projects/AutomationDetection/DownloadedLC/incremental/quiescent_background_cache.csv,,,,,,False,not_in_flare_streak
4FGL J0538.8-4405,33,34,54914.00001157408,2.05e-07,4.71e-08,1.46e-07,1.9663055489964582e-07,1.371547932618683e-07,1.3662529373152041e-09,1.371547932618683e-07,1.3662529373152041e-09,2.58542e-07,2.58542e-07,1.371547932618683e-07,True,True,False,0,False,,,1.439844609004604,3.0,False,False,,,weekly,10.0,sigma,computed,/home/lkoo/projects/AutomationDetection/DownloadedLC/incremental/quiescent_background_cache.csv,,,,,,False,not_in_flare_streak
4FGL J0538.8-4405,34,35,54921.00001157408,1.83e-07,3.84e-08,2.05e-07,1.9663055489964582e-07,1.371547932618683e-07,1.3662529373152041e-09,1.371547932618683e-07,1.3662529373152041e-09,2.58542e-07,2.58542e-07,1.371547932618683e-07,False,True,False,0,False,,,1.1931306383088451,3.0,False,False,,,weekly,10.0,sigma,computed,/home/lkoo/projects/AutomationDetection/DownloadedLC/incremental/quiescent_background_cache.csv,,,,,,False,not_in_flare_streak
4FGL J0538.8-4405,35,36,54928.00001157408,2.05e-07,4.12e-08,1.83e-07,1.9663055489964582e-07,1.371547932618683e-07,1.3662529373152041e-09,1.371547932618683e-07,1.3662529373152041e-09,2.58542e-07,2.58542e-07,1.371547932618683e-07,True,True,False,0,False,,,1.6458236248363562,3.0,False,False,,,weekly,10.0,sigma,computed,/home/lkoo/projects/AutomationDetection/DownloadedLC/incremental/quiescent_background_cache.csv,,,,,,False,not_in_flare_streak
4FGL J0538.8-4405,36,37,54935.00001157408,2.76e-07,4.49e-08,2.05e-07,1.9663055489964582e-07,1.371547932618683e-07,1.3662529373152041e-09,1.371547932618683e-07,1.3662529373152041e-09,2.58542e-07,2.58542e-07,1.371547932618683e-07,True,True,False,0,False,,,3.0908902482423364,3.0,True,True,54935.00001157408,54935.00001157408,weekly,10.0,sigma,computed,/home/lkoo/projects/AutomationDetection/DownloadedLC/incremental/quiescent_background_cache.csv,,,,,,False,not_in_flare_streak
4FGL J0538.8-4405,37,38,54942.00001157408,3.82e-07,4.64e-08,2.76e-07,1.9663055489964582e-07,1.371547932618683e-07,1.3662529373152041e-09,1.371547932618683e-07,1.3662529373152041e-09,2.58542e-07,2.58542e-07,1.371547932618683e-07,True,True,False,0,False,,,5.274550292277241,3.0,True,True,54935.00001157408,54942.00001157408,weekly,10.0,sigma,computed,/home/lkoo/projects/AutomationDetection/DownloadedLC/incremental/quiescent_background_cache.csv,,,,,,False,not_in_flare_streak
4FGL J0538.8-4405,38,39,54949.00001157408,3.15e-07,4.39e-08,3.82e-07,1.9663055489964582e-07,1.371547932618683e-07,1.3662529373152041e-09,1.371547932618683e-07,1.3662529373152041e-09,2.58542e-07,2.58542e-07,1.371547932618683e-07,False,True,False,0,False,,,4.04918316762797,3.0,True,True,54935.00001157408,54949.00001157408,weekly,10.0,sigma,computed,/home/lkoo/projects/AutomationDetection/DownloadedLC/incremental/quiescent_background_cache.csv,,,,,,False,not_in_flare_streak
4FGL J0538.8-4405,39,40,54956.00001157408,3.11e-07,4.86e-08,3.15e-07,1.9663055489964582e-07,1.371547932618683e-07,1.3662529373152041e-09,1.371547932618683e-07,1.3662529373152041e-09,2.58542e-07,2.58542e-07,1.371547932618683e-07,False,True,False,0,False,,,3.5756492357812504,3.0,True,True,54935.00001157408,54956.00001157408,weekly,10.0,sigma,computed,/home/lkoo/projects/AutomationDetection/DownloadedLC/incremental/quiescent_background_cache.csv,,,,,,False,not_in_flare_streak
4FGL J0538.8-4405,40,41,54963.00001157408,4.64e-07,5.66e-08,3.11e-07,1.9663055489964582e-07,1.371547932618683e-07,1.3662529373152041e-09,1.371547932618683e-07,1.3662529373152041e-09,2.58542e-07,2.58542e-07,1.371547932618683e-07,True,True,False,0,False,,,5.7729686469010035,3.0,True,True,54935.00001157408,54963.00001157408,weekly,10.0,sigma,computed,/home/lkoo/projects/AutomationDetection/DownloadedLC/incremental/quiescent_background_cache.csv,,,,,,False,not_in_flare_streak
4FGL J0538.8-4405,41,42,54970.00001157408,4.51e-07,5.58e-08,4.64e-07,1.9663055489964582e-07,1.371547932618683e-07,1.3662529373152041e-09,1.371547932618683e-07,1.3662529373152041e-09,2.58542e-07,2.58542e-07,1.371547932618683e-07,False,True,False,0,False,,,5.622780876565261,3.0,True,True,54935.00001157408,54970.00001157408,weekly,10.0,sigma,computed,/home/lkoo/projects/AutomationDetection/DownloadedLC/incremental/quiescent_background_cache.csv,,,,,,False,not_in_flare_streak
4FGL J0538.8-4405,42,43,54977.00001157408,2.35e-07,4.3e-08,4.51e-07,1.9663055489964582e-07,1.371547932618683e-07,1.3662529373152041e-09,1.371547932618683e-07,1.3662529373152041e-09,2.58542e-07,2.58542e-07,1.371547932618683e-07,False,True,False,0,False,,,2.274322199430832,3.0,False,True,54935.00001157408,54977.00001157408,weekly,10.0,sigma,computed,/home/lkoo/projects/AutomationDetection/DownloadedLC/incremental/quiescent_background_cache.csv,,,,,,False,not_in_flare_streak
4FGL J0538.8-4405,43,44,54984.00001157408,3.63e-07,4.64e-08,2.35e-07,1.9663055489964582e-07,1.371547932618683e-07,1.3662529373152041e-09,1.371547932618683e-07,1.3662529373152041e-09,2.58542e-07,2.58542e-07,1.371547932618683e-07,True,True,False,0,False,,,4.865244932011596,3.0,True,True,54935.00001157408,54984.00001157408,weekly,10.0,sigma,computed,/home/lkoo/projects/AutomationDetection/DownloadedLC/incremental/quiescent_background_cache.csv,,,,,,False,not_in_flare_streak
4FGL J0538.8-4405,44,45,54991.00001157408,4.62e-07,4.86e-08,3.63e-07,1.9663055489964582e-07,1.371547932618683e-07,1.3662529373152041e-09,1.371547932618683e-07,1.3662529373152041e-09,2.58542e-07,2.58542e-07,1.371547932618683e-07,True,True,False,0,False,,,6.681418124861241,3.0,True,True,54935.00001157408,54991.00001157408,weekly,10.0,sigma,computed,/home/lkoo/projects/AutomationDetection/DownloadedLC/incremental/quiescent_background_cache.csv,,,,,,False,not_in_flare_streak
4FGL J0538.8-4405,45,46,54998.00001157408,3.5e-07,4.48e-08,4.62e-07,1.9663055489964582e-07,1.371547932618683e-07,1.3662529373152041e-09,1.371547932618683e-07,1.3662529373152041e-09,2.58542e-07,2.58542e-07,1.371547932618683e-07,False,True,False,0,False,,,4.748801281429428,3.0,True,True,54935.00001157408,54998.00001157408,weekly,10.0,sigma,computed,/home/lkoo/projects/AutomationDetection/DownloadedLC/incremental/quiescent_background_cache.csv,,,,,,False,not_in_flare_streak
4FGL J0538.8-4405,46,47,55005.00001157408,4.76e-07,5.06e-08,3.5e-07,1.9663055489964582e-07,1.371547932618683e-07,1.3662529373152041e-09,1.371547932618683e-07,1.3662529373152041e-09,2.58542e-07,2.58542e-07,1.371547932618683e-07,True,True,False,0,False,,,6.694105841634694,3.0,True,True,54935.00001157408,55005.00001157408,weekly,10.0,sigma,computed,/home/lkoo/projects/AutomationDetection/DownloadedLC/incremental/quiescent_background_cache.csv,,,,,,False,not_in_flare_streak
4FGL J0538.8-4405,47,48,55012.00001157408,8.22e-07,6.54e-08,4.76e-07,1.9663055489964582e-07,1.371547932618683e-07,1.3662529373152041e-09,1.371547932618683e-07,1.3662529373152041e-09,2.58542e-07,2.58542e-07,1.371547932618683e-07,True,True,False,0,False,,,10.46935496709463,3.0,True,True,54935.00001157408,55012.00001157408,weekly,10.0,sigma,computed,/home/lkoo/projects/AutomationDetection/DownloadedLC/incremental/quiescent_background_cache.csv,,,,,,False,not_in_flare_streak
4FGL J0538.8-4405,48,49,55019.00001157408,6.5e-07,6.44e-08,8.22e-07,1.9663055489964582e-07,1.371547932618683e-07,1.3662529373152041e-09,1.371547932618683e-07,1.3662529373152041e-09,2.58542e-07,2.58542e-07,1.371547932618683e-07,False,True,False,0,False,,,7.961643397396623,3.0,True,True,54935.00001157408,55019.00001157408,weekly,10.0,sigma,computed,/home/lkoo/projects/AutomationDetection/DownloadedLC/incremental/quiescent_background_cache.csv,,,,,,False,not_in_flare_streak
4FGL J0538.8-4405,49,50,55026.00001157408,6.39e-07,6.36e-08,6.5e-07,1.9663055489964582e-07,1.371547932618683e-07,1.3662529373152041e-09,1.371547932618683e-07,1.3662529373152041e-09,2.58542e-07,2.58542e-07,1.371547932618683e-07,False,True,False,0,False,,,7.888827867025509,3.0,True,True,54935.00001157408,55026.00001157408,weekly,10.0,sigma,computed,/home/lkoo/projects/AutomationDetection/DownloadedLC/incremental/quiescent_background_cache.csv,,,,,,False,not_in_flare_streak
4FGL J0538.8-4405,50,51,55033.00001157408,4.11e-07,4.94e-08,6.39e-07,1.9663055489964582e-07,1.371547932618683e-07,1.3662529373152041e-09,1.371547932618683e-07,1.3662529373152041e-09,2.58542e-07,2.58542e-07,1.371547932618683e-07,False,True,False,0,False,,,5.541306352256393,3.0,True,True,54935.00001157408,55033.00001157408,weekly,10.0,sigma,computed,/home/lkoo/projects/AutomationDetection/DownloadedLC/incremental/quiescent_background_cache.csv,,,,,,False,not_in_flare_streak
4FGL J0538.8-4405,51,52,55040.00001157408,4.23e-07,4.76e-08,4.11e-07,1.9663055489964582e-07,1.371547932618683e-07,1.3662529373152041e-09,1.371547932618683e-07,1.3662529373152041e-09,2.58542e-07,2.58542e-07,1.371547932618683e-07,True,True,False,0,False,,,6.002679256529377,3.0,True,True,54935.00001157408,55040.00001157408,weekly,10.0,sigma,computed,/home/lkoo/projects/AutomationDetection/DownloadedLC/incremental/quiescent_background_cache.csv,,,,,,False,not_in_flare_streak
4FGL J0538.8-4405,52,53,55047.00001157408,4.05e-07,4.49e-08,4.23e-07,1.9663055489964582e-07,1.371547932618683e-07,1.3662529373152041e-09,1.371547932618683e-07,1.3662529373152041e-09,2.58542e-07,2.58542e-07,1.371547932618683e-07,False,True,False,0,False,,,5.962612300378241,3.0,True,True,54935.00001157408,55047.00001157408,weekly,10.0,sigma,computed,/home/lkoo/projects/AutomationDetection/DownloadedLC/incremental/quiescent_background_cache.csv,,,,,,False,not_in_flare_streak
4FGL J0538.8-4405,53,54,55054.00001157408,3.64e-07,4.69e-08,4.05e-07,1.9663055489964582e-07,1.371547932618683e-07,1.3662529373152041e-09,1.371547932618683e-07,1.3662529373152041e-09,2.58542e-07,2.58542e-07,1.371547932618683e-07,False,True,False,0,False,,,4.834733785566006,3.0,True,True,54935.00001157408,55054.00001157408,weekly,10.0,sigma,computed,/home/lkoo/projects/AutomationDetection/DownloadedLC/incremental/quiescent_background_cache.csv,,,,,,False,not_in_flare_streak
4FGL J0538.8-4405,54,55,55061.00001157408,2.73e-07,4.26e-08,3.64e-07,1.9663055489964582e-07,1.371547932618683e-07,1.3662529373152041e-09,1.371547932618683e-07,1.3662529373152041e-09,2.58542e-07,2.58542e-07,1.371547932618683e-07,False,True,False,0,False,,,3.187215867651857,3.0,True,True,54935.00001157408,55061.00001157408,weekly,10.0,sigma,computed,/home/lkoo/projects/AutomationDetection/DownloadedLC/incremental/quiescent_background_cache.csv,,,,,,False,not_in_flare_streak
4FGL J0538.8-4405,55,56,55068.00001157408,2.26e-07,4.48e-08,2.73e-07,1.9663055489964582e-07,1.371547932618683e-07,1.3662529373152041e-09,1.371547932618683e-07,1.3662529373152041e-09,2.58542e-07,2.58542e-07,1.371547932618683e-07,False,True,False,0,False,,,1.9822303639000223,3.0,False,True,54935.00001157408,55068.00001157408,weekly,10.0,sigma,computed,/home/lkoo/projects/AutomationDetection/DownloadedLC/incremental/quiescent_background_cache.csv,,,,,,False,not_in_flare_streak
4FGL J0538.8-4405,56,57,55075.00001157408,2.89e-07,6.04e-08,2.26e-07,1.9663055489964582e-07,1.371547932618683e-07,1.3662529373152041e-09,1.371547932618683e-07,1.3662529373152041e-09,2.58542e-07,2.58542e-07,1.371547932618683e-07,True,True,False,0,False,,,2.513350570618461,3.0,False,True,54935.00001157408,55075.00001157408,weekly,10.0,sigma,computed,/home/lkoo/projects/AutomationDetection/DownloadedLC/incremental/quiescent_background_cache.csv,,,,,,False,not_in_flare_streak
4FGL J0538.8-4405,57,58,55082.00001157408,2.71e-07,5.03e-08,2.89e-07,1.9663055489964582e-07,1.371547932618683e-07,1.3662529373152041e-09,1.371547932618683e-07,1.3662529373152041e-09,2.58542e-07,2.58542e-07,1.371547932618683e-07,False,True,False,0,False,,,2.6599574543761992,3.0,False,True,54935.00001157408,55082.00001157408,weekly,10.0,sigma,computed,/home/lkoo/projects/AutomationDetection/DownloadedLC/incremental/quiescent_background_cache.csv,,,,,,False,not_in_flare_streak
4FGL J0538.8-4405,58,59,55089.00001157408,3.33e-07,4.51e-08,2.71e-07,1.9663055489964582e-07,1.371547932618683e-07,1.3662529373152041e-09,1.371547932618683e-07,1.3662529373152041e-09,2.58542e-07,2.58542e-07,1.371547932618683e-07,True,True,False,0,False,,,4.340474572782374,3.0,True,True,54935.00001157408,55089.00001157408,weekly,10.0,sigma,computed,/home/lkoo/projects/AutomationDetection/DownloadedLC/incremental/quiescent_background_cache.csv,,,,,,False,not_in_flare_streak
4FGL J0538.8-4405,59,60,55096.00001157408,3.82e-07,4.07e-08,3.33e-07,1.9663055489964582e-07,1.371547932618683e-07,1.3662529373152041e-09,1.371547932618683e-07,1.3662529373152041e-09,2.58542e-07,2.58542e-07,1.371547932618683e-07,True,True,False,0,False,,,6.012466068668077,3.0,True,True,54935.00001157408,55096.00001157408,weekly,10.0,sigma,computed,/home/lkoo/projects/AutomationDetection/DownloadedLC/incremental/quiescent_background_cache.csv,,,,,,False,not_in_flare_streak
4FGL J0538.8-4405,60,61,55103.00001157408,3.13e-07,4.04e-08,3.82e-07,1.9663055489964582e-07,1.371547932618683e-07,1.3662529373152041e-09,1.371547932618683e-07,1.3662529373152041e-09,2.58542e-07,2.58542e-07,1.371547932618683e-07,False,True,False,0,False,,,4.350117295795231,3.0,True,True,54935.00001157408,55103.00001157408,weekly,10.0,sigma,computed,/home/lkoo/projects/AutomationDetection/DownloadedLC/incremental/quiescent_background_cache.csv,,,,,,False,not_in_flare_streak
4FGL J0538.8-4405,61,62,55110.00001157408,3.06e-07,4.03e-08,3.13e-07,1.9663055489964582e-07,1.371547932618683e-07,1.3662529373152041e-09,1.371547932618683e-07,1.3662529373152041e-09,2.58542e-07,2.58542e-07,1.371547932618683e-07,False,True,False,0,False,,,4.18730171761834,3.0,True,True,54935.00001157408,55110.00001157408,weekly,10.0,sigma,computed,/home/lkoo/projects/AutomationDetection/DownloadedLC/incremental/quiescent_background_cache.csv,,,,,,False,not_in_flare_streak
4FGL J0538.8-4405,62,63,55117.00001157408,1.25e-07,3.81e-08,3.06e-07,1.9663055489964582e-07,1.371547932618683e-07,1.3662529373152041e-09,1.371547932618683e-07,1.3662529373152041e-09,2.58542e-07,2.58542e-07,1.371547932618683e-07,False,False,False,0,False,,,-0.31881852428690766,3.0,False,False,,,weekly,10.0,sigma,computed,/home/lkoo/projects/AutomationDetection/DownloadedLC/incremental/quiescent_background_cache.csv,,,,,,False,not_in_flare_streak
4FGL J0538.8-4405,63,64,55124.00001157408,2.07e-07,4.87e-08,1.25e-07,1.9663055489964582e-07,1.371547932618683e-07,1.3662529373152041e-09,1.371547932618683e-07,1.3662529373152041e-09,2.58542e-07,2.58542e-07,1.371547932618683e-07,True,True,False,0,False,,,1.4336290963537384,3.0,False,False,,,weekly,10.0,sigma,computed,/home/lkoo/projects/AutomationDetection/DownloadedLC/incremental/quiescent_background_cache.csv,,,,,,False,not_in_flare_streak
4FGL J0538.8-4405,64,65,55131.00001157408,2.85e-07,5.66e-08,2.07e-07,1.9663055489964582e-07,1.371547932618683e-07,1.3662529373152041e-09,1.371547932618683e-07,1.3662529373152041e-09,2.58542e-07,2.58542e-07,1.371547932618683e-07,True,True,False,0,False,,,2.611345448849308,3.0,False,False,,,weekly,10.0,sigma,computed,/home/lkoo/projects/AutomationDetection/DownloadedLC/incremental/quiescent_background_cache.csv,,,,,,False,not_in_flare_streak
4FGL J0538.8-4405,65,66,55138.00001157408,2.79e-07,4.66e-08,2.85e-07,1.9663055489964582e-07,1.371547932618683e-07,1.3662529373152041e-09,1.371547932618683e-07,1.3662529373152041e-09,2.58542e-07,2.58542e-07,1.371547932618683e-07,False,True,False,0,False,,,3.042581154264065,3.0,True,True,55138.00001157408,55138.00001157408,weekly,10.0,sigma,computed,/home/lkoo/projects/AutomationDetection/DownloadedLC/incremental/quiescent_background_cache.csv,,,,,,False,not_in_flare_streak
4FGL J0538.8-4405,66,67,55145.00001157408,3.79e-07,4.11e-08,2.79e-07,1.9663055489964582e-07,1.371547932618683e-07,1.3662529373152041e-09,1.371547932618683e-07,1.3662529373152041e-09,2.58542e-07,2.58542e-07,1.371547932618683e-07,True,True,False,0,False,,,5.881063087377963,3.0,True,True,55138.00001157408,55145.00001157408,weekly,10.0,sigma,computed,/home/lkoo/projects/AutomationDetection/DownloadedLC/incremental/quiescent_background_cache.csv,,,,,,False,not_in_flare_streak
4FGL J0538.8-4405,67,68,55152.00001157408,3.15e-07,3.62e-08,3.79e-07,1.9663055489964582e-07,1.371547932618683e-07,1.3662529373152041e-09,1.371547932618683e-07,1.3662529373152041e-09,2.58542e-07,2.58542e-07,1.371547932618683e-07,False,True,False,0,False,,,4.909355710442809,3.0,True,True,55138.00001157408,55152.00001157408,weekly,10.0,sigma,computed,/home/lkoo/projects/AutomationDetection/DownloadedLC/incremental/quiescent_background_cache.csv,,,,,,False,not_in_flare_streak
4FGL J0538.8-4405,68,69,55159.00001157408,3.28e-07,3.98e-08,3.15e-07,1.9663055489964582e-07,1.371547932618683e-07,1.3662529373152041e-09,1.371547932618683e-07,1.3662529373152041e-09,2.58542e-07,2.58542e-07,1.371547932618683e-07,True,True,False,0,False,,,4.792282893505528,3.0,True,True,55138.00001157408,55159.00001157408,weekly,10.0,sigma,computed,/home/lkoo/projects/AutomationDetection/DownloadedLC/incremental/quiescent_background_cache.csv,,,,,,False,not_in_flare_streak
4FGL J0538.8-4405,69,70,55166.00001157408,3.55e-07,4.44e-08,3.28e-07,1.9663055489964582e-07,1.371547932618683e-07,1.3662529373152041e-09,1.371547932618683e-07,1.3662529373152041e-09,2.58542e-07,2.58542e-07,1.371547932618683e-07,True,True,False,0,False,,,4.904102319210946,3.0,True,True,55138.00001157408,55166.00001157408,weekly,10.0,sigma,computed,/home/lkoo/projects/AutomationDetection/DownloadedLC/incremental/quiescent_background_cache.csv,,,,,,False,not_in_flare_streak
4FGL J0538.8-4405,70,71,55173.00001157408,3.53e-07,5.37e-08,3.55e-07,1.9663055489964582e-07,1.371547932618683e-07,1.3662529373152041e-09,1.371547932618683e-07,1.3662529373152041e-09,2.58542e-07,2.58542e-07,1.371547932618683e-07,False,True,False,0,False,,,4.018163520322091,3.0,True,True,55138.00001157408,55173.00001157408,weekly,10.0,sigma,computed,/home/lkoo/projects/AutomationDetection/DownloadedLC/incremental/quiescent_background_cache.csv,,,,,,False,not_in_flare_streak
4FGL J0538.8-4405,71,72,55180.00001157408,4.82e-07,6.21e-08,3.53e-07,1.9663055489964582e-07,1.371547932618683e-07,1.3662529373152041e-09,1.371547932618683e-07,1.3662529373152041e-09,2.58542e-07,2.58542e-07,1.371547932618683e-07,True,True,False,0,False,,,5.5517194527619,3.0,True,True,55138.00001157408,55180.00001157408,weekly,10.0,sigma,computed,/home/lkoo/projects/AutomationDetection/DownloadedLC/incremental/quiescent_background_cache.csv,,,,,,False,not_in_flare_streak
4FGL J0538.8-4405,72,73,55187.00001157408,4.09e-07,5.73e-08,4.82e-07,1.9663055489964582e-07,1.371547932618683e-07,1.3662529373152041e-09,1.371547932618683e-07,1.3662529373152041e-09,2.58542e-07,2.58542e-07,1.371547932618683e-07,False,True,False,0,False,,,4.742896399102613,3.0,True,True,55138.00001157408,55187.00001157408,weekly,10.0,sigma,computed,/home/lkoo/projects/AutomationDetection/DownloadedLC/incremental/quiescent_background_cache.csv,,,,,,False,not_in_flare_streak
4FGL J0538.8-4405,73,74,55194.00001157408,3.89e-07,4.76e-08,4.09e-07,1.9663055489964582e-07,1.371547932618683e-07,1.3662529373152041e-09,1.371547932618683e-07,1.3662529373152041e-09,2.58542e-07,2.58542e-07,1.371547932618683e-07,False,True,False,0,False,,,5.288687592821087,3.0,True,True,55138.00001157408,55194.00001157408,weekly,10.0,sigma,computed,/home/lkoo/projects/AutomationDetection/DownloadedLC/incremental/quiescent_background_cache.csv,,,,,,False,not_in_flare_streak
4FGL J0538.8-4405,74,75,55201.00001157408,4.88e-07,4.71e-08,3.89e-07,1.9663055489964582e-07,1.371547932618683e-07,1.3662529373152041e-09,1.371547932618683e-07,1.3662529373152041e-09,2.58542e-07,2.58542e-07,1.371547932618683e-07,True,True,False,0,False,,,7.445810895187137,3.0,True,True,55138.00001157408,55201.00001157408,weekly,10.0,sigma,computed,/home/lkoo/projects/AutomationDetection/DownloadedLC/incremental/quiescent_background_cache.csv,,,,,,False,not_in_flare_streak
4FGL J0538.8-4405,75,76,55208.00001157408,4.23e-07,4.34e-08,4.88e-07,1.9663055489964582e-07,1.371547932618683e-07,1.3662529373152041e-09,1.371547932618683e-07,1.3662529373152041e-09,2.58542e-07,2.58542e-07,1.371547932618683e-07,False,True,False,0,False,,,6.583033932209043,3.0,True,True,55138.00001157408,55208.00001157408,weekly,10.0,sigma,computed,/home/lkoo/projects/AutomationDetection/DownloadedLC/incremental/quiescent_background_cache.csv,,,,,,False,not_in_flare_streak
4FGL J0538.8-4405,76,77,55215.00001157408,4.08e-07,4.38e-08,4.23e-07,1.9663055489964582e-07,1.371547932618683e-07,1.3662529373152041e-09,1.371547932618683e-07,1.3662529373152041e-09,2.58542e-07,2.58542e-07,1.371547932618683e-07,False,True,False,0,False,,,6.180674344139312,3.0,True,True,55138.00001157408,55215.00001157408,weekly,10.0,sigma,computed,/home/lkoo/projects/AutomationDetection/DownloadedLC/incremental/quiescent_background_cache.csv,,,,,,False,not_in_flare_streak
4FGL J0538.8-4405,77,78,55222.00001157408,5.07e-07,5.53e-08,4.08e-07,1.9663055489964582e-07,1.371547932618683e-07,1.3662529373152041e-09,1.371547932618683e-07,1.3662529373152041e-09,2.58542e-07,2.58542e-07,1.371547932618683e-07,True,True,False,0,False,,,6.685938197055345,3.0,True,True,55138.00001157408,55222.00001157408,weekly,10.0,sigma,computed,/home/lkoo/projects/AutomationDetection/DownloadedLC/incremental/quiescent_background_cache.csv,,,,,,False,not_in_flare_streak
4FGL J0538.8-4405,78,79,55229.00001157408,5.02e-07,6.1e-08,5.07e-07,1.9663055489964582e-07,1.371547932618683e-07,1.3662529373152041e-09,1.371547932618683e-07,1.3662529373152041e-09,2.58542e-07,2.58542e-07,1.371547932618683e-07,False,True,False,0,False,,,5.979569319519884,3.0,True,True,55138.00001157408,55229.00001157408,weekly,10.0,sigma,computed,/home/lkoo/projects/AutomationDetection/DownloadedLC/incremental/quiescent_background_cache.csv,,,,,,False,not_in_flare_streak
4FGL J0538.8-4405,79,80,55236.00001157408,5.73e-07,6.21e-08,5.02e-07,1.9663055489964582e-07,1.371547932618683e-07,1.3662529373152041e-09,1.371547932618683e-07,1.3662529373152041e-09,2.58542e-07,2.58542e-07,1.371547932618683e-07,True,True,False,0,False,,,7.016743354297455,3.0,True,True,55138.00001157408,55236.00001157408,weekly,10.0,sigma,computed,/home/lkoo/projects/AutomationDetection/DownloadedLC/incremental/quiescent_background_cache.csv,,,,,,False,not_in_flare_streak
4FGL J0538.8-4405,80,81,55243.00001157408,6.07e-07,6.03e-08,5.73e-07,1.9663055489964582e-07,1.371547932618683e-07,1.3662529373152041e-09,1.371547932618683e-07,1.3662529373152041e-09,2.58542e-07,2.58542e-07,1.371547932618683e-07,True,True,False,0,False,,,7.789795219557477,3.0,True,True,55138.00001157408,55243.00001157408,weekly,10.0,sigma,computed,/home/lkoo/projects/AutomationDetection/DownloadedLC/incremental/quiescent_background_cache.csv,,,,,,False,not_in_flare_streak
4FGL J0538.8-4405,81,82,55250.00001157408,4.99e-07,4.7e-08,6.07e-07,1.9663055489964582e-07,1.371547932618683e-07,1.3662529373152041e-09,1.371547932618683e-07,1.3662529373152041e-09,2.58542e-07,2.58542e-07,1.371547932618683e-07,False,True,False,0,False,,,7.695583415207452,3.0,True,True,55138.00001157408,55250.00001157408,weekly,10.0,sigma,computed,/home/lkoo/projects/AutomationDetection/DownloadedLC/incremental/quiescent_background_cache.csv,,,,,,False,not_in_flare_streak
4FGL J0538.8-4405,82,83,55257.00001157408,5.8e-07,4.62e-08,4.99e-07,1.9663055489964582e-07,1.371547932618683e-07,1.3662529373152041e-09,1.371547932618683e-07,1.3662529373152041e-09,2.58542e-07,2.58542e-07,1.371547932618683e-07,True,True,False,0,False,,,9.581205440740225,3.0,True,True,55138.00001157408,55257.00001157408,weekly,10.0,sigma,computed,/home/lkoo/projects/AutomationDetection/DownloadedLC/incremental/quiescent_background_cache.csv,,,,,,False,not_in_flare_streak
4FGL J0538.8-4405,83,84,55264.00001157408,6.11e-07,4.62e-08,5.8e-07,1.9663055489964582e-07,1.371547932618683e-07,1.3662529373152041e-09,1.371547932618683e-07,1.3662529373152041e-09,2.58542e-07,2.58542e-07,1.371547932618683e-07,True,True,False,0,False,,,10.251907898718015,3.0,True,True,55138.00001157408,55264.00001157408,weekly,10.0,sigma,computed,/home/lkoo/projects/AutomationDetection/DownloadedLC/incremental/quiescent_background_cache.csv,,,,,,False,not_in_flare_streak
4FGL J0538.8-4405,84,85,55271.00001157408,7.24e-07,5.26e-08,6.11e-07,1.9663055489964582e-07,1.371547932618683e-07,1.3662529373152041e-09,1.371547932618683e-07,1.3662529373152041e-09,2.58542e-07,2.58542e-07,1.371547932618683e-07,True,True,False,0,False,,,11.152991325650094,3.0,True,True,55138.00001157408,55271.00001157408,weekly,10.0,sigma,computed,/home/lkoo/projects/AutomationDetection/DownloadedLC/incremental/quiescent_background_cache.csv,,,,,,False,not_in_flare_streak
4FGL J0538.8-4405,85,86,55278.00001157408,7.84e-07,6.35e-08,7.24e-07,1.9663055489964582e-07,1.371547932618683e-07,1.3662529373152041e-09,1.371547932618683e-07,1.3662529373152041e-09,2.58542e-07,2.58542e-07,1.371547932618683e-07,True,True,False,0,False,,,10.184181682962079,3.0,True,True,55138.00001157408,55278.00001157408,weekly,10.0,sigma,computed,/home/lkoo/projects/AutomationDetection/DownloadedLC/incremental/quiescent_background_cache.csv,,,,,,False,not_in_flare_streak
4FGL J0538.8-4405,86,87,55285.00001157408,6.59e-07,6.93e-08,7.84e-07,1.9663055489964582e-07,1.371547932618683e-07,1.3662529373152041e-09,1.371547932618683e-07,1.3662529373152041e-09,2.58542e-07,2.58542e-07,1.371547932618683e-07,False,True,False,0,False,,,7.528770852312239,3.0,True,True,55138.00001157408,55285.00001157408,weekly,10.0,sigma,computed,/home/lkoo/projects/AutomationDetection/DownloadedLC/incremental/quiescent_background_cache.csv,,,,,,False,not_in_flare_streak
4FGL J0538.8-4405,87,88,55292.00001157408,8.43e-07,8.24e-08,6.59e-07,1.9663055489964582e-07,1.371547932618683e-07,1.3662529373152041e-09,1.371547932618683e-07,1.3662529373152041e-09,2.58542e-07,2.58542e-07,1.371547932618683e-07,True,True,False,0,False,,,8.564905351108841,3.0,True,True,55138.00001157408,55292.00001157408,weekly,10.0,sigma,computed,/home/lkoo/projects/AutomationDetection/DownloadedLC/incremental/quiescent_background_cache.csv,,,,,,False,not_in_flare_streak
4FGL J0538.8-4405,88,89,55299.00001157408,8e-07,5.95e-08,8.43e-07,1.9663055489964582e-07,1.371547932618683e-07,1.3662529373152041e-09,1.371547932618683e-07,1.3662529373152041e-09,2.58542e-07,2.58542e-07,1.371547932618683e-07,False,True,False,0,False,,,11.13731980734461,3.0,True,True,55138.00001157408,55299.00001157408,weekly,10.0,sigma,computed,/home/lkoo/projects/AutomationDetection/DownloadedLC/incremental/quiescent_background_cache.csv,,,,,,False,not_in_flare_streak
4FGL J0538.8-4405,89,90,55306.00001157408,7.98e-07,5.51e-08,8e-07,1.9663055489964582e-07,1.371547932618683e-07,1.3662529373152041e-09,1.371547932618683e-07,1.3662529373152041e-09,2.58542e-07,2.58542e-07,1.371547932618683e-07,False,True,False,0,False,,,11.989875585928043,3.0,True,True,55138.00001157408,55306.00001157408,weekly,10.0,sigma,computed,/home/lkoo/projects/AutomationDetection/DownloadedLC/incremental/quiescent_background_cache.csv,,,,,,False,not_in_flare_streak
4FGL J0538.8-4405,90,91,55313.00001157408,7.7e-07,4.98e-08,7.98e-07,1.9663055489964582e-07,1.371547932618683e-07,1.3662529373152041e-09,1.371547932618683e-07,1.3662529373152041e-09,2.58542e-07,2.58542e-07,1.371547932618683e-07,False,True,False,0,False,,,12.702955419366681,3.0,True,True,55138.00001157408,55313.00001157408,weekly,10.0,sigma,computed,/home/lkoo/projects/AutomationDetection/DownloadedLC/incremental/quiescent_background_cache.csv,,,,,,False,not_in_flare_streak
4FGL J0538.8-4405,91,92,55320.00001157408,6.8e-07,4.82e-08,7.7e-07,1.9663055489964582e-07,1.371547932618683e-07,1.3662529373152041e-09,1.371547932618683e-07,1.3662529373152041e-09,2.58542e-07,2.58542e-07,1.371547932618683e-07,False,True,False,0,False,,,11.257826948368573,3.0,True,True,55138.00001157408,55320.00001157408,weekly,10.0,sigma,computed,/home/lkoo/projects/AutomationDetection/DownloadedLC/incremental/quiescent_background_cache.csv,,,,,,False,not_in_flare_streak
4FGL J0538.8-4405,92,93,55327.00001157408,6.72e-07,5.24e-08,6.8e-07,1.9663055489964582e-07,1.371547932618683e-07,1.3662529373152041e-09,1.371547932618683e-07,1.3662529373152041e-09,2.58542e-07,2.58542e-07,1.371547932618683e-07,False,True,False,0,False,,,10.203501865615868,3.0,True,True,55138.00001157408,55327.00001157408,weekly,10.0,sigma,computed,/home/lkoo/projects/AutomationDetection/DownloadedLC/incremental/quiescent_background_cache.csv,,,,,,False,not_in_flare_streak
4FGL J0538.8-4405,93,94,55334.00001157408,7.03e-07,6.09e-08,6.72e-07,1.9663055489964582e-07,1.371547932618683e-07,1.3662529373152041e-09,1.371547932618683e-07,1.3662529373152041e-09,2.58542e-07,2.58542e-07,1.371547932618683e-07,True,True,False,0,False,,,9.289045407060376,3.0,True,True,55138.00001157408,55334.00001157408,weekly,10.0,sigma,computed,/home/lkoo/projects/AutomationDetection/DownloadedLC/incremental/quiescent_background_cache.csv,,,,,,False,not_in_flare_streak
4FGL J0538.8-4405,94,95,55341.00001157408,6.45e-07,7e-08,7.03e-07,1.9663055489964582e-07,1.371547932618683e-07,1.3662529373152041e-09,1.371547932618683e-07,1.3662529373152041e-09,2.58542e-07,2.58542e-07,1.371547932618683e-07,False,True,False,0,False,,,7.253550042297599,3.0,True,True,55138.00001157408,55341.00001157408,weekly,10.0,sigma,computed,/home/lkoo/projects/AutomationDetection/DownloadedLC/incremental/quiescent_background_cache.csv,,,,,,False,not_in_flare_streak
4FGL J0538.8-4405,95,96,55348.00001157408,4.69e-07,5.23e-08,6.45e-07,1.9663055489964582e-07,1.371547932618683e-07,1.3662529373152041e-09,1.371547932618683e-07,1.3662529373152041e-09,2.58542e-07,2.58542e-07,1.371547932618683e-07,False,True,False,0,False,,,6.342868717151251,3.0,True,True,55138.00001157408,55348.00001157408,weekly,10.0,sigma,computed,/home/lkoo/projects/AutomationDetection/DownloadedLC/incremental/quiescent_background_cache.csv,,,,,,False,not_in_flare_streak
4FGL J0538.8-4405,96,97,55355.00001157408,4.59e-07,4.48e-08,4.69e-07,1.9663055489964582e-07,1.371547932618683e-07,1.3662529373152041e-09,1.371547932618683e-07,1.3662529373152041e-09,2.58542e-07,2.58542e-07,1.371547932618683e-07,False,True,False,0,False,,,7.180706362160922,3.0,True,True,55138.00001157408,55355.00001157408,weekly,10.0,sigma,computed,/home/lkoo/projects/AutomationDetection/DownloadedLC/incremental/quiescent_background_cache.csv,,,,,,False,not_in_flare_streak
4FGL J0538.8-4405,97,98,55362.00001157408,4.71e-07,3.97e-08,4.59e-07,1.9663055489964582e-07,1.371547932618683e-07,1.3662529373152041e-09,1.371547932618683e-07,1.3662529373152041e-09,2.58542e-07,2.58542e-07,1.371547932618683e-07,True,True,False,0,False,,,8.4042238505496,3.0,True,True,55138.00001157408,55362.00001157408,weekly,10.0,sigma,computed,/home/lkoo/projects/AutomationDetection/DownloadedLC/incremental/quiescent_background_cache.csv,,,,,,False,not_in_flare_streak
4FGL J0538.8-4405,98,99,55369.00001157408,4.45e-07,3.98e-08,4.71e-07,1.9663055489964582e-07,1.371547932618683e-07,1.3662529373152041e-09,1.371547932618683e-07,1.3662529373152041e-09,2.58542e-07,2.58542e-07,1.371547932618683e-07,False,True,False,0,False,,,7.730250831623603,3.0,True,True,55138.00001157408,55369.00001157408,weekly,10.0,sigma,computed,/home/lkoo/projects/AutomationDetection/DownloadedLC/incremental/quiescent_background_cache.csv,,,,,,False,not_in_flare_streak
4FGL J0538.8-4405,99,100,55376.00001157408,5.64e-07,4.77e-08,4.45e-07,1.9663055489964582e-07,1.371547932618683e-07,1.3662529373152041e-09,1.371547932618683e-07,1.3662529373152041e-09,2.58542e-07,2.58542e-07,1.371547932618683e-07,True,True,False,0,False,,,8.944868397741681,3.0,True,True,55138.00001157408,55376.00001157408,weekly,10.0,sigma,computed,/home/lkoo/projects/AutomationDetection/DownloadedLC/incremental/quiescent_background_cache.csv,,,,,,False,not_in_flare_streak
4FGL J0538.8-4405,100,101,55383.00001157408,4.79e-07,4.97e-08,5.64e-07,1.9663055489964582e-07,1.371547932618683e-07,1.3662529373152041e-09,1.371547932618683e-07,1.3662529373152041e-09,2.58542e-07,2.58542e-07,1.371547932618683e-07,False,True,False,0,False,,,6.8755757280410235,3.0,True,True,55138.00001157408,55383.00001157408,weekly,10.0,sigma,computed,/home/lkoo/projects/AutomationDetection/DownloadedLC/incremental/quiescent_background_cache.csv,,,,,,False,not_in_flare_streak
4FGL J0538.8-4405,101,102,55390.00001157408,4.66e-07,6.13e-08,4.79e-07,1.9663055489964582e-07,1.371547932618683e-07,1.3662529373152041e-09,1.371547932618683e-07,1.3662529373152041e-09,2.58542e-07,2.58542e-07,1.371547932618683e-07,False,True,False,0,False,,,5.363190205375732,3.0,True,True,55138.00001157408,55390.00001157408,weekly,10.0,sigma,computed,/home/lkoo/projects/AutomationDetection/DownloadedLC/incremental/quiescent_background_cache.csv,,,,,,False,not_in_flare_streak
4FGL J0538.8-4405,102,103,55397.00001157408,4.2e-07,6.14e-08,4.66e-07,1.9663055489964582e-07,1.371547932618683e-07,1.3662529373152041e-09,1.371547932618683e-07,1.3662529373152041e-09,2.58542e-07,2.58542e-07,1.371547932618683e-07,False,True,False,0,False,,,4.605459432445177,3.0,True,True,55138.00001157408,55397.00001157408,weekly,10.0,sigma,computed,/home/lkoo/projects/AutomationDetection/DownloadedLC/incremental/quiescent_background_cache.csv,,,,,,False,not_in_flare_streak
4FGL J0538.8-4405,103,104,55404.00001157408,3.86e-07,4.98e-08,4.2e-07,1.9663055489964582e-07,1.371547932618683e-07,1.3662529373152041e-09,1.371547932618683e-07,1.3662529373152041e-09,2.58542e-07,2.58542e-07,1.371547932618683e-07,False,True,False,0,False,,,4.995012261862018,3.0,True,True,55138.00001157408,55404.00001157408,weekly,10.0,sigma,computed,/home/lkoo/projects/AutomationDetection/DownloadedLC/incremental/quiescent_background_cache.csv,,,,,,False,not_in_flare_streak
4FGL J0538.8-4405,104,105,55411.00001157408,2.89e-07,3.57e-08,3.86e-07,1.9663055489964582e-07,1.371547932618683e-07,1.3662529373152041e-09,1.371547932618683e-07,1.3662529373152041e-09,2.58542e-07,2.58542e-07,1.371547932618683e-07,False,True,False,0,False,,,4.2502557636423965,3.0,True,True,55138.00001157408,55411.00001157408,weekly,10.0,sigma,computed,/home/lkoo/projects/AutomationDetection/DownloadedLC/incremental/quiescent_background_cache.csv,,,,,,False,not_in_flare_streak
4FGL J0538.8-4405,105,106,55418.00001157408,3.41e-07,3.64e-08,2.89e-07,1.9663055489964582e-07,1.371547932618683e-07,1.3662529373152041e-09,1.371547932618683e-07,1.3662529373152041e-09,2.58542e-07,2.58542e-07,1.371547932618683e-07,True,True,False,0,False,,,5.596202373012545,3.0,True,True,55138.00001157408,55418.00001157408,weekly,10.0,sigma,computed,/home/lkoo/projects/AutomationDetection/DownloadedLC/incremental/quiescent_background_cache.csv,,,,,,False,not_in_flare_streak
4FGL J0538.8-4405,106,107,55425.00001157408,3.31e-07,3.74e-08,3.41e-07,1.9663055489964582e-07,1.371547932618683e-07,1.3662529373152041e-09,1.371547932618683e-07,1.3662529373152041e-09,2.58542e-07,2.58542e-07,1.371547932618683e-07,False,True,False,0,False,,,5.179571997521348,3.0,True,True,55138.00001157408,55425.00001157408,weekly,10.0,sigma,computed,/home/lkoo/projects/AutomationDetection/DownloadedLC/incremental/quiescent_background_cache.csv,,,,,,False,not_in_flare_streak
4FGL J0538.8-4405,107,108,55432.00001157408,4.06e-07,4.16e-08,3.31e-07,1.9663055489964582e-07,1.371547932618683e-07,1.3662529373152041e-09,1.371547932618683e-07,1.3662529373152041e-09,2.58542e-07,2.58542e-07,1.371547932618683e-07,True,True,False,0,False,,,6.459142563813159,3.0,True,True,55138.00001157408,55432.00001157408,weekly,10.0,sigma,computed,/home/lkoo/projects/AutomationDetection/DownloadedLC/incremental/quiescent_background_cache.csv,,,,,,False,not_in_flare_streak
4FGL J0538.8-4405,108,109,55439.00001157408,2.96e-07,4.77e-08,4.06e-07,1.9663055489964582e-07,1.371547932618683e-07,1.3662529373152041e-09,1.371547932618683e-07,1.3662529373152041e-09,2.58542e-07,2.58542e-07,1.371547932618683e-07,False,True,False,0,False,,,3.328723029930485,3.0,True,True,55138.00001157408,55439.00001157408,weekly,10.0,sigma,computed,/home/lkoo/projects/AutomationDetection/DownloadedLC/incremental/quiescent_background_cache.csv,,,,,,False,not_in_flare_streak
4FGL J0538.8-4405,109,110,55446.00001157408,2.48e-07,5.38e-08,2.96e-07,1.9663055489964582e-07,1.371547932618683e-07,1.3662529373152041e-09,1.371547932618683e-07,1.3662529373152041e-09,2.58542e-07,2.58542e-07,1.371547932618683e-07,False,True,False,0,False,,,2.0596557907918016,3.0,False,True,55138.00001157408,55446.00001157408,weekly,10.0,sigma,computed,/home/lkoo/projects/AutomationDetection/DownloadedLC/incremental/quiescent_background_cache.csv,,,,,,False,not_in_flare_streak
4FGL J0538.8-4405,110,111,55453.00001157408,3.76e-07,6.02e-08,2.48e-07,1.9663055489964582e-07,1.371547932618683e-07,1.3662529373152041e-09,1.371547932618683e-07,1.3662529373152041e-09,2.58542e-07,2.58542e-07,1.371547932618683e-07,True,True,False,0,False,,,3.966506961259246,3.0,True,True,55138.00001157408,55453.00001157408,weekly,10.0,sigma,computed,/home/lkoo/projects/AutomationDetection/DownloadedLC/incremental/quiescent_background_cache.csv,,,,,,False,not_in_flare_streak
4FGL J0538.8-4405,111,112,55460.00001157408,3.46e-07,5.11e-08,3.76e-07,1.9663055489964582e-07,1.371547932618683e-07,1.3662529373152041e-09,1.371547932618683e-07,1.3662529373152041e-09,2.58542e-07,2.58542e-07,1.371547932618683e-07,False,True,False,0,False,,,4.085530318855396,3.0,True,True,55138.00001157408,55460.00001157408,weekly,10.0,sigma,computed,/home/lkoo/projects/AutomationDetection/DownloadedLC/incremental/quiescent_background_cache.csv,,,,,,False,not_in_flare_streak
4FGL J0538.8-4405,112,113,55467.00001157408,3.6e-07,3.99e-08,3.46e-07,1.9663055489964582e-07,1.371547932618683e-07,1.3662529373152041e-09,1.371547932618683e-07,1.3662529373152041e-09,2.58542e-07,2.58542e-07,1.371547932618683e-07,True,True,False,0,False,,,5.581821489582402,3.0,True,True,55138.00001157408,55467.00001157408,weekly,10.0,sigma,computed,/home/lkoo/projects/AutomationDetection/DownloadedLC/incremental/quiescent_background_cache.csv,,,,,,False,not_in_flare_streak
4FGL J0538.8-4405,113,114,55474.00001157408,4.02e-07,3.99e-08,3.6e-07,1.9663055489964582e-07,1.371547932618683e-07,1.3662529373152041e-09,1.371547932618683e-07,1.3662529373152041e-09,2.58542e-07,2.58542e-07,1.371547932618683e-07,True,True,False,0,False,,,6.633836500333565,3.0,True,True,55138.00001157408,55474.00001157408,weekly,10.0,sigma,computed,/home/lkoo/projects/AutomationDetection/DownloadedLC/incremental/quiescent_background_cache.csv,,,,,,False,not_in_flare_streak
4FGL J0538.8-4405,114,115,55481.00001157408,3.86e-07,4.05e-08,4.02e-07,1.9663055489964582e-07,1.371547932618683e-07,1.3662529373152041e-09,1.371547932618683e-07,1.3662529373152041e-09,2.58542e-07,2.58542e-07,1.371547932618683e-07,False,True,False,0,False,,,6.140832872233763,3.0,True,True,55138.00001157408,55481.00001157408,weekly,10.0,sigma,computed,/home/lkoo/projects/AutomationDetection/DownloadedLC/incremental/quiescent_background_cache.csv,,,,,,False,not_in_flare_streak
4FGL J0538.8-4405,115,116,55488.00001157408,2.92e-07,3.86e-08,3.86e-07,1.9663055489964582e-07,1.371547932618683e-07,1.3662529373152041e-09,1.371547932618683e-07,1.3662529373152041e-09,2.58542e-07,2.58542e-07,1.371547932618683e-07,False,True,False,0,False,,,4.009023353240436,3.0,True,True,55138.00001157408,55488.00001157408,weekly,10.0,sigma,computed,/home/lkoo/projects/AutomationDetection/DownloadedLC/incremental/quiescent_background_cache.csv,,,,,,False,not_in_flare_streak
4FGL J0538.8-4405,116,117,55495.00001157408,5.82e-07,6.29e-08,2.92e-07,1.9663055489964582e-07,1.371547932618683e-07,1.3662529373152041e-09,1.371547932618683e-07,1.3662529373152041e-09,2.58542e-07,2.58542e-07,1.371547932618683e-07,True,True,False,0,False,,,7.070593070747119,3.0,True,True,55138.00001157408,55495.00001157408,weekly,10.0,sigma,computed,/home/lkoo/projects/AutomationDetection/DownloadedLC/incremental/quiescent_background_cache.csv,,,,,,False,not_in_flare_streak
4FGL J0538.8-4405,117,118,55502.00001157408,4.69e-07,6.43e-08,5.82e-07,1.9663055489964582e-07,1.371547932618683e-07,1.3662529373152041e-09,1.371547932618683e-07,1.3662529373152041e-09,2.58542e-07,2.58542e-07,1.371547932618683e-07,False,True,False,0,False,,,5.159725055281819,3.0,True,True,55138.00001157408,55502.00001157408,weekly,10.0,sigma,computed,/home/lkoo/projects/AutomationDetection/DownloadedLC/incremental/quiescent_background_cache.csv,,,,,,False,not_in_flare_streak
4FGL J0538.8-4405,118,119,55509.00001157408,4.51e-07,5.4e-08,4.69e-07,1.9663055489964582e-07,1.371547932618683e-07,1.3662529373152041e-09,1.371547932618683e-07,1.3662529373152041e-09,2.58542e-07,2.58542e-07,1.371547932618683e-07,False,True,False,0,False,,,5.8100889364205655,3.0,True,True,55138.00001157408,55509.00001157408,weekly,10.0,sigma,computed,/home/lkoo/projects/AutomationDetection/DownloadedLC/incremental/quiescent_background_cache.csv,,,,,,False,not_in_flare_streak
4FGL J0538.8-4405,119,120,55516.00001157408,5.89e-07,5e-08,4.51e-07,1.9663055489964582e-07,1.371547932618683e-07,1.3662529373152041e-09,1.371547932618683e-07,1.3662529373152041e-09,2.58542e-07,2.58542e-07,1.371547932618683e-07,True,True,False,0,False,,,9.033532280704813,3.0,True,True,55138.00001157408,55516.00001157408,weekly,10.0,sigma,computed,/home/lkoo/projects/AutomationDetection/DownloadedLC/incremental/quiescent_background_cache.csv,,,,,,False,not_in_flare_streak
4FGL J0538.8-4405,120,121,55523.00001157408,5.73e-07,4.58e-08,5.89e-07,1.9663055489964582e-07,1.371547932618683e-07,1.3662529373152041e-09,1.371547932618683e-07,1.3662529373152041e-09,2.58542e-07,2.58542e-07,1.371547932618683e-07,False,True,False,0,False,,,9.512039545542153,3.0,True,True,55138.00001157408,55523.00001157408,weekly,10.0,sigma,computed,/home/lkoo/projects/AutomationDetection/DownloadedLC/incremental/quiescent_background_cache.csv,,,,,,False,not_in_flare_streak
4FGL J0538.8-4405,121,122,55530.00001157408,5.08e-07,4.13e-08,5.73e-07,1.9663055489964582e-07,1.371547932618683e-07,1.3662529373152041e-09,1.371547932618683e-07,1.3662529373152041e-09,2.58542e-07,2.58542e-07,1.371547932618683e-07,False,True,False,0,False,,,8.974393539182778,3.0,True,True,55138.00001157408,55530.00001157408,weekly,10.0,sigma,computed,/home/lkoo/projects/AutomationDetection/DownloadedLC/incremental/quiescent_background_cache.csv,,,,,,False,not_in_flare_streak
4FGL J0538.8-4405,122,123,55537.00001157408,4.9e-07,4.36e-08,5.08e-07,1.9663055489964582e-07,1.371547932618683e-07,1.3662529373152041e-09,1.371547932618683e-07,1.3662529373152041e-09,2.58542e-07,2.58542e-07,1.371547932618683e-07,False,True,False,0,False,,,8.088809543484288,3.0,True,True,55138.00001157408,55537.00001157408,weekly,10.0,sigma,computed,/home/lkoo/projects/AutomationDetection/DownloadedLC/incremental/quiescent_background_cache.csv,,,,,,False,not_in_flare_streak
4FGL J0538.8-4405,123,124,55544.00001157408,5.24e-07,5.42e-08,4.9e-07,1.9663055489964582e-07,1.371547932618683e-07,1.3662529373152041e-09,1.371547932618683e-07,1.3662529373152041e-09,2.58542e-07,2.58542e-07,1.371547932618683e-07,True,True,False,0,False,,,7.135098891274251,3.0,True,True,55138.00001157408,55544.00001157408,weekly,10.0,sigma,computed,/home/lkoo/projects/AutomationDetection/DownloadedLC/incremental/quiescent_background_cache.csv,,,,,,False,not_in_flare_streak
4FGL J0538.8-4405,124,125,55551.00001157408,5.05e-07,6.56e-08,5.24e-07,1.9663055489964582e-07,1.371547932618683e-07,1.3662529373152041e-09,1.371547932618683e-07,1.3662529373152041e-09,2.58542e-07,2.58542e-07,1.371547932618683e-07,False,True,False,0,False,,,5.606180693427742,3.0,True,True,55138.00001157408,55551.00001157408,weekly,10.0,sigma,computed,/home/lkoo/projects/AutomationDetection/DownloadedLC/incremental/quiescent_background_cache.csv,,,,,,False,not_in_flare_streak
4FGL J0538.8-4405,125,126,55558.00001157408,4.28e-07,5.18e-08,5.05e-07,1.9663055489964582e-07,1.371547932618683e-07,1.3662529373152041e-09,1.371547932618683e-07,1.3662529373152041e-09,2.58542e-07,2.58542e-07,1.371547932618683e-07,False,True,False,0,False,,,5.612820337512208,3.0,True,True,55138.00001157408,55558.00001157408,weekly,10.0,sigma,computed,/home/lkoo/projects/AutomationDetection/DownloadedLC/incremental/quiescent_background_cache.csv,,,,,,False,not_in_flare_streak
4FGL J0538.8-4405,126,127,55565.00001157408,5.26e-07,4.97e-08,4.28e-07,1.9663055489964582e-07,1.371547932618683e-07,1.3662529373152041e-09,1.371547932618683e-07,1.3662529373152041e-09,2.58542e-07,2.58542e-07,1.371547932618683e-07,True,True,False,0,False,,,7.820892651748767,3.0,True,True,55138.00001157408,55565.00001157408,weekly,10.0,sigma,computed,/home/lkoo/projects/AutomationDetection/DownloadedLC/incremental/quiescent_background_cache.csv,,,,,,False,not_in_flare_streak
4FGL J0538.8-4405,127,128,55572.00001157408,4.81e-07,4.4e-08,5.26e-07,1.9663055489964582e-07,1.371547932618683e-07,1.3662529373152041e-09,1.371547932618683e-07,1.3662529373152041e-09,2.58542e-07,2.58542e-07,1.371547932618683e-07,False,True,False,0,False,,,7.81089915123286,3.0,True,True,55138.00001157408,55572.00001157408,weekly,10.0,sigma,computed,/home/lkoo/projects/AutomationDetection/DownloadedLC/incremental/quiescent_background_cache.csv,,,,,,False,not_in_flare_streak
4FGL J0538.8-4405,128,129,55579.00001157408,3.89e-07,3.74e-08,4.81e-07,1.9663055489964582e-07,1.371547932618683e-07,1.3662529373152041e-09,1.371547932618683e-07,1.3662529373152041e-09,2.58542e-07,2.58542e-07,1.371547932618683e-07,False,True,False,0,False,,,6.729340397325391,3.0,True,True,55138.00001157408,55579.00001157408,weekly,10.0,sigma,computed,/home/lkoo/projects/AutomationDetection/DownloadedLC/incremental/quiescent_background_cache.csv,,,,,,False,not_in_flare_streak
4FGL J0538.8-4405,129,130,55586.00001157408,3.41e-07,3.58e-08,3.89e-07,1.9663055489964582e-07,1.371547932618683e-07,1.3662529373152041e-09,1.371547932618683e-07,1.3662529373152041e-09,2.58542e-07,2.58542e-07,1.371547932618683e-07,False,True,False,0,False,,,5.689858193265411,3.0,True,True,55138.00001157408,55586.00001157408,weekly,10.0,sigma,computed,/home/lkoo/projects/AutomationDetection/DownloadedLC/incremental/quiescent_background_cache.csv,,,,,,False,not_in_flare_streak
4FGL J0538.8-4405,130,131,55593.00001157408,3.9e-07,4.21e-08,3.41e-07,1.9663055489964582e-07,1.371547932618683e-07,1.3662529373152041e-09,1.371547932618683e-07,1.3662529373152041e-09,2.58542e-07,2.58542e-07,1.371547932618683e-07,True,True,False,0,False,,,6.002664310202047,3.0,True,True,55138.00001157408,55593.00001157408,weekly,10.0,sigma,computed,/home/lkoo/projects/AutomationDetection/DownloadedLC/incremental/quiescent_background_cache.csv,,,,,,False,not_in_flare_streak
4FGL J0538.8-4405,131,132,55600.00001157408,3.62e-07,4.69e-08,3.9e-07,1.9663055489964582e-07,1.371547932618683e-07,1.3662529373152041e-09,1.371547932618683e-07,1.3662529373152041e-09,2.58542e-07,2.58542e-07,1.371547932618683e-07,False,True,False,0,False,,,4.79210794519595,3.0,True,True,55138.00001157408,55600.00001157408,weekly,10.0,sigma,computed,/home/lkoo/projects/AutomationDetection/DownloadedLC/incremental/quiescent_background_cache.csv,,,,,,False,not_in_flare_streak
4FGL J0538.8-4405,132,133,55607.00001157408,3.47e-07,5.13e-08,3.62e-07,1.9663055489964582e-07,1.371547932618683e-07,1.3662529373152041e-09,1.371547932618683e-07,1.3662529373152041e-09,2.58542e-07,2.58542e-07,1.371547932618683e-07,False,True,False,0,False,,,4.0890999049882,3.0,True,True,55138.00001157408,55607.00001157408,weekly,10.0,sigma,computed,/home/lkoo/projects/AutomationDetection/DownloadedLC/incremental/quiescent_background_cache.csv,,,,,,False,not_in_flare_streak
4FGL J0538.8-4405,133,134,55614.00001157408,3.94e-07,5.11e-08,3.47e-07,1.9663055489964582e-07,1.371547932618683e-07,1.3662529373152041e-09,1.371547932618683e-07,1.3662529373152041e-09,2.58542e-07,2.58542e-07,1.371547932618683e-07,True,True,False,0,False,,,5.024529390789822,3.0,True,True,55138.00001157408,55614.00001157408,weekly,10.0,sigma,computed,/home/lkoo/projects/AutomationDetection/DownloadedLC/incremental/quiescent_background_cache.csv,,,,,,False,not_in_flare_streak
4FGL J0538.8-4405,134,135,55621.00001157408,3.55e-07,4.25e-08,3.94e-07,1.9663055489964582e-07,1.371547932618683e-07,1.3662529373152041e-09,1.371547932618683e-07,1.3662529373152041e-09,2.58542e-07,2.58542e-07,1.371547932618683e-07,False,True,False,0,False,,,5.123123039298709,3.0,True,True,55138.00001157408,55621.00001157408,weekly,10.0,sigma,computed,/home/lkoo/projects/AutomationDetection/DownloadedLC/incremental/quiescent_background_cache.csv,,,,,,False,not_in_flare_streak
4FGL J0538.8-4405,135,136,55628.00001157408,3.4e-07,4e-08,3.55e-07,1.9663055489964582e-07,1.371547932618683e-07,1.3662529373152041e-09,1.371547932618683e-07,1.3662529373152041e-09,2.58542e-07,2.58542e-07,1.371547932618683e-07,False,True,False,0,False,,,5.068174626035298,3.0,True,True,55138.00001157408,55628.00001157408,weekly,10.0,sigma,computed,/home/lkoo/projects/AutomationDetection/DownloadedLC/incremental/quiescent_background_cache.csv,,,,,,False,not_in_flare_streak
4FGL J0538.8-4405,136,137,55635.00001157408,3.17e-07,3.84e-08,3.4e-07,1.9663055489964582e-07,1.371547932618683e-07,1.3662529373152041e-09,1.371547932618683e-07,1.3662529373152041e-09,2.58542e-07,2.58542e-07,1.371547932618683e-07,False,True,False,0,False,,,4.680507332815179,3.0,True,True,55138.00001157408,55635.00001157408,weekly,10.0,sigma,computed,/home/lkoo/projects/AutomationDetection/DownloadedLC/incremental/quiescent_background_cache.csv,,,,,,False,not_in_flare_streak
4FGL J0538.8-4405,137,138,55642.00001157408,2.81e-07,5.32e-08,3.17e-07,1.9663055489964582e-07,1.371547932618683e-07,1.3662529373152041e-09,1.371547932618683e-07,1.3662529373152041e-09,2.58542e-07,2.58542e-07,1.371547932618683e-07,False,True,False,0,False,,,2.7029660638054476,3.0,False,True,55138.00001157408,55642.00001157408,weekly,10.0,sigma,computed,/home/lkoo/projects/AutomationDetection/DownloadedLC/incremental/quiescent_background_cache.csv,,,,,,False,not_in_flare_streak
4FGL J0538.8-4405,138,139,55649.00001157408,3.28e-07,4.33e-08,2.81e-07,1.9663055489964582e-07,1.371547932618683e-07,1.3662529373152041e-09,1.371547932618683e-07,1.3662529373152041e-09,2.58542e-07,2.58542e-07,1.371547932618683e-07,True,True,False,0,False,,,4.405318118667806,3.0,True,True,55138.00001157408,55649.00001157408,weekly,10.0,sigma,computed,/home/lkoo/projects/AutomationDetection/DownloadedLC/incremental/quiescent_background_cache.csv,,,,,,False,not_in_flare_streak
4FGL J0538.8-4405,139,140,55656.00001157408,4.21e-07,5.86e-08,3.28e-07,1.9663055489964582e-07,1.371547932618683e-07,1.3662529373152041e-09,1.371547932618683e-07,1.3662529373152041e-09,2.58542e-07,2.58542e-07,1.371547932618683e-07,True,True,False,0,False,,,4.842458895264216,3.0,True,True,55138.00001157408,55656.00001157408,weekly,10.0,sigma,computed,/home/lkoo/projects/AutomationDetection/DownloadedLC/incremental/quiescent_background_cache.csv,,,,,,False,not_in_flare_streak
4FGL J0538.8-4405,140,141,55663.00001157408,3.57e-07,4.97e-08,4.21e-07,1.9663055489964582e-07,1.371547932618683e-07,1.3662529373152041e-09,1.371547932618683e-07,1.3662529373152041e-09,2.58542e-07,2.58542e-07,1.371547932618683e-07,False,True,False,0,False,,,4.421774351608158,3.0,True,True,55138.00001157408,55663.00001157408,weekly,10.0,sigma,computed,/home/lkoo/projects/AutomationDetection/DownloadedLC/incremental/quiescent_background_cache.csv,,,,,,False,not_in_flare_streak
4FGL J0538.8-4405,141,142,55670.00001157408,3.45e-07,4.9e-08,3.57e-07,1.9663055489964582e-07,1.371547932618683e-07,1.3662529373152041e-09,1.371547932618683e-07,1.3662529373152041e-09,2.58542e-07,2.58542e-07,1.371547932618683e-07,False,True,False,0,False,,,4.240091013018865,3.0,True,True,55138.00001157408,55670.00001157408,weekly,10.0,sigma,computed,/home/lkoo/projects/AutomationDetection/DownloadedLC/incremental/quiescent_background_cache.csv,,,,,,False,not_in_flare_streak
4FGL J0538.8-4405,142,143,55677.00001157408,3.04e-07,4.08e-08,3.45e-07,1.9663055489964582e-07,1.371547932618683e-07,1.3662529373152041e-09,1.371547932618683e-07,1.3662529373152041e-09,2.58542e-07,2.58542e-07,1.371547932618683e-07,False,True,False,0,False,,,4.0870524326071775,3.0,True,True,55138.00001157408,55677.00001157408,weekly,10.0,sigma,computed,/home/lkoo/projects/AutomationDetection/DownloadedLC/incremental/quiescent_background_cache.csv,,,,,,False,not_in_flare_streak
4FGL J0538.8-4405,143,144,55684.00001157408,4.1e-07,4.11e-08,3.04e-07,1.9663055489964582e-07,1.371547932618683e-07,1.3662529373152041e-09,1.371547932618683e-07,1.3662529373152041e-09,2.58542e-07,2.58542e-07,1.371547932618683e-07,True,True,False,0,False,,,6.634904596861027,3.0,True,True,55138.00001157408,55684.00001157408,weekly,10.0,sigma,computed,/home/lkoo/projects/AutomationDetection/DownloadedLC/incremental/quiescent_background_cache.csv,,,,,,False,not_in_flare_streak
4FGL J0538.8-4405,144,145,55691.00001157408,3.33e-07,3.71e-08,4.1e-07,1.9663055489964582e-07,1.371547932618683e-07,1.3662529373152041e-09,1.371547932618683e-07,1.3662529373152041e-09,2.58542e-07,2.58542e-07,1.371547932618683e-07,False,True,False,0,False,,,5.275270670673933,3.0,True,True,55138.00001157408,55691.00001157408,weekly,10.0,sigma,computed,/home/lkoo/projects/AutomationDetection/DownloadedLC/incremental/quiescent_background_cache.csv,,,,,,False,not_in_flare_streak
4FGL J0538.8-4405,145,146,55698.00001157408,2.98e-07,3.62e-08,3.33e-07,1.9663055489964582e-07,1.371547932618683e-07,1.3662529373152041e-09,1.371547932618683e-07,1.3662529373152041e-09,2.58542e-07,2.58542e-07,1.371547932618683e-07,False,True,False,0,False,,,4.440076562535173,3.0,True,True,55138.00001157408,55698.00001157408,weekly,10.0,sigma,computed,/home/lkoo/projects/AutomationDetection/DownloadedLC/incremental/quiescent_background_cache.csv,,,,,,False,not_in_flare_streak
4FGL J0538.8-4405,146,147,55705.00001157408,3.78e-07,5.4e-08,2.98e-07,1.9663055489964582e-07,1.371547932618683e-07,1.3662529373152041e-09,1.371547932618683e-07,1.3662529373152041e-09,2.58542e-07,2.58542e-07,1.371547932618683e-07,True,True,False,0,False,,,4.458669563899783,3.0,True,True,55138.00001157408,55705.00001157408,weekly,10.0,sigma,computed,/home/lkoo/projects/AutomationDetection/DownloadedLC/incremental/quiescent_background_cache.csv,,,,,,False,not_in_flare_streak
4FGL J0538.8-4405,147,148,55712.00001157408,3.07e-07,5.53e-08,3.78e-07,1.9663055489964582e-07,1.371547932618683e-07,1.3662529373152041e-09,1.371547932618683e-07,1.3662529373152041e-09,2.58542e-07,2.58542e-07,1.371547932618683e-07,False,True,False,0,False,,,3.070404954906657,3.0,True,True,55138.00001157408,55712.00001157408,weekly,10.0,sigma,computed,/home/lkoo/projects/AutomationDetection/DownloadedLC/incremental/quiescent_background_cache.csv,,,,,,False,not_in_flare_streak
4FGL J0538.8-4405,148,149,55719.00001157408,3.18e-07,5.5e-08,3.07e-07,1.9663055489964582e-07,1.371547932618683e-07,1.3662529373152041e-09,1.371547932618683e-07,1.3662529373152041e-09,2.58542e-07,2.58542e-07,1.371547932618683e-07,True,True,False,0,False,,,3.2870806393321526,3.0,True,True,55138.00001157408,55719.00001157408,weekly,10.0,sigma,computed,/home/lkoo/projects/AutomationDetection/DownloadedLC/incremental/quiescent_background_cache.csv,,,,,,False,not_in_flare_streak
4FGL J0538.8-4405,149,150,55726.00001157408,2.32e-07,3.8e-08,3.18e-07,1.9663055489964582e-07,1.371547932618683e-07,1.3662529373152041e-09,1.371547932618683e-07,1.3662529373152041e-09,2.58542e-07,2.58542e-07,1.371547932618683e-07,False,True,False,0,False,,,2.49431482351721,3.0,False,True,55138.00001157408,55726.00001157408,weekly,10.0,sigma,computed,/home/lkoo/projects/AutomationDetection/DownloadedLC/incremental/quiescent_background_cache.csv,,,,,,False,not_in_flare_streak
4FGL J0538.8-4405,150,151,55733.00001157408,2.46e-07,3.74e-08,2.32e-07,1.9663055489964582e-07,1.371547932618683e-07,1.3662529373152041e-09,1.371547932618683e-07,1.3662529373152041e-09,2.58542e-07,2.58542e-07,1.371547932618683e-07,True,True,False,0,False,,,2.9083596874636997,3.0,False,True,55138.00001157408,55733.00001157408,weekly,10.0,sigma,computed,/home/lkoo/projects/AutomationDetection/DownloadedLC/incremental/quiescent_background_cache.csv,,,,,,False,not_in_flare_streak
4FGL J0538.8-4405,151,152,55740.00001157408,2.21e-07,3.26e-08,2.46e-07,1.9663055489964582e-07,1.371547932618683e-07,1.3662529373152041e-09,1.371547932618683e-07,1.3662529373152041e-09,2.58542e-07,2.58542e-07,1.371547932618683e-07,False,True,False,0,False,,,2.5696831326849847,3.0,False,True,55138.00001157408,55740.00001157408,weekly,10.0,sigma,computed,/home/lkoo/projects/AutomationDetection/DownloadedLC/incremental/quiescent_background_cache.csv,,,,,,False,not_in_flare_streak
4FGL J0538.8-4405,152,153,55747.00001157408,3.49e-07,4.08e-08,2.21e-07,1.9663055489964582e-07,1.371547932618683e-07,1.3662529373152041e-09,1.371547932618683e-07,1.3662529373152041e-09,2.58542e-07,2.58542e-07,1.371547932618683e-07,True,True,False,0,False,,,5.189375736122791,3.0,True,True,55138.00001157408,55747.00001157408,weekly,10.0,sigma,computed,/home/lkoo/projects/AutomationDetection/DownloadedLC/incremental/quiescent_background_cache.csv,,,,,,False,not_in_flare_streak
4FGL J0538.8-4405,153,154,55754.00001157408,2.21e-07,3.54e-08,3.49e-07,1.9663055489964582e-07,1.371547932618683e-07,1.3662529373152041e-09,1.371547932618683e-07,1.3662529373152041e-09,2.58542e-07,2.58542e-07,1.371547932618683e-07,False,True,False,0,False,,,2.3667466246547835,3.0,False,True,55138.00001157408,55754.00001157408,weekly,10.0,sigma,computed,/home/lkoo/projects/AutomationDetection/DownloadedLC/incremental/quiescent_background_cache.csv,,,,,,False,not_in_flare_streak
4FGL J0538.8-4405,154,155,55761.00001157408,3.11e-07,4.95e-08,2.21e-07,1.9663055489964582e-07,1.371547932618683e-07,1.3662529373152041e-09,1.371547932618683e-07,1.3662529373152041e-09,2.58542e-07,2.58542e-07,1.371547932618683e-07,True,True,False,0,False,,,3.5106873789032695,3.0,True,True,55138.00001157408,55761.00001157408,weekly,10.0,sigma,computed,/home/lkoo/projects/AutomationDetection/DownloadedLC/incremental/quiescent_background_cache.csv,,,,,,False,not_in_flare_streak
4FGL J0538.8-4405,155,156,55768.00001157408,2.82e-07,5.06e-08,3.11e-07,1.9663055489964582e-07,1.371547932618683e-07,1.3662529373152041e-09,1.371547932618683e-07,1.3662529373152041e-09,2.58542e-07,2.58542e-07,1.371547932618683e-07,False,True,False,0,False,,,2.861510581461025,3.0,False,True,55138.00001157408,55768.00001157408,weekly,10.0,sigma,computed,/home/lkoo/projects/AutomationDetection/DownloadedLC/incremental/quiescent_background_cache.csv,,,,,,False,not_in_flare_streak
4FGL J0538.8-4405,156,157,55775.00001157408,2.16e-07,3.87e-08,2.82e-07,1.9663055489964582e-07,1.371547932618683e-07,1.3662529373152041e-09,1.371547932618683e-07,1.3662529373152041e-09,2.58542e-07,2.58542e-07,1.371547932618683e-07,False,True,False,0,False,,,2.0360754063908675,3.0,False,True,55138.00001157408,55775.00001157408,weekly,10.0,sigma,computed,/home/lkoo/projects/AutomationDetection/DownloadedLC/incremental/quiescent_background_cache.csv,,,,,,False,not_in_flare_streak
4FGL J0538.8-4405,157,158,55782.00001157408,2.04e-07,3.67e-08,2.16e-07,1.9663055489964582e-07,1.371547932618683e-07,1.3662529373152041e-09,1.371547932618683e-07,1.3662529373152041e-09,2.58542e-07,2.58542e-07,1.371547932618683e-07,False,True,False,0,False,,,1.820134458729435,3.0,False,True,55138.00001157408,55782.00001157408,weekly,10.0,sigma,computed,/home/lkoo/projects/AutomationDetection/DownloadedLC/incremental/quiescent_background_cache.csv,,,,,,False,not_in_flare_streak
4FGL J0538.8-4405,158,159,55789.00001157408,2.19e-07,3.56e-08,2.04e-07,1.9663055489964582e-07,1.371547932618683e-07,1.3662529373152041e-09,1.371547932618683e-07,1.3662529373152041e-09,2.58542e-07,2.58542e-07,1.371547932618683e-07,True,True,False,0,False,,,2.2973314569415964,3.0,False,True,55138.00001157408,55789.00001157408,weekly,10.0,sigma,computed,/home/lkoo/projects/AutomationDetection/DownloadedLC/incremental/quiescent_background_cache.csv,,,,,,False,not_in_flare_streak
4FGL J0538.8-4405,159,160,55796.00001157408,2.72e-07,3.67e-08,2.19e-07,1.9663055489964582e-07,1.371547932618683e-07,1.3662529373152041e-09,1.371547932618683e-07,1.3662529373152041e-09,2.58542e-07,2.58542e-07,1.371547932618683e-07,True,True,False,0,False,,,3.671712892445278,3.0,True,True,55138.00001157408,55796.00001157408,weekly,10.0,sigma,computed,/home/lkoo/projects/AutomationDetection/DownloadedLC/incremental/quiescent_background_cache.csv,,,,,,False,not_in_flare_streak
4FGL J0538.8-4405,160,161,55803.00001157408,2.63e-07,4.23e-08,2.72e-07,1.9663055489964582e-07,1.371547932618683e-07,1.3662529373152041e-09,1.371547932618683e-07,1.3662529373152041e-09,2.58542e-07,2.58542e-07,1.371547932618683e-07,False,True,False,0,False,,,2.9735133591684195,3.0,False,True,55138.00001157408,55803.00001157408,weekly,10.0,sigma,computed,/home/lkoo/projects/AutomationDetection/DownloadedLC/incremental/quiescent_background_cache.csv,,,,,,False,not_in_flare_streak
4FGL J0538.8-4405,161,162,55810.00001157408,1.46e-07,5.16e-08,2.63e-07,1.9663055489964582e-07,1.371547932618683e-07,1.3662529373152041e-09,1.371547932618683e-07,1.3662529373152041e-09,2.58542e-07,2.58542e-07,1.371547932618683e-07,False,True,False,0,False,,,0.1713586783471197,3.0,False,True,55138.00001157408,55810.00001157408,weekly,10.0,sigma,computed,/home/lkoo/projects/AutomationDetection/DownloadedLC/incremental/quiescent_background_cache.csv,,,,,,False,not_in_flare_streak
4FGL J0538.8-4405,162,163,55817.00001157408,1.97e-07,4.42e-08,1.46e-07,1.9663055489964582e-07,1.371547932618683e-07,1.3662529373152041e-09,1.371547932618683e-07,1.3662529373152041e-09,2.58542e-07,2.58542e-07,1.371547932618683e-07,True,True,False,0,False,,,1.3533175796110184,3.0,False,True,55138.00001157408,55817.00001157408,weekly,10.0,sigma,computed,/home/lkoo/projects/AutomationDetection/DownloadedLC/incremental/quiescent_background_cache.csv,,,,,,False,not_in_flare_streak
4FGL J0538.8-4405,163,164,55824.00001157408,1.53e-07,4.06e-08,1.97e-07,1.9663055489964582e-07,1.371547932618683e-07,1.3662529373152041e-09,1.371547932618683e-07,1.3662529373152041e-09,2.58542e-07,2.58542e-07,1.371547932618683e-07,False,True,False,0,False,,,0.3900552360156838,3.0,False,True,55138.00001157408,55824.00001157408,weekly,10.0,sigma,computed,/home/lkoo/projects/AutomationDetection/DownloadedLC/incremental/quiescent_background_cache.csv,,,,,,False,not_in_flare_streak
4FGL J0538.8-4405,164,165,55831.00001157408,1.55e-07,3.95e-08,1.53e-07,1.9663055489964582e-07,1.371547932618683e-07,1.3662529373152041e-09,1.371547932618683e-07,1.3662529373152041e-09,2.58542e-07,2.58542e-07,1.371547932618683e-07,True,True,False,0,False,,,0.4515073800042933,3.0,False,True,55138.00001157408,55831.00001157408,weekly,10.0,sigma,computed,/home/lkoo/projects/AutomationDetection/DownloadedLC/incremental/quiescent_background_cache.csv,,,,,,False,not_in_flare_streak
4FGL J0538.8-4405,165,166,55838.00001157408,1.77e-07,3.66e-08,1.55e-07,1.9663055489964582e-07,1.371547932618683e-07,1.3662529373152041e-09,1.371547932618683e-07,1.3662529373152041e-09,2.58542e-07,2.58542e-07,1.371547932618683e-07,True,True,False,0,False,,,1.0879091260505043,3.0,False,True,55138.00001157408,55838.00001157408,weekly,10.0,sigma,computed,/home/lkoo/projects/AutomationDetection/DownloadedLC/incremental/quiescent_background_cache.csv,,,,,,False,not_in_flare_streak
4FGL J0538.8-4405,166,167,55845.00001157408,2.61e-07,3.74e-08,1.77e-07,1.9663055489964582e-07,1.371547932618683e-07,1.3662529373152041e-09,1.371547932618683e-07,1.3662529373152041e-09,2.58542e-07,2.58542e-07,1.371547932618683e-07,True,True,False,0,False,,,3.3091618598268147,3.0,True,True,55138.00001157408,55845.00001157408,weekly,10.0,sigma,computed,/home/lkoo/projects/AutomationDetection/DownloadedLC/incremental/quiescent_background_cache.csv,,,,,,False,not_in_flare_streak
4FGL J0538.8-4405,167,168,55852.00001157408,1.69e-07,3.26e-08,2.61e-07,1.9663055489964582e-07,1.371547932618683e-07,1.3662529373152041e-09,1.371547932618683e-07,1.3662529373152041e-09,2.58542e-07,2.58542e-07,1.371547932618683e-07,False,True,False,0,False,,,0.9759900869160484,3.0,False,True,55138.00001157408,55852.00001157408,weekly,10.0,sigma,computed,/home/lkoo/projects/AutomationDetection/DownloadedLC/incremental/quiescent_background_cache.csv,,,,,,False,not_in_flare_streak
4FGL J0538.8-4405,168,169,55859.00001157408,1.75e-07,3.54e-08,1.69e-07,1.9663055489964582e-07,1.371547932618683e-07,1.3662529373152041e-09,1.371547932618683e-07,1.3662529373152041e-09,2.58542e-07,2.58542e-07,1.371547932618683e-07,True,True,False,0,False,,,1.068278304645176,3.0,False,True,55138.00001157408,55859.00001157408,weekly,10.0,sigma,computed,/home/lkoo/projects/AutomationDetection/DownloadedLC/incremental/quiescent_background_cache.csv,,,,,,False,not_in_flare_streak
4FGL J0538.8-4405,169,170,55866.00001157408,1.92e-07,4.38e-08,1.75e-07,1.9663055489964582e-07,1.371547932618683e-07,1.3662529373152041e-09,1.371547932618683e-07,1.3662529373152041e-09,2.58542e-07,2.58542e-07,1.371547932618683e-07,True,True,False,0,False,,,1.2515649299015736,3.0,False,True,55138.00001157408,55866.00001157408,weekly,10.0,sigma,computed,/home/lkoo/projects/AutomationDetection/DownloadedLC/incremental/quiescent_background_cache.csv,,,,,,False,not_in_flare_streak
4FGL J0538.8-4405,170,171,55873.00001157408,1.56e-07,4.49e-08,1.92e-07,1.9663055489964582e-07,1.371547932618683e-07,1.3662529373152041e-09,1.371547932618683e-07,1.3662529373152041e-09,2.58542e-07,2.58542e-07,1.371547932618683e-07,False,True,False,0,False,,,0.41952089741823945,3.0,False,True,55138.00001157408,55873.00001157408,weekly,10.0,sigma,computed,/home/lkoo/projects/AutomationDetection/DownloadedLC/incremental/quiescent_background_cache.csv,,,,,,False,not_in_flare_streak
4FGL J0538.8-4405,171,172,55880.00001157408,2.49e-07,5.11e-08,1.56e-07,1.9663055489964582e-07,1.371547932618683e-07,1.3662529373152041e-09,1.371547932618683e-07,1.3662529373152041e-09,2.58542e-07,2.58542e-07,1.371547932618683e-07,True,True,False,0,False,,,2.1879696943212434,3.0,False,True,55138.00001157408,55880.00001157408,weekly,10.0,sigma,computed,/home/lkoo/projects/AutomationDetection/DownloadedLC/incremental/quiescent_background_cache.csv,,,,,,False,not_in_flare_streak
4FGL J0538.8-4405,172,173,55887.00001157408,1.77e-07,3.71e-08,2.49e-07,1.9663055489964582e-07,1.371547932618683e-07,1.3662529373152041e-09,1.371547932618683e-07,1.3662529373152041e-09,2.58542e-07,2.58542e-07,1.371547932618683e-07,False,True,False,0,False,,,1.0732672704809172,3.0,False,True,55138.00001157408,55887.00001157408,weekly,10.0,sigma,computed,/home/lkoo/projects/AutomationDetection/DownloadedLC/incremental/quiescent_background_cache.csv,,,,,,False,not_in_flare_streak
4FGL J0538.8-4405,173,174,55894.00001157408,2.24e-07,3.54e-08,1.77e-07,1.9663055489964582e-07,1.371547932618683e-07,1.3662529373152041e-09,1.371547932618683e-07,1.3662529373152041e-09,2.58542e-07,2.58542e-07,1.371547932618683e-07,True,True,False,0,False,,,2.451429341177149,3.0,False,True,55138.00001157408,55894.00001157408,weekly,10.0,sigma,computed,/home/lkoo/projects/AutomationDetection/DownloadedLC/incremental/quiescent_background_cache.csv,,,,,,False,not_in_flare_streak
4FGL J0538.8-4405,174,175,55901.00001157408,1.72e-07,3.13e-08,2.24e-07,1.9663055489964582e-07,1.371547932618683e-07,1.3662529373152041e-09,1.371547932618683e-07,1.3662529373152041e-09,2.58542e-07,2.58542e-07,1.371547932618683e-07,False,True,False,0,False,,,1.1122063270440357,3.0,False,True,55138.00001157408,55901.00001157408,weekly,10.0,sigma,computed,/home/lkoo/projects/AutomationDetection/DownloadedLC/incremental/quiescent_background_cache.csv,,,,,,False,not_in_flare_streak
4FGL J0538.8-4405,175,176,55908.00001157408,2.26e-07,3.91e-08,1.72e-07,1.9663055489964582e-07,1.371547932618683e-07,1.3662529373152041e-09,1.371547932618683e-07,1.3662529373152041e-09,2.58542e-07,2.58542e-07,1.371547932618683e-07,True,True,False,0,False,,,2.270870005806737,3.0,False,True,55138.00001157408,55908.00001157408,weekly,10.0,sigma,computed,/home/lkoo/projects/AutomationDetection/DownloadedLC/incremental/quiescent_background_cache.csv,,,,,,False,not_in_flare_streak
4FGL J0538.8-4405,176,177,55915.00001157408,1.91e-07,4.07e-08,2.26e-07,1.9663055489964582e-07,1.371547932618683e-07,1.3662529373152041e-09,1.371547932618683e-07,1.3662529373152041e-09,2.58542e-07,2.58542e-07,1.371547932618683e-07,False,True,False,0,False,,,1.322233270507458,3.0,False,True,55138.00001157408,55915.00001157408,weekly,10.0,sigma,computed,/home/lkoo/projects/AutomationDetection/DownloadedLC/incremental/quiescent_background_cache.csv,,,,,,False,not_in_flare_streak
4FGL J0538.8-4405,177,178,55922.00001157408,1.36e-07,4.03e-08,1.91e-07,1.9663055489964582e-07,1.371547932618683e-07,1.3662529373152041e-09,1.371547932618683e-07,1.3662529373152041e-09,2.58542e-07,2.58542e-07,1.371547932618683e-07,False,False,False,0,False,,,-0.028638466571424638,3.0,False,False,,,weekly,10.0,sigma,computed,/home/lkoo/projects/AutomationDetection/DownloadedLC/incremental/quiescent_background_cache.csv,,,,,,False,not_in_flare_streak
4FGL J0538.8-4405,178,179,55929.00001157408,1.74e-07,5.11e-08,1.36e-07,1.9663055489964582e-07,1.371547932618683e-07,1.3662529373152041e-09,1.371547932618683e-07,1.3662529373152041e-09,2.58542e-07,2.58542e-07,1.371547932618683e-07,True,True,False,0,False,,,0.7207836444237024,3.0,False,False,,,weekly,10.0,sigma,computed,/home/lkoo/projects/AutomationDetection/DownloadedLC/incremental/quiescent_background_cache.csv,,,,,,False,not_in_flare_streak
4FGL J0538.8-4405,179,180,55936.00001157408,1.84e-07,4.51e-08,1.74e-07,1.9663055489964582e-07,1.371547932618683e-07,1.3662529373152041e-09,1.371547932618683e-07,1.3662529373152041e-09,2.58542e-07,2.58542e-07,1.371547932618683e-07,True,True,False,0,False,,,1.0382200927463654,3.0,False,False,,,weekly,10.0,sigma,computed,/home/lkoo/projects/AutomationDetection/DownloadedLC/incremental/quiescent_background_cache.csv,,,,,,False,not_in_flare_streak
4FGL J0538.8-4405,180,181,55943.00001157408,1.69e-07,3.47e-08,1.84e-07,1.9663055489964582e-07,1.371547932618683e-07,1.3662529373152041e-09,1.371547932618683e-07,1.3662529373152041e-09,2.58542e-07,2.58542e-07,1.371547932618683e-07,False,True,False,0,False,,,0.9170187694063546,3.0,False,False,,,weekly,10.0,sigma,computed,/home/lkoo/projects/AutomationDetection/DownloadedLC/incremental/quiescent_background_cache.csv,,,,,,False,not_in_flare_streak
4FGL J0538.8-4405,181,182,55950.00001157408,2.09e-07,3.26e-08,1.69e-07,1.9663055489964582e-07,1.371547932618683e-07,1.3662529373152041e-09,1.371547932618683e-07,1.3662529373152041e-09,2.58542e-07,2.58542e-07,1.371547932618683e-07,True,True,False,0,False,,,2.201907814430615,3.0,False,False,,,weekly,10.0,sigma,computed,/home/lkoo/projects/AutomationDetection/DownloadedLC/incremental/quiescent_background_cache.csv,,,,,,False,not_in_flare_streak
4FGL J0538.8-4405,182,183,55957.00001157408,2.47e-07,3.41e-08,2.09e-07,1.9663055489964582e-07,1.371547932618683e-07,1.3662529373152041e-09,1.371547932618683e-07,1.3662529373152041e-09,2.58542e-07,2.58542e-07,1.371547932618683e-07,True,True,False,0,False,,,3.2186846348538807,3.0,True,True,55957.00001157408,55957.00001157408,weekly,10.0,sigma,computed,/home/lkoo/projects/AutomationDetection/DownloadedLC/incremental/quiescent_background_cache.csv,,,,,,False,not_in_flare_streak
4FGL J0538.8-4405,183,184,55964.00001157408,2.59e-07,3.73e-08,2.47e-07,1.9663055489964582e-07,1.371547932618683e-07,1.3662529373152041e-09,1.371547932618683e-07,1.3662529373152041e-09,2.58542e-07,2.58542e-07,1.371547932618683e-07,True,True,False,0,False,,,3.264438366839491,3.0,True,True,55957.00001157408,55964.00001157408,weekly,10.0,sigma,computed,/home/lkoo/projects/AutomationDetection/DownloadedLC/incremental/quiescent_background_cache.csv,,,,,,False,not_in_flare_streak
4FGL J0538.8-4405,184,185,55971.00001157408,2.26e-07,4.14e-08,2.59e-07,1.9663055489964582e-07,1.371547932618683e-07,1.3662529373152041e-09,1.371547932618683e-07,1.3662529373152041e-09,2.58542e-07,2.58542e-07,1.371547932618683e-07,False,True,False,0,False,,,2.1448518419229123,3.0,False,True,55957.00001157408,55971.00001157408,weekly,10.0,sigma,computed,/home/lkoo/projects/AutomationDetection/DownloadedLC/incremental/quiescent_background_cache.csv,,,,,,False,not_in_flare_streak
4FGL J0538.8-4405,185,186,55978.00001157408,2.57e-07,5.1e-08,2.26e-07,1.9663055489964582e-07,1.371547932618683e-07,1.3662529373152041e-09,1.371547932618683e-07,1.3662529373152041e-09,2.58542e-07,2.58542e-07,1.371547932618683e-07,True,True,False,0,False,,,2.3490632452243014,3.0,False,True,55957.00001157408,55978.00001157408,weekly,10.0,sigma,computed,/home/lkoo/projects/AutomationDetection/DownloadedLC/incremental/quiescent_background_cache.csv,,,,,,False,not_in_flare_streak
4FGL J0538.8-4405,186,187,55985.00001157408,2.44e-07,5.05e-08,2.57e-07,1.9663055489964582e-07,1.371547932618683e-07,1.3662529373152041e-09,1.371547932618683e-07,1.3662529373152041e-09,2.58542e-07,2.58542e-07,1.371547932618683e-07,False,True,False,0,False,,,2.1149727859833116,3.0,False,True,55957.00001157408,55985.00001157408,weekly,10.0,sigma,computed,/home/lkoo/projects/AutomationDetection/DownloadedLC/incremental/quiescent_background_cache.csv,,,,,,False,not_in_flare_streak
4FGL J0538.8-4405,187,188,55992.00001157408,2.53e-07,5.37e-08,2.44e-07,1.9663055489964582e-07,1.371547932618683e-07,1.3662529373152041e-09,1.371547932618683e-07,1.3662529373152041e-09,2.58542e-07,2.58542e-07,1.371547932618683e-07,True,True,False,0,False,,,2.15656854629192,3.0,False,True,55957.00001157408,55992.00001157408,weekly,10.0,sigma,computed,/home/lkoo/projects/AutomationDetection/DownloadedLC/incremental/quiescent_background_cache.csv,,,,,,False,not_in_flare_streak
4FGL J0538.8-4405,188,189,55999.00001157408,2.16e-07,3.42e-08,2.53e-07,1.9663055489964582e-07,1.371547932618683e-07,1.3662529373152041e-09,1.371547932618683e-07,1.3662529373152041e-09,2.58542e-07,2.58542e-07,1.371547932618683e-07,False,True,False,0,False,,,2.303577976126973,3.0,False,True,55957.00001157408,55999.00001157408,weekly,10.0,sigma,computed,/home/lkoo/projects/AutomationDetection/DownloadedLC/incremental/quiescent_background_cache.csv,,,,,,False,not_in_flare_streak
4FGL J0538.8-4405,189,190,56006.00001157408,2.43e-07,3.4e-08,2.16e-07,1.9663055489964582e-07,1.371547932618683e-07,1.3662529373152041e-09,1.371547932618683e-07,1.3662529373152041e-09,2.58542e-07,2.58542e-07,1.371547932618683e-07,True,True,False,0,False,,,3.110583926394036,3.0,True,True,55957.00001157408,56006.00001157408,weekly,10.0,sigma,computed,/home/lkoo/projects/AutomationDetection/DownloadedLC/incremental/quiescent_background_cache.csv,,,,,,False,not_in_flare_streak
4FGL J0538.8-4405,190,191,56013.00001157408,1.83e-07,3.08e-08,2.43e-07,1.9663055489964582e-07,1.371547932618683e-07,1.3662529373152041e-09,1.371547932618683e-07,1.3662529373152041e-09,2.58542e-07,2.58542e-07,1.371547932618683e-07,False,True,False,0,False,,,1.4870184477420316,3.0,False,True,55957.00001157408,56013.00001157408,weekly,10.0,sigma,computed,/home/lkoo/projects/AutomationDetection/DownloadedLC/incremental/quiescent_background_cache.csv,,,,,,False,not_in_flare_streak
4FGL J0538.8-4405,191,192,56020.00001157408,1.61e-07,3.42e-08,1.83e-07,1.9663055489964582e-07,1.371547932618683e-07,1.3662529373152041e-09,1.371547932618683e-07,1.3662529373152041e-09,2.58542e-07,2.58542e-07,1.371547932618683e-07,False,True,False,0,False,,,0.6966725733955028,3.0,False,True,55957.00001157408,56020.00001157408,weekly,10.0,sigma,computed,/home/lkoo/projects/AutomationDetection/DownloadedLC/incremental/quiescent_background_cache.csv,,,,,,False,not_in_flare_streak
4FGL J0538.8-4405,192,193,56027.00001157408,1.67e-07,4.13e-08,1.61e-07,1.9663055489964582e-07,1.371547932618683e-07,1.3662529373152041e-09,1.371547932618683e-07,1.3662529373152041e-09,2.58542e-07,2.58542e-07,1.371547932618683e-07,True,True,False,0,False,,,0.7222491369974682,3.0,False,True,55957.00001157408,56027.00001157408,weekly,10.0,sigma,computed,/home/lkoo/projects/AutomationDetection/DownloadedLC/incremental/quiescent_background_cache.csv,,,,,,False,not_in_flare_streak
4FGL J0538.8-4405,193,194,56034.00001157408,1.9e-07,5.45e-08,1.67e-07,1.9663055489964582e-07,1.371547932618683e-07,1.3662529373152041e-09,1.371547932618683e-07,1.3662529373152041e-09,2.58542e-07,2.58542e-07,1.371547932618683e-07,True,True,False,0,False,,,0.9693322813508357,3.0,False,True,55957.00001157408,56034.00001157408,weekly,10.0,sigma,computed,/home/lkoo/projects/AutomationDetection/DownloadedLC/incremental/quiescent_background_cache.csv,,,,,,False,not_in_flare_streak
4FGL J0538.8-4405,194,195,56041.00001157408,1.41e-07,4.04e-08,1.9e-07,1.9663055489964582e-07,1.371547932618683e-07,1.3662529373152041e-09,1.371547932618683e-07,1.3662529373152041e-09,2.58542e-07,2.58542e-07,1.371547932618683e-07,False,True,False,0,False,,,0.09512400507092016,3.0,False,True,55957.00001157408,56041.00001157408,weekly,10.0,sigma,computed,/home/lkoo/projects/AutomationDetection/DownloadedLC/incremental/quiescent_background_cache.csv,,,,,,False,not_in_flare_streak
4FGL J0538.8-4405,195,196,56048.00001157408,9.85e-08,2.67e-08,1.41e-07,1.9663055489964582e-07,1.371547932618683e-07,1.3662529373152041e-09,1.371547932618683e-07,1.3662529373152041e-09,2.58542e-07,2.58542e-07,1.371547932618683e-07,False,False,False,0,False,,,-1.445853376112019,3.0,False,False,,,weekly,10.0,sigma,computed,/home/lkoo/projects/AutomationDetection/DownloadedLC/incremental/quiescent_background_cache.csv,,,,,,False,not_in_flare_streak
4FGL J0538.8-4405,196,197,56055.00001157408,1.29e-07,2.94e-08,9.85e-08,1.9663055489964582e-07,1.371547932618683e-07,1.3662529373152041e-09,1.371547932618683e-07,1.3662529373152041e-09,2.58542e-07,2.58542e-07,1.371547932618683e-07,True,False,False,0,False,,,-0.27707490031576176,3.0,False,False,,,weekly,10.0,sigma,computed,/home/lkoo/projects/AutomationDetection/DownloadedLC/incremental/quiescent_background_cache.csv,,,,,,False,not_in_flare_streak
4FGL J0538.8-4405,197,198,56062.00001157408,1.28e-07,2.74e-08,1.29e-07,1.9663055489964582e-07,1.371547932618683e-07,1.3662529373152041e-09,1.371547932618683e-07,1.3662529373152041e-09,2.58542e-07,2.58542e-07,1.371547932618683e-07,False,False,False,0,False,,,-0.3337019511444,3.0,False,False,,,weekly,10.0,sigma,computed,/home/lkoo/projects/AutomationDetection/DownloadedLC/incremental/quiescent_background_cache.csv,,,,,,False,not_in_flare_streak
4FGL J0538.8-4405,198,199,56069.00001157408,1.9e-07,3.5e-08,1.28e-07,1.9663055489964582e-07,1.371547932618683e-07,1.3662529373152041e-09,1.371547932618683e-07,1.3662529373152041e-09,2.58542e-07,2.58542e-07,1.371547932618683e-07,True,True,False,0,False,,,1.5087140028947632,3.0,False,False,,,weekly,10.0,sigma,computed,/home/lkoo/projects/AutomationDetection/DownloadedLC/incremental/quiescent_background_cache.csv,,,,,,False,not_in_flare_streak
4FGL J0538.8-4405,199,200,56076.00001157408,1.57e-07,3.44e-08,1.9e-07,1.9663055489964582e-07,1.371547932618683e-07,1.3662529373152041e-09,1.371547932618683e-07,1.3662529373152041e-09,2.58542e-07,2.58542e-07,1.371547932618683e-07,False,True,False,0,False,,,0.5764410811215507,3.0,False,False,,,weekly,10.0,sigma,computed,/home/lkoo/projects/AutomationDetection/DownloadedLC/incremental/quiescent_background_cache.csv,,,,,,False,not_in_flare_streak
4FGL J0538.8-4405,200,201,56083.00001157408,1.62e-07,4.63e-08,1.57e-07,1.9663055489964582e-07,1.371547932618683e-07,1.3662529373152041e-09,1.371547932618683e-07,1.3662529373152041e-09,2.58542e-07,2.58542e-07,1.371547932618683e-07,True,True,False,0,False,,,0.5363800571778357,3.0,False,False,,,weekly,10.0,sigma,computed,/home/lkoo/projects/AutomationDetection/DownloadedLC/incremental/quiescent_background_cache.csv,,,,,,False,not_in_flare_streak
4FGL J0538.8-4405,201,202,56090.00001157408,1.15e-07,4.05e-08,1.62e-07,1.9663055489964582e-07,1.371547932618683e-07,1.3662529373152041e-09,1.371547932618683e-07,1.3662529373152041e-09,2.58542e-07,2.58542e-07,1.371547932618683e-07,False,False,False,0,False,,,-0.5467209295423276,3.0,False,False,,,weekly,10.0,sigma,computed,/home/lkoo/projects/AutomationDetection/DownloadedLC/incremental/quiescent_background_cache.csv,,,,,,False,not_in_flare_streak
4FGL J0538.8-4405,202,203,56097.00001157408,2.12e-07,4.45e-08,1.15e-07,1.9663055489964582e-07,1.371547932618683e-07,1.3662529373152041e-09,1.371547932618683e-07,1.3662529373152041e-09,2.58542e-07,2.58542e-07,1.371547932618683e-07,True,True,False,0,False,,,1.6811226047819638,3.0,False,False,,,weekly,10.0,sigma,computed,/home/lkoo/projects/AutomationDetection/DownloadedLC/incremental/quiescent_background_cache.csv,,,,,,False,not_in_flare_streak
4FGL J0538.8-4405,203,204,56104.00001157408,1.68e-07,3.28e-08,2.12e-07,1.9663055489964582e-07,1.371547932618683e-07,1.3662529373152041e-09,1.371547932618683e-07,1.3662529373152041e-09,2.58542e-07,2.58542e-07,1.371547932618683e-07,False,True,False,0,False,,,0.9395878769883774,3.0,False,False,,,weekly,10.0,sigma,computed,/home/lkoo/projects/AutomationDetection/DownloadedLC/incremental/quiescent_background_cache.csv,,,,,,False,not_in_flare_streak
4FGL J0538.8-4405,204,205,56111.00001157408,1.74e-07,4.32e-08,1.68e-07,1.9663055489964582e-07,1.371547932618683e-07,1.3662529373152041e-09,1.371547932618683e-07,1.3662529373152041e-09,2.58542e-07,2.58542e-07,1.371547932618683e-07,True,True,False,0,False,,,0.8524720816586213,3.0,False,False,,,weekly,10.0,sigma,computed,/home/lkoo/projects/AutomationDetection/DownloadedLC/incremental/quiescent_background_cache.csv,,,,,,False,not_in_flare_streak
4FGL J0538.8-4405,205,206,56118.00001157408,2.42e-07,3.63e-08,1.74e-07,1.9663055489964582e-07,1.371547932618683e-07,1.3662529373152041e-09,1.371547932618683e-07,1.3662529373152041e-09,2.58542e-07,2.58542e-07,1.371547932618683e-07,True,True,False,0,False,,,2.886254087865926,3.0,False,False,,,weekly,10.0,sigma,computed,/home/lkoo/projects/AutomationDetection/DownloadedLC/incremental/quiescent_background_cache.csv,,,,,,False,not_in_flare_streak
4FGL J0538.8-4405,206,207,56125.00001157408,1.46e-07,2.83e-08,2.42e-07,1.9663055489964582e-07,1.371547932618683e-07,1.3662529373152041e-09,1.371547932618683e-07,1.3662529373152041e-09,2.58542e-07,2.58542e-07,1.371547932618683e-07,False,True,False,0,False,,,0.3121878759544819,3.0,False,False,,,weekly,10.0,sigma,computed,/home/lkoo/projects/AutomationDetection/DownloadedLC/incremental/quiescent_background_cache.csv,,,,,,False,not_in_flare_streak
4FGL J0538.8-4405,207,208,56132.00001157408,1.23e-07,3.44e-08,1.46e-07,1.9663055489964582e-07,1.371547932618683e-07,1.3662529373152041e-09,1.371547932618683e-07,1.3662529373152041e-09,2.58542e-07,2.58542e-07,1.371547932618683e-07,False,False,False,0,False,,,-0.4111523975835171,3.0,False,False,,,weekly,10.0,sigma,computed,/home/lkoo/projects/AutomationDetection/DownloadedLC/incremental/quiescent_background_cache.csv,,,,,,False,not_in_flare_streak
4FGL J0538.8-4405,208,209,56139.00001157408,1.67e-07,4.18e-08,1.23e-07,1.9663055489964582e-07,1.371547932618683e-07,1.3662529373152041e-09,1.371547932618683e-07,1.3662529373152041e-09,2.58542e-07,2.58542e-07,1.371547932618683e-07,True,True,False,0,False,,,0.7136190689137785,3.0,False,False,,,weekly,10.0,sigma,computed,/home/lkoo/projects/AutomationDetection/DownloadedLC/incremental/quiescent_background_cache.csv,,,,,,False,not_in_flare_streak
4FGL J0538.8-4405,209,210,56146.00001157408,2.9e-07,5.44e-08,1.67e-07,1.9663055489964582e-07,1.371547932618683e-07,1.3662529373152041e-09,1.371547932618683e-07,1.3662529373152041e-09,2.58542e-07,2.58542e-07,1.371547932618683e-07,True,True,False,0,False,,,2.8087688451939563,3.0,False,False,,,weekly,10.0,sigma,computed,/home/lkoo/projects/AutomationDetection/DownloadedLC/incremental/quiescent_background_cache.csv,,,,,,False,not_in_flare_streak
4FGL J0538.8-4405,210,211,56153.00001157408,2.6e-07,4.44e-08,2.9e-07,1.9663055489964582e-07,1.371547932618683e-07,1.3662529373152041e-09,1.371547932618683e-07,1.3662529373152041e-09,2.58542e-07,2.58542e-07,1.371547932618683e-07,False,True,False,0,False,,,2.765474954849982,3.0,False,False,,,weekly,10.0,sigma,computed,/home/lkoo/projects/AutomationDetection/DownloadedLC/incremental/quiescent_background_cache.csv,,,,,,False,not_in_flare_streak
4FGL J0538.8-4405,211,212,56160.00001157408,2.9e-07,4e-08,2.6e-07,1.9663055489964582e-07,1.371547932618683e-07,1.3662529373152041e-09,1.371547932618683e-07,1.3662529373152041e-09,2.58542e-07,2.58542e-07,1.371547932618683e-07,True,True,False,0,False,,,3.8189031476665263,3.0,True,True,56160.00001157408,56160.00001157408,weekly,10.0,sigma,computed,/home/lkoo/projects/AutomationDetection/DownloadedLC/incremental/quiescent_background_cache.csv,,,,,,False,not_in_flare_streak
4FGL J0538.8-4405,212,213,56167.00001157408,1.33e-07,2.55e-08,2.9e-07,1.9663055489964582e-07,1.371547932618683e-07,1.3662529373152041e-09,1.371547932618683e-07,1.3662529373152041e-09,2.58542e-07,2.58542e-07,1.371547932618683e-07,False,False,False,0,False,,,-0.1626997086217504,3.0,False,False,,,weekly,10.0,sigma,computed,/home/lkoo/projects/AutomationDetection/DownloadedLC/incremental/quiescent_background_cache.csv,,,,,,False,not_in_flare_streak
4FGL J0538.8-4405,213,214,56174.00001157408,2.13e-07,3.49e-08,1.33e-07,1.9663055489964582e-07,1.371547932618683e-07,1.3662529373152041e-09,1.371547932618683e-07,1.3662529373152041e-09,2.58542e-07,2.58542e-07,1.371547932618683e-07,True,True,False,0,False,,,2.171551736623483,3.0,False,False,,,weekly,10.0,sigma,computed,/home/lkoo/projects/AutomationDetection/DownloadedLC/incremental/quiescent_background_cache.csv,,,,,,False,not_in_flare_streak
4FGL J0538.8-4405,214,215,56181.00001157408,2.29e-07,3.85e-08,2.13e-07,1.9663055489964582e-07,1.371547932618683e-07,1.3662529373152041e-09,1.371547932618683e-07,1.3662529373152041e-09,2.58542e-07,2.58542e-07,1.371547932618683e-07,True,True,False,0,False,,,2.384089076103764,3.0,False,False,,,weekly,10.0,sigma,computed,/home/lkoo/projects/AutomationDetection/DownloadedLC/incremental/quiescent_background_cache.csv,,,,,,False,not_in_flare_streak
4FGL J0538.8-4405,215,216,56188.00001157408,1.68e-07,4.26e-08,2.29e-07,1.9663055489964582e-07,1.371547932618683e-07,1.3662529373152041e-09,1.371547932618683e-07,1.3662529373152041e-09,2.58542e-07,2.58542e-07,1.371547932618683e-07,False,True,False,0,False,,,0.7236937888157345,3.0,False,False,,,weekly,10.0,sigma,computed,/home/lkoo/projects/AutomationDetection/DownloadedLC/incremental/quiescent_background_cache.csv,,,,,,False,not_in_flare_streak
4FGL J0538.8-4405,216,217,56195.00001157408,1.69e-07,1.13e-07,1.68e-07,1.9663055489964582e-07,1.371547932618683e-07,1.3662529373152041e-09,1.371547932618683e-07,1.3662529373152041e-09,2.58542e-07,2.58542e-07,1.371547932618683e-07,True,True,False,0,False,,,0.2817953923365781,3.0,False,False,,,weekly,10.0,sigma,computed,/home/lkoo/projects/AutomationDetection/DownloadedLC/incremental/quiescent_background_cache.csv,,,,,,False,not_in_flare_streak
4FGL J0538.8-4405,217,218,56202.00001157408,1.53e-07,4.18e-08,1.69e-07,1.9663055489964582e-07,1.371547932618683e-07,1.3662529373152041e-09,1.371547932618683e-07,1.3662529373152041e-09,2.58542e-07,2.58542e-07,1.371547932618683e-07,False,True,False,0,False,,,0.3788696047048966,3.0,False,False,,,weekly,10.0,sigma,computed,/home/lkoo/projects/AutomationDetection/DownloadedLC/incremental/quiescent_background_cache.csv,,,,,,False,not_in_flare_streak
4FGL J0538.8-4405,218,219,56209.00001157408,1.7e-07,3.77e-08,1.53e-07,1.9663055489964582e-07,1.371547932618683e-07,1.3662529373152041e-09,1.371547932618683e-07,1.3662529373152041e-09,2.58542e-07,2.58542e-07,1.371547932618683e-07,True,True,False,0,False,,,0.8706540950078764,3.0,False,False,,,weekly,10.0,sigma,computed,/home/lkoo/projects/AutomationDetection/DownloadedLC/incremental/quiescent_background_cache.csv,,,,,,False,not_in_flare_streak
4FGL J0538.8-4405,219,220,56216.00001157408,1.28e-07,2.85e-08,1.7e-07,1.9663055489964582e-07,1.371547932618683e-07,1.3662529373152041e-09,1.371547932618683e-07,1.3662529373152041e-09,2.58542e-07,2.58542e-07,1.371547932618683e-07,False,False,False,0,False,,,-0.3208523493530928,3.0,False,False,,,weekly,10.0,sigma,computed,/home/lkoo/projects/AutomationDetection/DownloadedLC/incremental/quiescent_background_cache.csv,,,,,,False,not_in_flare_streak
4FGL J0538.8-4405,220,221,56223.00001157408,1.56e-07,3.34e-08,1.28e-07,1.9663055489964582e-07,1.371547932618683e-07,1.3662529373152041e-09,1.371547932618683e-07,1.3662529373152041e-09,2.58542e-07,2.58542e-07,1.371547932618683e-07,True,True,False,0,False,,,0.5637562820151981,3.0,False,False,,,weekly,10.0,sigma,computed,/home/lkoo/projects/AutomationDetection/DownloadedLC/incremental/quiescent_background_cache.csv,,,,,,False,not_in_flare_streak
4FGL J0538.8-4405,221,222,56230.00001157408,1.11e-07,2.82e-08,1.56e-07,1.9663055489964582e-07,1.371547932618683e-07,1.3662529373152041e-09,1.371547932618683e-07,1.3662529373152041e-09,2.58542e-07,2.58542e-07,1.371547932618683e-07,False,False,False,0,False,,,-0.926388331477765,3.0,False,False,,,weekly,10.0,sigma,computed,/home/lkoo/projects/AutomationDetection/DownloadedLC/incremental/quiescent_background_cache.csv,,,,,,False,not_in_flare_streak
4FGL J0538.8-4405,222,223,56237.00001157408,1.09e-07,4.15e-08,1.11e-07,1.9663055489964582e-07,1.371547932618683e-07,1.3662529373152041e-09,1.371547932618683e-07,1.3662529373152041e-09,2.58542e-07,2.58542e-07,1.371547932618683e-07,False,False,False,0,False,,,-0.6780613970595584,3.0,False,False,,,weekly,10.0,sigma,computed,/home/lkoo/projects/AutomationDetection/DownloadedLC/incremental/quiescent_background_cache.csv,,,,,,False,not_in_flare_streak
4FGL J0538.8-4405,223,224,56244.00001157408,1.17e-07,4e-08,1.09e-07,1.9663055489964582e-07,1.371547932618683e-07,1.3662529373152041e-09,1.371547932618683e-07,1.3662529373152041e-09,2.58542e-07,2.58542e-07,1.371547932618683e-07,True,False,False,0,False,,,-0.5035761674894237,3.0,False,False,,,weekly,10.0,sigma,computed,/home/lkoo/projects/AutomationDetection/DownloadedLC/incremental/quiescent_background_cache.csv,,,,,,False,not_in_flare_streak
4FGL J0538.8-4405,224,225,56251.00001157408,1.01e-07,4.22e-08,1.17e-07,1.9663055489964582e-07,1.371547932618683e-07,1.3662529373152041e-09,1.371547932618683e-07,1.3662529373152041e-09,2.58542e-07,2.58542e-07,1.371547932618683e-07,False,False,False,0,False,,,-0.8562999932755058,3.0,False,False,,,weekly,10.0,sigma,computed,/home/lkoo/projects/AutomationDetection/DownloadedLC/incremental/quiescent_background_cache.csv,,,,,,False,not_in_flare_streak
4FGL J0538.8-4405,225,226,56258.00001157408,1.52e-07,4.3e-08,1.01e-07,1.9663055489964582e-07,1.371547932618683e-07,1.3662529373152041e-09,1.371547932618683e-07,1.3662529373152041e-09,2.58542e-07,2.58542e-07,1.371547932618683e-07,True,True,False,0,False,,,0.34506323166176367,3.0,False,False,,,weekly,10.0,sigma,computed,/home/lkoo/projects/AutomationDetection/DownloadedLC/incremental/quiescent_background_cache.csv,,,,,,False,not_in_flare_streak
4FGL J0538.8-4405,226,227,56265.00001157408,9.14e-08,3.16e-08,1.52e-07,1.9663055489964582e-07,1.371547932618683e-07,1.3662529373152041e-09,1.371547932618683e-07,1.3662529373152041e-09,2.58542e-07,2.58542e-07,1.371547932618683e-07,False,False,False,0,False,,,-1.4465850480344282,3.0,False,False,,,weekly,10.0,sigma,computed,/home/lkoo/projects/AutomationDetection/DownloadedLC/incremental/quiescent_background_cache.csv,,,,,,False,not_in_flare_streak
4FGL J0538.8-4405,227,228,56272.00001157408,1.56e-07,3.01e-08,9.14e-08,1.9663055489964582e-07,1.371547932618683e-07,1.3662529373152041e-09,1.371547932618683e-07,1.3662529373152041e-09,2.58542e-07,2.58542e-07,1.371547932618683e-07,True,True,False,0,False,,,0.6254426362176992,3.0,False,False,,,weekly,10.0,sigma,computed,/home/lkoo/projects/AutomationDetection/DownloadedLC/incremental/quiescent_background_cache.csv,,,,,,False,not_in_flare_streak
4FGL J0538.8-4405,228,229,56279.00001157408,1.32e-07,3.32e-08,1.56e-07,1.9663055489964582e-07,1.371547932618683e-07,1.3662529373152041e-09,1.371547932618683e-07,1.3662529373152041e-09,2.58542e-07,2.58542e-07,1.371547932618683e-07,False,False,False,0,False,,,-0.15513355325963463,3.0,False,False,,,weekly,10.0,sigma,computed,/home/lkoo/projects/AutomationDetection/DownloadedLC/incremental/quiescent_background_cache.csv,,,,,,False,not_in_flare_streak
4FGL J0538.8-4405,229,230,56286.00001157408,2.56e-07,4.35e-08,1.32e-07,1.9663055489964582e-07,1.371547932618683e-07,1.3662529373152041e-09,1.371547932618683e-07,1.3662529373152041e-09,2.58542e-07,2.58542e-07,1.371547932618683e-07,True,True,False,0,False,,,2.730727160464382,3.0,False,False,,,weekly,10.0,sigma,computed,/home/lkoo/projects/AutomationDetection/DownloadedLC/incremental/quiescent_background_cache.csv,,,,,,False,not_in_flare_streak
4FGL J0538.8-4405,230,231,56293.00001157408,1.49e-07,4.06e-08,2.56e-07,1.9663055489964582e-07,1.371547932618683e-07,1.3662529373152041e-09,1.371547932618683e-07,1.3662529373152041e-09,2.58542e-07,2.58542e-07,1.371547932618683e-07,False,True,False,0,False,,,0.2915888057665885,3.0,False,False,,,weekly,10.0,sigma,computed,/home/lkoo/projects/AutomationDetection/DownloadedLC/incremental/quiescent_background_cache.csv,,,,,,False,not_in_flare_streak
4FGL J0538.8-4405,231,232,56300.00001157408,2.86e-07,6.15e-08,1.49e-07,1.9663055489964582e-07,1.371547932618683e-07,1.3662529373152041e-09,1.371547932618683e-07,1.3662529373152041e-09,2.58542e-07,2.58542e-07,1.371547932618683e-07,True,True,False,0,False,,,2.4196502548509815,3.0,False,False,,,weekly,10.0,sigma,computed,/home/lkoo/projects/AutomationDetection/DownloadedLC/incremental/quiescent_background_cache.csv,,,,,,False,not_in_flare_streak
4FGL J0538.8-4405,232,233,56307.00001157408,1.99e-07,5.5e-08,2.86e-07,1.9663055489964582e-07,1.371547932618683e-07,1.3662529373152041e-09,1.371547932618683e-07,1.3662529373152041e-09,2.58542e-07,2.58542e-07,1.371547932618683e-07,False,True,False,0,False,,,1.1241115281466996,3.0,False,False,,,weekly,10.0,sigma,computed,/home/lkoo/projects/AutomationDetection/DownloadedLC/incremental/quiescent_background_cache.csv,,,,,,False,not_in_flare_streak
4FGL J0538.8-4405,233,234,56314.00001157408,2.01e-07,4.2e-08,1.99e-07,1.9663055489964582e-07,1.371547932618683e-07,1.3662529373152041e-09,1.371547932618683e-07,1.3662529373152041e-09,2.58542e-07,2.58542e-07,1.371547932618683e-07,True,True,False,0,False,,,1.5193203177506511,3.0,False,False,,,weekly,10.0,sigma,computed,/home/lkoo/projects/AutomationDetection/DownloadedLC/incremental/quiescent_background_cache.csv,,,,,,False,not_in_flare_streak
4FGL J0538.8-4405,234,235,56321.00001157408,2.43e-07,3.28e-08,2.01e-07,1.9663055489964582e-07,1.371547932618683e-07,1.3662529373152041e-09,1.371547932618683e-07,1.3662529373152041e-09,2.58542e-07,2.58542e-07,1.371547932618683e-07,True,True,False,0,False,,,3.2241921389209938,3.0,True,True,56321.00001157408,56321.00001157408,weekly,10.0,sigma,computed,/home/lkoo/projects/AutomationDetection/DownloadedLC/incremental/quiescent_background_cache.csv,,,,,,False,not_in_flare_streak
4FGL J0538.8-4405,235,236,56328.00001157408,1.56e-07,2.71e-08,2.43e-07,1.9663055489964582e-07,1.371547932618683e-07,1.3662529373152041e-09,1.371547932618683e-07,1.3662529373152041e-09,2.58542e-07,2.58542e-07,1.371547932618683e-07,False,True,False,0,False,,,0.6945130221682279,3.0,False,True,56321.00001157408,56328.00001157408,weekly,10.0,sigma,computed,/home/lkoo/projects/AutomationDetection/DownloadedLC/incremental/quiescent_background_cache.csv,,,,,,False,not_in_flare_streak
4FGL J0538.8-4405,236,237,56335.00001157408,1.81e-07,3.46e-08,1.56e-07,1.9663055489964582e-07,1.371547932618683e-07,1.3662529373152041e-09,1.371547932618683e-07,1.3662529373152041e-09,2.58542e-07,2.58542e-07,1.371547932618683e-07,True,True,False,0,False,,,1.2662157309771664,3.0,False,True,56321.00001157408,56335.00001157408,weekly,10.0,sigma,computed,/home/lkoo/projects/AutomationDetection/DownloadedLC/incremental/quiescent_background_cache.csv,,,,,,False,not_in_flare_streak
4FGL J0538.8-4405,237,238,56342.00001157408,1.79e-07,3.48e-08,1.81e-07,1.9663055489964582e-07,1.371547932618683e-07,1.3662529373152041e-09,1.371547932618683e-07,1.3662529373152041e-09,2.58542e-07,2.58542e-07,1.371547932618683e-07,False,True,False,0,False,,,1.2015228371687652,3.0,False,True,56321.00001157408,56342.00001157408,weekly,10.0,sigma,computed,/home/lkoo/projects/AutomationDetection/DownloadedLC/incremental/quiescent_background_cache.csv,,,,,,False,not_in_flare_streak
4FGL J0538.8-4405,238,239,56349.00001157408,1.98e-07,5.15e-08,1.79e-07,1.9663055489964582e-07,1.371547932618683e-07,1.3662529373152041e-09,1.371547932618683e-07,1.3662529373152041e-09,2.58542e-07,2.58542e-07,1.371547932618683e-07,True,True,False,0,False,,,1.1810447898895966,3.0,False,True,56321.00001157408,56349.00001157408,weekly,10.0,sigma,computed,/home/lkoo/projects/AutomationDetection/DownloadedLC/incremental/quiescent_background_cache.csv,,,,,,False,not_in_flare_streak
4FGL J0538.8-4405,239,240,56356.00001157408,1.35e-07,3.49e-08,1.98e-07,1.9663055489964582e-07,1.371547932618683e-07,1.3662529373152041e-09,1.371547932618683e-07,1.3662529373152041e-09,2.58542e-07,2.58542e-07,1.371547932618683e-07,False,False,False,0,False,,,-0.0616946706471588,3.0,False,False,,,weekly,10.0,sigma,computed,/home/lkoo/projects/AutomationDetection/DownloadedLC/incremental/quiescent_background_cache.csv,,,,,,False,not_in_flare_streak
4FGL J0538.8-4405,240,241,56363.00001157408,2.17e-07,4.1e-08,1.35e-07,1.9663055489964582e-07,1.371547932618683e-07,1.3662529373152041e-09,1.371547932618683e-07,1.3662529373152041e-09,2.58542e-07,2.58542e-07,1.371547932618683e-07,True,True,False,0,False,,,1.9463637080375025,3.0,False,False,,,weekly,10.0,sigma,computed,/home/lkoo/projects/AutomationDetection/DownloadedLC/incremental/quiescent_background_cache.csv,,,,,,False,not_in_flare_streak
4FGL J0538.8-4405,241,242,56370.00001157408,2.47e-07,3.3e-08,2.17e-07,1.9663055489964582e-07,1.371547932618683e-07,1.3662529373152041e-09,1.371547932618683e-07,1.3662529373152041e-09,2.58542e-07,2.58542e-07,1.371547932618683e-07,True,True,False,0,False,,,3.325793489445307,3.0,True,True,56370.00001157408,56370.00001157408,weekly,10.0,sigma,computed,/home/lkoo/projects/AutomationDetection/DownloadedLC/incremental/quiescent_background_cache.csv,,,,,,False,not_in_flare_streak
4FGL J0538.8-4405,242,243,56377.00001157408,1.44e-07,2.77e-08,2.47e-07,1.9663055489964582e-07,1.371547932618683e-07,1.3662529373152041e-09,1.371547932618683e-07,1.3662529373152041e-09,2.58542e-07,2.58542e-07,1.371547932618683e-07,False,True,False,0,False,,,0.24681933074670348,3.0,False,True,56370.00001157408,56377.00001157408,weekly,10.0,sigma,computed,/home/lkoo/projects/AutomationDetection/DownloadedLC/incremental/quiescent_background_cache.csv,,,,,,False,not_in_flare_streak
4FGL J0538.8-4405,243,244,56384.00001157408,1.33e-07,2.37e-08,1.44e-07,1.9663055489964582e-07,1.371547932618683e-07,1.3662529373152041e-09,1.371547932618683e-07,1.3662529373152041e-09,2.58542e-07,2.58542e-07,1.371547932618683e-07,False,False,False,0,False,,,-0.1750171592122423,3.0,False,False,,,weekly,10.0,sigma,computed,/home/lkoo/projects/AutomationDetection/DownloadedLC/incremental/quiescent_background_cache.csv,,,,,,False,not_in_flare_streak
4FGL J0538.8-4405,244,245,56391.00001157408,7.05e-08,2.36e-08,1.33e-07,1.9663055489964582e-07,1.371547932618683e-07,1.3662529373152041e-09,1.371547932618683e-07,1.3662529373152041e-09,2.58542e-07,2.58542e-07,1.371547932618683e-07,False,False,False,0,False,,,-2.819634607333219,3.0,False,False,,,weekly,10.0,sigma,computed,/home/lkoo/projects/AutomationDetection/DownloadedLC/incremental/quiescent_background_cache.csv,,,,,,False,not_in_flare_streak
4FGL J0538.8-4405,245,246,56398.00001157408,3e-08,1.93e-08,7.05e-08,1.9663055489964582e-07,1.371547932618683e-07,1.3662529373152041e-09,1.371547932618683e-07,1.3662529373152041e-09,2.58542e-07,2.58542e-07,1.371547932618683e-07,False,False,False,0,False,,,-5.538202461159593,3.0,False,False,,,weekly,10.0,sigma,computed,/home/lkoo/projects/AutomationDetection/DownloadedLC/incremental/quiescent_background_cache.csv,,,,,,False,not_in_flare_streak
4FGL J0538.8-4405,246,247,56405.00001157408,6.01e-08,3.64e-08,3e-08,1.9663055489964582e-07,1.371547932618683e-07,1.3662529373152041e-09,1.371547932618683e-07,1.3662529373152041e-09,2.58542e-07,2.58542e-07,1.371547932618683e-07,True,False,False,0,False,,,-2.115400326572382,3.0,False,False,,,weekly,10.0,sigma,computed,/home/lkoo/projects/AutomationDetection/DownloadedLC/incremental/quiescent_background_cache.csv,,,,,,False,not_in_flare_streak
4FGL J0538.8-4405,247,248,56412.00001157408,4.9e-08,3.19e-08,6.01e-08,1.9663055489964582e-07,1.371547932618683e-07,1.3662529373152041e-09,1.371547932618683e-07,1.3662529373152041e-09,2.58542e-07,2.58542e-07,1.371547932618683e-07,False,False,False,0,False,,,-2.7609420440691395,3.0,False,False,,,weekly,10.0,sigma,computed,/home/lkoo/projects/AutomationDetection/DownloadedLC/incremental/quiescent_background_cache.csv,,,,,,False,not_in_flare_streak
4FGL J0538.8-4405,248,249,56419.00001157408,1.14e-07,3.37e-08,4.9e-08,1.9663055489964582e-07,1.371547932618683e-07,1.3662529373152041e-09,1.371547932618683e-07,1.3662529373152041e-09,2.58542e-07,2.58542e-07,1.371547932618683e-07,True,False,False,0,False,,,-0.6865218932533435,3.0,False,False,,,weekly,10.0,sigma,computed,/home/lkoo/projects/AutomationDetection/DownloadedLC/incremental/quiescent_background_cache.csv,,,,,,False,not_in_flare_streak
4FGL J0538.8-4405,249,250,56426.00001157408,1.28e-07,5.34e-08,1.14e-07,1.9663055489964582e-07,1.371547932618683e-07,1.3662529373152041e-09,1.371547932618683e-07,1.3662529373152041e-09,2.58542e-07,2.58542e-07,1.371547932618683e-07,True,False,False,0,False,,,-0.1713819914377915,3.0,False,False,,,weekly,10.0,sigma,computed,/home/lkoo/projects/AutomationDetection/DownloadedLC/incremental/quiescent_background_cache.csv,,,,,,False,not_in_flare_streak
4FGL J0538.8-4405,250,251,56433.00001157408,6.56e-08,2.31e-08,1.28e-07,1.9663055489964582e-07,1.371547932618683e-07,1.3662529373152041e-09,1.371547932618683e-07,1.3662529373152041e-09,2.58542e-07,2.58542e-07,1.371547932618683e-07,False,False,False,0,False,,,-3.092206320946815,3.0,False,False,,,weekly,10.0,sigma,computed,/home/lkoo/projects/AutomationDetection/DownloadedLC/incremental/quiescent_background_cache.csv,,,,,,False,not_in_flare_streak
4FGL J0538.8-4405,251,252,56440.00001157408,1.5e-07,3.19e-08,6.56e-08,1.9663055489964582e-07,1.371547932618683e-07,1.3662529373152041e-09,1.371547932618683e-07,1.3662529373152041e-09,2.58542e-07,2.58542e-07,1.371547932618683e-07,True,True,False,0,False,,,0.40230224626263666,3.0,False,False,,,weekly,10.0,sigma,computed,/home/lkoo/projects/AutomationDetection/DownloadedLC/incremental/quiescent_background_cache.csv,,,,,,False,not_in_flare_streak
4FGL J0538.8-4405,252,253,56447.00001157408,8.73e-08,2.9e-08,1.5e-07,1.9663055489964582e-07,1.371547932618683e-07,1.3662529373152041e-09,1.371547932618683e-07,1.3662529373152041e-09,2.58542e-07,2.58542e-07,1.371547932618683e-07,False,False,False,0,False,,,-1.7172261181660375,3.0,False,False,,,weekly,10.0,sigma,computed,/home/lkoo/projects/AutomationDetection/DownloadedLC/incremental/quiescent_background_cache.csv,,,,,,False,not_in_flare_streak
4FGL J0538.8-4405,253,254,56454.00001157408,2.36e-07,5.89e-08,8.73e-08,1.9663055489964582e-07,1.371547932618683e-07,1.3662529373152041e-09,1.371547932618683e-07,1.3662529373152041e-09,2.58542e-07,2.58542e-07,1.371547932618683e-07,True,True,False,0,False,,,1.677735570156875,3.0,False,False,,,weekly,10.0,sigma,computed,/home/lkoo/projects/AutomationDetection/DownloadedLC/incremental/quiescent_background_cache.csv,,,,,,False,not_in_flare_streak
4FGL J0538.8-4405,254,255,56461.00001157408,8.99e-08,4.22e-08,2.36e-07,1.9663055489964582e-07,1.371547932618683e-07,1.3662529373152041e-09,1.371547932618683e-07,1.3662529373152041e-09,2.58542e-07,2.58542e-07,1.371547932618683e-07,False,False,False,0,False,,,-1.1191954233921748,3.0,False,False,,,weekly,10.0,sigma,computed,/home/lkoo/projects/AutomationDetection/DownloadedLC/incremental/quiescent_background_cache.csv,,,,,,False,not_in_flare_streak
4FGL J0538.8-4405,255,256,56468.00001157408,9.69e-08,3.51e-08,8.99e-08,1.9663055489964582e-07,1.371547932618683e-07,1.3662529373152041e-09,1.371547932618683e-07,1.3662529373152041e-09,2.58542e-07,2.58542e-07,1.371547932618683e-07,True,False,False,0,False,,,-1.145992375594503,3.0,False,False,,,weekly,10.0,sigma,computed,/home/lkoo/projects/AutomationDetection/DownloadedLC/incremental/quiescent_background_cache.csv,,,,,,False,not_in_flare_streak
4FGL J0538.8-4405,256,257,56475.00001157408,1.28e-07,3.09e-08,9.69e-08,1.9663055489964582e-07,1.371547932618683e-07,1.3662529373152041e-09,1.371547932618683e-07,1.3662529373152041e-09,2.58542e-07,2.58542e-07,1.371547932618683e-07,True,False,False,0,False,,,-0.29598244602566326,3.0,False,False,,,weekly,10.0,sigma,computed,/home/lkoo/projects/AutomationDetection/DownloadedLC/incremental/quiescent_background_cache.csv,,,,,,False,not_in_flare_streak
4FGL J0538.8-4405,257,258,56482.00001157408,1.57e-07,3.82e-08,1.28e-07,1.9663055489964582e-07,1.371547932618683e-07,1.3662529373152041e-09,1.371547932618683e-07,1.3662529373152041e-09,2.58542e-07,2.58542e-07,1.371547932618683e-07,True,True,False,0,False,,,0.5191760731653708,3.0,False,False,,,weekly,10.0,sigma,computed,/home/lkoo/projects/AutomationDetection/DownloadedLC/incremental/quiescent_background_cache.csv,,,,,,False,not_in_flare_streak
4FGL J0538.8-4405,258,259,56489.00001157408,8.89e-08,2.82e-08,1.57e-07,1.9663055489964582e-07,1.371547932618683e-07,1.3662529373152041e-09,1.371547932618683e-07,1.3662529373152041e-09,2.58542e-07,2.58542e-07,1.371547932618683e-07,False,False,False,0,False,,,-1.7091581251701107,3.0,False,False,,,weekly,10.0,sigma,computed,/home/lkoo/projects/AutomationDetection/DownloadedLC/incremental/quiescent_background_cache.csv,,,,,,False,not_in_flare_streak
4FGL J0538.8-4405,259,260,56496.00001157408,1.71e-07,3.52e-08,8.89e-08,1.9663055489964582e-07,1.371547932618683e-07,1.3662529373152041e-09,1.371547932618683e-07,1.3662529373152041e-09,2.58542e-07,2.58542e-07,1.371547932618683e-07,True,True,False,0,False,,,0.9607881008747913,3.0,False,False,,,weekly,10.0,sigma,computed,/home/lkoo/projects/AutomationDetection/DownloadedLC/incremental/quiescent_background_cache.csv,,,,,,False,not_in_flare_streak
4FGL J0538.8-4405,260,261,56503.00001157408,8.29e-08,3e-08,1.71e-07,1.9663055489964582e-07,1.371547932618683e-07,1.3662529373152041e-09,1.371547932618683e-07,1.3662529373152041e-09,2.58542e-07,2.58542e-07,1.371547932618683e-07,False,False,False,0,False,,,-1.806620566374476,3.0,False,False,,,weekly,10.0,sigma,computed,/home/lkoo/projects/AutomationDetection/DownloadedLC/incremental/quiescent_background_cache.csv,,,,,,False,not_in_flare_streak
4FGL J0538.8-4405,261,262,56510.00001157408,9.19e-08,3.08e-08,8.29e-08,1.9663055489964582e-07,1.371547932618683e-07,1.3662529373152041e-09,1.371547932618683e-07,1.3662529373152041e-09,2.58542e-07,2.58542e-07,1.371547932618683e-07,True,False,False,0,False,,,-1.4678680110123197,3.0,False,False,,,weekly,10.0,sigma,computed,/home/lkoo/projects/AutomationDetection/DownloadedLC/incremental/quiescent_background_cache.csv,,,,,,False,not_in_flare_streak
4FGL J0538.8-4405,262,263,56517.00001157408,1.59e-07,4.4e-08,9.19e-08,1.9663055489964582e-07,1.371547932618683e-07,1.3662529373152041e-09,1.371547932618683e-07,1.3662529373152041e-09,2.58542e-07,2.58542e-07,1.371547932618683e-07,True,True,False,0,False,,,0.4962427959605948,3.0,False,False,,,weekly,10.0,sigma,computed,/home/lkoo/projects/AutomationDetection/DownloadedLC/incremental/quiescent_background_cache.csv,,,,,,False,not_in_flare_streak
4FGL J0538.8-4405,263,264,56524.00001157408,1.18e-07,3.84e-08,1.59e-07,1.9663055489964582e-07,1.371547932618683e-07,1.3662529373152041e-09,1.371547932618683e-07,1.3662529373152041e-09,2.58542e-07,2.58542e-07,1.371547932618683e-07,False,False,False,0,False,,,-0.49850731051885466,3.0,False,False,,,weekly,10.0,sigma,computed,/home/lkoo/projects/AutomationDetection/DownloadedLC/incremental/quiescent_background_cache.csv,,,,,,False,not_in_flare_streak
4FGL J0538.8-4405,264,265,56531.00001157408,8.74e-08,3.39e-08,1.18e-07,1.9663055489964582e-07,1.371547932618683e-07,1.3662529373152041e-09,1.371547932618683e-07,1.3662529373152041e-09,2.58542e-07,2.58542e-07,1.371547932618683e-07,False,False,False,0,False,,,-1.4665024892095286,3.0,False,False,,,weekly,10.0,sigma,computed,/home/lkoo/projects/AutomationDetection/DownloadedLC/incremental/quiescent_background_cache.csv,,,,,,False,not_in_flare_streak
4FGL J0538.8-4405,265,266,56538.00001157408,9.4e-08,3.26e-08,8.74e-08,1.9663055489964582e-07,1.371547932618683e-07,1.3662529373152041e-09,1.371547932618683e-07,1.3662529373152041e-09,2.58542e-07,2.58542e-07,1.371547932618683e-07,True,False,False,0,False,,,-1.322605652173763,3.0,False,False,,,weekly,10.0,sigma,computed,/home/lkoo/projects/AutomationDetection/DownloadedLC/incremental/quiescent_background_cache.csv,,,,,,False,not_in_flare_streak
4FGL J0538.8-4405,266,267,56545.00001157408,7.92e-08,2.65e-08,9.4e-08,1.9663055489964582e-07,1.371547932618683e-07,1.3662529373152041e-09,1.371547932618683e-07,1.3662529373152041e-09,2.58542e-07,2.58542e-07,1.371547932618683e-07,False,False,False,0,False,,,-2.1840725210844374,3.0,False,False,,,weekly,10.0,sigma,computed,/home/lkoo/projects/AutomationDetection/DownloadedLC/incremental/quiescent_background_cache.csv,,,,,,False,not_in_flare_streak
4FGL J0538.8-4405,267,268,56552.00001157408,7.92e-08,2.96e-08,7.92e-08,1.9663055489964582e-07,1.371547932618683e-07,1.3662529373152041e-09,1.371547932618683e-07,1.3662529373152041e-09,2.58542e-07,2.58542e-07,1.371547932618683e-07,False,False,False,0,False,,,-1.9558498574062337,3.0,False,False,,,weekly,10.0,sigma,computed,/home/lkoo/projects/AutomationDetection/DownloadedLC/incremental/quiescent_background_cache.csv,,,,,,False,not_in_flare_streak
4FGL J0538.8-4405,268,269,56559.00001157408,1.27e-07,3.77e-08,7.92e-08,1.9663055489964582e-07,1.371547932618683e-07,1.3662529373152041e-09,1.371547932618683e-07,1.3662529373152041e-09,2.58542e-07,2.58542e-07,1.371547932618683e-07,True,False,False,0,False,,,-0.2691812052788724,3.0,False,False,,,weekly,10.0,sigma,computed,/home/lkoo/projects/AutomationDetection/DownloadedLC/incremental/quiescent_background_cache.csv,,,,,,False,not_in_flare_streak
4FGL J0538.8-4405,269,270,56566.00001157408,6.44e-08,2.82e-08,1.27e-07,1.9663055489964582e-07,1.371547932618683e-07,1.3662529373152041e-09,1.371547932618683e-07,1.3662529373152041e-09,2.58542e-07,2.58542e-07,1.371547932618683e-07,False,False,False,0,False,,,-2.5769345932905843,3.0,False,False,,,weekly,10.0,sigma,computed,/home/lkoo/projects/AutomationDetection/DownloadedLC/incremental/quiescent_background_cache.csv,,,,,,False,not_in_flare_streak
4FGL J0538.8-4405,270,271,56573.00001157408,6.35e-08,3.11e-08,6.44e-08,1.9663055489964582e-07,1.371547932618683e-07,1.3662529373152041e-09,1.371547932618683e-07,1.3662529373152041e-09,2.58542e-07,2.58542e-07,1.371547932618683e-07,False,False,False,0,False,,,-2.366039282786525,3.0,False,False,,,weekly,10.0,sigma,computed,/home/lkoo/projects/AutomationDetection/DownloadedLC/incremental/quiescent_background_cache.csv,,,,,,False,not_in_flare_streak
4FGL J0538.8-4405,271,272,56580.00001157408,3.42e-08,2.35e-08,6.35e-08,1.9663055489964582e-07,1.371547932618683e-07,1.3662529373152041e-09,1.371547932618683e-07,1.3662529373152041e-09,2.58542e-07,2.58542e-07,1.371547932618683e-07,False,False,False,0,False,,,-4.37366959969747,3.0,False,False,,,weekly,10.0,sigma,computed,/home/lkoo/projects/AutomationDetection/DownloadedLC/incremental/quiescent_background_cache.csv,,,,,,False,not_in_flare_streak
4FGL J0538.8-4405,272,273,56587.00001157408,1.09e-07,3.68e-08,3.42e-08,1.9663055489964582e-07,1.371547932618683e-07,1.3662529373152041e-09,1.371547932618683e-07,1.3662529373152041e-09,2.58542e-07,2.58542e-07,1.371547932618683e-07,True,False,False,0,False,,,-0.7645491685517397,3.0,False,False,,,weekly,10.0,sigma,computed,/home/lkoo/projects/AutomationDetection/DownloadedLC/incremental/quiescent_background_cache.csv,,,,,,False,not_in_flare_streak
4FGL J0538.8-4405,273,274,56594.00001157408,1.2e-07,2.85e-08,1.09e-07,1.9663055489964582e-07,1.371547932618683e-07,1.3662529373152041e-09,1.371547932618683e-07,1.3662529373152041e-09,2.58542e-07,2.58542e-07,1.371547932618683e-07,True,False,False,0,False,,,-0.6012321156025509,3.0,False,False,,,weekly,10.0,sigma,computed,/home/lkoo/projects/AutomationDetection/DownloadedLC/incremental/quiescent_background_cache.csv,,,,,,False,not_in_flare_streak
4FGL J0538.8-4405,274,275,56601.00001157408,9.51e-08,3.18e-08,1.2e-07,1.9663055489964582e-07,1.371547932618683e-07,1.3662529373152041e-09,1.371547932618683e-07,1.3662529373152041e-09,2.58542e-07,2.58542e-07,1.371547932618683e-07,False,False,False,0,False,,,-1.3212588824144915,3.0,False,False,,,weekly,10.0,sigma,computed,/home/lkoo/projects/AutomationDetection/DownloadedLC/incremental/quiescent_background_cache.csv,,,,,,False,not_in_flare_streak
4FGL J0538.8-4405,275,276,56608.00001157408,1.2e-07,3.2e-08,9.51e-08,1.9663055489964582e-07,1.371547932618683e-07,1.3662529373152041e-09,1.371547932618683e-07,1.3662529373152041e-09,2.58542e-07,2.58542e-07,1.371547932618683e-07,True,False,False,0,False,,,-0.5355993403404429,3.0,False,False,,,weekly,10.0,sigma,computed,/home/lkoo/projects/AutomationDetection/DownloadedLC/incremental/quiescent_background_cache.csv,,,,,,False,not_in_flare_streak
4FGL J0538.8-4405,276,277,56615.00001157408,3.63e-08,2.16e-08,1.2e-07,1.9663055489964582e-07,1.371547932618683e-07,1.3662529373152041e-09,1.371547932618683e-07,1.3662529373152041e-09,2.58542e-07,2.58542e-07,1.371547932618683e-07,False,False,False,0,False,,,-4.659890882278547,3.0,False,False,,,weekly,10.0,sigma,computed,/home/lkoo/projects/AutomationDetection/DownloadedLC/incremental/quiescent_background_cache.csv,,,,,,False,not_in_flare_streak
4FGL J0538.8-4405,277,278,56622.00001157408,1.14e-07,3.8e-08,3.63e-08,1.9663055489964582e-07,1.371547932618683e-07,1.3662529373152041e-09,1.371547932618683e-07,1.3662529373152041e-09,2.58542e-07,2.58542e-07,1.371547932618683e-07,True,False,False,0,False,,,-0.6089432039303521,3.0,False,False,,,weekly,10.0,sigma,computed,/home/lkoo/projects/AutomationDetection/DownloadedLC/incremental/quiescent_background_cache.csv,,,,,,False,not_in_flare_streak
4FGL J0538.8-4405,278,279,56629.00001157408,1.18e-07,2.91e-08,1.14e-07,1.9663055489964582e-07,1.371547932618683e-07,1.3662529373152041e-09,1.371547932618683e-07,1.3662529373152041e-09,2.58542e-07,2.58542e-07,1.371547932618683e-07,True,False,False,0,False,,,-0.6575160266707122,3.0,False,False,,,weekly,10.0,sigma,computed,/home/lkoo/projects/AutomationDetection/DownloadedLC/incremental/quiescent_background_cache.csv,,,,,,False,not_in_flare_streak
4FGL J0538.8-4405,279,280,56636.00001157408,6.54e-08,2.09e-08,1.18e-07,1.9663055489964582e-07,1.371547932618683e-07,1.3662529373152041e-09,1.371547932618683e-07,1.3662529373152041e-09,2.58542e-07,2.58542e-07,1.371547932618683e-07,False,False,False,0,False,,,-3.4259313786257786,3.0,False,False,,,weekly,10.0,sigma,computed,/home/lkoo/projects/AutomationDetection/DownloadedLC/incremental/quiescent_background_cache.csv,,,,,,False,not_in_flare_streak
4FGL J0538.8-4405,280,281,56643.00001157408,9.41e-08,2.58e-08,6.54e-08,1.9663055489964582e-07,1.371547932618683e-07,1.3662529373152041e-09,1.371547932618683e-07,1.3662529373152041e-09,2.58542e-07,2.58542e-07,1.371547932618683e-07,True,False,False,0,False,,,-1.6664554607897273,3.0,False,False,,,weekly,10.0,sigma,computed,/home/lkoo/projects/AutomationDetection/DownloadedLC/incremental/quiescent_background_cache.csv,,,,,,False,not_in_flare_streak
4FGL J0538.8-4405,281,282,56650.00001157408,6.75e-08,2.25e-08,9.41e-08,1.9663055489964582e-07,1.371547932618683e-07,1.3662529373152041e-09,1.371547932618683e-07,1.3662529373152041e-09,2.58542e-07,2.58542e-07,1.371547932618683e-07,False,False,False,0,False,,,-3.090076958883856,3.0,False,False,,,weekly,10.0,sigma,computed,/home/lkoo/projects/AutomationDetection/DownloadedLC/incremental/quiescent_background_cache.csv,,,,,,False,not_in_flare_streak
4FGL J0538.8-4405,282,283,56657.00001157408,9.53e-08,3.1e-08,6.75e-08,1.9663055489964582e-07,1.371547932618683e-07,1.3662529373152041e-09,1.371547932618683e-07,1.3662529373152041e-09,2.58542e-07,2.58542e-07,1.371547932618683e-07,True,False,False,0,False,,,-1.3488452578714876,3.0,False,False,,,weekly,10.0,sigma,computed,/home/lkoo/projects/AutomationDetection/DownloadedLC/incremental/quiescent_background_cache.csv,,,,,,False,not_in_flare_streak
4FGL J0538.8-4405,283,284,56664.00001157408,9.42e-08,3.21e-08,9.53e-08,1.9663055489964582e-07,1.371547932618683e-07,1.3662529373152041e-09,1.371547932618683e-07,1.3662529373152041e-09,2.58542e-07,2.58542e-07,1.371547932618683e-07,False,False,False,0,False,,,-1.3369451247064212,3.0,False,False,,,weekly,10.0,sigma,computed,/home/lkoo/projects/AutomationDetection/DownloadedLC/incremental/quiescent_background_cache.csv,,,,,,False,not_in_flare_streak
4FGL J0538.8-4405,284,285,56671.00001157408,8.33e-08,4.65e-08,9.42e-08,1.9663055489964582e-07,1.371547932618683e-07,1.3662529373152041e-09,1.371547932618683e-07,1.3662529373152041e-09,2.58542e-07,2.58542e-07,1.371547932618683e-07,False,False,False,0,False,,,-1.1576680036828797,3.0,False,False,,,weekly,10.0,sigma,computed,/home/lkoo/projects/AutomationDetection/DownloadedLC/incremental/quiescent_background_cache.csv,,,,,,False,not_in_flare_streak
4FGL J0538.8-4405,285,286,56692.00001157408,8.27e-08,3.13e-08,8.33e-08,1.9663055489964582e-07,1.371547932618683e-07,1.3662529373152041e-09,1.371547932618683e-07,1.3662529373152041e-09,2.58542e-07,2.58542e-07,1.371547932618683e-07,False,False,False,0,False,,,-1.7381146870179878,3.0,False,False,,,weekly,10.0,sigma,computed,/home/lkoo/projects/AutomationDetection/DownloadedLC/incremental/quiescent_background_cache.csv,,,,,,False,not_in_flare_streak
4FGL J0538.8-4405,286,287,56699.00001157408,1.14e-07,2.91e-08,8.27e-08,1.9663055489964582e-07,1.371547932618683e-07,1.3662529373152041e-09,1.371547932618683e-07,1.3662529373152041e-09,2.58542e-07,2.58542e-07,1.371547932618683e-07,True,False,False,0,False,,,-0.7948218211382801,3.0,False,False,,,weekly,10.0,sigma,computed,/home/lkoo/projects/AutomationDetection/DownloadedLC/incremental/quiescent_background_cache.csv,,,,,,False,not_in_flare_streak
4FGL J0538.8-4405,287,288,56706.00001157408,6.05e-08,2.26e-08,1.14e-07,1.9663055489964582e-07,1.371547932618683e-07,1.3662529373152041e-09,1.371547932618683e-07,1.3662529373152041e-09,2.58542e-07,2.58542e-07,1.371547932618683e-07,False,False,False,0,False,,,-3.3856240247928433,3.0,False,False,,,weekly,10.0,sigma,computed,/home/lkoo/projects/AutomationDetection/DownloadedLC/incremental/quiescent_background_cache.csv,,,,,,False,not_in_flare_streak
4FGL J0538.8-4405,288,289,56713.00001157408,7.12e-08,2.17e-08,6.05e-08,1.9663055489964582e-07,1.371547932618683e-07,1.3662529373152041e-09,1.371547932618683e-07,1.3662529373152041e-09,2.58542e-07,2.58542e-07,1.371547932618683e-07,True,False,False,0,False,,,-3.03338504589423,3.0,False,False,,,weekly,10.0,sigma,computed,/home/lkoo/projects/AutomationDetection/DownloadedLC/incremental/quiescent_background_cache.csv,,,,,,False,not_in_flare_streak
4FGL J0538.8-4405,289,290,56720.00001157408,1.4e-07,4.88e-08,7.12e-08,1.9663055489964582e-07,1.371547932618683e-07,1.3662529373152041e-09,1.371547932618683e-07,1.3662529373152041e-09,2.58542e-07,2.58542e-07,1.371547932618683e-07,True,True,False,0,False,,,0.058280580169164334,3.0,False,False,,,weekly,10.0,sigma,computed,/home/lkoo/projects/AutomationDetection/DownloadedLC/incremental/quiescent_background_cache.csv,,,,,,False,not_in_flare_streak
4FGL J0538.8-4405,290,291,56727.00001157408,8.41e-08,3.7e-08,1.4e-07,1.9663055489964582e-07,1.371547932618683e-07,1.3662529373152041e-09,1.371547932618683e-07,1.3662529373152041e-09,2.58542e-07,2.58542e-07,1.371547932618683e-07,False,False,False,0,False,,,-1.4329367513942908,3.0,False,False,,,weekly,10.0,sigma,computed,/home/lkoo/projects/AutomationDetection/DownloadedLC/incremental/quiescent_background_cache.csv,,,,,,False,not_in_flare_streak
4FGL J0538.8-4405,291,292,56734.00001157408,6.38e-08,3.09e-08,8.41e-08,1.9663055489964582e-07,1.371547932618683e-07,1.3662529373152041e-09,1.371547932618683e-07,1.3662529373152041e-09,2.58542e-07,2.58542e-07,1.371547932618683e-07,False,False,False,0,False,,,-2.371624406614258,3.0,False,False,,,weekly,10.0,sigma,computed,/home/lkoo/projects/AutomationDetection/DownloadedLC/incremental/quiescent_background_cache.csv,,,,,,False,not_in_flare_streak
4FGL J0538.8-4405,292,293,56741.00001157408,8.17e-08,3.1e-08,6.38e-08,1.9663055489964582e-07,1.371547932618683e-07,1.3662529373152041e-09,1.371547932618683e-07,1.3662529373152041e-09,2.58542e-07,2.58542e-07,1.371547932618683e-07,True,False,False,0,False,,,-1.7871294799981978,3.0,False,False,,,weekly,10.0,sigma,computed,/home/lkoo/projects/AutomationDetection/DownloadedLC/incremental/quiescent_background_cache.csv,,,,,,False,not_in_flare_streak
4FGL J0538.8-4405,293,294,56748.00001157408,1.25e-07,3.01e-08,8.17e-08,1.9663055489964582e-07,1.371547932618683e-07,1.3662529373152041e-09,1.371547932618683e-07,1.3662529373152041e-09,2.58542e-07,2.58542e-07,1.371547932618683e-07,True,False,False,0,False,,,-0.40339838379176757,3.0,False,False,,,weekly,10.0,sigma,computed,/home/lkoo/projects/AutomationDetection/DownloadedLC/incremental/quiescent_background_cache.csv,,,,,,False,not_in_flare_streak
4FGL J0538.8-4405,294,295,56755.00001157408,8.58e-08,2.48e-08,1.25e-07,1.9663055489964582e-07,1.371547932618683e-07,1.3662529373152041e-09,1.371547932618683e-07,1.3662529373152041e-09,2.58542e-07,2.58542e-07,1.371547932618683e-07,False,False,False,0,False,,,-2.067622551500701,3.0,False,False,,,weekly,10.0,sigma,computed,/home/lkoo/projects/AutomationDetection/DownloadedLC/incremental/quiescent_background_cache.csv,,,,,,False,not_in_flare_streak
4FGL J0538.8-4405,295,296,56762.00001157408,7.72e-08,2.64e-08,8.58e-08,1.9663055489964582e-07,1.371547932618683e-07,1.3662529373152041e-09,1.371547932618683e-07,1.3662529373152041e-09,2.58542e-07,2.58542e-07,1.371547932618683e-07,False,False,False,0,False,,,-2.2679797959564887,3.0,False,False,,,weekly,10.0,sigma,computed,/home/lkoo/projects/AutomationDetection/DownloadedLC/incremental/quiescent_background_cache.csv,,,,,,False,not_in_flare_streak
4FGL J0538.8-4405,296,297,56769.00001157408,4.44e-08,2.63e-08,7.72e-08,1.9663055489964582e-07,1.371547932618683e-07,1.3662529373152041e-09,1.371547932618683e-07,1.3662529373152041e-09,2.58542e-07,2.58542e-07,1.371547932618683e-07,False,False,False,0,False,,,-3.5220489906340675,3.0,False,False,,,weekly,10.0,sigma,computed,/home/lkoo/projects/AutomationDetection/DownloadedLC/incremental/quiescent_background_cache.csv,,,,,,False,not_in_flare_streak
4FGL J0538.8-4405,297,298,56776.00001157408,4.3e-08,2.57e-08,4.44e-08,1.9663055489964582e-07,1.371547932618683e-07,1.3662529373152041e-09,1.371547932618683e-07,1.3662529373152041e-09,2.58542e-07,2.58542e-07,1.371547932618683e-07,False,False,False,0,False,,,-3.6584446144800307,3.0,False,False,,,weekly,10.0,sigma,computed,/home/lkoo/projects/AutomationDetection/DownloadedLC/incremental/quiescent_background_cache.csv,,,,,,False,not_in_flare_streak
4FGL J0538.8-4405,298,299,56790.00001157408,1.03e-07,3.38e-08,4.3e-08,1.9663055489964582e-07,1.371547932618683e-07,1.3662529373152041e-09,1.371547932618683e-07,1.3662529373152041e-09,2.58542e-07,2.58542e-07,1.371547932618683e-07,True,False,False,0,False,,,-1.0096723205751588,3.0,False,False,,,weekly,10.0,sigma,computed,/home/lkoo/projects/AutomationDetection/DownloadedLC/incremental/quiescent_background_cache.csv,,,,,,False,not_in_flare_streak
4FGL J0538.8-4405,299,300,56797.00001157408,4.68e-08,2.13e-08,1.03e-07,1.9663055489964582e-07,1.371547932618683e-07,1.3662529373152041e-09,1.371547932618683e-07,1.3662529373152041e-09,2.58542e-07,2.58542e-07,1.371547932618683e-07,False,False,False,0,False,,,-4.2333093189079705,3.0,False,False,,,weekly,10.0,sigma,computed,/home/lkoo/projects/AutomationDetection/DownloadedLC/incremental/quiescent_background_cache.csv,,,,,,False,not_in_flare_streak
4FGL J0538.8-4405,300,301,56804.00001157408,9.38e-08,2.56e-08,4.68e-08,1.9663055489964582e-07,1.371547932618683e-07,1.3662529373152041e-09,1.371547932618683e-07,1.3662529373152041e-09,2.58542e-07,2.58542e-07,1.371547932618683e-07,True,False,False,0,False,,,-1.691139906510962,3.0,False,False,,,weekly,10.0,sigma,computed,/home/lkoo/projects/AutomationDetection/DownloadedLC/incremental/quiescent_background_cache.csv,,,,,,False,not_in_flare_streak
4FGL J0538.8-4405,301,302,56811.00001157408,1.38e-07,3.28e-08,9.38e-08,1.9663055489964582e-07,1.371547932618683e-07,1.3662529373152041e-09,1.371547932618683e-07,1.3662529373152041e-09,2.58542e-07,2.58542e-07,1.371547932618683e-07,True,True,False,0,False,,,0.025746172215330668,3.0,False,False,,,weekly,10.0,sigma,computed,/home/lkoo/projects/AutomationDetection/DownloadedLC/incremental/quiescent_background_cache.csv,,,,,,False,not_in_flare_streak
4FGL J0538.8-4405,302,303,56818.00001157408,1.08e-07,3.73e-08,1.38e-07,1.9663055489964582e-07,1.371547932618683e-07,1.3662529373152041e-09,1.371547932618683e-07,1.3662529373152041e-09,2.58542e-07,2.58542e-07,1.371547932618683e-07,False,False,False,0,False,,,-0.7811060299307737,3.0,False,False,,,weekly,10.0,sigma,computed,/home/lkoo/projects/AutomationDetection/DownloadedLC/incremental/quiescent_background_cache.csv,,,,,,False,not_in_flare_streak
4FGL J0538.8-4405,303,304,56825.00001157408,1.67e-07,5.09e-08,1.08e-07,1.9663055489964582e-07,1.371547932618683e-07,1.3662529373152041e-09,1.371547932618683e-07,1.3662529373152041e-09,2.58542e-07,2.58542e-07,1.371547932618683e-07,True,True,False,0,False,,,0.5861387227940941,3.0,False,False,,,weekly,10.0,sigma,computed,/home/lkoo/projects/AutomationDetection/DownloadedLC/incremental/quiescent_background_cache.csv,,,,,,False,not_in_flare_streak
4FGL J0538.8-4405,304,305,56832.00001157408,1.04e-07,3.71e-08,1.67e-07,1.9663055489964582e-07,1.371547932618683e-07,1.3662529373152041e-09,1.371547932618683e-07,1.3662529373152041e-09,2.58542e-07,2.58542e-07,1.371547932618683e-07,False,False,False,0,False,,,-0.8930548334555586,3.0,False,False,,,weekly,10.0,sigma,computed,/home/lkoo/projects/AutomationDetection/DownloadedLC/incremental/quiescent_background_cache.csv,,,,,,False,not_in_flare_streak
4FGL J0538.8-4405,305,306,56839.00001157408,6.68e-08,3.12e-08,1.04e-07,1.9663055489964582e-07,1.371547932618683e-07,1.3662529373152041e-09,1.371547932618683e-07,1.3662529373152041e-09,2.58542e-07,2.58542e-07,1.371547932618683e-07,False,False,False,0,False,,,-2.252802394868546,3.0,False,False,,,weekly,10.0,sigma,computed,/home/lkoo/projects/AutomationDetection/DownloadedLC/incremental/quiescent_background_cache.csv,,,,,,False,not_in_flare_streak
4FGL J0538.8-4405,306,307,56846.00001157408,4.19e-08,2.61e-08,6.68e-08,1.9663055489964582e-07,1.371547932618683e-07,1.3662529373152041e-09,1.371547932618683e-07,1.3662529373152041e-09,2.58542e-07,2.58542e-07,1.371547932618683e-07,False,False,False,0,False,,,-3.6446188731951152,3.0,False,False,,,weekly,10.0,sigma,computed,/home/lkoo/projects/AutomationDetection/DownloadedLC/incremental/quiescent_background_cache.csv,,,,,,False,not_in_flare_streak
4FGL J0538.8-4405,307,308,56853.00001157408,1.03e-07,3.45e-08,4.19e-08,1.9663055489964582e-07,1.371547932618683e-07,1.3662529373152041e-09,1.371547932618683e-07,1.3662529373152041e-09,2.58542e-07,2.58542e-07,1.371547932618683e-07,True,False,False,0,False,,,-0.9892186248276604,3.0,False,False,,,weekly,10.0,sigma,computed,/home/lkoo/projects/AutomationDetection/DownloadedLC/incremental/quiescent_background_cache.csv,,,,,,False,not_in_flare_streak
4FGL J0538.8-4405,308,309,56860.00001157408,8.46e-08,3.17e-08,1.03e-07,1.9663055489964582e-07,1.371547932618683e-07,1.3662529373152041e-09,1.371547932618683e-07,1.3662529373152041e-09,2.58542e-07,2.58542e-07,1.371547932618683e-07,False,False,False,0,False,,,-1.656342246835095,3.0,False,False,,,weekly,10.0,sigma,computed,/home/lkoo/projects/AutomationDetection/DownloadedLC/incremental/quiescent_background_cache.csv,,,,,,False,not_in_flare_streak
4FGL J0538.8-4405,309,310,56867.00001157408,1.22e-07,3.03e-08,8.46e-08,1.9663055489964582e-07,1.371547932618683e-07,1.3662529373152041e-09,1.371547932618683e-07,1.3662529373152041e-09,2.58542e-07,2.58542e-07,1.371547932618683e-07,True,False,False,0,False,,,-0.4996505103479502,3.0,False,False,,,weekly,10.0,sigma,computed,/home/lkoo/projects/AutomationDetection/DownloadedLC/incremental/quiescent_background_cache.csv,,,,,,False,not_in_flare_streak
4FGL J0538.8-4405,310,311,56874.00001157408,1.62e-07,4.2e-08,1.22e-07,1.9663055489964582e-07,1.371547932618683e-07,1.3662529373152041e-09,1.371547932618683e-07,1.3662529373152041e-09,2.58542e-07,2.58542e-07,1.371547932618683e-07,True,True,False,0,False,,,0.5912398020854691,3.0,False,False,,,weekly,10.0,sigma,computed,/home/lkoo/projects/AutomationDetection/DownloadedLC/incremental/quiescent_background_cache.csv,,,,,,False,not_in_flare_streak
4FGL J0538.8-4405,311,312,56881.00001157408,1.5e-07,4.48e-08,1.62e-07,1.9663055489964582e-07,1.371547932618683e-07,1.3662529373152041e-09,1.371547932618683e-07,1.3662529373152041e-09,2.58542e-07,2.58542e-07,1.371547932618683e-07,False,True,False,0,False,,,0.2865901241239344,3.0,False,False,,,weekly,10.0,sigma,computed,/home/lkoo/projects/AutomationDetection/DownloadedLC/incremental/quiescent_background_cache.csv,,,,,,False,not_in_flare_streak
4FGL J0538.8-4405,312,313,56888.00001157408,8.92e-08,4.55e-08,1.5e-07,1.9663055489964582e-07,1.371547932618683e-07,1.3662529373152041e-09,1.371547932618683e-07,1.3662529373152041e-09,2.58542e-07,2.58542e-07,1.371547932618683e-07,False,False,False,0,False,,,-1.053476672077169,3.0,False,False,,,weekly,10.0,sigma,computed,/home/lkoo/projects/AutomationDetection/DownloadedLC/incremental/quiescent_background_cache.csv,,,,,,False,not_in_flare_streak
4FGL J0538.8-4405,313,314,56902.00001157408,1.18e-07,3.6e-08,8.92e-08,1.9663055489964582e-07,1.371547932618683e-07,1.3662529373152041e-09,1.371547932618683e-07,1.3662529373152041e-09,2.58542e-07,2.58542e-07,1.371547932618683e-07,True,False,False,0,False,,,-0.5316948246041905,3.0,False,False,,,weekly,10.0,sigma,computed,/home/lkoo/projects/AutomationDetection/DownloadedLC/incremental/quiescent_background_cache.csv,,,,,,False,not_in_flare_streak
4FGL J0538.8-4405,314,315,56909.00001157408,6.63e-08,2.82e-08,1.18e-07,1.9663055489964582e-07,1.371547932618683e-07,1.3662529373152041e-09,1.371547932618683e-07,1.3662529373152041e-09,2.58542e-07,2.58542e-07,1.371547932618683e-07,False,False,False,0,False,,,-2.5096376427016494,3.0,False,False,,,weekly,10.0,sigma,computed,/home/lkoo/projects/AutomationDetection/DownloadedLC/incremental/quiescent_background_cache.csv,,,,,,False,not_in_flare_streak
4FGL J0538.8-4405,315,316,56916.00001157408,1.06e-07,2.93e-08,6.63e-08,1.9663055489964582e-07,1.371547932618683e-07,1.3662529373152041e-09,1.371547932618683e-07,1.3662529373152041e-09,2.58542e-07,2.58542e-07,1.371547932618683e-07,True,False,False,0,False,,,-1.0621494156035505,3.0,False,False,,,weekly,10.0,sigma,computed,/home/lkoo/projects/AutomationDetection/DownloadedLC/incremental/quiescent_background_cache.csv,,,,,,False,not_in_flare_streak
4FGL J0538.8-4405,316,317,56923.00001157408,1.25e-07,3.29e-08,1.06e-07,1.9663055489964582e-07,1.371547932618683e-07,1.3662529373152041e-09,1.371547932618683e-07,1.3662529373152041e-09,2.58542e-07,2.58542e-07,1.371547932618683e-07,True,False,False,0,False,,,-0.36912845450623855,3.0,False,False,,,weekly,10.0,sigma,computed,/home/lkoo/projects/AutomationDetection/DownloadedLC/incremental/quiescent_background_cache.csv,,,,,,False,not_in_flare_streak
4FGL J0538.8-4405,317,318,56930.00001157408,1.63e-07,4.49e-08,1.25e-07,1.9663055489964582e-07,1.371547932618683e-07,1.3662529373152041e-09,1.371547932618683e-07,1.3662529373152041e-09,2.58542e-07,2.58542e-07,1.371547932618683e-07,True,True,False,0,False,,,0.5753507762163117,3.0,False,False,,,weekly,10.0,sigma,computed,/home/lkoo/projects/AutomationDetection/DownloadedLC/incremental/quiescent_background_cache.csv,,,,,,False,not_in_flare_streak
4FGL J0538.8-4405,318,319,56937.00001157408,1.9e-07,5.95e-08,1.63e-07,1.9663055489964582e-07,1.371547932618683e-07,1.3662529373152041e-09,1.371547932618683e-07,1.3662529373152041e-09,2.58542e-07,2.58542e-07,1.371547932618683e-07,True,True,False,0,False,,,0.8879206815481029,3.0,False,False,,,weekly,10.0,sigma,computed,/home/lkoo/projects/AutomationDetection/DownloadedLC/incremental/quiescent_background_cache.csv,,,,,,False,not_in_flare_streak
4FGL J0538.8-4405,319,320,56944.00001157408,1.1e-07,4.34e-08,1.9e-07,1.9663055489964582e-07,1.371547932618683e-07,1.3662529373152041e-09,1.371547932618683e-07,1.3662529373152041e-09,2.58542e-07,2.58542e-07,1.371547932618683e-07,False,False,False,0,False,,,-0.6253766767856523,3.0,False,False,,,weekly,10.0,sigma,computed,/home/lkoo/projects/AutomationDetection/DownloadedLC/incremental/quiescent_background_cache.csv,,,,,,False,not_in_flare_streak
4FGL J0538.8-4405,320,321,56951.00001157408,1.17e-07,3.8e-08,1.1e-07,1.9663055489964582e-07,1.371547932618683e-07,1.3662529373152041e-09,1.371547932618683e-07,1.3662529373152041e-09,2.58542e-07,2.58542e-07,1.371547932618683e-07,True,False,False,0,False,,,-0.5300468134020242,3.0,False,False,,,weekly,10.0,sigma,computed,/home/lkoo/projects/AutomationDetection/DownloadedLC/incremental/quiescent_background_cache.csv,,,,,,False,not_in_flare_streak
4FGL J0538.8-4405,321,322,56958.00001157408,6.65e-08,2.67e-08,1.17e-07,1.9663055489964582e-07,1.371547932618683e-07,1.3662529373152041e-09,1.371547932618683e-07,1.3662529373152041e-09,2.58542e-07,2.58542e-07,1.371547932618683e-07,False,False,False,0,False,,,-2.642789231444242,3.0,False,False,,,weekly,10.0,sigma,computed,/home/lkoo/projects/AutomationDetection/DownloadedLC/incremental/quiescent_background_cache.csv,,,,,,False,not_in_flare_streak
4FGL J0538.8-4405,322,323,56965.00001157408,7.19e-08,2.44e-08,6.65e-08,1.9663055489964582e-07,1.371547932618683e-07,1.3662529373152041e-09,1.371547932618683e-07,1.3662529373152041e-09,2.58542e-07,2.58542e-07,1.371547932618683e-07,True,False,False,0,False,,,-2.6701940858537485,3.0,False,False,,,weekly,10.0,sigma,computed,/home/lkoo/projects/AutomationDetection/DownloadedLC/incremental/quiescent_background_cache.csv,,,,,,False,not_in_flare_streak
4FGL J0538.8-4405,323,324,56972.00001157408,2.06e-07,3.34e-08,7.19e-08,1.9663055489964582e-07,1.371547932618683e-07,1.3662529373152041e-09,1.371547932618683e-07,1.3662529373152041e-09,2.58542e-07,2.58542e-07,1.371547932618683e-07,True,True,False,0,False,,,2.059511382633131,3.0,False,False,,,weekly,10.0,sigma,computed,/home/lkoo/projects/AutomationDetection/DownloadedLC/incremental/quiescent_background_cache.csv,,,,,,False,not_in_flare_streak
4FGL J0538.8-4405,324,325,56979.00001157408,1.94e-07,3.76e-08,2.06e-07,1.9663055489964582e-07,1.371547932618683e-07,1.3662529373152041e-09,1.371547932618683e-07,1.3662529373152041e-09,2.58542e-07,2.58542e-07,1.371547932618683e-07,False,True,False,0,False,,,1.5108435184717857,3.0,False,False,,,weekly,10.0,sigma,computed,/home/lkoo/projects/AutomationDetection/DownloadedLC/incremental/quiescent_background_cache.csv,,,,,,False,not_in_flare_streak
4FGL J0538.8-4405,325,326,56986.00001157408,1.45e-07,4.75e-08,1.94e-07,1.9663055489964582e-07,1.371547932618683e-07,1.3662529373152041e-09,1.371547932618683e-07,1.3662529373152041e-09,2.58542e-07,2.58542e-07,1.371547932618683e-07,False,True,False,0,False,,,0.16509396823500325,3.0,False,False,,,weekly,10.0,sigma,computed,/home/lkoo/projects/AutomationDetection/DownloadedLC/incremental/quiescent_background_cache.csv,,,,,,False,not_in_flare_streak
4FGL J0538.8-4405,326,327,56993.00001157408,2.16e-07,6.04e-08,1.45e-07,1.9663055489964582e-07,1.371547932618683e-07,1.3662529373152041e-09,1.371547932618683e-07,1.3662529373152041e-09,2.58542e-07,2.58542e-07,1.371547932618683e-07,True,True,False,0,False,,,1.3050503838923617,3.0,False,False,,,weekly,10.0,sigma,computed,/home/lkoo/projects/AutomationDetection/DownloadedLC/incremental/quiescent_background_cache.csv,,,,,,False,not_in_flare_streak
4FGL J0538.8-4405,327,328,57007.00001157408,6.29e-08,2.2e-08,2.16e-07,1.9663055489964582e-07,1.371547932618683e-07,1.3662529373152041e-09,1.371547932618683e-07,1.3662529373152041e-09,2.58542e-07,2.58542e-07,1.371547932618683e-07,False,False,False,0,False,,,-3.3687280252709497,3.0,False,False,,,weekly,10.0,sigma,computed,/home/lkoo/projects/AutomationDetection/DownloadedLC/incremental/quiescent_background_cache.csv,,,,,,False,not_in_flare_streak
4FGL J0538.8-4405,328,329,57014.00001157408,1.35e-07,2.7e-08,6.29e-08,1.9663055489964582e-07,1.371547932618683e-07,1.3662529373152041e-09,1.371547932618683e-07,1.3662529373152041e-09,2.58542e-07,2.58542e-07,1.371547932618683e-07,True,False,False,0,False,,,-0.07970517820383381,3.0,False,False,,,weekly,10.0,sigma,computed,/home/lkoo/projects/AutomationDetection/DownloadedLC/incremental/quiescent_background_cache.csv,,,,,,False,not_in_flare_streak
4FGL J0538.8-4405,329,330,57021.00001157408,1.42e-07,2.98e-08,1.35e-07,1.9663055489964582e-07,1.371547932618683e-07,1.3662529373152041e-09,1.371547932618683e-07,1.3662529373152041e-09,2.58542e-07,2.58542e-07,1.371547932618683e-07,True,True,False,0,False,,,0.16242021728767797,3.0,False,False,,,weekly,10.0,sigma,computed,/home/lkoo/projects/AutomationDetection/DownloadedLC/incremental/quiescent_background_cache.csv,,,,,,False,not_in_flare_streak
4FGL J0538.8-4405,330,331,57028.00001157408,4.92e-08,2.36e-08,1.42e-07,1.9663055489964582e-07,1.371547932618683e-07,1.3662529373152041e-09,1.371547932618683e-07,1.3662529373152041e-09,2.58542e-07,2.58542e-07,1.371547932618683e-07,False,False,False,0,False,,,-3.720668339449759,3.0,False,False,,,weekly,10.0,sigma,computed,/home/lkoo/projects/AutomationDetection/DownloadedLC/incremental/quiescent_background_cache.csv,,,,,,False,not_in_flare_streak
4FGL J0538.8-4405,331,332,57035.00001157408,1.19e-07,3.54e-08,4.92e-08,1.9663055489964582e-07,1.371547932618683e-07,1.3662529373152041e-09,1.371547932618683e-07,1.3662529373152041e-09,2.58542e-07,2.58542e-07,1.371547932618683e-07,True,False,False,0,False,,,-0.5124657371056497,3.0,False,False,,,weekly,10.0,sigma,computed,/home/lkoo/projects/AutomationDetection/DownloadedLC/incremental/quiescent_background_cache.csv,,,,,,False,not_in_flare_streak
4FGL J0538.8-4405,332,333,57042.00001157408,1.55e-07,4.41e-08,1.19e-07,1.9663055489964582e-07,1.371547932618683e-07,1.3662529373152041e-09,1.371547932618683e-07,1.3662529373152041e-09,2.58542e-07,2.58542e-07,1.371547932618683e-07,True,True,False,0,False,,,0.4044591587006124,3.0,False,False,,,weekly,10.0,sigma,computed,/home/lkoo/projects/AutomationDetection/DownloadedLC/incremental/quiescent_background_cache.csv,,,,,,False,not_in_flare_streak
4FGL J0538.8-4405,333,334,57049.00001157408,1.07e-07,4.35e-08,1.55e-07,1.9663055489964582e-07,1.371547932618683e-07,1.3662529373152041e-09,1.371547932618683e-07,1.3662529373152041e-09,2.58542e-07,2.58542e-07,1.371547932618683e-07,False,False,False,0,False,,,-0.692871973876181,3.0,False,False,,,weekly,10.0,sigma,computed,/home/lkoo/projects/AutomationDetection/DownloadedLC/incremental/quiescent_background_cache.csv,,,,,,False,not_in_flare_streak
4FGL J0538.8-4405,334,335,57056.00001157408,1.76e-07,3.78e-08,1.07e-07,1.9663055489964582e-07,1.371547932618683e-07,1.3662529373152041e-09,1.371547932618683e-07,1.3662529373152041e-09,2.58542e-07,2.58542e-07,1.371547932618683e-07,True,True,False,0,False,,,1.0269803635072379,3.0,False,False,,,weekly,10.0,sigma,computed,/home/lkoo/projects/AutomationDetection/DownloadedLC/incremental/quiescent_background_cache.csv,,,,,,False,not_in_flare_streak
4FGL J0538.8-4405,335,336,57063.00001157408,9.19e-08,2.85e-08,1.76e-07,1.9663055489964582e-07,1.371547932618683e-07,1.3662529373152041e-09,1.371547932618683e-07,1.3662529373152041e-09,2.58542e-07,2.58542e-07,1.371547932618683e-07,False,False,False,0,False,,,-1.5860660445537698,3.0,False,False,,,weekly,10.0,sigma,computed,/home/lkoo/projects/AutomationDetection/DownloadedLC/incremental/quiescent_background_cache.csv,,,,,,False,not_in_flare_streak
4FGL J0538.8-4405,336,337,57070.00001157408,1.35e-07,2.97e-08,9.19e-08,1.9663055489964582e-07,1.371547932618683e-07,1.3662529373152041e-09,1.371547932618683e-07,1.3662529373152041e-09,2.58542e-07,2.58542e-07,1.371547932618683e-07,True,False,False,0,False,,,-0.07247531737743174,3.0,False,False,,,weekly,10.0,sigma,computed,/home/lkoo/projects/AutomationDetection/DownloadedLC/incremental/quiescent_background_cache.csv,,,,,,False,not_in_flare_streak
4FGL J0538.8-4405,337,338,57077.00001157408,7.73e-08,2.66e-08,1.35e-07,1.9663055489964582e-07,1.371547932618683e-07,1.3662529373152041e-09,1.371547932618683e-07,1.3662529373152041e-09,2.58542e-07,2.58542e-07,1.371547932618683e-07,False,False,False,0,False,,,-2.247217905003004,3.0,False,False,,,weekly,10.0,sigma,computed,/home/lkoo/projects/AutomationDetection/DownloadedLC/incremental/quiescent_background_cache.csv,,,,,,False,not_in_flare_streak
4FGL J0538.8-4405,338,339,57084.00001157408,1.38e-07,3.41e-08,7.73e-08,1.9663055489964582e-07,1.371547932618683e-07,1.3662529373152041e-09,1.371547932618683e-07,1.3662529373152041e-09,2.58542e-07,2.58542e-07,1.371547932618683e-07,True,True,False,0,False,,,0.02476625081861698,3.0,False,False,,,weekly,10.0,sigma,computed,/home/lkoo/projects/AutomationDetection/DownloadedLC/incremental/quiescent_background_cache.csv,,,,,,False,not_in_flare_streak
4FGL J0538.8-4405,339,340,57091.00001157408,1.22e-07,4.75e-08,1.38e-07,1.9663055489964582e-07,1.371547932618683e-07,1.3662529373152041e-09,1.371547932618683e-07,1.3662529373152041e-09,2.58542e-07,2.58542e-07,1.371547932618683e-07,False,False,False,0,False,,,-0.3189163830727508,3.0,False,False,,,weekly,10.0,sigma,computed,/home/lkoo/projects/AutomationDetection/DownloadedLC/incremental/quiescent_background_cache.csv,,,,,,False,not_in_flare_streak
4FGL J0538.8-4405,340,341,57098.00001157408,1.37e-07,5.26e-08,1.22e-07,1.9663055489964582e-07,1.371547932618683e-07,1.3662529373152041e-09,1.371547932618683e-07,1.3662529373152041e-09,2.58542e-07,2.58542e-07,1.371547932618683e-07,True,False,False,0,False,,,-0.0029418454595247115,3.0,False,False,,,weekly,10.0,sigma,computed,/home/lkoo/projects/AutomationDetection/DownloadedLC/incremental/quiescent_background_cache.csv,,,,,,False,not_in_flare_streak
4FGL J0538.8-4405,341,342,57105.00001157408,9.4e-08,3.89e-08,1.37e-07,1.9663055489964582e-07,1.371547932618683e-07,1.3662529373152041e-09,1.371547932618683e-07,1.3662529373152041e-09,2.58542e-07,2.58542e-07,1.371547932618683e-07,False,False,False,0,False,,,-1.1086941049115608,3.0,False,False,,,weekly,10.0,sigma,computed,/home/lkoo/projects/AutomationDetection/DownloadedLC/incremental/quiescent_background_cache.csv,,,,,,False,not_in_flare_streak
4FGL J0538.8-4405,342,343,57112.00001157408,5.54e-08,2.21e-08,9.4e-08,1.9663055489964582e-07,1.371547932618683e-07,1.3662529373152041e-09,1.371547932618683e-07,1.3662529373152041e-09,2.58542e-07,2.58542e-07,1.371547932618683e-07,False,False,False,0,False,,,-3.6922629379112366,3.0,False,False,,,weekly,10.0,sigma,computed,/home/lkoo/projects/AutomationDetection/DownloadedLC/incremental/quiescent_background_cache.csv,,,,,,False,not_in_flare_streak
4FGL J0538.8-4405,343,344,57119.00001157408,4.51e-08,2.12e-08,5.54e-08,1.9663055489964582e-07,1.371547932618683e-07,1.3662529373152041e-09,1.371547932618683e-07,1.3662529373152041e-09,2.58542e-07,2.58542e-07,1.371547932618683e-07,False,False,False,0,False,,,-4.333218034230361,3.0,False,False,,,weekly,10.0,sigma,computed,/home/lkoo/projects/AutomationDetection/DownloadedLC/incremental/quiescent_background_cache.csv,,,,,,False,not_in_flare_streak
4FGL J0538.8-4405,344,345,57126.00001157408,5.1e-08,1.78e-08,4.51e-08,1.9663055489964582e-07,1.371547932618683e-07,1.3662529373152041e-09,1.371547932618683e-07,1.3662529373152041e-09,2.58542e-07,2.58542e-07,1.371547932618683e-07,True,False,False,0,False,,,-4.825961844529869,3.0,False,False,,,weekly,10.0,sigma,computed,/home/lkoo/projects/AutomationDetection/DownloadedLC/incremental/quiescent_background_cache.csv,,,,,,False,not_in_flare_streak
4FGL J0538.8-4405,345,346,57133.00001157408,9.34e-08,3.36e-08,5.1e-08,1.9663055489964582e-07,1.371547932618683e-07,1.3662529373152041e-09,1.371547932618683e-07,1.3662529373152041e-09,2.58542e-07,2.58542e-07,1.371547932618683e-07,True,False,False,0,False,,,-1.3011507586832278,3.0,False,False,,,weekly,10.0,sigma,computed,/home/lkoo/projects/AutomationDetection/DownloadedLC/incremental/quiescent_background_cache.csv,,,,,,False,not_in_flare_streak
4FGL J0538.8-4405,346,347,57140.00001157408,9.52e-08,3.14e-08,9.34e-08,1.9663055489964582e-07,1.371547932618683e-07,1.3662529373152041e-09,1.371547932618683e-07,1.3662529373152041e-09,2.58542e-07,2.58542e-07,1.371547932618683e-07,True,False,False,0,False,,,-1.3348768971440585,3.0,False,False,,,weekly,10.0,sigma,computed,/home/lkoo/projects/AutomationDetection/DownloadedLC/incremental/quiescent_background_cache.csv,,,,,,False,not_in_flare_streak
4FGL J0538.8-4405,347,348,57147.00001157408,4.38e-08,2.99e-08,9.52e-08,1.9663055489964582e-07,1.371547932618683e-07,1.3662529373152041e-09,1.371547932618683e-07,1.3662529373152041e-09,2.58542e-07,2.58542e-07,1.371547932618683e-07,False,False,False,0,False,,,-3.1189794515750804,3.0,False,False,,,weekly,10.0,sigma,computed,/home/lkoo/projects/AutomationDetection/DownloadedLC/incremental/quiescent_background_cache.csv,,,,,,False,not_in_flare_streak
4FGL J0538.8-4405,348,349,57154.00001157408,2.31e-07,6.11e-08,4.38e-08,1.9663055489964582e-07,1.371547932618683e-07,1.3662529373152041e-09,1.371547932618683e-07,1.3662529373152041e-09,2.58542e-07,2.58542e-07,1.371547932618683e-07,True,True,False,0,False,,,1.5355442504444468,3.0,False,False,,,weekly,10.0,sigma,computed,/home/lkoo/projects/AutomationDetection/DownloadedLC/incremental/quiescent_background_cache.csv,,,,,,False,not_in_flare_streak
4FGL J0538.8-4405,349,350,57161.00001157408,1.08e-07,4.8e-08,2.31e-07,1.9663055489964582e-07,1.371547932618683e-07,1.3662529373152041e-09,1.371547932618683e-07,1.3662529373152041e-09,2.58542e-07,2.58542e-07,1.371547932618683e-07,False,False,False,0,False,,,-0.6071456284668644,3.0,False,False,,,weekly,10.0,sigma,computed,/home/lkoo/projects/AutomationDetection/DownloadedLC/incremental/quiescent_background_cache.csv,,,,,,False,not_in_flare_streak
4FGL J0538.8-4405,350,351,57168.00001157408,1.05e-07,3e-08,1.08e-07,1.9663055489964582e-07,1.371547932618683e-07,1.3662529373152041e-09,1.371547932618683e-07,1.3662529373152041e-09,2.58542e-07,2.58542e-07,1.371547932618683e-07,False,False,False,0,False,,,-1.0707166560201224,3.0,False,False,,,weekly,10.0,sigma,computed,/home/lkoo/projects/AutomationDetection/DownloadedLC/incremental/quiescent_background_cache.csv,,,,,,False,not_in_flare_streak
4FGL J0538.8-4405,351,352,57175.00001157408,9.58e-08,2.38e-08,1.05e-07,1.9663055489964582e-07,1.371547932618683e-07,1.3662529373152041e-09,1.371547932618683e-07,1.3662529373152041e-09,2.58542e-07,2.58542e-07,1.371547932618683e-07,False,False,False,0,False,,,-1.7347403737018543,3.0,False,False,,,weekly,10.0,sigma,computed,/home/lkoo/projects/AutomationDetection/DownloadedLC/incremental/quiescent_background_cache.csv,,,,,,False,not_in_flare_streak
4FGL J0538.8-4405,352,353,57182.00001157408,7.8e-08,2.62e-08,9.58e-08,1.9663055489964582e-07,1.371547932618683e-07,1.3662529373152041e-09,1.371547932618683e-07,1.3662529373152041e-09,2.58542e-07,2.58542e-07,1.371547932618683e-07,False,False,False,0,False,,,-2.2547529254829453,3.0,False,False,,,weekly,10.0,sigma,computed,/home/lkoo/projects/AutomationDetection/DownloadedLC/incremental/quiescent_background_cache.csv,,,,,,False,not_in_flare_streak
4FGL J0538.8-4405,353,354,57189.00001157408,3.8e-08,2.58e-08,7.8e-08,1.9663055489964582e-07,1.371547932618683e-07,1.3662529373152041e-09,1.371547932618683e-07,1.3662529373152041e-09,2.58542e-07,2.58542e-07,1.371547932618683e-07,False,False,False,0,False,,,-3.837831613537439,3.0,False,False,,,weekly,10.0,sigma,computed,/home/lkoo/projects/AutomationDetection/DownloadedLC/incremental/quiescent_background_cache.csv,,,,,,False,not_in_flare_streak
4FGL J0538.8-4405,354,355,57196.00001157408,7.24e-08,3.88e-08,3.8e-08,1.9663055489964582e-07,1.371547932618683e-07,1.3662529373152041e-09,1.371547932618683e-07,1.3662529373152041e-09,2.58542e-07,2.58542e-07,1.371547932618683e-07,True,False,False,0,False,,,-1.6679042449448518,3.0,False,False,,,weekly,10.0,sigma,computed,/home/lkoo/projects/AutomationDetection/DownloadedLC/incremental/quiescent_background_cache.csv,,,,,,False,not_in_flare_streak
4FGL J0538.8-4405,355,356,57210.00001157408,9.49e-08,3.82e-08,7.24e-08,1.9663055489964582e-07,1.371547932618683e-07,1.3662529373152041e-09,1.371547932618683e-07,1.3662529373152041e-09,2.58542e-07,2.58542e-07,1.371547932618683e-07,True,False,False,0,False,,,-1.105439612073131,3.0,False,False,,,weekly,10.0,sigma,computed,/home/lkoo/projects/AutomationDetection/DownloadedLC/incremental/quiescent_background_cache.csv,,,,,,False,not_in_flare_streak
4FGL J0538.8-4405,356,357,57217.00001157408,1.05e-08,6.99e-09,9.49e-08,1.9663055489964582e-07,1.371547932618683e-07,1.3662529373152041e-09,1.371547932618683e-07,1.3662529373152041e-09,2.58542e-07,2.58542e-07,1.371547932618683e-07,False,False,False,0,False,,,-17.782921999511867,3.0,False,False,,,weekly,10.0,sigma,computed,/home/lkoo/projects/AutomationDetection/DownloadedLC/incremental/quiescent_background_cache.csv,,,,,,False,not_in_flare_streak
4FGL J0538.8-4405,357,358,57224.00001157408,3.98e-08,2.21e-08,1.05e-08,1.9663055489964582e-07,1.371547932618683e-07,1.3662529373152041e-09,1.371547932618683e-07,1.3662529373152041e-09,2.58542e-07,2.58542e-07,1.371547932618683e-07,True,False,False,0,False,,,-4.39680024432848,3.0,False,False,,,weekly,10.0,sigma,computed,/home/lkoo/projects/AutomationDetection/DownloadedLC/incremental/quiescent_background_cache.csv,,,,,,False,not_in_flare_streak
4FGL J0538.8-4405,358,359,57231.00001157408,9.2e-08,2.96e-08,3.98e-08,1.9663055489964582e-07,1.371547932618683e-07,1.3662529373152041e-09,1.371547932618683e-07,1.3662529373152041e-09,2.58542e-07,2.58542e-07,1.371547932618683e-07,True,False,False,0,False,,,-1.523877335967327,3.0,False,False,,,weekly,10.0,sigma,computed,/home/lkoo/projects/AutomationDetection/DownloadedLC/incremental/quiescent_background_cache.csv,,,,,,False,not_in_flare_streak
4FGL J0538.8-4405,359,360,57238.00001157408,3.76e-08,1.64e-08,9.2e-08,1.9663055489964582e-07,1.371547932618683e-07,1.3662529373152041e-09,1.371547932618683e-07,1.3662529373152041e-09,2.58542e-07,2.58542e-07,1.371547932618683e-07,False,False,False,0,False,,,-6.049458173071888,3.0,False,False,,,weekly,10.0,sigma,computed,/home/lkoo/projects/AutomationDetection/DownloadedLC/incremental/quiescent_background_cache.csv,,,,,,False,not_in_flare_streak
4FGL J0538.8-4405,360,361,57245.00001157408,2.05e-08,1.81e-08,3.76e-08,1.9663055489964582e-07,1.371547932618683e-07,1.3662529373152041e-09,1.371547932618683e-07,1.3662529373152041e-09,2.58542e-07,2.58542e-07,1.371547932618683e-07,False,False,False,0,False,,,-6.426733178232752,3.0,False,False,,,weekly,10.0,sigma,computed,/home/lkoo/projects/AutomationDetection/DownloadedLC/incremental/quiescent_background_cache.csv,,,,,,False,not_in_flare_streak
4FGL J0538.8-4405,361,362,57252.00001157408,2.17e-08,2.11e-08,2.05e-08,1.9663055489964582e-07,1.371547932618683e-07,1.3662529373152041e-09,1.371547932618683e-07,1.3662529373152041e-09,2.58542e-07,2.58542e-07,1.371547932618683e-07,True,False,False,0,False,,,-5.460356212748603,3.0,False,False,,,weekly,10.0,sigma,computed,/home/lkoo/projects/AutomationDetection/DownloadedLC/incremental/quiescent_background_cache.csv,,,,,,False,not_in_flare_streak
4FGL J0538.8-4405,362,363,57259.00001157408,6.13e-08,3.4e-08,2.17e-08,1.9663055489964582e-07,1.371547932618683e-07,1.3662529373152041e-09,1.371547932618683e-07,1.3662529373152041e-09,2.58542e-07,2.58542e-07,1.371547932618683e-07,True,False,False,0,False,,,-2.2292242410567855,3.0,False,False,,,weekly,10.0,sigma,computed,/home/lkoo/projects/AutomationDetection/DownloadedLC/incremental/quiescent_background_cache.csv,,,,,,False,not_in_flare_streak
4FGL J0538.8-4405,363,364,57266.00001157408,6.55e-08,3.83e-08,6.13e-08,1.9663055489964582e-07,1.371547932618683e-07,1.3662529373152041e-09,1.371547932618683e-07,1.3662529373152041e-09,2.58542e-07,2.58542e-07,1.371547932618683e-07,True,False,False,0,False,,,-1.8696930977331552,3.0,False,False,,,weekly,10.0,sigma,computed,/home/lkoo/projects/AutomationDetection/DownloadedLC/incremental/quiescent_background_cache.csv,,,,,,False,not_in_flare_streak
4FGL J0538.8-4405,364,365,57273.00001157408,4.43e-08,2.96e-08,6.55e-08,1.9663055489964582e-07,1.371547932618683e-07,1.3662529373152041e-09,1.371547932618683e-07,1.3662529373152041e-09,2.58542e-07,2.58542e-07,1.371547932618683e-07,False,False,False,0,False,,,-3.1336499353920013,3.0,False,False,,,weekly,10.0,sigma,computed,/home/lkoo/projects/AutomationDetection/DownloadedLC/incremental/quiescent_background_cache.csv,,,,,,False,not_in_flare_streak
4FGL J0538.8-4405,365,366,57280.00001157408,5.75e-08,2.28e-08,4.43e-08,1.9663055489964582e-07,1.371547932618683e-07,1.3662529373152041e-09,1.371547932618683e-07,1.3662529373152041e-09,2.58542e-07,2.58542e-07,1.371547932618683e-07,True,False,False,0,False,,,-3.4873756410242014,3.0,False,False,,,weekly,10.0,sigma,computed,/home/lkoo/projects/AutomationDetection/DownloadedLC/incremental/quiescent_background_cache.csv,,,,,,False,not_in_flare_streak
4FGL J0538.8-4405,366,367,57287.00001157408,1.24e-07,3.02e-08,5.75e-08,1.9663055489964582e-07,1.371547932618683e-07,1.3662529373152041e-09,1.371547932618683e-07,1.3662529373152041e-09,2.58542e-07,2.58542e-07,1.371547932618683e-07,True,False,False,0,False,,,-0.43514410975078927,3.0,False,False,,,weekly,10.0,sigma,computed,/home/lkoo/projects/AutomationDetection/DownloadedLC/incremental/quiescent_background_cache.csv,,,,,,False,not_in_flare_streak
4FGL J0538.8-4405,367,368,57294.00001157408,1.09e-07,2.82e-08,1.24e-07,1.9663055489964582e-07,1.371547932618683e-07,1.3662529373152041e-09,1.371547932618683e-07,1.3662529373152041e-09,2.58542e-07,2.58542e-07,1.371547932618683e-07,False,False,False,0,False,,,-0.9972272268345385,3.0,False,False,,,weekly,10.0,sigma,computed,/home/lkoo/projects/AutomationDetection/DownloadedLC/incremental/quiescent_background_cache.csv,,,,,,False,not_in_flare_streak
4FGL J0538.8-4405,368,369,57301.00001157408,7.35e-08,3.22e-08,1.09e-07,1.9663055489964582e-07,1.371547932618683e-07,1.3662529373152041e-09,1.371547932618683e-07,1.3662529373152041e-09,2.58542e-07,2.58542e-07,1.371547932618683e-07,False,False,False,0,False,,,-1.9750798420598568,3.0,False,False,,,weekly,10.0,sigma,computed,/home/lkoo/projects/AutomationDetection/DownloadedLC/incremental/quiescent_background_cache.csv,,,,,,False,not_in_flare_streak
4FGL J0538.8-4405,369,370,57308.00001157408,7.35e-08,4.1e-08,7.35e-08,1.9663055489964582e-07,1.371547932618683e-07,1.3662529373152041e-09,1.371547932618683e-07,1.3662529373152041e-09,2.58542e-07,2.58542e-07,1.371547932618683e-07,False,False,False,0,False,,,-1.5516946415314607,3.0,False,False,,,weekly,10.0,sigma,computed,/home/lkoo/projects/AutomationDetection/DownloadedLC/incremental/quiescent_background_cache.csv,,,,,,False,not_in_flare_streak
4FGL J0538.8-4405,370,371,57315.00001157408,3.97e-08,2.62e-08,7.35e-08,1.9663055489964582e-07,1.371547932618683e-07,1.3662529373152041e-09,1.371547932618683e-07,1.3662529373152041e-09,2.58542e-07,2.58542e-07,1.371547932618683e-07,False,False,False,0,False,,,-3.7146014395958886,3.0,False,False,,,weekly,10.0,sigma,computed,/home/lkoo/projects/AutomationDetection/DownloadedLC/incremental/quiescent_background_cache.csv,,,,,,False,not_in_flare_streak
4FGL J0538.8-4405,371,372,57322.00001157408,1.18e-07,3.56e-08,3.97e-08,1.9663055489964582e-07,1.371547932618683e-07,1.3662529373152041e-09,1.371547932618683e-07,1.3662529373152041e-09,2.58542e-07,2.58542e-07,1.371547932618683e-07,True,False,False,0,False,,,-0.5376601864113946,3.0,False,False,,,weekly,10.0,sigma,computed,/home/lkoo/projects/AutomationDetection/DownloadedLC/incremental/quiescent_background_cache.csv,,,,,,False,not_in_flare_streak
4FGL J0538.8-4405,372,373,57329.00001157408,6.66e-08,2.98e-08,1.18e-07,1.9663055489964582e-07,1.371547932618683e-07,1.3662529373152041e-09,1.371547932618683e-07,1.3662529373152041e-09,2.58542e-07,2.58542e-07,1.371547932618683e-07,False,False,False,0,False,,,-2.365126086796998,3.0,False,False,,,weekly,10.0,sigma,computed,/home/lkoo/projects/AutomationDetection/DownloadedLC/incremental/quiescent_background_cache.csv,,,,,,False,not_in_flare_streak
4FGL J0538.8-4405,373,374,57336.00001157408,3.98e-08,1.51e-08,6.66e-08,1.9663055489964582e-07,1.371547932618683e-07,1.3662529373152041e-09,1.371547932618683e-07,1.3662529373152041e-09,2.58542e-07,2.58542e-07,1.371547932618683e-07,False,False,False,0,False,,,-6.421107072224199,3.0,False,False,,,weekly,10.0,sigma,computed,/home/lkoo/projects/AutomationDetection/DownloadedLC/incremental/quiescent_background_cache.csv,,,,,,False,not_in_flare_streak
4FGL J0538.8-4405,374,375,57343.00001157408,6.28e-08,2.67e-08,3.98e-08,1.9663055489964582e-07,1.371547932618683e-07,1.3662529373152041e-09,1.371547932618683e-07,1.3662529373152041e-09,2.58542e-07,2.58542e-07,1.371547932618683e-07,True,False,False,0,False,,,-2.78118493971703,3.0,False,False,,,weekly,10.0,sigma,computed,/home/lkoo/projects/AutomationDetection/DownloadedLC/incremental/quiescent_background_cache.csv,,,,,,False,not_in_flare_streak
4FGL J0538.8-4405,375,376,57350.00001157408,8.43e-08,3.27e-08,6.28e-08,1.9663055489964582e-07,1.371547932618683e-07,1.3662529373152041e-09,1.371547932618683e-07,1.3662529373152041e-09,2.58542e-07,2.58542e-07,1.371547932618683e-07,True,False,False,0,False,,,-1.6149455528310568,3.0,False,False,,,weekly,10.0,sigma,computed,/home/lkoo/projects/AutomationDetection/DownloadedLC/incremental/quiescent_background_cache.csv,,,,,,False,not_in_flare_streak
4FGL J0538.8-4405,376,377,57357.00001157408,7.03e-08,3.59e-08,8.43e-08,1.9663055489964582e-07,1.371547932618683e-07,1.3662529373152041e-09,1.371547932618683e-07,1.3662529373152041e-09,2.58542e-07,2.58542e-07,1.371547932618683e-07,False,False,False,0,False,,,-1.8609033772182315,3.0,False,False,,,weekly,10.0,sigma,computed,/home/lkoo/projects/AutomationDetection/DownloadedLC/incremental/quiescent_background_cache.csv,,,,,,False,not_in_flare_streak
4FGL J0538.8-4405,377,378,57364.00001157408,1.53e-07,5.73e-08,7.03e-08,1.9663055489964582e-07,1.371547932618683e-07,1.3662529373152041e-09,1.371547932618683e-07,1.3662529373152041e-09,2.58542e-07,2.58542e-07,1.371547932618683e-07,True,True,False,0,False,,,0.27645208419553013,3.0,False,False,,,weekly,10.0,sigma,computed,/home/lkoo/projects/AutomationDetection/DownloadedLC/incremental/quiescent_background_cache.csv,,,,,,False,not_in_flare_streak
4FGL J0538.8-4405,378,379,57371.00001157408,7.97e-08,3.02e-08,1.53e-07,1.9663055489964582e-07,1.371547932618683e-07,1.3662529373152041e-09,1.371547932618683e-07,1.3662529373152041e-09,2.58542e-07,2.58542e-07,1.371547932618683e-07,False,False,False,0,False,,,-1.900532708280703,3.0,False,False,,,weekly,10.0,sigma,computed,/home/lkoo/projects/AutomationDetection/DownloadedLC/incremental/quiescent_background_cache.csv,,,,,,False,not_in_flare_streak
4FGL J0538.8-4405,379,380,57378.00001157408,1.11e-07,3.2e-08,7.97e-08,1.9663055489964582e-07,1.371547932618683e-07,1.3662529373152041e-09,1.371547932618683e-07,1.3662529373152041e-09,2.58542e-07,2.58542e-07,1.371547932618683e-07,True,False,False,0,False,,,-0.8165933453092321,3.0,False,False,,,weekly,10.0,sigma,computed,/home/lkoo/projects/AutomationDetection/DownloadedLC/incremental/quiescent_background_cache.csv,,,,,,False,not_in_flare_streak
4FGL J0538.8-4405,380,381,57385.00001157408,7.56e-08,2.58e-08,1.11e-07,1.9663055489964582e-07,1.371547932618683e-07,1.3662529373152041e-09,1.371547932618683e-07,1.3662529373152041e-09,2.58542e-07,2.58542e-07,1.371547932618683e-07,False,False,False,0,False,,,-2.3825064202519854,3.0,False,False,,,weekly,10.0,sigma,computed,/home/lkoo/projects/AutomationDetection/DownloadedLC/incremental/quiescent_background_cache.csv,,,,,,False,not_in_flare_streak
4FGL J0538.8-4405,381,382,57392.00001157408,1.3e-07,3.26e-08,7.56e-08,1.9663055489964582e-07,1.371547932618683e-07,1.3662529373152041e-09,1.371547932618683e-07,1.3662529373152041e-09,2.58542e-07,2.58542e-07,1.371547932618683e-07,True,False,False,0,False,,,-0.21927969741065328,3.0,False,False,,,weekly,10.0,sigma,computed,/home/lkoo/projects/AutomationDetection/DownloadedLC/incremental/quiescent_background_cache.csv,,,,,,False,not_in_flare_streak
4FGL J0538.8-4405,382,383,57399.00001157408,1.14e-07,3.36e-08,1.3e-07,1.9663055489964582e-07,1.371547932618683e-07,1.3662529373152041e-09,1.371547932618683e-07,1.3662529373152041e-09,2.58542e-07,2.58542e-07,1.371547932618683e-07,False,False,False,0,False,,,-0.6885617454417107,3.0,False,False,,,weekly,10.0,sigma,computed,/home/lkoo/projects/AutomationDetection/DownloadedLC/incremental/quiescent_background_cache.csv,,,,,,False,not_in_flare_streak
4FGL J0538.8-4405,383,384,57406.00001157408,1.51e-07,4.28e-08,1.14e-07,1.9663055489964582e-07,1.371547932618683e-07,1.3662529373152041e-09,1.371547932618683e-07,1.3662529373152041e-09,2.58542e-07,2.58542e-07,1.371547932618683e-07,True,True,False,0,False,,,0.3233214482199411,3.0,False,False,,,weekly,10.0,sigma,computed,/home/lkoo/projects/AutomationDetection/DownloadedLC/incremental/quiescent_background_cache.csv,,,,,,False,not_in_flare_streak
4FGL J0538.8-4405,384,385,57413.00001157408,7.82e-08,3.57e-08,1.51e-07,1.9663055489964582e-07,1.371547932618683e-07,1.3662529373152041e-09,1.371547932618683e-07,1.3662529373152041e-09,2.58542e-07,2.58542e-07,1.371547932618683e-07,False,False,False,0,False,,,-1.6501867608355483,3.0,False,False,,,weekly,10.0,sigma,computed,/home/lkoo/projects/AutomationDetection/DownloadedLC/incremental/quiescent_background_cache.csv,,,,,,False,not_in_flare_streak
4FGL J0538.8-4405,385,386,57420.00001157408,8.99e-08,3.89e-08,7.82e-08,1.9663055489964582e-07,1.371547932618683e-07,1.3662529373152041e-09,1.371547932618683e-07,1.3662529373152041e-09,2.58542e-07,2.58542e-07,1.371547932618683e-07,True,False,False,0,False,,,-1.2140276145069813,3.0,False,False,,,weekly,10.0,sigma,computed,/home/lkoo/projects/AutomationDetection/DownloadedLC/incremental/quiescent_background_cache.csv,,,,,,False,not_in_flare_streak
4FGL J0538.8-4405,386,387,57427.00001157408,4.07e-08,2.16e-08,8.99e-08,1.9663055489964582e-07,1.371547932618683e-07,1.3662529373152041e-09,1.371547932618683e-07,1.3662529373152041e-09,2.58542e-07,2.58542e-07,1.371547932618683e-07,False,False,False,0,False,,,-4.456593456158319,3.0,False,False,,,weekly,10.0,sigma,computed,/home/lkoo/projects/AutomationDetection/DownloadedLC/incremental/quiescent_background_cache.csv,,,,,,False,not_in_flare_streak
4FGL J0538.8-4405,387,388,57434.00001157408,4.59e-08,2.43e-08,4.07e-08,1.9663055489964582e-07,1.371547932618683e-07,1.3662529373152041e-09,1.371547932618683e-07,1.3662529373152041e-09,2.58542e-07,2.58542e-07,1.371547932618683e-07,True,False,False,0,False,,,-3.749419661351418,3.0,False,False,,,weekly,10.0,sigma,computed,/home/lkoo/projects/AutomationDetection/DownloadedLC/incremental/quiescent_background_cache.csv,,,,,,False,not_in_flare_streak
4FGL J0538.8-4405,388,389,57441.00001157408,8.03e-08,2.13e-08,4.59e-08,1.9663055489964582e-07,1.371547932618683e-07,1.3662529373152041e-09,1.371547932618683e-07,1.3662529373152041e-09,2.58542e-07,2.58542e-07,1.371547932618683e-07,True,False,False,0,False,,,-2.6637648922785715,3.0,False,False,,,weekly,10.0,sigma,computed,/home/lkoo/projects/AutomationDetection/DownloadedLC/incremental/quiescent_background_cache.csv,,,,,,False,not_in_flare_streak
4FGL J0538.8-4405,389,390,57448.00001157408,1.21e-07,2.97e-08,8.03e-08,1.9663055489964582e-07,1.371547932618683e-07,1.3662529373152041e-09,1.371547932618683e-07,1.3662529373152041e-09,2.58542e-07,2.58542e-07,1.371547932618683e-07,True,False,False,0,False,,,-0.5433578197685384,3.0,False,False,,,weekly,10.0,sigma,computed,/home/lkoo/projects/AutomationDetection/DownloadedLC/incremental/quiescent_background_cache.csv,,,,,,False,not_in_flare_streak
4FGL J0538.8-4405,390,391,57455.00001157408,1.23e-07,3.05e-08,1.21e-07,1.9663055489964582e-07,1.371547932618683e-07,1.3662529373152041e-09,1.371547932618683e-07,1.3662529373152041e-09,2.58542e-07,2.58542e-07,1.371547932618683e-07,True,False,False,0,False,,,-0.46362665699154376,3.0,False,False,,,weekly,10.0,sigma,computed,/home/lkoo/projects/AutomationDetection/DownloadedLC/incremental/quiescent_background_cache.csv,,,,,,False,not_in_flare_streak
4FGL J0538.8-4405,391,392,57462.00001157408,1.17e-07,3.35e-08,1.23e-07,1.9663055489964582e-07,1.371547932618683e-07,1.3662529373152041e-09,1.371547932618683e-07,1.3662529373152041e-09,2.58542e-07,2.58542e-07,1.371547932618683e-07,False,False,False,0,False,,,-0.6011358904881171,3.0,False,False,,,weekly,10.0,sigma,computed,/home/lkoo/projects/AutomationDetection/DownloadedLC/incremental/quiescent_background_cache.csv,,,,,,False,not_in_flare_streak
4FGL J0538.8-4405,392,393,57469.00001157408,1e-07,3.99e-08,1.17e-07,1.9663055489964582e-07,1.371547932618683e-07,1.3662529373152041e-09,1.371547932618683e-07,1.3662529373152041e-09,2.58542e-07,2.58542e-07,1.371547932618683e-07,False,False,False,0,False,,,-0.9306523864962299,3.0,False,False,,,weekly,10.0,sigma,computed,/home/lkoo/projects/AutomationDetection/DownloadedLC/incremental/quiescent_background_cache.csv,,,,,,False,not_in_flare_streak
4FGL J0538.8-4405,393,394,57476.00001157408,1.18e-07,4.16e-08,1e-07,1.9663055489964582e-07,1.371547932618683e-07,1.3662529373152041e-09,1.371547932618683e-07,1.3662529373152041e-09,2.58542e-07,2.58542e-07,1.371547932618683e-07,True,False,False,0,False,,,-0.46020363152424687,3.0,False,False,,,weekly,10.0,sigma,computed,/home/lkoo/projects/AutomationDetection/DownloadedLC/incremental/quiescent_background_cache.csv,,,,,,False,not_in_flare_streak
4FGL J0538.8-4405,394,395,57483.00001157408,1.43e-07,3.34e-08,1.18e-07,1.9663055489964582e-07,1.371547932618683e-07,1.3662529373152041e-09,1.371547932618683e-07,1.3662529373152041e-09,2.58542e-07,2.58542e-07,1.371547932618683e-07,True,True,False,0,False,,,0.17485995585453556,3.0,False,False,,,weekly,10.0,sigma,computed,/home/lkoo/projects/AutomationDetection/DownloadedLC/incremental/quiescent_background_cache.csv,,,,,,False,not_in_flare_streak
4FGL J0538.8-4405,395,396,57490.00001157408,1.04e-07,2.95e-08,1.43e-07,1.9663055489964582e-07,1.371547932618683e-07,1.3662529373152041e-09,1.371547932618683e-07,1.3662529373152041e-09,2.58542e-07,2.58542e-07,1.371547932618683e-07,False,False,False,0,False,,,-1.1226878844876222,3.0,False,False,,,weekly,10.0,sigma,computed,/home/lkoo/projects/AutomationDetection/DownloadedLC/incremental/quiescent_background_cache.csv,,,,,,False,not_in_flare_streak
4FGL J0538.8-4405,396,397,57497.00001157408,4.47e-08,2.08e-08,1.04e-07,1.9663055489964582e-07,1.371547932618683e-07,1.3662529373152041e-09,1.371547932618683e-07,1.3662529373152041e-09,2.58542e-07,2.58542e-07,1.371547932618683e-07,False,False,False,0,False,,,-4.435383938522332,3.0,False,False,,,weekly,10.0,sigma,computed,/home/lkoo/projects/AutomationDetection/DownloadedLC/incremental/quiescent_background_cache.csv,,,,,,False,not_in_flare_streak
4FGL J0538.8-4405,397,398,57504.00001157408,1.36e-07,3.19e-08,4.47e-08,1.9663055489964582e-07,1.371547932618683e-07,1.3662529373152041e-09,1.371547932618683e-07,1.3662529373152041e-09,2.58542e-07,2.58542e-07,1.371547932618683e-07,True,False,False,0,False,,,-0.03616725932790639,3.0,False,False,,,weekly,10.0,sigma,computed,/home/lkoo/projects/AutomationDetection/DownloadedLC/incremental/quiescent_background_cache.csv,,,,,,False,not_in_flare_streak
4FGL J0538.8-4405,398,399,57511.00001157408,1.73e-07,4.09e-08,1.36e-07,1.9663055489964582e-07,1.371547932618683e-07,1.3662529373152041e-09,1.371547932618683e-07,1.3662529373152041e-09,2.58542e-07,2.58542e-07,1.371547932618683e-07,True,True,False,0,False,,,0.8759223489657381,3.0,False,False,,,weekly,10.0,sigma,computed,/home/lkoo/projects/AutomationDetection/DownloadedLC/incremental/quiescent_background_cache.csv,,,,,,False,not_in_flare_streak
4FGL J0538.8-4405,399,400,57518.00001157408,2.99e-07,5.51e-08,1.73e-07,1.9663055489964582e-07,1.371547932618683e-07,1.3662529373152041e-09,1.371547932618683e-07,1.3662529373152041e-09,2.58542e-07,2.58542e-07,1.371547932618683e-07,True,True,False,0,False,,,2.9363970157960932,3.0,False,False,,,weekly,10.0,sigma,computed,/home/lkoo/projects/AutomationDetection/DownloadedLC/incremental/quiescent_background_cache.csv,,,,,,False,not_in_flare_streak
4FGL J0538.8-4405,400,401,57525.00001157408,1.48e-07,4.86e-08,2.99e-07,1.9663055489964582e-07,1.371547932618683e-07,1.3662529373152041e-09,1.371547932618683e-07,1.3662529373152041e-09,2.58542e-07,2.58542e-07,1.371547932618683e-07,False,True,False,0,False,,,0.22306427604589468,3.0,False,False,,,weekly,10.0,sigma,computed,/home/lkoo/projects/AutomationDetection/DownloadedLC/incremental/quiescent_background_cache.csv,,,,,,False,not_in_flare_streak
4FGL J0538.8-4405,401,402,57532.00001157408,1.04e-07,4.8e-08,1.48e-07,1.9663055489964582e-07,1.371547932618683e-07,1.3662529373152041e-09,1.371547932618683e-07,1.3662529373152041e-09,2.58542e-07,2.58542e-07,1.371547932618683e-07,False,False,False,0,False,,,-0.6904452249364373,3.0,False,False,,,weekly,10.0,sigma,computed,/home/lkoo/projects/AutomationDetection/DownloadedLC/incremental/quiescent_background_cache.csv,,,,,,False,not_in_flare_streak
4FGL J0538.8-4405,402,403,57539.00001157408,1.51e-07,3.34e-08,1.04e-07,1.9663055489964582e-07,1.371547932618683e-07,1.3662529373152041e-09,1.371547932618683e-07,1.3662529373152041e-09,2.58542e-07,2.58542e-07,1.371547932618683e-07,True,True,False,0,False,,,0.41418077195340464,3.0,False,False,,,weekly,10.0,sigma,computed,/home/lkoo/projects/AutomationDetection/DownloadedLC/incremental/quiescent_background_cache.csv,,,,,,False,not_in_flare_streak
4FGL J0538.8-4405,403,404,57546.00001157408,2.44e-07,3.35e-08,1.51e-07,1.9663055489964582e-07,1.371547932618683e-07,1.3662529373152041e-09,1.371547932618683e-07,1.3662529373152041e-09,2.58542e-07,2.58542e-07,1.371547932618683e-07,True,True,False,0,False,,,3.1867599762697796,3.0,True,True,57546.00001157408,57546.00001157408,weekly,10.0,sigma,computed,/home/lkoo/projects/AutomationDetection/DownloadedLC/incremental/quiescent_background_cache.csv,,,,,,False,not_in_flare_streak
4FGL J0538.8-4405,404,405,57553.00001157408,1.29e-07,2.69e-08,2.44e-07,1.9663055489964582e-07,1.371547932618683e-07,1.3662529373152041e-09,1.371547932618683e-07,1.3662529373152041e-09,2.58542e-07,2.58542e-07,1.371547932618683e-07,False,False,False,0,False,,,-0.3027619103178113,3.0,False,False,,,weekly,10.0,sigma,computed,/home/lkoo/projects/AutomationDetection/DownloadedLC/incremental/quiescent_background_cache.csv,,,,,,False,not_in_flare_streak
4FGL J0538.8-4405,405,406,57560.00001157408,8.98e-08,3.38e-08,1.29e-07,1.9663055489964582e-07,1.371547932618683e-07,1.3662529373152041e-09,1.371547932618683e-07,1.3662529373152041e-09,2.58542e-07,2.58542e-07,1.371547932618683e-07,False,False,False,0,False,,,-1.3998862073759788,3.0,False,False,,,weekly,10.0,sigma,computed,/home/lkoo/projects/AutomationDetection/DownloadedLC/incremental/quiescent_background_cache.csv,,,,,,False,not_in_flare_streak
4FGL J0538.8-4405,406,407,57567.00001157408,1.94e-07,5.52e-08,8.98e-08,1.9663055489964582e-07,1.371547932618683e-07,1.3662529373152041e-09,1.371547932618683e-07,1.3662529373152041e-09,2.58542e-07,2.58542e-07,1.371547932618683e-07,True,True,False,0,False,,,1.029489180504692,3.0,False,False,,,weekly,10.0,sigma,computed,/home/lkoo/projects/AutomationDetection/DownloadedLC/incremental/quiescent_background_cache.csv,,,,,,False,not_in_flare_streak
4FGL J0538.8-4405,407,408,57574.00001157408,6.52e-08,4.69e-08,1.94e-07,1.9663055489964582e-07,1.371547932618683e-07,1.3662529373152041e-09,1.371547932618683e-07,1.3662529373152041e-09,2.58542e-07,2.58542e-07,1.371547932618683e-07,False,False,False,0,False,,,-1.5335667657203993,3.0,False,False,,,weekly,10.0,sigma,computed,/home/lkoo/projects/AutomationDetection/DownloadedLC/incremental/quiescent_background_cache.csv,,,,,,False,not_in_flare_streak
4FGL J0538.8-4405,408,409,57581.00001157408,6.07e-08,3.83e-08,6.52e-08,1.9663055489964582e-07,1.371547932618683e-07,1.3662529373152041e-09,1.371547932618683e-07,1.3662529373152041e-09,2.58542e-07,2.58542e-07,1.371547932618683e-07,False,False,False,0,False,,,-1.9949398043466402,3.0,False,False,,,weekly,10.0,sigma,computed,/home/lkoo/projects/AutomationDetection/DownloadedLC/incremental/quiescent_background_cache.csv,,,,,,False,not_in_flare_streak
4FGL J0538.8-4405,409,410,57588.00001157408,1.75e-07,3.75e-08,6.07e-08,1.9663055489964582e-07,1.371547932618683e-07,1.3662529373152041e-09,1.371547932618683e-07,1.3662529373152041e-09,2.58542e-07,2.58542e-07,1.371547932618683e-07,True,True,False,0,False,,,1.008536372690927,3.0,False,False,,,weekly,10.0,sigma,computed,/home/lkoo/projects/AutomationDetection/DownloadedLC/incremental/quiescent_background_cache.csv,,,,,,False,not_in_flare_streak
4FGL J0538.8-4405,410,411,57595.00001157408,6.75e-08,2.64e-08,1.75e-07,1.9663055489964582e-07,1.371547932618683e-07,1.3662529373152041e-09,1.371547932618683e-07,1.3662529373152041e-09,2.58542e-07,2.58542e-07,1.371547932618683e-07,False,False,False,0,False,,,-2.634912993852606,3.0,False,False,,,weekly,10.0,sigma,computed,/home/lkoo/projects/AutomationDetection/DownloadedLC/incremental/quiescent_background_cache.csv,,,,,,False,not_in_flare_streak
4FGL J0538.8-4405,411,412,57602.00001157408,9.09e-08,1.99e-08,6.75e-08,1.9663055489964582e-07,1.371547932618683e-07,1.3662529373152041e-09,1.371547932618683e-07,1.3662529373152041e-09,2.58542e-07,2.58542e-07,1.371547932618683e-07,True,False,False,0,False,,,-2.31890266376999,3.0,False,False,,,weekly,10.0,sigma,computed,/home/lkoo/projects/AutomationDetection/DownloadedLC/incremental/quiescent_background_cache.csv,,,,,,False,not_in_flare_streak
4FGL J0538.8-4405,412,413,57609.00001157408,8.2e-08,3.01e-08,9.09e-08,1.9663055489964582e-07,1.371547932618683e-07,1.3662529373152041e-09,1.371547932618683e-07,1.3662529373152041e-09,2.58542e-07,2.58542e-07,1.371547932618683e-07,False,False,False,0,False,,,-1.8305004438048986,3.0,False,False,,,weekly,10.0,sigma,computed,/home/lkoo/projects/AutomationDetection/DownloadedLC/incremental/quiescent_background_cache.csv,,,,,,False,not_in_flare_streak
4FGL J0538.8-4405,413,414,57616.00001157408,1.15e-07,3.69e-08,8.2e-08,1.9663055489964582e-07,1.371547932618683e-07,1.3662529373152041e-09,1.371547932618683e-07,1.3662529373152041e-09,2.58542e-07,2.58542e-07,1.371547932618683e-07,True,False,False,0,False,,,-0.5999897757579363,3.0,False,False,,,weekly,10.0,sigma,computed,/home/lkoo/projects/AutomationDetection/DownloadedLC/incremental/quiescent_background_cache.csv,,,,,,False,not_in_flare_streak
4FGL J0538.8-4405,414,415,57623.00001157408,7.65e-08,3.56e-08,1.15e-07,1.9663055489964582e-07,1.371547932618683e-07,1.3662529373152041e-09,1.371547932618683e-07,1.3662529373152041e-09,2.58542e-07,2.58542e-07,1.371547932618683e-07,False,False,False,0,False,,,-1.7025329903633661,3.0,False,False,,,weekly,10.0,sigma,computed,/home/lkoo/projects/AutomationDetection/DownloadedLC/incremental/quiescent_background_cache.csv,,,,,,False,not_in_flare_streak
4FGL J0538.8-4405,415,416,57644.00001157408,5.41e-08,2.06e-08,7.65e-08,1.9663055489964582e-07,1.371547932618683e-07,1.3662529373152041e-09,1.371547932618683e-07,1.3662529373152041e-09,2.58542e-07,2.58542e-07,1.371547932618683e-07,False,False,False,0,False,,,-4.022947848969079,3.0,False,False,,,weekly,10.0,sigma,computed,/home/lkoo/projects/AutomationDetection/DownloadedLC/incremental/quiescent_background_cache.csv,,,,,,False,not_in_flare_streak
4FGL J0538.8-4405,416,417,57651.00001157408,9.81e-08,2.72e-08,5.41e-08,1.9663055489964582e-07,1.371547932618683e-07,1.3662529373152041e-09,1.371547932618683e-07,1.3662529373152041e-09,2.58542e-07,2.58542e-07,1.371547932618683e-07,True,False,False,0,False,,,-1.4340300684632343,3.0,False,False,,,weekly,10.0,sigma,computed,/home/lkoo/projects/AutomationDetection/DownloadedLC/incremental/quiescent_background_cache.csv,,,,,,False,not_in_flare_streak
4FGL J0538.8-4405,417,418,57658.00001157408,4.05e-08,1.78e-08,9.81e-08,1.9663055489964582e-07,1.371547932618683e-07,1.3662529373152041e-09,1.371547932618683e-07,1.3662529373152041e-09,2.58542e-07,2.58542e-07,1.371547932618683e-07,False,False,False,0,False,,,-5.414119478586789,3.0,False,False,,,weekly,10.0,sigma,computed,/home/lkoo/projects/AutomationDetection/DownloadedLC/incremental/quiescent_background_cache.csv,,,,,,False,not_in_flare_streak
4FGL J0538.8-4405,418,419,57665.00001157408,1.05e-07,5.21e-08,4.05e-08,1.9663055489964582e-07,1.371547932618683e-07,1.3662529373152041e-09,1.371547932618683e-07,1.3662529373152041e-09,2.58542e-07,2.58542e-07,1.371547932618683e-07,True,False,False,0,False,,,-0.6169624346871151,3.0,False,False,,,weekly,10.0,sigma,computed,/home/lkoo/projects/AutomationDetection/DownloadedLC/incremental/quiescent_background_cache.csv,,,,,,False,not_in_flare_streak
4FGL J0538.8-4405,419,420,57672.00001157408,9.22e-08,2.87e-08,1.05e-07,1.9663055489964582e-07,1.371547932618683e-07,1.3662529373152041e-09,1.371547932618683e-07,1.3662529373152041e-09,2.58542e-07,2.58542e-07,1.371547932618683e-07,False,False,False,0,False,,,-1.564597260544892,3.0,False,False,,,weekly,10.0,sigma,computed,/home/lkoo/projects/AutomationDetection/DownloadedLC/incremental/quiescent_background_cache.csv,,,,,,False,not_in_flare_streak
4FGL J0538.8-4405,420,421,57679.00001157408,7.42e-08,2.86e-08,9.22e-08,1.9663055489964582e-07,1.371547932618683e-07,1.3662529373152041e-09,1.371547932618683e-07,1.3662529373152041e-09,2.58542e-07,2.58542e-07,1.371547932618683e-07,False,False,False,0,False,,,-2.1987091663278036,3.0,False,False,,,weekly,10.0,sigma,computed,/home/lkoo/projects/AutomationDetection/DownloadedLC/incremental/quiescent_background_cache.csv,,,,,,False,not_in_flare_streak
4FGL J0538.8-4405,421,422,57686.00001157408,1.15e-07,4.37e-08,7.42e-08,1.9663055489964582e-07,1.371547932618683e-07,1.3662529373152041e-09,1.371547932618683e-07,1.3662529373152041e-09,2.58542e-07,2.58542e-07,1.371547932618683e-07,True,False,False,0,False,,,-0.5067270817469801,3.0,False,False,,,weekly,10.0,sigma,computed,/home/lkoo/projects/AutomationDetection/DownloadedLC/incremental/quiescent_background_cache.csv,,,,,,False,not_in_flare_streak
4FGL J0538.8-4405,422,423,57693.00001157408,7.81e-08,3.47e-08,1.15e-07,1.9663055489964582e-07,1.371547932618683e-07,1.3662529373152041e-09,1.371547932618683e-07,1.3662529373152041e-09,2.58542e-07,2.58542e-07,1.371547932618683e-07,False,False,False,0,False,,,-1.70054960829318,3.0,False,False,,,weekly,10.0,sigma,computed,/home/lkoo/projects/AutomationDetection/DownloadedLC/incremental/quiescent_background_cache.csv,,,,,,False,not_in_flare_streak
4FGL J0538.8-4405,423,424,57700.00001157408,4.15e-08,1.64e-08,7.81e-08,1.9663055489964582e-07,1.371547932618683e-07,1.3662529373152041e-09,1.371547932618683e-07,1.3662529373152041e-09,2.58542e-07,2.58542e-07,1.371547932618683e-07,False,False,False,0,False,,,-5.81247423586535,3.0,False,False,,,weekly,10.0,sigma,computed,/home/lkoo/projects/AutomationDetection/DownloadedLC/incremental/quiescent_background_cache.csv,,,,,,False,not_in_flare_streak
4FGL J0538.8-4405,424,425,57707.00001157408,8.6e-08,2.53e-08,4.15e-08,1.9663055489964582e-07,1.371547932618683e-07,1.3662529373152041e-09,1.371547932618683e-07,1.3662529373152041e-09,2.58542e-07,2.58542e-07,1.371547932618683e-07,True,False,False,0,False,,,-2.018986819668908,3.0,False,False,,,weekly,10.0,sigma,computed,/home/lkoo/projects/AutomationDetection/DownloadedLC/incremental/quiescent_background_cache.csv,,,,,,False,not_in_flare_streak
4FGL J0538.8-4405,425,426,57714.00001157408,9.1e-08,2.43e-08,8.6e-08,1.9663055489964582e-07,1.371547932618683e-07,1.3662529373152041e-09,1.371547932618683e-07,1.3662529373152041e-09,2.58542e-07,2.58542e-07,1.371547932618683e-07,True,False,False,0,False,,,-1.896379172380101,3.0,False,False,,,weekly,10.0,sigma,computed,/home/lkoo/projects/AutomationDetection/DownloadedLC/incremental/quiescent_background_cache.csv,,,,,,False,not_in_flare_streak
4FGL J0538.8-4405,426,427,57721.00001157408,1.37e-07,3.65e-08,9.1e-08,1.9663055489964582e-07,1.371547932618683e-07,1.3662529373152041e-09,1.371547932618683e-07,1.3662529373152041e-09,2.58542e-07,2.58542e-07,1.371547932618683e-07,True,False,False,0,False,,,-0.004237943381780739,3.0,False,False,,,weekly,10.0,sigma,computed,/home/lkoo/projects/AutomationDetection/DownloadedLC/incremental/quiescent_background_cache.csv,,,,,,False,not_in_flare_streak
4FGL J0538.8-4405,427,428,57728.00001157408,1.14e-07,4.01e-08,1.37e-07,1.9663055489964582e-07,1.371547932618683e-07,1.3662529373152041e-09,1.371547932618683e-07,1.3662529373152041e-09,2.58542e-07,2.58542e-07,1.371547932618683e-07,False,False,False,0,False,,,-0.5770914067849915,3.0,False,False,,,weekly,10.0,sigma,computed,/home/lkoo/projects/AutomationDetection/DownloadedLC/incremental/quiescent_background_cache.csv,,,,,,False,not_in_flare_streak
4FGL J0538.8-4405,428,429,57735.00001157408,1.21e-07,4.59e-08,1.14e-07,1.9663055489964582e-07,1.371547932618683e-07,1.3662529373152041e-09,1.371547932618683e-07,1.3662529373152041e-09,2.58542e-07,2.58542e-07,1.371547932618683e-07,True,False,False,0,False,,,-0.351800465992837,3.0,False,False,,,weekly,10.0,sigma,computed,/home/lkoo/projects/AutomationDetection/DownloadedLC/incremental/quiescent_background_cache.csv,,,,,,False,not_in_flare_streak
4FGL J0538.8-4405,429,430,57742.00001157408,5.61e-08,2.48e-08,1.21e-07,1.9663055489964582e-07,1.371547932618683e-07,1.3662529373152041e-09,1.371547932618683e-07,1.3662529373152041e-09,2.58542e-07,2.58542e-07,1.371547932618683e-07,False,False,False,0,False,,,-3.263389993625085,3.0,False,False,,,weekly,10.0,sigma,computed,/home/lkoo/projects/AutomationDetection/DownloadedLC/incremental/quiescent_background_cache.csv,,,,,,False,not_in_flare_streak
4FGL J0538.8-4405,430,431,57749.00001157408,1.9e-07,5.72e-08,5.61e-08,1.9663055489964582e-07,1.371547932618683e-07,1.3662529373152041e-09,1.371547932618683e-07,1.3662529373152041e-09,2.58542e-07,2.58542e-07,1.371547932618683e-07,True,True,False,0,False,,,0.9236038214410669,3.0,False,False,,,weekly,10.0,sigma,computed,/home/lkoo/projects/AutomationDetection/DownloadedLC/incremental/quiescent_background_cache.csv,,,,,,False,not_in_flare_streak
4FGL J0538.8-4405,431,432,57756.00001157408,5.75e-08,2.46e-08,1.9e-07,1.9663055489964582e-07,1.371547932618683e-07,1.3662529373152041e-09,1.371547932618683e-07,1.3662529373152041e-09,2.58542e-07,2.58542e-07,1.371547932618683e-07,False,False,False,0,False,,,-3.2330173612076916,3.0,False,False,,,weekly,10.0,sigma,computed,/home/lkoo/projects/AutomationDetection/DownloadedLC/incremental/quiescent_background_cache.csv,,,,,,False,not_in_flare_streak
4FGL J0538.8-4405,432,433,57763.00001157408,1.48e-07,3.15e-08,5.75e-08,1.9663055489964582e-07,1.371547932618683e-07,1.3662529373152041e-09,1.371547932618683e-07,1.3662529373152041e-09,2.58542e-07,2.58542e-07,1.371547932618683e-07,True,True,False,0,False,,,0.3439688877121845,3.0,False,False,,,weekly,10.0,sigma,computed,/home/lkoo/projects/AutomationDetection/DownloadedLC/incremental/quiescent_background_cache.csv,,,,,,False,not_in_flare_streak
4FGL J0538.8-4405,433,434,57770.00001157408,1.06e-07,2.82e-08,1.48e-07,1.9663055489964582e-07,1.371547932618683e-07,1.3662529373152041e-09,1.371547932618683e-07,1.3662529373152041e-09,2.58542e-07,2.58542e-07,1.371547932618683e-07,False,False,False,0,False,,,-1.1034855698696986,3.0,False,False,,,weekly,10.0,sigma,computed,/home/lkoo/projects/AutomationDetection/DownloadedLC/incremental/quiescent_background_cache.csv,,,,,,False,not_in_flare_streak
4FGL J0538.8-4405,434,435,57777.00001157408,1.38e-07,4.27e-08,1.06e-07,1.9663055489964582e-07,1.371547932618683e-07,1.3662529373152041e-09,1.371547932618683e-07,1.3662529373152041e-09,2.58542e-07,2.58542e-07,1.371547932618683e-07,True,True,False,0,False,,,0.019783944200242074,3.0,False,False,,,weekly,10.0,sigma,computed,/home/lkoo/projects/AutomationDetection/DownloadedLC/incremental/quiescent_background_cache.csv,,,,,,False,not_in_flare_streak
4FGL J0538.8-4405,435,436,57784.00001157408,1.23e-07,4.08e-08,1.38e-07,1.9663055489964582e-07,1.371547932618683e-07,1.3662529373152041e-09,1.371547932618683e-07,1.3662529373152041e-09,2.58542e-07,2.58542e-07,1.371547932618683e-07,False,False,False,0,False,,,-0.3467368548667385,3.0,False,False,,,weekly,10.0,sigma,computed,/home/lkoo/projects/AutomationDetection/DownloadedLC/incremental/quiescent_background_cache.csv,,,,,,False,not_in_flare_streak
4FGL J0538.8-4405,436,437,57791.00001157408,6.49e-08,3.08e-08,1.23e-07,1.9663055489964582e-07,1.371547932618683e-07,1.3662529373152041e-09,1.371547932618683e-07,1.3662529373152041e-09,2.58542e-07,2.58542e-07,1.371547932618683e-07,False,False,False,0,False,,,-2.3436301886892403,3.0,False,False,,,weekly,10.0,sigma,computed,/home/lkoo/projects/AutomationDetection/DownloadedLC/incremental/quiescent_background_cache.csv,,,,,,False,not_in_flare_streak
4FGL J0538.8-4405,437,438,57805.00001157408,6.93e-08,2.22e-08,6.49e-08,1.9663055489964582e-07,1.371547932618683e-07,1.3662529373152041e-09,1.371547932618683e-07,1.3662529373152041e-09,2.58542e-07,2.58542e-07,1.371547932618683e-07,True,False,False,0,False,,,-3.0507502726181914,3.0,False,False,,,weekly,10.0,sigma,computed,/home/lkoo/projects/AutomationDetection/DownloadedLC/incremental/quiescent_background_cache.csv,,,,,,False,not_in_flare_streak
4FGL J0538.8-4405,438,439,57812.00001157408,1.05e-07,3.25e-08,6.93e-08,1.9663055489964582e-07,1.371547932618683e-07,1.3662529373152041e-09,1.371547932618683e-07,1.3662529373152041e-09,2.58542e-07,2.58542e-07,1.371547932618683e-07,True,False,False,0,False,,,-0.9885051769063614,3.0,False,False,,,weekly,10.0,sigma,computed,/home/lkoo/projects/AutomationDetection/DownloadedLC/incremental/quiescent_background_cache.csv,,,,,,False,not_in_flare_streak
4FGL J0538.8-4405,439,440,57819.00001157408,9.69e-08,2.73e-08,1.05e-07,1.9663055489964582e-07,1.371547932618683e-07,1.3662529373152041e-09,1.371547932618683e-07,1.3662529373152041e-09,2.58542e-07,2.58542e-07,1.371547932618683e-07,False,False,False,0,False,,,-1.4726914596986396,3.0,False,False,,,weekly,10.0,sigma,computed,/home/lkoo/projects/AutomationDetection/DownloadedLC/incremental/quiescent_background_cache.csv,,,,,,False,not_in_flare_streak
4FGL J0538.8-4405,440,441,57826.00001157408,1.27e-07,3.7e-08,9.69e-08,1.9663055489964582e-07,1.371547932618683e-07,1.3662529373152041e-09,1.371547932618683e-07,1.3662529373152041e-09,2.58542e-07,2.58542e-07,1.371547932618683e-07,True,False,False,0,False,,,-0.2742669525808983,3.0,False,False,,,weekly,10.0,sigma,computed,/home/lkoo/projects/AutomationDetection/DownloadedLC/incremental/quiescent_background_cache.csv,,,,,,False,not_in_flare_streak
4FGL J0538.8-4405,441,442,57833.00001157408,1.78e-07,5.06e-08,1.27e-07,1.9663055489964582e-07,1.371547932618683e-07,1.3662529373152041e-09,1.371547932618683e-07,1.3662529373152041e-09,2.58542e-07,2.58542e-07,1.371547932618683e-07,True,True,False,0,False,,,0.8069234316772019,3.0,False,False,,,weekly,10.0,sigma,computed,/home/lkoo/projects/AutomationDetection/DownloadedLC/incremental/quiescent_background_cache.csv,,,,,,False,not_in_flare_streak
4FGL J0538.8-4405,442,443,57840.00001157408,2.02e-08,2.02e-08,1.78e-07,1.9663055489964582e-07,1.371547932618683e-07,1.3662529373152041e-09,1.371547932618683e-07,1.3662529373152041e-09,2.58542e-07,2.58542e-07,1.371547932618683e-07,False,False,False,0,False,,,-5.776643218204586,3.0,False,False,,,weekly,10.0,sigma,computed,/home/lkoo/projects/AutomationDetection/DownloadedLC/incremental/quiescent_background_cache.csv,,,,,,False,not_in_flare_streak
4FGL J0538.8-4405,443,444,57854.00001157408,1.24e-07,3.75e-08,2.02e-08,1.9663055489964582e-07,1.371547932618683e-07,1.3662529373152041e-09,1.371547932618683e-07,1.3662529373152041e-09,2.58542e-07,2.58542e-07,1.371547932618683e-07,True,False,False,0,False,,,-0.35056189735267596,3.0,False,False,,,weekly,10.0,sigma,computed,/home/lkoo/projects/AutomationDetection/DownloadedLC/incremental/quiescent_background_cache.csv,,,,,,False,not_in_flare_streak
4FGL J0538.8-4405,444,445,57861.00001157408,8.89e-08,2.54e-08,1.24e-07,1.9663055489964582e-07,1.371547932618683e-07,1.3662529373152041e-09,1.371547932618683e-07,1.3662529373152041e-09,2.58542e-07,2.58542e-07,1.371547932618683e-07,False,False,False,0,False,,,-1.8970526130423813,3.0,False,False,,,weekly,10.0,sigma,computed,/home/lkoo/projects/AutomationDetection/DownloadedLC/incremental/quiescent_background_cache.csv,,,,,,False,not_in_flare_streak
4FGL J0538.8-4405,445,446,57868.00001157408,8.62e-08,2.65e-08,8.89e-08,1.9663055489964582e-07,1.371547932618683e-07,1.3662529373152041e-09,1.371547932618683e-07,1.3662529373152041e-09,2.58542e-07,2.58542e-07,1.371547932618683e-07,False,False,False,0,False,,,-1.9202719484810624,3.0,False,False,,,weekly,10.0,sigma,computed,/home/lkoo/projects/AutomationDetection/DownloadedLC/incremental/quiescent_background_cache.csv,,,,,,False,not_in_flare_streak
4FGL J0538.8-4405,446,447,57875.00001157408,5.31e-08,2.47e-08,8.62e-08,1.9663055489964582e-07,1.371547932618683e-07,1.3662529373152041e-09,1.371547932618683e-07,1.3662529373152041e-09,2.58542e-07,2.58542e-07,1.371547932618683e-07,False,False,False,0,False,,,-3.3978339870113157,3.0,False,False,,,weekly,10.0,sigma,computed,/home/lkoo/projects/AutomationDetection/DownloadedLC/incremental/quiescent_background_cache.csv,,,,,,False,not_in_flare_streak
4FGL J0538.8-4405,447,448,57889.00001157408,9.7e-08,4.81e-08,5.31e-08,1.9663055489964582e-07,1.371547932618683e-07,1.3662529373152041e-09,1.371547932618683e-07,1.3662529373152041e-09,2.58542e-07,2.58542e-07,1.371547932618683e-07,True,False,False,0,False,,,-0.8344824196116152,3.0,False,False,,,weekly,10.0,sigma,computed,/home/lkoo/projects/AutomationDetection/DownloadedLC/incremental/quiescent_background_cache.csv,,,,,,False,not_in_flare_streak
4FGL J0538.8-4405,448,449,57896.00001157408,8.54e-08,5.69e-08,9.7e-08,1.9663055489964582e-07,1.371547932618683e-07,1.3662529373152041e-09,1.371547932618683e-07,1.3662529373152041e-09,2.58542e-07,2.58542e-07,1.371547932618683e-07,False,False,False,0,False,,,-0.9093124793122522,3.0,False,False,,,weekly,10.0,sigma,computed,/home/lkoo/projects/AutomationDetection/DownloadedLC/incremental/quiescent_background_cache.csv,,,,,,False,not_in_flare_streak
4FGL J0538.8-4405,449,450,57910.00001157408,3.28e-08,1.89e-08,8.54e-08,1.9663055489964582e-07,1.371547932618683e-07,1.3662529373152041e-09,1.371547932618683e-07,1.3662529373152041e-09,2.58542e-07,2.58542e-07,1.371547932618683e-07,False,False,False,0,False,,,-5.507047486995297,3.0,False,False,,,weekly,10.0,sigma,computed,/home/lkoo/projects/AutomationDetection/DownloadedLC/incremental/quiescent_background_cache.csv,,,,,,False,not_in_flare_streak
4FGL J0538.8-4405,450,451,57917.00001157408,3.45e-08,1.39e-08,3.28e-08,1.9663055489964582e-07,1.371547932618683e-07,1.3662529373152041e-09,1.371547932618683e-07,1.3662529373152041e-09,2.58542e-07,2.58542e-07,1.371547932618683e-07,True,False,False,0,False,,,-7.34981810946128,3.0,False,False,,,weekly,10.0,sigma,computed,/home/lkoo/projects/AutomationDetection/DownloadedLC/incremental/quiescent_background_cache.csv,,,,,,False,not_in_flare_streak
4FGL J0538.8-4405,451,452,57924.00001157408,3.91e-08,2.64e-08,3.45e-08,1.9663055489964582e-07,1.371547932618683e-07,1.3662529373152041e-09,1.371547932618683e-07,1.3662529373152041e-09,2.58542e-07,2.58542e-07,1.371547932618683e-07,True,False,False,0,False,,,-3.709232872228868,3.0,False,False,,,weekly,10.0,sigma,computed,/home/lkoo/projects/AutomationDetection/DownloadedLC/incremental/quiescent_background_cache.csv,,,,,,False,not_in_flare_streak
4FGL J0538.8-4405,452,453,57931.00001157408,3.4e-08,2.27e-08,3.91e-08,1.9663055489964582e-07,1.371547932618683e-07,1.3662529373152041e-09,1.371547932618683e-07,1.3662529373152041e-09,2.58542e-07,2.58542e-07,1.371547932618683e-07,False,False,False,0,False,,,-4.536055477147877,3.0,False,False,,,weekly,10.0,sigma,computed,/home/lkoo/projects/AutomationDetection/DownloadedLC/incremental/quiescent_background_cache.csv,,,,,,False,not_in_flare_streak
4FGL J0538.8-4405,453,454,57938.00001157408,4.06e-08,2.23e-08,3.4e-08,1.9663055489964582e-07,1.371547932618683e-07,1.3662529373152041e-09,1.371547932618683e-07,1.3662529373152041e-09,2.58542e-07,2.58542e-07,1.371547932618683e-07,True,False,False,0,False,,,-4.321707888861489,3.0,False,False,,,weekly,10.0,sigma,computed,/home/lkoo/projects/AutomationDetection/DownloadedLC/incremental/quiescent_background_cache.csv,,,,,,False,not_in_flare_streak
4FGL J0538.8-4405,454,455,57945.00001157408,6.65e-08,3.76e-08,4.06e-08,1.9663055489964582e-07,1.371547932618683e-07,1.3662529373152041e-09,1.371547932618683e-07,1.3662529373152041e-09,2.58542e-07,2.58542e-07,1.371547932618683e-07,True,False,False,0,False,,,-1.8778775304734903,3.0,False,False,,,weekly,10.0,sigma,computed,/home/lkoo/projects/AutomationDetection/DownloadedLC/incremental/quiescent_background_cache.csv,,,,,,False,not_in_flare_streak
4FGL J0538.8-4405,455,456,57952.00001157408,7.64e-08,3.43e-08,6.65e-08,1.9663055489964582e-07,1.371547932618683e-07,1.3662529373152041e-09,1.371547932618683e-07,1.3662529373152041e-09,2.58542e-07,2.58542e-07,1.371547932618683e-07,True,False,False,0,False,,,-1.7698732664065042,3.0,False,False,,,weekly,10.0,sigma,computed,/home/lkoo/projects/AutomationDetection/DownloadedLC/incremental/quiescent_background_cache.csv,,,,,,False,not_in_flare_streak
4FGL J0538.8-4405,456,457,57959.00001157408,4.81e-08,2.4e-08,7.64e-08,1.9663055489964582e-07,1.371547932618683e-07,1.3662529373152041e-09,1.371547932618683e-07,1.3662529373152041e-09,2.58542e-07,2.58542e-07,1.371547932618683e-07,False,False,False,0,False,,,-3.704618450356699,3.0,False,False,,,weekly,10.0,sigma,computed,/home/lkoo/projects/AutomationDetection/DownloadedLC/incremental/quiescent_background_cache.csv,,,,,,False,not_in_flare_streak
4FGL J0538.8-4405,457,458,57973.00001157408,8.47e-09,6.84e-09,4.81e-08,1.9663055489964582e-07,1.371547932618683e-07,1.3662529373152041e-09,1.371547932618683e-07,1.3662529373152041e-09,2.58542e-07,2.58542e-07,1.371547932618683e-07,False,False,False,0,False,,,-18.44912516678494,3.0,False,False,,,weekly,10.0,sigma,computed,/home/lkoo/projects/AutomationDetection/DownloadedLC/incremental/quiescent_background_cache.csv,,,,,,False,not_in_flare_streak
4FGL J0538.8-4405,458,459,57980.00001157408,5.15e-08,2.7e-08,8.47e-09,1.9663055489964582e-07,1.371547932618683e-07,1.3662529373152041e-09,1.371547932618683e-07,1.3662529373152041e-09,2.58542e-07,2.58542e-07,1.371547932618683e-07,True,False,False,0,False,,,-3.168345976277238,3.0,False,False,,,weekly,10.0,sigma,computed,/home/lkoo/projects/AutomationDetection/DownloadedLC/incremental/quiescent_background_cache.csv,,,,,,False,not_in_flare_streak
4FGL J0538.8-4405,459,460,57987.00001157408,2.9e-08,1.66e-08,5.15e-08,1.9663055489964582e-07,1.371547932618683e-07,1.3662529373152041e-09,1.371547932618683e-07,1.3662529373152041e-09,2.58542e-07,2.58542e-07,1.371547932618683e-07,False,False,False,0,False,,,-6.493392946656983,3.0,False,False,,,weekly,10.0,sigma,computed,/home/lkoo/projects/AutomationDetection/DownloadedLC/incremental/quiescent_background_cache.csv,,,,,,False,not_in_flare_streak
4FGL J0538.8-4405,460,461,58001.00001157408,9.76e-08,4.17e-08,2.9e-08,1.9663055489964582e-07,1.371547932618683e-07,1.3662529373152041e-09,1.371547932618683e-07,1.3662529373152041e-09,2.58542e-07,2.58542e-07,1.371547932618683e-07,True,False,False,0,False,,,-0.9480474793230098,3.0,False,False,,,weekly,10.0,sigma,computed,/home/lkoo/projects/AutomationDetection/DownloadedLC/incremental/quiescent_background_cache.csv,,,,,,False,not_in_flare_streak
4FGL J0538.8-4405,461,462,58008.00001157408,4.33e-08,3.08e-08,9.76e-08,1.9663055489964582e-07,1.371547932618683e-07,1.3662529373152041e-09,1.371547932618683e-07,1.3662529373152041e-09,2.58542e-07,2.58542e-07,1.371547932618683e-07,False,False,False,0,False,,,-3.044239930830777,3.0,False,False,,,weekly,10.0,sigma,computed,/home/lkoo/projects/AutomationDetection/DownloadedLC/incremental/quiescent_background_cache.csv,,,,,,False,not_in_flare_streak
4FGL J0538.8-4405,462,463,58015.00001157408,5.55e-08,2.79e-08,4.33e-08,1.9663055489964582e-07,1.371547932618683e-07,1.3662529373152041e-09,1.371547932618683e-07,1.3662529373152041e-09,2.58542e-07,2.58542e-07,1.371547932618683e-07,True,False,False,0,False,,,-2.923192252819813,3.0,False,False,,,weekly,10.0,sigma,computed,/home/lkoo/projects/AutomationDetection/DownloadedLC/incremental/quiescent_background_cache.csv,,,,,,False,not_in_flare_streak
4FGL J0538.8-4405,463,464,58022.00001157408,4.31e-08,2e-08,5.55e-08,1.9663055489964582e-07,1.371547932618683e-07,1.3662529373152041e-09,1.371547932618683e-07,1.3662529373152041e-09,2.58542e-07,2.58542e-07,1.371547932618683e-07,False,False,False,0,False,,,-4.691804975125103,3.0,False,False,,,weekly,10.0,sigma,computed,/home/lkoo/projects/AutomationDetection/DownloadedLC/incremental/quiescent_background_cache.csv,,,,,,False,not_in_flare_streak
4FGL J0538.8-4405,464,465,58029.00001157408,8.06e-09,6.04e-09,4.31e-08,1.9663055489964582e-07,1.371547932618683e-07,1.3662529373152041e-09,1.371547932618683e-07,1.3662529373152041e-09,2.58542e-07,2.58542e-07,1.371547932618683e-07,False,False,False,0,False,,,-20.84663525848178,3.0,False,False,,,weekly,10.0,sigma,computed,/home/lkoo/projects/AutomationDetection/DownloadedLC/incremental/quiescent_background_cache.csv,,,,,,False,not_in_flare_streak
4FGL J0538.8-4405,465,466,58036.00001157408,5.77e-08,3.2e-08,8.06e-09,1.9663055489964582e-07,1.371547932618683e-07,1.3662529373152041e-09,1.371547932618683e-07,1.3662529373152041e-09,2.58542e-07,2.58542e-07,1.371547932618683e-07,True,False,False,0,False,,,-2.4807022858466197,3.0,False,False,,,weekly,10.0,sigma,computed,/home/lkoo/projects/AutomationDetection/DownloadedLC/incremental/quiescent_background_cache.csv,,,,,,False,not_in_flare_streak
4FGL J0538.8-4405,466,467,58043.00001157408,3.6e-08,2.45e-08,5.77e-08,1.9663055489964582e-07,1.371547932618683e-07,1.3662529373152041e-09,1.371547932618683e-07,1.3662529373152041e-09,2.58542e-07,2.58542e-07,1.371547932618683e-07,False,False,False,0,False,,,-4.122362222030926,3.0,False,False,,,weekly,10.0,sigma,computed,/home/lkoo/projects/AutomationDetection/DownloadedLC/incremental/quiescent_background_cache.csv,,,,,,False,not_in_flare_streak
4FGL J0538.8-4405,467,468,58057.00001157408,2.47e-08,1.96e-08,3.6e-08,1.9663055489964582e-07,1.371547932618683e-07,1.3662529373152041e-09,1.371547932618683e-07,1.3662529373152041e-09,2.58542e-07,2.58542e-07,1.371547932618683e-07,False,False,False,0,False,,,-5.723600713549831,3.0,False,False,,,weekly,10.0,sigma,computed,/home/lkoo/projects/AutomationDetection/DownloadedLC/incremental/quiescent_background_cache.csv,,,,,,False,not_in_flare_streak
4FGL J0538.8-4405,468,469,58064.00001157408,3.44e-08,2.08e-08,2.47e-08,1.9663055489964582e-07,1.371547932618683e-07,1.3662529373152041e-09,1.371547932618683e-07,1.3662529373152041e-09,2.58542e-07,2.58542e-07,1.371547932618683e-07,True,False,False,0,False,,,-4.9295114245617375,3.0,False,False,,,weekly,10.0,sigma,computed,/home/lkoo/projects/AutomationDetection/DownloadedLC/incremental/quiescent_background_cache.csv,,,,,,False,not_in_flare_streak
4FGL J0538.8-4405,469,470,58071.00001157408,6.34e-08,2.64e-08,3.44e-08,1.9663055489964582e-07,1.371547932618683e-07,1.3662529373152041e-09,1.371547932618683e-07,1.3662529373152041e-09,2.58542e-07,2.58542e-07,1.371547932618683e-07,True,False,False,0,False,,,-2.790008469251996,3.0,False,False,,,weekly,10.0,sigma,computed,/home/lkoo/projects/AutomationDetection/DownloadedLC/incremental/quiescent_background_cache.csv,,,,,,False,not_in_flare_streak
4FGL J0538.8-4405,470,471,58078.00001157408,9.8e-08,3.19e-08,6.34e-08,1.9663055489964582e-07,1.371547932618683e-07,1.3662529373152041e-09,1.371547932618683e-07,1.3662529373152041e-09,2.58542e-07,2.58542e-07,1.371547932618683e-07,True,False,False,0,False,,,-1.226298774502238,3.0,False,False,,,weekly,10.0,sigma,computed,/home/lkoo/projects/AutomationDetection/DownloadedLC/incremental/quiescent_background_cache.csv,,,,,,False,not_in_flare_streak
4FGL J0538.8-4405,471,472,58085.00001157408,6.61e-08,2.87e-08,9.8e-08,1.9663055489964582e-07,1.371547932618683e-07,1.3662529373152041e-09,1.371547932618683e-07,1.3662529373152041e-09,2.58542e-07,2.58542e-07,1.371547932618683e-07,False,False,False,0,False,,,-2.4729762238813713,3.0,False,False,,,weekly,10.0,sigma,computed,/home/lkoo/projects/AutomationDetection/DownloadedLC/incremental/quiescent_background_cache.csv,,,,,,False,not_in_flare_streak
4FGL J0538.8-4405,472,473,58092.00001157408,5.52e-08,2.75e-08,6.61e-08,1.9663055489964582e-07,1.371547932618683e-07,1.3662529373152041e-09,1.371547932618683e-07,1.3662529373152041e-09,2.58542e-07,2.58542e-07,1.371547932618683e-07,False,False,False,0,False,,,-2.976503122512133,3.0,False,False,,,weekly,10.0,sigma,computed,/home/lkoo/projects/AutomationDetection/DownloadedLC/incremental/quiescent_background_cache.csv,,,,,,False,not_in_flare_streak
4FGL J0538.8-4405,473,474,58099.00001157408,9.76e-08,5.14e-08,5.52e-08,1.9663055489964582e-07,1.371547932618683e-07,1.3662529373152041e-09,1.371547932618683e-07,1.3662529373152041e-09,2.58542e-07,2.58542e-07,1.371547932618683e-07,True,False,False,0,False,,,-0.7692767930979361,3.0,False,False,,,weekly,10.0,sigma,computed,/home/lkoo/projects/AutomationDetection/DownloadedLC/incremental/quiescent_background_cache.csv,,,,,,False,not_in_flare_streak
4FGL J0538.8-4405,474,475,58106.00001157408,5.08e-08,3.01e-08,9.76e-08,1.9663055489964582e-07,1.371547932618683e-07,1.3662529373152041e-09,1.371547932618683e-07,1.3662529373152041e-09,2.58542e-07,2.58542e-07,1.371547932618683e-07,False,False,False,0,False,,,-2.8659791478144268,3.0,False,False,,,weekly,10.0,sigma,computed,/home/lkoo/projects/AutomationDetection/DownloadedLC/incremental/quiescent_background_cache.csv,,,,,,False,not_in_flare_streak
4FGL J0538.8-4405,475,476,58120.00001157408,3.16e-08,2.83e-08,5.08e-08,1.9663055489964582e-07,1.371547932618683e-07,1.3662529373152041e-09,1.371547932618683e-07,1.3662529373152041e-09,2.58542e-07,2.58542e-07,1.371547932618683e-07,False,False,False,0,False,,,-3.725512323321626,3.0,False,False,,,weekly,10.0,sigma,computed,/home/lkoo/projects/AutomationDetection/DownloadedLC/incremental/quiescent_background_cache.csv,,,,,,False,not_in_flare_streak
4FGL J0538.8-4405,476,477,58127.00001157408,3.47e-08,2.59e-08,3.16e-08,1.9663055489964582e-07,1.371547932618683e-07,1.3662529373152041e-09,1.371547932618683e-07,1.3662529373152041e-09,2.58542e-07,2.58542e-07,1.371547932618683e-07,True,False,False,0,False,,,-3.950291151061785,3.0,False,False,,,weekly,10.0,sigma,computed,/home/lkoo/projects/AutomationDetection/DownloadedLC/incremental/quiescent_background_cache.csv,,,,,,False,not_in_flare_streak
4FGL J0538.8-4405,477,478,58134.00001157408,2.4e-08,1.27e-08,3.47e-08,1.9663055489964582e-07,1.371547932618683e-07,1.3662529373152041e-09,1.371547932618683e-07,1.3662529373152041e-09,2.58542e-07,2.58542e-07,1.371547932618683e-07,False,False,False,0,False,,,-8.858711728979012,3.0,False,False,,,weekly,10.0,sigma,computed,/home/lkoo/projects/AutomationDetection/DownloadedLC/incremental/quiescent_background_cache.csv,,,,,,False,not_in_flare_streak
4FGL J0538.8-4405,478,479,58148.00001157408,6.12e-08,4.3e-08,2.4e-08,1.9663055489964582e-07,1.371547932618683e-07,1.3662529373152041e-09,1.371547932618683e-07,1.3662529373152041e-09,2.58542e-07,2.58542e-07,1.371547932618683e-07,True,False,False,0,False,,,-1.7654995909096995,3.0,False,False,,,weekly,10.0,sigma,computed,/home/lkoo/projects/AutomationDetection/DownloadedLC/incremental/quiescent_background_cache.csv,,,,,,False,not_in_flare_streak
4FGL J0538.8-4405,479,480,58162.00001157408,5.07e-08,3.43e-08,6.12e-08,1.9663055489964582e-07,1.371547932618683e-07,1.3662529373152041e-09,1.371547932618683e-07,1.3662529373152041e-09,2.58542e-07,2.58542e-07,1.371547932618683e-07,False,False,False,0,False,,,-2.518550704095943,3.0,False,False,,,weekly,10.0,sigma,computed,/home/lkoo/projects/AutomationDetection/DownloadedLC/incremental/quiescent_background_cache.csv,,,,,,False,not_in_flare_streak
4FGL J0538.8-4405,480,481,58169.00001157408,9.85e-09,9.64e-09,5.07e-08,1.9663055489964582e-07,1.371547932618683e-07,1.3662529373152041e-09,1.371547932618683e-07,1.3662529373152041e-09,2.58542e-07,2.58542e-07,1.371547932618683e-07,False,False,False,0,False,,,-13.075225385855534,3.0,False,False,,,weekly,10.0,sigma,computed,/home/lkoo/projects/AutomationDetection/DownloadedLC/incremental/quiescent_background_cache.csv,,,,,,False,not_in_flare_streak
4FGL J0538.8-4405,481,482,58176.00001157408,3.9e-08,2.11e-08,9.85e-09,1.9663055489964582e-07,1.371547932618683e-07,1.3662529373152041e-09,1.371547932618683e-07,1.3662529373152041e-09,2.58542e-07,2.58542e-07,1.371547932618683e-07,True,False,False,0,False,,,-4.6421644355887555,3.0,False,False,,,weekly,10.0,sigma,computed,/home/lkoo/projects/AutomationDetection/DownloadedLC/incremental/quiescent_background_cache.csv,,,,,,False,not_in_flare_streak
4FGL J0538.8-4405,482,483,58183.00001157408,4.67e-08,2.03e-08,3.9e-08,1.9663055489964582e-07,1.371547932618683e-07,1.3662529373152041e-09,1.371547932618683e-07,1.3662529373152041e-09,2.58542e-07,2.58542e-07,1.371547932618683e-07,True,False,False,0,False,,,-4.445843338215054,3.0,False,False,,,weekly,10.0,sigma,computed,/home/lkoo/projects/AutomationDetection/DownloadedLC/incremental/quiescent_background_cache.csv,,,,,,False,not_in_flare_streak
4FGL J0538.8-4405,483,484,58211.00001157408,1.02e-07,3.68e-08,4.67e-08,1.9663055489964582e-07,1.371547932618683e-07,1.3662529373152041e-09,1.371547932618683e-07,1.3662529373152041e-09,2.58542e-07,2.58542e-07,1.371547932618683e-07,True,False,False,0,False,,,-0.9546356000195385,3.0,False,False,,,weekly,10.0,sigma,computed,/home/lkoo/projects/AutomationDetection/DownloadedLC/incremental/quiescent_background_cache.csv,,,,,,False,not_in_flare_streak
4FGL J0538.8-4405,484,485,58218.00001157408,5.02e-08,2.15e-08,1.02e-07,1.9663055489964582e-07,1.371547932618683e-07,1.3662529373152041e-09,1.371547932618683e-07,1.3662529373152041e-09,2.58542e-07,2.58542e-07,1.371547932618683e-07,False,False,False,0,False,,,-4.036267619184574,3.0,False,False,,,weekly,10.0,sigma,computed,/home/lkoo/projects/AutomationDetection/DownloadedLC/incremental/quiescent_background_cache.csv,,,,,,False,not_in_flare_streak
4FGL J0538.8-4405,485,486,58225.00001157408,2.18e-08,9.38e-09,5.02e-08,1.9663055489964582e-07,1.371547932618683e-07,1.3662529373152041e-09,1.371547932618683e-07,1.3662529373152041e-09,2.58542e-07,2.58542e-07,1.371547932618683e-07,False,False,False,0,False,,,-12.169537516831946,3.0,False,False,,,weekly,10.0,sigma,computed,/home/lkoo/projects/AutomationDetection/DownloadedLC/incremental/quiescent_background_cache.csv,,,,,,False,not_in_flare_streak
4FGL J0538.8-4405,486,487,58232.00001157408,1.64e-08,9.07e-09,2.18e-08,1.9663055489964582e-07,1.371547932618683e-07,1.3662529373152041e-09,1.371547932618683e-07,1.3662529373152041e-09,2.58542e-07,2.58542e-07,1.371547932618683e-07,False,False,False,0,False,,,-13.16512360964237,3.0,False,False,,,weekly,10.0,sigma,computed,/home/lkoo/projects/AutomationDetection/DownloadedLC/incremental/quiescent_background_cache.csv,,,,,,False,not_in_flare_streak
4FGL J0538.8-4405,487,488,58246.00001157408,4.94e-08,3.78e-08,1.64e-08,1.9663055489964582e-07,1.371547932618683e-07,1.3662529373152041e-09,1.371547932618683e-07,1.3662529373152041e-09,2.58542e-07,2.58542e-07,1.371547932618683e-07,True,False,False,0,False,,,-2.320040412994095,3.0,False,False,,,weekly,10.0,sigma,computed,/home/lkoo/projects/AutomationDetection/DownloadedLC/incremental/quiescent_background_cache.csv,,,,,,False,not_in_flare_streak
4FGL J0538.8-4405,488,489,58253.00001157408,3.02e-08,1.22e-08,4.94e-08,1.9663055489964582e-07,1.371547932618683e-07,1.3662529373152041e-09,1.371547932618683e-07,1.3662529373152041e-09,2.58542e-07,2.58542e-07,1.371547932618683e-07,False,False,False,0,False,,,-8.712324617806086,3.0,False,False,,,weekly,10.0,sigma,computed,/home/lkoo/projects/AutomationDetection/DownloadedLC/incremental/quiescent_background_cache.csv,,,,,,False,not_in_flare_streak
4FGL J0538.8-4405,489,490,58260.00001157408,7.53e-08,3.32e-08,3.02e-08,1.9663055489964582e-07,1.371547932618683e-07,1.3662529373152041e-09,1.371547932618683e-07,1.3662529373152041e-09,2.58542e-07,2.58542e-07,1.371547932618683e-07,True,False,False,0,False,,,-1.8615206037139533,3.0,False,False,,,weekly,10.0,sigma,computed,/home/lkoo/projects/AutomationDetection/DownloadedLC/incremental/quiescent_background_cache.csv,,,,,,False,not_in_flare_streak
4FGL J0538.8-4405,490,491,58267.00001157408,3.14e-08,2.43e-08,7.53e-08,1.9663055489964582e-07,1.371547932618683e-07,1.3662529373152041e-09,1.371547932618683e-07,1.3662529373152041e-09,2.58542e-07,2.58542e-07,1.371547932618683e-07,False,False,False,0,False,,,-4.345186559135988,3.0,False,False,,,weekly,10.0,sigma,computed,/home/lkoo/projects/AutomationDetection/DownloadedLC/incremental/quiescent_background_cache.csv,,,,,,False,not_in_flare_streak
4FGL J0538.8-4405,491,492,58274.00001157408,6.68e-08,2.03e-08,3.14e-08,1.9663055489964582e-07,1.371547932618683e-07,1.3662529373152041e-09,1.371547932618683e-07,1.3662529373152041e-09,2.58542e-07,2.58542e-07,1.371547932618683e-07,True,False,False,0,False,,,-3.4579305049015168,3.0,False,False,,,weekly,10.0,sigma,computed,/home/lkoo/projects/AutomationDetection/DownloadedLC/incremental/quiescent_background_cache.csv,,,,,,False,not_in_flare_streak
4FGL J0538.8-4405,492,493,58281.00001157408,5.12e-08,1.93e-08,6.68e-08,1.9663055489964582e-07,1.371547932618683e-07,1.3662529373152041e-09,1.371547932618683e-07,1.3662529373152041e-09,2.58542e-07,2.58542e-07,1.371547932618683e-07,False,False,False,0,False,,,-4.442498866364227,3.0,False,False,,,weekly,10.0,sigma,computed,/home/lkoo/projects/AutomationDetection/DownloadedLC/incremental/quiescent_background_cache.csv,,,,,,False,not_in_flare_streak
4FGL J0538.8-4405,493,494,58295.00001157408,2.91e-08,1.32e-08,5.12e-08,1.9663055489964582e-07,1.371547932618683e-07,1.3662529373152041e-09,1.371547932618683e-07,1.3662529373152041e-09,2.58542e-07,2.58542e-07,1.371547932618683e-07,False,False,False,0,False,,,-8.142469912467261,3.0,False,False,,,weekly,10.0,sigma,computed,/home/lkoo/projects/AutomationDetection/DownloadedLC/incremental/quiescent_background_cache.csv,,,,,,False,not_in_flare_streak
4FGL J0538.8-4405,494,495,58302.00001157408,4.81e-08,2.32e-08,2.91e-08,1.9663055489964582e-07,1.371547932618683e-07,1.3662529373152041e-09,1.371547932618683e-07,1.3662529373152041e-09,2.58542e-07,2.58542e-07,1.371547932618683e-07,True,False,False,0,False,,,-3.8319297504269474,3.0,False,False,,,weekly,10.0,sigma,computed,/home/lkoo/projects/AutomationDetection/DownloadedLC/incremental/quiescent_background_cache.csv,,,,,,False,not_in_flare_streak
4FGL J0538.8-4405,495,496,58309.00001157408,2.25e-08,1.48e-08,4.81e-08,1.9663055489964582e-07,1.371547932618683e-07,1.3662529373152041e-09,1.371547932618683e-07,1.3662529373152041e-09,2.58542e-07,2.58542e-07,1.371547932618683e-07,False,False,False,0,False,,,-7.714145456294325,3.0,False,False,,,weekly,10.0,sigma,computed,/home/lkoo/projects/AutomationDetection/DownloadedLC/incremental/quiescent_background_cache.csv,,,,,,False,not_in_flare_streak
4FGL J0538.8-4405,496,497,58316.00001157408,6.32e-08,2.75e-08,2.25e-08,1.9663055489964582e-07,1.371547932618683e-07,1.3662529373152041e-09,1.371547932618683e-07,1.3662529373152041e-09,2.58542e-07,2.58542e-07,1.371547932618683e-07,True,False,False,0,False,,,-2.6859523928676685,3.0,False,False,,,weekly,10.0,sigma,computed,/home/lkoo/projects/AutomationDetection/DownloadedLC/incremental/quiescent_background_cache.csv,,,,,,False,not_in_flare_streak
4FGL J0538.8-4405,497,498,58323.00001157408,5.04e-08,2e-08,6.32e-08,1.9663055489964582e-07,1.371547932618683e-07,1.3662529373152041e-09,1.371547932618683e-07,1.3662529373152041e-09,2.58542e-07,2.58542e-07,1.371547932618683e-07,False,False,False,0,False,,,-4.327653663633156,3.0,False,False,,,weekly,10.0,sigma,computed,/home/lkoo/projects/AutomationDetection/DownloadedLC/incremental/quiescent_background_cache.csv,,,,,,False,not_in_flare_streak
4FGL J0538.8-4405,498,499,58344.00001157408,3.43e-08,1.4e-08,5.04e-08,1.9663055489964582e-07,1.371547932618683e-07,1.3662529373152041e-09,1.371547932618683e-07,1.3662529373152041e-09,2.58542e-07,2.58542e-07,1.371547932618683e-07,False,False,False,0,False,,,-7.312034608762651,3.0,False,False,,,weekly,10.0,sigma,computed,/home/lkoo/projects/AutomationDetection/DownloadedLC/incremental/quiescent_background_cache.csv,,,,,,False,not_in_flare_streak
4FGL J0538.8-4405,499,500,58351.00001157408,3.3e-08,1.49e-08,3.43e-08,1.9663055489964582e-07,1.371547932618683e-07,1.3662529373152041e-09,1.371547932618683e-07,1.3662529373152041e-09,2.58542e-07,2.58542e-07,1.371547932618683e-07,False,False,False,0,False,,,-6.961051778699979,3.0,False,False,,,weekly,10.0,sigma,computed,/home/lkoo/projects/AutomationDetection/DownloadedLC/incremental/quiescent_background_cache.csv,,,,,,False,not_in_flare_streak
4FGL J0538.8-4405,500,501,58358.00001157408,5.68e-08,2.87e-08,3.3e-08,1.9663055489964582e-07,1.371547932618683e-07,1.3662529373152041e-09,1.371547932618683e-07,1.3662529373152041e-09,2.58542e-07,2.58542e-07,1.371547932618683e-07,True,False,False,0,False,,,-2.796651486679427,3.0,False,False,,,weekly,10.0,sigma,computed,/home/lkoo/projects/AutomationDetection/DownloadedLC/incremental/quiescent_background_cache.csv,,,,,,False,not_in_flare_streak
4FGL J0538.8-4405,501,502,58365.00001157408,1.18e-07,4e-08,5.68e-08,1.9663055489964582e-07,1.371547932618683e-07,1.3662529373152041e-09,1.371547932618683e-07,1.3662529373152041e-09,2.58542e-07,2.58542e-07,1.371547932618683e-07,True,False,False,0,False,,,-0.47859073792204837,3.0,False,False,,,weekly,10.0,sigma,computed,/home/lkoo/projects/AutomationDetection/DownloadedLC/incremental/quiescent_background_cache.csv,,,,,,False,not_in_flare_streak
4FGL J0538.8-4405,502,503,58372.00001157408,7.12e-08,5.35e-08,1.18e-07,1.9663055489964582e-07,1.371547932618683e-07,1.3662529373152041e-09,1.371547932618683e-07,1.3662529373152041e-09,2.58542e-07,2.58542e-07,1.371547932618683e-07,False,False,False,0,False,,,-1.2323980787279274,3.0,False,False,,,weekly,10.0,sigma,computed,/home/lkoo/projects/AutomationDetection/DownloadedLC/incremental/quiescent_background_cache.csv,,,,,,False,not_in_flare_streak
4FGL J0538.8-4405,503,504,58393.00001157408,1.05e-07,3.49e-08,7.12e-08,1.9663055489964582e-07,1.371547932618683e-07,1.3662529373152041e-09,1.371547932618683e-07,1.3662529373152041e-09,2.58542e-07,2.58542e-07,1.371547932618683e-07,True,False,False,0,False,,,-0.9206355965204829,3.0,False,False,,,weekly,10.0,sigma,computed,/home/lkoo/projects/AutomationDetection/DownloadedLC/incremental/quiescent_background_cache.csv,,,,,,False,not_in_flare_streak
4FGL J0538.8-4405,504,505,58400.00001157408,6.97e-08,1.71e-08,1.05e-07,1.9663055489964582e-07,1.371547932618683e-07,1.3662529373152041e-09,1.371547932618683e-07,1.3662529373152041e-09,2.58542e-07,2.58542e-07,1.371547932618683e-07,False,False,False,0,False,,,-3.9321938172866,3.0,False,False,,,weekly,10.0,sigma,computed,/home/lkoo/projects/AutomationDetection/DownloadedLC/incremental/quiescent_background_cache.csv,,,,,,False,not_in_flare_streak
4FGL J0538.8-4405,505,506,58407.00001157408,6.77e-08,1.83e-08,6.97e-08,1.9663055489964582e-07,1.371547932618683e-07,1.3662529373152041e-09,1.371547932618683e-07,1.3662529373152041e-09,2.58542e-07,2.58542e-07,1.371547932618683e-07,False,False,False,0,False,,,-3.784810453308917,3.0,False,False,,,weekly,10.0,sigma,computed,/home/lkoo/projects/AutomationDetection/DownloadedLC/incremental/quiescent_background_cache.csv,,,,,,False,not_in_flare_streak
4FGL J0538.8-4405,506,507,58414.00001157408,8.75e-08,3.95e-08,6.77e-08,1.9663055489964582e-07,1.371547932618683e-07,1.3662529373152041e-09,1.371547932618683e-07,1.3662529373152041e-09,2.58542e-07,2.58542e-07,1.371547932618683e-07,True,False,False,0,False,,,-1.2563320750112097,3.0,False,False,,,weekly,10.0,sigma,computed,/home/lkoo/projects/AutomationDetection/DownloadedLC/incremental/quiescent_background_cache.csv,,,,,,False,not_in_flare_streak
4FGL J0538.8-4405,507,508,58421.00001157408,4.26e-08,2.34e-08,8.75e-08,1.9663055489964582e-07,1.371547932618683e-07,1.3662529373152041e-09,1.371547932618683e-07,1.3662529373152041e-09,2.58542e-07,2.58542e-07,1.371547932618683e-07,False,False,False,0,False,,,-4.033933086531267,3.0,False,False,,,weekly,10.0,sigma,computed,/home/lkoo/projects/AutomationDetection/DownloadedLC/incremental/quiescent_background_cache.csv,,,,,,False,not_in_flare_streak
4FGL J0538.8-4405,508,509,58428.00001157408,8.06e-08,2.79e-08,4.26e-08,1.9663055489964582e-07,1.371547932618683e-07,1.3662529373152041e-09,1.371547932618683e-07,1.3662529373152041e-09,2.58542e-07,2.58542e-07,1.371547932618683e-07,True,False,False,0,False,,,-2.024627421353378,3.0,False,False,,,weekly,10.0,sigma,computed,/home/lkoo/projects/AutomationDetection/DownloadedLC/incremental/quiescent_background_cache.csv,,,,,,False,not_in_flare_streak
4FGL J0538.8-4405,509,510,58435.00001157408,7.1e-08,3.8e-08,8.06e-08,1.9663055489964582e-07,1.371547932618683e-07,1.3662529373152041e-09,1.371547932618683e-07,1.3662529373152041e-09,2.58542e-07,2.58542e-07,1.371547932618683e-07,False,False,False,0,False,,,-1.739791468169718,3.0,False,False,,,weekly,10.0,sigma,computed,/home/lkoo/projects/AutomationDetection/DownloadedLC/incremental/quiescent_background_cache.csv,,,,,,False,not_in_flare_streak
4FGL J0538.8-4405,510,511,58449.00001157408,2.72e-08,2.57e-08,7.1e-08,1.9663055489964582e-07,1.371547932618683e-07,1.3662529373152041e-09,1.371547932618683e-07,1.3662529373152041e-09,2.58542e-07,2.58542e-07,1.371547932618683e-07,False,False,False,0,False,,,-4.272363703527558,3.0,False,False,,,weekly,10.0,sigma,computed,/home/lkoo/projects/AutomationDetection/DownloadedLC/incremental/quiescent_background_cache.csv,,,,,,False,not_in_flare_streak
4FGL J0538.8-4405,511,512,58456.00001157408,5.74e-08,2.84e-08,2.72e-08,1.9663055489964582e-07,1.371547932618683e-07,1.3662529373152041e-09,1.371547932618683e-07,1.3662529373152041e-09,2.58542e-07,2.58542e-07,1.371547932618683e-07,True,False,False,0,False,,,-2.8050233674643676,3.0,False,False,,,weekly,10.0,sigma,computed,/home/lkoo/projects/AutomationDetection/DownloadedLC/incremental/quiescent_background_cache.csv,,,,,,False,not_in_flare_streak
4FGL J0538.8-4405,512,513,58470.00001157408,1.02e-07,2.91e-08,5.74e-08,1.9663055489964582e-07,1.371547932618683e-07,1.3662529373152041e-09,1.371547932618683e-07,1.3662529373152041e-09,2.58542e-07,2.58542e-07,1.371547932618683e-07,True,False,False,0,False,,,-1.2067392045409844,3.0,False,False,,,weekly,10.0,sigma,computed,/home/lkoo/projects/AutomationDetection/DownloadedLC/incremental/quiescent_background_cache.csv,,,,,,False,not_in_flare_streak
4FGL J0538.8-4405,513,514,58477.00001157408,1.38e-07,3.32e-08,1.02e-07,1.9663055489964582e-07,1.371547932618683e-07,1.3662529373152041e-09,1.371547932618683e-07,1.3662529373152041e-09,2.58542e-07,2.58542e-07,1.371547932618683e-07,True,True,False,0,False,,,0.0254365049894997,3.0,False,False,,,weekly,10.0,sigma,computed,/home/lkoo/projects/AutomationDetection/DownloadedLC/incremental/quiescent_background_cache.csv,,,,,,False,not_in_flare_streak
4FGL J0538.8-4405,514,515,58484.00001157408,2.51e-07,5.54e-08,1.38e-07,1.9663055489964582e-07,1.371547932618683e-07,1.3662529373152041e-09,1.371547932618683e-07,1.3662529373152041e-09,2.58542e-07,2.58542e-07,1.371547932618683e-07,True,True,False,0,False,,,2.054343005265926,3.0,False,False,,,weekly,10.0,sigma,computed,/home/lkoo/projects/AutomationDetection/DownloadedLC/incremental/quiescent_background_cache.csv,,,,,,False,not_in_flare_streak
4FGL J0538.8-4405,515,516,58491.00001157408,2.26e-07,3.54e-08,2.51e-07,1.9663055489964582e-07,1.371547932618683e-07,1.3662529373152041e-09,1.371547932618683e-07,1.3662529373152041e-09,2.58542e-07,2.58542e-07,1.371547932618683e-07,False,True,False,0,False,,,2.507884485525393,3.0,False,False,,,weekly,10.0,sigma,computed,/home/lkoo/projects/AutomationDetection/DownloadedLC/incremental/quiescent_background_cache.csv,,,,,,False,not_in_flare_streak
4FGL J0538.8-4405,516,517,58498.00001157408,2.66e-07,3.47e-08,2.26e-07,1.9663055489964582e-07,1.371547932618683e-07,1.3662529373152041e-09,1.371547932618683e-07,1.3662529373152041e-09,2.58542e-07,2.58542e-07,1.371547932618683e-07,True,True,False,0,False,,,3.7102435508899076,3.0,True,True,58498.00001157408,58498.00001157408,weekly,10.0,sigma,computed,/home/lkoo/projects/AutomationDetection/DownloadedLC/incremental/quiescent_background_cache.csv,,,,,,False,not_in_flare_streak
4FGL J0538.8-4405,517,518,58505.00001157408,1.55e-07,3.68e-08,2.66e-07,1.9663055489964582e-07,1.371547932618683e-07,1.3662529373152041e-09,1.371547932618683e-07,1.3662529373152041e-09,2.58542e-07,2.58542e-07,1.371547932618683e-07,False,True,False,0,False,,,0.48459023823665315,3.0,False,True,58498.00001157408,58505.00001157408,weekly,10.0,sigma,computed,/home/lkoo/projects/AutomationDetection/DownloadedLC/incremental/quiescent_background_cache.csv,,,,,,False,not_in_flare_streak
4FGL J0538.8-4405,518,519,58512.00001157408,1.52e-07,2.91e-08,1.55e-07,1.9663055489964582e-07,1.371547932618683e-07,1.3662529373152041e-09,1.371547932618683e-07,1.3662529373152041e-09,2.58542e-07,2.58542e-07,1.371547932618683e-07,False,True,False,0,False,,,0.509583226303617,3.0,False,True,58498.00001157408,58512.00001157408,weekly,10.0,sigma,computed,/home/lkoo/projects/AutomationDetection/DownloadedLC/incremental/quiescent_background_cache.csv,,,,,,False,not_in_flare_streak
4FGL J0538.8-4405,519,520,58519.00001157408,2.05e-07,3.49e-08,1.52e-07,1.9663055489964582e-07,1.371547932618683e-07,1.3662529373152041e-09,1.371547932618683e-07,1.3662529373152041e-09,2.58542e-07,2.58542e-07,1.371547932618683e-07,True,True,False,0,False,,,1.9425008230572636,3.0,False,True,58498.00001157408,58519.00001157408,weekly,10.0,sigma,computed,/home/lkoo/projects/AutomationDetection/DownloadedLC/incremental/quiescent_background_cache.csv,,,,,,False,not_in_flare_streak
4FGL J0538.8-4405,520,521,58526.00001157408,2.01e-07,3.45e-08,2.05e-07,1.9663055489964582e-07,1.371547932618683e-07,1.3662529373152041e-09,1.371547932618683e-07,1.3662529373152041e-09,2.58542e-07,2.58542e-07,1.371547932618683e-07,False,True,False,0,False,,,1.8491362874634347,3.0,False,True,58498.00001157408,58526.00001157408,weekly,10.0,sigma,computed,/home/lkoo/projects/AutomationDetection/DownloadedLC/incremental/quiescent_background_cache.csv,,,,,,False,not_in_flare_streak
4FGL J0538.8-4405,521,522,58533.00001157408,2.57e-07,5.19e-08,2.01e-07,1.9663055489964582e-07,1.371547932618683e-07,1.3662529373152041e-09,1.371547932618683e-07,1.3662529373152041e-09,2.58542e-07,2.58542e-07,1.371547932618683e-07,True,True,False,0,False,,,2.3083565027451534,3.0,False,True,58498.00001157408,58533.00001157408,weekly,10.0,sigma,computed,/home/lkoo/projects/AutomationDetection/DownloadedLC/incremental/quiescent_background_cache.csv,,,,,,False,not_in_flare_streak
4FGL J0538.8-4405,522,523,58540.00001157408,3.54e-07,4.73e-08,2.57e-07,1.9663055489964582e-07,1.371547932618683e-07,1.3662529373152041e-09,1.371547932618683e-07,1.3662529373152041e-09,2.58542e-07,2.58542e-07,1.371547932618683e-07,True,True,False,0,False,,,4.582553967051064,3.0,True,True,58498.00001157408,58540.00001157408,weekly,10.0,sigma,computed,/home/lkoo/projects/AutomationDetection/DownloadedLC/incremental/quiescent_background_cache.csv,,,,,,False,not_in_flare_streak
4FGL J0538.8-4405,523,524,58547.00001157408,1.47e-07,2.82e-08,3.54e-07,1.9663055489964582e-07,1.371547932618683e-07,1.3662529373152041e-09,1.371547932618683e-07,1.3662529373152041e-09,2.58542e-07,2.58542e-07,1.371547932618683e-07,False,True,False,0,False,,,0.34871178494415545,3.0,False,True,58498.00001157408,58547.00001157408,weekly,10.0,sigma,computed,/home/lkoo/projects/AutomationDetection/DownloadedLC/incremental/quiescent_background_cache.csv,,,,,,False,not_in_flare_streak
4FGL J0538.8-4405,524,525,58554.00001157408,1.06e-07,2.81e-08,1.47e-07,1.9663055489964582e-07,1.371547932618683e-07,1.3662529373152041e-09,1.371547932618683e-07,1.3662529373152041e-09,2.58542e-07,2.58542e-07,1.371547932618683e-07,False,False,False,0,False,,,-1.107403319596371,3.0,False,False,,,weekly,10.0,sigma,computed,/home/lkoo/projects/AutomationDetection/DownloadedLC/incremental/quiescent_background_cache.csv,,,,,,False,not_in_flare_streak
4FGL J0538.8-4405,525,526,58561.00001157408,2.13e-07,3.29e-08,1.06e-07,1.9663055489964582e-07,1.371547932618683e-07,1.3662529373152041e-09,1.371547932618683e-07,1.3662529373152041e-09,2.58542e-07,2.58542e-07,1.371547932618683e-07,True,True,False,0,False,,,2.3033402001811853,3.0,False,False,,,weekly,10.0,sigma,computed,/home/lkoo/projects/AutomationDetection/DownloadedLC/incremental/quiescent_background_cache.csv,,,,,,False,not_in_flare_streak
4FGL J0538.8-4405,526,527,58568.00001157408,1.4e-07,3.73e-08,2.13e-07,1.9663055489964582e-07,1.371547932618683e-07,1.3662529373152041e-09,1.371547932618683e-07,1.3662529373152041e-09,2.58542e-07,2.58542e-07,1.371547932618683e-07,False,True,False,0,False,,,0.07622788196756088,3.0,False,False,,,weekly,10.0,sigma,computed,/home/lkoo/projects/AutomationDetection/DownloadedLC/incremental/quiescent_background_cache.csv,,,,,,False,not_in_flare_streak
4FGL J0538.8-4405,527,528,58575.00001157408,1.67e-07,4.91e-08,1.4e-07,1.9663055489964582e-07,1.371547932618683e-07,1.3662529373152041e-09,1.371547932618683e-07,1.3662529373152041e-09,2.58542e-07,2.58542e-07,1.371547932618683e-07,True,True,False,0,False,,,0.6076101657532286,3.0,False,False,,,weekly,10.0,sigma,computed,/home/lkoo/projects/AutomationDetection/DownloadedLC/incremental/quiescent_background_cache.csv,,,,,,False,not_in_flare_streak
4FGL J0538.8-4405,528,529,58582.00001157408,5.23e-07,5.82e-08,1.67e-07,1.9663055489964582e-07,1.371547932618683e-07,1.3662529373152041e-09,1.371547932618683e-07,1.3662529373152041e-09,2.58542e-07,2.58542e-07,1.371547932618683e-07,True,True,False,0,False,,,6.627816743645028,3.0,True,True,58582.00001157408,58582.00001157408,weekly,10.0,sigma,computed,/home/lkoo/projects/AutomationDetection/DownloadedLC/incremental/quiescent_background_cache.csv,,,,,,False,not_in_flare_streak
4FGL J0538.8-4405,529,530,58589.00001157408,1.63e-07,3.09e-08,5.23e-07,1.9663055489964582e-07,1.371547932618683e-07,1.3662529373152041e-09,1.371547932618683e-07,1.3662529373152041e-09,2.58542e-07,2.58542e-07,1.371547932618683e-07,False,True,False,0,False,,,0.8355980620833829,3.0,False,True,58582.00001157408,58589.00001157408,weekly,10.0,sigma,computed,/home/lkoo/projects/AutomationDetection/DownloadedLC/incremental/quiescent_background_cache.csv,,,,,,False,not_in_flare_streak
4FGL J0538.8-4405,530,531,58596.00001157408,1.06e-07,2.74e-08,1.63e-07,1.9663055489964582e-07,1.371547932618683e-07,1.3662529373152041e-09,1.371547932618683e-07,1.3662529373152041e-09,2.58542e-07,2.58542e-07,1.371547932618683e-07,False,False,False,0,False,,,-1.1356253496503503,3.0,False,False,,,weekly,10.0,sigma,computed,/home/lkoo/projects/AutomationDetection/DownloadedLC/incremental/quiescent_background_cache.csv,,,,,,False,not_in_flare_streak
4FGL J0538.8-4405,531,532,58603.00001157408,1.09e-07,3.01e-08,1.06e-07,1.9663055489964582e-07,1.371547932618683e-07,1.3662529373152041e-09,1.371547932618683e-07,1.3662529373152041e-09,2.58542e-07,2.58542e-07,1.371547932618683e-07,True,False,False,0,False,,,-0.9344131037966537,3.0,False,False,,,weekly,10.0,sigma,computed,/home/lkoo/projects/AutomationDetection/DownloadedLC/incremental/quiescent_background_cache.csv,,,,,,False,not_in_flare_streak
4FGL J0538.8-4405,532,533,58610.00001157408,1.45e-07,3.1e-08,1.09e-07,1.9663055489964582e-07,1.371547932618683e-07,1.3662529373152041e-09,1.371547932618683e-07,1.3662529373152041e-09,2.58542e-07,2.58542e-07,1.371547932618683e-07,True,True,False,0,False,,,0.25282575975332855,3.0,False,False,,,weekly,10.0,sigma,computed,/home/lkoo/projects/AutomationDetection/DownloadedLC/incremental/quiescent_background_cache.csv,,,,,,False,not_in_flare_streak
4FGL J0538.8-4405,533,534,58617.00001157408,1.68e-07,3.49e-08,1.45e-07,1.9663055489964582e-07,1.371547932618683e-07,1.3662529373152041e-09,1.371547932618683e-07,1.3662529373152041e-09,2.58542e-07,2.58542e-07,1.371547932618683e-07,True,True,False,0,False,,,0.8831403478134973,3.0,False,False,,,weekly,10.0,sigma,computed,/home/lkoo/projects/AutomationDetection/DownloadedLC/incremental/quiescent_background_cache.csv,,,,,,False,not_in_flare_streak
4FGL J0538.8-4405,534,535,58624.00001157408,1.24e-07,3.56e-08,1.68e-07,1.9663055489964582e-07,1.371547932618683e-07,1.3662529373152041e-09,1.371547932618683e-07,1.3662529373152041e-09,2.58542e-07,2.58542e-07,1.371547932618683e-07,False,False,False,0,False,,,-0.3692448412617119,3.0,False,False,,,weekly,10.0,sigma,computed,/home/lkoo/projects/AutomationDetection/DownloadedLC/incremental/quiescent_background_cache.csv,,,,,,False,not_in_flare_streak
4FGL J0538.8-4405,535,536,58631.00001157408,1.12e-07,3.09e-08,1.24e-07,1.9663055489964582e-07,1.371547932618683e-07,1.3662529373152041e-09,1.371547932618683e-07,1.3662529373152041e-09,2.58542e-07,2.58542e-07,1.371547932618683e-07,False,False,False,0,False,,,-0.8132763925897992,3.0,False,False,,,weekly,10.0,sigma,computed,/home/lkoo/projects/AutomationDetection/DownloadedLC/incremental/quiescent_background_cache.csv,,,,,,False,not_in_flare_streak
4FGL J0538.8-4405,536,537,58638.00001157408,1.65e-07,3.35e-08,1.12e-07,1.9663055489964582e-07,1.371547932618683e-07,1.3662529373152041e-09,1.371547932618683e-07,1.3662529373152041e-09,2.58542e-07,2.58542e-07,1.371547932618683e-07,True,True,False,0,False,,,0.8305097914361275,3.0,False,False,,,weekly,10.0,sigma,computed,/home/lkoo/projects/AutomationDetection/DownloadedLC/incremental/quiescent_background_cache.csv,,,,,,False,not_in_flare_streak
4FGL J0538.8-4405,537,538,58645.00001157408,1.97e-07,3.41e-08,1.65e-07,1.9663055489964582e-07,1.371547932618683e-07,1.3662529373152041e-09,1.371547932618683e-07,1.3662529373152041e-09,2.58542e-07,2.58542e-07,1.371547932618683e-07,True,True,False,0,False,,,1.7535844586909162,3.0,False,False,,,weekly,10.0,sigma,computed,/home/lkoo/projects/AutomationDetection/DownloadedLC/incremental/quiescent_background_cache.csv,,,,,,False,not_in_flare_streak
4FGL J0538.8-4405,538,539,58652.00001157408,1.59e-07,3.43e-08,1.97e-07,1.9663055489964582e-07,1.371547932618683e-07,1.3662529373152041e-09,1.371547932618683e-07,1.3662529373152041e-09,2.58542e-07,2.58542e-07,1.371547932618683e-07,False,True,False,0,False,,,0.6363818446109145,3.0,False,False,,,weekly,10.0,sigma,computed,/home/lkoo/projects/AutomationDetection/DownloadedLC/incremental/quiescent_background_cache.csv,,,,,,False,not_in_flare_streak
4FGL J0538.8-4405,539,540,58659.00001157408,1.33e-07,3.16e-08,1.59e-07,1.9663055489964582e-07,1.371547932618683e-07,1.3662529373152041e-09,1.371547932618683e-07,1.3662529373152041e-09,2.58542e-07,2.58542e-07,1.371547932618683e-07,False,False,False,0,False,,,-0.13135808036317315,3.0,False,False,,,weekly,10.0,sigma,computed,/home/lkoo/projects/AutomationDetection/DownloadedLC/incremental/quiescent_background_cache.csv,,,,,,False,not_in_flare_streak
4FGL J0538.8-4405,540,541,58666.00001157408,3.28e-07,4.18e-08,1.33e-07,1.9663055489964582e-07,1.371547932618683e-07,1.3662529373152041e-09,1.371547932618683e-07,1.3662529373152041e-09,2.58542e-07,2.58542e-07,1.371547932618683e-07,True,True,False,0,False,,,4.563237907315923,3.0,True,True,58666.00001157408,58666.00001157408,weekly,10.0,sigma,computed,/home/lkoo/projects/AutomationDetection/DownloadedLC/incremental/quiescent_background_cache.csv,,,,,,False,not_in_flare_streak
4FGL J0538.8-4405,541,542,58673.00001157408,1.04e-07,2.32e-08,3.28e-07,1.9663055489964582e-07,1.371547932618683e-07,1.3662529373152041e-09,1.371547932618683e-07,1.3662529373152041e-09,2.58542e-07,2.58542e-07,1.371547932618683e-07,False,False,False,0,False,,,-1.426614267643326,3.0,False,False,,,weekly,10.0,sigma,computed,/home/lkoo/projects/AutomationDetection/DownloadedLC/incremental/quiescent_background_cache.csv,,,,,,False,not_in_flare_streak
4FGL J0538.8-4405,542,543,58680.00001157408,1.17e-07,2.54e-08,1.04e-07,1.9663055489964582e-07,1.371547932618683e-07,1.3662529373152041e-09,1.371547932618683e-07,1.3662529373152041e-09,2.58542e-07,2.58542e-07,1.371547932618683e-07,True,False,False,0,False,,,-0.792350368496344,3.0,False,False,,,weekly,10.0,sigma,computed,/home/lkoo/projects/AutomationDetection/DownloadedLC/incremental/quiescent_background_cache.csv,,,,,,False,not_in_flare_streak
4FGL J0538.8-4405,543,544,58687.00001157408,1.02e-07,2.86e-08,1.17e-07,1.9663055489964582e-07,1.371547932618683e-07,1.3662529373152041e-09,1.371547932618683e-07,1.3662529373152041e-09,2.58542e-07,2.58542e-07,1.371547932618683e-07,False,False,False,0,False,,,-1.2277884205529812,3.0,False,False,,,weekly,10.0,sigma,computed,/home/lkoo/projects/AutomationDetection/DownloadedLC/incremental/quiescent_background_cache.csv,,,,,,False,not_in_flare_streak
4FGL J0538.8-4405,544,545,58694.00001157408,1.26e-07,4.06e-08,1.02e-07,1.9663055489964582e-07,1.371547932618683e-07,1.3662529373152041e-09,1.371547932618683e-07,1.3662529373152041e-09,2.58542e-07,2.58542e-07,1.371547932618683e-07,True,False,False,0,False,,,-0.2745931681657081,3.0,False,False,,,weekly,10.0,sigma,computed,/home/lkoo/projects/AutomationDetection/DownloadedLC/incremental/quiescent_background_cache.csv,,,,,,False,not_in_flare_streak
4FGL J0538.8-4405,545,546,58701.00001157408,4.93e-07,4.8e-08,1.26e-07,1.9663055489964582e-07,1.371547932618683e-07,1.3662529373152041e-09,1.371547932618683e-07,1.3662529373152041e-09,2.58542e-07,2.58542e-07,1.371547932618683e-07,True,True,False,0,False,,,7.41044053172954,3.0,True,True,58701.00001157408,58701.00001157408,weekly,10.0,sigma,computed,/home/lkoo/projects/AutomationDetection/DownloadedLC/incremental/quiescent_background_cache.csv,,,,,,False,not_in_flare_streak
4FGL J0538.8-4405,546,547,58708.00001157408,3.76e-07,3.83e-08,4.93e-07,1.9663055489964582e-07,1.371547932618683e-07,1.3662529373152041e-09,1.371547932618683e-07,1.3662529373152041e-09,2.58542e-07,2.58542e-07,1.371547932618683e-07,False,True,False,0,False,,,6.232203236326656,3.0,True,True,58701.00001157408,58708.00001157408,weekly,10.0,sigma,computed,/home/lkoo/projects/AutomationDetection/DownloadedLC/incremental/quiescent_background_cache.csv,,,,,,False,not_in_flare_streak
4FGL J0538.8-4405,547,548,58715.00001157408,2.48e-07,3.51e-08,3.76e-07,1.9663055489964582e-07,1.371547932618683e-07,1.3662529373152041e-09,1.371547932618683e-07,1.3662529373152041e-09,2.58542e-07,2.58542e-07,1.371547932618683e-07,False,True,False,0,False,,,3.155593446145541,3.0,True,True,58701.00001157408,58715.00001157408,weekly,10.0,sigma,computed,/home/lkoo/projects/AutomationDetection/DownloadedLC/incremental/quiescent_background_cache.csv,,,,,,False,not_in_flare_streak
4FGL J0538.8-4405,548,549,58722.00001157408,1.56e-07,3.04e-08,2.48e-07,1.9663055489964582e-07,1.371547932618683e-07,1.3662529373152041e-09,1.371547932618683e-07,1.3662529373152041e-09,2.58542e-07,2.58542e-07,1.371547932618683e-07,False,True,False,0,False,,,0.6192830083467807,3.0,False,True,58701.00001157408,58722.00001157408,weekly,10.0,sigma,computed,/home/lkoo/projects/AutomationDetection/DownloadedLC/incremental/quiescent_background_cache.csv,,,,,,False,not_in_flare_streak
4FGL J0538.8-4405,549,550,58729.00001157408,1.95e-07,3.61e-08,1.56e-07,1.9663055489964582e-07,1.371547932618683e-07,1.3662529373152041e-09,1.371547932618683e-07,1.3662529373152041e-09,2.58542e-07,2.58542e-07,1.371547932618683e-07,True,True,False,0,False,,,1.6012139619216266,3.0,False,True,58701.00001157408,58729.00001157408,weekly,10.0,sigma,computed,/home/lkoo/projects/AutomationDetection/DownloadedLC/incremental/quiescent_background_cache.csv,,,,,,False,not_in_flare_streak
4FGL J0538.8-4405,550,551,58736.00001157408,1.12e-07,3.43e-08,1.95e-07,1.9663055489964582e-07,1.371547932618683e-07,1.3662529373152041e-09,1.371547932618683e-07,1.3662529373152041e-09,2.58542e-07,2.58542e-07,1.371547932618683e-07,False,False,False,0,False,,,-0.7327947924086822,3.0,False,False,,,weekly,10.0,sigma,computed,/home/lkoo/projects/AutomationDetection/DownloadedLC/incremental/quiescent_background_cache.csv,,,,,,False,not_in_flare_streak
4FGL J0538.8-4405,551,552,58743.00001157408,6.41e-08,2.74e-08,1.12e-07,1.9663055489964582e-07,1.371547932618683e-07,1.3662529373152041e-09,1.371547932618683e-07,1.3662529373152041e-09,2.58542e-07,2.58542e-07,1.371547932618683e-07,False,False,False,0,False,,,-2.6629249131685,3.0,False,False,,,weekly,10.0,sigma,computed,/home/lkoo/projects/AutomationDetection/DownloadedLC/incremental/quiescent_background_cache.csv,,,,,,False,not_in_flare_streak
4FGL J0538.8-4405,552,553,58750.00001157408,1.64e-07,3.34e-08,6.41e-08,1.9663055489964582e-07,1.371547932618683e-07,1.3662529373152041e-09,1.371547932618683e-07,1.3662529373152041e-09,2.58542e-07,2.58542e-07,1.371547932618683e-07,True,True,False,0,False,,,0.8030770981140679,3.0,False,False,,,weekly,10.0,sigma,computed,/home/lkoo/projects/AutomationDetection/DownloadedLC/incremental/quiescent_background_cache.csv,,,,,,False,not_in_flare_streak
4FGL J0538.8-4405,553,554,58757.00001157408,2.64e-07,3.65e-08,1.64e-07,1.9663055489964582e-07,1.371547932618683e-07,1.3662529373152041e-09,1.371547932618683e-07,1.3662529373152041e-09,2.58542e-07,2.58542e-07,1.371547932618683e-07,True,True,False,0,False,,,3.4727790985100095,3.0,True,True,58757.00001157408,58757.00001157408,weekly,10.0,sigma,computed,/home/lkoo/projects/AutomationDetection/DownloadedLC/incremental/quiescent_background_cache.csv,,,,,,False,not_in_flare_streak
4FGL J0538.8-4405,554,555,58764.00001157408,2.4e-07,3.43e-08,2.64e-07,1.9663055489964582e-07,1.371547932618683e-07,1.3662529373152041e-09,1.371547932618683e-07,1.3662529373152041e-09,2.58542e-07,2.58542e-07,1.371547932618683e-07,False,True,False,0,False,,,2.996026687134048,3.0,False,True,58757.00001157408,58764.00001157408,weekly,10.0,sigma,computed,/home/lkoo/projects/AutomationDetection/DownloadedLC/incremental/quiescent_background_cache.csv,,,,,,False,not_in_flare_streak
4FGL J0538.8-4405,555,556,58771.00001157408,1.21e-07,2.93e-08,2.4e-07,1.9663055489964582e-07,1.371547932618683e-07,1.3662529373152041e-09,1.371547932618683e-07,1.3662529373152041e-09,2.58542e-07,2.58542e-07,1.371547932618683e-07,False,False,False,0,False,,,-0.5507596881822671,3.0,False,False,,,weekly,10.0,sigma,computed,/home/lkoo/projects/AutomationDetection/DownloadedLC/incremental/quiescent_background_cache.csv,,,,,,False,not_in_flare_streak
4FGL J0538.8-4405,556,557,58778.00001157408,1.96e-07,4.31e-08,1.21e-07,1.9663055489964582e-07,1.371547932618683e-07,1.3662529373152041e-09,1.371547932618683e-07,1.3662529373152041e-09,2.58542e-07,2.58542e-07,1.371547932618683e-07,True,True,False,0,False,,,1.364632558242457,3.0,False,False,,,weekly,10.0,sigma,computed,/home/lkoo/projects/AutomationDetection/DownloadedLC/incremental/quiescent_background_cache.csv,,,,,,False,not_in_flare_streak
4FGL J0538.8-4405,557,558,58785.00001157408,7.38e-08,4.4e-08,1.96e-07,1.9663055489964582e-07,1.371547932618683e-07,1.3662529373152041e-09,1.371547932618683e-07,1.3662529373152041e-09,2.58542e-07,2.58542e-07,1.371547932618683e-07,False,False,False,0,False,,,-1.4391880160555452,3.0,False,False,,,weekly,10.0,sigma,computed,/home/lkoo/projects/AutomationDetection/DownloadedLC/incremental/quiescent_background_cache.csv,,,,,,False,not_in_flare_streak
4FGL J0538.8-4405,558,559,58792.00001157408,7.23e-08,2.96e-08,7.38e-08,1.9663055489964582e-07,1.371547932618683e-07,1.3662529373152041e-09,1.371547932618683e-07,1.3662529373152041e-09,2.58542e-07,2.58542e-07,1.371547932618683e-07,False,False,False,0,False,,,-2.1887100447443935,3.0,False,False,,,weekly,10.0,sigma,computed,/home/lkoo/projects/AutomationDetection/DownloadedLC/incremental/quiescent_background_cache.csv,,,,,,False,not_in_flare_streak
4FGL J0538.8-4405,559,560,58799.00001157408,2.32e-07,3.52e-08,7.23e-08,1.9663055489964582e-07,1.371547932618683e-07,1.3662529373152041e-09,1.371547932618683e-07,1.3662529373152041e-09,2.58542e-07,2.58542e-07,1.371547932618683e-07,True,True,False,0,False,,,2.6924387480942538,3.0,False,False,,,weekly,10.0,sigma,computed,/home/lkoo/projects/AutomationDetection/DownloadedLC/incremental/quiescent_background_cache.csv,,,,,,False,not_in_flare_streak
4FGL J0538.8-4405,560,561,58806.00001157408,3e-07,3.43e-08,2.32e-07,1.9663055489964582e-07,1.371547932618683e-07,1.3662529373152041e-09,1.371547932618683e-07,1.3662529373152041e-09,2.58542e-07,2.58542e-07,1.371547932618683e-07,True,True,False,0,False,,,4.7439117556697035,3.0,True,True,58806.00001157408,58806.00001157408,weekly,10.0,sigma,computed,/home/lkoo/projects/AutomationDetection/DownloadedLC/incremental/quiescent_background_cache.csv,,,,,,False,not_in_flare_streak
4FGL J0538.8-4405,561,562,58813.00001157408,2.94e-07,3.55e-08,3e-07,1.9663055489964582e-07,1.371547932618683e-07,1.3662529373152041e-09,1.371547932618683e-07,1.3662529373152041e-09,2.58542e-07,2.58542e-07,1.371547932618683e-07,False,True,False,0,False,,,4.414906429489132,3.0,True,True,58806.00001157408,58813.00001157408,weekly,10.0,sigma,computed,/home/lkoo/projects/AutomationDetection/DownloadedLC/incremental/quiescent_background_cache.csv,,,,,,False,not_in_flare_streak
4FGL J0538.8-4405,562,563,58820.00001157408,2.8e-07,3.75e-08,2.94e-07,1.9663055489964582e-07,1.371547932618683e-07,1.3662529373152041e-09,1.371547932618683e-07,1.3662529373152041e-09,2.58542e-07,2.58542e-07,1.371547932618683e-07,False,True,False,0,False,,,3.806679869839523,3.0,True,True,58806.00001157408,58820.00001157408,weekly,10.0,sigma,computed,/home/lkoo/projects/AutomationDetection/DownloadedLC/incremental/quiescent_background_cache.csv,,,,,,False,not_in_flare_streak
4FGL J0538.8-4405,563,564,58827.00001157408,2.85e-07,3.86e-08,2.8e-07,1.9663055489964582e-07,1.371547932618683e-07,1.3662529373152041e-09,1.371547932618683e-07,1.3662529373152041e-09,2.58542e-07,2.58542e-07,1.371547932618683e-07,True,True,False,0,False,,,3.827789693743682,3.0,True,True,58806.00001157408,58827.00001157408,weekly,10.0,sigma,computed,/home/lkoo/projects/AutomationDetection/DownloadedLC/incremental/quiescent_background_cache.csv,,,,,,False,not_in_flare_streak
4FGL J0538.8-4405,564,565,58834.00001157408,1.14e-07,2.86e-08,2.85e-07,1.9663055489964582e-07,1.371547932618683e-07,1.3662529373152041e-09,1.371547932618683e-07,1.3662529373152041e-09,2.58542e-07,2.58542e-07,1.371547932618683e-07,False,False,False,0,False,,,-0.8086859403624105,3.0,False,False,,,weekly,10.0,sigma,computed,/home/lkoo/projects/AutomationDetection/DownloadedLC/incremental/quiescent_background_cache.csv,,,,,,False,not_in_flare_streak
4FGL J0538.8-4405,565,566,58841.00001157408,1.97e-07,3.91e-08,1.14e-07,1.9663055489964582e-07,1.371547932618683e-07,1.3662529373152041e-09,1.371547932618683e-07,1.3662529373152041e-09,2.58542e-07,2.58542e-07,1.371547932618683e-07,True,True,False,0,False,,,1.5296344053032511,3.0,False,False,,,weekly,10.0,sigma,computed,/home/lkoo/projects/AutomationDetection/DownloadedLC/incremental/quiescent_background_cache.csv,,,,,,False,not_in_flare_streak
4FGL J0538.8-4405,566,567,58848.00001157408,8.95e-08,2.92e-08,1.97e-07,1.9663055489964582e-07,1.371547932618683e-07,1.3662529373152041e-09,1.371547932618683e-07,1.3662529373152041e-09,2.58542e-07,2.58542e-07,1.371547932618683e-07,False,False,False,0,False,,,-1.6302299482765166,3.0,False,False,,,weekly,10.0,sigma,computed,/home/lkoo/projects/AutomationDetection/DownloadedLC/incremental/quiescent_background_cache.csv,,,,,,False,not_in_flare_streak
4FGL J0538.8-4405,567,568,58855.00001157408,1.63e-07,3.67e-08,8.95e-08,1.9663055489964582e-07,1.371547932618683e-07,1.3662529373152041e-09,1.371547932618683e-07,1.3662529373152041e-09,2.58542e-07,2.58542e-07,1.371547932618683e-07,True,True,False,0,False,,,0.7037415795772354,3.0,False,False,,,weekly,10.0,sigma,computed,/home/lkoo/projects/AutomationDetection/DownloadedLC/incremental/quiescent_background_cache.csv,,,,,,False,not_in_flare_streak
4FGL J0538.8-4405,568,569,58862.00001157408,2.02e-07,3.62e-08,1.63e-07,1.9663055489964582e-07,1.371547932618683e-07,1.3662529373152041e-09,1.371547932618683e-07,1.3662529373152041e-09,2.58542e-07,2.58542e-07,1.371547932618683e-07,True,True,False,0,False,,,1.7900296096449952,3.0,False,False,,,weekly,10.0,sigma,computed,/home/lkoo/projects/AutomationDetection/DownloadedLC/incremental/quiescent_background_cache.csv,,,,,,False,not_in_flare_streak
4FGL J0538.8-4405,569,570,58869.00001157408,1.08e-07,2.53e-08,2.02e-07,1.9663055489964582e-07,1.371547932618683e-07,1.3662529373152041e-09,1.371547932618683e-07,1.3662529373152041e-09,2.58542e-07,2.58542e-07,1.371547932618683e-07,False,False,False,0,False,,,-1.1506867601742734,3.0,False,False,,,weekly,10.0,sigma,computed,/home/lkoo/projects/AutomationDetection/DownloadedLC/incremental/quiescent_background_cache.csv,,,,,,False,not_in_flare_streak
4FGL J0538.8-4405,570,571,58876.00001157408,9.56e-08,2.73e-08,1.08e-07,1.9663055489964582e-07,1.371547932618683e-07,1.3662529373152041e-09,1.371547932618683e-07,1.3662529373152041e-09,2.58542e-07,2.58542e-07,1.371547932618683e-07,False,False,False,0,False,,,-1.5202509859680682,3.0,False,False,,,weekly,10.0,sigma,computed,/home/lkoo/projects/AutomationDetection/DownloadedLC/incremental/quiescent_background_cache.csv,,,,,,False,not_in_flare_streak
4FGL J0538.8-4405,571,572,58883.00001157408,1.41e-07,2.48e-08,9.56e-08,1.9663055489964582e-07,1.371547932618683e-07,1.3662529373152041e-09,1.371547932618683e-07,1.3662529373152041e-09,2.58542e-07,2.58542e-07,1.371547932618683e-07,True,True,False,0,False,,,0.15481390658906333,3.0,False,False,,,weekly,10.0,sigma,computed,/home/lkoo/projects/AutomationDetection/DownloadedLC/incremental/quiescent_background_cache.csv,,,,,,False,not_in_flare_streak
4FGL J0538.8-4405,572,573,58890.00001157408,2.26e-07,3.84e-08,1.41e-07,1.9663055489964582e-07,1.371547932618683e-07,1.3662529373152041e-09,1.371547932618683e-07,1.3662529373152041e-09,2.58542e-07,2.58542e-07,1.371547932618683e-07,True,True,False,0,False,,,2.3122142044564002,3.0,False,False,,,weekly,10.0,sigma,computed,/home/lkoo/projects/AutomationDetection/DownloadedLC/incremental/quiescent_background_cache.csv,,,,,,False,not_in_flare_streak
4FGL J0538.8-4405,573,574,58897.00001157408,2.74e-07,4.78e-08,2.26e-07,1.9663055489964582e-07,1.371547932618683e-07,1.3662529373152041e-09,1.371547932618683e-07,1.3662529373152041e-09,2.58542e-07,2.58542e-07,1.371547932618683e-07,True,True,False,0,False,,,2.861701709436108,3.0,False,False,,,weekly,10.0,sigma,computed,/home/lkoo/projects/AutomationDetection/DownloadedLC/incremental/quiescent_background_cache.csv,,,,,,False,not_in_flare_streak
4FGL J0538.8-4405,574,575,58904.00001157408,2.91e-07,5.29e-08,2.74e-07,1.9663055489964582e-07,1.371547932618683e-07,1.3662529373152041e-09,1.371547932618683e-07,1.3662529373152041e-09,2.58542e-07,2.58542e-07,1.371547932618683e-07,True,True,False,0,False,,,2.9072575058351413,3.0,False,False,,,weekly,10.0,sigma,computed,/home/lkoo/projects/AutomationDetection/DownloadedLC/incremental/quiescent_background_cache.csv,,,,,,False,not_in_flare_streak
4FGL J0538.8-4405,575,576,58911.00001157408,1.83e-07,4e-08,2.91e-07,1.9663055489964582e-07,1.371547932618683e-07,1.3662529373152041e-09,1.371547932618683e-07,1.3662529373152041e-09,2.58542e-07,2.58542e-07,1.371547932618683e-07,False,True,False,0,False,,,1.1454621839573553,3.0,False,False,,,weekly,10.0,sigma,computed,/home/lkoo/projects/AutomationDetection/DownloadedLC/incremental/quiescent_background_cache.csv,,,,,,False,not_in_flare_streak
4FGL J0538.8-4405,576,577,58918.00001157408,1.28e-07,2.94e-08,1.83e-07,1.9663055489964582e-07,1.371547932618683e-07,1.3662529373152041e-09,1.371547932618683e-07,1.3662529373152041e-09,2.58542e-07,2.58542e-07,1.371547932618683e-07,False,False,False,0,False,,,-0.3110518377338271,3.0,False,False,,,weekly,10.0,sigma,computed,/home/lkoo/projects/AutomationDetection/DownloadedLC/incremental/quiescent_background_cache.csv,,,,,,False,not_in_flare_streak
4FGL J0538.8-4405,577,578,58925.00001157408,1.79e-07,3.25e-08,1.28e-07,1.9663055489964582e-07,1.371547932618683e-07,1.3662529373152041e-09,1.371547932618683e-07,1.3662529373152041e-09,2.58542e-07,2.58542e-07,1.371547932618683e-07,True,True,False,0,False,,,1.2864086281784017,3.0,False,False,,,weekly,10.0,sigma,computed,/home/lkoo/projects/AutomationDetection/DownloadedLC/incremental/quiescent_background_cache.csv,,,,,,False,not_in_flare_streak
4FGL J0538.8-4405,578,579,58932.00001157408,1.8e-07,3.82e-08,1.79e-07,1.9663055489964582e-07,1.371547932618683e-07,1.3662529373152041e-09,1.371547932618683e-07,1.3662529373152041e-09,2.58542e-07,2.58542e-07,1.371547932618683e-07,True,True,False,0,False,,,1.1208855862166682,3.0,False,False,,,weekly,10.0,sigma,computed,/home/lkoo/projects/AutomationDetection/DownloadedLC/incremental/quiescent_background_cache.csv,,,,,,False,not_in_flare_streak
4FGL J0538.8-4405,579,580,58939.00001157408,1.33e-07,4.2e-08,1.8e-07,1.9663055489964582e-07,1.371547932618683e-07,1.3662529373152041e-09,1.371547932618683e-07,1.3662529373152041e-09,2.58542e-07,2.58542e-07,1.371547932618683e-07,False,False,False,0,False,,,-0.09887135058863981,3.0,False,False,,,weekly,10.0,sigma,computed,/home/lkoo/projects/AutomationDetection/DownloadedLC/incremental/quiescent_background_cache.csv,,,,,,False,not_in_flare_streak
4FGL J0538.8-4405,580,581,58946.00001157408,1.13e-07,4.44e-08,1.33e-07,1.9663055489964582e-07,1.371547932618683e-07,1.3662529373152041e-09,1.371547932618683e-07,1.3662529373152041e-09,2.58542e-07,2.58542e-07,1.371547932618683e-07,False,False,False,0,False,,,-0.5437694931611936,3.0,False,False,,,weekly,10.0,sigma,computed,/home/lkoo/projects/AutomationDetection/DownloadedLC/incremental/quiescent_background_cache.csv,,,,,,False,not_in_flare_streak
4FGL J0538.8-4405,581,582,58953.00001157408,1.18e-07,3.53e-08,1.13e-07,1.9663055489964582e-07,1.371547932618683e-07,1.3662529373152041e-09,1.371547932618683e-07,1.3662529373152041e-09,2.58542e-07,2.58542e-07,1.371547932618683e-07,True,False,False,0,False,,,-0.5422227305289382,3.0,False,False,,,weekly,10.0,sigma,computed,/home/lkoo/projects/AutomationDetection/DownloadedLC/incremental/quiescent_background_cache.csv,,,,,,False,not_in_flare_streak
4FGL J0538.8-4405,582,583,58960.00001157408,9.48e-08,2.6e-08,1.18e-07,1.9663055489964582e-07,1.371547932618683e-07,1.3662529373152041e-09,1.371547932618683e-07,1.3662529373152041e-09,2.58542e-07,2.58542e-07,1.371547932618683e-07,False,False,False,0,False,,,-1.6267860263332208,3.0,False,False,,,weekly,10.0,sigma,computed,/home/lkoo/projects/AutomationDetection/DownloadedLC/incremental/quiescent_background_cache.csv,,,,,,False,not_in_flare_streak
4FGL J0538.8-4405,583,584,58967.00001157408,1.11e-07,2.73e-08,9.48e-08,1.9663055489964582e-07,1.371547932618683e-07,1.3662529373152041e-09,1.371547932618683e-07,1.3662529373152041e-09,2.58542e-07,2.58542e-07,1.371547932618683e-07,True,False,False,0,False,,,-0.9568535209302249,3.0,False,False,,,weekly,10.0,sigma,computed,/home/lkoo/projects/AutomationDetection/DownloadedLC/incremental/quiescent_background_cache.csv,,,,,,False,not_in_flare_streak
4FGL J0538.8-4405,584,585,58974.00001157408,1.22e-07,2.93e-08,1.11e-07,1.9663055489964582e-07,1.371547932618683e-07,1.3662529373152041e-09,1.371547932618683e-07,1.3662529373152041e-09,2.58542e-07,2.58542e-07,1.371547932618683e-07,True,False,False,0,False,,,-0.516667039687515,3.0,False,False,,,weekly,10.0,sigma,computed,/home/lkoo/projects/AutomationDetection/DownloadedLC/incremental/quiescent_background_cache.csv,,,,,,False,not_in_flare_streak
4FGL J0538.8-4405,585,586,58981.00001157408,1.18e-07,2.98e-08,1.22e-07,1.9663055489964582e-07,1.371547932618683e-07,1.3662529373152041e-09,1.371547932618683e-07,1.3662529373152041e-09,2.58542e-07,2.58542e-07,1.371547932618683e-07,False,False,False,0,False,,,-0.6421038052326434,3.0,False,False,,,weekly,10.0,sigma,computed,/home/lkoo/projects/AutomationDetection/DownloadedLC/incremental/quiescent_background_cache.csv,,,,,,False,not_in_flare_streak
4FGL J0538.8-4405,586,587,58988.00001157408,5.59e-08,2.58e-08,1.18e-07,1.9663055489964582e-07,1.371547932618683e-07,1.3662529373152041e-09,1.371547932618683e-07,1.3662529373152041e-09,2.58542e-07,2.58542e-07,1.371547932618683e-07,False,False,False,0,False,,,-3.1450039284361195,3.0,False,False,,,weekly,10.0,sigma,computed,/home/lkoo/projects/AutomationDetection/DownloadedLC/incremental/quiescent_background_cache.csv,,,,,,False,not_in_flare_streak
4FGL J0538.8-4405,587,588,58995.00001157408,8.95e-08,2.87e-08,5.59e-08,1.9663055489964582e-07,1.371547932618683e-07,1.3662529373152041e-09,1.371547932618683e-07,1.3662529373152041e-09,2.58542e-07,2.58542e-07,1.371547932618683e-07,True,False,False,0,False,,,-1.6585674981314245,3.0,False,False,,,weekly,10.0,sigma,computed,/home/lkoo/projects/AutomationDetection/DownloadedLC/incremental/quiescent_background_cache.csv,,,,,,False,not_in_flare_streak
4FGL J0538.8-4405,588,589,59002.00001157408,1.4e-07,3.21e-08,8.95e-08,1.9663055489964582e-07,1.371547932618683e-07,1.3662529373152041e-09,1.371547932618683e-07,1.3662529373152041e-09,2.58542e-07,2.58542e-07,1.371547932618683e-07,True,True,False,0,False,,,0.08855554848412703,3.0,False,False,,,weekly,10.0,sigma,computed,/home/lkoo/projects/AutomationDetection/DownloadedLC/incremental/quiescent_background_cache.csv,,,,,,False,not_in_flare_streak
4FGL J0538.8-4405,589,590,59009.00001157408,1.04e-07,2.73e-08,1.4e-07,1.9663055489964582e-07,1.371547932618683e-07,1.3662529373152041e-09,1.371547932618683e-07,1.3662529373152041e-09,2.58542e-07,2.58542e-07,1.371547932618683e-07,False,False,False,0,False,,,-1.212943277765608,3.0,False,False,,,weekly,10.0,sigma,computed,/home/lkoo/projects/AutomationDetection/DownloadedLC/incremental/quiescent_background_cache.csv,,,,,,False,not_in_flare_streak
4FGL J0538.8-4405,590,591,59016.00001157408,2.56e-07,4.23e-08,1.04e-07,1.9663055489964582e-07,1.371547932618683e-07,1.3662529373152041e-09,1.371547932618683e-07,1.3662529373152041e-09,2.58542e-07,2.58542e-07,1.371547932618683e-07,True,True,False,0,False,,,2.8081149776671555,3.0,False,False,,,weekly,10.0,sigma,computed,/home/lkoo/projects/AutomationDetection/DownloadedLC/incremental/quiescent_background_cache.csv,,,,,,False,not_in_flare_streak
4FGL J0538.8-4405,591,592,59023.00001157408,4.8e-07,4.64e-08,2.56e-07,1.9663055489964582e-07,1.371547932618683e-07,1.3662529373152041e-09,1.371547932618683e-07,1.3662529373152041e-09,2.58542e-07,2.58542e-07,1.371547932618683e-07,True,True,False,0,False,,,7.385704255752677,3.0,True,True,59023.00001157408,59023.00001157408,weekly,10.0,sigma,computed,/home/lkoo/projects/AutomationDetection/DownloadedLC/incremental/quiescent_background_cache.csv,,,,,,False,not_in_flare_streak
4FGL J0538.8-4405,592,593,59030.00001157408,2.97e-07,3.76e-08,4.8e-07,1.9663055489964582e-07,1.371547932618683e-07,1.3662529373152041e-09,1.371547932618683e-07,1.3662529373152041e-09,2.58542e-07,2.58542e-07,1.371547932618683e-07,False,True,False,0,False,,,4.2483985619334605,3.0,True,True,59023.00001157408,59030.00001157408,weekly,10.0,sigma,computed,/home/lkoo/projects/AutomationDetection/DownloadedLC/incremental/quiescent_background_cache.csv,,,,,,False,not_in_flare_streak
4FGL J0538.8-4405,593,594,59037.00001157408,1.81e-07,3.49e-08,2.97e-07,1.9663055489964582e-07,1.371547932618683e-07,1.3662529373152041e-09,1.371547932618683e-07,1.3662529373152041e-09,2.58542e-07,2.58542e-07,1.371547932618683e-07,False,True,False,0,False,,,1.2553480823586043,3.0,False,True,59023.00001157408,59037.00001157408,weekly,10.0,sigma,computed,/home/lkoo/projects/AutomationDetection/DownloadedLC/incremental/quiescent_background_cache.csv,,,,,,False,not_in_flare_streak
4FGL J0538.8-4405,594,595,59044.00001157408,2.86e-07,3.6e-08,1.81e-07,1.9663055489964582e-07,1.371547932618683e-07,1.3662529373152041e-09,1.371547932618683e-07,1.3662529373152041e-09,2.58542e-07,2.58542e-07,1.371547932618683e-07,True,True,False,0,False,,,4.131614735166619,3.0,True,True,59023.00001157408,59044.00001157408,weekly,10.0,sigma,computed,/home/lkoo/projects/AutomationDetection/DownloadedLC/incremental/quiescent_background_cache.csv,,,,,,False,not_in_flare_streak
4FGL J0538.8-4405,595,596,59051.00001157408,2.43e-07,3.7e-08,2.86e-07,1.9663055489964582e-07,1.371547932618683e-07,1.3662529373152041e-09,1.371547932618683e-07,1.3662529373152041e-09,2.58542e-07,2.58542e-07,1.371547932618683e-07,False,True,False,0,False,,,2.858732969618484,3.0,False,True,59023.00001157408,59051.00001157408,weekly,10.0,sigma,computed,/home/lkoo/projects/AutomationDetection/DownloadedLC/incremental/quiescent_background_cache.csv,,,,,,False,not_in_flare_streak
4FGL J0538.8-4405,596,597,59058.00001157408,3.57e-07,5.02e-08,2.43e-07,1.9663055489964582e-07,1.371547932618683e-07,1.3662529373152041e-09,1.371547932618683e-07,1.3662529373152041e-09,2.58542e-07,2.58542e-07,1.371547932618683e-07,True,True,False,0,False,,,4.37776553663832,3.0,True,True,59023.00001157408,59058.00001157408,weekly,10.0,sigma,computed,/home/lkoo/projects/AutomationDetection/DownloadedLC/incremental/quiescent_background_cache.csv,,,,,,False,not_in_flare_streak
4FGL J0538.8-4405,597,598,59065.00001157408,3.25e-07,4.7e-08,3.57e-07,1.9663055489964582e-07,1.371547932618683e-07,1.3662529373152041e-09,1.371547932618683e-07,1.3662529373152041e-09,2.58542e-07,2.58542e-07,1.371547932618683e-07,False,True,False,0,False,,,3.995018949211479,3.0,True,True,59023.00001157408,59065.00001157408,weekly,10.0,sigma,computed,/home/lkoo/projects/AutomationDetection/DownloadedLC/incremental/quiescent_background_cache.csv,,,,,,False,not_in_flare_streak
4FGL J0538.8-4405,598,599,59072.00001157408,2.44e-07,3.62e-08,3.25e-07,1.9663055489964582e-07,1.371547932618683e-07,1.3662529373152041e-09,1.371547932618683e-07,1.3662529373152041e-09,2.58542e-07,2.58542e-07,1.371547932618683e-07,False,True,False,0,False,,,2.9494251515344483,3.0,False,True,59023.00001157408,59072.00001157408,weekly,10.0,sigma,computed,/home/lkoo/projects/AutomationDetection/DownloadedLC/incremental/quiescent_background_cache.csv,,,,,,False,not_in_flare_streak
4FGL J0538.8-4405,599,600,59079.00001157408,2.5e-07,3.92e-08,2.44e-07,1.9663055489964582e-07,1.371547932618683e-07,1.3662529373152041e-09,1.371547932618683e-07,1.3662529373152041e-09,2.58542e-07,2.58542e-07,1.371547932618683e-07,True,True,False,0,False,,,2.8769573791055896,3.0,False,True,59023.00001157408,59079.00001157408,weekly,10.0,sigma,computed,/home/lkoo/projects/AutomationDetection/DownloadedLC/incremental/quiescent_background_cache.csv,,,,,,False,not_in_flare_streak
4FGL J0538.8-4405,600,601,59086.00001157408,1.37e-07,3.15e-08,2.5e-07,1.9663055489964582e-07,1.371547932618683e-07,1.3662529373152041e-09,1.371547932618683e-07,1.3662529373152041e-09,2.58542e-07,2.58542e-07,1.371547932618683e-07,False,False,False,0,False,,,-0.004909456075464172,3.0,False,False,,,weekly,10.0,sigma,computed,/home/lkoo/projects/AutomationDetection/DownloadedLC/incremental/quiescent_background_cache.csv,,,,,,False,not_in_flare_streak
4FGL J0538.8-4405,601,602,59093.00001157408,1.67e-07,3.17e-08,1.37e-07,1.9663055489964582e-07,1.371547932618683e-07,1.3662529373152041e-09,1.371547932618683e-07,1.3662529373152041e-09,2.58542e-07,2.58542e-07,1.371547932618683e-07,True,True,False,0,False,,,0.9406159499016092,3.0,False,False,,,weekly,10.0,sigma,computed,/home/lkoo/projects/AutomationDetection/DownloadedLC/incremental/quiescent_background_cache.csv,,,,,,False,not_in_flare_streak
4FGL J0538.8-4405,602,603,59100.00001157408,1.55e-07,3.73e-08,1.67e-07,1.9663055489964582e-07,1.371547932618683e-07,1.3662529373152041e-09,1.371547932618683e-07,1.3662529373152041e-09,2.58542e-07,2.58542e-07,1.371547932618683e-07,False,True,False,0,False,,,0.4781031531699048,3.0,False,False,,,weekly,10.0,sigma,computed,/home/lkoo/projects/AutomationDetection/DownloadedLC/incremental/quiescent_background_cache.csv,,,,,,False,not_in_flare_streak
4FGL J0538.8-4405,603,604,59107.00001157408,1.45e-07,7.32e-08,1.55e-07,1.9663055489964582e-07,1.371547932618683e-07,1.3662529373152041e-09,1.371547932618683e-07,1.3662529373152041e-09,2.58542e-07,2.58542e-07,1.371547932618683e-07,False,True,False,0,False,,,0.10715629207531546,3.0,False,False,,,weekly,10.0,sigma,computed,/home/lkoo/projects/AutomationDetection/DownloadedLC/incremental/quiescent_background_cache.csv,,,,,,False,not_in_flare_streak
4FGL J0538.8-4405,604,605,59114.00001157408,1.07e-07,3.98e-08,1.45e-07,1.9663055489964582e-07,1.371547932618683e-07,1.3662529373152041e-09,1.371547932618683e-07,1.3662529373152041e-09,2.58542e-07,2.58542e-07,1.371547932618683e-07,False,False,False,0,False,,,-0.757212100717505,3.0,False,False,,,weekly,10.0,sigma,computed,/home/lkoo/projects/AutomationDetection/DownloadedLC/incremental/quiescent_background_cache.csv,,,,,,False,not_in_flare_streak
4FGL J0538.8-4405,605,606,59121.00001157408,1.22e-07,2.86e-08,1.07e-07,1.9663055489964582e-07,1.371547932618683e-07,1.3662529373152041e-09,1.371547932618683e-07,1.3662529373152041e-09,2.58542e-07,2.58542e-07,1.371547932618683e-07,True,False,False,0,False,,,-0.5292842869020298,3.0,False,False,,,weekly,10.0,sigma,computed,/home/lkoo/projects/AutomationDetection/DownloadedLC/incremental/quiescent_background_cache.csv,,,,,,False,not_in_flare_streak
4FGL J0538.8-4405,606,607,59128.00001157408,1.19e-07,3.21e-08,1.22e-07,1.9663055489964582e-07,1.371547932618683e-07,1.3662529373152041e-09,1.371547932618683e-07,1.3662529373152041e-09,2.58542e-07,2.58542e-07,1.371547932618683e-07,False,False,False,0,False,,,-0.5650582973019326,3.0,False,False,,,weekly,10.0,sigma,computed,/home/lkoo/projects/AutomationDetection/DownloadedLC/incremental/quiescent_background_cache.csv,,,,,,False,not_in_flare_streak
4FGL J0538.8-4405,607,608,59135.00001157408,1.09e-07,3.16e-08,1.19e-07,1.9663055489964582e-07,1.371547932618683e-07,1.3662529373152041e-09,1.371547932618683e-07,1.3662529373152041e-09,2.58542e-07,2.58542e-07,1.371547932618683e-07,False,False,False,0,False,,,-0.8901428694042821,3.0,False,False,,,weekly,10.0,sigma,computed,/home/lkoo/projects/AutomationDetection/DownloadedLC/incremental/quiescent_background_cache.csv,,,,,,False,not_in_flare_streak
4FGL J0538.8-4405,608,609,59142.00001157408,1.82e-07,3.49e-08,1.09e-07,1.9663055489964582e-07,1.371547932618683e-07,1.3662529373152041e-09,1.371547932618683e-07,1.3662529373152041e-09,2.58542e-07,2.58542e-07,1.371547932618683e-07,True,True,False,0,False,,,1.2839794465543817,3.0,False,False,,,weekly,10.0,sigma,computed,/home/lkoo/projects/AutomationDetection/DownloadedLC/incremental/quiescent_background_cache.csv,,,,,,False,not_in_flare_streak
4FGL J0538.8-4405,609,610,59149.00001157408,1.29e-07,3.43e-08,1.82e-07,1.9663055489964582e-07,1.371547932618683e-07,1.3662529373152041e-09,1.371547932618683e-07,1.3662529373152041e-09,2.58542e-07,2.58542e-07,1.371547932618683e-07,False,False,False,0,False,,,-0.2375606896569131,3.0,False,False,,,weekly,10.0,sigma,computed,/home/lkoo/projects/AutomationDetection/DownloadedLC/incremental/quiescent_background_cache.csv,,,,,,False,not_in_flare_streak
4FGL J0538.8-4405,610,611,59156.00001157408,7.69e-08,3.35e-08,1.29e-07,1.9663055489964582e-07,1.371547932618683e-07,1.3662529373152041e-09,1.371547932618683e-07,1.3662529373152041e-09,2.58542e-07,2.58542e-07,1.371547932618683e-07,False,False,False,0,False,,,-1.7971565539289964,3.0,False,False,,,weekly,10.0,sigma,computed,/home/lkoo/projects/AutomationDetection/DownloadedLC/incremental/quiescent_background_cache.csv,,,,,,False,not_in_flare_streak
4FGL J0538.8-4405,611,612,59163.00001157408,1.52e-07,3.58e-08,7.69e-08,1.9663055489964582e-07,1.371547932618683e-07,1.3662529373152041e-09,1.371547932618683e-07,1.3662529373152041e-09,2.58542e-07,2.58542e-07,1.371547932618683e-07,True,True,False,0,False,,,0.4143689348466635,3.0,False,False,,,weekly,10.0,sigma,computed,/home/lkoo/projects/AutomationDetection/DownloadedLC/incremental/quiescent_background_cache.csv,,,,,,False,not_in_flare_streak
4FGL J0538.8-4405,612,613,59170.00001157408,9.78e-08,2.87e-08,1.52e-07,1.9663055489964582e-07,1.371547932618683e-07,1.3662529373152041e-09,1.371547932618683e-07,1.3662529373152041e-09,2.58542e-07,2.58542e-07,1.371547932618683e-07,False,False,False,0,False,,,-1.3696960270320842,3.0,False,False,,,weekly,10.0,sigma,computed,/home/lkoo/projects/AutomationDetection/DownloadedLC/incremental/quiescent_background_cache.csv,,,,,,False,not_in_flare_streak
4FGL J0538.8-4405,613,614,59177.00001157408,4.45e-08,1.85e-08,9.78e-08,1.9663055489964582e-07,1.371547932618683e-07,1.3662529373152041e-09,1.371547932618683e-07,1.3662529373152041e-09,2.58542e-07,2.58542e-07,1.371547932618683e-07,False,False,False,0,False,,,-4.994764887438429,3.0,False,False,,,weekly,10.0,sigma,computed,/home/lkoo/projects/AutomationDetection/DownloadedLC/incremental/quiescent_background_cache.csv,,,,,,False,not_in_flare_streak
4FGL J0538.8-4405,614,615,59184.00001157408,5.25e-08,2.2e-08,4.45e-08,1.9663055489964582e-07,1.371547932618683e-07,1.3662529373152041e-09,1.371547932618683e-07,1.3662529373152041e-09,2.58542e-07,2.58542e-07,1.371547932618683e-07,True,False,False,0,False,,,-3.84054634061207,3.0,False,False,,,weekly,10.0,sigma,computed,/home/lkoo/projects/AutomationDetection/DownloadedLC/incremental/quiescent_background_cache.csv,,,,,,False,not_in_flare_streak
4FGL J0538.8-4405,615,616,59191.00001157408,2.3e-08,1.91e-08,5.25e-08,1.9663055489964582e-07,1.371547932618683e-07,1.3662529373152041e-09,1.371547932618683e-07,1.3662529373152041e-09,2.58542e-07,2.58542e-07,1.371547932618683e-07,False,False,False,0,False,,,-5.961458515230204,3.0,False,False,,,weekly,10.0,sigma,computed,/home/lkoo/projects/AutomationDetection/DownloadedLC/incremental/quiescent_background_cache.csv,,,,,,False,not_in_flare_streak
4FGL J0538.8-4405,616,617,59198.00001157408,1.53e-07,4.02e-08,2.3e-08,1.9663055489964582e-07,1.371547932618683e-07,1.3662529373152041e-09,1.371547932618683e-07,1.3662529373152041e-09,2.58542e-07,2.58542e-07,1.371547932618683e-07,True,True,False,0,False,,,0.39393192683340045,3.0,False,False,,,weekly,10.0,sigma,computed,/home/lkoo/projects/AutomationDetection/DownloadedLC/incremental/quiescent_background_cache.csv,,,,,,False,not_in_flare_streak
4FGL J0538.8-4405,617,618,59205.00001157408,1.03e-07,2.86e-08,1.53e-07,1.9663055489964582e-07,1.371547932618683e-07,1.3662529373152041e-09,1.371547932618683e-07,1.3662529373152041e-09,2.58542e-07,2.58542e-07,1.371547932618683e-07,False,False,False,0,False,,,-1.1928632138704338,3.0,False,False,,,weekly,10.0,sigma,computed,/home/lkoo/projects/AutomationDetection/DownloadedLC/incremental/quiescent_background_cache.csv,,,,,,False,not_in_flare_streak
4FGL J0538.8-4405,618,619,59212.00001157408,8.83e-08,2.79e-08,1.03e-07,1.9663055489964582e-07,1.371547932618683e-07,1.3662529373152041e-09,1.371547932618683e-07,1.3662529373152041e-09,2.58542e-07,2.58542e-07,1.371547932618683e-07,False,False,False,0,False,,,-1.748972074648535,3.0,False,False,,,weekly,10.0,sigma,computed,/home/lkoo/projects/AutomationDetection/DownloadedLC/incremental/quiescent_background_cache.csv,,,,,,False,not_in_flare_streak
4FGL J0538.8-4405,619,620,59219.00001157408,9.27e-08,3.17e-08,8.83e-08,1.9663055489964582e-07,1.371547932618683e-07,1.3662529373152041e-09,1.371547932618683e-07,1.3662529373152041e-09,2.58542e-07,2.58542e-07,1.371547932618683e-07,True,False,False,0,False,,,-1.4010587347772394,3.0,False,False,,,weekly,10.0,sigma,computed,/home/lkoo/projects/AutomationDetection/DownloadedLC/incremental/quiescent_background_cache.csv,,,,,,False,not_in_flare_streak
4FGL J0538.8-4405,620,621,59226.00001157408,9.46e-08,3.71e-08,9.27e-08,1.9663055489964582e-07,1.371547932618683e-07,1.3662529373152041e-09,1.371547932618683e-07,1.3662529373152041e-09,2.58542e-07,2.58542e-07,1.371547932618683e-07,True,False,False,0,False,,,-1.14625247423642,3.0,False,False,,,weekly,10.0,sigma,computed,/home/lkoo/projects/AutomationDetection/DownloadedLC/incremental/quiescent_background_cache.csv,,,,,,False,not_in_flare_streak
4FGL J0538.8-4405,621,622,59233.00001157408,1.14e-07,2.79e-08,9.46e-08,1.9663055489964582e-07,1.371547932618683e-07,1.3662529373152041e-09,1.371547932618683e-07,1.3662529373152041e-09,2.58542e-07,2.58542e-07,1.371547932618683e-07,True,False,False,0,False,,,-0.8289276057765278,3.0,False,False,,,weekly,10.0,sigma,computed,/home/lkoo/projects/AutomationDetection/DownloadedLC/incremental/quiescent_background_cache.csv,,,,,,False,not_in_flare_streak
4FGL J0538.8-4405,622,623,59240.00001157408,1.33e-07,3.05e-08,1.14e-07,1.9663055489964582e-07,1.371547932618683e-07,1.3662529373152041e-09,1.371547932618683e-07,1.3662529373152041e-09,2.58542e-07,2.58542e-07,1.371547932618683e-07,True,False,False,0,False,,,-0.13608626243098798,3.0,False,False,,,weekly,10.0,sigma,computed,/home/lkoo/projects/AutomationDetection/DownloadedLC/incremental/quiescent_background_cache.csv,,,,,,False,not_in_flare_streak
4FGL J0538.8-4405,623,624,59247.00001157408,9.09e-08,2.48e-08,1.33e-07,1.9663055489964582e-07,1.371547932618683e-07,1.3662529373152041e-09,1.371547932618683e-07,1.3662529373152041e-09,2.58542e-07,2.58542e-07,1.371547932618683e-07,False,False,False,0,False,,,-1.8622887483076251,3.0,False,False,,,weekly,10.0,sigma,computed,/home/lkoo/projects/AutomationDetection/DownloadedLC/incremental/quiescent_background_cache.csv,,,,,,False,not_in_flare_streak
4FGL J0538.8-4405,624,625,59254.00001157408,4.87e-08,2.07e-08,9.09e-08,1.9663055489964582e-07,1.371547932618683e-07,1.3662529373152041e-09,1.371547932618683e-07,1.3662529373152041e-09,2.58542e-07,2.58542e-07,1.371547932618683e-07,False,False,False,0,False,,,-4.263901015232346,3.0,False,False,,,weekly,10.0,sigma,computed,/home/lkoo/projects/AutomationDetection/DownloadedLC/incremental/quiescent_background_cache.csv,,,,,,False,not_in_flare_streak
4FGL J0538.8-4405,625,626,59261.00001157408,4.12e-08,1.94e-08,4.87e-08,1.9663055489964582e-07,1.371547932618683e-07,1.3662529373152041e-09,1.371547932618683e-07,1.3662529373152041e-09,2.58542e-07,2.58542e-07,1.371547932618683e-07,False,False,False,0,False,,,-4.933903063765161,3.0,False,False,,,weekly,10.0,sigma,computed,/home/lkoo/projects/AutomationDetection/DownloadedLC/incremental/quiescent_background_cache.csv,,,,,,False,not_in_flare_streak
4FGL J0538.8-4405,626,627,59268.00001157408,7.69e-08,3.99e-08,4.12e-08,1.9663055489964582e-07,1.371547932618683e-07,1.3662529373152041e-09,1.371547932618683e-07,1.3662529373152041e-09,2.58542e-07,2.58542e-07,1.371547932618683e-07,True,False,False,0,False,,,-1.50926064240937,3.0,False,False,,,weekly,10.0,sigma,computed,/home/lkoo/projects/AutomationDetection/DownloadedLC/incremental/quiescent_background_cache.csv,,,,,,False,not_in_flare_streak
4FGL J0538.8-4405,627,628,59275.00001157408,9.93e-08,3.77e-08,7.69e-08,1.9663055489964582e-07,1.371547932618683e-07,1.3662529373152041e-09,1.371547932618683e-07,1.3662529373152041e-09,2.58542e-07,2.58542e-07,1.371547932618683e-07,True,False,False,0,False,,,-1.0034472010449882,3.0,False,False,,,weekly,10.0,sigma,computed,/home/lkoo/projects/AutomationDetection/DownloadedLC/incremental/quiescent_background_cache.csv,,,,,,False,not_in_flare_streak
4FGL J0538.8-4405,628,629,59282.00001157408,1.2e-07,2.95e-08,9.93e-08,1.9663055489964582e-07,1.371547932618683e-07,1.3662529373152041e-09,1.371547932618683e-07,1.3662529373152041e-09,2.58542e-07,2.58542e-07,1.371547932618683e-07,True,False,False,0,False,,,-0.5808957517506225,3.0,False,False,,,weekly,10.0,sigma,computed,/home/lkoo/projects/AutomationDetection/DownloadedLC/incremental/quiescent_background_cache.csv,,,,,,False,not_in_flare_streak
4FGL J0538.8-4405,629,630,59289.00001157408,1.68e-07,2.58e-08,1.2e-07,1.9663055489964582e-07,1.371547932618683e-07,1.3662529373152041e-09,1.371547932618683e-07,1.3662529373152041e-09,2.58542e-07,2.58542e-07,1.371547932618683e-07,True,True,False,0,False,,,1.1938778313324807,3.0,False,False,,,weekly,10.0,sigma,computed,/home/lkoo/projects/AutomationDetection/DownloadedLC/incremental/quiescent_background_cache.csv,,,,,,False,not_in_flare_streak
4FGL J0538.8-4405,630,631,59296.00001157408,1.39e-07,3.06e-08,1.68e-07,1.9663055489964582e-07,1.371547932618683e-07,1.3662529373152041e-09,1.371547932618683e-07,1.3662529373152041e-09,2.58542e-07,2.58542e-07,1.371547932618683e-07,False,True,False,0,False,,,0.06024085818339285,3.0,False,False,,,weekly,10.0,sigma,computed,/home/lkoo/projects/AutomationDetection/DownloadedLC/incremental/quiescent_background_cache.csv,,,,,,False,not_in_flare_streak
4FGL J0538.8-4405,631,632,59303.00001157408,9.51e-08,3.32e-08,1.39e-07,1.9663055489964582e-07,1.371547932618683e-07,1.3662529373152041e-09,1.371547932618683e-07,1.3662529373152041e-09,2.58542e-07,2.58542e-07,1.371547932618683e-07,False,False,False,0,False,,,-1.2656394114918104,3.0,False,False,,,weekly,10.0,sigma,computed,/home/lkoo/projects/AutomationDetection/DownloadedLC/incremental/quiescent_background_cache.csv,,,,,,False,not_in_flare_streak
4FGL J0538.8-4405,632,633,59310.00001157408,1.69e-07,4.14e-08,9.51e-08,1.9663055489964582e-07,1.371547932618683e-07,1.3662529373152041e-09,1.371547932618683e-07,1.3662529373152041e-09,2.58542e-07,2.58542e-07,1.371547932618683e-07,True,True,False,0,False,,,0.7687893678948741,3.0,False,False,,,weekly,10.0,sigma,computed,/home/lkoo/projects/AutomationDetection/DownloadedLC/incremental/quiescent_background_cache.csv,,,,,,False,not_in_flare_streak
4FGL J0538.8-4405,633,634,59317.00001157408,1.5e-07,4.42e-08,1.69e-07,1.9663055489964582e-07,1.371547932618683e-07,1.3662529373152041e-09,1.371547932618683e-07,1.3662529373152041e-09,2.58542e-07,2.58542e-07,1.371547932618683e-07,False,True,False,0,False,,,0.29047679906125445,3.0,False,False,,,weekly,10.0,sigma,computed,/home/lkoo/projects/AutomationDetection/DownloadedLC/incremental/quiescent_background_cache.csv,,,,,,False,not_in_flare_streak
4FGL J0538.8-4405,634,635,59324.00001157408,7.57e-08,2.67e-08,1.5e-07,1.9663055489964582e-07,1.371547932618683e-07,1.3662529373152041e-09,1.371547932618683e-07,1.3662529373152041e-09,2.58542e-07,2.58542e-07,1.371547932618683e-07,False,False,False,0,False,,,-2.298670173036228,3.0,False,False,,,weekly,10.0,sigma,computed,/home/lkoo/projects/AutomationDetection/DownloadedLC/incremental/quiescent_background_cache.csv,,,,,,False,not_in_flare_streak
4FGL J0538.8-4405,635,636,59331.00001157408,4.95e-08,1.92e-08,7.57e-08,1.9663055489964582e-07,1.371547932618683e-07,1.3662529373152041e-09,1.371547932618683e-07,1.3662529373152041e-09,2.58542e-07,2.58542e-07,1.371547932618683e-07,False,False,False,0,False,,,-4.553838954737442,3.0,False,False,,,weekly,10.0,sigma,computed,/home/lkoo/projects/AutomationDetection/DownloadedLC/incremental/quiescent_background_cache.csv,,,,,,False,not_in_flare_streak
4FGL J0538.8-4405,636,637,59338.00001157408,1.17e-07,2.77e-08,4.95e-08,1.9663055489964582e-07,1.371547932618683e-07,1.3662529373152041e-09,1.371547932618683e-07,1.3662529373152041e-09,2.58542e-07,2.58542e-07,1.371547932618683e-07,True,False,False,0,False,,,-0.7267264196012088,3.0,False,False,,,weekly,10.0,sigma,computed,/home/lkoo/projects/AutomationDetection/DownloadedLC/incremental/quiescent_background_cache.csv,,,,,,False,not_in_flare_streak
4FGL J0538.8-4405,637,638,59345.00001157408,1.38e-07,3.31e-08,1.17e-07,1.9663055489964582e-07,1.371547932618683e-07,1.3662529373152041e-09,1.371547932618683e-07,1.3662529373152041e-09,2.58542e-07,2.58542e-07,1.371547932618683e-07,True,True,False,0,False,,,0.025513221926855022,3.0,False,False,,,weekly,10.0,sigma,computed,/home/lkoo/projects/AutomationDetection/DownloadedLC/incremental/quiescent_background_cache.csv,,,,,,False,not_in_flare_streak
4FGL J0538.8-4405,638,639,59352.00001157408,1.4e-07,3.13e-08,1.38e-07,1.9663055489964582e-07,1.371547932618683e-07,1.3662529373152041e-09,1.371547932618683e-07,1.3662529373152041e-09,2.58542e-07,2.58542e-07,1.371547932618683e-07,True,True,False,0,False,,,0.09081469826481121,3.0,False,False,,,weekly,10.0,sigma,computed,/home/lkoo/projects/AutomationDetection/DownloadedLC/incremental/quiescent_background_cache.csv,,,,,,False,not_in_flare_streak
4FGL J0538.8-4405,639,640,59359.00001157408,1.34e-07,3.4e-08,1.4e-07,1.9663055489964582e-07,1.371547932618683e-07,1.3662529373152041e-09,1.371547932618683e-07,1.3662529373152041e-09,2.58542e-07,2.58542e-07,1.371547932618683e-07,False,False,False,0,False,,,-0.09271321313342425,3.0,False,False,,,weekly,10.0,sigma,computed,/home/lkoo/projects/AutomationDetection/DownloadedLC/incremental/quiescent_background_cache.csv,,,,,,False,not_in_flare_streak
4FGL J0538.8-4405,640,641,59366.00001157408,1.47e-07,3.54e-08,1.34e-07,1.9663055489964582e-07,1.371547932618683e-07,1.3662529373152041e-09,1.371547932618683e-07,1.3662529373152041e-09,2.58542e-07,2.58542e-07,1.371547932618683e-07,True,True,False,0,False,,,0.2779062837697635,3.0,False,False,,,weekly,10.0,sigma,computed,/home/lkoo/projects/AutomationDetection/DownloadedLC/incremental/quiescent_background_cache.csv,,,,,,False,not_in_flare_streak
4FGL J0538.8-4405,641,642,59373.00001157408,2.15e-07,3.58e-08,1.47e-07,1.9663055489964582e-07,1.371547932618683e-07,1.3662529373152041e-09,1.371547932618683e-07,1.3662529373152041e-09,2.58542e-07,2.58542e-07,1.371547932618683e-07,True,True,False,0,False,,,2.1728653543195793,3.0,False,False,,,weekly,10.0,sigma,computed,/home/lkoo/projects/AutomationDetection/DownloadedLC/incremental/quiescent_background_cache.csv,,,,,,False,not_in_flare_streak
4FGL J0538.8-4405,642,643,59380.00001157408,2.03e-07,3.33e-08,2.15e-07,1.9663055489964582e-07,1.371547932618683e-07,1.3662529373152041e-09,1.371547932618683e-07,1.3662529373152041e-09,2.58542e-07,2.58542e-07,1.371547932618683e-07,False,True,False,0,False,,,1.9756713642699375,3.0,False,False,,,weekly,10.0,sigma,computed,/home/lkoo/projects/AutomationDetection/DownloadedLC/incremental/quiescent_background_cache.csv,,,,,,False,not_in_flare_streak
4FGL J0538.8-4405,643,644,59387.00001157408,2.3e-07,4.05e-08,2.03e-07,1.9663055489964582e-07,1.371547932618683e-07,1.3662529373152041e-09,1.371547932618683e-07,1.3662529373152041e-09,2.58542e-07,2.58542e-07,1.371547932618683e-07,True,True,False,0,False,,,2.291170905159704,3.0,False,False,,,weekly,10.0,sigma,computed,/home/lkoo/projects/AutomationDetection/DownloadedLC/incremental/quiescent_background_cache.csv,,,,,,False,not_in_flare_streak
4FGL J0538.8-4405,644,645,59394.00001157408,2.38e-07,3.41e-08,2.3e-07,1.9663055489964582e-07,1.371547932618683e-07,1.3662529373152041e-09,1.371547932618683e-07,1.3662529373152041e-09,2.58542e-07,2.58542e-07,1.371547932618683e-07,True,True,False,0,False,,,2.9549666031445474,3.0,False,False,,,weekly,10.0,sigma,computed,/home/lkoo/projects/AutomationDetection/DownloadedLC/incremental/quiescent_background_cache.csv,,,,,,False,not_in_flare_streak
4FGL J0538.8-4405,645,646,59401.00001157408,2.34e-07,3.37e-08,2.38e-07,1.9663055489964582e-07,1.371547932618683e-07,1.3662529373152041e-09,1.371547932618683e-07,1.3662529373152041e-09,2.58542e-07,2.58542e-07,1.371547932618683e-07,False,True,False,0,False,,,2.8713862365536396,3.0,False,False,,,weekly,10.0,sigma,computed,/home/lkoo/projects/AutomationDetection/DownloadedLC/incremental/quiescent_background_cache.csv,,,,,,False,not_in_flare_streak
4FGL J0538.8-4405,646,647,59408.00001157408,1.59e-07,3.2e-08,2.34e-07,1.9663055489964582e-07,1.371547932618683e-07,1.3662529373152041e-09,1.371547932618683e-07,1.3662529373152041e-09,2.58542e-07,2.58542e-07,1.371547932618683e-07,False,True,False,0,False,,,0.6820413478576459,3.0,False,False,,,weekly,10.0,sigma,computed,/home/lkoo/projects/AutomationDetection/DownloadedLC/incremental/quiescent_background_cache.csv,,,,,,False,not_in_flare_streak
4FGL J0538.8-4405,647,648,59415.00001157408,1.54e-07,2.94e-08,1.59e-07,1.9663055489964582e-07,1.371547932618683e-07,1.3662529373152041e-09,1.371547932618683e-07,1.3662529373152041e-09,2.58542e-07,2.58542e-07,1.371547932618683e-07,False,True,False,0,False,,,0.5723485351358758,3.0,False,False,,,weekly,10.0,sigma,computed,/home/lkoo/projects/AutomationDetection/DownloadedLC/incremental/quiescent_background_cache.csv,,,,,,False,not_in_flare_streak
4FGL J0538.8-4405,648,649,59422.00001157408,1.69e-07,3.5e-08,1.54e-07,1.9663055489964582e-07,1.371547932618683e-07,1.3662529373152041e-09,1.371547932618683e-07,1.3662529373152041e-09,2.58542e-07,2.58542e-07,1.371547932618683e-07,True,True,False,0,False,,,0.9091706191818096,3.0,False,False,,,weekly,10.0,sigma,computed,/home/lkoo/projects/AutomationDetection/DownloadedLC/incremental/quiescent_background_cache.csv,,,,,,False,not_in_flare_streak
4FGL J0538.8-4405,649,650,59429.00001157408,2.9e-07,4.73e-08,1.69e-07,1.9663055489964582e-07,1.371547932618683e-07,1.3662529373152041e-09,1.371547932618683e-07,1.3662529373152041e-09,2.58542e-07,2.58542e-07,1.371547932618683e-07,True,True,False,0,False,,,3.2300525292607167,3.0,True,True,59429.00001157408,59429.00001157408,weekly,10.0,sigma,computed,/home/lkoo/projects/AutomationDetection/DownloadedLC/incremental/quiescent_background_cache.csv,,,,,,False,not_in_flare_streak
4FGL J0538.8-4405,650,651,59436.00001157408,1.08e-07,3.07e-08,2.9e-07,1.9663055489964582e-07,1.371547932618683e-07,1.3662529373152041e-09,1.371547932618683e-07,1.3662529373152041e-09,2.58542e-07,2.58542e-07,1.371547932618683e-07,False,False,False,0,False,,,-0.9487284963153811,3.0,False,False,,,weekly,10.0,sigma,computed,/home/lkoo/projects/AutomationDetection/DownloadedLC/incremental/quiescent_background_cache.csv,,,,,,False,not_in_flare_streak
4FGL J0538.8-4405,651,652,59443.00001157408,2.18e-07,3.78e-08,1.08e-07,1.9663055489964582e-07,1.371547932618683e-07,1.3662529373152041e-09,1.371547932618683e-07,1.3662529373152041e-09,2.58542e-07,2.58542e-07,1.371547932618683e-07,True,True,False,0,False,,,2.1373664031048367,3.0,False,False,,,weekly,10.0,sigma,computed,/home/lkoo/projects/AutomationDetection/DownloadedLC/incremental/quiescent_background_cache.csv,,,,,,False,not_in_flare_streak
4FGL J0538.8-4405,652,653,59450.00001157408,2.83e-07,3.75e-08,2.18e-07,1.9663055489964582e-07,1.371547932618683e-07,1.3662529373152041e-09,1.371547932618683e-07,1.3662529373152041e-09,2.58542e-07,2.58542e-07,1.371547932618683e-07,True,True,False,0,False,,,3.88662682690091,3.0,True,True,59450.00001157408,59450.00001157408,weekly,10.0,sigma,computed,/home/lkoo/projects/AutomationDetection/DownloadedLC/incremental/quiescent_background_cache.csv,,,,,,False,not_in_flare_streak
4FGL J0538.8-4405,653,654,59457.00001157408,2.25e-07,3.69e-08,2.83e-07,1.9663055489964582e-07,1.371547932618683e-07,1.3662529373152041e-09,1.371547932618683e-07,1.3662529373152041e-09,2.58542e-07,2.58542e-07,1.371547932618683e-07,False,True,False,0,False,,,2.3789987687646996,3.0,False,True,59450.00001157408,59457.00001157408,weekly,10.0,sigma,computed,/home/lkoo/projects/AutomationDetection/DownloadedLC/incremental/quiescent_background_cache.csv,,,,,,False,not_in_flare_streak
4FGL J0538.8-4405,654,655,59464.00001157408,1.28e-07,3.08e-08,2.25e-07,1.9663055489964582e-07,1.371547932618683e-07,1.3662529373152041e-09,1.371547932618683e-07,1.3662529373152041e-09,2.58542e-07,2.58542e-07,1.371547932618683e-07,False,False,False,0,False,,,-0.29694154382206617,3.0,False,False,,,weekly,10.0,sigma,computed,/home/lkoo/projects/AutomationDetection/DownloadedLC/incremental/quiescent_background_cache.csv,,,,,,False,not_in_flare_streak
4FGL J0538.8-4405,655,656,59471.00001157408,1.36e-07,3.69e-08,1.28e-07,1.9663055489964582e-07,1.371547932618683e-07,1.3662529373152041e-09,1.371547932618683e-07,1.3662529373152041e-09,2.58542e-07,2.58542e-07,1.371547932618683e-07,True,False,False,0,False,,,-0.03127378089452391,3.0,False,False,,,weekly,10.0,sigma,computed,/home/lkoo/projects/AutomationDetection/DownloadedLC/incremental/quiescent_background_cache.csv,,,,,,False,not_in_flare_streak
4FGL J0538.8-4405,656,657,59478.00001157408,2.5e-07,5.43e-08,1.36e-07,1.9663055489964582e-07,1.371547932618683e-07,1.3662529373152041e-09,1.371547932618683e-07,1.3662529373152041e-09,2.58542e-07,2.58542e-07,1.371547932618683e-07,True,True,False,0,False,,,2.077523081803149,3.0,False,False,,,weekly,10.0,sigma,computed,/home/lkoo/projects/AutomationDetection/DownloadedLC/incremental/quiescent_background_cache.csv,,,,,,False,not_in_flare_streak
4FGL J0538.8-4405,657,658,59485.00001157408,1.98e-07,4.07e-08,2.5e-07,1.9663055489964582e-07,1.371547932618683e-07,1.3662529373152041e-09,1.371547932618683e-07,1.3662529373152041e-09,2.58542e-07,2.58542e-07,1.371547932618683e-07,False,True,False,0,False,,,1.4941266191311455,3.0,False,False,,,weekly,10.0,sigma,computed,/home/lkoo/projects/AutomationDetection/DownloadedLC/incremental/quiescent_background_cache.csv,,,,,,False,not_in_flare_streak
4FGL J0538.8-4405,658,659,59492.00001157408,2.04e-07,3.1e-08,1.98e-07,1.9663055489964582e-07,1.371547932618683e-07,1.3662529373152041e-09,1.371547932618683e-07,1.3662529373152041e-09,2.58542e-07,2.58542e-07,1.371547932618683e-07,True,True,False,0,False,,,2.1542058410383222,3.0,False,False,,,weekly,10.0,sigma,computed,/home/lkoo/projects/AutomationDetection/DownloadedLC/incremental/quiescent_background_cache.csv,,,,,,False,not_in_flare_streak
4FGL J0538.8-4405,659,660,59499.00001157408,2.55e-07,3.86e-08,2.04e-07,1.9663055489964582e-07,1.371547932618683e-07,1.3662529373152041e-09,1.371547932618683e-07,1.3662529373152041e-09,2.58542e-07,2.58542e-07,1.371547932618683e-07,True,True,False,0,False,,,3.0510740101861638,3.0,True,True,59499.00001157408,59499.00001157408,weekly,10.0,sigma,computed,/home/lkoo/projects/AutomationDetection/DownloadedLC/incremental/quiescent_background_cache.csv,,,,,,False,not_in_flare_streak
4FGL J0538.8-4405,660,661,59506.00001157408,1.86e-07,3.26e-08,2.55e-07,1.9663055489964582e-07,1.371547932618683e-07,1.3662529373152041e-09,1.371547932618683e-07,1.3662529373152041e-09,2.58542e-07,2.58542e-07,1.371547932618683e-07,False,True,False,0,False,,,1.4970051211097393,3.0,False,True,59499.00001157408,59506.00001157408,weekly,10.0,sigma,computed,/home/lkoo/projects/AutomationDetection/DownloadedLC/incremental/quiescent_background_cache.csv,,,,,,False,not_in_flare_streak
4FGL J0538.8-4405,661,662,59513.00001157408,2.49e-07,3.76e-08,1.86e-07,1.9663055489964582e-07,1.371547932618683e-07,1.3662529373152041e-09,1.371547932618683e-07,1.3662529373152041e-09,2.58542e-07,2.58542e-07,1.371547932618683e-07,True,True,False,0,False,,,2.9726447552717095,3.0,False,True,59499.00001157408,59513.00001157408,weekly,10.0,sigma,computed,/home/lkoo/projects/AutomationDetection/DownloadedLC/incremental/quiescent_background_cache.csv,,,,,,False,not_in_flare_streak
4FGL J0538.8-4405,662,663,59520.00001157408,2.66e-07,4.55e-08,2.49e-07,1.9663055489964582e-07,1.371547932618683e-07,1.3662529373152041e-09,1.371547932618683e-07,1.3662529373152041e-09,2.58542e-07,2.58542e-07,1.371547932618683e-07,True,True,False,0,False,,,2.8304870144339276,3.0,False,True,59499.00001157408,59520.00001157408,weekly,10.0,sigma,computed,/home/lkoo/projects/AutomationDetection/DownloadedLC/incremental/quiescent_background_cache.csv,,,,,,False,not_in_flare_streak
4FGL J0538.8-4405,663,664,59527.00001157408,3.66e-07,5.01e-08,2.66e-07,1.9663055489964582e-07,1.371547932618683e-07,1.3662529373152041e-09,1.371547932618683e-07,1.3662529373152041e-09,2.58542e-07,2.58542e-07,1.371547932618683e-07,True,True,False,0,False,,,4.566071062657048,3.0,True,True,59499.00001157408,59527.00001157408,weekly,10.0,sigma,computed,/home/lkoo/projects/AutomationDetection/DownloadedLC/incremental/quiescent_background_cache.csv,,,,,,False,not_in_flare_streak
4FGL J0538.8-4405,664,665,59534.00001157408,3.22e-07,4.34e-08,3.66e-07,1.9663055489964582e-07,1.371547932618683e-07,1.3662529373152041e-09,1.371547932618683e-07,1.3662529373152041e-09,2.58542e-07,2.58542e-07,1.371547932618683e-07,False,True,False,0,False,,,4.256997282022256,3.0,True,True,59499.00001157408,59534.00001157408,weekly,10.0,sigma,computed,/home/lkoo/projects/AutomationDetection/DownloadedLC/incremental/quiescent_background_cache.csv,,,,,,False,not_in_flare_streak
4FGL J0538.8-4405,665,666,59541.00001157408,4.18e-07,3.8e-08,3.22e-07,1.9663055489964582e-07,1.371547932618683e-07,1.3662529373152041e-09,1.371547932618683e-07,1.3662529373152041e-09,2.58542e-07,2.58542e-07,1.371547932618683e-07,True,True,False,0,False,,,7.385891036273537,3.0,True,True,59499.00001157408,59541.00001157408,weekly,10.0,sigma,computed,/home/lkoo/projects/AutomationDetection/DownloadedLC/incremental/quiescent_background_cache.csv,,,,,,False,not_in_flare_streak
4FGL J0538.8-4405,666,667,59548.00001157408,3.52e-07,3.87e-08,4.18e-07,1.9663055489964582e-07,1.371547932618683e-07,1.3662529373152041e-09,1.371547932618683e-07,1.3662529373152041e-09,2.58542e-07,2.58542e-07,1.371547932618683e-07,False,True,False,0,False,,,5.548099367325433,3.0,True,True,59499.00001157408,59548.00001157408,weekly,10.0,sigma,computed,/home/lkoo/projects/AutomationDetection/DownloadedLC/incremental/quiescent_background_cache.csv,,,,,,False,not_in_flare_streak
4FGL J0538.8-4405,667,668,59555.00001157408,3.22e-07,3.8e-08,3.52e-07,1.9663055489964582e-07,1.371547932618683e-07,1.3662529373152041e-09,1.371547932618683e-07,1.3662529373152041e-09,2.58542e-07,2.58542e-07,1.371547932618683e-07,False,True,False,0,False,,,4.8612065393670445,3.0,True,True,59499.00001157408,59555.00001157408,weekly,10.0,sigma,computed,/home/lkoo/projects/AutomationDetection/DownloadedLC/incremental/quiescent_background_cache.csv,,,,,,False,not_in_flare_streak
4FGL J0538.8-4405,668,669,59562.00001157408,3.52e-07,4.18e-08,3.22e-07,1.9663055489964582e-07,1.371547932618683e-07,1.3662529373152041e-09,1.371547932618683e-07,1.3662529373152041e-09,2.58542e-07,2.58542e-07,1.371547932618683e-07,True,True,False,0,False,,,5.137094131674005,3.0,True,True,59499.00001157408,59562.00001157408,weekly,10.0,sigma,computed,/home/lkoo/projects/AutomationDetection/DownloadedLC/incremental/quiescent_background_cache.csv,,,,,,False,not_in_flare_streak
4FGL J0538.8-4405,669,670,59569.00001157408,2.47e-07,3.9e-08,3.52e-07,1.9663055489964582e-07,1.371547932618683e-07,1.3662529373152041e-09,1.371547932618683e-07,1.3662529373152041e-09,2.58542e-07,2.58542e-07,1.371547932618683e-07,False,True,False,0,False,,,2.814817050167465,3.0,False,True,59499.00001157408,59569.00001157408,weekly,10.0,sigma,computed,/home/lkoo/projects/AutomationDetection/DownloadedLC/incremental/quiescent_background_cache.csv,,,,,,False,not_in_flare_streak
4FGL J0538.8-4405,670,671,59576.00001157408,3.17e-07,3.55e-08,2.47e-07,1.9663055489964582e-07,1.371547932618683e-07,1.3662529373152041e-09,1.371547932618683e-07,1.3662529373152041e-09,2.58542e-07,2.58542e-07,1.371547932618683e-07,True,True,False,0,False,,,5.062314469492455,3.0,True,True,59499.00001157408,59576.00001157408,weekly,10.0,sigma,computed,/home/lkoo/projects/AutomationDetection/DownloadedLC/incremental/quiescent_background_cache.csv,,,,,,False,not_in_flare_streak
4FGL J0538.8-4405,671,672,59583.00001157408,4.32e-07,4.75e-08,3.17e-07,1.9663055489964582e-07,1.371547932618683e-07,1.3662529373152041e-09,1.371547932618683e-07,1.3662529373152041e-09,2.58542e-07,2.58542e-07,1.371547932618683e-07,True,True,False,0,False,,,6.20470139542307,3.0,True,True,59499.00001157408,59583.00001157408,weekly,10.0,sigma,computed,/home/lkoo/projects/AutomationDetection/DownloadedLC/incremental/quiescent_background_cache.csv,,,,,,False,not_in_flare_streak
4FGL J0538.8-4405,672,673,59590.00001157408,4.16e-07,5.25e-08,4.32e-07,1.9663055489964582e-07,1.371547932618683e-07,1.3662529373152041e-09,1.371547932618683e-07,1.3662529373152041e-09,2.58542e-07,2.58542e-07,1.371547932618683e-07,False,True,False,0,False,,,5.309539655009142,3.0,True,True,59499.00001157408,59590.00001157408,weekly,10.0,sigma,computed,/home/lkoo/projects/AutomationDetection/DownloadedLC/incremental/quiescent_background_cache.csv,,,,,,False,not_in_flare_streak
4FGL J0538.8-4405,673,674,59597.00001157408,4.35e-07,5.05e-08,4.16e-07,1.9663055489964582e-07,1.371547932618683e-07,1.3662529373152041e-09,1.371547932618683e-07,1.3662529373152041e-09,2.58542e-07,2.58542e-07,1.371547932618683e-07,True,True,False,0,False,,,5.89576758675414,3.0,True,True,59499.00001157408,59597.00001157408,weekly,10.0,sigma,computed,/home/lkoo/projects/AutomationDetection/DownloadedLC/incremental/quiescent_background_cache.csv,,,,,,False,not_in_flare_streak
4FGL J0538.8-4405,674,675,59604.00001157408,3.14e-07,3.97e-08,4.35e-07,1.9663055489964582e-07,1.371547932618683e-07,1.3662529373152041e-09,1.371547932618683e-07,1.3662529373152041e-09,2.58542e-07,2.58542e-07,1.371547932618683e-07,False,True,False,0,False,,,4.451903679688873,3.0,True,True,59499.00001157408,59604.00001157408,weekly,10.0,sigma,computed,/home/lkoo/projects/AutomationDetection/DownloadedLC/incremental/quiescent_background_cache.csv,,,,,,False,not_in_flare_streak
4FGL J0538.8-4405,675,676,59611.00001157408,3.08e-07,3.64e-08,3.14e-07,1.9663055489964582e-07,1.371547932618683e-07,1.3662529373152041e-09,1.371547932618683e-07,1.3662529373152041e-09,2.58542e-07,2.58542e-07,1.371547932618683e-07,False,True,False,0,False,,,4.6902469116871535,3.0,True,True,59499.00001157408,59611.00001157408,weekly,10.0,sigma,computed,/home/lkoo/projects/AutomationDetection/DownloadedLC/incremental/quiescent_background_cache.csv,,,,,,False,not_in_flare_streak
4FGL J0538.8-4405,676,677,59618.00001157408,2.47e-07,3.05e-08,3.08e-07,1.9663055489964582e-07,1.371547932618683e-07,1.3662529373152041e-09,1.371547932618683e-07,1.3662529373152041e-09,2.58542e-07,2.58542e-07,1.371547932618683e-07,False,True,False,0,False,,,3.597874235559343,3.0,True,True,59499.00001157408,59618.00001157408,weekly,10.0,sigma,computed,/home/lkoo/projects/AutomationDetection/DownloadedLC/incremental/quiescent_background_cache.csv,,,,,,False,not_in_flare_streak
4FGL J0538.8-4405,677,678,59625.00001157408,2.46e-07,3.54e-08,2.47e-07,1.9663055489964582e-07,1.371547932618683e-07,1.3662529373152041e-09,1.371547932618683e-07,1.3662529373152041e-09,2.58542e-07,2.58542e-07,1.371547932618683e-07,False,True,False,0,False,,,3.0724359290078307,3.0,True,True,59499.00001157408,59625.00001157408,weekly,10.0,sigma,computed,/home/lkoo/projects/AutomationDetection/DownloadedLC/incremental/quiescent_background_cache.csv,,,,,,False,not_in_flare_streak
4FGL J0538.8-4405,678,679,59632.00001157408,2.95e-07,4.44e-08,2.46e-07,1.9663055489964582e-07,1.371547932618683e-07,1.3662529373152041e-09,1.371547932618683e-07,1.3662529373152041e-09,2.58542e-07,2.58542e-07,1.371547932618683e-07,True,True,False,0,False,,,3.5533902996145477,3.0,True,True,59499.00001157408,59632.00001157408,weekly,10.0,sigma,computed,/home/lkoo/projects/AutomationDetection/DownloadedLC/incremental/quiescent_background_cache.csv,,,,,,False,not_in_flare_streak
4FGL J0538.8-4405,679,680,59639.00001157408,3.77e-07,6.16e-08,2.95e-07,1.9663055489964582e-07,1.371547932618683e-07,1.3662529373152041e-09,1.371547932618683e-07,1.3662529373152041e-09,2.58542e-07,2.58542e-07,1.371547932618683e-07,True,True,False,0,False,,,3.8926336900958227,3.0,True,True,59499.00001157408,59639.00001157408,weekly,10.0,sigma,computed,/home/lkoo/projects/AutomationDetection/DownloadedLC/incremental/quiescent_background_cache.csv,,,,,,False,not_in_flare_streak
4FGL J0538.8-4405,680,681,59646.00001157408,3.99e-07,4.89e-08,3.77e-07,1.9663055489964582e-07,1.371547932618683e-07,1.3662529373152041e-09,1.371547932618683e-07,1.3662529373152041e-09,2.58542e-07,2.58542e-07,1.371547932618683e-07,True,True,False,0,False,,,5.352618907923236,3.0,True,True,59499.00001157408,59646.00001157408,weekly,10.0,sigma,computed,/home/lkoo/projects/AutomationDetection/DownloadedLC/incremental/quiescent_background_cache.csv,,,,,,False,not_in_flare_streak
4FGL J0538.8-4405,681,682,59653.00001157408,3.09e-07,4.16e-08,3.99e-07,1.9663055489964582e-07,1.371547932618683e-07,1.3662529373152041e-09,1.371547932618683e-07,1.3662529373152041e-09,2.58542e-07,2.58542e-07,1.371547932618683e-07,False,True,False,0,False,,,4.128668324411324,3.0,True,True,59499.00001157408,59653.00001157408,weekly,10.0,sigma,computed,/home/lkoo/projects/AutomationDetection/DownloadedLC/incremental/quiescent_background_cache.csv,,,,,,False,not_in_flare_streak
4FGL J0538.8-4405,682,683,59660.00001157408,1.86e-07,3.01e-08,3.09e-07,1.9663055489964582e-07,1.371547932618683e-07,1.3662529373152041e-09,1.371547932618683e-07,1.3662529373152041e-09,2.58542e-07,2.58542e-07,1.371547932618683e-07,False,True,False,0,False,,,1.621095236226861,3.0,False,True,59499.00001157408,59660.00001157408,weekly,10.0,sigma,computed,/home/lkoo/projects/AutomationDetection/DownloadedLC/incremental/quiescent_background_cache.csv,,,,,,False,not_in_flare_streak
4FGL J0538.8-4405,683,684,59667.00001157408,2.08e-07,3.15e-08,1.86e-07,1.9663055489964582e-07,1.371547932618683e-07,1.3662529373152041e-09,1.371547932618683e-07,1.3662529373152041e-09,2.58542e-07,2.58542e-07,1.371547932618683e-07,True,True,False,0,False,,,2.246941672008449,3.0,False,True,59499.00001157408,59667.00001157408,weekly,10.0,sigma,computed,/home/lkoo/projects/AutomationDetection/DownloadedLC/incremental/quiescent_background_cache.csv,,,,,,False,not_in_flare_streak
4FGL J0538.8-4405,684,685,59674.00001157408,2.14e-07,3.51e-08,2.08e-07,1.9663055489964582e-07,1.371547932618683e-07,1.3662529373152041e-09,1.371547932618683e-07,1.3662529373152041e-09,2.58542e-07,2.58542e-07,1.371547932618683e-07,True,True,False,0,False,,,2.187665465078953,3.0,False,True,59499.00001157408,59674.00001157408,weekly,10.0,sigma,computed,/home/lkoo/projects/AutomationDetection/DownloadedLC/incremental/quiescent_background_cache.csv,,,,,,False,not_in_flare_streak
4FGL J0538.8-4405,685,686,59681.00001157408,1.57e-07,3.71e-08,2.14e-07,1.9663055489964582e-07,1.371547932618683e-07,1.3662529373152041e-09,1.371547932618683e-07,1.3662529373152041e-09,2.58542e-07,2.58542e-07,1.371547932618683e-07,False,True,False,0,False,,,0.5345488858407864,3.0,False,True,59499.00001157408,59681.00001157408,weekly,10.0,sigma,computed,/home/lkoo/projects/AutomationDetection/DownloadedLC/incremental/quiescent_background_cache.csv,,,,,,False,not_in_flare_streak
4FGL J0538.8-4405,686,687,59688.00001157408,1.54e-07,3.93e-08,1.57e-07,1.9663055489964582e-07,1.371547932618683e-07,1.3662529373152041e-09,1.371547932618683e-07,1.3662529373152041e-09,2.58542e-07,2.58542e-07,1.371547932618683e-07,False,True,False,0,False,,,0.4283724306802983,3.0,False,True,59499.00001157408,59688.00001157408,weekly,10.0,sigma,computed,/home/lkoo/projects/AutomationDetection/DownloadedLC/incremental/quiescent_background_cache.csv,,,,,,False,not_in_flare_streak
4FGL J0538.8-4405,687,688,59695.00001157408,1.45e-07,2.99e-08,1.54e-07,1.9663055489964582e-07,1.371547932618683e-07,1.3662529373152041e-09,1.371547932618683e-07,1.3662529373152041e-09,2.58542e-07,2.58542e-07,1.371547932618683e-07,False,True,False,0,False,,,0.26210800489861596,3.0,False,True,59499.00001157408,59695.00001157408,weekly,10.0,sigma,computed,/home/lkoo/projects/AutomationDetection/DownloadedLC/incremental/quiescent_background_cache.csv,,,,,,False,not_in_flare_streak
4FGL J0538.8-4405,688,689,59702.00001157408,2.15e-07,3.07e-08,1.45e-07,1.9663055489964582e-07,1.371547932618683e-07,1.3662529373152041e-09,1.371547932618683e-07,1.3662529373152041e-09,2.58542e-07,2.58542e-07,1.371547932618683e-07,True,True,False,0,False,,,2.533167197265693,3.0,False,True,59499.00001157408,59702.00001157408,weekly,10.0,sigma,computed,/home/lkoo/projects/AutomationDetection/DownloadedLC/incremental/quiescent_background_cache.csv,,,,,,False,not_in_flare_streak
4FGL J0538.8-4405,689,690,59709.00001157408,1.23e-07,2.66e-08,2.15e-07,1.9663055489964582e-07,1.371547932618683e-07,1.3662529373152041e-09,1.371547932618683e-07,1.3662529373152041e-09,2.58542e-07,2.58542e-07,1.371547932618683e-07,False,False,False,0,False,,,-0.5314345456097471,3.0,False,False,,,weekly,10.0,sigma,computed,/home/lkoo/projects/AutomationDetection/DownloadedLC/incremental/quiescent_background_cache.csv,,,,,,False,not_in_flare_streak
4FGL J0538.8-4405,690,691,59716.00001157408,1.81e-07,3.13e-08,1.23e-07,1.9663055489964582e-07,1.371547932618683e-07,1.3662529373152041e-09,1.371547932618683e-07,1.3662529373152041e-09,2.58542e-07,2.58542e-07,1.371547932618683e-07,True,True,False,0,False,,,1.399472722638192,3.0,False,False,,,weekly,10.0,sigma,computed,/home/lkoo/projects/AutomationDetection/DownloadedLC/incremental/quiescent_background_cache.csv,,,,,,False,not_in_flare_streak
4FGL J0538.8-4405,691,692,59723.00001157408,1.83e-07,3.15e-08,1.81e-07,1.9663055489964582e-07,1.371547932618683e-07,1.3662529373152041e-09,1.371547932618683e-07,1.3662529373152041e-09,2.58542e-07,2.58542e-07,1.371547932618683e-07,True,True,False,0,False,,,1.454036345218339,3.0,False,False,,,weekly,10.0,sigma,computed,/home/lkoo/projects/AutomationDetection/DownloadedLC/incremental/quiescent_background_cache.csv,,,,,,False,not_in_flare_streak
4FGL J0538.8-4405,692,693,59730.00001157408,2.43e-07,3.99e-08,1.83e-07,1.9663055489964582e-07,1.371547932618683e-07,1.3662529373152041e-09,1.371547932618683e-07,1.3662529373152041e-09,2.58542e-07,2.58542e-07,1.371547932618683e-07,True,True,False,0,False,,,2.6512082453470174,3.0,False,False,,,weekly,10.0,sigma,computed,/home/lkoo/projects/AutomationDetection/DownloadedLC/incremental/quiescent_background_cache.csv,,,,,,False,not_in_flare_streak
4FGL J0538.8-4405,693,694,59737.00001157408,2.17e-07,3.44e-08,2.43e-07,1.9663055489964582e-07,1.371547932618683e-07,1.3662529373152041e-09,1.371547932618683e-07,1.3662529373152041e-09,2.58542e-07,2.58542e-07,1.371547932618683e-07,False,True,False,0,False,,,2.319253102365789,3.0,False,False,,,weekly,10.0,sigma,computed,/home/lkoo/projects/AutomationDetection/DownloadedLC/incremental/quiescent_background_cache.csv,,,,,,False,not_in_flare_streak
4FGL J0538.8-4405,694,695,59744.00001157408,1.44e-07,3.09e-08,2.17e-07,1.9663055489964582e-07,1.371547932618683e-07,1.3662529373152041e-09,1.371547932618683e-07,1.3662529373152041e-09,2.58542e-07,2.58542e-07,1.371547932618683e-07,False,True,False,0,False,,,0.22131150053847193,3.0,False,False,,,weekly,10.0,sigma,computed,/home/lkoo/projects/AutomationDetection/DownloadedLC/incremental/quiescent_background_cache.csv,,,,,,False,not_in_flare_streak
4FGL J0538.8-4405,695,696,59751.00001157408,1.69e-07,3.13e-08,1.44e-07,1.9663055489964582e-07,1.371547932618683e-07,1.3662529373152041e-09,1.371547932618683e-07,1.3662529373152041e-09,2.58542e-07,2.58542e-07,1.371547932618683e-07,True,True,False,0,False,,,1.0164508618459829,3.0,False,False,,,weekly,10.0,sigma,computed,/home/lkoo/projects/AutomationDetection/DownloadedLC/incremental/quiescent_background_cache.csv,,,,,,False,not_in_flare_streak
4FGL J0538.8-4405,696,697,59758.00001157408,1.44e-07,3.29e-08,1.69e-07,1.9663055489964582e-07,1.371547932618683e-07,1.3662529373152041e-09,1.371547932618683e-07,1.3662529373152041e-09,2.58542e-07,2.58542e-07,1.371547932618683e-07,False,True,False,0,False,,,0.20788182321036436,3.0,False,False,,,weekly,10.0,sigma,computed,/home/lkoo/projects/AutomationDetection/DownloadedLC/incremental/quiescent_background_cache.csv,,,,,,False,not_in_flare_streak
4FGL J0538.8-4405,697,698,59765.00001157408,1.36e-07,2.89e-08,1.44e-07,1.9663055489964582e-07,1.371547932618683e-07,1.3662529373152041e-09,1.371547932618683e-07,1.3662529373152041e-09,2.58542e-07,2.58542e-07,1.371547932618683e-07,False,False,False,0,False,,,-0.039913666855020555,3.0,False,False,,,weekly,10.0,sigma,computed,/home/lkoo/projects/AutomationDetection/DownloadedLC/incremental/quiescent_background_cache.csv,,,,,,False,not_in_flare_streak
4FGL J0538.8-4405,698,699,59772.00001157408,2.61e-07,3.69e-08,1.36e-07,1.9663055489964582e-07,1.371547932618683e-07,1.3662529373152041e-09,1.371547932618683e-07,1.3662529373152041e-09,2.58542e-07,2.58542e-07,1.371547932618683e-07,True,True,False,0,False,,,3.3539404742448355,3.0,True,True,59772.00001157408,59772.00001157408,weekly,10.0,sigma,computed,/home/lkoo/projects/AutomationDetection/DownloadedLC/incremental/quiescent_background_cache.csv,,,,,,False,not_in_flare_streak
4FGL J0538.8-4405,699,700,59779.00001157408,2.32e-07,3.18e-08,2.61e-07,1.9663055489964582e-07,1.371547932618683e-07,1.3662529373152041e-09,1.371547932618683e-07,1.3662529373152041e-09,2.58542e-07,2.58542e-07,1.371547932618683e-07,False,True,False,0,False,,,2.9798047294366388,3.0,False,True,59772.00001157408,59779.00001157408,weekly,10.0,sigma,computed,/home/lkoo/projects/AutomationDetection/DownloadedLC/incremental/quiescent_background_cache.csv,,,,,,False,not_in_flare_streak
4FGL J0538.8-4405,700,701,59786.00001157408,2.52e-07,3.35e-08,2.32e-07,1.9663055489964582e-07,1.371547932618683e-07,1.3662529373152041e-09,1.371547932618683e-07,1.3662529373152041e-09,2.58542e-07,2.58542e-07,1.371547932618683e-07,True,True,False,0,False,,,3.4253675899238196,3.0,True,True,59772.00001157408,59786.00001157408,weekly,10.0,sigma,computed,/home/lkoo/projects/AutomationDetection/DownloadedLC/incremental/quiescent_background_cache.csv,,,,,,False,not_in_flare_streak
4FGL J0538.8-4405,701,702,59793.00001157408,2.67e-07,3.73e-08,2.52e-07,1.9663055489964582e-07,1.371547932618683e-07,1.3662529373152041e-09,1.371547932618683e-07,1.3662529373152041e-09,2.58542e-07,2.58542e-07,1.371547932618683e-07,True,True,False,0,False,,,3.478771844814075,3.0,True,True,59772.00001157408,59793.00001157408,weekly,10.0,sigma,computed,/home/lkoo/projects/AutomationDetection/DownloadedLC/incremental/quiescent_background_cache.csv,,,,,,False,not_in_flare_streak
4FGL J0538.8-4405,702,703,59800.00001157408,2.44e-07,5.17e-08,2.67e-07,1.9663055489964582e-07,1.371547932618683e-07,1.3662529373152041e-09,1.371547932618683e-07,1.3662529373152041e-09,2.58542e-07,2.58542e-07,1.371547932618683e-07,False,True,False,0,False,,,2.065917174199072,3.0,False,True,59772.00001157408,59800.00001157408,weekly,10.0,sigma,computed,/home/lkoo/projects/AutomationDetection/DownloadedLC/incremental/quiescent_background_cache.csv,,,,,,False,not_in_flare_streak
4FGL J0538.8-4405,703,704,59807.00001157408,1.84e-07,3.17e-08,2.44e-07,1.9663055489964582e-07,1.371547932618683e-07,1.3662529373152041e-09,1.371547932618683e-07,1.3662529373152041e-09,2.58542e-07,2.58542e-07,1.371547932618683e-07,False,True,False,0,False,,,1.4763961603934053,3.0,False,True,59772.00001157408,59807.00001157408,weekly,10.0,sigma,computed,/home/lkoo/projects/AutomationDetection/DownloadedLC/incremental/quiescent_background_cache.csv,,,,,,False,not_in_flare_streak
4FGL J0538.8-4405,704,705,59814.00001157408,2.02e-07,3.31e-08,1.84e-07,1.9663055489964582e-07,1.371547932618683e-07,1.3662529373152041e-09,1.371547932618683e-07,1.3662529373152041e-09,2.58542e-07,2.58542e-07,1.371547932618683e-07,True,True,False,0,False,,,1.9574029355939642,3.0,False,True,59772.00001157408,59814.00001157408,weekly,10.0,sigma,computed,/home/lkoo/projects/AutomationDetection/DownloadedLC/incremental/quiescent_background_cache.csv,,,,,,False,not_in_flare_streak
4FGL J0538.8-4405,705,706,59821.00001157408,2.07e-07,3.17e-08,2.02e-07,1.9663055489964582e-07,1.371547932618683e-07,1.3662529373152041e-09,1.371547932618683e-07,1.3662529373152041e-09,2.58542e-07,2.58542e-07,1.371547932618683e-07,True,True,False,0,False,,,2.2012752687058343,3.0,False,True,59772.00001157408,59821.00001157408,weekly,10.0,sigma,computed,/home/lkoo/projects/AutomationDetection/DownloadedLC/incremental/quiescent_background_cache.csv,,,,,,False,not_in_flare_streak
4FGL J0538.8-4405,706,707,59828.00001157408,1.74e-07,2.89e-08,2.07e-07,1.9663055489964582e-07,1.371547932618683e-07,1.3662529373152041e-09,1.371547932618683e-07,1.3662529373152041e-09,2.58542e-07,2.58542e-07,1.371547932618683e-07,False,True,False,0,False,,,1.2734983442584817,3.0,False,True,59772.00001157408,59828.00001157408,weekly,10.0,sigma,computed,/home/lkoo/projects/AutomationDetection/DownloadedLC/incremental/quiescent_background_cache.csv,,,,,,False,not_in_flare_streak
4FGL J0538.8-4405,707,708,59835.00001157408,1.03e-07,2.43e-08,1.74e-07,1.9663055489964582e-07,1.371547932618683e-07,1.3662529373152041e-09,1.371547932618683e-07,1.3662529373152041e-09,2.58542e-07,2.58542e-07,1.371547932618683e-07,False,False,False,0,False,,,-1.4033307052480428,3.0,False,False,,,weekly,10.0,sigma,computed,/home/lkoo/projects/AutomationDetection/DownloadedLC/incremental/quiescent_background_cache.csv,,,,,,False,not_in_flare_streak
4FGL J0538.8-4405,708,709,59842.00001157408,1.68e-07,3.67e-08,1.03e-07,1.9663055489964582e-07,1.371547932618683e-07,1.3662529373152041e-09,1.371547932618683e-07,1.3662529373152041e-09,2.58542e-07,2.58542e-07,1.371547932618683e-07,True,True,False,0,False,,,0.8398870526445769,3.0,False,False,,,weekly,10.0,sigma,computed,/home/lkoo/projects/AutomationDetection/DownloadedLC/incremental/quiescent_background_cache.csv,,,,,,False,not_in_flare_streak
4FGL J0538.8-4405,709,710,59849.00001157408,1.41e-07,3.99e-08,1.68e-07,1.9663055489964582e-07,1.371547932618683e-07,1.3662529373152041e-09,1.371547932618683e-07,1.3662529373152041e-09,2.58542e-07,2.58542e-07,1.371547932618683e-07,False,True,False,0,False,,,0.09631464780847762,3.0,False,False,,,weekly,10.0,sigma,computed,/home/lkoo/projects/AutomationDetection/DownloadedLC/incremental/quiescent_background_cache.csv,,,,,,False,not_in_flare_streak
4FGL J0538.8-4405,710,711,59856.00001157408,2.4e-07,4.02e-08,1.41e-07,1.9663055489964582e-07,1.371547932618683e-07,1.3662529373152041e-09,1.371547932618683e-07,1.3662529373152041e-09,2.58542e-07,2.58542e-07,1.371547932618683e-07,True,True,False,0,False,,,2.556862218681826,3.0,False,False,,,weekly,10.0,sigma,computed,/home/lkoo/projects/AutomationDetection/DownloadedLC/incremental/quiescent_background_cache.csv,,,,,,False,not_in_flare_streak
4FGL J0538.8-4405,711,712,59863.00001157408,1.42e-07,2.58e-08,2.4e-07,1.9663055489964582e-07,1.371547932618683e-07,1.3662529373152041e-09,1.371547932618683e-07,1.3662529373152041e-09,2.58542e-07,2.58542e-07,1.371547932618683e-07,False,True,False,0,False,,,0.18753594235849688,3.0,False,False,,,weekly,10.0,sigma,computed,/home/lkoo/projects/AutomationDetection/DownloadedLC/incremental/quiescent_background_cache.csv,,,,,,False,not_in_flare_streak
4FGL J0538.8-4405,712,713,59870.00001157408,1.57e-07,2.85e-08,1.42e-07,1.9663055489964582e-07,1.371547932618683e-07,1.3662529373152041e-09,1.371547932618683e-07,1.3662529373152041e-09,2.58542e-07,2.58542e-07,1.371547932618683e-07,True,True,False,0,False,,,0.6955243033011895,3.0,False,False,,,weekly,10.0,sigma,computed,/home/lkoo/projects/AutomationDetection/DownloadedLC/incremental/quiescent_background_cache.csv,,,,,,False,not_in_flare_streak
4FGL J0538.8-4405,713,714,59877.00001157408,1.81e-07,3.34e-08,1.57e-07,1.9663055489964582e-07,1.371547932618683e-07,1.3662529373152041e-09,1.371547932618683e-07,1.3662529373152041e-09,2.58542e-07,2.58542e-07,1.371547932618683e-07,True,True,False,0,False,,,1.3116338323241645,3.0,False,False,,,weekly,10.0,sigma,computed,/home/lkoo/projects/AutomationDetection/DownloadedLC/incremental/quiescent_background_cache.csv,,,,,,False,not_in_flare_streak
4FGL J0538.8-4405,714,715,59884.00001157408,1.85e-07,3.61e-08,1.81e-07,1.9663055489964582e-07,1.371547932618683e-07,1.3662529373152041e-09,1.371547932618683e-07,1.3662529373152041e-09,2.58542e-07,2.58542e-07,1.371547932618683e-07,True,True,False,0,False,,,1.3244038246235774,3.0,False,False,,,weekly,10.0,sigma,computed,/home/lkoo/projects/AutomationDetection/DownloadedLC/incremental/quiescent_background_cache.csv,,,,,,False,not_in_flare_streak
4FGL J0538.8-4405,715,716,59891.00001157408,8.74e-08,3.36e-08,1.85e-07,1.9663055489964582e-07,1.371547932618683e-07,1.3662529373152041e-09,1.371547932618683e-07,1.3662529373152041e-09,2.58542e-07,2.58542e-07,1.371547932618683e-07,False,False,False,0,False,,,-1.4795747431225048,3.0,False,False,,,weekly,10.0,sigma,computed,/home/lkoo/projects/AutomationDetection/DownloadedLC/incremental/quiescent_background_cache.csv,,,,,,False,not_in_flare_streak
4FGL J0538.8-4405,716,717,59898.00001157408,6.82e-08,3.09e-08,8.74e-08,1.9663055489964582e-07,1.371547932618683e-07,1.3662529373152041e-09,1.371547932618683e-07,1.3662529373152041e-09,2.58542e-07,2.58542e-07,1.371547932618683e-07,False,False,False,0,False,,,-2.2293685713091205,3.0,False,False,,,weekly,10.0,sigma,computed,/home/lkoo/projects/AutomationDetection/DownloadedLC/incremental/quiescent_background_cache.csv,,,,,,False,not_in_flare_streak
4FGL J0538.8-4405,717,718,59905.00001157408,2.71e-08,1.98e-08,6.82e-08,1.9663055489964582e-07,1.371547932618683e-07,1.3662529373152041e-09,1.371547932618683e-07,1.3662529373152041e-09,2.58542e-07,2.58542e-07,1.371547932618683e-07,False,False,False,0,False,,,-5.545137346255865,3.0,False,False,,,weekly,10.0,sigma,computed,/home/lkoo/projects/AutomationDetection/DownloadedLC/incremental/quiescent_background_cache.csv,,,,,,False,not_in_flare_streak
4FGL J0538.8-4405,718,719,59912.00001157408,3.8e-08,1.85e-08,2.71e-08,1.9663055489964582e-07,1.371547932618683e-07,1.3662529373152041e-09,1.371547932618683e-07,1.3662529373152041e-09,2.58542e-07,2.58542e-07,1.371547932618683e-07,True,False,False,0,False,,,-5.345161997241394,3.0,False,False,,,weekly,10.0,sigma,computed,/home/lkoo/projects/AutomationDetection/DownloadedLC/incremental/quiescent_background_cache.csv,,,,,,False,not_in_flare_streak
4FGL J0538.8-4405,719,720,59919.00001157408,8.52e-08,3.1e-08,3.8e-08,1.9663055489964582e-07,1.371547932618683e-07,1.3662529373152041e-09,1.371547932618683e-07,1.3662529373152041e-09,2.58542e-07,2.58542e-07,1.371547932618683e-07,True,False,False,0,False,,,-1.6743357463626476,3.0,False,False,,,weekly,10.0,sigma,computed,/home/lkoo/projects/AutomationDetection/DownloadedLC/incremental/quiescent_background_cache.csv,,,,,,False,not_in_flare_streak
4FGL J0538.8-4405,720,721,59926.00001157408,6.55e-08,2.12e-08,8.52e-08,1.9663055489964582e-07,1.371547932618683e-07,1.3662529373152041e-09,1.371547932618683e-07,1.3662529373152041e-09,2.58542e-07,2.58542e-07,1.371547932618683e-07,False,False,False,0,False,,,-3.372945953157575,3.0,False,False,,,weekly,10.0,sigma,computed,/home/lkoo/projects/AutomationDetection/DownloadedLC/incremental/quiescent_background_cache.csv,,,,,,False,not_in_flare_streak
4FGL J0538.8-4405,721,722,59933.00001157408,5.39e-08,2.78e-08,6.55e-08,1.9663055489964582e-07,1.371547932618683e-07,1.3662529373152041e-09,1.371547932618683e-07,1.3662529373152041e-09,2.58542e-07,2.58542e-07,1.371547932618683e-07,False,False,False,0,False,,,-2.991166619399012,3.0,False,False,,,weekly,10.0,sigma,computed,/home/lkoo/projects/AutomationDetection/DownloadedLC/incremental/quiescent_background_cache.csv,,,,,,False,not_in_flare_streak
4FGL J0538.8-4405,722,723,59947.00001157408,5.77e-08,2.18e-08,5.39e-08,1.9663055489964582e-07,1.371547932618683e-07,1.3662529373152041e-09,1.371547932618683e-07,1.3662529373152041e-09,2.58542e-07,2.58542e-07,1.371547932618683e-07,True,False,False,0,False,,,-3.637578450302183,3.0,False,False,,,weekly,10.0,sigma,computed,/home/lkoo/projects/AutomationDetection/DownloadedLC/incremental/quiescent_background_cache.csv,,,,,,False,not_in_flare_streak
4FGL J0538.8-4405,723,724,59954.00001157408,8.58e-08,3.04e-08,5.77e-08,1.9663055489964582e-07,1.371547932618683e-07,1.3662529373152041e-09,1.371547932618683e-07,1.3662529373152041e-09,2.58542e-07,2.58542e-07,1.371547932618683e-07,True,False,False,0,False,,,-1.6875989372876343,3.0,False,False,,,weekly,10.0,sigma,computed,/home/lkoo/projects/AutomationDetection/DownloadedLC/incremental/quiescent_background_cache.csv,,,,,,False,not_in_flare_streak
4FGL J0538.8-4405,724,725,59961.00001157408,1.18e-07,4.29e-08,8.58e-08,1.9663055489964582e-07,1.371547932618683e-07,1.3662529373152041e-09,1.371547932618683e-07,1.3662529373152041e-09,2.58542e-07,2.58542e-07,1.371547932618683e-07,True,False,False,0,False,,,-0.446272417526401,3.0,False,False,,,weekly,10.0,sigma,computed,/home/lkoo/projects/AutomationDetection/DownloadedLC/incremental/quiescent_background_cache.csv,,,,,,False,not_in_flare_streak
4FGL J0538.8-4405,725,726,59968.00001157408,5.97e-08,4.38e-08,1.18e-07,1.9663055489964582e-07,1.371547932618683e-07,1.3662529373152041e-09,1.371547932618683e-07,1.3662529373152041e-09,2.58542e-07,2.58542e-07,1.371547932618683e-07,False,False,False,0,False,,,-1.767514586319041,3.0,False,False,,,weekly,10.0,sigma,computed,/home/lkoo/projects/AutomationDetection/DownloadedLC/incremental/quiescent_background_cache.csv,,,,,,False,not_in_flare_streak
4FGL J0538.8-4405,726,727,59982.00001157408,9.81e-08,2.87e-08,5.97e-08,1.9663055489964582e-07,1.371547932618683e-07,1.3662529373152041e-09,1.371547932618683e-07,1.3662529373152041e-09,2.58542e-07,2.58542e-07,1.371547932618683e-07,True,False,False,0,False,,,-1.3592548895224696,3.0,False,False,,,weekly,10.0,sigma,computed,/home/lkoo/projects/AutomationDetection/DownloadedLC/incremental/quiescent_background_cache.csv,,,,,,False,not_in_flare_streak
4FGL J0538.8-4405,727,728,59989.00001157408,3.5e-08,1.75e-08,9.81e-08,1.9663055489964582e-07,1.371547932618683e-07,1.3662529373152041e-09,1.371547932618683e-07,1.3662529373152041e-09,2.58542e-07,2.58542e-07,1.371547932618683e-07,False,False,False,0,False,,,-5.819707636049516,3.0,False,False,,,weekly,10.0,sigma,computed,/home/lkoo/projects/AutomationDetection/DownloadedLC/incremental/quiescent_background_cache.csv,,,,,,False,not_in_flare_streak
4FGL J0538.8-4405,728,729,59996.00001157408,5.89e-08,2.43e-08,3.5e-08,1.9663055489964582e-07,1.371547932618683e-07,1.3662529373152041e-09,1.371547932618683e-07,1.3662529373152041e-09,2.58542e-07,2.58542e-07,1.371547932618683e-07,True,False,False,0,False,,,-3.2152838219583555,3.0,False,False,,,weekly,10.0,sigma,computed,/home/lkoo/projects/AutomationDetection/DownloadedLC/incremental/quiescent_background_cache.csv,,,,,,False,not_in_flare_streak
4FGL J0538.8-4405,729,730,60003.00001157408,2.2e-08,1.71e-08,5.89e-08,1.9663055489964582e-07,1.371547932618683e-07,1.3662529373152041e-09,1.371547932618683e-07,1.3662529373152041e-09,2.58542e-07,2.58542e-07,1.371547932618683e-07,False,False,False,0,False,,,-6.712806372963948,3.0,False,False,,,weekly,10.0,sigma,computed,/home/lkoo/projects/AutomationDetection/DownloadedLC/incremental/quiescent_background_cache.csv,,,,,,False,not_in_flare_streak
4FGL J0538.8-4405,730,731,60010.00001157408,4.15e-08,2.89e-08,2.2e-08,1.9663055489964582e-07,1.371547932618683e-07,1.3662529373152041e-09,1.371547932618683e-07,1.3662529373152041e-09,2.58542e-07,2.58542e-07,1.371547932618683e-07,True,False,False,0,False,,,-3.3061619576504415,3.0,False,False,,,weekly,10.0,sigma,computed,/home/lkoo/projects/AutomationDetection/DownloadedLC/incremental/quiescent_background_cache.csv,,,,,,False,not_in_flare_streak
4FGL J0538.8-4405,731,732,60017.00001157408,4.85e-08,2.85e-08,4.15e-08,1.9663055489964582e-07,1.371547932618683e-07,1.3662529373152041e-09,1.371547932618683e-07,1.3662529373152041e-09,2.58542e-07,2.58542e-07,1.371547932618683e-07,True,False,False,0,False,,,-3.1071262764570764,3.0,False,False,,,weekly,10.0,sigma,computed,/home/lkoo/projects/AutomationDetection/DownloadedLC/incremental/quiescent_background_cache.csv,,,,,,False,not_in_flare_streak
4FGL J0538.8-4405,732,733,60024.00001157408,9.79e-08,2.36e-08,4.85e-08,1.9663055489964582e-07,1.371547932618683e-07,1.3662529373152041e-09,1.371547932618683e-07,1.3662529373152041e-09,2.58542e-07,2.58542e-07,1.371547932618683e-07,True,False,False,0,False,,,-1.6605583509955113,3.0,False,False,,,weekly,10.0,sigma,computed,/home/lkoo/projects/AutomationDetection/DownloadedLC/incremental/quiescent_background_cache.csv,,,,,,False,not_in_flare_streak
4FGL J0538.8-4405,733,734,60031.00001157408,1.09e-07,2.64e-08,9.79e-08,1.9663055489964582e-07,1.371547932618683e-07,1.3662529373152041e-09,1.371547932618683e-07,1.3662529373152041e-09,2.58542e-07,2.58542e-07,1.371547932618683e-07,True,False,False,0,False,,,-1.0650441574929281,3.0,False,False,,,weekly,10.0,sigma,computed,/home/lkoo/projects/AutomationDetection/DownloadedLC/incremental/quiescent_background_cache.csv,,,,,,False,not_in_flare_streak
4FGL J0538.8-4405,734,735,60038.00001157408,8.87e-08,3.03e-08,1.09e-07,1.9663055489964582e-07,1.371547932618683e-07,1.3662529373152041e-09,1.371547932618683e-07,1.3662529373152041e-09,2.58542e-07,2.58542e-07,1.371547932618683e-07,False,False,False,0,False,,,-1.5975448667461547,3.0,False,False,,,weekly,10.0,sigma,computed,/home/lkoo/projects/AutomationDetection/DownloadedLC/incremental/quiescent_background_cache.csv,,,,,,False,not_in_flare_streak
4FGL J0538.8-4405,735,736,60045.00001157408,1.51e-07,3.62e-08,8.87e-08,1.9663055489964582e-07,1.371547932618683e-07,1.3662529373152041e-09,1.371547932618683e-07,1.3662529373152041e-09,2.58542e-07,2.58542e-07,1.371547932618683e-07,True,True,False,0,False,,,0.3821921659220876,3.0,False,False,,,weekly,10.0,sigma,computed,/home/lkoo/projects/AutomationDetection/DownloadedLC/incremental/quiescent_background_cache.csv,,,,,,False,not_in_flare_streak
4FGL J0538.8-4405,736,737,60052.00001157408,9.59e-08,3.61e-08,1.51e-07,1.9663055489964582e-07,1.371547932618683e-07,1.3662529373152041e-09,1.371547932618683e-07,1.3662529373152041e-09,2.58542e-07,2.58542e-07,1.371547932618683e-07,False,False,False,0,False,,,-1.1419744987020393,3.0,False,False,,,weekly,10.0,sigma,computed,/home/lkoo/projects/AutomationDetection/DownloadedLC/incremental/quiescent_background_cache.csv,,,,,,False,not_in_flare_streak
4FGL J0538.8-4405,737,738,60059.00001157408,2.67e-07,4.68e-08,9.59e-08,1.9663055489964582e-07,1.371547932618683e-07,1.3662529373152041e-09,1.371547932618683e-07,1.3662529373152041e-09,2.58542e-07,2.58542e-07,1.371547932618683e-07,True,True,False,0,False,,,2.773288703958104,3.0,False,False,,,weekly,10.0,sigma,computed,/home/lkoo/projects/AutomationDetection/DownloadedLC/incremental/quiescent_background_cache.csv,,,,,,False,not_in_flare_streak
4FGL J0538.8-4405,738,739,60066.00001157408,1.97e-07,3.21e-08,2.67e-07,1.9663055489964582e-07,1.371547932618683e-07,1.3662529373152041e-09,1.371547932618683e-07,1.3662529373152041e-09,2.58542e-07,2.58542e-07,1.371547932618683e-07,False,True,False,0,False,,,1.862650272760573,3.0,False,False,,,weekly,10.0,sigma,computed,/home/lkoo/projects/AutomationDetection/DownloadedLC/incremental/quiescent_background_cache.csv,,,,,,False,not_in_flare_streak
4FGL J0538.8-4405,739,740,60073.00001157408,1.51e-07,2.97e-08,1.97e-07,1.9663055489964582e-07,1.371547932618683e-07,1.3662529373152041e-09,1.371547932618683e-07,1.3662529373152041e-09,2.58542e-07,2.58542e-07,1.371547932618683e-07,False,True,False,0,False,,,0.46567611392668984,3.0,False,False,,,weekly,10.0,sigma,computed,/home/lkoo/projects/AutomationDetection/DownloadedLC/incremental/quiescent_background_cache.csv,,,,,,False,not_in_flare_streak
4FGL J0538.8-4405,740,741,60080.00001157408,1.86e-07,3.46e-08,1.51e-07,1.9663055489964582e-07,1.371547932618683e-07,1.3662529373152041e-09,1.371547932618683e-07,1.3662529373152041e-09,2.58542e-07,2.58542e-07,1.371547932618683e-07,True,True,False,0,False,,,1.410611871989766,3.0,False,False,,,weekly,10.0,sigma,computed,/home/lkoo/projects/AutomationDetection/DownloadedLC/incremental/quiescent_background_cache.csv,,,,,,False,not_in_flare_streak
4FGL J0538.8-4405,741,742,60087.00001157408,1.55e-07,3.07e-08,1.86e-07,1.9663055489964582e-07,1.371547932618683e-07,1.3662529373152041e-09,1.371547932618683e-07,1.3662529373152041e-09,2.58542e-07,2.58542e-07,1.371547932618683e-07,False,True,False,0,False,,,0.5807023223604176,3.0,False,False,,,weekly,10.0,sigma,computed,/home/lkoo/projects/AutomationDetection/DownloadedLC/incremental/quiescent_background_cache.csv,,,,,,False,not_in_flare_streak
4FGL J0538.8-4405,742,743,60094.00001157408,1.24e-07,3.33e-08,1.55e-07,1.9663055489964582e-07,1.371547932618683e-07,1.3662529373152041e-09,1.371547932618683e-07,1.3662529373152041e-09,2.58542e-07,2.58542e-07,1.371547932618683e-07,False,False,False,0,False,,,-0.39470676208407307,3.0,False,False,,,weekly,10.0,sigma,computed,/home/lkoo/projects/AutomationDetection/DownloadedLC/incremental/quiescent_background_cache.csv,,,,,,False,not_in_flare_streak
4FGL J0538.8-4405,743,744,60101.00001157408,1.3e-07,3.07e-08,1.24e-07,1.9663055489964582e-07,1.371547932618683e-07,1.3662529373152041e-09,1.371547932618683e-07,1.3662529373152041e-09,2.58542e-07,2.58542e-07,1.371547932618683e-07,True,False,False,0,False,,,-0.23282470885011367,3.0,False,False,,,weekly,10.0,sigma,computed,/home/lkoo/projects/AutomationDetection/DownloadedLC/incremental/quiescent_background_cache.csv,,,,,,False,not_in_flare_streak
4FGL J0538.8-4405,744,745,60108.00001157408,1.31e-07,3.57e-08,1.3e-07,1.9663055489964582e-07,1.371547932618683e-07,1.3662529373152041e-09,1.371547932618683e-07,1.3662529373152041e-09,2.58542e-07,2.58542e-07,1.371547932618683e-07,True,False,False,0,False,,,-0.17227705830976345,3.0,False,False,,,weekly,10.0,sigma,computed,/home/lkoo/projects/AutomationDetection/DownloadedLC/incremental/quiescent_background_cache.csv,,,,,,False,not_in_flare_streak
4FGL J0538.8-4405,745,746,60115.00001157408,1.47e-07,3.01e-08,1.31e-07,1.9663055489964582e-07,1.371547932618683e-07,1.3662529373152041e-09,1.371547932618683e-07,1.3662529373152041e-09,2.58542e-07,2.58542e-07,1.371547932618683e-07,True,True,False,0,False,,,0.32674685621495125,3.0,False,False,,,weekly,10.0,sigma,computed,/home/lkoo/projects/AutomationDetection/DownloadedLC/incremental/quiescent_background_cache.csv,,,,,,False,not_in_flare_streak
4FGL J0538.8-4405,746,747,60122.00001157408,3.57e-07,4.43e-08,1.47e-07,1.9663055489964582e-07,1.371547932618683e-07,1.3662529373152041e-09,1.371547932618683e-07,1.3662529373152041e-09,2.58542e-07,2.58542e-07,1.371547932618683e-07,True,True,False,0,False,,,4.960287291107115,3.0,True,True,60122.00001157408,60122.00001157408,weekly,10.0,sigma,computed,/home/lkoo/projects/AutomationDetection/DownloadedLC/incremental/quiescent_background_cache.csv,,,,,,False,not_in_flare_streak
4FGL J0538.8-4405,747,748,60129.00001157408,4.32e-07,4.59e-08,3.57e-07,1.9663055489964582e-07,1.371547932618683e-07,1.3662529373152041e-09,1.371547932618683e-07,1.3662529373152041e-09,2.58542e-07,2.58542e-07,1.371547932618683e-07,True,True,False,0,False,,,6.420799043653815,3.0,True,True,60122.00001157408,60129.00001157408,weekly,10.0,sigma,computed,/home/lkoo/projects/AutomationDetection/DownloadedLC/incremental/quiescent_background_cache.csv,,,,,,False,not_in_flare_streak
4FGL J0538.8-4405,748,749,60136.00001157408,3.15e-07,3.82e-08,4.32e-07,1.9663055489964582e-07,1.371547932618683e-07,1.3662529373152041e-09,1.371547932618683e-07,1.3662529373152041e-09,2.58542e-07,2.58542e-07,1.371547932618683e-07,False,True,False,0,False,,,4.652658814996021,3.0,True,True,60122.00001157408,60136.00001157408,weekly,10.0,sigma,computed,/home/lkoo/projects/AutomationDetection/DownloadedLC/incremental/quiescent_background_cache.csv,,,,,,False,not_in_flare_streak
4FGL J0538.8-4405,749,750,60143.00001157408,3.45e-07,4.49e-08,3.15e-07,1.9663055489964582e-07,1.371547932618683e-07,1.3662529373152041e-09,1.371547932618683e-07,1.3662529373152041e-09,2.58542e-07,2.58542e-07,1.371547932618683e-07,True,True,False,0,False,,,4.626927624966192,3.0,True,True,60122.00001157408,60143.00001157408,weekly,10.0,sigma,computed,/home/lkoo/projects/AutomationDetection/DownloadedLC/incremental/quiescent_background_cache.csv,,,,,,False,not_in_flare_streak
4FGL J0538.8-4405,750,751,60150.00001157408,4.43e-07,3.66e-08,3.45e-07,1.9663055489964582e-07,1.371547932618683e-07,1.3662529373152041e-09,1.371547932618683e-07,1.3662529373152041e-09,2.58542e-07,2.58542e-07,1.371547932618683e-07,True,True,False,0,False,,,8.350610244187633,3.0,True,True,60122.00001157408,60150.00001157408,weekly,10.0,sigma,computed,/home/lkoo/projects/AutomationDetection/DownloadedLC/incremental/quiescent_background_cache.csv,,,,,,False,not_in_flare_streak
4FGL J0538.8-4405,751,752,60157.00001157408,4.58e-07,4.05e-08,4.43e-07,1.9663055489964582e-07,1.371547932618683e-07,1.3662529373152041e-09,1.371547932618683e-07,1.3662529373152041e-09,2.58542e-07,2.58542e-07,1.371547932618683e-07,True,True,False,0,False,,,7.917599933960252,3.0,True,True,60122.00001157408,60157.00001157408,weekly,10.0,sigma,computed,/home/lkoo/projects/AutomationDetection/DownloadedLC/incremental/quiescent_background_cache.csv,,,,,,False,not_in_flare_streak
4FGL J0538.8-4405,752,753,60164.00001157408,3.67e-07,4.9e-08,4.58e-07,1.9663055489964582e-07,1.371547932618683e-07,1.3662529373152041e-09,1.371547932618683e-07,1.3662529373152041e-09,2.58542e-07,2.58542e-07,1.371547932618683e-07,False,True,False,0,False,,,4.688896177931534,3.0,True,True,60122.00001157408,60164.00001157408,weekly,10.0,sigma,computed,/home/lkoo/projects/AutomationDetection/DownloadedLC/incremental/quiescent_background_cache.csv,,,,,,False,not_in_flare_streak
4FGL J0538.8-4405,753,754,60171.00001157408,3.2e-07,4.89e-08,3.67e-07,1.9663055489964582e-07,1.371547932618683e-07,1.3662529373152041e-09,1.371547932618683e-07,1.3662529373152041e-09,2.58542e-07,2.58542e-07,1.371547932618683e-07,False,True,False,0,False,,,3.7377071858658995,3.0,True,True,60122.00001157408,60171.00001157408,weekly,10.0,sigma,computed,/home/lkoo/projects/AutomationDetection/DownloadedLC/incremental/quiescent_background_cache.csv,,,,,,False,not_in_flare_streak
4FGL J0538.8-4405,754,755,60178.00001157408,2.99e-07,4.05e-08,3.2e-07,1.9663055489964582e-07,1.371547932618683e-07,1.3662529373152041e-09,1.371547932618683e-07,1.3662529373152041e-09,2.58542e-07,2.58542e-07,1.371547932618683e-07,False,True,False,0,False,,,3.9939060059809233,3.0,True,True,60122.00001157408,60178.00001157408,weekly,10.0,sigma,computed,/home/lkoo/projects/AutomationDetection/DownloadedLC/incremental/quiescent_background_cache.csv,,,,,,False,not_in_flare_streak
4FGL J0538.8-4405,755,756,60185.00001157408,2.47e-07,3.45e-08,2.99e-07,1.9663055489964582e-07,1.371547932618683e-07,1.3662529373152041e-09,1.371547932618683e-07,1.3662529373152041e-09,2.58542e-07,2.58542e-07,1.371547932618683e-07,False,True,False,0,False,,,3.1814253279266005,3.0,True,True,60122.00001157408,60185.00001157408,weekly,10.0,sigma,computed,/home/lkoo/projects/AutomationDetection/DownloadedLC/incremental/quiescent_background_cache.csv,,,,,,False,not_in_flare_streak
4FGL J0538.8-4405,756,757,60192.00001157408,2.12e-07,3.64e-08,2.47e-07,1.9663055489964582e-07,1.371547932618683e-07,1.3662529373152041e-09,1.371547932618683e-07,1.3662529373152041e-09,2.58542e-07,2.58542e-07,1.371547932618683e-07,False,True,False,0,False,,,2.054740115104195,3.0,False,True,60122.00001157408,60192.00001157408,weekly,10.0,sigma,computed,/home/lkoo/projects/AutomationDetection/DownloadedLC/incremental/quiescent_background_cache.csv,,,,,,False,not_in_flare_streak
4FGL J0538.8-4405,757,758,60199.00001157408,2.13e-07,3.7e-08,2.12e-07,1.9663055489964582e-07,1.371547932618683e-07,1.3662529373152041e-09,1.371547932618683e-07,1.3662529373152041e-09,2.58542e-07,2.58542e-07,1.371547932618683e-07,True,True,False,0,False,,,2.048474369049678,3.0,False,True,60122.00001157408,60199.00001157408,weekly,10.0,sigma,computed,/home/lkoo/projects/AutomationDetection/DownloadedLC/incremental/quiescent_background_cache.csv,,,,,,False,not_in_flare_streak
4FGL J0538.8-4405,758,759,60206.00001157408,1.76e-07,3.74e-08,2.13e-07,1.9663055489964582e-07,1.371547932618683e-07,1.3662529373152041e-09,1.371547932618683e-07,1.3662529373152041e-09,2.58542e-07,2.58542e-07,1.371547932618683e-07,False,True,False,0,False,,,1.0379495497691646,3.0,False,True,60122.00001157408,60206.00001157408,weekly,10.0,sigma,computed,/home/lkoo/projects/AutomationDetection/DownloadedLC/incremental/quiescent_background_cache.csv,,,,,,False,not_in_flare_streak
4FGL J0538.8-4405,759,760,60213.00001157408,2.18e-07,5.38e-08,1.76e-07,1.9663055489964582e-07,1.371547932618683e-07,1.3662529373152041e-09,1.371547932618683e-07,1.3662529373152041e-09,2.58542e-07,2.58542e-07,1.371547932618683e-07,True,True,False,0,False,,,1.5022146930478981,3.0,False,True,60122.00001157408,60213.00001157408,weekly,10.0,sigma,computed,/home/lkoo/projects/AutomationDetection/DownloadedLC/incremental/quiescent_background_cache.csv,,,,,,False,not_in_flare_streak
4FGL J0538.8-4405,760,761,60220.00001157408,2.26e-07,4.24e-08,2.18e-07,1.9663055489964582e-07,1.371547932618683e-07,1.3662529373152041e-09,1.371547932618683e-07,1.3662529373152041e-09,2.58542e-07,2.58542e-07,1.371547932618683e-07,True,True,False,0,False,,,2.0943188166200284,3.0,False,True,60122.00001157408,60220.00001157408,weekly,10.0,sigma,computed,/home/lkoo/projects/AutomationDetection/DownloadedLC/incremental/quiescent_background_cache.csv,,,,,,False,not_in_flare_streak
4FGL J0538.8-4405,761,762,60227.00001157408,1.47e-07,3.16e-08,2.26e-07,1.9663055489964582e-07,1.371547932618683e-07,1.3662529373152041e-09,1.371547932618683e-07,1.3662529373152041e-09,2.58542e-07,2.58542e-07,1.371547932618683e-07,False,True,False,0,False,,,0.3112663799108065,3.0,False,True,60122.00001157408,60227.00001157408,weekly,10.0,sigma,computed,/home/lkoo/projects/AutomationDetection/DownloadedLC/incremental/quiescent_background_cache.csv,,,,,,False,not_in_flare_streak
4FGL J0538.8-4405,762,763,60234.00001157408,1.16e-07,2.71e-08,1.47e-07,1.9663055489964582e-07,1.371547932618683e-07,1.3662529373152041e-09,1.371547932618683e-07,1.3662529373152041e-09,2.58542e-07,2.58542e-07,1.371547932618683e-07,False,False,False,0,False,,,-0.7796295156537411,3.0,False,False,,,weekly,10.0,sigma,computed,/home/lkoo/projects/AutomationDetection/DownloadedLC/incremental/quiescent_background_cache.csv,,,,,,False,not_in_flare_streak
4FGL J0538.8-4405,763,764,60241.00001157408,2.18e-07,3.51e-08,1.16e-07,1.9663055489964582e-07,1.371547932618683e-07,1.3662529373152041e-09,1.371547932618683e-07,1.3662529373152041e-09,2.58542e-07,2.58542e-07,1.371547932618683e-07,True,True,False,0,False,,,2.3015393452044335,3.0,False,False,,,weekly,10.0,sigma,computed,/home/lkoo/projects/AutomationDetection/DownloadedLC/incremental/quiescent_background_cache.csv,,,,,,False,not_in_flare_streak
4FGL J0538.8-4405,764,765,60248.00001157408,2.52e-07,3.58e-08,2.18e-07,1.9663055489964582e-07,1.371547932618683e-07,1.3662529373152041e-09,1.371547932618683e-07,1.3662529373152041e-09,2.58542e-07,2.58542e-07,1.371547932618683e-07,True,True,False,0,False,,,3.2056330927401797,3.0,True,True,60248.00001157408,60248.00001157408,weekly,10.0,sigma,computed,/home/lkoo/projects/AutomationDetection/DownloadedLC/incremental/quiescent_background_cache.csv,,,,,,False,not_in_flare_streak
4FGL J0538.8-4405,765,766,60255.00001157408,2.14e-07,3.5e-08,2.52e-07,1.9663055489964582e-07,1.371547932618683e-07,1.3662529373152041e-09,1.371547932618683e-07,1.3662529373152041e-09,2.58542e-07,2.58542e-07,1.371547932618683e-07,False,True,False,0,False,,,2.1939064414238527,3.0,False,True,60248.00001157408,60255.00001157408,weekly,10.0,sigma,computed,/home/lkoo/projects/AutomationDetection/DownloadedLC/incremental/quiescent_background_cache.csv,,,,,,False,not_in_flare_streak
4FGL J0538.8-4405,766,767,60269.00001157408,2.61e-07,4.04e-08,2.14e-07,1.9663055489964582e-07,1.371547932618683e-07,1.3662529373152041e-09,1.371547932618683e-07,1.3662529373152041e-09,2.58542e-07,2.58542e-07,1.371547932618683e-07,True,True,False,0,False,,,3.0637239753436956,3.0,True,True,60248.00001157408,60269.00001157408,weekly,10.0,sigma,computed,/home/lkoo/projects/AutomationDetection/DownloadedLC/incremental/quiescent_background_cache.csv,,,,,,False,not_in_flare_streak
4FGL J0538.8-4405,767,768,60276.00001157408,1.83e-07,3.12e-08,2.61e-07,1.9663055489964582e-07,1.371547932618683e-07,1.3662529373152041e-09,1.371547932618683e-07,1.3662529373152041e-09,2.58542e-07,2.58542e-07,1.371547932618683e-07,False,True,False,0,False,,,1.4679908325291555,3.0,False,True,60248.00001157408,60276.00001157408,weekly,10.0,sigma,computed,/home/lkoo/projects/AutomationDetection/DownloadedLC/incremental/quiescent_background_cache.csv,,,,,,False,not_in_flare_streak
4FGL J0538.8-4405,768,769,60283.00001157408,2.38e-07,3.25e-08,1.83e-07,1.9663055489964582e-07,1.371547932618683e-07,1.3662529373152041e-09,1.371547932618683e-07,1.3662529373152041e-09,2.58542e-07,2.58542e-07,1.371547932618683e-07,True,True,False,0,False,,,3.1001912565567937,3.0,True,True,60248.00001157408,60283.00001157408,weekly,10.0,sigma,computed,/home/lkoo/projects/AutomationDetection/DownloadedLC/incremental/quiescent_background_cache.csv,,,,,,False,not_in_flare_streak
4FGL J0538.8-4405,769,770,60290.00001157408,2.68e-07,3.35e-08,2.38e-07,1.9663055489964582e-07,1.371547932618683e-07,1.3662529373152041e-09,1.371547932618683e-07,1.3662529373152041e-09,2.58542e-07,2.58542e-07,1.371547932618683e-07,True,True,False,0,False,,,3.902582817231902,3.0,True,True,60248.00001157408,60290.00001157408,weekly,10.0,sigma,computed,/home/lkoo/projects/AutomationDetection/DownloadedLC/incremental/quiescent_background_cache.csv,,,,,,False,not_in_flare_streak
4FGL J0538.8-4405,770,771,60297.00001157408,3.24e-07,3.49e-08,2.68e-07,1.9663055489964582e-07,1.371547932618683e-07,1.3662529373152041e-09,1.371547932618683e-07,1.3662529373152041e-09,2.58542e-07,2.58542e-07,1.371547932618683e-07,True,True,False,0,False,,,5.349633162354782,3.0,True,True,60248.00001157408,60297.00001157408,weekly,10.0,sigma,computed,/home/lkoo/projects/AutomationDetection/DownloadedLC/incremental/quiescent_background_cache.csv,,,,,,False,not_in_flare_streak
4FGL J0538.8-4405,771,772,60304.00001157408,2.31e-07,3.73e-08,3.24e-07,1.9663055489964582e-07,1.371547932618683e-07,1.3662529373152041e-09,1.371547932618683e-07,1.3662529373152041e-09,2.58542e-07,2.58542e-07,1.371547932618683e-07,False,True,False,0,False,,,2.5142711939284488,3.0,False,True,60248.00001157408,60304.00001157408,weekly,10.0,sigma,computed,/home/lkoo/projects/AutomationDetection/DownloadedLC/incremental/quiescent_background_cache.csv,,,,,,False,not_in_flare_streak
4FGL J0538.8-4405,772,773,60311.00001157408,1.14e-07,2.51e-08,2.31e-07,1.9663055489964582e-07,1.371547932618683e-07,1.3662529373152041e-09,1.371547932618683e-07,1.3662529373152041e-09,2.58542e-07,2.58542e-07,1.371547932618683e-07,False,False,False,0,False,,,-0.9211381197904666,3.0,False,False,,,weekly,10.0,sigma,computed,/home/lkoo/projects/AutomationDetection/DownloadedLC/incremental/quiescent_background_cache.csv,,,,,,False,not_in_flare_streak
4FGL J0538.8-4405,773,774,60318.00001157408,1.5e-07,3.37e-08,1.14e-07,1.9663055489964582e-07,1.371547932618683e-07,1.3662529373152041e-09,1.371547932618683e-07,1.3662529373152041e-09,2.58542e-07,2.58542e-07,1.371547932618683e-07,True,True,False,0,False,,,0.3808505456887512,3.0,False,False,,,weekly,10.0,sigma,computed,/home/lkoo/projects/AutomationDetection/DownloadedLC/incremental/quiescent_background_cache.csv,,,,,,False,not_in_flare_streak
4FGL J0538.8-4405,774,775,60332.00001157408,1.81e-07,3.94e-08,1.5e-07,1.9663055489964582e-07,1.371547932618683e-07,1.3662529373152041e-09,1.371547932618683e-07,1.3662529373152041e-09,2.58542e-07,2.58542e-07,1.371547932618683e-07,True,True,False,0,False,,,1.1121540478849565,3.0,False,False,,,weekly,10.0,sigma,computed,/home/lkoo/projects/AutomationDetection/DownloadedLC/incremental/quiescent_background_cache.csv,,,,,,False,not_in_flare_streak
4FGL J0538.8-4405,775,776,60339.00001157408,1.13e-07,2.69e-08,1.81e-07,1.9663055489964582e-07,1.371547932618683e-07,1.3662529373152041e-09,1.371547932618683e-07,1.3662529373152041e-09,2.58542e-07,2.58542e-07,1.371547932618683e-07,False,False,False,0,False,,,-0.8967917538132121,3.0,False,False,,,weekly,10.0,sigma,computed,/home/lkoo/projects/AutomationDetection/DownloadedLC/incremental/quiescent_background_cache.csv,,,,,,False,not_in_flare_streak
4FGL J0538.8-4405,776,777,60346.00001157408,1.8e-07,2.86e-08,1.13e-07,1.9663055489964582e-07,1.371547932618683e-07,1.3662529373152041e-09,1.371547932618683e-07,1.3662529373152041e-09,2.58542e-07,2.58542e-07,1.371547932618683e-07,True,True,False,0,False,,,1.4963777006857286,3.0,False,False,,,weekly,10.0,sigma,computed,/home/lkoo/projects/AutomationDetection/DownloadedLC/incremental/quiescent_background_cache.csv,,,,,,False,not_in_flare_streak
4FGL J0538.8-4405,777,778,60353.00001157408,2.55e-07,3.29e-08,1.8e-07,1.9663055489964582e-07,1.371547932618683e-07,1.3662529373152041e-09,1.371547932618683e-07,1.3662529373152041e-09,2.58542e-07,2.58542e-07,1.371547932618683e-07,True,True,False,0,False,,,3.5788366035547288,3.0,True,True,60353.00001157408,60353.00001157408,weekly,10.0,sigma,computed,/home/lkoo/projects/AutomationDetection/DownloadedLC/incremental/quiescent_background_cache.csv,,,,,,False,not_in_flare_streak
4FGL J0538.8-4405,778,779,60360.00001157408,2.48e-07,3.02e-08,2.55e-07,1.9663055489964582e-07,1.371547932618683e-07,1.3662529373152041e-09,1.371547932618683e-07,1.3662529373152041e-09,2.58542e-07,2.58542e-07,1.371547932618683e-07,False,True,False,0,False,,,3.666620816156871,3.0,True,True,60353.00001157408,60360.00001157408,weekly,10.0,sigma,computed,/home/lkoo/projects/AutomationDetection/DownloadedLC/incremental/quiescent_background_cache.csv,,,,,,False,not_in_flare_streak
4FGL J0538.8-4405,779,780,60367.00001157408,2.64e-07,4.01e-08,2.48e-07,1.9663055489964582e-07,1.371547932618683e-07,1.3662529373152041e-09,1.371547932618683e-07,1.3662529373152041e-09,2.58542e-07,2.58542e-07,1.371547932618683e-07,True,True,False,0,False,,,3.1613877080470654,3.0,True,True,60353.00001157408,60367.00001157408,weekly,10.0,sigma,computed,/home/lkoo/projects/AutomationDetection/DownloadedLC/incremental/quiescent_background_cache.csv,,,,,,False,not_in_flare_streak
4FGL J0538.8-4405,780,781,60374.00001157408,1.71e-07,4.63e-08,2.64e-07,1.9663055489964582e-07,1.371547932618683e-07,1.3662529373152041e-09,1.371547932618683e-07,1.3662529373152041e-09,2.58542e-07,2.58542e-07,1.371547932618683e-07,False,True,False,0,False,,,0.7306799302069277,3.0,False,True,60353.00001157408,60374.00001157408,weekly,10.0,sigma,computed,/home/lkoo/projects/AutomationDetection/DownloadedLC/incremental/quiescent_background_cache.csv,,,,,,False,not_in_flare_streak
4FGL J0538.8-4405,781,782,60381.00001157408,2.58e-07,4.82e-08,1.71e-07,1.9663055489964582e-07,1.371547932618683e-07,1.3662529373152041e-09,1.371547932618683e-07,1.3662529373152041e-09,2.58542e-07,2.58542e-07,1.371547932618683e-07,True,True,False,0,False,,,2.5061553608853977,3.0,False,True,60353.00001157408,60381.00001157408,weekly,10.0,sigma,computed,/home/lkoo/projects/AutomationDetection/DownloadedLC/incremental/quiescent_background_cache.csv,,,,,,False,not_in_flare_streak
4FGL J0538.8-4405,782,783,60388.00001157408,1.89e-07,3.35e-08,2.58e-07,1.9663055489964582e-07,1.371547932618683e-07,1.3662529373152041e-09,1.371547932618683e-07,1.3662529373152041e-09,2.58542e-07,2.58542e-07,1.371547932618683e-07,False,True,False,0,False,,,1.5463326323982496,3.0,False,True,60353.00001157408,60388.00001157408,weekly,10.0,sigma,computed,/home/lkoo/projects/AutomationDetection/DownloadedLC/incremental/quiescent_background_cache.csv,,,,,,False,not_in_flare_streak
4FGL J0538.8-4405,783,784,60395.00001157408,1.64e-07,3.01e-08,1.89e-07,1.9663055489964582e-07,1.371547932618683e-07,1.3662529373152041e-09,1.371547932618683e-07,1.3662529373152041e-09,2.58542e-07,2.58542e-07,1.371547932618683e-07,False,True,False,0,False,,,0.8909499962201429,3.0,False,True,60353.00001157408,60395.00001157408,weekly,10.0,sigma,computed,/home/lkoo/projects/AutomationDetection/DownloadedLC/incremental/quiescent_background_cache.csv,,,,,,False,not_in_flare_streak
4FGL J0538.8-4405,784,785,60402.00001157408,1.96e-07,3.16e-08,1.64e-07,1.9663055489964582e-07,1.371547932618683e-07,1.3662529373152041e-09,1.371547932618683e-07,1.3662529373152041e-09,2.58542e-07,2.58542e-07,1.371547932618683e-07,True,True,False,0,False,,,1.8604519908697361,3.0,False,True,60353.00001157408,60402.00001157408,weekly,10.0,sigma,computed,/home/lkoo/projects/AutomationDetection/DownloadedLC/incremental/quiescent_background_cache.csv,,,,,,False,not_in_flare_streak
4FGL J0538.8-4405,785,786,60409.00001157408,1.96e-07,3.38e-08,1.96e-07,1.9663055489964582e-07,1.371547932618683e-07,1.3662529373152041e-09,1.371547932618683e-07,1.3662529373152041e-09,2.58542e-07,2.58542e-07,1.371547932618683e-07,False,True,False,0,False,,,1.7395618818851648,3.0,False,True,60353.00001157408,60409.00001157408,weekly,10.0,sigma,computed,/home/lkoo/projects/AutomationDetection/DownloadedLC/incremental/quiescent_background_cache.csv,,,,,,False,not_in_flare_streak
4FGL J0538.8-4405,786,787,60416.00001157408,1.53e-07,3.47e-08,1.96e-07,1.9663055489964582e-07,1.371547932618683e-07,1.3662529373152041e-09,1.371547932618683e-07,1.3662529373152041e-09,2.58542e-07,2.58542e-07,1.371547932618683e-07,False,True,False,0,False,,,0.4562806611204083,3.0,False,True,60353.00001157408,60416.00001157408,weekly,10.0,sigma,computed,/home/lkoo/projects/AutomationDetection/DownloadedLC/incremental/quiescent_background_cache.csv,,,,,,False,not_in_flare_streak
4FGL J0538.8-4405,787,788,60423.00001157408,1.68e-07,4.52e-08,1.53e-07,1.9663055489964582e-07,1.371547932618683e-07,1.3662529373152041e-09,1.371547932618683e-07,1.3662529373152041e-09,2.58542e-07,2.58542e-07,1.371547932618683e-07,True,True,False,0,False,,,0.6821045430741263,3.0,False,True,60353.00001157408,60423.00001157408,weekly,10.0,sigma,computed,/home/lkoo/projects/AutomationDetection/DownloadedLC/incremental/quiescent_background_cache.csv,,,,,,False,not_in_flare_streak
4FGL J0538.8-4405,788,789,60430.00001157408,2.28e-07,3.62e-08,1.68e-07,1.9663055489964582e-07,1.371547932618683e-07,1.3662529373152041e-09,1.371547932618683e-07,1.3662529373152041e-09,2.58542e-07,2.58542e-07,1.371547932618683e-07,True,True,False,0,False,,,2.507750659386085,3.0,False,True,60353.00001157408,60430.00001157408,weekly,10.0,sigma,computed,/home/lkoo/projects/AutomationDetection/DownloadedLC/incremental/quiescent_background_cache.csv,,,,,,False,not_in_flare_streak
4FGL J0538.8-4405,789,790,60437.00001157408,1.86e-07,2.91e-08,2.28e-07,1.9663055489964582e-07,1.371547932618683e-07,1.3662529373152041e-09,1.371547932618683e-07,1.3662529373152041e-09,2.58542e-07,2.58542e-07,1.371547932618683e-07,False,True,False,0,False,,,1.6766824792779451,3.0,False,True,60353.00001157408,60437.00001157408,weekly,10.0,sigma,computed,/home/lkoo/projects/AutomationDetection/DownloadedLC/incremental/quiescent_background_cache.csv,,,,,,False,not_in_flare_streak
4FGL J0538.8-4405,790,791,60444.00001157408,2.01e-07,3.32e-08,1.86e-07,1.9663055489964582e-07,1.371547932618683e-07,1.3662529373152041e-09,1.371547932618683e-07,1.3662529373152041e-09,2.58542e-07,2.58542e-07,1.371547932618683e-07,True,True,False,0,False,,,1.9214221166054106,3.0,False,True,60353.00001157408,60444.00001157408,weekly,10.0,sigma,computed,/home/lkoo/projects/AutomationDetection/DownloadedLC/incremental/quiescent_background_cache.csv,,,,,,False,not_in_flare_streak
4FGL J0538.8-4405,791,792,60451.00001157408,2.18e-07,3.34e-08,2.01e-07,1.9663055489964582e-07,1.371547932618683e-07,1.3662529373152041e-09,1.371547932618683e-07,1.3662529373152041e-09,2.58542e-07,2.58542e-07,1.371547932618683e-07,True,True,False,0,False,,,2.418492606781435,3.0,False,True,60353.00001157408,60451.00001157408,weekly,10.0,sigma,computed,/home/lkoo/projects/AutomationDetection/DownloadedLC/incremental/quiescent_background_cache.csv,,,,,,False,not_in_flare_streak
4FGL J0538.8-4405,792,793,60458.00001157408,2.09e-07,3.27e-08,2.18e-07,1.9663055489964582e-07,1.371547932618683e-07,1.3662529373152041e-09,1.371547932618683e-07,1.3662529373152041e-09,2.58542e-07,2.58542e-07,1.371547932618683e-07,False,True,False,0,False,,,2.1951859037481047,3.0,False,True,60353.00001157408,60458.00001157408,weekly,10.0,sigma,computed,/home/lkoo/projects/AutomationDetection/DownloadedLC/incremental/quiescent_background_cache.csv,,,,,,False,not_in_flare_streak
4FGL J0538.8-4405,793,794,60465.00001157408,2.88e-07,4.09e-08,2.09e-07,1.9663055489964582e-07,1.371547932618683e-07,1.3662529373152041e-09,1.371547932618683e-07,1.3662529373152041e-09,2.58542e-07,2.58542e-07,1.371547932618683e-07,True,True,False,0,False,,,3.6860908288674983,3.0,True,True,60353.00001157408,60465.00001157408,weekly,10.0,sigma,computed,/home/lkoo/projects/AutomationDetection/DownloadedLC/incremental/quiescent_background_cache.csv,,,,,,False,not_in_flare_streak
4FGL J0538.8-4405,794,795,60472.00001157408,2.73e-07,3.43e-08,2.88e-07,1.9663055489964582e-07,1.371547932618683e-07,1.3662529373152041e-09,1.371547932618683e-07,1.3662529373152041e-09,2.58542e-07,2.58542e-07,1.371547932618683e-07,False,True,False,0,False,,,3.9573634748286595,3.0,True,True,60353.00001157408,60472.00001157408,weekly,10.0,sigma,computed,/home/lkoo/projects/AutomationDetection/DownloadedLC/incremental/quiescent_background_cache.csv,,,,,,False,not_in_flare_streak
4FGL J0538.8-4405,795,796,60479.00001157408,2.15e-07,3.42e-08,2.73e-07,1.9663055489964582e-07,1.371547932618683e-07,1.3662529373152041e-09,1.371547932618683e-07,1.3662529373152041e-09,2.58542e-07,2.58542e-07,1.371547932618683e-07,False,True,False,0,False,,,2.274361514259128,3.0,False,True,60353.00001157408,60479.00001157408,weekly,10.0,sigma,computed,/home/lkoo/projects/AutomationDetection/DownloadedLC/incremental/quiescent_background_cache.csv,,,,,,False,not_in_flare_streak
4FGL J0538.8-4405,796,797,60486.00001157408,2.14e-07,3.41e-08,2.15e-07,1.9663055489964582e-07,1.371547932618683e-07,1.3662529373152041e-09,1.371547932618683e-07,1.3662529373152041e-09,2.58542e-07,2.58542e-07,1.371547932618683e-07,False,True,False,0,False,,,2.2517185185863244,3.0,False,True,60353.00001157408,60486.00001157408,weekly,10.0,sigma,computed,/home/lkoo/projects/AutomationDetection/DownloadedLC/incremental/quiescent_background_cache.csv,,,,,,False,not_in_flare_streak
4FGL J0538.8-4405,797,798,60493.00001157408,2.27e-07,3.73e-08,2.14e-07,1.9663055489964582e-07,1.371547932618683e-07,1.3662529373152041e-09,1.371547932618683e-07,1.3662529373152041e-09,2.58542e-07,2.58542e-07,1.371547932618683e-07,True,True,False,0,False,,,2.4071044549411575,3.0,False,True,60353.00001157408,60493.00001157408,weekly,10.0,sigma,computed,/home/lkoo/projects/AutomationDetection/DownloadedLC/incremental/quiescent_background_cache.csv,,,,,,False,not_in_flare_streak
4FGL J0538.8-4405,798,799,60500.00001157408,2.38e-07,3.37e-08,2.27e-07,1.9663055489964582e-07,1.371547932618683e-07,1.3662529373152041e-09,1.371547932618683e-07,1.3662529373152041e-09,2.58542e-07,2.58542e-07,1.371547932618683e-07,True,True,False,0,False,,,2.989983174213872,3.0,False,True,60353.00001157408,60500.00001157408,weekly,10.0,sigma,computed,/home/lkoo/projects/AutomationDetection/DownloadedLC/incremental/quiescent_background_cache.csv,,,,,,False,not_in_flare_streak
4FGL J0538.8-4405,799,800,60507.00001157408,2.55e-07,3.57e-08,2.38e-07,1.9663055489964582e-07,1.371547932618683e-07,1.3662529373152041e-09,1.371547932618683e-07,1.3662529373152041e-09,2.58542e-07,2.58542e-07,1.371547932618683e-07,True,True,False,0,False,,,3.2985714855007924,3.0,True,True,60353.00001157408,60507.00001157408,weekly,10.0,sigma,computed,/home/lkoo/projects/AutomationDetection/DownloadedLC/incremental/quiescent_background_cache.csv,,,,,,False,not_in_flare_streak
4FGL J0538.8-4405,800,801,60514.00001157408,2.66e-07,3.36e-08,2.55e-07,1.9663055489964582e-07,1.371547932618683e-07,1.3662529373152041e-09,1.371547932618683e-07,1.3662529373152041e-09,2.58542e-07,2.58542e-07,1.371547932618683e-07,True,True,False,0,False,,,3.8315125270199704,3.0,True,True,60353.00001157408,60514.00001157408,weekly,10.0,sigma,computed,/home/lkoo/projects/AutomationDetection/DownloadedLC/incremental/quiescent_background_cache.csv,,,,,,False,not_in_flare_streak
4FGL J0538.8-4405,801,802,60521.00001157408,2.61e-07,3.18e-08,2.66e-07,1.9663055489964582e-07,1.371547932618683e-07,1.3662529373152041e-09,1.371547932618683e-07,1.3662529373152041e-09,2.58542e-07,2.58542e-07,1.371547932618683e-07,False,True,False,0,False,,,3.890913894839727,3.0,True,True,60353.00001157408,60521.00001157408,weekly,10.0,sigma,computed,/home/lkoo/projects/AutomationDetection/DownloadedLC/incremental/quiescent_background_cache.csv,,,,,,False,not_in_flare_streak
4FGL J0538.8-4405,802,803,60528.00001157408,2.56e-07,3.95e-08,2.61e-07,1.9663055489964582e-07,1.371547932618683e-07,1.3662529373152041e-09,1.371547932618683e-07,1.3662529373152041e-09,2.58542e-07,2.58542e-07,1.371547932618683e-07,False,True,False,0,False,,,3.006941231212676,3.0,True,True,60353.00001157408,60528.00001157408,weekly,10.0,sigma,computed,/home/lkoo/projects/AutomationDetection/DownloadedLC/incremental/quiescent_background_cache.csv,,,,,,False,not_in_flare_streak
4FGL J0538.8-4405,803,804,60535.00001157408,2.24e-07,4.18e-08,2.56e-07,1.9663055489964582e-07,1.371547932618683e-07,1.3662529373152041e-09,1.371547932618683e-07,1.3662529373152041e-09,2.58542e-07,2.58542e-07,1.371547932618683e-07,False,True,False,0,False,,,2.0765276017642265,3.0,False,True,60353.00001157408,60535.00001157408,weekly,10.0,sigma,computed,/home/lkoo/projects/AutomationDetection/DownloadedLC/incremental/quiescent_background_cache.csv,,,,,,False,not_in_flare_streak
4FGL J0538.8-4405,804,805,60542.00001157408,2.36e-07,4.14e-08,2.24e-07,1.9663055489964582e-07,1.371547932618683e-07,1.3662529373152041e-09,1.371547932618683e-07,1.3662529373152041e-09,2.58542e-07,2.58542e-07,1.371547932618683e-07,True,True,False,0,False,,,2.386266311050638,3.0,False,True,60353.00001157408,60542.00001157408,weekly,10.0,sigma,computed,/home/lkoo/projects/AutomationDetection/DownloadedLC/incremental/quiescent_background_cache.csv,,,,,,False,not_in_flare_streak
4FGL J0538.8-4405,805,806,60549.00001157408,2.35e-07,3.49e-08,2.36e-07,1.9663055489964582e-07,1.371547932618683e-07,1.3662529373152041e-09,1.371547932618683e-07,1.3662529373152041e-09,2.58542e-07,2.58542e-07,1.371547932618683e-07,False,True,False,0,False,,,2.8014417489305874,3.0,False,True,60353.00001157408,60549.00001157408,weekly,10.0,sigma,computed,/home/lkoo/projects/AutomationDetection/DownloadedLC/incremental/quiescent_background_cache.csv,,,,,,False,not_in_flare_streak
4FGL J0538.8-4405,806,807,60563.00001157408,2.44e-07,3.41e-08,2.35e-07,1.9663055489964582e-07,1.371547932618683e-07,1.3662529373152041e-09,1.371547932618683e-07,1.3662529373152041e-09,2.58542e-07,2.58542e-07,1.371547932618683e-07,True,True,False,0,False,,,3.130778624284104,3.0,True,True,60353.00001157408,60563.00001157408,weekly,10.0,sigma,computed,/home/lkoo/projects/AutomationDetection/DownloadedLC/incremental/quiescent_background_cache.csv,,,,,,False,not_in_flare_streak
4FGL J0538.8-4405,807,808,60570.00001157408,2.16e-07,3.57e-08,2.44e-07,1.9663055489964582e-07,1.371547932618683e-07,1.3662529373152041e-09,1.371547932618683e-07,1.3662529373152041e-09,2.58542e-07,2.58542e-07,1.371547932618683e-07,False,True,False,0,False,,,2.206933637044247,3.0,False,True,60353.00001157408,60570.00001157408,weekly,10.0,sigma,computed,/home/lkoo/projects/AutomationDetection/DownloadedLC/incremental/quiescent_background_cache.csv,,,,,,False,not_in_flare_streak
4FGL J0538.8-4405,808,809,60577.00001157408,2.95e-07,5.3e-08,2.16e-07,1.9663055489964582e-07,1.371547932618683e-07,1.3662529373152041e-09,1.371547932618683e-07,1.3662529373152041e-09,2.58542e-07,2.58542e-07,1.371547932618683e-07,True,True,False,0,False,,,2.977222394745391,3.0,False,True,60353.00001157408,60577.00001157408,weekly,10.0,sigma,computed,/home/lkoo/projects/AutomationDetection/DownloadedLC/incremental/quiescent_background_cache.csv,,,,,,False,not_in_flare_streak
4FGL J0538.8-4405,809,810,60584.00001157408,2.47e-07,5.1e-08,2.95e-07,1.9663055489964582e-07,1.371547932618683e-07,1.3662529373152041e-09,1.371547932618683e-07,1.3662529373152041e-09,2.58542e-07,2.58542e-07,1.371547932618683e-07,False,True,False,0,False,,,2.153055135333254,3.0,False,True,60353.00001157408,60584.00001157408,weekly,10.0,sigma,computed,/home/lkoo/projects/AutomationDetection/DownloadedLC/incremental/quiescent_background_cache.csv,,,,,,False,not_in_flare_streak
4FGL J0538.8-4405,810,811,60591.00001157408,2.56e-07,3.84e-08,2.47e-07,1.9663055489964582e-07,1.371547932618683e-07,1.3662529373152041e-09,1.371547932618683e-07,1.3662529373152041e-09,2.58542e-07,2.58542e-07,1.371547932618683e-07,True,True,False,0,False,,,3.0929701808384156,3.0,True,True,60353.00001157408,60591.00001157408,weekly,10.0,sigma,computed,/home/lkoo/projects/AutomationDetection/DownloadedLC/incremental/quiescent_background_cache.csv,,,,,,False,not_in_flare_streak
4FGL J0538.8-4405,811,812,60598.00001157408,2.09e-07,2.88e-08,2.56e-07,1.9663055489964582e-07,1.371547932618683e-07,1.3662529373152041e-09,1.371547932618683e-07,1.3662529373152041e-09,2.58542e-07,2.58542e-07,1.371547932618683e-07,False,True,False,0,False,,,2.491822897482594,3.0,False,True,60353.00001157408,60598.00001157408,weekly,10.0,sigma,computed,/home/lkoo/projects/AutomationDetection/DownloadedLC/incremental/quiescent_background_cache.csv,,,,,,False,not_in_flare_streak
4FGL J0538.8-4405,812,813,60605.00001157408,2.79e-07,3.88e-08,2.09e-07,1.9663055489964582e-07,1.371547932618683e-07,1.3662529373152041e-09,1.371547932618683e-07,1.3662529373152041e-09,2.58542e-07,2.58542e-07,1.371547932618683e-07,True,True,False,0,False,,,3.6535399238611355,3.0,True,True,60353.00001157408,60605.00001157408,weekly,10.0,sigma,computed,/home/lkoo/projects/AutomationDetection/DownloadedLC/incremental/quiescent_background_cache.csv,,,,,,False,not_in_flare_streak
4FGL J0538.8-4405,813,814,60612.00001157408,4.15e-07,4.07e-08,2.79e-07,1.9663055489964582e-07,1.371547932618683e-07,1.3662529373152041e-09,1.371547932618683e-07,1.3662529373152041e-09,2.58542e-07,2.58542e-07,1.371547932618683e-07,True,True,False,0,False,,,6.822820426465463,3.0,True,True,60353.00001157408,60612.00001157408,weekly,10.0,sigma,computed,/home/lkoo/projects/AutomationDetection/DownloadedLC/incremental/quiescent_background_cache.csv,,,,,,False,not_in_flare_streak
4FGL J0538.8-4405,814,815,60619.00001157408,1.64e-07,2.82e-08,4.15e-07,1.9663055489964582e-07,1.371547932618683e-07,1.3662529373152041e-09,1.371547932618683e-07,1.3662529373152041e-09,2.58542e-07,2.58542e-07,1.371547932618683e-07,False,True,False,0,False,,,0.9508423954767291,3.0,False,True,60353.00001157408,60619.00001157408,weekly,10.0,sigma,computed,/home/lkoo/projects/AutomationDetection/DownloadedLC/incremental/quiescent_background_cache.csv,,,,,,False,not_in_flare_streak
4FGL J0538.8-4405,815,816,60626.00001157408,1.94e-07,4.12e-08,1.64e-07,1.9663055489964582e-07,1.371547932618683e-07,1.3662529373152041e-09,1.371547932618683e-07,1.3662529373152041e-09,2.58542e-07,2.58542e-07,1.371547932618683e-07,True,True,False,0,False,,,1.3789800150427003,3.0,False,True,60353.00001157408,60626.00001157408,weekly,10.0,sigma,computed,/home/lkoo/projects/AutomationDetection/DownloadedLC/incremental/quiescent_background_cache.csv,,,,,,False,not_in_flare_streak
4FGL J0538.8-4405,816,817,60633.00001157408,1.55e-07,3.22e-08,1.94e-07,1.9663055489964582e-07,1.371547932618683e-07,1.3662529373152041e-09,1.371547932618683e-07,1.3662529373152041e-09,2.58542e-07,2.58542e-07,1.371547932618683e-07,False,True,False,0,False,,,0.5537007709832303,3.0,False,True,60353.00001157408,60633.00001157408,weekly,10.0,sigma,computed,/home/lkoo/projects/AutomationDetection/DownloadedLC/incremental/quiescent_background_cache.csv,,,,,,False,not_in_flare_streak
4FGL J0538.8-4405,817,818,60640.00001157408,1.86e-07,3.29e-08,1.55e-07,1.9663055489964582e-07,1.371547932618683e-07,1.3662529373152041e-09,1.371547932618683e-07,1.3662529373152041e-09,2.58542e-07,2.58542e-07,1.371547932618683e-07,True,True,False,0,False,,,1.483378226583908,3.0,False,True,60353.00001157408,60640.00001157408,weekly,10.0,sigma,computed,/home/lkoo/projects/AutomationDetection/DownloadedLC/incremental/quiescent_background_cache.csv,,,,,,False,not_in_flare_streak
4FGL J0538.8-4405,818,819,60647.00001157408,3.03e-07,3.54e-08,1.86e-07,1.9663055489964582e-07,1.371547932618683e-07,1.3662529373152041e-09,1.371547932618683e-07,1.3662529373152041e-09,2.58542e-07,2.58542e-07,1.371547932618683e-07,True,True,False,0,False,,,4.681407542932778,3.0,True,True,60353.00001157408,60647.00001157408,weekly,10.0,sigma,computed,/home/lkoo/projects/AutomationDetection/DownloadedLC/incremental/quiescent_background_cache.csv,,,,,,False,not_in_flare_streak
4FGL J0538.8-4405,819,820,60654.00001157408,2.27e-07,3.86e-08,3.03e-07,1.9663055489964582e-07,1.371547932618683e-07,1.3662529373152041e-09,1.371547932618683e-07,1.3662529373152041e-09,2.58542e-07,2.58542e-07,1.371547932618683e-07,False,True,False,0,False,,,2.326139372199148,3.0,False,True,60353.00001157408,60654.00001157408,weekly,10.0,sigma,computed,/home/lkoo/projects/AutomationDetection/DownloadedLC/incremental/quiescent_background_cache.csv,,,,,,False,not_in_flare_streak
4FGL J0538.8-4405,820,821,60661.00001157408,1.4e-07,3.64e-08,2.27e-07,1.9663055489964582e-07,1.371547932618683e-07,1.3662529373152041e-09,1.371547932618683e-07,1.3662529373152041e-09,2.58542e-07,2.58542e-07,1.371547932618683e-07,False,True,False,0,False,,,0.07811001766697624,3.0,False,True,60353.00001157408,60661.00001157408,weekly,10.0,sigma,computed,/home/lkoo/projects/AutomationDetection/DownloadedLC/incremental/quiescent_background_cache.csv,,,,,,False,not_in_flare_streak
4FGL J0538.8-4405,821,822,60675.00001157408,2.01e-07,3.79e-08,1.4e-07,1.9663055489964582e-07,1.371547932618683e-07,1.3662529373152041e-09,1.371547932618683e-07,1.3662529373152041e-09,2.58542e-07,2.58542e-07,1.371547932618683e-07,True,True,False,0,False,,,1.6834765959315638,3.0,False,True,60353.00001157408,60675.00001157408,weekly,10.0,sigma,computed,/home/lkoo/projects/AutomationDetection/DownloadedLC/incremental/quiescent_background_cache.csv,,,,,,False,not_in_flare_streak
4FGL J0538.8-4405,822,823,60682.00001157408,1.53e-07,2.76e-08,2.01e-07,1.9663055489964582e-07,1.371547932618683e-07,1.3662529373152041e-09,1.371547932618683e-07,1.3662529373152041e-09,2.58542e-07,2.58542e-07,1.371547932618683e-07,False,True,False,0,False,,,0.5733995826630162,3.0,False,True,60353.00001157408,60682.00001157408,weekly,10.0,sigma,computed,/home/lkoo/projects/AutomationDetection/DownloadedLC/incremental/quiescent_background_cache.csv,,,,,,False,not_in_flare_streak
4FGL J0538.8-4405,823,824,60689.00001157408,9.65e-08,2.96e-08,1.53e-07,1.9663055489964582e-07,1.371547932618683e-07,1.3662529373152041e-09,1.371547932618683e-07,1.3662529373152041e-09,2.58542e-07,2.58542e-07,1.371547932618683e-07,False,False,False,0,False,,,-1.3720119963989619,3.0,False,False,,,weekly,10.0,sigma,computed,/home/lkoo/projects/AutomationDetection/DownloadedLC/incremental/quiescent_background_cache.csv,,,,,,False,not_in_flare_streak
4FGL J0538.8-4405,824,825,60696.00001157408,5.63e-08,2.92e-08,9.65e-08,1.9663055489964582e-07,1.371547932618683e-07,1.3662529373152041e-09,1.371547932618683e-07,1.3662529373152041e-09,2.58542e-07,2.58542e-07,1.371547932618683e-07,False,False,False,0,False,,,-2.765973712505333,3.0,False,False,,,weekly,10.0,sigma,computed,/home/lkoo/projects/AutomationDetection/DownloadedLC/incremental/quiescent_background_cache.csv,,,,,,False,not_in_flare_streak
4FGL J0538.8-4405,825,826,60703.00001157408,1.67e-07,3.31e-08,5.63e-08,1.9663055489964582e-07,1.371547932618683e-07,1.3662529373152041e-09,1.371547932618683e-07,1.3662529373152041e-09,2.58542e-07,2.58542e-07,1.371547932618683e-07,True,True,False,0,False,,,0.9009007484322639,3.0,False,False,,,weekly,10.0,sigma,computed,/home/lkoo/projects/AutomationDetection/DownloadedLC/incremental/quiescent_background_cache.csv,,,,,,False,not_in_flare_streak
4FGL J0538.8-4405,826,827,60710.00001157408,1.69e-07,2.96e-08,1.67e-07,1.9663055489964582e-07,1.371547932618683e-07,1.3662529373152041e-09,1.371547932618683e-07,1.3662529373152041e-09,2.58542e-07,2.58542e-07,1.371547932618683e-07,True,True,False,0,False,,,1.0747073633135928,3.0,False,False,,,weekly,10.0,sigma,computed,/home/lkoo/projects/AutomationDetection/DownloadedLC/incremental/quiescent_background_cache.csv,,,,,,False,not_in_flare_streak
4FGL J0538.8-4405,827,828,60717.00001157408,2.15e-07,3.27e-08,1.69e-07,1.9663055489964582e-07,1.371547932618683e-07,1.3662529373152041e-09,1.371547932618683e-07,1.3662529373152041e-09,2.58542e-07,2.58542e-07,1.371547932618683e-07,True,True,False,0,False,,,2.3785121967671503,3.0,False,False,,,weekly,10.0,sigma,computed,/home/lkoo/projects/AutomationDetection/DownloadedLC/incremental/quiescent_background_cache.csv,,,,,,False,not_in_flare_streak
4FGL J0538.8-4405,828,829,60724.00001157408,2.08e-07,2.89e-08,2.15e-07,1.9663055489964582e-07,1.371547932618683e-07,1.3662529373152041e-09,1.371547932618683e-07,1.3662529373152041e-09,2.58542e-07,2.58542e-07,1.371547932618683e-07,False,True,False,0,False,,,2.4486564594653,3.0,False,False,,,weekly,10.0,sigma,computed,/home/lkoo/projects/AutomationDetection/DownloadedLC/incremental/quiescent_background_cache.csv,,,,,,False,not_in_flare_streak
4FGL J0538.8-4405,829,830,60731.00001157408,1.68e-07,3.14e-08,2.08e-07,1.9663055489964582e-07,1.371547932618683e-07,1.3662529373152041e-09,1.371547932618683e-07,1.3662529373152041e-09,2.58542e-07,2.58542e-07,1.371547932618683e-07,False,True,False,0,False,,,0.981402854385813,3.0,False,False,,,weekly,10.0,sigma,computed,/home/lkoo/projects/AutomationDetection/DownloadedLC/incremental/quiescent_background_cache.csv,,,,,,False,not_in_flare_streak
4FGL J0538.8-4405,830,831,60738.00001157408,3.29e-07,5.65e-08,1.68e-07,1.9663055489964582e-07,1.371547932618683e-07,1.3662529373152041e-09,1.371547932618683e-07,1.3662529373152041e-09,2.58542e-07,2.58542e-07,1.371547932618683e-07,True,True,False,0,False,,,3.3944980746293747,3.0,True,True,60738.00001157408,60738.00001157408,weekly,10.0,sigma,computed,/home/lkoo/projects/AutomationDetection/DownloadedLC/incremental/quiescent_background_cache.csv,,,,,,False,not_in_flare_streak
4FGL J0538.8-4405,831,832,60745.00001157408,4.07e-07,6.08e-08,3.29e-07,1.9663055489964582e-07,1.371547932618683e-07,1.3662529373152041e-09,1.371547932618683e-07,1.3662529373152041e-09,2.58542e-07,2.58542e-07,1.371547932618683e-07,True,True,False,0,False,,,4.437123393299343,3.0,True,True,60738.00001157408,60745.00001157408,weekly,10.0,sigma,computed,/home/lkoo/projects/AutomationDetection/DownloadedLC/incremental/quiescent_background_cache.csv,,,,,,False,not_in_flare_streak
4FGL J0538.8-4405,832,833,60752.00001157408,2.77e-07,4.2e-08,4.07e-07,1.9663055489964582e-07,1.371547932618683e-07,1.3662529373152041e-09,1.371547932618683e-07,1.3662529373152041e-09,2.58542e-07,2.58542e-07,1.371547932618683e-07,False,True,False,0,False,,,3.3278874764828,3.0,True,True,60738.00001157408,60752.00001157408,weekly,10.0,sigma,computed,/home/lkoo/projects/AutomationDetection/DownloadedLC/incremental/quiescent_background_cache.csv,,,,,,False,not_in_flare_streak
4FGL J0538.8-4405,833,834,60759.00001157408,1.32e-07,3.18e-08,2.77e-07,1.9663055489964582e-07,1.371547932618683e-07,1.3662529373152041e-09,1.371547932618683e-07,1.3662529373152041e-09,2.58542e-07,2.58542e-07,1.371547932618683e-07,False,False,False,0,False,,,-0.16195101333263132,3.0,False,False,,,weekly,10.0,sigma,computed,/home/lkoo/projects/AutomationDetection/DownloadedLC/incremental/quiescent_background_cache.csv,,,,,,False,not_in_flare_streak
4FGL J0538.8-4405,834,835,60766.00001157408,1.72e-07,3.11e-08,1.32e-07,1.9663055489964582e-07,1.371547932618683e-07,1.3662529373152041e-09,1.371547932618683e-07,1.3662529373152041e-09,2.58542e-07,2.58542e-07,1.371547932618683e-07,True,True,False,0,False,,,1.1193450461006158,3.0,False,False,,,weekly,10.0,sigma,computed,/home/lkoo/projects/AutomationDetection/DownloadedLC/incremental/quiescent_background_cache.csv,,,,,,False,not_in_flare_streak
4FGL J0538.8-4405,835,836,60773.00001157408,2.17e-07,3.52e-08,1.72e-07,1.9663055489964582e-07,1.371547932618683e-07,1.3662529373152041e-09,1.371547932618683e-07,1.3662529373152041e-09,2.58542e-07,2.58542e-07,1.371547932618683e-07,True,True,False,0,False,,,2.266623015171435,3.0,False,False,,,weekly,10.0,sigma,computed,/home/lkoo/projects/AutomationDetection/DownloadedLC/incremental/quiescent_background_cache.csv,,,,,,False,not_in_flare_streak
4FGL J0538.8-4405,836,837,60780.00001157408,2.11e-07,4.04e-08,2.17e-07,1.9663055489964582e-07,1.371547932618683e-07,1.3662529373152041e-09,1.371547932618683e-07,1.3662529373152041e-09,2.58542e-07,2.58542e-07,1.371547932618683e-07,False,True,False,0,False,,,1.826807321063372,3.0,False,False,,,weekly,10.0,sigma,computed,/home/lkoo/projects/AutomationDetection/DownloadedLC/incremental/quiescent_background_cache.csv,,,,,,False,not_in_flare_streak
4FGL J0538.8-4405,837,838,60787.00001157408,1.32e-07,3.7e-08,2.11e-07,1.9663055489964582e-07,1.371547932618683e-07,1.3662529373152041e-09,1.371547932618683e-07,1.3662529373152041e-09,2.58542e-07,2.58542e-07,1.371547932618683e-07,False,False,False,0,False,,,-0.13922385248609787,3.0,False,False,,,weekly,10.0,sigma,computed,/home/lkoo/projects/AutomationDetection/DownloadedLC/incremental/quiescent_background_cache.csv,,,,,,False,not_in_flare_streak
4FGL J0538.8-4405,838,839,60794.00001157408,1.5e-07,3.26e-08,1.32e-07,1.9663055489964582e-07,1.371547932618683e-07,1.3662529373152041e-09,1.371547932618683e-07,1.3662529373152041e-09,2.58542e-07,2.58542e-07,1.371547932618683e-07,True,True,False,0,False,,,0.3936791663466296,3.0,False,False,,,weekly,10.0,sigma,computed,/home/lkoo/projects/AutomationDetection/DownloadedLC/incremental/quiescent_background_cache.csv,,,,,,False,not_in_flare_streak
4FGL J0538.8-4405,839,840,60801.00001157408,2.15e-07,3.27e-08,1.5e-07,1.9663055489964582e-07,1.371547932618683e-07,1.3662529373152041e-09,1.371547932618683e-07,1.3662529373152041e-09,2.58542e-07,2.58542e-07,1.371547932618683e-07,True,True,False,0,False,,,2.3785121967671503,3.0,False,False,,,weekly,10.0,sigma,computed,/home/lkoo/projects/AutomationDetection/DownloadedLC/incremental/quiescent_background_cache.csv,,,,,,False,not_in_flare_streak
4FGL J0538.8-4405,840,841,60808.00001157408,2.39e-07,3.16e-08,2.15e-07,1.9663055489964582e-07,1.371547932618683e-07,1.3662529373152041e-09,1.371547932618683e-07,1.3662529373152041e-09,2.58542e-07,2.58542e-07,1.371547932618683e-07,True,True,False,0,False,,,3.219941404568389,3.0,True,True,60808.00001157408,60808.00001157408,weekly,10.0,sigma,computed,/home/lkoo/projects/AutomationDetection/DownloadedLC/incremental/quiescent_background_cache.csv,,,,,,False,not_in_flare_streak
4FGL J0538.8-4405,841,842,60815.00001157408,2.23e-07,3.34e-08,2.39e-07,1.9663055489964582e-07,1.371547932618683e-07,1.3662529373152041e-09,1.371547932618683e-07,1.3662529373152041e-09,2.58542e-07,2.58542e-07,1.371547932618683e-07,False,True,False,0,False,,,2.5680681168432287,3.0,False,True,60808.00001157408,60815.00001157408,weekly,10.0,sigma,computed,/home/lkoo/projects/AutomationDetection/DownloadedLC/incremental/quiescent_background_cache.csv,,,,,,False,not_in_flare_streak
4FGL J0538.8-4405,842,843,60822.00001157408,1.75e-07,3.29e-08,2.23e-07,1.9663055489964582e-07,1.371547932618683e-07,1.3662529373152041e-09,1.371547932618683e-07,1.3662529373152041e-09,2.58542e-07,2.58542e-07,1.371547932618683e-07,False,True,False,0,False,,,1.1493196447479797,3.0,False,True,60808.00001157408,60822.00001157408,weekly,10.0,sigma,computed,/home/lkoo/projects/AutomationDetection/DownloadedLC/incremental/quiescent_background_cache.csv,,,,,,False,not_in_flare_streak
4FGL J0538.8-4405,843,844,60829.00001157408,1.7e-07,3.56e-08,1.75e-07,1.9663055489964582e-07,1.371547932618683e-07,1.3662529373152041e-09,1.371547932618683e-07,1.3662529373152041e-09,2.58542e-07,2.58542e-07,1.371547932618683e-07,False,True,False,0,False,,,0.9219394715525213,3.0,False,True,60808.00001157408,60829.00001157408,weekly,10.0,sigma,computed,/home/lkoo/projects/AutomationDetection/DownloadedLC/incremental/quiescent_background_cache.csv,,,,,,False,not_in_flare_streak
4FGL J0538.8-4405,844,845,60836.00001157408,1.7e-07,2.93e-08,1.7e-07,1.9663055489964582e-07,1.371547932618683e-07,1.3662529373152041e-09,1.371547932618683e-07,1.3662529373152041e-09,2.58542e-07,2.58542e-07,1.371547932618683e-07,False,True,False,0,False,,,1.1197800880605893,3.0,False,True,60808.00001157408,60836.00001157408,weekly,10.0,sigma,computed,/home/lkoo/projects/AutomationDetection/DownloadedLC/incremental/quiescent_background_cache.csv,,,,,,False,not_in_flare_streak
4FGL J0538.8-4405,845,846,60843.00001157408,1.64e-07,3.17e-08,1.7e-07,1.9663055489964582e-07,1.371547932618683e-07,1.3662529373152041e-09,1.371547932618683e-07,1.3662529373152041e-09,2.58542e-07,2.58542e-07,1.371547932618683e-07,False,True,False,0,False,,,0.8460665009912928,3.0,False,True,60808.00001157408,60843.00001157408,weekly,10.0,sigma,computed,/home/lkoo/projects/AutomationDetection/DownloadedLC/incremental/quiescent_background_cache.csv,,,,,,False,not_in_flare_streak
4FGL J0538.8-4405,846,847,60850.00001157408,1.14e-07,2.83e-08,1.64e-07,1.9663055489964582e-07,1.371547932618683e-07,1.3662529373152041e-09,1.371547932618683e-07,1.3662529373152041e-09,2.58542e-07,2.58542e-07,1.371547932618683e-07,False,False,False,0,False,,,-0.8172387532136604,3.0,False,False,,,weekly,10.0,sigma,computed,/home/lkoo/projects/AutomationDetection/DownloadedLC/incremental/quiescent_background_cache.csv,,,,,,False,not_in_flare_streak
