Name,previous_bin_count,current_bin_count,new_point_mjd,new_point_flux,new_point_flux_error,previous_point_flux,average_flux_full_series,previous_quiescent_background,previous_quiescent_background_error,current_quiescent_background,current_quiescent_background_error,previous_detection_threshold,current_detection_threshold,flare_flux_threshold,above_previous_flux,above_flare_flux_threshold,potential_flare_point,consecutive_potential_flare_points,flare_active,flare_start_mjd,flare_end_mjd,confirmed_sigma_delta,confirmed_sigma_threshold,confirmed_start_trigger,confirmed_flare_active,confirmed_flare_start_mjd,confirmed_flare_end_mjd,cadence,lookback_weeks,detection_method,quiescent_background_origin,quiescent_background_cache_path,flare_duration_seconds,streak_mean_flux,source_counts_0p2_5MeV,background_counts,mdp99_percent,mdp99_available,mdp99_reason
4FGL J0403.9-3605,1,2,54704.00001157408,7.94e-08,4.19e-08,5.32e-08,2.155675595238095e-07,6.32769230769231e-08,8.402468660568555e-09,6.32769230769231e-08,8.402468660568555e-09,8.73e-08,8.73e-08,6.32769230769231e-08,True,True,True,1,False,54704.00001157408,,0.3772874783334961,2.0,False,False,,,weekly,30.0,both,cache,/home/lkoo/projects/AutomationDetection/DownloadedLC/incremental/quiescent_background_cache.csv,604800.0,7.94e-08,66.27009273951683,151200.0,8392.46441055237,True,ok
4FGL J0403.9-3605,2,3,54711.00001157408,1.01e-07,4.05e-08,7.94e-08,2.155675595238095e-07,6.32769230769231e-08,8.402468660568555e-09,6.32769230769231e-08,8.402468660568555e-09,8.73e-08,8.73e-08,6.32769230769231e-08,True,True,True,2,False,54704.00001157408,,0.9120128434625288,2.0,False,False,,,weekly,30.0,both,cache,/home/lkoo/projects/AutomationDetection/DownloadedLC/incremental/quiescent_background_cache.csv,1209600.0,9.02e-08,150.56832153915408,302400.0,5223.978908912348,True,ok
4FGL J0403.9-3605,3,4,54718.00001157408,4.85e-08,3.01e-08,1.01e-07,2.155675595238095e-07,6.32769230769231e-08,8.402468660568555e-09,6.32769230769231e-08,8.402468660568555e-09,8.73e-08,8.73e-08,6.32769230769231e-08,False,False,False,0,False,,,-0.47284968069822664,2.0,False,False,,,weekly,30.0,both,cache,/home/lkoo/projects/AutomationDetection/DownloadedLC/incremental/quiescent_background_cache.csv,,,,,,False,not_in_flare_streak
4FGL J0403.9-3605,4,5,54725.00001157408,5.67e-08,2.55e-08,4.85e-08,2.155675595238095e-07,6.32769230769231e-08,8.402468660568555e-09,6.32769230769231e-08,8.402468660568555e-09,8.73e-08,8.73e-08,6.32769230769231e-08,True,False,False,0,False,,,-0.2449626464747573,2.0,False,False,,,weekly,30.0,both,cache,/home/lkoo/projects/AutomationDetection/DownloadedLC/incremental/quiescent_background_cache.csv,,,,,,False,not_in_flare_streak
4FGL J0403.9-3605,5,6,54739.00001157408,6.09e-08,3.3e-08,5.67e-08,2.155675595238095e-07,6.32769230769231e-08,8.402468660568555e-09,6.32769230769231e-08,8.402468660568555e-09,8.73e-08,8.73e-08,6.32769230769231e-08,True,False,False,0,False,,,-0.06980085569444194,2.0,False,False,,,weekly,30.0,both,cache,/home/lkoo/projects/AutomationDetection/DownloadedLC/incremental/quiescent_background_cache.csv,,,,,,False,not_in_flare_streak
4FGL J0403.9-3605,6,7,54774.00001157408,3.49e-08,2.66e-08,6.09e-08,2.155675595238095e-07,6.32769230769231e-08,8.402468660568555e-09,6.32769230769231e-08,8.402468660568555e-09,8.73e-08,8.73e-08,6.32769230769231e-08,False,False,False,0,False,,,-1.0172564181177925,2.0,False,False,,,weekly,30.0,both,cache,/home/lkoo/projects/AutomationDetection/DownloadedLC/incremental/quiescent_background_cache.csv,,,,,,False,not_in_flare_streak
4FGL J0403.9-3605,7,8,54788.00001157408,3.9e-08,2.25e-08,3.49e-08,2.155675595238095e-07,6.32769230769231e-08,8.402468660568555e-09,6.32769230769231e-08,8.402468660568555e-09,8.73e-08,8.73e-08,6.32769230769231e-08,True,False,False,0,False,,,-1.0107916294157975,2.0,False,False,,,weekly,30.0,both,cache,/home/lkoo/projects/AutomationDetection/DownloadedLC/incremental/quiescent_background_cache.csv,,,,,,False,not_in_flare_streak
4FGL J0403.9-3605,8,9,54795.00001157408,5.73e-08,2.36e-08,3.9e-08,2.155675595238095e-07,6.32769230769231e-08,8.402468660568555e-09,6.32769230769231e-08,8.402468660568555e-09,8.73e-08,8.73e-08,6.32769230769231e-08,True,False,False,0,False,,,-0.2385885113059113,2.0,False,False,,,weekly,30.0,both,cache,/home/lkoo/projects/AutomationDetection/DownloadedLC/incremental/quiescent_background_cache.csv,,,,,,False,not_in_flare_streak
4FGL J0403.9-3605,9,10,54816.00001157408,8.66e-08,3.9e-08,5.73e-08,2.155675595238095e-07,6.32769230769231e-08,8.402468660568555e-09,6.32769230769231e-08,8.402468660568555e-09,8.73e-08,8.73e-08,6.32769230769231e-08,True,True,True,1,False,54816.00001157408,,0.5846132813992856,2.0,False,False,,,weekly,30.0,both,cache,/home/lkoo/projects/AutomationDetection/DownloadedLC/incremental/quiescent_background_cache.csv,604800.0,8.66e-08,72.27947142622364,151200.0,7694.860397152906,True,ok
4FGL J0403.9-3605,10,11,54823.00001157408,1.08e-07,3.8e-08,8.66e-08,2.155675595238095e-07,6.32769230769231e-08,8.402468660568555e-09,6.32769230769231e-08,8.402468660568555e-09,8.73e-08,8.73e-08,6.32769230769231e-08,True,True,True,2,False,54816.00001157408,,1.1491652553337826,2.0,False,False,,,weekly,30.0,both,cache,/home/lkoo/projects/AutomationDetection/DownloadedLC/incremental/quiescent_background_cache.csv,1209600.0,9.73e-08,162.42015172682588,302400.0,4842.879000227416,True,ok
4FGL J0403.9-3605,11,12,54837.00001157408,7.6e-08,2.97e-08,1.08e-07,2.155675595238095e-07,6.32769230769231e-08,8.402468660568555e-09,6.32769230769231e-08,8.402468660568555e-09,8.73e-08,8.73e-08,6.32769230769231e-08,False,True,True,3,True,54816.00001157408,54837.00001157408,0.41220761671587064,2.0,False,False,,,weekly,30.0,both,cache,/home/lkoo/projects/AutomationDetection/DownloadedLC/incremental/quiescent_background_cache.csv,1814400.0,9.02e-08,225.8524823087311,453600.0,4265.360917965486,True,ok
4FGL J0403.9-3605,12,13,54851.00001157408,1.46e-07,3.92e-08,7.6e-08,2.155675595238095e-07,6.32769230769231e-08,8.402468660568555e-09,6.32769230769231e-08,8.402468660568555e-09,8.73e-08,8.73e-08,6.32769230769231e-08,True,True,True,4,True,54816.00001157408,54851.00001157408,2.0634127690664004,2.0,True,True,54851.00001157408,54851.00001157408,weekly,30.0,both,cache,/home/lkoo/projects/AutomationDetection/DownloadedLC/incremental/quiescent_background_cache.csv,2419200.0,1.0415e-07,347.709327900286,604800.0,3199.2663106998534,True,ok
4FGL J0403.9-3605,13,14,54858.00001157408,6.68e-08,3.49e-08,1.46e-07,2.155675595238095e-07,6.32769230769231e-08,8.402468660568555e-09,6.32769230769231e-08,8.402468660568555e-09,8.73e-08,8.73e-08,6.32769230769231e-08,False,True,True,5,True,54816.00001157408,54858.00001157408,0.0981434064355343,2.0,False,True,54851.00001157408,54858.00001157408,weekly,30.0,both,cache,/home/lkoo/projects/AutomationDetection/DownloadedLC/incremental/quiescent_background_cache.csv,3024000.0,9.668e-08,403.4630079380659,756000.0,3082.542476207634,True,ok
4FGL J0403.9-3605,14,15,54865.00001157408,5.2e-08,4.03e-08,6.68e-08,2.155675595238095e-07,6.32769230769231e-08,8.402468660568555e-09,6.32769230769231e-08,8.402468660568555e-09,8.73e-08,8.73e-08,6.32769230769231e-08,False,False,False,0,False,,,-0.2739335937175755,2.0,False,False,,,weekly,30.0,both,cache,/home/lkoo/projects/AutomationDetection/DownloadedLC/incremental/quiescent_background_cache.csv,,,,,,False,not_in_flare_streak
4FGL J0403.9-3605,15,16,54879.00001157408,5.25e-08,2.8e-08,5.2e-08,2.155675595238095e-07,6.32769230769231e-08,8.402468660568555e-09,6.32769230769231e-08,8.402468660568555e-09,8.73e-08,8.73e-08,6.32769230769231e-08,True,False,False,0,False,,,-0.3686489173356413,2.0,False,False,,,weekly,30.0,both,cache,/home/lkoo/projects/AutomationDetection/DownloadedLC/incremental/quiescent_background_cache.csv,,,,,,False,not_in_flare_streak
4FGL J0403.9-3605,16,17,54893.00001157408,1.26e-07,4.09e-08,5.25e-08,2.155675595238095e-07,6.32769230769231e-08,8.402468660568555e-09,6.32769230769231e-08,8.402468660568555e-09,8.73e-08,8.73e-08,6.32769230769231e-08,True,True,True,1,False,54893.00001157408,,1.502198777323694,2.0,False,False,,,weekly,30.0,both,cache,/home/lkoo/projects/AutomationDetection/DownloadedLC/incremental/quiescent_background_cache.csv,604800.0,1.26e-07,105.16412701736927,151200.0,5289.264580490096,True,ok
4FGL J0403.9-3605,17,18,54900.00001157408,1.33e-07,4.03e-08,1.26e-07,2.155675595238095e-07,6.32769230769231e-08,8.402468660568555e-09,6.32769230769231e-08,8.402468660568555e-09,8.73e-08,8.73e-08,6.32769230769231e-08,True,True,True,2,False,54893.00001157408,,1.693679463476193,2.0,False,False,,,weekly,30.0,both,cache,/home/lkoo/projects/AutomationDetection/DownloadedLC/incremental/quiescent_background_cache.csv,1209600.0,1.295e-07,216.1707055357035,302400.0,3639.0268767967436,True,ok
4FGL J0403.9-3605,18,19,54907.00001157408,1.71e-07,4.15e-08,1.33e-07,2.155675595238095e-07,6.32769230769231e-08,8.402468660568555e-09,6.32769230769231e-08,8.402468660568555e-09,8.73e-08,8.73e-08,6.32769230769231e-08,True,True,True,3,True,54893.00001157408,54907.00001157408,2.5441141462133543,2.0,True,True,54907.00001157408,54907.00001157408,weekly,30.0,both,cache,/home/lkoo/projects/AutomationDetection/DownloadedLC/incremental/quiescent_background_cache.csv,1814400.0,1.4333333333333335e-07,358.89344934499036,453600.0,2684.5949588037774,True,ok
4FGL J0403.9-3605,19,20,54914.00001157408,3.26e-07,5e-08,1.71e-07,2.155675595238095e-07,6.32769230769231e-08,8.402468660568555e-09,6.32769230769231e-08,8.402468660568555e-09,8.73e-08,8.73e-08,6.32769230769231e-08,True,True,True,4,True,54893.00001157408,54914.00001157408,5.181802368624274,2.0,True,True,54907.00001157408,54914.00001157408,weekly,30.0,both,cache,/home/lkoo/projects/AutomationDetection/DownloadedLC/incremental/quiescent_background_cache.csv,2419200.0,1.89e-07,630.9847621042156,604800.0,1763.3945239608713,True,ok
4FGL J0403.9-3605,20,21,54921.00001157408,4.71e-07,5.71e-08,3.26e-07,2.155675595238095e-07,6.32769230769231e-08,8.402468660568555e-09,6.32769230769231e-08,8.402468660568555e-09,8.73e-08,8.73e-08,6.32769230769231e-08,True,True,True,5,True,54893.00001157408,54921.00001157408,7.064431661652217,2.0,True,True,54907.00001157408,54921.00001157408,weekly,30.0,both,cache,/home/lkoo/projects/AutomationDetection/DownloadedLC/incremental/quiescent_background_cache.csv,3024000.0,2.454e-07,1024.0982845262865,756000.0,1214.9243909880106,True,ok
4FGL J0403.9-3605,21,22,54928.00001157408,1.2e-07,3.77e-08,4.71e-07,2.155675595238095e-07,6.32769230769231e-08,8.402468660568555e-09,6.32769230769231e-08,8.402468660568555e-09,8.73e-08,8.73e-08,6.32769230769231e-08,False,True,True,6,True,54893.00001157408,54928.00001157408,1.4685582052270136,2.0,False,True,54907.00001157408,54928.00001157408,weekly,30.0,both,cache,/home/lkoo/projects/AutomationDetection/DownloadedLC/incremental/quiescent_background_cache.csv,3628800.0,2.245e-07,1124.2545959714,907200.0,1212.2489632883255,True,ok
4FGL J0403.9-3605,22,23,54935.00001157408,1.39e-07,4.19e-08,1.2e-07,2.155675595238095e-07,6.32769230769231e-08,8.402468660568555e-09,6.32769230769231e-08,8.402468660568555e-09,8.73e-08,8.73e-08,6.32769230769231e-08,True,True,True,7,True,54893.00001157408,54935.00001157408,1.7719551224785022,2.0,False,True,54907.00001157408,54935.00001157408,weekly,30.0,both,cache,/home/lkoo/projects/AutomationDetection/DownloadedLC/incremental/quiescent_background_cache.csv,4233600.0,2.122857142857143e-07,1240.2689900619898,1058400.0,1186.8596881656265,True,ok
4FGL J0403.9-3605,23,24,54942.00001157408,6.66e-08,2.83e-08,1.39e-07,2.155675595238095e-07,6.32769230769231e-08,8.402468660568555e-09,6.32769230769231e-08,8.402468660568555e-09,8.73e-08,8.73e-08,6.32769230769231e-08,False,True,True,8,True,54893.00001157408,54942.00001157408,0.11256641158517072,2.0,False,True,54907.00001157408,54942.00001157408,weekly,30.0,both,cache,/home/lkoo/projects/AutomationDetection/DownloadedLC/incremental/quiescent_background_cache.csv,4838400.0,1.94075e-07,1295.8557429140276,1209600.0,1214.3189603440983,True,ok
4FGL J0403.9-3605,24,25,54949.00001157408,8.7e-08,3.37e-08,6.66e-08,2.155675595238095e-07,6.32769230769231e-08,8.402468660568555e-09,6.32769230769231e-08,8.402468660568555e-09,8.73e-08,8.73e-08,6.32769230769231e-08,True,True,True,9,True,54893.00001157408,54949.00001157408,0.6830380332273615,2.0,False,True,54907.00001157408,54949.00001157408,weekly,30.0,both,cache,/home/lkoo/projects/AutomationDetection/DownloadedLC/incremental/quiescent_background_cache.csv,5443200.0,1.8217777777777778e-07,1368.4690687117352,1360800.0,1219.5973259967295,True,ok
4FGL J0403.9-3605,25,26,54956.00001157408,1.09e-07,4.21e-08,8.7e-08,2.155675595238095e-07,6.32769230769231e-08,8.402468660568555e-09,6.32769230769231e-08,8.402468660568555e-09,8.73e-08,8.73e-08,6.32769230769231e-08,True,True,True,10,True,54893.00001157408,54956.00001157408,1.0650535107557986,2.0,False,True,54907.00001157408,54956.00001157408,weekly,30.0,both,cache,/home/lkoo/projects/AutomationDetection/DownloadedLC/incremental/quiescent_background_cache.csv,6048000.0,1.7486e-07,1459.4443849410468,1512000.0,1205.407478057872,True,ok
4FGL J0403.9-3605,26,27,54963.00001157408,6.74e-08,2.81e-08,1.09e-07,2.155675595238095e-07,6.32769230769231e-08,8.402468660568555e-09,6.32769230769231e-08,8.402468660568555e-09,8.73e-08,8.73e-08,6.32769230769231e-08,False,True,True,11,True,54893.00001157408,54963.00001157408,0.14057847261921724,2.0,False,True,54907.00001157408,54963.00001157408,weekly,30.0,both,cache,/home/lkoo/projects/AutomationDetection/DownloadedLC/incremental/quiescent_background_cache.csv,6652800.0,1.6509090909090907e-07,1515.6988465360523,1663200.0,1217.2874790365431,True,ok
4FGL J0403.9-3605,27,28,54970.00001157408,2.4e-07,4.64e-08,6.74e-08,2.155675595238095e-07,6.32769230769231e-08,8.402468660568555e-09,6.32769230769231e-08,8.402468660568555e-09,8.73e-08,8.73e-08,6.32769230769231e-08,True,True,True,12,True,54893.00001157408,54970.00001157408,3.747733437216825,2.0,True,True,54907.00001157408,54970.00001157408,weekly,30.0,both,cache,/home/lkoo/projects/AutomationDetection/DownloadedLC/incremental/quiescent_background_cache.csv,7257600.0,1.7133333333333333e-07,1716.0114694262793,1814400.0,1123.020398593582,True,ok
4FGL J0403.9-3605,28,29,54977.00001157408,7.85e-08,3.61e-08,2.4e-07,2.155675595238095e-07,6.32769230769231e-08,8.402468660568555e-09,6.32769230769231e-08,8.402468660568555e-09,8.73e-08,8.73e-08,6.32769230769231e-08,False,True,True,13,True,54893.00001157408,54977.00001157408,0.41071339899838777,2.0,False,True,54907.00001157408,54977.00001157408,weekly,30.0,both,cache,/home/lkoo/projects/AutomationDetection/DownloadedLC/incremental/quiescent_background_cache.csv,7862400.0,1.641923076923077e-07,1781.530389829958,1965600.0,1125.8670195805057,True,ok
4FGL J0403.9-3605,29,30,54984.00001157408,7.91e-08,2.94e-08,7.85e-08,2.155675595238095e-07,6.32769230769231e-08,8.402468660568555e-09,6.32769230769231e-08,8.402468660568555e-09,8.73e-08,8.73e-08,6.32769230769231e-08,True,True,True,14,True,54893.00001157408,54984.00001157408,0.5174806085871377,2.0,False,True,54907.00001157408,54984.00001157408,weekly,30.0,both,cache,/home/lkoo/projects/AutomationDetection/DownloadedLC/incremental/quiescent_background_cache.csv,8467200.0,1.5811428571428572e-07,1847.5500917908619,2116800.0,1126.5985112629337,True,ok
4FGL J0403.9-3605,30,31,54991.00001157408,1.21e-07,3.54e-08,7.91e-08,2.155675595238095e-07,6.32769230769231e-08,8.402468660568555e-09,6.32769230769231e-08,8.402468660568555e-09,8.73e-08,8.73e-08,6.32769230769231e-08,True,True,True,15,True,54893.00001157408,54991.00001157408,1.5865165373470544,2.0,False,True,54907.00001157408,54991.00001157408,weekly,30.0,both,cache,/home/lkoo/projects/AutomationDetection/DownloadedLC/incremental/quiescent_background_cache.csv,9072000.0,1.5564e-07,1948.5410391646851,2268000.0,1105.6928121431126,True,ok
4FGL J0403.9-3605,31,32,54998.00001157408,1.94e-07,3.93e-08,1.21e-07,2.155675595238095e-07,6.32769230769231e-08,8.402468660568555e-09,6.32769230769231e-08,8.402468660568555e-09,8.73e-08,8.73e-08,6.32769230769231e-08,True,True,True,16,True,54893.00001157408,54998.00001157408,3.252772567088931,2.0,True,True,54907.00001157408,54998.00001157408,weekly,30.0,both,cache,/home/lkoo/projects/AutomationDetection/DownloadedLC/incremental/quiescent_background_cache.csv,9676800.0,1.580375e-07,2110.460409334285,2419200.0,1054.3482148684657,True,ok
4FGL J0403.9-3605,32,33,55005.00001157408,3.1e-07,4.47e-08,1.94e-07,2.155675595238095e-07,6.32769230769231e-08,8.402468660568555e-09,6.32769230769231e-08,8.402468660568555e-09,8.73e-08,8.73e-08,6.32769230769231e-08,True,True,True,17,True,54893.00001157408,55005.00001157408,5.424527431090327,2.0,True,True,54907.00001157408,55005.00001157408,weekly,30.0,both,cache,/home/lkoo/projects/AutomationDetection/DownloadedLC/incremental/quiescent_background_cache.csv,10281600.0,1.6697647058823528e-07,2369.197547234162,2570400.0,968.1333411363119,True,ok
4FGL J0403.9-3605,33,34,55012.00001157408,5.08e-07,5.51e-08,3.1e-07,2.155675595238095e-07,6.32769230769231e-08,8.402468660568555e-09,6.32769230769231e-08,8.402468660568555e-09,8.73e-08,8.73e-08,6.32769230769231e-08,True,True,True,18,True,54893.00001157408,55012.00001157408,7.978958283467279,2.0,True,True,54907.00001157408,55012.00001157408,weekly,30.0,both,cache,/home/lkoo/projects/AutomationDetection/DownloadedLC/incremental/quiescent_background_cache.csv,10886400.0,1.8592222222222222e-07,2793.192599018476,2721600.0,845.0259540704227,True,ok
4FGL J0403.9-3605,34,35,55019.00001157408,3.63e-07,5.38e-08,5.08e-07,2.155675595238095e-07,6.32769230769231e-08,8.402468660568555e-09,6.32769230769231e-08,8.402468660568555e-09,8.73e-08,8.73e-08,6.32769230769231e-08,False,True,True,19,True,54893.00001157408,55019.00001157408,5.5043342144857395,2.0,True,True,54907.00001157408,55019.00001157408,weekly,30.0,both,cache,/home/lkoo/projects/AutomationDetection/DownloadedLC/incremental/quiescent_background_cache.csv,11491200.0,1.952421052631579e-07,3096.1654411399445,2872800.0,783.246530021791,True,ok
4FGL J0403.9-3605,35,36,55026.00001157408,1.3e-07,4.67e-08,3.63e-07,2.155675595238095e-07,6.32769230769231e-08,8.402468660568555e-09,6.32769230769231e-08,8.402468660568555e-09,8.73e-08,8.73e-08,6.32769230769231e-08,False,True,True,20,True,54893.00001157408,55026.00001157408,1.4061799835212996,2.0,False,True,54907.00001157408,55026.00001157408,weekly,30.0,both,cache,/home/lkoo/projects/AutomationDetection/DownloadedLC/incremental/quiescent_background_cache.csv,12096000.0,1.9197999999999998e-07,3204.6681118721503,3024000.0,776.3791625977278,True,ok
4FGL J0403.9-3605,36,37,55040.00001157408,2.22e-07,4.13e-08,1.3e-07,2.155675595238095e-07,6.32769230769231e-08,8.402468660568555e-09,6.32769230769231e-08,8.402468660568555e-09,8.73e-08,8.73e-08,6.32769230769231e-08,True,True,True,21,True,54893.00001157408,55040.00001157408,3.7660229095177833,2.0,True,True,54907.00001157408,55040.00001157408,weekly,30.0,both,cache,/home/lkoo/projects/AutomationDetection/DownloadedLC/incremental/quiescent_background_cache.csv,12700800.0,1.934095238095238e-07,3389.9572880456108,3175200.0,752.0713845719381,True,ok
4FGL J0403.9-3605,37,38,55047.00001157408,2.14e-07,3.61e-08,2.22e-07,2.155675595238095e-07,6.32769230769231e-08,8.402468660568555e-09,6.32769230769231e-08,8.402468660568555e-09,8.73e-08,8.73e-08,6.32769230769231e-08,False,True,True,22,True,54893.00001157408,55047.00001157408,4.066456968152817,2.0,True,True,54907.00001157408,55047.00001157408,weekly,30.0,both,cache,/home/lkoo/projects/AutomationDetection/DownloadedLC/incremental/quiescent_background_cache.csv,13305600.0,1.943454545454545e-07,3568.5693767893963,3326400.0,731.2434017313918,True,ok
4FGL J0403.9-3605,38,39,55061.00001157408,1.43e-07,3.5e-08,2.14e-07,2.155675595238095e-07,6.32769230769231e-08,8.402468660568555e-09,6.32769230769231e-08,8.402468660568555e-09,8.73e-08,8.73e-08,6.32769230769231e-08,False,True,True,23,True,54893.00001157408,55061.00001157408,2.2148704773974,2.0,True,True,54907.00001157408,55061.00001157408,weekly,30.0,both,cache,/home/lkoo/projects/AutomationDetection/DownloadedLC/incremental/quiescent_background_cache.csv,13910400.0,1.9211304347826084e-07,3687.9223145948235,3477600.0,723.4761936613123,True,ok
4FGL J0403.9-3605,39,40,55068.00001157408,8.6e-08,3.46e-08,1.43e-07,2.155675595238095e-07,6.32769230769231e-08,8.402468660568555e-09,6.32769230769231e-08,8.402468660568555e-09,8.73e-08,8.73e-08,6.32769230769231e-08,False,True,True,24,True,54893.00001157408,55068.00001157408,0.6381876017522842,2.0,False,True,54907.00001157408,55068.00001157408,weekly,30.0,both,cache,/home/lkoo/projects/AutomationDetection/DownloadedLC/incremental/quiescent_background_cache.csv,14515200.0,1.8769166666666667e-07,3759.7010044638228,3628800.0,724.9183768680634,True,ok
4FGL J0403.9-3605,40,41,55089.00001157408,1.54e-07,4.5e-08,8.6e-08,2.155675595238095e-07,6.32769230769231e-08,8.402468660568555e-09,6.32769230769231e-08,8.402468660568555e-09,8.73e-08,8.73e-08,6.32769230769231e-08,True,True,True,25,True,54893.00001157408,55089.00001157408,1.981816422594333,2.0,False,True,54907.00001157408,55089.00001157408,weekly,30.0,both,cache,/home/lkoo/projects/AutomationDetection/DownloadedLC/incremental/quiescent_background_cache.csv,15120000.0,1.86344e-07,3888.234937485052,3780000.0,715.4061829531119,True,ok
4FGL J0403.9-3605,41,42,55096.00001157408,9.31e-08,3.14e-08,1.54e-07,2.155675595238095e-07,6.32769230769231e-08,8.402468660568555e-09,6.32769230769231e-08,8.402468660568555e-09,8.73e-08,8.73e-08,6.32769230769231e-08,False,True,True,26,True,54893.00001157408,55096.00001157408,0.9174978647125073,2.0,False,True,54907.00001157408,55096.00001157408,weekly,30.0,both,cache,/home/lkoo/projects/AutomationDetection/DownloadedLC/incremental/quiescent_background_cache.csv,15724800.0,1.827576923076923e-07,3965.939542447885,3931200.0,715.2724097554075,True,ok
4FGL J0403.9-3605,42,43,55117.00001157408,1.71e-07,4.14e-08,9.31e-08,2.155675595238095e-07,6.32769230769231e-08,8.402468660568555e-09,6.32769230769231e-08,8.402468660568555e-09,8.73e-08,8.73e-08,6.32769230769231e-08,True,True,True,27,True,54893.00001157408,55117.00001157408,2.5500165120196674,2.0,True,True,54907.00001157408,55117.00001157408,weekly,30.0,both,cache,/home/lkoo/projects/AutomationDetection/DownloadedLC/incremental/quiescent_background_cache.csv,16329600.0,1.823222222222222e-07,4108.662286257172,4082400.0,703.5772751495577,True,ok
4FGL J0403.9-3605,43,44,55131.00001157408,1.95e-07,6.57e-08,1.71e-07,2.155675595238095e-07,6.32769230769231e-08,8.402468660568555e-09,6.32769230769231e-08,8.402468660568555e-09,8.73e-08,8.73e-08,6.32769230769231e-08,True,True,True,28,True,54893.00001157408,55131.00001157408,1.9887194519449998,2.0,False,True,54907.00001157408,55131.00001157408,weekly,30.0,both,cache,/home/lkoo/projects/AutomationDetection/DownloadedLC/incremental/quiescent_background_cache.csv,16934400.0,1.8277499999999997e-07,4271.416292355481,4233600.0,689.188505154009,True,ok
4FGL J0403.9-3605,44,45,55138.00001157408,8.61e-08,4.45e-08,1.95e-07,2.155675595238095e-07,6.32769230769231e-08,8.402468660568555e-09,6.32769230769231e-08,8.402468660568555e-09,8.73e-08,8.73e-08,6.32769230769231e-08,False,True,True,29,True,54893.00001157408,55138.00001157408,0.5039727896983169,2.0,False,True,54907.00001157408,55138.00001157408,weekly,30.0,both,cache,/home/lkoo/projects/AutomationDetection/DownloadedLC/incremental/quiescent_background_cache.csv,17539200.0,1.794413793103448e-07,4343.27844581735,4384800.0,689.7762609993247,True,ok
4FGL J0403.9-3605,45,46,55145.00001157408,1.92e-08,1.53e-08,8.61e-08,2.155675595238095e-07,6.32769230769231e-08,8.402468660568555e-09,6.32769230769231e-08,8.402468660568555e-09,8.73e-08,8.73e-08,6.32769230769231e-08,False,False,False,0,False,,,-2.525114726890816,2.0,False,False,,,weekly,30.0,both,cache,/home/lkoo/projects/AutomationDetection/DownloadedLC/incremental/quiescent_background_cache.csv,,,,,,False,not_in_flare_streak
4FGL J0403.9-3605,46,47,55152.00001157408,1.16e-07,3.08e-08,1.92e-08,2.155675595238095e-07,6.32769230769231e-08,8.402468660568555e-09,6.32769230769231e-08,8.402468660568555e-09,8.73e-08,8.73e-08,6.32769230769231e-08,True,True,True,1,False,55152.00001157408,,1.6514377314358906,2.0,False,False,,,weekly,30.0,both,cache,/home/lkoo/projects/AutomationDetection/DownloadedLC/incremental/quiescent_background_cache.csv,604800.0,1.16e-07,96.81776773027647,151200.0,5745.077202273174,True,ok
4FGL J0403.9-3605,47,48,55159.00001157408,1.77e-07,3.44e-08,1.16e-07,2.155675595238095e-07,6.32769230769231e-08,8.402468660568555e-09,6.32769230769231e-08,8.402468660568555e-09,8.73e-08,8.73e-08,6.32769230769231e-08,True,True,True,2,False,55152.00001157408,,3.211489480312418,2.0,True,True,55159.00001157408,55159.00001157408,weekly,30.0,both,cache,/home/lkoo/projects/AutomationDetection/DownloadedLC/incremental/quiescent_background_cache.csv,1209600.0,1.465e-07,244.548327111819,302400.0,3216.9015411933783,True,ok
4FGL J0403.9-3605,48,49,55173.00001157408,1.38e-07,4.24e-08,1.77e-07,2.155675595238095e-07,6.32769230769231e-08,8.402468660568555e-09,6.32769230769231e-08,8.402468660568555e-09,8.73e-08,8.73e-08,6.32769230769231e-08,False,True,True,3,True,55152.00001157408,55173.00001157408,1.7287185588872402,2.0,False,True,55159.00001157408,55173.00001157408,weekly,30.0,both,cache,/home/lkoo/projects/AutomationDetection/DownloadedLC/incremental/quiescent_background_cache.csv,1814400.0,1.4366666666666667e-07,359.72808527369966,453600.0,2678.3686623815465,True,ok
4FGL J0403.9-3605,49,50,55180.00001157408,2.27e-07,5.57e-08,1.38e-07,2.155675595238095e-07,6.32769230769231e-08,8.402468660568555e-09,6.32769230769231e-08,8.402468660568555e-09,8.73e-08,8.73e-08,6.32769230769231e-08,True,True,True,4,True,55152.00001157408,55180.00001157408,2.9064884501795265,2.0,True,True,55159.00001157408,55180.00001157408,weekly,30.0,both,cache,/home/lkoo/projects/AutomationDetection/DownloadedLC/incremental/quiescent_background_cache.csv,2419200.0,1.645e-07,549.190441090706,604800.0,2025.8908871409137,True,ok
4FGL J0403.9-3605,50,51,55201.00001157408,1.88e-07,3.8e-08,2.27e-07,2.155675595238095e-07,6.32769230769231e-08,8.402468660568555e-09,6.32769230769231e-08,8.402468660568555e-09,8.73e-08,8.73e-08,6.32769230769231e-08,False,True,True,5,True,55152.00001157408,55201.00001157408,3.2047756191919428,2.0,True,True,55159.00001157408,55201.00001157408,weekly,30.0,both,cache,/home/lkoo/projects/AutomationDetection/DownloadedLC/incremental/quiescent_background_cache.csv,3024000.0,1.692e-07,706.1019956880508,756000.0,1761.7010636309988,True,ok
4FGL J0403.9-3605,51,52,55222.00001157408,5.07e-07,5.12e-08,1.88e-07,2.155675595238095e-07,6.32769230769231e-08,8.402468660568555e-09,6.32769230769231e-08,8.402468660568555e-09,8.73e-08,8.73e-08,6.32769230769231e-08,True,True,True,6,True,55152.00001157408,55222.00001157408,8.552067936908232,2.0,True,True,55159.00001157408,55222.00001157408,weekly,30.0,both,cache,/home/lkoo/projects/AutomationDetection/DownloadedLC/incremental/quiescent_background_cache.csv,3628800.0,2.255e-07,1129.2624115436558,907200.0,1206.8764632901273,True,ok
4FGL J0403.9-3605,52,53,55236.00001157408,4.57e-07,6.6e-08,5.07e-07,2.155675595238095e-07,6.32769230769231e-08,8.402468660568555e-09,6.32769230769231e-08,8.402468660568555e-09,8.73e-08,8.73e-08,6.32769230769231e-08,False,True,True,7,True,55152.00001157408,55236.00001157408,5.917736972207966,2.0,True,True,55159.00001157408,55236.00001157408,weekly,30.0,both,cache,/home/lkoo/projects/AutomationDetection/DownloadedLC/incremental/quiescent_background_cache.csv,4233600.0,2.5857142857142855e-07,1510.6910309637963,1058400.0,974.52957377396,True,ok
4FGL J0403.9-3605,53,54,55243.00001157408,5.06e-07,7.38e-08,4.57e-07,2.155675595238095e-07,6.32769230769231e-08,8.402468660568555e-09,6.32769230769231e-08,8.402468660568555e-09,8.73e-08,8.73e-08,6.32769230769231e-08,True,True,True,8,True,55152.00001157408,55243.00001157408,5.960449812843454,2.0,True,True,55159.00001157408,55243.00001157408,weekly,30.0,both,cache,/home/lkoo/projects/AutomationDetection/DownloadedLC/incremental/quiescent_background_cache.csv,4838400.0,2.895e-07,1933.0168108906923,1209600.0,814.2692482759869,True,ok
4FGL J0403.9-3605,54,55,55250.00001157408,4.41e-07,5.39e-08,5.06e-07,2.155675595238095e-07,6.32769230769231e-08,8.402468660568555e-09,6.32769230769231e-08,8.402468660568555e-09,8.73e-08,8.73e-08,6.32769230769231e-08,False,True,True,9,True,55152.00001157408,55250.00001157408,6.9242192558947355,2.0,True,True,55159.00001157408,55250.00001157408,weekly,30.0,both,cache,/home/lkoo/projects/AutomationDetection/DownloadedLC/incremental/quiescent_background_cache.csv,5443200.0,3.0633333333333334e-07,2301.0912554514844,1360800.0,725.548131777501,True,ok
4FGL J0403.9-3605,55,56,55257.00001157408,6.51e-07,5.42e-08,4.41e-07,2.155675595238095e-07,6.32769230769231e-08,8.402468660568555e-09,6.32769230769231e-08,8.402468660568555e-09,8.73e-08,8.73e-08,6.32769230769231e-08,True,True,True,10,True,55152.00001157408,55257.00001157408,10.715597591574223,2.0,True,True,55159.00001157408,55257.00001157408,weekly,30.0,both,cache,/home/lkoo/projects/AutomationDetection/DownloadedLC/incremental/quiescent_background_cache.csv,6048000.0,3.4080000000000003e-07,2844.4392450412265,1512000.0,618.7616572361442,True,ok
4FGL J0403.9-3605,56,57,55264.00001157408,8.69e-07,5.46e-08,6.51e-07,2.155675595238095e-07,6.32769230769231e-08,8.402468660568555e-09,6.32769230769231e-08,8.402468660568555e-09,8.73e-08,8.73e-08,6.32769230769231e-08,True,True,True,11,True,55152.00001157408,55264.00001157408,14.585136874154701,2.0,True,True,55159.00001157408,55264.00001157408,weekly,30.0,both,cache,/home/lkoo/projects/AutomationDetection/DownloadedLC/incremental/quiescent_background_cache.csv,6652800.0,3.888181818181818e-07,3569.73786708959,1663200.0,517.1749899159855,True,ok
4FGL J0403.9-3605,57,58,55271.00001157408,4.83e-07,4.83e-08,8.69e-07,2.155675595238095e-07,6.32769230769231e-08,8.402468660568555e-09,6.32769230769231e-08,8.402468660568555e-09,8.73e-08,8.73e-08,6.32769230769231e-08,False,True,True,12,True,55152.00001157408,55271.00001157408,8.561336250437005,2.0,True,True,55159.00001157408,55271.00001157408,weekly,30.0,both,cache,/home/lkoo/projects/AutomationDetection/DownloadedLC/incremental/quiescent_background_cache.csv,7257600.0,3.966666666666667e-07,3972.8670206561724,1814400.0,485.37061501674674,True,ok
4FGL J0403.9-3605,58,59,55278.00001157408,4.65e-07,5.53e-08,4.83e-07,2.155675595238095e-07,6.32769230769231e-08,8.402468660568555e-09,6.32769230769231e-08,8.402468660568555e-09,8.73e-08,8.73e-08,6.32769230769231e-08,False,True,True,13,True,55152.00001157408,55278.00001157408,7.182000163904947,2.0,True,True,55159.00001157408,55278.00001157408,weekly,30.0,both,cache,/home/lkoo/projects/AutomationDetection/DownloadedLC/incremental/quiescent_background_cache.csv,7862400.0,4.019230769230769e-07,4360.972727505987,1965600.0,460.23694468867455,True,ok
4FGL J0403.9-3605,59,60,55292.00001157408,2.54e-07,7.36e-08,4.65e-07,2.155675595238095e-07,6.32769230769231e-08,8.402468660568555e-09,6.32769230769231e-08,8.402468660568555e-09,8.73e-08,8.73e-08,6.32769230769231e-08,False,True,True,14,True,55152.00001157408,55292.00001157408,2.574622410068968,2.0,True,True,55159.00001157408,55292.00001157408,weekly,30.0,both,cache,/home/lkoo/projects/AutomationDetection/DownloadedLC/incremental/quiescent_background_cache.csv,8467200.0,3.913571428571428e-07,4572.9702533981435,2116800.0,455.4557366622387,True,ok
4FGL J0403.9-3605,60,61,55299.00001157408,3.78e-07,6.89e-08,2.54e-07,2.155675595238095e-07,6.32769230769231e-08,8.402468660568555e-09,6.32769230769231e-08,8.402468660568555e-09,8.73e-08,8.73e-08,6.32769230769231e-08,True,True,True,15,True,55152.00001157408,55299.00001157408,4.534231476492763,2.0,True,True,55159.00001157408,55299.00001157408,weekly,30.0,both,cache,/home/lkoo/projects/AutomationDetection/DownloadedLC/incremental/quiescent_background_cache.csv,9072000.0,3.9046666666666666e-07,4888.462634450253,2268000.0,441.0144297521507,True,ok
4FGL J0403.9-3605,61,62,55306.00001157408,1.77e-07,4e-08,3.78e-07,2.155675595238095e-07,6.32769230769231e-08,8.402468660568555e-09,6.32769230769231e-08,8.402468660568555e-09,8.73e-08,8.73e-08,6.32769230769231e-08,False,True,True,16,True,55152.00001157408,55306.00001157408,2.782352629528024,2.0,True,True,55159.00001157408,55306.00001157408,weekly,30.0,both,cache,/home/lkoo/projects/AutomationDetection/DownloadedLC/incremental/quiescent_background_cache.csv,9676800.0,3.77125e-07,5036.193193831795,2419200.0,442.10061711358486,True,ok
4FGL J0403.9-3605,62,63,55313.00001157408,2.78e-07,3.94e-08,1.77e-07,2.155675595238095e-07,6.32769230769231e-08,8.402468660568555e-09,6.32769230769231e-08,8.402468660568555e-09,8.73e-08,8.73e-08,6.32769230769231e-08,True,True,True,17,True,55152.00001157408,55313.00001157408,5.329968173906316,2.0,True,True,55159.00001157408,55313.00001157408,weekly,30.0,both,cache,/home/lkoo/projects/AutomationDetection/DownloadedLC/incremental/quiescent_background_cache.csv,10281600.0,3.7129411764705883e-07,5268.221982012975,2570400.0,435.62914847515424,True,ok
4FGL J0403.9-3605,63,64,55320.00001157408,9.48e-08,2.71e-08,2.78e-07,2.155675595238095e-07,6.32769230769231e-08,8.402468660568555e-09,6.32769230769231e-08,8.402468660568555e-09,8.73e-08,8.73e-08,6.32769230769231e-08,False,True,True,18,True,55152.00001157408,55320.00001157408,1.1110345513552249,2.0,False,True,55159.00001157408,55320.00001157408,weekly,30.0,both,cache,/home/lkoo/projects/AutomationDetection/DownloadedLC/incremental/quiescent_background_cache.csv,10886400.0,3.5593333333333336e-07,5347.345468054615,2721600.0,441.6072256313337,True,ok
4FGL J0403.9-3605,64,65,55341.00001157408,1.11e-07,4.61e-08,9.48e-08,2.155675595238095e-07,6.32769230769231e-08,8.402468660568555e-09,6.32769230769231e-08,8.402468660568555e-09,8.73e-08,8.73e-08,6.32769230769231e-08,True,True,True,19,True,55152.00001157408,55341.00001157408,1.0184293605874837,2.0,False,True,55159.00001157408,55341.00001157408,weekly,30.0,both,cache,/home/lkoo/projects/AutomationDetection/DownloadedLC/incremental/quiescent_background_cache.csv,11491200.0,3.4304210526315794e-07,5439.990056141345,2872800.0,445.9656747844771,True,ok
4FGL J0403.9-3605,65,66,55348.00001157408,1.71e-07,5.7e-08,1.11e-07,2.155675595238095e-07,6.32769230769231e-08,8.402468660568555e-09,6.32769230769231e-08,8.402468660568555e-09,8.73e-08,8.73e-08,6.32769230769231e-08,True,True,True,20,True,55152.00001157408,55348.00001157408,1.8696735106722544,2.0,False,True,55159.00001157408,55348.00001157408,weekly,30.0,both,cache,/home/lkoo/projects/AutomationDetection/DownloadedLC/incremental/quiescent_background_cache.csv,12096000.0,3.3444e-07,5582.712799950631,3024000.0,445.8432112268923,True,ok
4FGL J0403.9-3605,66,67,55355.00001157408,3.63e-07,5.65e-08,1.71e-07,2.155675595238095e-07,6.32769230769231e-08,8.402468660568555e-09,6.32769230769231e-08,8.402468660568555e-09,8.73e-08,8.73e-08,6.32769230769231e-08,True,True,True,21,True,55152.00001157408,55355.00001157408,5.247126439597425,2.0,True,True,55159.00001157408,55355.00001157408,weekly,30.0,both,cache,/home/lkoo/projects/AutomationDetection/DownloadedLC/incremental/quiescent_background_cache.csv,12700800.0,3.358e-07,5885.685642072099,3175200.0,433.3378843861196,True,ok
4FGL J0403.9-3605,67,68,55362.00001157408,2.63e-07,4.07e-08,3.63e-07,2.155675595238095e-07,6.32769230769231e-08,8.402468660568555e-09,6.32769230769231e-08,8.402468660568555e-09,8.73e-08,8.73e-08,6.32769230769231e-08,False,True,True,22,True,55152.00001157408,55362.00001157408,4.805854048298828,2.0,True,True,55159.00001157408,55362.00001157408,weekly,30.0,both,cache,/home/lkoo/projects/AutomationDetection/DownloadedLC/incremental/quiescent_background_cache.csv,13305600.0,3.324909090909091e-07,6105.19489132264,3326400.0,427.58446975710234,True,ok
4FGL J0403.9-3605,68,69,55369.00001157408,2.55e-07,3.62e-08,2.63e-07,2.155675595238095e-07,6.32769230769231e-08,8.402468660568555e-09,6.32769230769231e-08,8.402468660568555e-09,8.73e-08,8.73e-08,6.32769230769231e-08,False,True,True,23,True,55152.00001157408,55369.00001157408,5.159065346948542,2.0,True,True,55159.00001157408,55369.00001157408,weekly,30.0,both,cache,/home/lkoo/projects/AutomationDetection/DownloadedLC/incremental/quiescent_background_cache.csv,13910400.0,3.291217391304348e-07,6318.027053143507,3477600.0,422.46284585432693,True,ok
4FGL J0403.9-3605,69,70,55376.00001157408,3.98e-07,4.44e-08,2.55e-07,2.155675595238095e-07,6.32769230769231e-08,8.402468660568555e-09,6.32769230769231e-08,8.402468660568555e-09,8.73e-08,8.73e-08,6.32769230769231e-08,True,True,True,24,True,55152.00001157408,55376.00001157408,7.407333231000576,2.0,True,True,55159.00001157408,55376.00001157408,weekly,30.0,both,cache,/home/lkoo/projects/AutomationDetection/DownloadedLC/incremental/quiescent_background_cache.csv,14515200.0,3.3199166666666666e-07,6650.212152769799,3628800.0,409.99601718766917,True,ok
4FGL J0403.9-3605,70,71,55383.00001157408,2.38e-07,4.21e-08,3.98e-07,2.155675595238095e-07,6.32769230769231e-08,8.402468660568555e-09,6.32769230769231e-08,8.402468660568555e-09,8.73e-08,8.73e-08,6.32769230769231e-08,False,True,True,25,True,55152.00001157408,55383.00001157408,4.0699235268013485,2.0,True,True,55159.00001157408,55383.00001157408,weekly,30.0,both,cache,/home/lkoo/projects/AutomationDetection/DownloadedLC/incremental/quiescent_background_cache.csv,15120000.0,3.28232e-07,6848.85550380261,3780000.0,406.3095400525463,True,ok
4FGL J0403.9-3605,71,72,55390.00001157408,1.78e-07,5.21e-08,2.38e-07,2.155675595238095e-07,6.32769230769231e-08,8.402468660568555e-09,6.32769230769231e-08,8.402468660568555e-09,8.73e-08,8.73e-08,6.32769230769231e-08,False,True,True,26,True,55152.00001157408,55390.00001157408,2.173888632755973,2.0,True,True,55159.00001157408,55390.00001157408,weekly,30.0,both,cache,/home/lkoo/projects/AutomationDetection/DownloadedLC/incremental/quiescent_background_cache.csv,15724800.0,3.224538461538462e-07,6997.420699112861,3931200.0,405.5522300169832,True,ok
4FGL J0403.9-3605,72,73,55397.00001157408,2.52e-07,7.52e-08,1.78e-07,2.155675595238095e-07,6.32769230769231e-08,8.402468660568555e-09,6.32769230769231e-08,8.402468660568555e-09,8.73e-08,8.73e-08,6.32769230769231e-08,True,True,True,27,True,55152.00001157408,55397.00001157408,2.4940946650283555,2.0,True,True,55159.00001157408,55397.00001157408,weekly,30.0,both,cache,/home/lkoo/projects/AutomationDetection/DownloadedLC/incremental/quiescent_background_cache.csv,16329600.0,3.198444444444445e-07,7207.7489531476,4082400.0,401.215047955522,True,ok
4FGL J0403.9-3605,73,74,55404.00001157408,2.75e-07,5.93e-08,2.52e-07,2.155675595238095e-07,6.32769230769231e-08,8.402468660568555e-09,6.32769230769231e-08,8.402468660568555e-09,8.73e-08,8.73e-08,6.32769230769231e-08,True,True,True,28,True,55152.00001157408,55404.00001157408,3.535061475487518,2.0,True,True,55159.00001157408,55404.00001157408,weekly,30.0,both,cache,/home/lkoo/projects/AutomationDetection/DownloadedLC/incremental/quiescent_background_cache.csv,16934400.0,3.182428571428572e-07,7437.273833542653,4233600.0,395.9663771527141,True,ok
4FGL J0403.9-3605,74,75,55411.00001157408,1.54e-07,4.02e-08,2.75e-07,2.155675595238095e-07,6.32769230769231e-08,8.402468660568555e-09,6.32769230769231e-08,8.402468660568555e-09,8.73e-08,8.73e-08,6.32769230769231e-08,False,True,True,29,True,55152.00001157408,55411.00001157408,2.2090542568874794,2.0,True,True,55159.00001157408,55411.00001157408,weekly,30.0,both,cache,/home/lkoo/projects/AutomationDetection/DownloadedLC/incremental/quiescent_background_cache.csv,17539200.0,3.1257931034482764e-07,7565.807766563882,4384800.0,396.12293304291916,True,ok
4FGL J0403.9-3605,75,76,55418.00001157408,1.87e-07,3.55e-08,1.54e-07,2.155675595238095e-07,6.32769230769231e-08,8.402468660568555e-09,6.32769230769231e-08,8.402468660568555e-09,8.73e-08,8.73e-08,6.32769230769231e-08,True,True,True,30,True,55152.00001157408,55418.00001157408,3.3914538856252103,2.0,True,True,55159.00001157408,55418.00001157408,weekly,30.0,both,cache,/home/lkoo/projects/AutomationDetection/DownloadedLC/incremental/quiescent_background_cache.csv,18144000.0,3.083933333333334e-07,7721.884685232517,4536000.0,394.74678002176637,True,ok
4FGL J0403.9-3605,76,77,55425.00001157408,2.41e-07,3.6e-08,1.87e-07,2.155675595238095e-07,6.32769230769231e-08,8.402468660568555e-09,6.32769230769231e-08,8.402468660568555e-09,8.73e-08,8.73e-08,6.32769230769231e-08,True,True,True,31,True,55152.00001157408,55425.00001157408,4.80753971128047,2.0,True,True,55159.00001157408,55425.00001157408,weekly,30.0,both,cache,/home/lkoo/projects/AutomationDetection/DownloadedLC/incremental/quiescent_background_cache.csv,18748800.0,3.062193548387097e-07,7923.031944051454,4687200.0,391.0822625728125,True,ok
4FGL J0403.9-3605,77,78,55432.00001157408,2.71e-07,3.9e-08,2.41e-07,2.155675595238095e-07,6.32769230769231e-08,8.402468660568555e-09,6.32769230769231e-08,8.402468660568555e-09,8.73e-08,8.73e-08,6.32769230769231e-08,True,True,True,32,True,55152.00001157408,55432.00001157408,5.2067602410640905,2.0,True,True,55159.00001157408,55432.00001157408,weekly,30.0,both,cache,/home/lkoo/projects/AutomationDetection/DownloadedLC/incremental/quiescent_background_cache.csv,19353600.0,3.0511875e-07,8149.218280731667,4838400.0,386.3104003277248,True,ok
4FGL J0403.9-3605,78,79,55439.00001157408,3.25e-07,5.42e-08,2.71e-07,2.155675595238095e-07,6.32769230769231e-08,8.402468660568555e-09,6.32769230769231e-08,8.402468660568555e-09,8.73e-08,8.73e-08,6.32769230769231e-08,True,True,True,33,True,55152.00001157408,55439.00001157408,4.771837763150114,2.0,True,True,55159.00001157408,55439.00001157408,weekly,30.0,both,cache,/home/lkoo/projects/AutomationDetection/DownloadedLC/incremental/quiescent_background_cache.csv,19958400.0,3.0572121212121207e-07,8420.474957562183,4989600.0,379.6631654223458,True,ok
4FGL J0403.9-3605,79,80,55453.00001157408,2.38e-07,6.97e-08,3.25e-07,2.155675595238095e-07,6.32769230769231e-08,8.402468660568555e-09,6.32769230769231e-08,8.402468660568555e-09,8.73e-08,8.73e-08,6.32769230769231e-08,False,True,True,34,True,55152.00001157408,55453.00001157408,2.488768219401503,2.0,True,True,55159.00001157408,55453.00001157408,weekly,30.0,both,cache,/home/lkoo/projects/AutomationDetection/DownloadedLC/incremental/quiescent_background_cache.csv,20563200.0,3.0372941176470586e-07,8619.118308594992,5140800.0,376.4890209802777,True,ok
4FGL J0403.9-3605,80,81,55474.00001157408,2.83e-07,3.56e-08,2.38e-07,2.155675595238095e-07,6.32769230769231e-08,8.402468660568555e-09,6.32769230769231e-08,8.402468660568555e-09,8.73e-08,8.73e-08,6.32769230769231e-08,True,True,True,35,True,55152.00001157408,55474.00001157408,6.006947925421866,2.0,True,True,55159.00001157408,55474.00001157408,weekly,30.0,both,cache,/home/lkoo/projects/AutomationDetection/DownloadedLC/incremental/quiescent_background_cache.csv,21168000.0,3.031371428571428e-07,8855.320276419716,5292000.0,371.7960227856852,True,ok
4FGL J0403.9-3605,81,82,55481.00001157408,2.72e-07,3.58e-08,2.83e-07,2.155675595238095e-07,6.32769230769231e-08,8.402468660568555e-09,6.32769230769231e-08,8.402468660568555e-09,8.73e-08,8.73e-08,6.32769230769231e-08,False,True,True,36,True,55152.00001157408,55481.00001157408,5.676012478029945,2.0,True,True,55159.00001157408,55481.00001157408,weekly,30.0,both,cache,/home/lkoo/projects/AutomationDetection/DownloadedLC/incremental/quiescent_background_cache.csv,21772800.0,3.022722222222222e-07,9082.341249028641,5443200.0,367.6439220741919,True,ok
4FGL J0403.9-3605,82,83,55488.00001157408,2.21e-07,4.27e-08,2.72e-07,2.155675595238095e-07,6.32769230769231e-08,8.402468660568555e-09,6.32769230769231e-08,8.402468660568555e-09,8.73e-08,8.73e-08,6.32769230769231e-08,False,True,True,37,True,55152.00001157408,55488.00001157408,3.624246229543241,2.0,True,True,55159.00001157408,55488.00001157408,weekly,30.0,both,cache,/home/lkoo/projects/AutomationDetection/DownloadedLC/incremental/quiescent_background_cache.csv,22377600.0,3.0007567567567565e-07,9266.795789273392,5594400.0,365.2940484492753,True,ok
4FGL J0403.9-3605,83,84,55502.00001157408,3e-07,6.27e-08,2.21e-07,2.155675595238095e-07,6.32769230769231e-08,8.402468660568555e-09,6.32769230769231e-08,8.402468660568555e-09,8.73e-08,8.73e-08,6.32769230769231e-08,True,True,True,38,True,55152.00001157408,55502.00001157408,3.742035845514579,2.0,True,True,55159.00001157408,55502.00001157408,weekly,30.0,both,cache,/home/lkoo/projects/AutomationDetection/DownloadedLC/incremental/quiescent_background_cache.csv,22982400.0,3.000736842105263e-07,9517.186567886176,5745600.0,360.4578932662891,True,ok
4FGL J0403.9-3605,84,85,55509.00001157408,3.13e-07,6.58e-08,3e-07,2.155675595238095e-07,6.32769230769231e-08,8.402468660568555e-09,6.32769230769231e-08,8.402468660568555e-09,8.73e-08,8.73e-08,6.32769230769231e-08,True,True,True,39,True,55152.00001157408,55509.00001157408,3.7646137319274318,2.0,True,True,55159.00001157408,55509.00001157408,weekly,30.0,both,cache,/home/lkoo/projects/AutomationDetection/DownloadedLC/incremental/quiescent_background_cache.csv,23587200.0,3.0040512820512823e-07,9778.427613572181,5896800.0,355.41438363955507,True,ok
4FGL J0403.9-3605,85,86,55516.00001157408,1.75e-07,4.15e-08,3.13e-07,2.155675595238095e-07,6.32769230769231e-08,8.402468660568555e-09,6.32769230769231e-08,8.402468660568555e-09,8.73e-08,8.73e-08,6.32769230769231e-08,False,True,True,40,True,55152.00001157408,55516.00001157408,2.638582823450639,2.0,True,True,55159.00001157408,55516.00001157408,weekly,30.0,both,cache,/home/lkoo/projects/AutomationDetection/DownloadedLC/incremental/quiescent_background_cache.csv,24192000.0,2.9727e-07,9924.488901096307,6048000.0,354.64171206390813,True,ok
4FGL J0403.9-3605,86,87,55523.00001157408,4.73e-07,5e-08,1.75e-07,2.155675595238095e-07,6.32769230769231e-08,8.402468660568555e-09,6.32769230769231e-08,8.402468660568555e-09,8.73e-08,8.73e-08,6.32769230769231e-08,True,True,True,41,True,55152.00001157408,55523.00001157408,8.081147782467745,2.0,True,True,55159.00001157408,55523.00001157408,weekly,30.0,both,cache,/home/lkoo/projects/AutomationDetection/DownloadedLC/incremental/quiescent_background_cache.csv,24796800.0,3.0155609756097567e-07,10319.271695375797,6199200.0,345.3154262561359,True,ok
4FGL J0403.9-3605,87,88,55530.00001157408,2.64e-07,3.52e-08,4.73e-07,2.155675595238095e-07,6.32769230769231e-08,8.402468660568555e-09,6.32769230769231e-08,8.402468660568555e-09,8.73e-08,8.73e-08,6.32769230769231e-08,False,True,True,42,True,55152.00001157408,55530.00001157408,5.54652653260559,2.0,True,True,55159.00001157408,55530.00001157408,weekly,30.0,both,cache,/home/lkoo/projects/AutomationDetection/DownloadedLC/incremental/quiescent_background_cache.csv,25401600.0,3.006619047619048e-07,10539.615580555044,6350400.0,342.1936160277489,True,ok
4FGL J0403.9-3605,88,89,55544.00001157408,3.34e-07,4.83e-08,2.64e-07,2.155675595238095e-07,6.32769230769231e-08,8.402468660568555e-09,6.32769230769231e-08,8.402468660568555e-09,8.73e-08,8.73e-08,6.32769230769231e-08,True,True,True,43,True,55152.00001157408,55544.00001157408,5.52209640051829,2.0,True,True,55159.00001157408,55544.00001157408,weekly,30.0,both,cache,/home/lkoo/projects/AutomationDetection/DownloadedLC/incremental/quiescent_background_cache.csv,26006400.0,3.014372093023256e-07,10818.383980743944,6501600.0,337.3220976338609,True,ok
4FGL J0403.9-3605,89,90,55551.00001157408,2.5e-07,5.69e-08,3.34e-07,2.155675595238095e-07,6.32769230769231e-08,8.402468660568555e-09,6.32769230769231e-08,8.402468660568555e-09,8.73e-08,8.73e-08,6.32769230769231e-08,False,True,True,44,True,55152.00001157408,55551.00001157408,3.246395017427247,2.0,True,True,55159.00001157408,55551.00001157408,weekly,30.0,both,cache,/home/lkoo/projects/AutomationDetection/DownloadedLC/incremental/quiescent_background_cache.csv,26611200.0,3.0026818181818183e-07,11027.042962921265,6652800.0,334.76406215607557,True,ok
4FGL J0403.9-3605,90,91,55558.00001157408,3.32e-07,5.92e-08,2.5e-07,2.155675595238095e-07,6.32769230769231e-08,8.402468660568555e-09,6.32769230769231e-08,8.402468660568555e-09,8.73e-08,8.73e-08,6.32769230769231e-08,True,True,True,45,True,55152.00001157408,55558.00001157408,4.4941987379573956,2.0,True,True,55159.00001157408,55558.00001157408,weekly,30.0,both,cache,/home/lkoo/projects/AutomationDetection/DownloadedLC/incremental/quiescent_background_cache.csv,27216000.0,3.0097333333333335e-07,11304.142091252745,6804000.0,330.24864954237466,True,ok
4FGL J0403.9-3605,91,92,55565.00001157408,2.47e-07,4.75e-08,3.32e-07,2.155675595238095e-07,6.32769230769231e-08,8.402468660568555e-09,6.32769230769231e-08,8.402468660568555e-09,8.73e-08,8.73e-08,6.32769230769231e-08,False,True,True,46,True,55152.00001157408,55565.00001157408,3.808722911055138,2.0,True,True,55159.00001157408,55565.00001157408,weekly,30.0,both,cache,/home/lkoo/projects/AutomationDetection/DownloadedLC/incremental/quiescent_background_cache.csv,27820800.0,2.998e-07,11510.297165643939,6955200.0,327.91658083995935,True,ok
4FGL J0403.9-3605,92,93,55572.00001157408,1.8e-07,4.26e-08,2.47e-07,2.155675595238095e-07,6.32769230769231e-08,8.402468660568555e-09,6.32769230769231e-08,8.402468660568555e-09,8.73e-08,8.73e-08,6.32769230769231e-08,False,True,True,47,True,55152.00001157408,55572.00001157408,2.68818660435111,2.0,True,True,55159.00001157408,55572.00001157408,weekly,30.0,both,cache,/home/lkoo/projects/AutomationDetection/DownloadedLC/incremental/quiescent_background_cache.csv,28425600.0,2.9725106382978723e-07,11660.531632811608,7106400.0,327.188871985988,True,ok
4FGL J0403.9-3605,93,94,55579.00001157408,2.37e-07,3.93e-08,1.8e-07,2.155675595238095e-07,6.32769230769231e-08,8.402468660568555e-09,6.32769230769231e-08,8.402468660568555e-09,8.73e-08,8.73e-08,6.32769230769231e-08,True,True,True,48,True,55152.00001157408,55579.00001157408,4.322738357957893,2.0,True,True,55159.00001157408,55579.00001157408,weekly,30.0,both,cache,/home/lkoo/projects/AutomationDetection/DownloadedLC/incremental/quiescent_background_cache.csv,29030400.0,2.9599583333333333e-07,11858.340347915708,7257600.0,325.13457310826146,True,ok
4FGL J0403.9-3605,94,95,55600.00001157408,3.63e-07,5.25e-08,2.37e-07,2.155675595238095e-07,6.32769230769231e-08,8.402468660568555e-09,6.32769230769231e-08,8.402468660568555e-09,8.73e-08,8.73e-08,6.32769230769231e-08,True,True,True,49,True,55152.00001157408,55600.00001157408,5.637268059139557,2.0,True,True,55159.00001157408,55600.00001157408,weekly,30.0,both,cache,/home/lkoo/projects/AutomationDetection/DownloadedLC/incremental/quiescent_background_cache.csv,29635200.0,2.973632653061224e-07,12161.313190037174,7408800.0,320.32117452869556,True,ok
4FGL J0403.9-3605,95,96,55614.00001157408,2.51e-07,5.51e-08,3.63e-07,2.155675595238095e-07,6.32769230769231e-08,8.402468660568555e-09,6.32769230769231e-08,8.402468660568555e-09,8.73e-08,8.73e-08,6.32769230769231e-08,False,True,True,50,True,55152.00001157408,55614.00001157408,3.3680163619492762,2.0,True,True,55159.00001157408,55614.00001157408,weekly,30.0,both,cache,/home/lkoo/projects/AutomationDetection/DownloadedLC/incremental/quiescent_background_cache.csv,30240000.0,2.9643599999999997e-07,12370.806808143203,7560000.0,318.09288059423324,True,ok
4FGL J0403.9-3605,96,97,55621.00001157408,1.75e-07,4.28e-08,2.51e-07,2.155675595238095e-07,6.32769230769231e-08,8.402468660568555e-09,6.32769230769231e-08,8.402468660568555e-09,8.73e-08,8.73e-08,6.32769230769231e-08,False,True,True,51,True,55152.00001157408,55621.00001157408,2.5614579736116205,2.0,True,True,55159.00001157408,55621.00001157408,weekly,30.0,both,cache,/home/lkoo/projects/AutomationDetection/DownloadedLC/incremental/quiescent_background_cache.csv,30844800.0,2.940549019607843e-07,12516.868095667329,7711200.0,317.5071681294449,True,ok
4FGL J0403.9-3605,97,98,55628.00001157408,1.61e-07,3.66e-08,1.75e-07,2.155675595238095e-07,6.32769230769231e-08,8.402468660568555e-09,6.32769230769231e-08,8.402468660568555e-09,8.73e-08,8.73e-08,6.32769230769231e-08,False,True,True,52,True,55152.00001157408,55628.00001157408,2.6023320422830145,2.0,True,True,55159.00001157408,55628.00001157408,weekly,30.0,both,cache,/home/lkoo/projects/AutomationDetection/DownloadedLC/incremental/quiescent_background_cache.csv,31449600.0,2.9149615384615384e-07,12651.24448018952,7862400.0,317.1973010331197,True,ok
4FGL J0403.9-3605,98,99,55635.00001157408,3.09e-07,3.87e-08,1.61e-07,2.155675595238095e-07,6.32769230769231e-08,8.402468660568555e-09,6.32769230769231e-08,8.402468660568555e-09,8.73e-08,8.73e-08,6.32769230769231e-08,True,True,True,53,True,55152.00001157408,55635.00001157408,6.204868092504232,2.0,True,True,55159.00001157408,55635.00001157408,weekly,30.0,both,cache,/home/lkoo/projects/AutomationDetection/DownloadedLC/incremental/quiescent_background_cache.csv,32054400.0,2.918264150943396e-07,12909.146982160692,8013600.0,313.8353383770192,True,ok
4FGL J0403.9-3605,99,100,55642.00001157408,1.93e-07,4.92e-08,3.09e-07,2.155675595238095e-07,6.32769230769231e-08,8.402468660568555e-09,6.32769230769231e-08,8.402468660568555e-09,8.73e-08,8.73e-08,6.32769230769231e-08,False,True,True,54,True,55152.00001157408,55642.00001157408,2.5990182438288474,2.0,True,True,55159.00001157408,55642.00001157408,weekly,30.0,both,cache,/home/lkoo/projects/AutomationDetection/DownloadedLC/incremental/quiescent_background_cache.csv,32659200.0,2.899962962962963e-07,13070.231716401582,8164800.0,312.87643737275977,True,ok
4FGL J0403.9-3605,100,101,55649.00001157408,1.13e-07,3.03e-08,1.93e-07,2.155675595238095e-07,6.32769230769231e-08,8.402468660568555e-09,6.32769230769231e-08,8.402468660568555e-09,8.73e-08,8.73e-08,6.32769230769231e-08,False,True,True,55,True,55152.00001157408,55649.00001157408,1.5813485318851201,2.0,False,True,55159.00001157408,55649.00001157408,weekly,30.0,both,cache,/home/lkoo/projects/AutomationDetection/DownloadedLC/incremental/quiescent_background_cache.csv,33264000.0,2.867781818181818e-07,13164.545576345728,8316000.0,313.4951930274895,True,ok
4FGL J0403.9-3605,101,102,55656.00001157408,2.3e-07,5.44e-08,1.13e-07,2.155675595238095e-07,6.32769230769231e-08,8.402468660568555e-09,6.32769230769231e-08,8.402468660568555e-09,8.73e-08,8.73e-08,6.32769230769231e-08,True,True,True,56,True,55152.00001157408,55656.00001157408,3.028845795336173,2.0,True,True,55159.00001157408,55656.00001157408,weekly,30.0,both,cache,/home/lkoo/projects/AutomationDetection/DownloadedLC/incremental/quiescent_background_cache.csv,33868800.0,2.857642857142857e-07,13356.511839948862,8467200.0,311.78495896217635,True,ok
4FGL J0403.9-3605,102,103,55670.00001157408,8.39e-08,3.91e-08,2.3e-07,2.155675595238095e-07,6.32769230769231e-08,8.402468660568555e-09,6.32769230769231e-08,8.402468660568555e-09,8.73e-08,8.73e-08,6.32769230769231e-08,False,True,True,57,True,55152.00001157408,55670.00001157408,0.5156717703497692,2.0,False,True,55159.00001157408,55670.00001157408,weekly,30.0,both,cache,/home/lkoo/projects/AutomationDetection/DownloadedLC/incremental/quiescent_background_cache.csv,34473600.0,2.8222280701754387e-07,13426.537794367572,8618400.0,312.9128159985143,True,ok
4FGL J0403.9-3605,103,104,55677.00001157408,1.45e-07,3.9e-08,8.39e-08,2.155675595238095e-07,6.32769230769231e-08,8.402468660568555e-09,6.32769230769231e-08,8.402468660568555e-09,8.73e-08,8.73e-08,6.32769230769231e-08,True,True,True,58,True,55152.00001157408,55677.00001157408,2.0484602577790287,2.0,True,True,55159.00001157408,55677.00001157408,weekly,30.0,both,cache,/home/lkoo/projects/AutomationDetection/DownloadedLC/incremental/quiescent_background_cache.csv,35078400.0,2.798568965517241e-07,13547.560004030418,8769600.0,312.8239847630047,True,ok
4FGL J0403.9-3605,104,105,55691.00001157408,1.57e-07,3.05e-08,1.45e-07,2.155675595238095e-07,6.32769230769231e-08,8.402468660568555e-09,6.32769230769231e-08,8.402468660568555e-09,8.73e-08,8.73e-08,6.32769230769231e-08,True,True,True,59,True,55152.00001157408,55691.00001157408,2.96252292842481,2.0,True,True,55159.00001157408,55691.00001157408,weekly,30.0,both,cache,/home/lkoo/projects/AutomationDetection/DownloadedLC/incremental/quiescent_background_cache.csv,35683200.0,2.777745762711864e-07,13678.597844837774,8920800.0,312.484919051433,True,ok
4FGL J0403.9-3605,105,106,55705.00001157408,1.58e-07,4.24e-08,1.57e-07,2.155675595238095e-07,6.32769230769231e-08,8.402468660568555e-09,6.32769230769231e-08,8.402468660568555e-09,8.73e-08,8.73e-08,6.32769230769231e-08,True,True,True,60,True,55152.00001157408,55705.00001157408,2.1914186055319624,2.0,True,True,55159.00001157408,55705.00001157408,weekly,30.0,both,cache,/home/lkoo/projects/AutomationDetection/DownloadedLC/incremental/quiescent_background_cache.csv,36288000.0,2.757783333333333e-07,13810.470321573841,9072000.0,312.1112371557431,True,ok
4FGL J0403.9-3605,106,107,55712.00001157408,1.6e-07,5.11e-08,1.58e-07,2.155675595238095e-07,6.32769230769231e-08,8.402468660568555e-09,6.32769230769231e-08,8.402468660568555e-09,8.73e-08,8.73e-08,6.32769230769231e-08,True,True,True,61,True,55152.00001157408,55712.00001157408,1.86773811258992,2.0,False,True,55159.00001157408,55712.00001157408,weekly,30.0,both,cache,/home/lkoo/projects/AutomationDetection/DownloadedLC/incremental/quiescent_background_cache.csv,36892800.0,2.738803278688524e-07,13944.012070167322,9223200.0,311.68589177437417,True,ok
4FGL J0403.9-3605,107,108,55719.00001157408,5.06e-08,4.45e-08,1.6e-07,2.155675595238095e-07,6.32769230769231e-08,8.402468660568555e-09,6.32769230769231e-08,8.402468660568555e-09,8.73e-08,8.73e-08,6.32769230769231e-08,False,False,False,0,False,,,-0.27992826337136123,2.0,False,False,,,weekly,30.0,both,cache,/home/lkoo/projects/AutomationDetection/DownloadedLC/incremental/quiescent_background_cache.csv,,,,,,False,not_in_flare_streak
4FGL J0403.9-3605,108,109,55726.00001157408,8.9e-08,3.41e-08,5.06e-08,2.155675595238095e-07,6.32769230769231e-08,8.402468660568555e-09,6.32769230769231e-08,8.402468660568555e-09,8.73e-08,8.73e-08,6.32769230769231e-08,True,True,True,1,False,55726.00001157408,,0.732434720271842,2.0,False,False,,,weekly,30.0,both,cache,/home/lkoo/projects/AutomationDetection/DownloadedLC/incremental/quiescent_background_cache.csv,604800.0,8.9e-08,74.28259765512591,151200.0,7487.408116856315,True,ok
4FGL J0403.9-3605,109,110,55733.00001157408,7.74e-08,3.03e-08,8.9e-08,2.155675595238095e-07,6.32769230769231e-08,8.402468660568555e-09,6.32769230769231e-08,8.402468660568555e-09,8.73e-08,8.73e-08,6.32769230769231e-08,False,True,True,2,False,55726.00001157408,,0.4491577822619241,2.0,False,False,,,weekly,30.0,both,cache,/home/lkoo/projects/AutomationDetection/DownloadedLC/incremental/quiescent_background_cache.csv,1209600.0,8.32e-08,138.8834185372242,302400.0,5663.3869982759,True,ok
4FGL J0403.9-3605,110,111,55747.00001157408,1.39e-07,3.05e-08,7.74e-08,2.155675595238095e-07,6.32769230769231e-08,8.402468660568555e-09,6.32769230769231e-08,8.402468660568555e-09,8.73e-08,8.73e-08,6.32769230769231e-08,True,True,True,3,True,55726.00001157408,55747.00001157408,2.3935551302867553,2.0,True,True,55747.00001157408,55747.00001157408,weekly,30.0,both,cache,/home/lkoo/projects/AutomationDetection/DownloadedLC/incremental/quiescent_background_cache.csv,1814400.0,1.0179999999999999e-07,254.89781262781406,453600.0,3779.4485888302647,True,ok
4FGL J0403.9-3605,111,112,55761.00001157408,1.14e-07,3.84e-08,1.39e-07,2.155675595238095e-07,6.32769230769231e-08,8.402468660568555e-09,6.32769230769231e-08,8.402468660568555e-09,8.73e-08,8.73e-08,6.32769230769231e-08,False,True,True,4,True,55726.00001157408,55761.00001157408,1.29038306315243,2.0,False,True,55747.00001157408,55761.00001157408,weekly,30.0,both,cache,/home/lkoo/projects/AutomationDetection/DownloadedLC/incremental/quiescent_background_cache.csv,2419200.0,1.0484999999999999e-07,350.04630850067196,604800.0,3177.9134921068508,True,ok
4FGL J0403.9-3605,112,113,55768.00001157408,1.27e-07,5.31e-08,1.14e-07,2.155675595238095e-07,6.32769230769231e-08,8.402468660568555e-09,6.32769230769231e-08,8.402468660568555e-09,8.73e-08,8.73e-08,6.32769230769231e-08,True,True,True,5,True,55726.00001157408,55768.00001157408,1.1853099418370514,2.0,False,True,55747.00001157408,55768.00001157408,weekly,30.0,both,cache,/home/lkoo/projects/AutomationDetection/DownloadedLC/incremental/quiescent_background_cache.csv,3024000.0,1.0928e-07,456.04507144675057,756000.0,2727.219664992623,True,ok
4FGL J0403.9-3605,113,114,55782.00001157408,2.26e-07,4.71e-08,1.27e-07,2.155675595238095e-07,6.32769230769231e-08,8.402468660568555e-09,6.32769230769231e-08,8.402468660568555e-09,8.73e-08,8.73e-08,6.32769230769231e-08,True,True,True,6,True,55726.00001157408,55782.00001157408,3.4011451165600497,2.0,True,True,55747.00001157408,55782.00001157408,weekly,30.0,both,cache,/home/lkoo/projects/AutomationDetection/DownloadedLC/incremental/quiescent_background_cache.csv,3628800.0,1.2873333333333333e-07,644.6727913350479,907200.0,2113.5010658352526,True,ok
4FGL J0403.9-3605,114,115,55789.00001157408,1.72e-07,3.49e-08,2.26e-07,2.155675595238095e-07,6.32769230769231e-08,8.402468660568555e-09,6.32769230769231e-08,8.402468660568555e-09,8.73e-08,8.73e-08,6.32769230769231e-08,False,True,True,7,True,55726.00001157408,55789.00001157408,3.0287312370302413,2.0,True,True,55747.00001157408,55789.00001157408,weekly,30.0,both,cache,/home/lkoo/projects/AutomationDetection/DownloadedLC/incremental/quiescent_background_cache.csv,4233600.0,1.3491428571428572e-07,788.2301710730441,1058400.0,1867.1085006609107,True,ok
4FGL J0403.9-3605,115,116,55796.00001157408,8.72e-08,2.85e-08,1.72e-07,2.155675595238095e-07,6.32769230769231e-08,8.402468660568555e-09,6.32769230769231e-08,8.402468660568555e-09,8.73e-08,8.73e-08,6.32769230769231e-08,False,True,True,8,True,55726.00001157408,55796.00001157408,0.8051433534327074,2.0,False,True,55747.00001157408,55796.00001157408,weekly,30.0,both,cache,/home/lkoo/projects/AutomationDetection/DownloadedLC/incremental/quiescent_background_cache.csv,4838400.0,1.2895e-07,861.0104240564931,1209600.0,1827.2712899646735,True,ok
4FGL J0403.9-3605,116,117,55803.00001157408,1.33e-07,3.23e-08,8.72e-08,2.155675595238095e-07,6.32769230769231e-08,8.402468660568555e-09,6.32769230769231e-08,8.402468660568555e-09,8.73e-08,8.73e-08,6.32769230769231e-08,True,True,True,9,True,55726.00001157408,55803.00001157408,2.0890801551116747,2.0,True,True,55747.00001157408,55803.00001157408,weekly,30.0,both,cache,/home/lkoo/projects/AutomationDetection/DownloadedLC/incremental/quiescent_background_cache.csv,5443200.0,1.294e-07,972.0170025748274,1360800.0,1716.778945895933,True,ok
4FGL J0403.9-3605,117,118,55810.00001157408,2.57e-07,5.04e-08,1.33e-07,2.155675595238095e-07,6.32769230769231e-08,8.402468660568555e-09,6.32769230769231e-08,8.402468660568555e-09,8.73e-08,8.73e-08,6.32769230769231e-08,True,True,True,10,True,55726.00001157408,55810.00001157408,3.791383888621956,2.0,True,True,55747.00001157408,55810.00001157408,weekly,30.0,both,cache,/home/lkoo/projects/AutomationDetection/DownloadedLC/incremental/quiescent_background_cache.csv,6048000.0,1.4216e-07,1186.5184362531124,1512000.0,1482.5446379661744,True,ok
4FGL J0403.9-3605,118,119,55824.00001157408,3.11e-06,1.31e-07,2.57e-07,2.155675595238095e-07,6.32769230769231e-08,8.402468660568555e-09,6.32769230769231e-08,8.402468660568555e-09,8.73e-08,8.73e-08,6.32769230769231e-08,True,True,True,11,True,55726.00001157408,55824.00001157408,23.209733888239,2.0,True,True,55747.00001157408,55824.00001157408,weekly,30.0,both,cache,/home/lkoo/projects/AutomationDetection/DownloadedLC/incremental/quiescent_background_cache.csv,6652800.0,4.119636363636364e-07,3782.2361745389735,1663200.0,488.14953434106474,True,ok
4FGL J0403.9-3605,119,120,55831.00001157408,9.2e-07,8.44e-08,3.11e-06,2.155675595238095e-07,6.32769230769231e-08,8.402468660568555e-09,6.32769230769231e-08,8.402468660568555e-09,8.73e-08,8.73e-08,6.32769230769231e-08,False,True,True,12,True,55726.00001157408,55831.00001157408,10.100814869490817,2.0,True,True,55747.00001157408,55831.00001157408,weekly,30.0,both,cache,/home/lkoo/projects/AutomationDetection/DownloadedLC/incremental/quiescent_background_cache.csv,7257600.0,4.543e-07,4550.10122895151,1814400.0,423.8628669898175,True,ok
4FGL J0403.9-3605,120,121,55838.00001157408,1.82e-07,4.08e-08,9.2e-07,2.155675595238095e-07,6.32769230769231e-08,8.402468660568555e-09,6.32769230769231e-08,8.402468660568555e-09,8.73e-08,8.73e-08,6.32769230769231e-08,False,True,True,13,True,55726.00001157408,55838.00001157408,2.8500677460828356,2.0,True,True,55747.00001157408,55838.00001157408,weekly,30.0,both,cache,/home/lkoo/projects/AutomationDetection/DownloadedLC/incremental/quiescent_background_cache.csv,7862400.0,4.3335384615384615e-07,4702.004967976599,1965600.0,426.8933145051954,True,ok
4FGL J0403.9-3605,121,122,55845.00001157408,1.21e-07,2.91e-08,1.82e-07,2.155675595238095e-07,6.32769230769231e-08,8.402468660568555e-09,6.32769230769231e-08,8.402468660568555e-09,8.73e-08,8.73e-08,6.32769230769231e-08,False,True,True,14,True,55726.00001157408,55845.00001157408,1.9057564046868285,2.0,False,True,55747.00001157408,55845.00001157408,weekly,30.0,both,cache,/home/lkoo/projects/AutomationDetection/DownloadedLC/incremental/quiescent_background_cache.csv,8467200.0,4.1104285714285713e-07,4802.9959153504215,2116800.0,433.66650522106005,True,ok
4FGL J0403.9-3605,122,123,55852.00001157408,1.11e-07,3.15e-08,1.21e-07,2.155675595238095e-07,6.32769230769231e-08,8.402468660568555e-09,6.32769230769231e-08,8.402468660568555e-09,8.73e-08,8.73e-08,6.32769230769231e-08,False,True,True,15,True,55726.00001157408,55852.00001157408,1.4638350649403018,2.0,False,True,55747.00001157408,55852.00001157408,weekly,30.0,both,cache,/home/lkoo/projects/AutomationDetection/DownloadedLC/incremental/quiescent_background_cache.csv,9072000.0,3.9104000000000004e-07,4895.640503437153,2268000.0,440.3685204745738,True,ok
4FGL J0403.9-3605,123,124,55859.00001157408,1.27e-07,3.03e-08,1.11e-07,2.155675595238095e-07,6.32769230769231e-08,8.402468660568555e-09,6.32769230769231e-08,8.402468660568555e-09,8.73e-08,8.73e-08,6.32769230769231e-08,True,True,True,16,True,55726.00001157408,55859.00001157408,2.0265920851077253,2.0,True,True,55747.00001157408,55859.00001157408,weekly,30.0,both,cache,/home/lkoo/projects/AutomationDetection/DownloadedLC/incremental/quiescent_background_cache.csv,9676800.0,3.745375e-07,5001.63926638323,2419200.0,445.1517057678995,True,ok
4FGL J0403.9-3605,124,125,55866.00001157408,8.95e-08,3e-08,1.27e-07,2.155675595238095e-07,6.32769230769231e-08,8.402468660568555e-09,6.32769230769231e-08,8.402468660568555e-09,8.73e-08,8.73e-08,6.32769230769231e-08,False,True,True,17,True,55726.00001157408,55866.00001157408,0.8417113325207343,2.0,False,True,55747.00001157408,55866.00001157408,weekly,30.0,both,cache,/home/lkoo/projects/AutomationDetection/DownloadedLC/incremental/quiescent_background_cache.csv,10281600.0,3.5777058823529413e-07,5076.339182002712,2570400.0,452.07884771107877,True,ok
4FGL J0403.9-3605,125,126,55873.00001157408,7.68e-08,4.14e-08,8.95e-08,2.155675595238095e-07,6.32769230769231e-08,8.402468660568555e-09,6.32769230769231e-08,8.402468660568555e-09,8.73e-08,8.73e-08,6.32769230769231e-08,False,True,True,18,True,55726.00001157408,55873.00001157408,0.32011775407958926,2.0,False,True,55747.00001157408,55873.00001157408,weekly,30.0,both,cache,/home/lkoo/projects/AutomationDetection/DownloadedLC/incremental/quiescent_background_cache.csv,10886400.0,3.421611111111111e-07,5140.439221327583,2721600.0,459.36479492098516,True,ok
4FGL J0403.9-3605,126,127,55901.00001157408,8.23e-08,2.58e-08,7.68e-08,2.155675595238095e-07,6.32769230769231e-08,8.402468660568555e-09,6.32769230769231e-08,8.402468660568555e-09,8.73e-08,8.73e-08,6.32769230769231e-08,True,True,True,19,True,55726.00001157408,55901.00001157408,0.7010849158141302,2.0,False,True,55747.00001157408,55901.00001157408,weekly,30.0,both,cache,/home/lkoo/projects/AutomationDetection/DownloadedLC/incremental/quiescent_background_cache.csv,11491200.0,3.284842105263158e-07,5209.129758260357,2872800.0,465.7114818699763,True,ok
4FGL J0403.9-3605,127,128,55908.00001157408,1.61e-07,3.09e-08,8.23e-08,2.155675595238095e-07,6.32769230769231e-08,8.402468660568555e-09,6.32769230769231e-08,8.402468660568555e-09,8.73e-08,8.73e-08,6.32769230769231e-08,True,True,True,20,True,55726.00001157408,55908.00001157408,3.0517436194188634,2.0,True,True,55747.00001157408,55908.00001157408,weekly,30.0,both,cache,/home/lkoo/projects/AutomationDetection/DownloadedLC/incremental/quiescent_background_cache.csv,12096000.0,3.2010999999999997e-07,5343.506142782551,3024000.0,465.78337726620333,True,ok
4FGL J0403.9-3605,128,129,55915.00001157408,1.51e-07,3.23e-08,1.61e-07,2.155675595238095e-07,6.32769230769231e-08,8.402468660568555e-09,6.32769230769231e-08,8.402468660568555e-09,8.73e-08,8.73e-08,6.32769230769231e-08,False,True,True,21,True,55726.00001157408,55915.00001157408,2.62840579091941,2.0,True,True,55747.00001157408,55915.00001157408,weekly,30.0,both,cache,/home/lkoo/projects/AutomationDetection/DownloadedLC/incremental/quiescent_background_cache.csv,12700800.0,3.1205714285714283e-07,5469.536168017653,3175200.0,466.2778804221019,True,ok
4FGL J0403.9-3605,129,130,55922.00001157408,1.71e-07,4.34e-08,1.51e-07,2.155675595238095e-07,6.32769230769231e-08,8.402468660568555e-09,6.32769230769231e-08,8.402468660568555e-09,8.73e-08,8.73e-08,6.32769230769231e-08,True,True,True,22,True,55726.00001157408,55922.00001157408,2.436848477211759,2.0,True,True,55747.00001157408,55922.00001157408,weekly,30.0,both,cache,/home/lkoo/projects/AutomationDetection/DownloadedLC/incremental/quiescent_background_cache.csv,13305600.0,3.056454545454545e-07,5612.258911826939,3326400.0,465.1056706156984,True,ok
4FGL J0403.9-3605,130,131,55929.00001157408,5.68e-07,6.96e-08,1.71e-07,2.155675595238095e-07,6.32769230769231e-08,8.402468660568555e-09,6.32769230769231e-08,8.402468660568555e-09,8.73e-08,8.73e-08,6.32769230769231e-08,True,True,True,23,True,55726.00001157408,55929.00001157408,7.199493419739257,2.0,True,True,55747.00001157408,55929.00001157408,weekly,30.0,both,cache,/home/lkoo/projects/AutomationDetection/DownloadedLC/incremental/quiescent_background_cache.csv,13910400.0,3.1705217391304343e-07,6086.33211933381,3477600.0,438.53060942278137,True,ok
4FGL J0403.9-3605,131,132,55936.00001157408,4.54e-07,6.21e-08,5.68e-07,2.155675595238095e-07,6.32769230769231e-08,8.402468660568555e-09,6.32769230769231e-08,8.402468660568555e-09,8.73e-08,8.73e-08,6.32769230769231e-08,False,True,True,24,True,55726.00001157408,55936.00001157408,6.235021809174844,2.0,True,True,55747.00001157408,55936.00001157408,weekly,30.0,both,cache,/home/lkoo/projects/AutomationDetection/DownloadedLC/incremental/quiescent_background_cache.csv,14515200.0,3.2275833333333335e-07,6465.2568309678245,3628800.0,421.71428126291863,True,ok
4FGL J0403.9-3605,132,133,55943.00001157408,1e-07,3.75e-08,4.54e-07,2.155675595238095e-07,6.32769230769231e-08,8.402468660568555e-09,6.32769230769231e-08,8.402468660568555e-09,8.73e-08,8.73e-08,6.32769230769231e-08,False,True,True,25,True,55726.00001157408,55943.00001157408,0.9555879203022398,2.0,False,True,55747.00001157408,55943.00001157408,weekly,30.0,both,cache,/home/lkoo/projects/AutomationDetection/DownloadedLC/incremental/quiescent_background_cache.csv,15120000.0,3.1384800000000007e-07,6548.720423838753,3780000.0,424.9143146511824,True,ok
4FGL J0403.9-3605,133,134,55950.00001157408,2.27e-07,3.62e-08,1e-07,2.155675595238095e-07,6.32769230769231e-08,8.402468660568555e-09,6.32769230769231e-08,8.402468660568555e-09,8.73e-08,8.73e-08,6.32769230769231e-08,True,True,True,26,True,55726.00001157408,55950.00001157408,4.405614943205455,2.0,True,True,55747.00001157408,55950.00001157408,weekly,30.0,both,cache,/home/lkoo/projects/AutomationDetection/DownloadedLC/incremental/quiescent_background_cache.csv,15724800.0,3.105076923076923e-07,6738.182779655759,3931200.0,421.1411679121868,True,ok
4FGL J0403.9-3605,134,135,55957.00001157408,2.67e-07,3.48e-08,2.27e-07,2.155675595238095e-07,6.32769230769231e-08,8.402468660568555e-09,6.32769230769231e-08,8.402468660568555e-09,8.73e-08,8.73e-08,6.32769230769231e-08,True,True,True,27,True,55726.00001157408,55957.00001157408,5.6905854561151905,2.0,True,True,55747.00001157408,55957.00001157408,weekly,30.0,both,cache,/home/lkoo/projects/AutomationDetection/DownloadedLC/incremental/quiescent_background_cache.csv,16329600.0,3.088962962962963e-07,6961.030572621135,4082400.0,415.42269930208573,True,ok
4FGL J0403.9-3605,135,136,55964.00001157408,1.33e-07,3.01e-08,2.67e-07,2.155675595238095e-07,6.32769230769231e-08,8.402468660568555e-09,6.32769230769231e-08,8.402468660568555e-09,8.73e-08,8.73e-08,6.32769230769231e-08,False,True,True,28,True,55726.00001157408,55964.00001157408,2.23108251215446,2.0,True,True,55747.00001157408,55964.00001157408,weekly,30.0,both,cache,/home/lkoo/projects/AutomationDetection/DownloadedLC/incremental/quiescent_background_cache.csv,16934400.0,3.0261428571428575e-07,7072.037151139471,4233600.0,416.3982036233564,True,ok
4FGL J0403.9-3605,136,137,55971.00001157408,6.06e-07,5.45e-08,1.33e-07,2.155675595238095e-07,6.32769230769231e-08,8.402468660568555e-09,6.32769230769231e-08,8.402468660568555e-09,8.73e-08,8.73e-08,6.32769230769231e-08,True,True,True,29,True,55726.00001157408,55971.00001157408,9.841939339764831,2.0,True,True,55747.00001157408,55971.00001157408,weekly,30.0,both,cache,/home/lkoo/projects/AutomationDetection/DownloadedLC/incremental/quiescent_background_cache.csv,17539200.0,3.1307586206896555e-07,7577.826523937294,4384800.0,395.49520620023986,True,ok
4FGL J0403.9-3605,137,138,55978.00001157408,3.12e-07,6.02e-08,6.06e-07,2.155675595238095e-07,6.32769230769231e-08,8.402468660568555e-09,6.32769230769231e-08,8.402468660568555e-09,8.73e-08,8.73e-08,6.32769230769231e-08,False,True,True,30,True,55726.00001157408,55978.00001157408,4.091946348269051,2.0,True,True,55747.00001157408,55978.00001157408,weekly,30.0,both,cache,/home/lkoo/projects/AutomationDetection/DownloadedLC/incremental/quiescent_background_cache.csv,18144000.0,3.1304e-07,7838.2329336945895,4536000.0,388.89226274189645,True,ok
4FGL J0403.9-3605,138,139,55985.00001157408,5.09e-07,7.24e-08,3.12e-07,2.155675595238095e-07,6.32769230769231e-08,8.402468660568555e-09,6.32769230769231e-08,8.402468660568555e-09,8.73e-08,8.73e-08,6.32769230769231e-08,True,True,True,31,True,55726.00001157408,55985.00001157408,6.115349892264231,2.0,True,True,55747.00001157408,55985.00001157408,weekly,30.0,both,cache,/home/lkoo/projects/AutomationDetection/DownloadedLC/incremental/quiescent_background_cache.csv,18748800.0,3.193612903225807e-07,8263.062621407615,4687200.0,375.0025385347259,True,ok
4FGL J0403.9-3605,139,140,55992.00001157408,2.53e-07,6.84e-08,5.09e-07,2.155675595238095e-07,6.32769230769231e-08,8.402468660568555e-09,6.32769230769231e-08,8.402468660568555e-09,8.73e-08,8.73e-08,6.32769230769231e-08,False,True,True,32,True,55726.00001157408,55992.00001157408,2.753034736288575,2.0,True,True,55747.00001157408,55992.00001157408,weekly,30.0,both,cache,/home/lkoo/projects/AutomationDetection/DownloadedLC/incremental/quiescent_background_cache.csv,19353600.0,3.172875e-07,8474.225511371062,4838400.0,371.50690955195154,True,ok
4FGL J0403.9-3605,140,141,55999.00001157408,6.35e-08,2.94e-08,2.53e-07,2.155675595238095e-07,6.32769230769231e-08,8.402468660568555e-09,6.32769230769231e-08,8.402468660568555e-09,8.73e-08,8.73e-08,6.32769230769231e-08,False,True,True,33,True,55726.00001157408,55999.00001157408,0.007295545770065993,2.0,False,True,55747.00001157408,55999.00001157408,weekly,30.0,both,cache,/home/lkoo/projects/AutomationDetection/DownloadedLC/incremental/quiescent_background_cache.csv,19958400.0,3.095969696969697e-07,8527.2248928441,4989600.0,374.9142725346841,True,ok
4FGL J0403.9-3605,141,142,56006.00001157408,1.44e-07,3.28e-08,6.35e-08,2.155675595238095e-07,6.32769230769231e-08,8.402468660568555e-09,6.32769230769231e-08,8.402468660568555e-09,8.73e-08,8.73e-08,6.32769230769231e-08,True,True,True,34,True,55726.00001157408,56006.00001157408,2.384085147081054,2.0,True,True,55747.00001157408,56006.00001157408,weekly,30.0,both,cache,/home/lkoo/projects/AutomationDetection/DownloadedLC/incremental/quiescent_background_cache.csv,20563200.0,3.0472647058823533e-07,8647.412466578238,5140800.0,375.2581874975729,True,ok
4FGL J0403.9-3605,142,143,56013.00001157408,1.14e-07,2.59e-08,1.44e-07,2.155675595238095e-07,6.32769230769231e-08,8.402468660568555e-09,6.32769230769231e-08,8.402468660568555e-09,8.73e-08,8.73e-08,6.32769230769231e-08,False,True,True,35,True,55726.00001157408,56013.00001157408,1.8628416413426996,2.0,False,True,55747.00001157408,56013.00001157408,weekly,30.0,both,cache,/home/lkoo/projects/AutomationDetection/DownloadedLC/incremental/quiescent_background_cache.csv,21168000.0,2.9927714285714284e-07,8742.560962451094,5292000.0,376.5873473106979,True,ok
4FGL J0403.9-3605,143,144,56020.00001157408,9.17e-08,2.76e-08,1.14e-07,2.155675595238095e-07,6.32769230769231e-08,8.402468660568555e-09,6.32769230769231e-08,8.402468660568555e-09,8.73e-08,8.73e-08,6.32769230769231e-08,False,True,True,36,True,55726.00001157408,56020.00001157408,0.9851789042345757,2.0,False,True,55747.00001157408,56020.00001157408,weekly,30.0,both,cache,/home/lkoo/projects/AutomationDetection/DownloadedLC/incremental/quiescent_background_cache.csv,21772800.0,2.935111111111111e-07,8819.097077113734,5443200.0,378.60870797833826,True,ok
4FGL J0403.9-3605,144,145,56027.00001157408,1.62e-07,4.61e-08,9.17e-08,2.155675595238095e-07,6.32769230769231e-08,8.402468660568555e-09,6.32769230769231e-08,8.402468660568555e-09,8.73e-08,8.73e-08,6.32769230769231e-08,True,True,True,37,True,55726.00001157408,56027.00001157408,2.1067895573468354,2.0,True,True,55747.00001157408,56027.00001157408,weekly,30.0,both,cache,/home/lkoo/projects/AutomationDetection/DownloadedLC/incremental/quiescent_background_cache.csv,22377600.0,2.8995675675675673e-07,8954.308097564637,5594400.0,378.0315493788935,True,ok
4FGL J0403.9-3605,145,146,56034.00001157408,1.74e-07,6.56e-08,1.62e-07,2.155675595238095e-07,6.32769230769231e-08,8.402468660568555e-09,6.32769230769231e-08,8.402468660568555e-09,8.73e-08,8.73e-08,6.32769230769231e-08,True,True,True,38,True,55726.00001157408,56034.00001157408,1.6741742930375458,2.0,False,True,55747.00001157408,56034.00001157408,weekly,30.0,both,cache,/home/lkoo/projects/AutomationDetection/DownloadedLC/incremental/quiescent_background_cache.csv,22982400.0,2.869052631578947e-07,9099.534749160051,5745600.0,376.98856416050074,True,ok
4FGL J0403.9-3605,146,147,56041.00001157408,1.2e-07,5.73e-08,1.74e-07,2.155675595238095e-07,6.32769230769231e-08,8.402468660568555e-09,6.32769230769231e-08,8.402468660568555e-09,8.73e-08,8.73e-08,6.32769230769231e-08,False,True,True,39,True,55726.00001157408,56041.00001157408,0.9794567822450865,2.0,False,True,55747.00001157408,56041.00001157408,weekly,30.0,both,cache,/home/lkoo/projects/AutomationDetection/DownloadedLC/incremental/quiescent_background_cache.csv,23587200.0,2.82625641025641e-07,9199.691060605166,5896800.0,377.75437606459536,True,ok
4FGL J0403.9-3605,147,148,56048.00001157408,1.22e-07,4.28e-08,1.2e-07,2.155675595238095e-07,6.32769230769231e-08,8.402468660568555e-09,6.32769230769231e-08,8.402468660568555e-09,8.73e-08,8.73e-08,6.32769230769231e-08,True,True,True,40,True,55726.00001157408,56048.00001157408,1.3463350434144252,2.0,False,True,55747.00001157408,56048.00001157408,weekly,30.0,both,cache,/home/lkoo/projects/AutomationDetection/DownloadedLC/incremental/quiescent_background_cache.csv,24192000.0,2.7861e-07,9301.516643907698,6048000.0,378.3745052263634,True,ok
4FGL J0403.9-3605,148,149,56055.00001157408,7.72e-08,3.27e-08,1.22e-07,2.155675595238095e-07,6.32769230769231e-08,8.402468660568555e-09,6.32769230769231e-08,8.402468660568555e-09,8.73e-08,8.73e-08,6.32769230769231e-08,False,True,True,41,True,55726.00001157408,56055.00001157408,0.4123855781644247,2.0,False,True,55747.00001157408,56055.00001157408,weekly,30.0,both,cache,/home/lkoo/projects/AutomationDetection/DownloadedLC/incremental/quiescent_background_cache.csv,24796800.0,2.7369756097560975e-07,9365.950537604054,6199200.0,380.43444092592654,True,ok
4FGL J0403.9-3605,149,150,56062.00001157408,1.19e-07,3.22e-08,7.72e-08,2.155675595238095e-07,6.32769230769231e-08,8.402468660568555e-09,6.32769230769231e-08,8.402468660568555e-09,8.73e-08,8.73e-08,6.32769230769231e-08,True,True,True,42,True,55726.00001157408,56062.00001157408,1.674459687036465,2.0,False,True,55747.00001157408,56062.00001157408,weekly,30.0,both,cache,/home/lkoo/projects/AutomationDetection/DownloadedLC/incremental/quiescent_background_cache.csv,25401600.0,2.700142857142857e-07,9465.272213120457,6350400.0,381.0016766573373,True,ok
4FGL J0403.9-3605,150,151,56069.00001157408,1.42e-07,3.37e-08,1.19e-07,2.155675595238095e-07,6.32769230769231e-08,8.402468660568555e-09,6.32769230769231e-08,8.402468660568555e-09,8.73e-08,8.73e-08,6.32769230769231e-08,True,True,True,43,True,55726.00001157408,56069.00001157408,2.266605457862783,2.0,True,True,55747.00001157408,56069.00001157408,weekly,30.0,both,cache,/home/lkoo/projects/AutomationDetection/DownloadedLC/incremental/quiescent_background_cache.csv,26006400.0,2.6703720930232557e-07,9583.790514997176,6501600.0,380.74017255190944,True,ok
4FGL J0403.9-3605,151,152,56076.00001157408,1.29e-07,3.84e-08,1.42e-07,2.155675595238095e-07,6.32769230769231e-08,8.402468660568555e-09,6.32769230769231e-08,8.402468660568555e-09,8.73e-08,8.73e-08,6.32769230769231e-08,False,True,True,44,True,55726.00001157408,56076.00001157408,1.6719795103995092,2.0,False,True,55747.00001157408,56076.00001157408,weekly,30.0,both,cache,/home/lkoo/projects/AutomationDetection/DownloadedLC/incremental/quiescent_background_cache.csv,26611200.0,2.639e-07,9691.458549800673,6652800.0,380.8598810759852,True,ok
4FGL J0403.9-3605,152,153,56083.00001157408,2.47e-07,5.61e-08,1.29e-07,2.155675595238095e-07,6.32769230769231e-08,8.402468660568555e-09,6.32769230769231e-08,8.402468660568555e-09,8.73e-08,8.73e-08,6.32769230769231e-08,True,True,True,45,True,55726.00001157408,56083.00001157408,3.2387946398298046,2.0,True,True,55747.00001157408,56083.00001157408,weekly,30.0,both,cache,/home/lkoo/projects/AutomationDetection/DownloadedLC/incremental/quiescent_background_cache.csv,27216000.0,2.6352444444444443e-07,9897.613624191865,6804000.0,377.14064813585867,True,ok
4FGL J0403.9-3605,153,154,56090.00001157408,2.36e-07,6.55e-08,2.47e-07,2.155675595238095e-07,6.32769230769231e-08,8.402468660568555e-09,6.32769230769231e-08,8.402468660568555e-09,8.73e-08,8.73e-08,6.32769230769231e-08,False,True,True,46,True,55726.00001157408,56090.00001157408,2.6155601868902756,2.0,True,True,55747.00001157408,56090.00001157408,weekly,30.0,both,cache,/home/lkoo/projects/AutomationDetection/DownloadedLC/incremental/quiescent_background_cache.csv,27820800.0,2.629260869565217e-07,10094.587703367257,6955200.0,373.86705446548274,True,ok
4FGL J0403.9-3605,154,155,56097.00001157408,1.77e-07,4.66e-08,2.36e-07,2.155675595238095e-07,6.32769230769231e-08,8.402468660568555e-09,6.32769230769231e-08,8.402468660568555e-09,8.73e-08,8.73e-08,6.32769230769231e-08,False,True,True,47,True,55726.00001157408,56097.00001157408,2.4016800913615053,2.0,True,True,55747.00001157408,56097.00001157408,weekly,30.0,both,cache,/home/lkoo/projects/AutomationDetection/DownloadedLC/incremental/quiescent_background_cache.csv,28425600.0,2.6109787234042554e-07,10242.318262748799,7106400.0,372.45631331802537,True,ok
4FGL J0403.9-3605,155,156,56104.00001157408,2.77e-07,5.31e-08,1.77e-07,2.155675595238095e-07,6.32769230769231e-08,8.402468660568555e-09,6.32769230769231e-08,8.402468660568555e-09,8.73e-08,8.73e-08,6.32769230769231e-08,True,True,True,48,True,55726.00001157408,56104.00001157408,3.975452851762511,2.0,True,True,55747.00001157408,56104.00001157408,weekly,30.0,both,cache,/home/lkoo/projects/AutomationDetection/DownloadedLC/incremental/quiescent_background_cache.csv,29030400.0,2.614291666666666e-07,10473.512415001269,7257600.0,368.0894255740134,True,ok
4FGL J0403.9-3605,156,157,56111.00001157408,9.67e-08,3.8e-08,2.77e-07,2.155675595238095e-07,6.32769230769231e-08,8.402468660568555e-09,6.32769230769231e-08,8.402468660568555e-09,8.73e-08,8.73e-08,6.32769230769231e-08,False,True,True,49,True,55726.00001157408,56111.00001157408,0.8588102914388174,2.0,False,True,55747.00001157408,56111.00001157408,weekly,30.0,both,cache,/home/lkoo/projects/AutomationDetection/DownloadedLC/incremental/quiescent_background_cache.csv,29635200.0,2.580673469387755e-07,10554.221709307456,7408800.0,369.05651592246016,True,ok
4FGL J0403.9-3605,157,158,56118.00001157408,1.69e-07,3.41e-08,9.67e-08,2.155675595238095e-07,6.32769230769231e-08,8.402468660568555e-09,6.32769230769231e-08,8.402468660568555e-09,8.73e-08,8.73e-08,6.32769230769231e-08,True,True,True,50,True,55726.00001157408,56118.00001157408,3.01034174504073,2.0,True,True,55747.00001157408,56118.00001157408,weekly,30.0,both,cache,/home/lkoo/projects/AutomationDetection/DownloadedLC/incremental/quiescent_background_cache.csv,30240000.0,2.5628599999999997e-07,10695.275181259323,7560000.0,367.8848957051002,True,ok
4FGL J0403.9-3605,158,159,56125.00001157408,1.91e-07,3.69e-08,1.69e-07,2.155675595238095e-07,6.32769230769231e-08,8.402468660568555e-09,6.32769230769231e-08,8.402468660568555e-09,8.73e-08,8.73e-08,6.32769230769231e-08,True,True,True,51,True,55726.00001157408,56125.00001157408,3.374937986446118,2.0,True,True,55747.00001157408,56125.00001157408,weekly,30.0,both,cache,/home/lkoo/projects/AutomationDetection/DownloadedLC/incremental/quiescent_background_cache.csv,30844800.0,2.5500588235294116e-07,10854.690643642798,7711200.0,366.08760381064053,True,ok
4FGL J0403.9-3605,159,160,56132.00001157408,2.05e-07,4.69e-08,1.91e-07,2.155675595238095e-07,6.32769230769231e-08,8.402468660568555e-09,6.32769230769231e-08,8.402468660568555e-09,8.73e-08,8.73e-08,6.32769230769231e-08,True,True,True,52,True,55726.00001157408,56132.00001157408,2.9744550821861835,2.0,True,True,55747.00001157408,56132.00001157408,weekly,30.0,both,cache,/home/lkoo/projects/AutomationDetection/DownloadedLC/incremental/quiescent_background_cache.csv,31449600.0,2.5404423076923076e-07,11025.791009028198,7862400.0,363.92186581159655,True,ok
4FGL J0403.9-3605,160,161,56139.00001157408,1.2e-07,4.17e-08,2.05e-07,2.155675595238095e-07,6.32769230769231e-08,8.402468660568555e-09,6.32769230769231e-08,8.402468660568555e-09,8.73e-08,8.73e-08,6.32769230769231e-08,False,True,True,53,True,55726.00001157408,56139.00001157408,1.3334646581264433,2.0,False,True,55747.00001157408,56139.00001157408,weekly,30.0,both,cache,/home/lkoo/projects/AutomationDetection/DownloadedLC/incremental/quiescent_background_cache.csv,32054400.0,2.5151509433962263e-07,11125.947320473315,8013600.0,364.0945205279673,True,ok
4FGL J0403.9-3605,161,162,56146.00001157408,5.97e-08,2.78e-08,1.2e-07,2.155675595238095e-07,6.32769230769231e-08,8.402468660568555e-09,6.32769230769231e-08,8.402468660568555e-09,8.73e-08,8.73e-08,6.32769230769231e-08,False,False,False,0,False,,,-0.12316352862231102,2.0,False,False,,,weekly,30.0,both,cache,/home/lkoo/projects/AutomationDetection/DownloadedLC/incremental/quiescent_background_cache.csv,,,,,,False,not_in_flare_streak
4FGL J0403.9-3605,162,163,56153.00001157408,1.29e-07,4.34e-08,5.97e-08,2.155675595238095e-07,6.32769230769231e-08,8.402468660568555e-09,6.32769230769231e-08,8.402468660568555e-09,8.73e-08,8.73e-08,6.32769230769231e-08,True,True,True,1,False,56153.00001157408,,1.4867490280846376,2.0,False,False,,,weekly,30.0,both,cache,/home/lkoo/projects/AutomationDetection/DownloadedLC/incremental/quiescent_background_cache.csv,604800.0,1.29e-07,107.66803480349712,151200.0,5166.30117477758,True,ok
4FGL J0403.9-3605,163,164,56160.00001157408,9.69e-08,3.39e-08,1.29e-07,2.155675595238095e-07,6.32769230769231e-08,8.402468660568555e-09,6.32769230769231e-08,8.402468660568555e-09,8.73e-08,8.73e-08,6.32769230769231e-08,False,True,True,2,False,56153.00001157408,,0.9627002755004823,2.0,False,False,,,weekly,30.0,both,cache,/home/lkoo/projects/AutomationDetection/DownloadedLC/incremental/quiescent_background_cache.csv,1209600.0,1.1295e-07,188.54425629542632,302400.0,4172.044879896275,True,ok
4FGL J0403.9-3605,164,165,56167.00001157408,9.63e-08,2.96e-08,9.69e-08,2.155675595238095e-07,6.32769230769231e-08,8.402468660568555e-09,6.32769230769231e-08,8.402468660568555e-09,8.73e-08,8.73e-08,6.32769230769231e-08,False,True,True,3,True,56153.00001157408,56167.00001157408,1.0732409779348333,2.0,False,False,,,weekly,30.0,both,cache,/home/lkoo/projects/AutomationDetection/DownloadedLC/incremental/quiescent_background_cache.csv,1814400.0,1.0740000000000001e-07,268.91969623013,453600.0,3582.4377067520218,True,ok
4FGL J0403.9-3605,165,166,56181.00001157408,1.11e-07,3.3e-08,9.63e-08,2.155675595238095e-07,6.32769230769231e-08,8.402468660568555e-09,6.32769230769231e-08,8.402468660568555e-09,8.73e-08,8.73e-08,6.32769230769231e-08,True,True,True,4,True,56153.00001157408,56181.00001157408,1.4014385395738262,2.0,False,False,,,weekly,30.0,both,cache,/home/lkoo/projects/AutomationDetection/DownloadedLC/incremental/quiescent_background_cache.csv,2419200.0,1.0830000000000001e-07,361.5642843168601,604800.0,3076.707300212694,True,ok
4FGL J0403.9-3605,166,167,56188.00001157408,8.16e-08,4.58e-08,1.11e-07,2.155675595238095e-07,6.32769230769231e-08,8.402468660568555e-09,6.32769230769231e-08,8.402468660568555e-09,8.73e-08,8.73e-08,6.32769230769231e-08,False,True,True,5,True,56153.00001157408,56188.00001157408,0.3934998585832604,2.0,False,False,,,weekly,30.0,both,cache,/home/lkoo/projects/AutomationDetection/DownloadedLC/incremental/quiescent_background_cache.csv,3024000.0,1.0296e-07,429.67057609953736,756000.0,2894.5742948541824,True,ok
4FGL J0403.9-3605,167,168,56195.00001157408,6.22e-08,5.24e-08,8.16e-08,2.155675595238095e-07,6.32769230769231e-08,8.402468660568555e-09,6.32769230769231e-08,8.402468660568555e-09,8.73e-08,8.73e-08,6.32769230769231e-08,False,False,False,0,False,,,-0.020292730398227137,2.0,False,False,,,weekly,30.0,both,cache,/home/lkoo/projects/AutomationDetection/DownloadedLC/incremental/quiescent_background_cache.csv,,,,,,False,not_in_flare_streak
4FGL J0403.9-3605,168,169,56209.00001157408,1.16e-07,4.49e-08,6.22e-08,2.155675595238095e-07,6.32769230769231e-08,8.402468660568555e-09,6.32769230769231e-08,8.402468660568555e-09,8.73e-08,8.73e-08,6.32769230769231e-08,True,True,True,1,False,56209.00001157408,,1.1541970278073297,2.0,False,False,,,weekly,30.0,both,cache,/home/lkoo/projects/AutomationDetection/DownloadedLC/incremental/quiescent_background_cache.csv,604800.0,1.16e-07,96.81776773027647,151200.0,5745.077202273174,True,ok
4FGL J0403.9-3605,169,170,56216.00001157408,1.12e-07,3.32e-08,1.16e-07,2.155675595238095e-07,6.32769230769231e-08,8.402468660568555e-09,6.32769230769231e-08,8.402468660568555e-09,8.73e-08,8.73e-08,6.32769230769231e-08,False,True,True,2,False,56209.00001157408,,1.4227056235372197,2.0,False,False,,,weekly,30.0,both,cache,/home/lkoo/projects/AutomationDetection/DownloadedLC/incremental/quiescent_background_cache.csv,1209600.0,1.14e-07,190.29699174571581,302400.0,4133.630122654196,True,ok
4FGL J0403.9-3605,170,171,56223.00001157408,1.07e-07,2.81e-08,1.12e-07,2.155675595238095e-07,6.32769230769231e-08,8.402468660568555e-09,6.32769230769231e-08,8.402468660568555e-09,8.73e-08,8.73e-08,6.32769230769231e-08,False,True,True,3,True,56209.00001157408,56223.00001157408,1.4907612656112619,2.0,False,False,,,weekly,30.0,both,cache,/home/lkoo/projects/AutomationDetection/DownloadedLC/incremental/quiescent_background_cache.csv,1814400.0,1.1166666666666667e-07,279.60303611760884,453600.0,3445.5970559959082,True,ok
4FGL J0403.9-3605,171,172,56230.00001157408,5.52e-08,2.32e-08,1.07e-07,2.155675595238095e-07,6.32769230769231e-08,8.402468660568555e-09,6.32769230769231e-08,8.402468660568555e-09,8.73e-08,8.73e-08,6.32769230769231e-08,False,False,False,0,False,,,-0.3273360447109347,2.0,False,False,,,weekly,30.0,both,cache,/home/lkoo/projects/AutomationDetection/DownloadedLC/incremental/quiescent_background_cache.csv,,,,,,False,not_in_flare_streak
4FGL J0403.9-3605,172,173,56237.00001157408,1.07e-07,3.67e-08,5.52e-08,2.155675595238095e-07,6.32769230769231e-08,8.402468660568555e-09,6.32769230769231e-08,8.402468660568555e-09,8.73e-08,8.73e-08,6.32769230769231e-08,True,True,True,1,False,56237.00001157408,,1.1613162108564932,2.0,False,False,,,weekly,30.0,both,cache,/home/lkoo/projects/AutomationDetection/DownloadedLC/incremental/quiescent_background_cache.csv,604800.0,1.07e-07,89.30604437189297,151200.0,6228.153378690898,True,ok
4FGL J0403.9-3605,173,174,56258.00001157408,7.27e-08,3.79e-08,1.07e-07,2.155675595238095e-07,6.32769230769231e-08,8.402468660568555e-09,6.32769230769231e-08,8.402468660568555e-09,8.73e-08,8.73e-08,6.32769230769231e-08,False,True,True,2,False,56237.00001157408,,0.24273614817689776,2.0,False,False,,,weekly,30.0,both,cache,/home/lkoo/projects/AutomationDetection/DownloadedLC/incremental/quiescent_background_cache.csv,1209600.0,8.985e-08,149.9840763890576,302400.0,5244.323234520869,True,ok
4FGL J0403.9-3605,174,175,56265.00001157408,8.94e-08,3.79e-08,7.27e-08,2.155675595238095e-07,6.32769230769231e-08,8.402468660568555e-09,6.32769230769231e-08,8.402468660568555e-09,8.73e-08,8.73e-08,6.32769230769231e-08,True,True,True,3,True,56237.00001157408,56265.00001157408,0.6729240483336708,2.0,False,False,,,weekly,30.0,both,cache,/home/lkoo/projects/AutomationDetection/DownloadedLC/incremental/quiescent_background_cache.csv,1814400.0,8.97e-08,224.6005284156672,453600.0,4289.130703697854,True,ok
4FGL J0403.9-3605,175,176,56272.00001157408,1.67e-08,1.1e-08,8.94e-08,2.155675595238095e-07,6.32769230769231e-08,8.402468660568555e-09,6.32769230769231e-08,8.402468660568555e-09,8.73e-08,8.73e-08,6.32769230769231e-08,False,False,False,0,False,,,-3.36489383099063,2.0,False,False,,,weekly,30.0,both,cache,/home/lkoo/projects/AutomationDetection/DownloadedLC/incremental/quiescent_background_cache.csv,,,,,,False,not_in_flare_streak
4FGL J0403.9-3605,176,177,56279.00001157408,4.77e-08,2.14e-08,1.67e-08,2.155675595238095e-07,6.32769230769231e-08,8.402468660568555e-09,6.32769230769231e-08,8.402468660568555e-09,8.73e-08,8.73e-08,6.32769230769231e-08,True,False,False,0,False,,,-0.6775384097902429,2.0,False,False,,,weekly,30.0,both,cache,/home/lkoo/projects/AutomationDetection/DownloadedLC/incremental/quiescent_background_cache.csv,,,,,,False,not_in_flare_streak
4FGL J0403.9-3605,177,178,56300.00001157408,1.17e-07,5.74e-08,4.77e-08,2.155675595238095e-07,6.32769230769231e-08,8.402468660568555e-09,6.32769230769231e-08,8.402468660568555e-09,8.73e-08,8.73e-08,6.32769230769231e-08,True,True,True,1,False,56300.00001157408,,0.9260725656544624,2.0,False,False,,,weekly,30.0,both,cache,/home/lkoo/projects/AutomationDetection/DownloadedLC/incremental/quiescent_background_cache.csv,604800.0,1.17e-07,97.65240365898573,151200.0,5695.989689353077,True,ok
4FGL J0403.9-3605,178,179,56335.00001157408,2.78e-08,2.18e-08,1.17e-07,2.155675595238095e-07,6.32769230769231e-08,8.402468660568555e-09,6.32769230769231e-08,8.402468660568555e-09,8.73e-08,8.73e-08,6.32769230769231e-08,False,False,False,0,False,,,-1.518492595573963,2.0,False,False,,,weekly,30.0,both,cache,/home/lkoo/projects/AutomationDetection/DownloadedLC/incremental/quiescent_background_cache.csv,,,,,,False,not_in_flare_streak
4FGL J0403.9-3605,179,180,56342.00001157408,6.06e-08,3.42e-08,2.78e-08,2.155675595238095e-07,6.32769230769231e-08,8.402468660568555e-09,6.32769230769231e-08,8.402468660568555e-09,8.73e-08,8.73e-08,6.32769230769231e-08,True,False,False,0,False,,,-0.07601210604586459,2.0,False,False,,,weekly,30.0,both,cache,/home/lkoo/projects/AutomationDetection/DownloadedLC/incremental/quiescent_background_cache.csv,,,,,,False,not_in_flare_streak
4FGL J0403.9-3605,180,181,56356.00001157408,8.75e-08,4.29e-08,6.06e-08,2.155675595238095e-07,6.32769230769231e-08,8.402468660568555e-09,6.32769230769231e-08,8.402468660568555e-09,8.73e-08,8.73e-08,6.32769230769231e-08,True,True,True,1,False,56356.00001157408,,0.5541121338628319,2.0,False,False,,,weekly,30.0,both,cache,/home/lkoo/projects/AutomationDetection/DownloadedLC/incremental/quiescent_background_cache.csv,604800.0,8.75e-08,73.03064376206198,151200.0,7615.732170278902,True,ok
4FGL J0403.9-3605,181,182,56363.00001157408,7.15e-08,4.1e-08,8.75e-08,2.155675595238095e-07,6.32769230769231e-08,8.402468660568555e-09,6.32769230769231e-08,8.402468660568555e-09,8.73e-08,8.73e-08,6.32769230769231e-08,False,True,True,2,False,56356.00001157408,,0.19647925431560767,2.0,False,False,,,weekly,30.0,both,cache,/home/lkoo/projects/AutomationDetection/DownloadedLC/incremental/quiescent_background_cache.csv,1209600.0,7.949999999999999e-08,132.70711266477548,302400.0,5926.905516240465,True,ok
4FGL J0403.9-3605,182,183,56370.00001157408,4.51e-08,2.4e-08,7.15e-08,2.155675595238095e-07,6.32769230769231e-08,8.402468660568555e-09,6.32769230769231e-08,8.402468660568555e-09,8.73e-08,8.73e-08,6.32769230769231e-08,False,False,False,0,False,,,-0.7148287681706389,2.0,False,False,,,weekly,30.0,both,cache,/home/lkoo/projects/AutomationDetection/DownloadedLC/incremental/quiescent_background_cache.csv,,,,,,False,not_in_flare_streak
4FGL J0403.9-3605,183,184,56377.00001157408,6.47e-08,2.76e-08,4.51e-08,2.155675595238095e-07,6.32769230769231e-08,8.402468660568555e-09,6.32769230769231e-08,8.402468660568555e-09,8.73e-08,8.73e-08,6.32769230769231e-08,True,True,True,1,False,56377.00001157408,,0.049325601429876575,2.0,False,False,,,weekly,30.0,both,cache,/home/lkoo/projects/AutomationDetection/DownloadedLC/incremental/quiescent_background_cache.csv,604800.0,6.47e-08,54.00094458749041,151200.0,10298.835386122819,True,ok
4FGL J0403.9-3605,184,185,56391.00001157408,4.66e-08,2.25e-08,6.47e-08,2.155675595238095e-07,6.32769230769231e-08,8.402468660568555e-09,6.32769230769231e-08,8.402468660568555e-09,8.73e-08,8.73e-08,6.32769230769231e-08,False,False,False,0,False,,,-0.6943587619054022,2.0,False,False,,,weekly,30.0,both,cache,/home/lkoo/projects/AutomationDetection/DownloadedLC/incremental/quiescent_background_cache.csv,,,,,,False,not_in_flare_streak
4FGL J0403.9-3605,185,186,56468.00001157408,6.8e-08,5.24e-08,4.66e-08,2.155675595238095e-07,6.32769230769231e-08,8.402468660568555e-09,6.32769230769231e-08,8.402468660568555e-09,8.73e-08,8.73e-08,6.32769230769231e-08,True,True,True,1,False,56468.00001157408,,0.08899811760365085,2.0,False,False,,,weekly,30.0,both,cache,/home/lkoo/projects/AutomationDetection/DownloadedLC/incremental/quiescent_background_cache.csv,604800.0,6.8e-08,56.75524315223104,151200.0,9799.128181624532,True,ok
4FGL J0403.9-3605,186,187,56482.00001157408,1.11e-07,3.74e-08,6.8e-08,2.155675595238095e-07,6.32769230769231e-08,8.402468660568555e-09,6.32769230769231e-08,8.402468660568555e-09,8.73e-08,8.73e-08,6.32769230769231e-08,True,True,True,2,False,56468.00001157408,,1.2449849792061463,2.0,False,False,,,weekly,30.0,both,cache,/home/lkoo/projects/AutomationDetection/DownloadedLC/incremental/quiescent_background_cache.csv,1209600.0,8.95e-08,149.39983123896113,302400.0,5264.82667775494,True,ok
4FGL J0403.9-3605,187,188,56489.00001157408,5.57e-08,2.73e-08,1.11e-07,2.155675595238095e-07,6.32769230769231e-08,8.402468660568555e-09,6.32769230769231e-08,8.402468660568555e-09,8.73e-08,8.73e-08,6.32769230769231e-08,False,False,False,0,False,,,-0.2652630014128051,2.0,False,False,,,weekly,30.0,both,cache,/home/lkoo/projects/AutomationDetection/DownloadedLC/incremental/quiescent_background_cache.csv,,,,,,False,not_in_flare_streak
4FGL J0403.9-3605,188,189,56496.00001157408,3.17e-08,2.04e-08,5.57e-08,2.155675595238095e-07,6.32769230769231e-08,8.402468660568555e-09,6.32769230769231e-08,8.402468660568555e-09,8.73e-08,8.73e-08,6.32769230769231e-08,False,False,False,0,False,,,-1.431237503870085,2.0,False,False,,,weekly,30.0,both,cache,/home/lkoo/projects/AutomationDetection/DownloadedLC/incremental/quiescent_background_cache.csv,,,,,,False,not_in_flare_streak
4FGL J0403.9-3605,189,190,56510.00001157408,3.27e-08,3.15e-08,3.17e-08,2.155675595238095e-07,6.32769230769231e-08,8.402468660568555e-09,6.32769230769231e-08,8.402468660568555e-09,8.73e-08,8.73e-08,6.32769230769231e-08,True,False,False,0,False,,,-0.9379020604670708,2.0,False,False,,,weekly,30.0,both,cache,/home/lkoo/projects/AutomationDetection/DownloadedLC/incremental/quiescent_background_cache.csv,,,,,,False,not_in_flare_streak
4FGL J0403.9-3605,190,191,56538.00001157408,5.92e-08,3.07e-08,3.27e-08,2.155675595238095e-07,6.32769230769231e-08,8.402468660568555e-09,6.32769230769231e-08,8.402468660568555e-09,8.73e-08,8.73e-08,6.32769230769231e-08,True,False,False,0,False,,,-0.12808792372078673,2.0,False,False,,,weekly,30.0,both,cache,/home/lkoo/projects/AutomationDetection/DownloadedLC/incremental/quiescent_background_cache.csv,,,,,,False,not_in_flare_streak
4FGL J0403.9-3605,191,192,56552.00001157408,8.18e-08,3.25e-08,5.92e-08,2.155675595238095e-07,6.32769230769231e-08,8.402468660568555e-09,6.32769230769231e-08,8.402468660568555e-09,8.73e-08,8.73e-08,6.32769230769231e-08,True,True,True,1,False,56552.00001157408,,0.551797578940547,2.0,False,False,,,weekly,30.0,both,cache,/home/lkoo/projects/AutomationDetection/DownloadedLC/incremental/quiescent_background_cache.csv,604800.0,8.18e-08,68.2732189684191,151200.0,8146.284673499575,True,ok
4FGL J0403.9-3605,192,193,56587.00001157408,6.55e-08,4.61e-08,8.18e-08,2.155675595238095e-07,6.32769230769231e-08,8.402468660568555e-09,6.32769230769231e-08,8.402468660568555e-09,8.73e-08,8.73e-08,6.32769230769231e-08,False,True,True,2,False,56552.00001157408,,0.04744134191002245,2.0,False,False,,,weekly,30.0,both,cache,/home/lkoo/projects/AutomationDetection/DownloadedLC/incremental/quiescent_background_cache.csv,1209600.0,7.365e-08,122.94187229887694,302400.0,6397.574798246479,True,ok
4FGL J0403.9-3605,193,194,56594.00001157408,1.24e-08,1.2e-08,6.55e-08,2.155675595238095e-07,6.32769230769231e-08,8.402468660568555e-09,6.32769230769231e-08,8.402468660568555e-09,8.73e-08,8.73e-08,6.32769230769231e-08,False,False,False,0,False,,,-3.4729975929094343,2.0,False,False,,,weekly,30.0,both,cache,/home/lkoo/projects/AutomationDetection/DownloadedLC/incremental/quiescent_background_cache.csv,,,,,,False,not_in_flare_streak
4FGL J0403.9-3605,194,195,56608.00001157408,6.33e-08,3.06e-08,1.24e-08,2.155675595238095e-07,6.32769230769231e-08,8.402468660568555e-09,6.32769230769231e-08,8.402468660568555e-09,8.73e-08,8.73e-08,6.32769230769231e-08,True,True,True,1,False,56608.00001157408,,0.0007272294766596922,2.0,False,False,,,weekly,30.0,both,cache,/home/lkoo/projects/AutomationDetection/DownloadedLC/incremental/quiescent_background_cache.csv,604800.0,6.33e-08,52.832454287297416,151200.0,10526.573074921547,True,ok
4FGL J0403.9-3605,195,196,56615.00001157408,6.08e-08,3.07e-08,6.33e-08,2.155675595238095e-07,6.32769230769231e-08,8.402468660568555e-09,6.32769230769231e-08,8.402468660568555e-09,8.73e-08,8.73e-08,6.32769230769231e-08,False,False,False,0,False,,,-0.07781945554357257,2.0,False,False,,,weekly,30.0,both,cache,/home/lkoo/projects/AutomationDetection/DownloadedLC/incremental/quiescent_background_cache.csv,,,,,,False,not_in_flare_streak
4FGL J0403.9-3605,196,197,56622.00001157408,1.05e-07,5.58e-08,6.08e-08,2.155675595238095e-07,6.32769230769231e-08,8.402468660568555e-09,6.32769230769231e-08,8.402468660568555e-09,8.73e-08,8.73e-08,6.32769230769231e-08,True,True,True,1,False,56622.00001157408,,0.7393895884413109,2.0,False,False,,,weekly,30.0,both,cache,/home/lkoo/projects/AutomationDetection/DownloadedLC/incremental/quiescent_background_cache.csv,604800.0,1.05e-07,87.6367725144744,151200.0,6346.749857449556,True,ok
4FGL J0403.9-3605,197,198,56629.00001157408,2.56e-08,2.09e-08,1.05e-07,2.155675595238095e-07,6.32769230769231e-08,8.402468660568555e-09,6.32769230769231e-08,8.402468660568555e-09,8.73e-08,8.73e-08,6.32769230769231e-08,False,False,False,0,False,,,-1.6726122927601974,2.0,False,False,,,weekly,30.0,both,cache,/home/lkoo/projects/AutomationDetection/DownloadedLC/incremental/quiescent_background_cache.csv,,,,,,False,not_in_flare_streak
4FGL J0403.9-3605,198,199,56636.00001157408,9.49e-08,3.01e-08,2.56e-08,2.155675595238095e-07,6.32769230769231e-08,8.402468660568555e-09,6.32769230769231e-08,8.402468660568555e-09,8.73e-08,8.73e-08,6.32769230769231e-08,True,True,True,1,False,56636.00001157408,,1.0119130855546092,2.0,False,False,,,weekly,30.0,both,cache,/home/lkoo/projects/AutomationDetection/DownloadedLC/incremental/quiescent_background_cache.csv,604800.0,9.49e-08,79.20694963451066,151200.0,7022.024957422038,True,ok
4FGL J0403.9-3605,199,200,56643.00001157408,1.15e-07,3.51e-08,9.49e-08,2.155675595238095e-07,6.32769230769231e-08,8.402468660568555e-09,6.32769230769231e-08,8.402468660568555e-09,8.73e-08,8.73e-08,6.32769230769231e-08,True,True,True,2,False,56636.00001157408,,1.4331013392891836,2.0,False,False,,,weekly,30.0,both,cache,/home/lkoo/projects/AutomationDetection/DownloadedLC/incremental/quiescent_background_cache.csv,1209600.0,1.0495e-07,175.19008143607783,302400.0,4489.967323404492,True,ok
4FGL J0403.9-3605,200,201,56650.00001157408,9.64e-08,3.67e-08,1.15e-07,2.155675595238095e-07,6.32769230769231e-08,8.402468660568555e-09,6.32769230769231e-08,8.402468660568555e-09,8.73e-08,8.73e-08,6.32769230769231e-08,False,True,True,3,True,56636.00001157408,56650.00001157408,0.8797726256066253,2.0,False,False,,,weekly,30.0,both,cache,/home/lkoo/projects/AutomationDetection/DownloadedLC/incremental/quiescent_background_cache.csv,1814400.0,1.021e-07,255.6489849636524,453600.0,3768.3465694383394,True,ok
4FGL J0403.9-3605,201,202,56657.00001157408,7.95e-08,3.04e-08,9.64e-08,2.155675595238095e-07,6.32769230769231e-08,8.402468660568555e-09,6.32769230769231e-08,8.402468660568555e-09,8.73e-08,8.73e-08,6.32769230769231e-08,False,True,True,4,True,56636.00001157408,56657.00001157408,0.5143677694119452,2.0,False,False,,,weekly,30.0,both,cache,/home/lkoo/projects/AutomationDetection/DownloadedLC/incremental/quiescent_background_cache.csv,2419200.0,9.645e-08,322.00254129604014,604800.0,3454.6035138335383,True,ok
4FGL J0403.9-3605,202,203,56664.00001157408,1.37e-07,3.58e-08,7.95e-08,2.155675595238095e-07,6.32769230769231e-08,8.402468660568555e-09,6.32769230769231e-08,8.402468660568555e-09,8.73e-08,8.73e-08,6.32769230769231e-08,True,True,True,5,True,56636.00001157408,56664.00001157408,2.004824338079125,2.0,True,True,56664.00001157408,56664.00001157408,weekly,30.0,both,cache,/home/lkoo/projects/AutomationDetection/DownloadedLC/incremental/quiescent_background_cache.csv,3024000.0,1.0456e-07,436.34766352921156,756000.0,2850.2934654413607,True,ok
4FGL J0403.9-3605,203,204,56671.00001157408,1.13e-07,5.05e-08,1.37e-07,2.155675595238095e-07,6.32769230769231e-08,8.402468660568555e-09,6.32769230769231e-08,8.402468660568555e-09,8.73e-08,8.73e-08,6.32769230769231e-08,False,True,True,6,True,56636.00001157408,56671.00001157408,0.9712628778522249,2.0,False,True,56664.00001157408,56671.00001157408,weekly,30.0,both,cache,/home/lkoo/projects/AutomationDetection/DownloadedLC/incremental/quiescent_background_cache.csv,3628800.0,1.0596666666666667e-07,530.6615234733601,907200.0,2567.4201221078943,True,ok
4FGL J0403.9-3605,204,205,56692.00001157408,5.61e-08,3.3e-08,1.13e-07,2.155675595238095e-07,6.32769230769231e-08,8.402468660568555e-09,6.32769230769231e-08,8.402468660568555e-09,8.73e-08,8.73e-08,6.32769230769231e-08,False,False,False,0,False,,,-0.21075792350457528,2.0,False,False,,,weekly,30.0,both,cache,/home/lkoo/projects/AutomationDetection/DownloadedLC/incremental/quiescent_background_cache.csv,,,,,,False,not_in_flare_streak
4FGL J0403.9-3605,205,206,56706.00001157408,3.03e-08,1.79e-08,5.61e-08,2.155675595238095e-07,6.32769230769231e-08,8.402468660568555e-09,6.32769230769231e-08,8.402468660568555e-09,8.73e-08,8.73e-08,6.32769230769231e-08,False,False,False,0,False,,,-1.6676902021826314,2.0,False,False,,,weekly,30.0,both,cache,/home/lkoo/projects/AutomationDetection/DownloadedLC/incremental/quiescent_background_cache.csv,,,,,,False,not_in_flare_streak
4FGL J0403.9-3605,206,207,56720.00001157408,1.14e-07,4.46e-08,3.03e-08,2.155675595238095e-07,6.32769230769231e-08,8.402468660568555e-09,6.32769230769231e-08,8.402468660568555e-09,8.73e-08,8.73e-08,6.32769230769231e-08,True,True,True,1,False,56720.00001157408,,1.11762761621318,2.0,False,False,,,weekly,30.0,both,cache,/home/lkoo/projects/AutomationDetection/DownloadedLC/incremental/quiescent_background_cache.csv,604800.0,1.14e-07,95.14849587285791,151200.0,5845.835781291525,True,ok
4FGL J0403.9-3605,207,208,56741.00001157408,1.09e-07,4.9e-08,1.14e-07,2.155675595238095e-07,6.32769230769231e-08,8.402468660568555e-09,6.32769230769231e-08,8.402468660568555e-09,8.73e-08,8.73e-08,6.32769230769231e-08,False,True,True,2,False,56720.00001157408,,0.9197000819485364,2.0,False,False,,,weekly,30.0,both,cache,/home/lkoo/projects/AutomationDetection/DownloadedLC/incremental/quiescent_background_cache.csv,1209600.0,1.115e-07,186.12381210216938,302400.0,4226.283268666658,True,ok
4FGL J0403.9-3605,208,209,56748.00001157408,5.72e-08,3.88e-08,1.09e-07,2.155675595238095e-07,6.32769230769231e-08,8.402468660568555e-09,6.32769230769231e-08,8.402468660568555e-09,8.73e-08,8.73e-08,6.32769230769231e-08,False,False,False,0,False,,,-0.15307346647460787,2.0,False,False,,,weekly,30.0,both,cache,/home/lkoo/projects/AutomationDetection/DownloadedLC/incremental/quiescent_background_cache.csv,,,,,,False,not_in_flare_streak
4FGL J0403.9-3605,209,210,56755.00001157408,3.08e-08,1.89e-08,5.72e-08,2.155675595238095e-07,6.32769230769231e-08,8.402468660568555e-09,6.32769230769231e-08,8.402468660568555e-09,8.73e-08,8.73e-08,6.32769230769231e-08,False,False,False,0,False,,,-1.5701771741979815,2.0,False,False,,,weekly,30.0,both,cache,/home/lkoo/projects/AutomationDetection/DownloadedLC/incremental/quiescent_background_cache.csv,,,,,,False,not_in_flare_streak
4FGL J0403.9-3605,210,211,56762.00001157408,6.91e-08,2.72e-08,3.08e-08,2.155675595238095e-07,6.32769230769231e-08,8.402468660568555e-09,6.32769230769231e-08,8.402468660568555e-09,8.73e-08,8.73e-08,6.32769230769231e-08,True,True,True,1,False,56762.00001157408,,0.20454633239574627,2.0,False,False,,,weekly,30.0,both,cache,/home/lkoo/projects/AutomationDetection/DownloadedLC/incremental/quiescent_background_cache.csv,604800.0,6.91e-08,57.67334267381125,151200.0,9643.16553730295,True,ok
4FGL J0403.9-3605,211,212,56769.00001157408,1e-07,3.23e-08,6.91e-08,2.155675595238095e-07,6.32769230769231e-08,8.402468660568555e-09,6.32769230769231e-08,8.402468660568555e-09,8.73e-08,8.73e-08,6.32769230769231e-08,True,True,True,2,False,56762.00001157408,,1.100316489464158,2.0,False,False,,,weekly,30.0,both,cache,/home/lkoo/projects/AutomationDetection/DownloadedLC/incremental/quiescent_background_cache.csv,1209600.0,8.455e-08,141.1369355447392,302400.0,5572.98111342997,True,ok
4FGL J0403.9-3605,212,213,56776.00001157408,9.15e-08,4.63e-08,1e-07,2.155675595238095e-07,6.32769230769231e-08,8.402468660568555e-09,6.32769230769231e-08,8.402468660568555e-09,8.73e-08,8.73e-08,6.32769230769231e-08,False,True,True,3,True,56762.00001157408,56776.00001157408,0.5997730742623975,2.0,False,False,,,weekly,30.0,both,cache,/home/lkoo/projects/AutomationDetection/DownloadedLC/incremental/quiescent_background_cache.csv,1814400.0,8.686666666666666e-08,217.50612302163833,453600.0,4428.994822656165,True,ok
4FGL J0403.9-3605,213,214,56783.00001157408,1.36e-07,6.35e-08,9.15e-08,2.155675595238095e-07,6.32769230769231e-08,8.402468660568555e-09,6.32769230769231e-08,8.402468660568555e-09,8.73e-08,8.73e-08,6.32769230769231e-08,True,True,True,4,True,56762.00001157408,56783.00001157408,1.1353489107056143,2.0,False,False,,,weekly,30.0,both,cache,/home/lkoo/projects/AutomationDetection/DownloadedLC/incremental/quiescent_background_cache.csv,2419200.0,9.915e-08,331.01660932610037,604800.0,3360.5546202177684,True,ok
4FGL J0403.9-3605,214,215,56804.00001157408,7.69e-08,2.57e-08,1.36e-07,2.155675595238095e-07,6.32769230769231e-08,8.402468660568555e-09,6.32769230769231e-08,8.402468660568555e-09,8.73e-08,8.73e-08,6.32769230769231e-08,False,True,True,5,True,56762.00001157408,56804.00001157408,0.5038361766027043,2.0,False,False,,,weekly,30.0,both,cache,/home/lkoo/projects/AutomationDetection/DownloadedLC/incremental/quiescent_background_cache.csv,3024000.0,9.47e-08,395.20011224384405,756000.0,3146.9754891227035,True,ok
4FGL J0403.9-3605,215,216,56811.00001157408,6.18e-08,2.51e-08,7.69e-08,2.155675595238095e-07,6.32769230769231e-08,8.402468660568555e-09,6.32769230769231e-08,8.402468660568555e-09,8.73e-08,8.73e-08,6.32769230769231e-08,False,False,False,0,False,,,-0.05579807957373076,2.0,False,False,,,weekly,30.0,both,cache,/home/lkoo/projects/AutomationDetection/DownloadedLC/incremental/quiescent_background_cache.csv,,,,,,False,not_in_flare_streak
4FGL J0403.9-3605,216,217,56818.00001157408,1.56e-07,3.78e-08,6.18e-08,2.155675595238095e-07,6.32769230769231e-08,8.402468660568555e-09,6.32769230769231e-08,8.402468660568555e-09,8.73e-08,8.73e-08,6.32769230769231e-08,True,True,True,1,False,56818.00001157408,,2.394545393877362,2.0,True,True,56818.00001157408,56818.00001157408,weekly,30.0,both,cache,/home/lkoo/projects/AutomationDetection/DownloadedLC/incremental/quiescent_background_cache.csv,604800.0,1.56e-07,130.20320487864768,151200.0,4272.4517893219245,True,ok
4FGL J0403.9-3605,217,218,56825.00001157408,2.05e-07,5.06e-08,1.56e-07,2.155675595238095e-07,6.32769230769231e-08,8.402468660568555e-09,6.32769230769231e-08,8.402468660568555e-09,8.73e-08,8.73e-08,6.32769230769231e-08,True,True,True,2,False,56818.00001157408,,2.763015542264533,2.0,True,True,56818.00001157408,56825.00001157408,weekly,30.0,both,cache,/home/lkoo/projects/AutomationDetection/DownloadedLC/incremental/quiescent_background_cache.csv,1209600.0,1.805e-07,301.30357026405005,302400.0,2611.1925936658954,True,ok
4FGL J0403.9-3605,218,219,56832.00001157408,1.2e-07,5.41e-08,2.05e-07,2.155675595238095e-07,6.32769230769231e-08,8.402468660568555e-09,6.32769230769231e-08,8.402468660568555e-09,8.73e-08,8.73e-08,6.32769230769231e-08,False,True,True,3,True,56818.00001157408,56832.00001157408,1.0360640340044633,2.0,False,True,56818.00001157408,56832.00001157408,weekly,30.0,both,cache,/home/lkoo/projects/AutomationDetection/DownloadedLC/incremental/quiescent_background_cache.csv,1814400.0,1.6033333333333335e-07,401.4598817091637,453600.0,2400.062270860283,True,ok
4FGL J0403.9-3605,219,220,56839.00001157408,1.01e-07,3.96e-08,1.2e-07,2.155675595238095e-07,6.32769230769231e-08,8.402468660568555e-09,6.32769230769231e-08,8.402468660568555e-09,8.73e-08,8.73e-08,6.32769230769231e-08,False,True,True,4,True,56818.00001157408,56839.00001157408,0.9318569223144914,2.0,False,True,56818.00001157408,56839.00001157408,weekly,30.0,both,cache,/home/lkoo/projects/AutomationDetection/DownloadedLC/incremental/quiescent_background_cache.csv,2419200.0,1.455e-07,485.7581105088009,604800.0,2290.3202060337057,True,ok
4FGL J0403.9-3605,220,221,56846.00001157408,1.45e-07,4.73e-08,1.01e-07,2.155675595238095e-07,6.32769230769231e-08,8.402468660568555e-09,6.32769230769231e-08,8.402468660568555e-09,8.73e-08,8.73e-08,6.32769230769231e-08,True,True,True,5,True,56818.00001157408,56846.00001157408,1.7011280972776779,2.0,False,True,56818.00001157408,56846.00001157408,weekly,30.0,both,cache,/home/lkoo/projects/AutomationDetection/DownloadedLC/incremental/quiescent_background_cache.csv,3024000.0,1.454e-07,606.7803201716464,756000.0,2049.932992080209,True,ok
4FGL J0403.9-3605,221,222,56853.00001157408,2e-07,4.35e-08,1.45e-07,2.155675595238095e-07,6.32769230769231e-08,8.402468660568555e-09,6.32769230769231e-08,8.402468660568555e-09,8.73e-08,8.73e-08,6.32769230769231e-08,True,True,True,6,True,56818.00001157408,56853.00001157408,3.0860155045690796,2.0,True,True,56818.00001157408,56853.00001157408,weekly,30.0,both,cache,/home/lkoo/projects/AutomationDetection/DownloadedLC/incremental/quiescent_background_cache.csv,3628800.0,1.545e-07,773.7075059135025,907200.0,1761.148039867299,True,ok
4FGL J0403.9-3605,222,223,56860.00001157408,3.44e-07,4.99e-08,2e-07,2.155675595238095e-07,6.32769230769231e-08,8.402468660568555e-09,6.32769230769231e-08,8.402468660568555e-09,8.73e-08,8.73e-08,6.32769230769231e-08,True,True,True,7,True,56818.00001157408,56860.00001157408,5.547614457937803,2.0,True,True,56818.00001157408,56860.00001157408,weekly,30.0,both,cache,/home/lkoo/projects/AutomationDetection/DownloadedLC/incremental/quiescent_background_cache.csv,4233600.0,1.8157142857142857e-07,1060.8222653894948,1058400.0,1387.5091691815885,True,ok
4FGL J0403.9-3605,223,224,56867.00001157408,5.4e-07,4.49e-08,3.44e-07,2.155675595238095e-07,6.32769230769231e-08,8.402468660568555e-09,6.32769230769231e-08,8.402468660568555e-09,8.73e-08,8.73e-08,6.32769230769231e-08,True,True,True,8,True,56818.00001157408,56867.00001157408,10.436271753914719,2.0,True,True,56818.00001157408,56867.00001157408,weekly,30.0,both,cache,/home/lkoo/projects/AutomationDetection/DownloadedLC/incremental/quiescent_background_cache.csv,4838400.0,2.2637500000000001e-07,1511.525666892506,1209600.0,1041.148265164334,True,ok
4FGL J0403.9-3605,224,225,56874.00001157408,5.86e-07,5.44e-08,5.4e-07,2.155675595238095e-07,6.32769230769231e-08,8.402468660568555e-09,6.32769230769231e-08,8.402468660568555e-09,8.73e-08,8.73e-08,6.32769230769231e-08,True,True,True,9,True,56818.00001157408,56874.00001157408,9.496271439340882,2.0,True,True,56818.00001157408,56874.00001157408,weekly,30.0,both,cache,/home/lkoo/projects/AutomationDetection/DownloadedLC/incremental/quiescent_background_cache.csv,5443200.0,2.6633333333333335e-07,2000.622321116144,1360800.0,834.424580598295,True,ok
4FGL J0403.9-3605,225,226,56881.00001157408,4.93e-07,6.45e-08,5.86e-07,2.155675595238095e-07,6.32769230769231e-08,8.402468660568555e-09,6.32769230769231e-08,8.402468660568555e-09,8.73e-08,8.73e-08,6.32769230769231e-08,False,True,True,10,True,56818.00001157408,56881.00001157408,6.60655092046028,2.0,True,True,56818.00001157408,56881.00001157408,weekly,30.0,both,cache,/home/lkoo/projects/AutomationDetection/DownloadedLC/incremental/quiescent_background_cache.csv,6048000.0,2.89e-07,2412.097833969819,1512000.0,729.5635937304728,True,ok
4FGL J0403.9-3605,226,227,56888.00001157408,2.97e-07,6.3e-08,4.93e-07,2.155675595238095e-07,6.32769230769231e-08,8.402468660568555e-09,6.32769230769231e-08,8.402468660568555e-09,8.73e-08,8.73e-08,6.32769230769231e-08,False,True,True,11,True,56818.00001157408,56888.00001157408,3.6773277054051015,2.0,True,True,56818.00001157408,56888.00001157408,weekly,30.0,both,cache,/home/lkoo/projects/AutomationDetection/DownloadedLC/incremental/quiescent_background_cache.csv,6652800.0,2.8972727272727275e-07,2659.984704796475,1663200.0,693.8668610690995,True,ok
4FGL J0403.9-3605,227,228,56895.00001157408,5.11e-07,8.02e-08,2.97e-07,2.155675595238095e-07,6.32769230769231e-08,8.402468660568555e-09,6.32769230769231e-08,8.402468660568555e-09,8.73e-08,8.73e-08,6.32769230769231e-08,True,True,True,12,True,56818.00001157408,56895.00001157408,5.552193261908242,2.0,True,True,56818.00001157408,56895.00001157408,weekly,30.0,both,cache,/home/lkoo/projects/AutomationDetection/DownloadedLC/incremental/quiescent_background_cache.csv,7257600.0,3.0816666666666667e-07,3086.4836643669173,1814400.0,624.6081541980604,True,ok
4FGL J0403.9-3605,228,229,56902.00001157408,2.59e-07,4.65e-08,5.11e-07,2.155675595238095e-07,6.32769230769231e-08,8.402468660568555e-09,6.32769230769231e-08,8.402468660568555e-09,8.73e-08,8.73e-08,6.32769230769231e-08,False,True,True,13,True,56818.00001157408,56902.00001157408,4.142019282532911,2.0,True,True,56818.00001157408,56902.00001157408,weekly,30.0,both,cache,/home/lkoo/projects/AutomationDetection/DownloadedLC/incremental/quiescent_background_cache.csv,7862400.0,3.0438461538461536e-07,3302.6543699026206,1965600.0,607.5542084450054,True,ok
4FGL J0403.9-3605,229,230,56909.00001157408,4.09e-07,4.82e-08,2.59e-07,2.155675595238095e-07,6.32769230769231e-08,8.402468660568555e-09,6.32769230769231e-08,8.402468660568555e-09,8.73e-08,8.73e-08,6.32769230769231e-08,True,True,True,14,True,56818.00001157408,56909.00001157408,7.066114582078335,2.0,True,True,56818.00001157408,56909.00001157408,weekly,30.0,both,cache,/home/lkoo/projects/AutomationDetection/DownloadedLC/incremental/quiescent_background_cache.csv,8467200.0,3.118571428571428e-07,3644.0204647447154,2116800.0,571.4373669240789,True,ok
4FGL J0403.9-3605,230,231,56916.00001157408,2.63e-07,3.7e-08,4.09e-07,2.155675595238095e-07,6.32769230769231e-08,8.402468660568555e-09,6.32769230769231e-08,8.402468660568555e-09,8.73e-08,8.73e-08,6.32769230769231e-08,False,True,True,15,True,56818.00001157408,56916.00001157408,5.26389364554801,2.0,True,True,56818.00001157408,56916.00001157408,weekly,30.0,both,cache,/home/lkoo/projects/AutomationDetection/DownloadedLC/incremental/quiescent_background_cache.csv,9072000.0,3.0859999999999994e-07,3863.5297139952563,2268000.0,557.8827084597982,True,ok
4FGL J0403.9-3605,231,232,56923.00001157408,1.88e-07,3.52e-08,2.63e-07,2.155675595238095e-07,6.32769230769231e-08,8.402468660568555e-09,6.32769230769231e-08,8.402468660568555e-09,8.73e-08,8.73e-08,6.32769230769231e-08,False,True,True,16,True,56818.00001157408,56923.00001157408,3.446439074103895,2.0,True,True,56818.00001157408,56923.00001157408,weekly,30.0,both,cache,/home/lkoo/projects/AutomationDetection/DownloadedLC/incremental/quiescent_background_cache.csv,9676800.0,3.010625e-07,4020.4412685926013,2419200.0,553.6799246883769,True,ok
4FGL J0403.9-3605,232,233,56930.00001157408,2.15e-07,4.09e-08,1.88e-07,2.155675595238095e-07,6.32769230769231e-08,8.402468660568555e-09,6.32769230769231e-08,8.402468660568555e-09,8.73e-08,8.73e-08,6.32769230769231e-08,True,True,True,17,True,56818.00001157408,56930.00001157408,3.6337219381815733,2.0,True,True,56818.00001157408,56930.00001157408,weekly,30.0,both,cache,/home/lkoo/projects/AutomationDetection/DownloadedLC/incremental/quiescent_background_cache.csv,10281600.0,2.9599999999999995e-07,4199.887993265096,2570400.0,546.3276765640029,True,ok
4FGL J0403.9-3605,233,234,56937.00001157408,1.71e-07,5.18e-08,2.15e-07,2.155675595238095e-07,6.32769230769231e-08,8.402468660568555e-09,6.32769230769231e-08,8.402468660568555e-09,8.73e-08,8.73e-08,6.32769230769231e-08,False,True,True,18,True,56818.00001157408,56937.00001157408,2.052765221663178,2.0,True,True,56818.00001157408,56937.00001157408,weekly,30.0,both,cache,/home/lkoo/projects/AutomationDetection/DownloadedLC/incremental/quiescent_background_cache.csv,10886400.0,2.890555555555555e-07,4342.610737074383,2721600.0,543.6801660649554,True,ok
4FGL J0403.9-3605,234,235,56944.00001157408,4.38e-07,8.09e-08,1.71e-07,2.155675595238095e-07,6.32769230769231e-08,8.402468660568555e-09,6.32769230769231e-08,8.402468660568555e-09,8.73e-08,8.73e-08,6.32769230769231e-08,True,True,True,19,True,56818.00001157408,56944.00001157408,4.607146349963166,2.0,True,True,56818.00001157408,56944.00001157408,weekly,30.0,both,cache,/home/lkoo/projects/AutomationDetection/DownloadedLC/incremental/quiescent_background_cache.csv,11491200.0,2.968947368421052e-07,4708.181273849046,2872800.0,515.2181399135038,True,ok
4FGL J0403.9-3605,235,236,56951.00001157408,1.96e-07,5.43e-08,4.38e-07,2.155675595238095e-07,6.32769230769231e-08,8.402468660568555e-09,6.32769230769231e-08,8.402468660568555e-09,8.73e-08,8.73e-08,6.32769230769231e-08,False,True,True,20,True,56818.00001157408,56951.00001157408,2.415507026458599,2.0,True,True,56818.00001157408,56951.00001157408,weekly,30.0,both,cache,/home/lkoo/projects/AutomationDetection/DownloadedLC/incremental/quiescent_background_cache.csv,12096000.0,2.9184999999999996e-07,4871.769915876066,3024000.0,510.84566455617085,True,ok
4FGL J0403.9-3605,236,237,56958.00001157408,8.53e-08,3.03e-08,1.96e-07,2.155675595238095e-07,6.32769230769231e-08,8.402468660568555e-09,6.32769230769231e-08,8.402468660568555e-09,8.73e-08,8.73e-08,6.32769230769231e-08,False,True,True,21,True,56818.00001157408,56958.00001157408,0.7004023587232512,2.0,False,True,56818.00001157408,56958.00001157408,weekly,30.0,both,cache,/home/lkoo/projects/AutomationDetection/DownloadedLC/incremental/quiescent_background_cache.csv,12700800.0,2.820142857142857e-07,4942.964360594968,3175200.0,515.9075463020677,True,ok
4FGL J0403.9-3605,237,238,56965.00001157408,1.72e-07,3.42e-08,8.53e-08,2.155675595238095e-07,6.32769230769231e-08,8.402468660568555e-09,6.32769230769231e-08,8.402468660568555e-09,8.73e-08,8.73e-08,6.32769230769231e-08,True,True,True,22,True,56818.00001157408,56965.00001157408,3.0872273185409194,2.0,True,True,56818.00001157408,56965.00001157408,weekly,30.0,both,cache,/home/lkoo/projects/AutomationDetection/DownloadedLC/incremental/quiescent_background_cache.csv,13305600.0,2.7701363636363635e-07,5086.521740332964,3326400.0,513.137982911816,True,ok
4FGL J0403.9-3605,238,239,56972.00001157408,1.84e-07,3.43e-08,1.72e-07,2.155675595238095e-07,6.32769230769231e-08,8.402468660568555e-09,6.32769230769231e-08,8.402468660568555e-09,8.73e-08,8.73e-08,6.32769230769231e-08,True,True,True,23,True,56818.00001157408,56972.00001157408,3.418543731430827,2.0,True,True,56818.00001157408,56972.00001157408,weekly,30.0,both,cache,/home/lkoo/projects/AutomationDetection/DownloadedLC/incremental/quiescent_background_cache.csv,13910400.0,2.7296956521739127e-07,5240.094751215472,3477600.0,509.28826024200606,True,ok
4FGL J0403.9-3605,239,240,56979.00001157408,2.76e-07,3.84e-08,1.84e-07,2.155675595238095e-07,6.32769230769231e-08,8.402468660568555e-09,6.32769230769231e-08,8.402468660568555e-09,8.73e-08,8.73e-08,6.32769230769231e-08,True,True,True,24,True,56818.00001157408,56979.00001157408,5.411624693420884,2.0,True,True,56818.00001157408,56979.00001157408,weekly,30.0,both,cache,/home/lkoo/projects/AutomationDetection/DownloadedLC/incremental/quiescent_background_cache.csv,14515200.0,2.7309583333333335e-07,5470.454267539233,3628800.0,498.33485887412695,True,ok
4FGL J0403.9-3605,240,241,56986.00001157408,2.33e-07,5.02e-08,2.76e-07,2.155675595238095e-07,6.32769230769231e-08,8.402468660568555e-09,6.32769230769231e-08,8.402468660568555e-09,8.73e-08,8.73e-08,6.32769230769231e-08,False,True,True,25,True,56818.00001157408,56986.00001157408,3.3345500402656425,2.0,True,True,56818.00001157408,56986.00001157408,weekly,30.0,both,cache,/home/lkoo/projects/AutomationDetection/DownloadedLC/incremental/quiescent_background_cache.csv,15120000.0,2.71492e-07,5664.924438928496,3780000.0,491.1487031122821,True,ok
4FGL J0403.9-3605,241,242,56993.00001157408,4.36e-07,7.83e-08,2.33e-07,2.155675595238095e-07,6.32769230769231e-08,8.402468660568555e-09,6.32769230769231e-08,8.402468660568555e-09,8.73e-08,8.73e-08,6.32769230769231e-08,True,True,True,26,True,56818.00001157408,56993.00001157408,4.733018554376946,2.0,True,True,56818.00001157408,56993.00001157408,weekly,30.0,both,cache,/home/lkoo/projects/AutomationDetection/DownloadedLC/incremental/quiescent_background_cache.csv,15724800.0,2.7781923076923074e-07,6028.8257038457405,3931200.0,470.6506221335008,True,ok
4FGL J0403.9-3605,242,243,57000.00001157408,4.02e-07,7.09e-08,4.36e-07,2.155675595238095e-07,6.32769230769231e-08,8.402468660568555e-09,6.32769230769231e-08,8.402468660568555e-09,8.73e-08,8.73e-08,6.32769230769231e-08,False,True,True,27,True,56818.00001157408,57000.00001157408,4.744275924760689,2.0,True,True,56818.00001157408,57000.00001157408,weekly,30.0,both,cache,/home/lkoo/projects/AutomationDetection/DownloadedLC/incremental/quiescent_background_cache.csv,16329600.0,2.824185185185185e-07,6364.3493471868715,4082400.0,454.3369596755115,True,ok
4FGL J0403.9-3605,243,244,57007.00001157408,4.79e-07,5.91e-08,4.02e-07,2.155675595238095e-07,6.32769230769231e-08,8.402468660568555e-09,6.32769230769231e-08,8.402468660568555e-09,8.73e-08,8.73e-08,6.32769230769231e-08,True,True,True,28,True,56818.00001157408,57007.00001157408,6.964198569675881,2.0,True,True,56818.00001157408,57007.00001157408,weekly,30.0,both,cache,/home/lkoo/projects/AutomationDetection/DownloadedLC/incremental/quiescent_background_cache.csv,16934400.0,2.894392857142857e-07,6764.139957038617,4233600.0,435.3364475509802,True,ok
4FGL J0403.9-3605,244,245,57014.00001157408,1.05e-06,6.08e-08,4.79e-07,2.155675595238095e-07,6.32769230769231e-08,8.402468660568555e-09,6.32769230769231e-08,8.402468660568555e-09,8.73e-08,8.73e-08,6.32769230769231e-08,True,True,True,29,True,56818.00001157408,57014.00001157408,16.076205745028233,2.0,True,True,56818.00001157408,57014.00001157408,weekly,30.0,both,cache,/home/lkoo/projects/AutomationDetection/DownloadedLC/incremental/quiescent_background_cache.csv,17539200.0,3.156655172413793e-07,7640.507682183361,4384800.0,392.25344341404394,True,ok
4FGL J0403.9-3605,245,246,57021.00001157408,4.89e-07,4.34e-08,1.05e-06,2.155675595238095e-07,6.32769230769231e-08,8.402468660568555e-09,6.32769230769231e-08,8.402468660568555e-09,8.73e-08,8.73e-08,6.32769230769231e-08,False,True,True,30,True,56818.00001157408,57021.00001157408,9.63045859203139,2.0,True,True,56818.00001157408,57021.00001157408,weekly,30.0,both,cache,/home/lkoo/projects/AutomationDetection/DownloadedLC/incremental/quiescent_background_cache.csv,18144000.0,3.214433333333333e-07,8048.644651322197,4536000.0,378.73441429449815,True,ok
4FGL J0403.9-3605,246,247,57028.00001157408,6.38e-07,4.86e-08,4.89e-07,2.155675595238095e-07,6.32769230769231e-08,8.402468660568555e-09,6.32769230769231e-08,8.402468660568555e-09,8.73e-08,8.73e-08,6.32769230769231e-08,True,True,True,31,True,56818.00001157408,57028.00001157408,11.652704225617297,2.0,True,True,56818.00001157408,57028.00001157408,weekly,30.0,both,cache,/home/lkoo/projects/AutomationDetection/DownloadedLC/incremental/quiescent_background_cache.csv,18748800.0,3.316548387096774e-07,8581.142373838718,4687200.0,361.11443876065255,True,ok
4FGL J0403.9-3605,247,248,57035.00001157408,2.55e-07,4.48e-08,6.38e-07,2.155675595238095e-07,6.32769230769231e-08,8.402468660568555e-09,6.32769230769231e-08,8.402468660568555e-09,8.73e-08,8.73e-08,6.32769230769231e-08,False,True,True,32,True,56818.00001157408,57035.00001157408,4.206191937952158,2.0,True,True,56818.00001157408,57035.00001157408,weekly,30.0,both,cache,/home/lkoo/projects/AutomationDetection/DownloadedLC/incremental/quiescent_background_cache.csv,19353600.0,3.29259375e-07,8793.974535659585,4838400.0,358.0107220928001,True,ok
4FGL J0403.9-3605,248,249,57042.00001157408,4.44e-07,6.36e-08,2.55e-07,2.155675595238095e-07,6.32769230769231e-08,8.402468660568555e-09,6.32769230769231e-08,8.402468660568555e-09,8.73e-08,8.73e-08,6.32769230769231e-08,True,True,True,33,True,56818.00001157408,57042.00001157408,5.934643763190931,2.0,True,True,56818.00001157408,57042.00001157408,weekly,30.0,both,cache,/home/lkoo/projects/AutomationDetection/DownloadedLC/incremental/quiescent_background_cache.csv,19958400.0,3.327363636363636e-07,9164.552888006505,4989600.0,348.8639520920132,True,ok
4FGL J0403.9-3605,249,250,57049.00001157408,7.38e-07,6.79e-08,4.44e-07,2.155675595238095e-07,6.32769230769231e-08,8.402468660568555e-09,6.32769230769231e-08,8.402468660568555e-09,8.73e-08,8.73e-08,6.32769230769231e-08,True,True,True,34,True,56818.00001157408,57049.00001157408,9.861789109731172,2.0,True,True,56818.00001157408,57049.00001157408,weekly,30.0,both,cache,/home/lkoo/projects/AutomationDetection/DownloadedLC/incremental/quiescent_background_cache.csv,20563200.0,3.4465588235294117e-07,9780.514203393956,5140800.0,331.8199087839586,True,ok
4FGL J0403.9-3605,250,251,57056.00001157408,2.84e-07,5.68e-08,7.38e-07,2.155675595238095e-07,6.32769230769231e-08,8.402468660568555e-09,6.32769230769231e-08,8.402468660568555e-09,8.73e-08,8.73e-08,6.32769230769231e-08,False,True,True,35,True,56818.00001157408,57056.00001157408,3.8441356888104283,2.0,True,True,56818.00001157408,57056.00001157408,weekly,30.0,both,cache,/home/lkoo/projects/AutomationDetection/DownloadedLC/incremental/quiescent_background_cache.csv,21168000.0,3.429228571428571e-07,10017.55080714739,5292000.0,328.6964882773945,True,ok
4FGL J0403.9-3605,251,252,57063.00001157408,3.77e-07,4.83e-08,2.84e-07,2.155675595238095e-07,6.32769230769231e-08,8.402468660568555e-09,6.32769230769231e-08,8.402468660568555e-09,8.73e-08,8.73e-08,6.32769230769231e-08,True,True,True,36,True,56818.00001157408,57063.00001157408,6.3991924645887925,2.0,True,True,56818.00001157408,57063.00001157408,weekly,30.0,both,cache,/home/lkoo/projects/AutomationDetection/DownloadedLC/incremental/quiescent_background_cache.csv,21772800.0,3.438694444444444e-07,10332.208552270788,5443200.0,323.20778652994846,True,ok
4FGL J0403.9-3605,252,253,57070.00001157408,7.03e-07,5.11e-08,3.77e-07,2.155675595238095e-07,6.32769230769231e-08,8.402468660568555e-09,6.32769230769231e-08,8.402468660568555e-09,8.73e-08,8.73e-08,6.32769230769231e-08,True,True,True,37,True,56818.00001157408,57070.00001157408,12.35315511336314,2.0,True,True,56818.00001157408,57070.00001157408,weekly,30.0,both,cache,/home/lkoo/projects/AutomationDetection/DownloadedLC/incremental/quiescent_background_cache.csv,22377600.0,3.5357567567567564e-07,10918.957610153413,5594400.0,310.06662534204384,True,ok
4FGL J0403.9-3605,253,254,57077.00001157408,8.33e-07,5.13e-08,7.03e-07,2.155675595238095e-07,6.32769230769231e-08,8.402468660568555e-09,6.32769230769231e-08,8.402468660568555e-09,8.73e-08,8.73e-08,6.32769230769231e-08,True,True,True,38,True,56818.00001157408,57077.00001157408,14.807045513472639,2.0,True,True,56818.00001157408,57077.00001157408,weekly,30.0,both,cache,/home/lkoo/projects/AutomationDetection/DownloadedLC/incremental/quiescent_background_cache.csv,22982400.0,3.661921052631579e-07,11614.209338768242,5745600.0,295.4286310912722,True,ok
4FGL J0403.9-3605,254,255,57084.00001157408,6.86e-07,5.65e-08,8.33e-07,2.155675595238095e-07,6.32769230769231e-08,8.402468660568555e-09,6.32769230769231e-08,8.402468660568555e-09,8.73e-08,8.73e-08,6.32769230769231e-08,False,True,True,39,True,56818.00001157408,57084.00001157408,10.901752227470741,2.0,True,True,56818.00001157408,57084.00001157408,weekly,30.0,both,cache,/home/lkoo/projects/AutomationDetection/DownloadedLC/incremental/quiescent_background_cache.csv,23587200.0,3.7439230769230767e-07,12186.769585862809,5896800.0,285.23574300987013,True,ok
4FGL J0403.9-3605,255,256,57091.00001157408,5.8e-07,6.61e-08,6.86e-07,2.155675595238095e-07,6.32769230769231e-08,8.402468660568555e-09,6.32769230769231e-08,8.402468660568555e-09,8.73e-08,8.73e-08,6.32769230769231e-08,False,True,True,40,True,56818.00001157408,57091.00001157408,7.754889122218855,2.0,True,True,56818.00001157408,57091.00001157408,weekly,30.0,both,cache,/home/lkoo/projects/AutomationDetection/DownloadedLC/incremental/quiescent_background_cache.csv,24192000.0,3.795325e-07,12670.858424514188,6048000.0,277.83717121023415,True,ok
4FGL J0403.9-3605,256,257,57098.00001157408,1.26e-06,1.02e-07,5.8e-07,2.155675595238095e-07,6.32769230769231e-08,8.402468660568555e-09,6.32769230769231e-08,8.402468660568555e-09,8.73e-08,8.73e-08,6.32769230769231e-08,True,True,True,41,True,56818.00001157408,57098.00001157408,11.692972047397545,2.0,True,True,56818.00001157408,57098.00001157408,weekly,30.0,both,cache,/home/lkoo/projects/AutomationDetection/DownloadedLC/incremental/quiescent_background_cache.csv,24796800.0,4.0100731707317075e-07,13722.499694687882,6199200.0,259.7471408530541,True,ok
4FGL J0403.9-3605,257,258,57105.00001157408,6.89e-07,9.25e-08,1.26e-06,2.155675595238095e-07,6.32769230769231e-08,8.402468660568555e-09,6.32769230769231e-08,8.402468660568555e-09,8.73e-08,8.73e-08,6.32769230769231e-08,False,True,True,42,True,56818.00001157408,57105.00001157408,6.736836565956819,2.0,True,True,56818.00001157408,57105.00001157408,weekly,30.0,both,cache,/home/lkoo/projects/AutomationDetection/DownloadedLC/incremental/quiescent_background_cache.csv,25401600.0,4.078642857142857e-07,14297.563849568576,6350400.0,252.32650871546923,True,ok
4FGL J0403.9-3605,258,259,57112.00001157408,7.01e-07,7.25e-08,6.89e-07,2.155675595238095e-07,6.32769230769231e-08,8.402468660568555e-09,6.32769230769231e-08,8.402468660568555e-09,8.73e-08,8.73e-08,6.32769230769231e-08,True,True,True,43,True,56818.00001157408,57112.00001157408,8.737694148767407,2.0,True,True,56818.00001157408,57112.00001157408,weekly,30.0,both,cache,/home/lkoo/projects/AutomationDetection/DownloadedLC/incremental/quiescent_background_cache.csv,26006400.0,4.146813953488372e-07,14882.643635593784,6501600.0,245.28024775538552,True,ok
4FGL J0403.9-3605,259,260,57119.00001157408,6.61e-07,5.43e-08,7.01e-07,2.155675595238095e-07,6.32769230769231e-08,8.402468660568555e-09,6.32769230769231e-08,8.402468660568555e-09,8.73e-08,8.73e-08,6.32769230769231e-08,False,True,True,44,True,56818.00001157408,57119.00001157408,10.8783214317804,2.0,True,True,56818.00001157408,57119.00001157408,weekly,30.0,both,cache,/home/lkoo/projects/AutomationDetection/DownloadedLC/incremental/quiescent_background_cache.csv,26611200.0,4.2027954545454545e-07,15434.337984470616,6652800.0,239.2508326870185,True,ok
4FGL J0403.9-3605,260,261,57126.00001157408,5.99e-07,4.72e-08,6.61e-07,2.155675595238095e-07,6.32769230769231e-08,8.402468660568555e-09,6.32769230769231e-08,8.402468660568555e-09,8.73e-08,8.73e-08,6.32769230769231e-08,False,True,True,45,True,56818.00001157408,57126.00001157408,11.174384969513603,2.0,True,True,56818.00001157408,57126.00001157408,weekly,30.0,both,cache,/home/lkoo/projects/AutomationDetection/DownloadedLC/incremental/quiescent_background_cache.csv,27216000.0,4.2425111111111104e-07,15934.284905767472,6804000.0,234.36543147180066,True,ok
4FGL J0403.9-3605,261,262,57133.00001157408,5.49e-07,4.79e-08,5.99e-07,2.155675595238095e-07,6.32769230769231e-08,8.402468660568555e-09,6.32769230769231e-08,8.402468660568555e-09,8.73e-08,8.73e-08,6.32769230769231e-08,False,True,True,46,True,56818.00001157408,57133.00001157408,9.987852289389089,2.0,True,True,56818.00001157408,57133.00001157408,weekly,30.0,both,cache,/home/lkoo/projects/AutomationDetection/DownloadedLC/incremental/quiescent_background_cache.csv,27820800.0,4.2696304347826083e-07,16392.500030628868,6955200.0,230.33335914639528,True,ok
4FGL J0403.9-3605,262,263,57140.00001157408,5.9e-07,5.55e-08,5.49e-07,2.155675595238095e-07,6.32769230769231e-08,8.402468660568555e-09,6.32769230769231e-08,8.402468660568555e-09,8.73e-08,8.73e-08,6.32769230769231e-08,True,True,True,47,True,56818.00001157408,57140.00001157408,9.383576089354827,2.0,True,True,56818.00001157408,57140.00001157408,weekly,30.0,both,cache,/home/lkoo/projects/AutomationDetection/DownloadedLC/incremental/quiescent_background_cache.csv,28425600.0,4.30431914893617e-07,16884.935228567345,7106400.0,226.0355750533269,True,ok
4FGL J0403.9-3605,263,264,57147.00001157408,5.13e-07,6.91e-08,5.9e-07,2.155675595238095e-07,6.32769230769231e-08,8.402468660568555e-09,6.32769230769231e-08,8.402468660568555e-09,8.73e-08,8.73e-08,6.32769230769231e-08,False,True,True,48,True,56818.00001157408,57147.00001157408,6.460703960096732,2.0,True,True,56818.00001157408,57147.00001157408,weekly,30.0,both,cache,/home/lkoo/projects/AutomationDetection/DownloadedLC/incremental/quiescent_background_cache.csv,29030400.0,4.321520833333333e-07,17313.103459995207,7257600.0,222.7793940000436,True,ok
4FGL J0403.9-3605,264,265,57154.00001157408,2.87e-07,8.13e-08,5.13e-07,2.155675595238095e-07,6.32769230769231e-08,8.402468660568555e-09,6.32769230769231e-08,8.402468660568555e-09,8.73e-08,8.73e-08,6.32769230769231e-08,False,True,True,49,True,56818.00001157408,57154.00001157408,2.737241258384054,2.0,True,True,56818.00001157408,57154.00001157408,weekly,30.0,both,cache,/home/lkoo/projects/AutomationDetection/DownloadedLC/incremental/quiescent_background_cache.csv,29635200.0,4.291897959183673e-07,17552.643971534766,7408800.0,222.01446828978345,True,ok
4FGL J0403.9-3605,265,266,57161.00001157408,2.61e-07,6e-08,2.87e-07,2.155675595238095e-07,6.32769230769231e-08,8.402468660568555e-09,6.32769230769231e-08,8.402468660568555e-09,8.73e-08,8.73e-08,6.32769230769231e-08,False,True,True,50,True,56818.00001157408,57161.00001157408,3.263538516016794,2.0,True,True,56818.00001157408,57161.00001157408,weekly,30.0,both,cache,/home/lkoo/projects/AutomationDetection/DownloadedLC/incremental/quiescent_background_cache.csv,30240000.0,4.2582599999999994e-07,17770.48394892789,7560000.0,221.5172268185444,True,ok
4FGL J0403.9-3605,266,267,57168.00001157408,2.7e-07,4.67e-08,2.61e-07,2.155675595238095e-07,6.32769230769231e-08,8.402468660568555e-09,6.32769230769231e-08,8.402468660568555e-09,8.73e-08,8.73e-08,6.32769230769231e-08,True,True,True,51,True,56818.00001157408,57168.00001157408,4.356661387727855,2.0,True,True,56818.00001157408,57168.00001157408,weekly,30.0,both,cache,/home/lkoo/projects/AutomationDetection/DownloadedLC/incremental/quiescent_background_cache.csv,30844800.0,4.2277058823529404e-07,17995.835649679393,7711200.0,220.91803662090462,True,ok
4FGL J0403.9-3605,267,268,57175.00001157408,3.58e-07,4.34e-08,2.7e-07,2.155675595238095e-07,6.32769230769231e-08,8.402468660568555e-09,6.32769230769231e-08,8.402468660568555e-09,8.73e-08,8.73e-08,6.32769230769231e-08,True,True,True,52,True,56818.00001157408,57175.00001157408,6.6670531673729885,2.0,True,True,56818.00001157408,57175.00001157408,weekly,30.0,both,cache,/home/lkoo/projects/AutomationDetection/DownloadedLC/incremental/quiescent_background_cache.csv,31449600.0,4.215249999999999e-07,18294.635312157312,7862400.0,219.42925602702465,True,ok
4FGL J0403.9-3605,268,269,57182.00001157408,3.13e-07,3.95e-08,3.58e-07,2.155675595238095e-07,6.32769230769231e-08,8.402468660568555e-09,6.32769230769231e-08,8.402468660568555e-09,8.73e-08,8.73e-08,6.32769230769231e-08,False,True,True,53,True,56818.00001157408,57182.00001157408,6.183743564497307,2.0,True,True,56818.00001157408,57182.00001157408,weekly,30.0,both,cache,/home/lkoo/projects/AutomationDetection/DownloadedLC/incremental/quiescent_background_cache.csv,32054400.0,4.194773584905659e-07,18555.87635784332,8013600.0,218.40905080259034,True,ok
4FGL J0403.9-3605,269,270,57189.00001157408,4.05e-07,5.45e-08,3.13e-07,2.155675595238095e-07,6.32769230769231e-08,8.402468660568555e-09,6.32769230769231e-08,8.402468660568555e-09,8.73e-08,8.73e-08,6.32769230769231e-08,True,True,True,54,True,56818.00001157408,57189.00001157408,6.19693161592132,2.0,True,True,56818.00001157408,57189.00001157408,weekly,30.0,both,cache,/home/lkoo/projects/AutomationDetection/DownloadedLC/incremental/quiescent_background_cache.csv,32659200.0,4.192092592592592e-07,18893.90390897058,8164800.0,216.5155156740338,True,ok
4FGL J0403.9-3605,270,271,57196.00001157408,5.04e-07,6.23e-08,4.05e-07,2.155675595238095e-07,6.32769230769231e-08,8.402468660568555e-09,6.32769230769231e-08,8.402468660568555e-09,8.73e-08,8.73e-08,6.32769230769231e-08,True,True,True,55,True,56818.00001157408,57196.00001157408,7.010730720101494,2.0,True,True,56818.00001157408,57196.00001157408,weekly,30.0,both,cache,/home/lkoo/projects/AutomationDetection/DownloadedLC/incremental/quiescent_background_cache.csv,33264000.0,4.20750909090909e-07,19314.560417040055,8316000.0,213.75299376184827,True,ok
4FGL J0403.9-3605,271,272,57203.00001157408,3.74e-07,7.6e-08,5.04e-07,2.155675595238095e-07,6.32769230769231e-08,8.402468660568555e-09,6.32769230769231e-08,8.402468660568555e-09,8.73e-08,8.73e-08,6.32769230769231e-08,False,True,True,56,True,56818.00001157408,57203.00001157408,4.063701158489267,2.0,True,True,56818.00001157408,57203.00001157408,weekly,30.0,both,cache,/home/lkoo/projects/AutomationDetection/DownloadedLC/incremental/quiescent_background_cache.csv,33868800.0,4.199160714285714e-07,19626.71425437733,8467200.0,212.25655208121523,True,ok
4FGL J0403.9-3605,272,273,57210.00001157408,5.21e-07,6.71e-08,3.74e-07,2.155675595238095e-07,6.32769230769231e-08,8.402468660568555e-09,6.32769230769231e-08,8.402468660568555e-09,8.73e-08,8.73e-08,6.32769230769231e-08,True,True,True,57,True,56818.00001157408,57210.00001157408,6.768643846294349,2.0,True,True,56818.00001157408,57210.00001157408,weekly,30.0,both,cache,/home/lkoo/projects/AutomationDetection/DownloadedLC/incremental/quiescent_background_cache.csv,34473600.0,4.216894736842105e-07,20061.559573234867,8618400.0,209.50266324753076,True,ok
4FGL J0403.9-3605,273,274,57217.00001157408,4.76e-07,6.46e-08,5.21e-07,2.155675595238095e-07,6.32769230769231e-08,8.402468660568555e-09,6.32769230769231e-08,8.402468660568555e-09,8.73e-08,8.73e-08,6.32769230769231e-08,False,True,True,58,True,56818.00001157408,57217.00001157408,6.335534634386524,2.0,True,True,56818.00001157408,57217.00001157408,weekly,30.0,both,cache,/home/lkoo/projects/AutomationDetection/DownloadedLC/incremental/quiescent_background_cache.csv,35078400.0,4.226258620689655e-07,20458.846275300482,8769600.0,207.22912325980582,True,ok
4FGL J0403.9-3605,274,275,57224.00001157408,3.3e-07,4.6e-08,4.76e-07,2.155675595238095e-07,6.32769230769231e-08,8.402468660568555e-09,6.32769230769231e-08,8.402468660568555e-09,8.73e-08,8.73e-08,6.32769230769231e-08,False,True,True,59,True,56818.00001157408,57224.00001157408,5.7039508382718305,2.0,True,True,56818.00001157408,57224.00001157408,weekly,30.0,both,cache,/home/lkoo/projects/AutomationDetection/DownloadedLC/incremental/quiescent_background_cache.csv,35683200.0,4.210559322033898e-07,20734.276131774543,8920800.0,206.23063656256724,True,ok
4FGL J0403.9-3605,275,276,57231.00001157408,4.01e-07,4.11e-08,3.3e-07,2.155675595238095e-07,6.32769230769231e-08,8.402468660568555e-09,6.32769230769231e-08,8.402468660568555e-09,8.73e-08,8.73e-08,6.32769230769231e-08,True,True,True,60,True,56818.00001157408,57231.00001157408,8.05058916069663,2.0,True,True,56818.00001157408,57231.00001157408,weekly,30.0,both,cache,/home/lkoo/projects/AutomationDetection/DownloadedLC/incremental/quiescent_background_cache.csv,36288000.0,4.207216666666666e-07,21068.96513918696,9072000.0,204.66711859192216,True,ok
4FGL J0403.9-3605,276,277,57238.00001157408,2.15e-07,3.4e-08,4.01e-07,2.155675595238095e-07,6.32769230769231e-08,8.402468660568555e-09,6.32769230769231e-08,8.402468660568555e-09,8.73e-08,8.73e-08,6.32769230769231e-08,False,True,True,61,True,56818.00001157408,57238.00001157408,4.332114227798222,2.0,True,True,56818.00001157408,57238.00001157408,weekly,30.0,both,cache,/home/lkoo/projects/AutomationDetection/DownloadedLC/incremental/quiescent_background_cache.csv,36892800.0,4.173491803278688e-07,21248.411863859455,9223200.0,204.62093427114402,True,ok
4FGL J0403.9-3605,277,278,57245.00001157408,2.41e-07,4.06e-08,2.15e-07,2.155675595238095e-07,6.32769230769231e-08,8.402468660568555e-09,6.32769230769231e-08,8.402468660568555e-09,8.73e-08,8.73e-08,6.32769230769231e-08,True,True,True,62,True,56818.00001157408,57245.00001157408,4.286578202940433,2.0,True,True,56818.00001157408,57245.00001157408,weekly,30.0,both,cache,/home/lkoo/projects/AutomationDetection/DownloadedLC/incremental/quiescent_background_cache.csv,37497600.0,4.145048387096774e-07,21449.559122678394,9374400.0,204.3552006828326,True,ok
4FGL J0403.9-3605,278,279,57252.00001157408,3.1e-07,5.51e-08,2.41e-07,2.155675595238095e-07,6.32769230769231e-08,8.402468660568555e-09,6.32769230769231e-08,8.402468660568555e-09,8.73e-08,8.73e-08,6.32769230769231e-08,True,True,True,63,True,56818.00001157408,57252.00001157408,4.426559448990374,2.0,True,True,56818.00001157408,57252.00001157408,weekly,30.0,both,cache,/home/lkoo/projects/AutomationDetection/DownloadedLC/incremental/quiescent_background_cache.csv,38102400.0,4.128460317460317e-07,21708.296260578267,9525600.0,203.54046902531726,True,ok
4FGL J0403.9-3605,279,280,57259.00001157408,4.24e-07,6.53e-08,3.1e-07,2.155675595238095e-07,6.32769230769231e-08,8.402468660568555e-09,6.32769230769231e-08,8.402468660568555e-09,8.73e-08,8.73e-08,6.32769230769231e-08,True,True,True,64,True,56818.00001157408,57259.00001157408,5.478918379671017,2.0,True,True,56818.00001157408,57259.00001157408,weekly,30.0,both,cache,/home/lkoo/projects/AutomationDetection/DownloadedLC/incremental/quiescent_background_cache.csv,38707200.0,4.130203125e-07,22062.181894351008,9676800.0,201.85893178730828,True,ok
4FGL J0403.9-3605,280,281,57266.00001157408,4.12e-07,6.34e-08,4.24e-07,2.155675595238095e-07,6.32769230769231e-08,8.402468660568555e-09,6.32769230769231e-08,8.402468660568555e-09,8.73e-08,8.73e-08,6.32769230769231e-08,False,True,True,65,True,56818.00001157408,57266.00001157408,5.452685646417695,2.0,True,True,56818.00001157408,57266.00001157408,weekly,30.0,both,cache,/home/lkoo/projects/AutomationDetection/DownloadedLC/incremental/quiescent_background_cache.csv,39312000.0,4.1300461538461534e-07,22406.051896979232,9828000.0,200.30775640270866,True,ok
4FGL J0403.9-3605,281,282,57273.00001157408,3.39e-07,5.07e-08,4.12e-07,2.155675595238095e-07,6.32769230769231e-08,8.402468660568555e-09,6.32769230769231e-08,8.402468660568555e-09,8.73e-08,8.73e-08,6.32769230769231e-08,False,True,True,66,True,56818.00001157408,57273.00001157408,5.365144140693991,2.0,True,True,56818.00001157408,57273.00001157408,weekly,30.0,both,cache,/home/lkoo/projects/AutomationDetection/DownloadedLC/incremental/quiescent_background_cache.csv,39916800.0,4.118833333333333e-07,22688.993476811676,9979200.0,199.3250227388224,True,ok
4FGL J0403.9-3605,282,283,57280.00001157408,3.71e-07,4.63e-08,3.39e-07,2.155675595238095e-07,6.32769230769231e-08,8.402468660568555e-09,6.32769230769231e-08,8.402468660568555e-09,8.73e-08,8.73e-08,6.32769230769231e-08,True,True,True,67,True,56818.00001157408,57280.00001157408,6.539471807793121,2.0,True,True,56818.00001157408,57280.00001157408,weekly,30.0,both,cache,/home/lkoo/projects/AutomationDetection/DownloadedLC/incremental/quiescent_background_cache.csv,40521600.0,4.112731343283582e-07,22998.643406362822,10130400.0,198.12511735793257,True,ok
4FGL J0403.9-3605,283,284,57287.00001157408,7.79e-07,5.21e-08,3.71e-07,2.155675595238095e-07,6.32769230769231e-08,8.402468660568555e-09,6.32769230769231e-08,8.402468660568555e-09,8.73e-08,8.73e-08,6.32769230769231e-08,True,True,True,68,True,56818.00001157408,57287.00001157408,13.562243123652056,2.0,True,True,56818.00001157408,57287.00001157408,weekly,30.0,both,cache,/home/lkoo/projects/AutomationDetection/DownloadedLC/incremental/quiescent_background_cache.csv,41126400.0,4.166808823529412e-07,23648.824794827353,10281600.0,194.1134886649049,True,ok
4FGL J0403.9-3605,284,285,57294.00001157408,6.67e-07,5.2e-08,7.79e-07,2.155675595238095e-07,6.32769230769231e-08,8.402468660568555e-09,6.32769230769231e-08,8.402468660568555e-09,8.73e-08,8.73e-08,6.32769230769231e-08,False,True,True,69,True,56818.00001157408,57294.00001157408,11.46139473412484,2.0,True,True,56818.00001157408,57294.00001157408,weekly,30.0,both,cache,/home/lkoo/projects/AutomationDetection/DownloadedLC/incremental/quiescent_background_cache.csv,41731200.0,4.2030869565217393e-07,24205.526959276438,10432800.0,191.04037611903246,True,ok
4FGL J0403.9-3605,285,286,57301.00001157408,6.77e-07,5.96e-08,6.67e-07,2.155675595238095e-07,6.32769230769231e-08,8.402468660568555e-09,6.32769230769231e-08,8.402468660568555e-09,8.73e-08,8.73e-08,6.32769230769231e-08,True,True,True,70,True,56818.00001157408,57301.00001157408,10.196534266823006,2.0,True,True,56818.00001157408,57301.00001157408,weekly,30.0,both,cache,/home/lkoo/projects/AutomationDetection/DownloadedLC/incremental/quiescent_background_cache.csv,42336000.0,4.239757142857143e-07,24770.575483012624,10584000.0,188.0323049388122,True,ok
4FGL J0403.9-3605,286,287,57308.00001157408,7.93e-07,8e-08,6.77e-07,2.155675595238095e-07,6.32769230769231e-08,8.402468660568555e-09,6.32769230769231e-08,8.402468660568555e-09,8.73e-08,8.73e-08,6.32769230769231e-08,True,True,True,71,True,56818.00001157408,57308.00001157408,9.071638893732608,2.0,True,True,56818.00001157408,57308.00001157408,weekly,30.0,both,cache,/home/lkoo/projects/AutomationDetection/DownloadedLC/incremental/quiescent_background_cache.csv,42940800.0,4.291732394366197e-07,25432.44177447908,10735200.0,184.44499594003648,True,ok
4FGL J0403.9-3605,287,288,57315.00001157408,1.06e-06,9.27e-08,7.93e-07,2.155675595238095e-07,6.32769230769231e-08,8.402468660568555e-09,6.32769230769231e-08,8.402468660568555e-09,8.73e-08,8.73e-08,6.32769230769231e-08,True,True,True,72,True,56818.00001157408,57315.00001157408,10.708237910790826,2.0,True,True,56818.00001157408,57315.00001157408,weekly,30.0,both,cache,/home/lkoo/projects/AutomationDetection/DownloadedLC/incremental/quiescent_background_cache.csv,43545600.0,4.3793472222222225e-07,26317.15585891092,10886400.0,179.49962038134083,True,ok
4FGL J0403.9-3605,288,289,57322.00001157408,3.61e-07,5.55e-08,1.06e-06,2.155675595238095e-07,6.32769230769231e-08,8.402468660568555e-09,6.32769230769231e-08,8.402468660568555e-09,8.73e-08,8.73e-08,6.32769230769231e-08,False,True,True,73,True,56818.00001157408,57322.00001157408,5.303939144235611,2.0,True,True,56818.00001157408,57322.00001157408,weekly,30.0,both,cache,/home/lkoo/projects/AutomationDetection/DownloadedLC/incremental/quiescent_background_cache.csv,44150400.0,4.368808219178082e-07,26618.45942917497,11037600.0,178.69544894369542,True,ok
4FGL J0403.9-3605,289,290,57329.00001157408,4.93e-07,5.26e-08,3.61e-07,2.155675595238095e-07,6.32769230769231e-08,8.402468660568555e-09,6.32769230769231e-08,8.402468660568555e-09,8.73e-08,8.73e-08,6.32769230769231e-08,True,True,True,74,True,56818.00001157408,57329.00001157408,8.067358236794274,2.0,True,True,56818.00001157408,57329.00001157408,weekly,30.0,both,cache,/home/lkoo/projects/AutomationDetection/DownloadedLC/incremental/quiescent_background_cache.csv,44755200.0,4.3763918918918917e-07,27029.93494202864,11188800.0,177.1767556147641,True,ok
4FGL J0403.9-3605,290,291,57336.00001157408,3.34e-07,3.98e-08,4.93e-07,2.155675595238095e-07,6.32769230769231e-08,8.402468660568555e-09,6.32769230769231e-08,8.402468660568555e-09,8.73e-08,8.73e-08,6.32769230769231e-08,False,True,True,75,True,56818.00001157408,57336.00001157408,6.655387148315442,2.0,True,True,56818.00001157408,57336.00001157408,weekly,30.0,both,cache,/home/lkoo/projects/AutomationDetection/DownloadedLC/incremental/quiescent_background_cache.csv,45360000.0,4.362573333333333e-07,27308.703342217534,11340000.0,176.54839955451405,True,ok
4FGL J0403.9-3605,291,292,57343.00001157408,1.8e-07,3.23e-08,3.34e-07,2.155675595238095e-07,6.32769230769231e-08,8.402468660568555e-09,6.32769230769231e-08,8.402468660568555e-09,8.73e-08,8.73e-08,6.32769230769231e-08,False,True,True,76,True,56818.00001157408,57343.00001157408,3.497319315276318,2.0,True,True,56818.00001157408,57343.00001157408,weekly,30.0,both,cache,/home/lkoo/projects/AutomationDetection/DownloadedLC/incremental/quiescent_background_cache.csv,45964800.0,4.328855263157895e-07,27458.937809385214,11491200.0,176.74749347019159,True,ok
4FGL J0403.9-3605,292,293,57350.00001157408,2.82e-07,4.41e-08,1.8e-07,2.155675595238095e-07,6.32769230769231e-08,8.402468660568555e-09,6.32769230769231e-08,8.402468660568555e-09,8.73e-08,8.73e-08,6.32769230769231e-08,True,True,True,77,True,56818.00001157408,57350.00001157408,4.87206128746015,2.0,True,True,56818.00001157408,57350.00001157408,weekly,30.0,both,cache,/home/lkoo/projects/AutomationDetection/DownloadedLC/incremental/quiescent_background_cache.csv,46569600.0,4.30925974025974e-07,27694.30514128123,11642400.0,176.39356889418724,True,ok
4FGL J0403.9-3605,293,294,57357.00001157408,1.02e-07,4e-08,2.82e-07,2.155675595238095e-07,6.32769230769231e-08,8.402468660568555e-09,6.32769230769231e-08,8.402468660568555e-09,8.73e-08,8.73e-08,6.32769230769231e-08,False,True,True,78,True,56818.00001157408,57357.00001157408,0.9474001039667251,2.0,False,True,56818.00001157408,57357.00001157408,weekly,30.0,both,cache,/home/lkoo/projects/AutomationDetection/DownloadedLC/incremental/quiescent_background_cache.csv,47174400.0,4.267089743589744e-07,27779.43800600958,11793600.0,176.98915698815543,True,ok
4FGL J0403.9-3605,294,295,57364.00001157408,1.03e-07,6.48e-08,1.02e-07,2.155675595238095e-07,6.32769230769231e-08,8.402468660568555e-09,6.32769230769231e-08,8.402468660568555e-09,8.73e-08,8.73e-08,6.32769230769231e-08,True,True,True,79,True,56818.00001157408,57364.00001157408,0.6079210432494787,2.0,False,True,56818.00001157408,57364.00001157408,weekly,30.0,both,cache,/home/lkoo/projects/AutomationDetection/DownloadedLC/incremental/quiescent_background_cache.csv,47779200.0,4.2261139240506335e-07,27865.405506666633,11944800.0,177.56856820887734,True,ok
4FGL J0403.9-3605,295,296,57371.00001157408,8.1e-08,4.92e-08,1.03e-07,2.155675595238095e-07,6.32769230769231e-08,8.402468660568555e-09,6.32769230769231e-08,8.402468660568555e-09,8.73e-08,8.73e-08,6.32769230769231e-08,False,True,True,80,True,56818.00001157408,57371.00001157408,0.3550840864434095,2.0,False,True,56818.00001157408,57371.00001157408,weekly,30.0,both,cache,/home/lkoo/projects/AutomationDetection/DownloadedLC/incremental/quiescent_background_cache.csv,48384000.0,4.1834125000000006e-07,27933.011016892087,12096000.0,178.25431386457512,True,ok
4FGL J0403.9-3605,296,297,57399.00001157408,6.81e-08,2.87e-08,8.1e-08,2.155675595238095e-07,6.32769230769231e-08,8.402468660568555e-09,6.32769230769231e-08,8.402468660568555e-09,8.73e-08,8.73e-08,6.32769230769231e-08,False,True,True,81,True,56818.00001157408,57399.00001157408,0.1612815327081312,2.0,False,True,56818.00001157408,57399.00001157408,weekly,30.0,both,cache,/home/lkoo/projects/AutomationDetection/DownloadedLC/incremental/quiescent_background_cache.csv,48988800.0,4.1401728395061734e-07,27989.849723637184,12247200.0,178.99857745639994,True,ok
4FGL J0403.9-3605,297,298,57406.00001157408,7.71e-08,3.68e-08,6.81e-08,2.155675595238095e-07,6.32769230769231e-08,8.402468660568555e-09,6.32769230769231e-08,8.402468660568555e-09,8.73e-08,8.73e-08,6.32769230769231e-08,True,True,True,82,True,56818.00001157408,57406.00001157408,0.3662026223705627,2.0,False,True,56818.00001157408,57406.00001157408,weekly,30.0,both,cache,/home/lkoo/projects/AutomationDetection/DownloadedLC/incremental/quiescent_background_cache.csv,49593600.0,4.099085365853659e-07,28054.200153740676,12398400.0,179.68497272924608,True,ok
4FGL J0403.9-3605,298,299,57434.00001157408,6.62e-08,4.31e-08,7.71e-08,2.155675595238095e-07,6.32769230769231e-08,8.402468660568555e-09,6.32769230769231e-08,8.402468660568555e-09,8.73e-08,8.73e-08,6.32769230769231e-08,False,True,True,83,True,56818.00001157408,57434.00001157408,0.06656760197639243,2.0,False,True,56818.00001157408,57434.00001157408,weekly,30.0,both,cache,/home/lkoo/projects/AutomationDetection/DownloadedLC/incremental/quiescent_background_cache.csv,50198400.0,4.0576746987951813e-07,28109.453052221226,12549600.0,180.41989315997648,True,ok
4FGL J0403.9-3605,299,300,57441.00001157408,4.22e-08,2.42e-08,6.62e-08,2.155675595238095e-07,6.32769230769231e-08,8.402468660568555e-09,6.32769230769231e-08,8.402468660568555e-09,8.73e-08,8.73e-08,6.32769230769231e-08,False,False,False,0,False,,,-0.8227641719200496,2.0,False,False,,,weekly,30.0,both,cache,/home/lkoo/projects/AutomationDetection/DownloadedLC/incremental/quiescent_background_cache.csv,,,,,,False,not_in_flare_streak
4FGL J0403.9-3605,300,301,57448.00001157408,2.88e-08,1.95e-08,4.22e-08,2.155675595238095e-07,6.32769230769231e-08,8.402468660568555e-09,6.32769230769231e-08,8.402468660568555e-09,8.73e-08,8.73e-08,6.32769230769231e-08,False,False,False,0,False,,,-1.6237222812667305,2.0,False,False,,,weekly,30.0,both,cache,/home/lkoo/projects/AutomationDetection/DownloadedLC/incremental/quiescent_background_cache.csv,,,,,,False,not_in_flare_streak
4FGL J0403.9-3605,301,302,57455.00001157408,6.49e-08,3.11e-08,2.88e-08,2.155675595238095e-07,6.32769230769231e-08,8.402468660568555e-09,6.32769230769231e-08,8.402468660568555e-09,8.73e-08,8.73e-08,6.32769230769231e-08,True,True,True,1,False,57455.00001157408,,0.050382517899530195,2.0,False,False,,,weekly,30.0,both,cache,/home/lkoo/projects/AutomationDetection/DownloadedLC/incremental/quiescent_background_cache.csv,604800.0,6.49e-08,54.167871773232264,151200.0,10267.103500349893,True,ok
4FGL J0403.9-3605,302,303,57490.00001157408,6.51e-08,3.18e-08,6.49e-08,2.155675595238095e-07,6.32769230769231e-08,8.402468660568555e-09,6.32769230769231e-08,8.402468660568555e-09,8.73e-08,8.73e-08,6.32769230769231e-08,True,True,True,2,False,57455.00001157408,,0.05542723052679295,2.0,False,False,,,weekly,30.0,both,cache,/home/lkoo/projects/AutomationDetection/DownloadedLC/incremental/quiescent_background_cache.csv,1209600.0,6.5e-08,108.50267073220637,302400.0,7248.771372047193,True,ok
4FGL J0403.9-3605,303,304,57497.00001157408,3.07e-08,2.07e-08,6.51e-08,2.155675595238095e-07,6.32769230769231e-08,8.402468660568555e-09,6.32769230769231e-08,8.402468660568555e-09,8.73e-08,8.73e-08,6.32769230769231e-08,False,False,False,0,False,,,-1.4582097055898715,2.0,False,False,,,weekly,30.0,both,cache,/home/lkoo/projects/AutomationDetection/DownloadedLC/incremental/quiescent_background_cache.csv,,,,,,False,not_in_flare_streak
4FGL J0403.9-3605,304,305,57504.00001157408,5.5e-08,2.76e-08,3.07e-08,2.155675595238095e-07,6.32769230769231e-08,8.402468660568555e-09,6.32769230769231e-08,8.402468660568555e-09,8.73e-08,8.73e-08,6.32769230769231e-08,True,False,False,0,False,,,-0.286888362911071,2.0,False,False,,,weekly,30.0,both,cache,/home/lkoo/projects/AutomationDetection/DownloadedLC/incremental/quiescent_background_cache.csv,,,,,,False,not_in_flare_streak
4FGL J0403.9-3605,305,306,57511.00001157408,3.78e-08,2.9e-08,5.5e-08,2.155675595238095e-07,6.32769230769231e-08,8.402468660568555e-09,6.32769230769231e-08,8.402468660568555e-09,8.73e-08,8.73e-08,6.32769230769231e-08,False,False,False,0,False,,,-0.8438096059757156,2.0,False,False,,,weekly,30.0,both,cache,/home/lkoo/projects/AutomationDetection/DownloadedLC/incremental/quiescent_background_cache.csv,,,,,,False,not_in_flare_streak
4FGL J0403.9-3605,306,307,57525.00001157408,1.12e-07,6.72e-08,3.78e-08,2.155675595238095e-07,6.32769230769231e-08,8.402468660568555e-09,6.32769230769231e-08,8.402468660568555e-09,8.73e-08,8.73e-08,6.32769230769231e-08,True,True,True,1,False,57525.00001157408,,0.7194436412544118,2.0,False,False,,,weekly,30.0,both,cache,/home/lkoo/projects/AutomationDetection/DownloadedLC/incremental/quiescent_background_cache.csv,604800.0,1.12e-07,93.47922401543934,151200.0,5950.19288080802,True,ok
4FGL J0403.9-3605,307,308,57532.00001157408,1.01e-07,5.44e-08,1.12e-07,2.155675595238095e-07,6.32769230769231e-08,8.402468660568555e-09,6.32769230769231e-08,8.402468660568555e-09,8.73e-08,8.73e-08,6.32769230769231e-08,False,True,True,2,False,57525.00001157408,,0.6853123456827805,2.0,False,False,,,weekly,30.0,both,cache,/home/lkoo/projects/AutomationDetection/DownloadedLC/incremental/quiescent_background_cache.csv,1209600.0,1.0650000000000001e-07,177.77745281507666,302400.0,4424.639298935347,True,ok
4FGL J0403.9-3605,308,309,57539.00001157408,1.85e-07,4.94e-08,1.01e-07,2.155675595238095e-07,6.32769230769231e-08,8.402468660568555e-09,6.32769230769231e-08,8.402468660568555e-09,8.73e-08,8.73e-08,6.32769230769231e-08,True,True,True,3,True,57525.00001157408,57539.00001157408,2.429141965108064,2.0,True,True,57539.00001157408,57539.00001157408,weekly,30.0,both,cache,/home/lkoo/projects/AutomationDetection/DownloadedLC/incremental/quiescent_background_cache.csv,1814400.0,1.326666666666667e-07,332.18509962629344,453600.0,2900.3564656889657,True,ok
4FGL J0403.9-3605,309,310,57546.00001157408,7.28e-08,2.58e-08,1.85e-07,2.155675595238095e-07,6.32769230769231e-08,8.402468660568555e-09,6.32769230769231e-08,8.402468660568555e-09,8.73e-08,8.73e-08,6.32769230769231e-08,False,True,True,4,True,57525.00001157408,57546.00001157408,0.3509677014872189,2.0,False,True,57539.00001157408,57546.00001157408,weekly,30.0,both,cache,/home/lkoo/projects/AutomationDetection/DownloadedLC/incremental/quiescent_background_cache.csv,2419200.0,1.1770000000000002e-07,392.946595236329,604800.0,2831.0623635714874,True,ok
4FGL J0403.9-3605,310,311,57553.00001157408,7.66e-08,2.62e-08,7.28e-08,2.155675595238095e-07,6.32769230769231e-08,8.402468660568555e-09,6.32769230769231e-08,8.402468660568555e-09,8.73e-08,8.73e-08,6.32769230769231e-08,True,True,True,5,True,57525.00001157408,57553.00001157408,0.48422220099384794,2.0,False,True,57539.00001157408,57553.00001157408,weekly,30.0,both,cache,/home/lkoo/projects/AutomationDetection/DownloadedLC/incremental/quiescent_background_cache.csv,3024000.0,1.0948000000000001e-07,456.8797073754599,756000.0,2722.2390336718145,True,ok
4FGL J0403.9-3605,311,312,57567.00001157408,1.04e-07,4.63e-08,7.66e-08,2.155675595238095e-07,6.32769230769231e-08,8.402468660568555e-09,6.32769230769231e-08,8.402468660568555e-09,8.73e-08,8.73e-08,6.32769230769231e-08,True,True,True,6,True,57525.00001157408,57567.00001157408,0.8654125525061687,2.0,False,True,57539.00001157408,57567.00001157408,weekly,30.0,both,cache,/home/lkoo/projects/AutomationDetection/DownloadedLC/incremental/quiescent_background_cache.csv,3628800.0,1.0856666666666667e-07,543.681843961225,907200.0,2505.9524420785233,True,ok
4FGL J0403.9-3605,312,313,57574.00001157408,1.51e-07,5.57e-08,1.04e-07,2.155675595238095e-07,6.32769230769231e-08,8.402468660568555e-09,6.32769230769231e-08,8.402468660568555e-09,8.73e-08,8.73e-08,6.32769230769231e-08,True,True,True,7,True,57525.00001157408,57574.00001157408,1.5573009906900634,2.0,False,True,57539.00001157408,57574.00001157408,weekly,30.0,both,cache,/home/lkoo/projects/AutomationDetection/DownloadedLC/incremental/quiescent_background_cache.csv,4233600.0,1.1462857142857144e-07,669.7118691963263,1058400.0,2197.406047891884,True,ok
4FGL J0403.9-3605,313,314,57581.00001157408,1.54e-07,5.84e-08,1.51e-07,2.155675595238095e-07,6.32769230769231e-08,8.402468660568555e-09,6.32769230769231e-08,8.402468660568555e-09,8.73e-08,8.73e-08,6.32769230769231e-08,True,True,True,8,True,57525.00001157408,57581.00001157408,1.5376436055358749,2.0,False,True,57539.00001157408,57581.00001157408,weekly,30.0,both,cache,/home/lkoo/projects/AutomationDetection/DownloadedLC/incremental/quiescent_background_cache.csv,4838400.0,1.1955e-07,798.2458022175553,1209600.0,1970.8952231315568,True,ok
4FGL J0403.9-3605,314,315,57588.00001157408,8.38e-08,4.52e-08,1.54e-07,2.155675595238095e-07,6.32769230769231e-08,8.402468660568555e-09,6.32769230769231e-08,8.402468660568555e-09,8.73e-08,8.73e-08,6.32769230769231e-08,False,True,True,9,True,57525.00001157408,57588.00001157408,0.44640269856840165,2.0,False,True,57539.00001157408,57588.00001157408,weekly,30.0,both,cache,/home/lkoo/projects/AutomationDetection/DownloadedLC/incremental/quiescent_background_cache.csv,5443200.0,1.1557777777777778e-07,868.1882930433931,1360800.0,1922.0193597497691,True,ok
4FGL J0403.9-3605,315,316,57595.00001157408,8.47e-08,2.99e-08,8.38e-08,2.155675595238095e-07,6.32769230769231e-08,8.402468660568555e-09,6.32769230769231e-08,8.402468660568555e-09,8.73e-08,8.73e-08,6.32769230769231e-08,True,True,True,10,True,57525.00001157408,57595.00001157408,0.6897721161998742,2.0,False,True,57539.00001157408,57595.00001157408,weekly,30.0,both,cache,/home/lkoo/projects/AutomationDetection/DownloadedLC/incremental/quiescent_background_cache.csv,6048000.0,1.1249e-07,938.881956205069,1512000.0,1873.422521694894,True,ok
4FGL J0403.9-3605,316,317,57602.00001157408,9.47e-08,2.25e-08,8.47e-08,2.155675595238095e-07,6.32769230769231e-08,8.402468660568555e-09,6.32769230769231e-08,8.402468660568555e-09,8.73e-08,8.73e-08,6.32769230769231e-08,True,True,True,11,True,57525.00001157408,57602.00001157408,1.3083282022064397,2.0,False,True,57539.00001157408,57602.00001157408,weekly,30.0,both,cache,/home/lkoo/projects/AutomationDetection/DownloadedLC/incremental/quiescent_background_cache.csv,6652800.0,1.1087272727272726e-07,1017.9219786538376,1663200.0,1812.2856145990384,True,ok
4FGL J0403.9-3605,317,318,57609.00001157408,1.16e-07,3.2e-08,9.47e-08,2.155675595238095e-07,6.32769230769231e-08,8.402468660568555e-09,6.32769230769231e-08,8.402468660568555e-09,8.73e-08,8.73e-08,6.32769230769231e-08,True,True,True,12,True,57525.00001157408,57609.00001157408,1.5935758235450805,2.0,False,True,57539.00001157408,57609.00001157408,weekly,30.0,both,cache,/home/lkoo/projects/AutomationDetection/DownloadedLC/incremental/quiescent_background_cache.csv,7257600.0,1.113e-07,1114.7397463841144,1814400.0,1728.4723664789458,True,ok
4FGL J0403.9-3605,318,319,57616.00001157408,1.12e-07,3.6e-08,1.16e-07,2.155675595238095e-07,6.32769230769231e-08,8.402468660568555e-09,6.32769230769231e-08,8.402468660568555e-09,8.73e-08,8.73e-08,6.32769230769231e-08,False,True,True,13,True,57525.00001157408,57616.00001157408,1.3179950022182518,2.0,False,True,57539.00001157408,57616.00001157408,weekly,30.0,both,cache,/home/lkoo/projects/AutomationDetection/DownloadedLC/incremental/quiescent_background_cache.csv,7862400.0,1.1135384615384615e-07,1208.2189703995537,1965600.0,1659.8597519125117,True,ok
4FGL J0403.9-3605,319,320,57630.00001157408,1.39e-07,4.45e-08,1.12e-07,2.155675595238095e-07,6.32769230769231e-08,8.402468660568555e-09,6.32769230769231e-08,8.402468660568555e-09,8.73e-08,8.73e-08,6.32769230769231e-08,True,True,True,14,True,57525.00001157408,57630.00001157408,1.6720957673711614,2.0,False,True,57539.00001157408,57630.00001157408,weekly,30.0,both,cache,/home/lkoo/projects/AutomationDetection/DownloadedLC/incremental/quiescent_background_cache.csv,8467200.0,1.1332857142857142e-07,1324.2333644901432,2116800.0,1571.618839098614,True,ok
4FGL J0403.9-3605,320,321,57644.00001157408,7.51e-08,3.58e-08,1.39e-07,2.155675595238095e-07,6.32769230769231e-08,8.402468660568555e-09,6.32769230769231e-08,8.402468660568555e-09,8.73e-08,8.73e-08,6.32769230769231e-08,False,True,True,15,True,57525.00001157408,57644.00001157408,0.3215165909461197,2.0,False,True,57539.00001157408,57644.00001157408,weekly,30.0,both,cache,/home/lkoo/projects/AutomationDetection/DownloadedLC/incremental/quiescent_background_cache.csv,9072000.0,1.1077999999999999e-07,1386.9145227362103,2268000.0,1553.2473268172243,True,ok
4FGL J0403.9-3605,321,322,57651.00001157408,5.03e-08,2.19e-08,7.51e-08,2.155675595238095e-07,6.32769230769231e-08,8.402468660568555e-09,6.32769230769231e-08,8.402468660568555e-09,8.73e-08,8.73e-08,6.32769230769231e-08,False,False,False,0,False,,,-0.5532315083736531,2.0,False,False,,,weekly,30.0,both,cache,/home/lkoo/projects/AutomationDetection/DownloadedLC/incremental/quiescent_background_cache.csv,,,,,,False,not_in_flare_streak
4FGL J0403.9-3605,322,323,57658.00001157408,4.54e-08,2.05e-08,5.03e-08,2.155675595238095e-07,6.32769230769231e-08,8.402468660568555e-09,6.32769230769231e-08,8.402468660568555e-09,8.73e-08,8.73e-08,6.32769230769231e-08,False,False,False,0,False,,,-0.8068962910150494,2.0,False,False,,,weekly,30.0,both,cache,/home/lkoo/projects/AutomationDetection/DownloadedLC/incremental/quiescent_background_cache.csv,,,,,,False,not_in_flare_streak
4FGL J0403.9-3605,323,324,57686.00001157408,8.82e-08,4.98e-08,4.54e-08,2.155675595238095e-07,6.32769230769231e-08,8.402468660568555e-09,6.32769230769231e-08,8.402468660568555e-09,8.73e-08,8.73e-08,6.32769230769231e-08,True,True,True,1,False,57686.00001157408,,0.49348840035421,2.0,False,False,,,weekly,30.0,both,cache,/home/lkoo/projects/AutomationDetection/DownloadedLC/incremental/quiescent_background_cache.csv,604800.0,8.82e-08,73.61488891215848,151200.0,7555.3044414346305,True,ok
4FGL J0403.9-3605,324,325,57700.00001157408,3.94e-08,2.76e-08,8.82e-08,2.155675595238095e-07,6.32769230769231e-08,8.402468660568555e-09,6.32769230769231e-08,8.402468660568555e-09,8.73e-08,8.73e-08,6.32769230769231e-08,False,False,False,0,False,,,-0.827603604531564,2.0,False,False,,,weekly,30.0,both,cache,/home/lkoo/projects/AutomationDetection/DownloadedLC/incremental/quiescent_background_cache.csv,,,,,,False,not_in_flare_streak
4FGL J0403.9-3605,325,326,57707.00001157408,5.37e-08,2.38e-08,3.94e-08,2.155675595238095e-07,6.32769230769231e-08,8.402468660568555e-09,6.32769230769231e-08,8.402468660568555e-09,8.73e-08,8.73e-08,6.32769230769231e-08,True,False,False,0,False,,,-0.3794391540700641,2.0,False,False,,,weekly,30.0,both,cache,/home/lkoo/projects/AutomationDetection/DownloadedLC/incremental/quiescent_background_cache.csv,,,,,,False,not_in_flare_streak
4FGL J0403.9-3605,326,327,57714.00001157408,7.09e-08,3.13e-08,5.37e-08,2.155675595238095e-07,6.32769230769231e-08,8.402468660568555e-09,6.32769230769231e-08,8.402468660568555e-09,8.73e-08,8.73e-08,6.32769230769231e-08,True,True,True,1,False,57714.00001157408,,0.23522061493975463,2.0,False,False,,,weekly,30.0,both,cache,/home/lkoo/projects/AutomationDetection/DownloadedLC/incremental/quiescent_background_cache.csv,604800.0,7.09e-08,59.17568734548795,151200.0,9398.392775672948,True,ok
4FGL J0403.9-3605,327,328,57798.00001157408,7.68e-08,4.04e-08,7.09e-08,2.155675595238095e-07,6.32769230769231e-08,8.402468660568555e-09,6.32769230769231e-08,8.402468660568555e-09,8.73e-08,8.73e-08,6.32769230769231e-08,True,True,True,2,False,57714.00001157408,,0.32771672791273904,2.0,False,False,,,weekly,30.0,both,cache,/home/lkoo/projects/AutomationDetection/DownloadedLC/incremental/quiescent_background_cache.csv,1209600.0,7.385e-08,123.27572667036064,302400.0,6380.252456072076,True,ok
4FGL J0403.9-3605,328,329,57875.00001157408,2.59e-08,1.71e-08,7.68e-08,2.155675595238095e-07,6.32769230769231e-08,8.402468660568555e-09,6.32769230769231e-08,8.402468660568555e-09,8.73e-08,8.73e-08,6.32769230769231e-08,False,False,False,0,False,,,-1.961748671763281,2.0,False,False,,,weekly,30.0,both,cache,/home/lkoo/projects/AutomationDetection/DownloadedLC/incremental/quiescent_background_cache.csv,,,,,,False,not_in_flare_streak
4FGL J0403.9-3605,329,330,57903.00001157408,4.23e-08,3.69e-08,2.59e-08,2.155675595238095e-07,6.32769230769231e-08,8.402468660568555e-09,6.32769230769231e-08,8.402468660568555e-09,8.73e-08,8.73e-08,6.32769230769231e-08,True,False,False,0,False,,,-0.5542914893422415,2.0,False,False,,,weekly,30.0,both,cache,/home/lkoo/projects/AutomationDetection/DownloadedLC/incremental/quiescent_background_cache.csv,,,,,,False,not_in_flare_streak
4FGL J0403.9-3605,330,331,57910.00001157408,2.53e-08,1.81e-08,4.23e-08,2.155675595238095e-07,6.32769230769231e-08,8.402468660568555e-09,6.32769230769231e-08,8.402468660568555e-09,8.73e-08,8.73e-08,6.32769230769231e-08,False,False,False,0,False,,,-1.9031055995008281,2.0,False,False,,,weekly,30.0,both,cache,/home/lkoo/projects/AutomationDetection/DownloadedLC/incremental/quiescent_background_cache.csv,,,,,,False,not_in_flare_streak
4FGL J0403.9-3605,331,332,57959.00001157408,7.49e-08,4.79e-08,2.53e-08,2.155675595238095e-07,6.32769230769231e-08,8.402468660568555e-09,6.32769230769231e-08,8.402468660568555e-09,8.73e-08,8.73e-08,6.32769230769231e-08,True,True,True,1,False,57959.00001157408,,0.2390036236105867,2.0,False,False,,,weekly,30.0,both,cache,/home/lkoo/projects/AutomationDetection/DownloadedLC/incremental/quiescent_background_cache.csv,604800.0,7.49e-08,62.514231060325066,151200.0,8896.574118052133,True,ok
4FGL J0403.9-3605,332,333,58015.00001157408,2.03e-08,1.43e-08,7.49e-08,2.155675595238095e-07,6.32769230769231e-08,8.402468660568555e-09,6.32769230769231e-08,8.402468660568555e-09,8.73e-08,8.73e-08,6.32769230769231e-08,False,False,False,0,False,,,-2.5911750272309915,2.0,False,False,,,weekly,30.0,both,cache,/home/lkoo/projects/AutomationDetection/DownloadedLC/incremental/quiescent_background_cache.csv,,,,,,False,not_in_flare_streak
4FGL J0403.9-3605,333,334,58022.00001157408,3.88e-08,2.9e-08,2.03e-08,2.155675595238095e-07,6.32769230769231e-08,8.402468660568555e-09,6.32769230769231e-08,8.402468660568555e-09,8.73e-08,8.73e-08,6.32769230769231e-08,True,False,False,0,False,,,-0.810689059847442,2.0,False,False,,,weekly,30.0,both,cache,/home/lkoo/projects/AutomationDetection/DownloadedLC/incremental/quiescent_background_cache.csv,,,,,,False,not_in_flare_streak
4FGL J0403.9-3605,334,335,58029.00001157408,3.05e-08,2.4e-08,3.88e-08,2.155675595238095e-07,6.32769230769231e-08,8.402468660568555e-09,6.32769230769231e-08,8.402468660568555e-09,8.73e-08,8.73e-08,6.32769230769231e-08,False,False,False,0,False,,,-1.288990851110914,2.0,False,False,,,weekly,30.0,both,cache,/home/lkoo/projects/AutomationDetection/DownloadedLC/incremental/quiescent_background_cache.csv,,,,,,False,not_in_flare_streak
4FGL J0403.9-3605,335,336,58036.00001157408,5.31e-08,2.53e-08,3.05e-08,2.155675595238095e-07,6.32769230769231e-08,8.402468660568555e-09,6.32769230769231e-08,8.402468660568555e-09,8.73e-08,8.73e-08,6.32769230769231e-08,True,False,False,0,False,,,-0.38174726784020857,2.0,False,False,,,weekly,30.0,both,cache,/home/lkoo/projects/AutomationDetection/DownloadedLC/incremental/quiescent_background_cache.csv,,,,,,False,not_in_flare_streak
4FGL J0403.9-3605,336,337,58064.00001157408,9.78e-08,4.53e-08,5.31e-08,2.155675595238095e-07,6.32769230769231e-08,8.402468660568555e-09,6.32769230769231e-08,8.402468660568555e-09,8.73e-08,8.73e-08,6.32769230769231e-08,True,True,True,1,False,58064.00001157408,,0.7493178142286794,2.0,False,False,,,weekly,30.0,both,cache,/home/lkoo/projects/AutomationDetection/DownloadedLC/incremental/quiescent_background_cache.csv,604800.0,9.78e-08,81.62739382776758,151200.0,6813.85991317441,True,ok
4FGL J0403.9-3605,337,338,58071.00001157408,8.68e-08,3.27e-08,9.78e-08,2.155675595238095e-07,6.32769230769231e-08,8.402468660568555e-09,6.32769230769231e-08,8.402468660568555e-09,8.73e-08,8.73e-08,6.32769230769231e-08,False,True,True,2,False,58064.00001157408,,0.6967265734954758,2.0,False,False,,,weekly,30.0,both,cache,/home/lkoo/projects/AutomationDetection/DownloadedLC/incremental/quiescent_background_cache.csv,1209600.0,9.23e-08,154.07379243973307,302400.0,5105.153059023089,True,ok
4FGL J0403.9-3605,338,339,58078.00001157408,7.08e-08,2.87e-08,8.68e-08,2.155675595238095e-07,6.32769230769231e-08,8.402468660568555e-09,6.32769230769231e-08,8.402468660568555e-09,8.73e-08,8.73e-08,6.32769230769231e-08,False,True,True,3,True,58064.00001157408,58078.00001157408,0.25156832374569815,2.0,False,False,,,weekly,30.0,both,cache,/home/lkoo/projects/AutomationDetection/DownloadedLC/incremental/quiescent_background_cache.csv,1814400.0,8.513333333333334e-08,213.1660161923501,453600.0,4519.148518655629,True,ok
4FGL J0403.9-3605,339,340,58085.00001157408,4.2e-08,1.73e-08,7.08e-08,2.155675595238095e-07,6.32769230769231e-08,8.402468660568555e-09,6.32769230769231e-08,8.402468660568555e-09,8.73e-08,8.73e-08,6.32769230769231e-08,False,False,False,0,False,,,-1.1062968089947336,2.0,False,False,,,weekly,30.0,both,cache,/home/lkoo/projects/AutomationDetection/DownloadedLC/incremental/quiescent_background_cache.csv,,,,,,False,not_in_flare_streak
4FGL J0403.9-3605,340,341,58092.00001157408,7.31e-08,3.39e-08,4.2e-08,2.155675595238095e-07,6.32769230769231e-08,8.402468660568555e-09,6.32769230769231e-08,8.402468660568555e-09,8.73e-08,8.73e-08,6.32769230769231e-08,True,True,True,1,False,58092.00001157408,,0.2812556055397194,2.0,False,False,,,weekly,30.0,both,cache,/home/lkoo/projects/AutomationDetection/DownloadedLC/incremental/quiescent_background_cache.csv,604800.0,7.31e-08,61.01188638864837,151200.0,9115.596338044399,True,ok
4FGL J0403.9-3605,341,342,58099.00001157408,1.13e-07,4.87e-08,7.31e-08,2.155675595238095e-07,6.32769230769231e-08,8.402468660568555e-09,6.32769230769231e-08,8.402468660568555e-09,8.73e-08,8.73e-08,6.32769230769231e-08,True,True,True,2,False,58092.00001157408,,1.0061419302416565,2.0,False,False,,,weekly,30.0,both,cache,/home/lkoo/projects/AutomationDetection/DownloadedLC/incremental/quiescent_background_cache.csv,1209600.0,9.305e-08,155.325746332797,302400.0,5064.0150699590595,True,ok
4FGL J0403.9-3605,342,343,58106.00001157408,1.87e-08,1.45e-08,1.13e-07,2.155675595238095e-07,6.32769230769231e-08,8.402468660568555e-09,6.32769230769231e-08,8.402468660568555e-09,8.73e-08,8.73e-08,6.32769230769231e-08,False,False,False,0,False,,,-2.659939323194176,2.0,False,False,,,weekly,30.0,both,cache,/home/lkoo/projects/AutomationDetection/DownloadedLC/incremental/quiescent_background_cache.csv,,,,,,False,not_in_flare_streak
4FGL J0403.9-3605,343,344,58127.00001157408,5.46e-08,2.37e-08,1.87e-08,2.155675595238095e-07,6.32769230769231e-08,8.402468660568555e-09,6.32769230769231e-08,8.402468660568555e-09,8.73e-08,8.73e-08,6.32769230769231e-08,True,False,False,0,False,,,-0.34506990363152684,2.0,False,False,,,weekly,30.0,both,cache,/home/lkoo/projects/AutomationDetection/DownloadedLC/incremental/quiescent_background_cache.csv,,,,,,False,not_in_flare_streak
4FGL J0403.9-3605,344,345,58134.00001157408,4.51e-08,2.25e-08,5.46e-08,2.155675595238095e-07,6.32769230769231e-08,8.402468660568555e-09,6.32769230769231e-08,8.402468660568555e-09,8.73e-08,8.73e-08,6.32769230769231e-08,False,False,False,0,False,,,-0.7568126173350855,2.0,False,False,,,weekly,30.0,both,cache,/home/lkoo/projects/AutomationDetection/DownloadedLC/incremental/quiescent_background_cache.csv,,,,,,False,not_in_flare_streak
4FGL J0403.9-3605,345,346,58141.00001157408,5.79e-08,2.72e-08,4.51e-08,2.155675595238095e-07,6.32769230769231e-08,8.402468660568555e-09,6.32769230769231e-08,8.402468660568555e-09,8.73e-08,8.73e-08,6.32769230769231e-08,True,False,False,0,False,,,-0.18887435448431675,2.0,False,False,,,weekly,30.0,both,cache,/home/lkoo/projects/AutomationDetection/DownloadedLC/incremental/quiescent_background_cache.csv,,,,,,False,not_in_flare_streak
4FGL J0403.9-3605,346,347,58155.00001157408,6.71e-08,4.15e-08,5.79e-08,2.155675595238095e-07,6.32769230769231e-08,8.402468660568555e-09,6.32769230769231e-08,8.402468660568555e-09,8.73e-08,8.73e-08,6.32769230769231e-08,True,True,True,1,False,58155.00001157408,,0.09029025497486635,2.0,False,False,,,weekly,30.0,both,cache,/home/lkoo/projects/AutomationDetection/DownloadedLC/incremental/quiescent_background_cache.csv,604800.0,6.71e-08,56.00407081639268,151200.0,9930.537433017807,True,ok
4FGL J0403.9-3605,347,348,58169.00001157408,1.24e-07,5.33e-08,6.71e-08,2.155675595238095e-07,6.32769230769231e-08,8.402468660568555e-09,6.32769230769231e-08,8.402468660568555e-09,8.73e-08,8.73e-08,6.32769230769231e-08,True,True,True,2,False,58155.00001157408,,1.1253717475783005,2.0,False,False,,,weekly,30.0,both,cache,/home/lkoo/projects/AutomationDetection/DownloadedLC/incremental/quiescent_background_cache.csv,1209600.0,9.555e-08,159.49892597634343,302400.0,4931.552610688863,True,ok
4FGL J0403.9-3605,348,349,58176.00001157408,4.66e-08,2.6e-08,1.24e-07,2.155675595238095e-07,6.32769230769231e-08,8.402468660568555e-09,6.32769230769231e-08,8.402468660568555e-09,8.73e-08,8.73e-08,6.32769230769231e-08,False,False,False,0,False,,,-0.6103395349336765,2.0,False,False,,,weekly,30.0,both,cache,/home/lkoo/projects/AutomationDetection/DownloadedLC/incremental/quiescent_background_cache.csv,,,,,,False,not_in_flare_streak
4FGL J0403.9-3605,349,350,58183.00001157408,3.28e-08,2.83e-08,4.66e-08,2.155675595238095e-07,6.32769230769231e-08,8.402468660568555e-09,6.32769230769231e-08,8.402468660568555e-09,8.73e-08,8.73e-08,6.32769230769231e-08,False,False,False,0,False,,,-1.032379913658449,2.0,False,False,,,weekly,30.0,both,cache,/home/lkoo/projects/AutomationDetection/DownloadedLC/incremental/quiescent_background_cache.csv,,,,,,False,not_in_flare_streak
4FGL J0403.9-3605,350,351,58190.00001157408,1.69e-07,7.69e-08,3.28e-08,2.155675595238095e-07,6.32769230769231e-08,8.402468660568555e-09,6.32769230769231e-08,8.402468660568555e-09,8.73e-08,8.73e-08,6.32769230769231e-08,True,True,True,1,False,58190.00001157408,,1.3666783910645757,2.0,False,False,,,weekly,30.0,both,cache,/home/lkoo/projects/AutomationDetection/DownloadedLC/incremental/quiescent_background_cache.csv,604800.0,1.69e-07,141.0534719518683,151200.0,3943.9430330230407,True,ok
4FGL J0403.9-3605,351,352,58218.00001157408,7.02e-08,3.54e-08,1.69e-07,2.155675595238095e-07,6.32769230769231e-08,8.402468660568555e-09,6.32769230769231e-08,8.402468660568555e-09,8.73e-08,8.73e-08,6.32769230769231e-08,False,True,True,2,False,58190.00001157408,,0.1902805015474874,2.0,False,False,,,weekly,30.0,both,cache,/home/lkoo/projects/AutomationDetection/DownloadedLC/incremental/quiescent_background_cache.csv,1209600.0,1.1959999999999999e-07,199.64491414725973,302400.0,3940.1430839469626,True,ok
4FGL J0403.9-3605,352,353,58232.00001157408,3.76e-08,1.8e-08,7.02e-08,2.155675595238095e-07,6.32769230769231e-08,8.402468660568555e-09,6.32769230769231e-08,8.402468660568555e-09,8.73e-08,8.73e-08,6.32769230769231e-08,False,False,False,0,False,,,-1.292598433795283,2.0,False,False,,,weekly,30.0,both,cache,/home/lkoo/projects/AutomationDetection/DownloadedLC/incremental/quiescent_background_cache.csv,,,,,,False,not_in_flare_streak
4FGL J0403.9-3605,353,354,58246.00001157408,8.73e-08,4.61e-08,3.76e-08,2.155675595238095e-07,6.32769230769231e-08,8.402468660568555e-09,6.32769230769231e-08,8.402468660568555e-09,8.73e-08,8.73e-08,6.32769230769231e-08,True,True,True,1,False,58246.00001157408,,0.5126619750346081,2.0,False,False,,,weekly,30.0,both,cache,/home/lkoo/projects/AutomationDetection/DownloadedLC/incremental/quiescent_background_cache.csv,604800.0,8.73e-08,72.86371657632013,151200.0,7633.175226022534,True,ok
4FGL J0403.9-3605,354,355,58253.00001157408,6.43e-08,2.42e-08,8.73e-08,2.155675595238095e-07,6.32769230769231e-08,8.402468660568555e-09,6.32769230769231e-08,8.402468660568555e-09,8.73e-08,8.73e-08,6.32769230769231e-08,False,True,True,2,False,58246.00001157408,,0.03993709301655613,2.0,False,False,,,weekly,30.0,both,cache,/home/lkoo/projects/AutomationDetection/DownloadedLC/incremental/quiescent_background_cache.csv,1209600.0,7.58e-08,126.53080679232684,302400.0,6216.1501157860475,True,ok
4FGL J0403.9-3605,355,356,58260.00001157408,1.12e-07,3.85e-08,6.43e-08,2.155675595238095e-07,6.32769230769231e-08,8.402468660568555e-09,6.32769230769231e-08,8.402468660568555e-09,8.73e-08,8.73e-08,6.32769230769231e-08,True,True,True,3,True,58246.00001157408,58260.00001157408,1.2364306054071568,2.0,False,False,,,weekly,30.0,both,cache,/home/lkoo/projects/AutomationDetection/DownloadedLC/incremental/quiescent_background_cache.csv,1814400.0,8.786666666666667e-08,220.01003080776619,453600.0,4378.60104279068,True,ok
4FGL J0403.9-3605,356,357,58267.00001157408,5.18e-08,3.29e-08,1.12e-07,2.155675595238095e-07,6.32769230769231e-08,8.402468660568555e-09,6.32769230769231e-08,8.402468660568555e-09,8.73e-08,8.73e-08,6.32769230769231e-08,False,False,False,0,False,,,-0.33799373879628053,2.0,False,False,,,weekly,30.0,both,cache,/home/lkoo/projects/AutomationDetection/DownloadedLC/incremental/quiescent_background_cache.csv,,,,,,False,not_in_flare_streak
4FGL J0403.9-3605,357,358,58274.00001157408,9.48e-08,3.47e-08,5.18e-08,2.155675595238095e-07,6.32769230769231e-08,8.402468660568555e-09,6.32769230769231e-08,8.402468660568555e-09,8.73e-08,8.73e-08,6.32769230769231e-08,True,True,True,1,False,58274.00001157408,,0.882929566747874,2.0,False,False,,,weekly,30.0,both,cache,/home/lkoo/projects/AutomationDetection/DownloadedLC/incremental/quiescent_background_cache.csv,604800.0,9.48e-08,79.12348604163974,151200.0,7029.430217608767,True,ok
4FGL J0403.9-3605,358,359,58281.00001157408,7.97e-08,2.32e-08,9.48e-08,2.155675595238095e-07,6.32769230769231e-08,8.402468660568555e-09,6.32769230769231e-08,8.402468660568555e-09,8.73e-08,8.73e-08,6.32769230769231e-08,False,True,True,2,False,58274.00001157408,,0.6655832909122309,2.0,False,False,,,weekly,30.0,both,cache,/home/lkoo/projects/AutomationDetection/DownloadedLC/incremental/quiescent_background_cache.csv,1209600.0,8.725e-08,145.64396955976935,302400.0,5400.562325373005,True,ok
4FGL J0403.9-3605,359,360,58295.00001157408,6.81e-08,1.74e-08,7.97e-08,2.155675595238095e-07,6.32769230769231e-08,8.402468660568555e-09,6.32769230769231e-08,8.402468660568555e-09,8.73e-08,8.73e-08,6.32769230769231e-08,False,True,True,3,True,58274.00001157408,58295.00001157408,0.24960853656398527,2.0,False,False,,,weekly,30.0,both,cache,/home/lkoo/projects/AutomationDetection/DownloadedLC/incremental/quiescent_background_cache.csv,1814400.0,8.086666666666668e-08,202.48267630487132,453600.0,4757.53069260992,True,ok
4FGL J0403.9-3605,360,361,58302.00001157408,3.38e-08,1.93e-08,6.81e-08,2.155675595238095e-07,6.32769230769231e-08,8.402468660568555e-09,6.32769230769231e-08,8.402468660568555e-09,8.73e-08,8.73e-08,6.32769230769231e-08,False,False,False,0,False,,,-1.4003463013887643,2.0,False,False,,,weekly,30.0,both,cache,/home/lkoo/projects/AutomationDetection/DownloadedLC/incremental/quiescent_background_cache.csv,,,,,,False,not_in_flare_streak
4FGL J0403.9-3605,361,362,58309.00001157408,3.8e-08,1.67e-08,3.38e-08,2.155675595238095e-07,6.32769230769231e-08,8.402468660568555e-09,6.32769230769231e-08,8.402468660568555e-09,8.73e-08,8.73e-08,6.32769230769231e-08,True,False,False,0,False,,,-1.352090964616308,2.0,False,False,,,weekly,30.0,both,cache,/home/lkoo/projects/AutomationDetection/DownloadedLC/incremental/quiescent_background_cache.csv,,,,,,False,not_in_flare_streak
4FGL J0403.9-3605,362,363,58323.00001157408,9.15e-08,4.42e-08,3.8e-08,2.155675595238095e-07,6.32769230769231e-08,8.402468660568555e-09,6.32769230769231e-08,8.402468660568555e-09,8.73e-08,8.73e-08,6.32769230769231e-08,True,True,True,1,False,58323.00001157408,,0.6272969840018046,2.0,False,False,,,weekly,30.0,both,cache,/home/lkoo/projects/AutomationDetection/DownloadedLC/incremental/quiescent_background_cache.csv,604800.0,9.15e-08,76.36918747689911,151200.0,7282.884352016785,True,ok
4FGL J0403.9-3605,363,364,58344.00001157408,7.44e-08,2.06e-08,9.15e-08,2.155675595238095e-07,6.32769230769231e-08,8.402468660568555e-09,6.32769230769231e-08,8.402468660568555e-09,8.73e-08,8.73e-08,6.32769230769231e-08,False,True,True,2,False,58323.00001157408,,0.4999645825324308,2.0,False,False,,,weekly,30.0,both,cache,/home/lkoo/projects/AutomationDetection/DownloadedLC/incremental/quiescent_background_cache.csv,1209600.0,8.295000000000001e-08,138.46610057286955,302400.0,5680.451757412038,True,ok
4FGL J0403.9-3605,364,365,58351.00001157408,4.87e-08,1.97e-08,7.44e-08,2.155675595238095e-07,6.32769230769231e-08,8.402468660568555e-09,6.32769230769231e-08,8.402468660568555e-09,8.73e-08,8.73e-08,6.32769230769231e-08,False,False,False,0,False,,,-0.6806212832539853,2.0,False,False,,,weekly,30.0,both,cache,/home/lkoo/projects/AutomationDetection/DownloadedLC/incremental/quiescent_background_cache.csv,,,,,,False,not_in_flare_streak
4FGL J0403.9-3605,365,366,58365.00001157408,9.44e-08,3.97e-08,4.87e-08,2.155675595238095e-07,6.32769230769231e-08,8.402468660568555e-09,6.32769230769231e-08,8.402468660568555e-09,8.73e-08,8.73e-08,6.32769230769231e-08,True,True,True,1,False,58365.00001157408,,0.7669665211023002,2.0,False,False,,,weekly,30.0,both,cache,/home/lkoo/projects/AutomationDetection/DownloadedLC/incremental/quiescent_background_cache.csv,604800.0,9.44e-08,78.78963167015603,151200.0,7059.208149455968,True,ok
4FGL J0403.9-3605,366,367,58393.00001157408,6.78e-08,3e-08,9.44e-08,2.155675595238095e-07,6.32769230769231e-08,8.402468660568555e-09,6.32769230769231e-08,8.402468660568555e-09,8.73e-08,8.73e-08,6.32769230769231e-08,False,True,True,2,False,58365.00001157408,,0.1451822421596331,2.0,False,False,,,weekly,30.0,both,cache,/home/lkoo/projects/AutomationDetection/DownloadedLC/incremental/quiescent_background_cache.csv,1209600.0,8.11e-08,135.3779476366452,302400.0,5810.00084370022,True,ok
4FGL J0403.9-3605,367,368,58400.00001157408,6.05e-08,1.73e-08,6.78e-08,2.155675595238095e-07,6.32769230769231e-08,8.402468660568555e-09,6.32769230769231e-08,8.402468660568555e-09,8.73e-08,8.73e-08,6.32769230769231e-08,False,False,False,0,False,,,-0.14438653219345668,2.0,False,False,,,weekly,30.0,both,cache,/home/lkoo/projects/AutomationDetection/DownloadedLC/incremental/quiescent_background_cache.csv,,,,,,False,not_in_flare_streak
4FGL J0403.9-3605,368,369,58407.00001157408,9.6e-08,2.32e-08,6.05e-08,2.155675595238095e-07,6.32769230769231e-08,8.402468660568555e-09,6.32769230769231e-08,8.402468660568555e-09,8.73e-08,8.73e-08,6.32769230769231e-08,True,True,True,1,False,58407.00001157408,,1.3261786040002956,2.0,False,False,,,weekly,30.0,both,cache,/home/lkoo/projects/AutomationDetection/DownloadedLC/incremental/quiescent_background_cache.csv,604800.0,9.6e-08,80.12504915609085,151200.0,6941.585318608819,True,ok
4FGL J0403.9-3605,369,370,58414.00001157408,1.14e-07,5.37e-08,9.6e-08,2.155675595238095e-07,6.32769230769231e-08,8.402468660568555e-09,6.32769230769231e-08,8.402468660568555e-09,8.73e-08,8.73e-08,6.32769230769231e-08,True,True,True,2,False,58407.00001157408,,0.9332090021342732,2.0,False,False,,,weekly,30.0,both,cache,/home/lkoo/projects/AutomationDetection/DownloadedLC/incremental/quiescent_background_cache.csv,1209600.0,1.05e-07,175.2735450289488,302400.0,4487.829862697335,True,ok
4FGL J0403.9-3605,370,371,58428.00001157408,5.92e-08,2.36e-08,1.14e-07,2.155675595238095e-07,6.32769230769231e-08,8.402468660568555e-09,6.32769230769231e-08,8.402468660568555e-09,8.73e-08,8.73e-08,6.32769230769231e-08,False,False,False,0,False,,,-0.16274377219064753,2.0,False,False,,,weekly,30.0,both,cache,/home/lkoo/projects/AutomationDetection/DownloadedLC/incremental/quiescent_background_cache.csv,,,,,,False,not_in_flare_streak
4FGL J0403.9-3605,371,372,58435.00001157408,8.96e-08,3.95e-08,5.92e-08,2.155675595238095e-07,6.32769230769231e-08,8.402468660568555e-09,6.32769230769231e-08,8.402468660568555e-09,8.73e-08,8.73e-08,6.32769230769231e-08,True,True,True,1,False,58435.00001157408,,0.6518226490176738,2.0,False,False,,,weekly,30.0,both,cache,/home/lkoo/projects/AutomationDetection/DownloadedLC/incremental/quiescent_background_cache.csv,604800.0,8.96e-08,74.78337921235148,151200.0,7437.28153345246,True,ok
4FGL J0403.9-3605,372,373,58449.00001157408,2.33e-08,1.55e-08,8.96e-08,2.155675595238095e-07,6.32769230769231e-08,8.402468660568555e-09,6.32769230769231e-08,8.402468660568555e-09,8.73e-08,8.73e-08,6.32769230769231e-08,False,False,False,0,False,,,-2.2674248138507984,2.0,False,False,,,weekly,30.0,both,cache,/home/lkoo/projects/AutomationDetection/DownloadedLC/incremental/quiescent_background_cache.csv,,,,,,False,not_in_flare_streak
4FGL J0403.9-3605,373,374,58456.00001157408,5.85e-08,4.05e-08,2.33e-08,2.155675595238095e-07,6.32769230769231e-08,8.402468660568555e-09,6.32769230769231e-08,8.402468660568555e-09,8.73e-08,8.73e-08,6.32769230769231e-08,True,False,False,0,False,,,-0.1154893914743543,2.0,False,False,,,weekly,30.0,both,cache,/home/lkoo/projects/AutomationDetection/DownloadedLC/incremental/quiescent_background_cache.csv,,,,,,False,not_in_flare_streak
4FGL J0403.9-3605,374,375,58463.00001157408,4.68e-08,2.88e-08,5.85e-08,2.155675595238095e-07,6.32769230769231e-08,8.402468660568555e-09,6.32769230769231e-08,8.402468660568555e-09,8.73e-08,8.73e-08,6.32769230769231e-08,False,False,False,0,False,,,-0.5492181130748386,2.0,False,False,,,weekly,30.0,both,cache,/home/lkoo/projects/AutomationDetection/DownloadedLC/incremental/quiescent_background_cache.csv,,,,,,False,not_in_flare_streak
4FGL J0403.9-3605,375,376,58470.00001157408,5.81e-08,3.2e-08,4.68e-08,2.155675595238095e-07,6.32769230769231e-08,8.402468660568555e-09,6.32769230769231e-08,8.402468660568555e-09,8.73e-08,8.73e-08,6.32769230769231e-08,True,False,False,0,False,,,-0.15647454468133137,2.0,False,False,,,weekly,30.0,both,cache,/home/lkoo/projects/AutomationDetection/DownloadedLC/incremental/quiescent_background_cache.csv,,,,,,False,not_in_flare_streak
4FGL J0403.9-3605,376,377,58477.00001157408,1.74e-07,4.87e-08,5.81e-08,2.155675595238095e-07,6.32769230769231e-08,8.402468660568555e-09,6.32769230769231e-08,8.402468660568555e-09,8.73e-08,8.73e-08,6.32769230769231e-08,True,True,True,1,False,58477.00001157408,,2.2404713712714117,2.0,True,True,58477.00001157408,58477.00001157408,weekly,30.0,both,cache,/home/lkoo/projects/AutomationDetection/DownloadedLC/incremental/quiescent_background_cache.csv,604800.0,1.74e-07,145.2266515954147,151200.0,3830.6641502299444,True,ok
4FGL J0403.9-3605,377,378,58484.00001157408,1.44e-07,5.24e-08,1.74e-07,2.155675595238095e-07,6.32769230769231e-08,8.402468660568555e-09,6.32769230769231e-08,8.402468660568555e-09,8.73e-08,8.73e-08,6.32769230769231e-08,False,True,True,2,False,58477.00001157408,,1.5210850914213625,2.0,False,True,58477.00001157408,58484.00001157408,weekly,30.0,both,cache,/home/lkoo/projects/AutomationDetection/DownloadedLC/incremental/quiescent_background_cache.csv,1209600.0,1.5899999999999998e-07,265.41422532955096,302400.0,2964.1026517214523,True,ok
4FGL J0403.9-3605,378,379,58491.00001157408,8.08e-08,4.37e-08,1.44e-07,2.155675595238095e-07,6.32769230769231e-08,8.402468660568555e-09,6.32769230769231e-08,8.402468660568555e-09,8.73e-08,8.73e-08,6.32769230769231e-08,False,True,True,3,True,58477.00001157408,58491.00001157408,0.39377288541871286,2.0,False,True,58477.00001157408,58491.00001157408,weekly,30.0,both,cache,/home/lkoo/projects/AutomationDetection/DownloadedLC/incremental/quiescent_background_cache.csv,1814400.0,1.329333333333333e-07,332.85280836926074,453600.0,2894.5404271061175,True,ok
4FGL J0403.9-3605,379,380,58498.00001157408,1.16e-07,3.18e-08,8.08e-08,2.155675595238095e-07,6.32769230769231e-08,8.402468660568555e-09,6.32769230769231e-08,8.402468660568555e-09,8.73e-08,8.73e-08,6.32769230769231e-08,True,True,True,4,True,58477.00001157408,58498.00001157408,1.602946152028039,2.0,False,True,58477.00001157408,58498.00001157408,weekly,30.0,both,cache,/home/lkoo/projects/AutomationDetection/DownloadedLC/incremental/quiescent_background_cache.csv,2419200.0,1.2869999999999998e-07,429.67057609953724,604800.0,2589.169775088989,True,ok
4FGL J0403.9-3605,380,381,58505.00001157408,1.62e-07,4.05e-08,1.16e-07,2.155675595238095e-07,6.32769230769231e-08,8.402468660568555e-09,6.32769230769231e-08,8.402468660568555e-09,8.73e-08,8.73e-08,6.32769230769231e-08,True,True,True,5,True,58477.00001157408,58505.00001157408,2.386780757136643,2.0,True,True,58477.00001157408,58505.00001157408,weekly,30.0,both,cache,/home/lkoo/projects/AutomationDetection/DownloadedLC/incremental/quiescent_background_cache.csv,3024000.0,1.3536e-07,564.8815965504406,756000.0,2201.92083385875,True,ok
4FGL J0403.9-3605,381,382,58512.00001157408,7.67e-08,2.69e-08,1.62e-07,2.155675595238095e-07,6.32769230769231e-08,8.402468660568555e-09,6.32769230769231e-08,8.402468660568555e-09,8.73e-08,8.73e-08,6.32769230769231e-08,False,True,True,6,True,58477.00001157408,58512.00001157408,0.47630374798050706,2.0,False,True,58477.00001157408,58512.00001157408,weekly,30.0,both,cache,/home/lkoo/projects/AutomationDetection/DownloadedLC/incremental/quiescent_background_cache.csv,3628800.0,1.2558333333333334e-07,628.8981722824424,907200.0,2166.4950768235135,True,ok
4FGL J0403.9-3605,382,383,58519.00001157408,1.36e-07,3.6e-08,7.67e-08,2.155675595238095e-07,6.32769230769231e-08,8.402468660568555e-09,6.32769230769231e-08,8.402468660568555e-09,8.73e-08,8.73e-08,6.32769230769231e-08,True,True,True,7,True,58477.00001157408,58519.00001157408,1.9672126225088973,2.0,False,True,58477.00001157408,58519.00001157408,weekly,30.0,both,cache,/home/lkoo/projects/AutomationDetection/DownloadedLC/incremental/quiescent_background_cache.csv,4233600.0,1.2707142857142855e-07,742.4086585869043,1058400.0,1982.3036836814886,True,ok
4FGL J0403.9-3605,383,384,58526.00001157408,8.75e-08,3.64e-08,1.36e-07,2.155675595238095e-07,6.32769230769231e-08,8.402468660568555e-09,6.32769230769231e-08,8.402468660568555e-09,8.73e-08,8.73e-08,6.32769230769231e-08,False,True,True,8,True,58477.00001157408,58526.00001157408,0.6484176405859503,2.0,False,True,58477.00001157408,58526.00001157408,weekly,30.0,both,cache,/home/lkoo/projects/AutomationDetection/DownloadedLC/incremental/quiescent_background_cache.csv,4838400.0,1.22125e-07,815.4393023489664,1209600.0,1929.3526910465764,True,ok
4FGL J0403.9-3605,384,385,58533.00001157408,1.12e-07,5.79e-08,8.75e-08,2.155675595238095e-07,6.32769230769231e-08,8.402468660568555e-09,6.32769230769231e-08,8.402468660568555e-09,8.73e-08,8.73e-08,6.32769230769231e-08,True,True,True,9,True,58477.00001157408,58533.00001157408,0.8327804645983602,2.0,False,True,58477.00001157408,58533.00001157408,weekly,30.0,both,cache,/home/lkoo/projects/AutomationDetection/DownloadedLC/incremental/quiescent_background_cache.csv,5443200.0,1.2099999999999998e-07,908.9185263644056,1360800.0,1835.917758584286,True,ok
4FGL J0403.9-3605,385,386,58540.00001157408,7.51e-08,5.15e-08,1.12e-07,2.155675595238095e-07,6.32769230769231e-08,8.402468660568555e-09,6.32769230769231e-08,8.402468660568555e-09,8.73e-08,8.73e-08,6.32769230769231e-08,False,True,True,10,True,58477.00001157408,58540.00001157408,0.22657841722946115,2.0,False,True,58477.00001157408,58540.00001157408,weekly,30.0,both,cache,/home/lkoo/projects/AutomationDetection/DownloadedLC/incremental/quiescent_background_cache.csv,6048000.0,1.1640999999999998e-07,971.5996846104724,1512000.0,1810.3563106523968,True,ok
4FGL J0403.9-3605,386,387,58547.00001157408,2.26e-07,4.66e-08,7.51e-08,2.155675595238095e-07,6.32769230769231e-08,8.402468660568555e-09,6.32769230769231e-08,8.402468660568555e-09,8.73e-08,8.73e-08,6.32769230769231e-08,True,True,True,11,True,58477.00001157408,58547.00001157408,3.4364949034538212,2.0,True,True,58477.00001157408,58547.00001157408,weekly,30.0,both,cache,/home/lkoo/projects/AutomationDetection/DownloadedLC/incremental/quiescent_background_cache.csv,6652800.0,1.2637272727272725e-07,1160.2274044987698,1663200.0,1590.0712410148947,True,ok
4FGL J0403.9-3605,387,388,58554.00001157408,1.11e-07,3.07e-08,2.26e-07,2.155675595238095e-07,6.32769230769231e-08,8.402468660568555e-09,6.32769230769231e-08,8.402468660568555e-09,8.73e-08,8.73e-08,6.32769230769231e-08,False,True,True,12,True,58477.00001157408,58554.00001157408,1.4993537335165201,2.0,False,True,58477.00001157408,58554.00001157408,weekly,30.0,both,cache,/home/lkoo/projects/AutomationDetection/DownloadedLC/incremental/quiescent_background_cache.csv,7257600.0,1.2509166666666665e-07,1252.8719925854998,1814400.0,1537.9625029419258,True,ok
4FGL J0403.9-3605,388,389,58561.00001157408,1.09e-07,2.94e-08,1.11e-07,2.155675595238095e-07,6.32769230769231e-08,8.402468660568555e-09,6.32769230769231e-08,8.402468660568555e-09,8.73e-08,8.73e-08,6.32769230769231e-08,False,True,True,13,True,58477.00001157408,58561.00001157408,1.4953353123198587,2.0,False,True,58477.00001157408,58561.00001157408,weekly,30.0,both,cache,/home/lkoo/projects/AutomationDetection/DownloadedLC/incremental/quiescent_background_cache.csv,7862400.0,1.2385384615384613e-07,1343.8473088148112,1965600.0,1492.389182503004,True,ok
4FGL J0403.9-3605,389,390,58568.00001157408,3.78e-08,2.43e-08,1.09e-07,2.155675595238095e-07,6.32769230769231e-08,8.402468660568555e-09,6.32769230769231e-08,8.402468660568555e-09,8.73e-08,8.73e-08,6.32769230769231e-08,False,False,False,0,False,,,-0.9908688960906973,2.0,False,False,,,weekly,30.0,both,cache,/home/lkoo/projects/AutomationDetection/DownloadedLC/incremental/quiescent_background_cache.csv,,,,,,False,not_in_flare_streak
4FGL J0403.9-3605,390,391,58575.00001157408,9e-08,3.77e-08,3.78e-08,2.155675595238095e-07,6.32769230769231e-08,8.402468660568555e-09,6.32769230769231e-08,8.402468660568555e-09,8.73e-08,8.73e-08,6.32769230769231e-08,True,True,True,1,False,58575.00001157408,,0.6918593985569085,2.0,False,False,,,weekly,30.0,both,cache,/home/lkoo/projects/AutomationDetection/DownloadedLC/incremental/quiescent_background_cache.csv,604800.0,9e-08,75.11723358383519,151200.0,7404.2351191971675,True,ok
4FGL J0403.9-3605,391,392,58582.00001157408,1.88e-07,5.22e-08,9e-08,2.155675595238095e-07,6.32769230769231e-08,8.402468660568555e-09,6.32769230769231e-08,8.402468660568555e-09,8.73e-08,8.73e-08,6.32769230769231e-08,True,True,True,2,False,58575.00001157408,,2.358965633011214,2.0,True,True,58582.00001157408,58582.00001157408,weekly,30.0,both,cache,/home/lkoo/projects/AutomationDetection/DownloadedLC/incremental/quiescent_background_cache.csv,1209600.0,1.39e-07,232.02878818117978,302400.0,3390.4052375013157,True,ok
4FGL J0403.9-3605,392,393,58589.00001157408,1.43e-07,3.42e-08,1.88e-07,2.155675595238095e-07,6.32769230769231e-08,8.402468660568555e-09,6.32769230769231e-08,8.402468660568555e-09,8.73e-08,8.73e-08,6.32769230769231e-08,False,True,True,3,True,58575.00001157408,58589.00001157408,2.263762836377394,2.0,True,True,58582.00001157408,58589.00001157408,weekly,30.0,both,cache,/home/lkoo/projects/AutomationDetection/DownloadedLC/incremental/quiescent_background_cache.csv,1814400.0,1.4033333333333333e-07,351.38172598660685,453600.0,2741.962663739487,True,ok
4FGL J0403.9-3605,393,394,58596.00001157408,2.39e-07,3.81e-08,1.43e-07,2.155675595238095e-07,6.32769230769231e-08,8.402468660568555e-09,6.32769230769231e-08,8.402468660568555e-09,8.73e-08,8.73e-08,6.32769230769231e-08,True,True,True,4,True,58575.00001157408,58596.00001157408,4.503926584792354,2.0,True,True,58582.00001157408,58596.00001157408,weekly,30.0,both,cache,/home/lkoo/projects/AutomationDetection/DownloadedLC/incremental/quiescent_background_cache.csv,2419200.0,1.65e-07,550.8597129481248,604800.0,2019.7546086132625,True,ok
4FGL J0403.9-3605,394,395,58603.00001157408,3.04e-07,4.21e-08,2.39e-07,2.155675595238095e-07,6.32769230769231e-08,8.402468660568555e-09,6.32769230769231e-08,8.402468660568555e-09,8.73e-08,8.73e-08,6.32769230769231e-08,True,True,True,5,True,58575.00001157408,58603.00001157408,5.6072988838479105,2.0,True,True,58582.00001157408,58603.00001157408,weekly,30.0,both,cache,/home/lkoo/projects/AutomationDetection/DownloadedLC/incremental/quiescent_background_cache.csv,3024000.0,1.928e-07,804.5890352757459,756000.0,1546.1577656758818,True,ok
4FGL J0403.9-3605,395,396,58610.00001157408,1.29e-07,2.69e-08,3.04e-07,2.155675595238095e-07,6.32769230769231e-08,8.402468660568555e-09,6.32769230769231e-08,8.402468660568555e-09,8.73e-08,8.73e-08,6.32769230769231e-08,False,True,True,6,True,58575.00001157408,58610.00001157408,2.3321141677624397,2.0,True,True,58582.00001157408,58610.00001157408,weekly,30.0,both,cache,/home/lkoo/projects/AutomationDetection/DownloadedLC/incremental/quiescent_background_cache.csv,3628800.0,1.8216666666666665e-07,912.257070079243,907200.0,1493.7866311879363,True,ok
4FGL J0403.9-3605,396,397,58617.00001157408,2.14e-07,3.94e-08,1.29e-07,2.155675595238095e-07,6.32769230769231e-08,8.402468660568555e-09,6.32769230769231e-08,8.402468660568555e-09,8.73e-08,8.73e-08,6.32769230769231e-08,True,True,True,7,True,58575.00001157408,58617.00001157408,3.7413268037372065,2.0,True,True,58582.00001157408,58617.00001157408,weekly,30.0,both,cache,/home/lkoo/projects/AutomationDetection/DownloadedLC/incremental/quiescent_background_cache.csv,4233600.0,1.867142857142857e-07,1090.8691588230288,1058400.0,1349.310758310235,True,ok
4FGL J0403.9-3605,397,398,58624.00001157408,2.13e-07,4.03e-08,2.14e-07,2.155675595238095e-07,6.32769230769231e-08,8.402468660568555e-09,6.32769230769231e-08,8.402468660568555e-09,8.73e-08,8.73e-08,6.32769230769231e-08,False,True,True,8,True,58575.00001157408,58624.00001157408,3.637001001445346,2.0,True,True,58582.00001157408,58624.00001157408,weekly,30.0,both,cache,/home/lkoo/projects/AutomationDetection/DownloadedLC/incremental/quiescent_background_cache.csv,4838400.0,1.9e-07,1268.6466116381055,1209600.0,1240.348970757362,True,ok
4FGL J0403.9-3605,398,399,58631.00001157408,1.87e-07,4.06e-08,2.13e-07,2.155675595238095e-07,6.32769230769231e-08,8.402468660568555e-09,6.32769230769231e-08,8.402468660568555e-09,8.73e-08,8.73e-08,6.32769230769231e-08,False,True,True,9,True,58575.00001157408,58631.00001157408,2.9841293202949246,2.0,True,True,58582.00001157408,58631.00001157408,weekly,30.0,both,cache,/home/lkoo/projects/AutomationDetection/DownloadedLC/incremental/quiescent_background_cache.csv,5443200.0,1.8966666666666668e-07,1424.723530306741,1360800.0,1171.4663537284898,True,ok
4FGL J0403.9-3605,399,400,58638.00001157408,1.32e-07,4.33e-08,1.87e-07,2.155675595238095e-07,6.32769230769231e-08,8.402468660568555e-09,6.32769230769231e-08,8.402468660568555e-09,8.73e-08,8.73e-08,6.32769230769231e-08,False,True,True,10,True,58575.00001157408,58638.00001157408,1.5580734576516115,2.0,False,True,58582.00001157408,58638.00001157408,weekly,30.0,both,cache,/home/lkoo/projects/AutomationDetection/DownloadedLC/incremental/quiescent_background_cache.csv,6048000.0,1.839e-07,1534.8954728963656,1512000.0,1146.1816505478034,True,ok
4FGL J0403.9-3605,400,401,58645.00001157408,1.18e-07,3.41e-08,1.32e-07,2.155675595238095e-07,6.32769230769231e-08,8.402468660568555e-09,6.32769230769231e-08,8.402468660568555e-09,8.73e-08,8.73e-08,6.32769230769231e-08,False,True,True,11,True,58575.00001157408,58645.00001157408,1.5581760167505638,2.0,False,True,58582.00001157408,58645.00001157408,weekly,30.0,both,cache,/home/lkoo/projects/AutomationDetection/DownloadedLC/incremental/quiescent_background_cache.csv,6652800.0,1.779090909090909e-07,1633.382512484061,1663200.0,1129.6229929784079,True,ok
4FGL J0403.9-3605,401,402,58652.00001157408,1.92e-07,3.72e-08,1.18e-07,2.155675595238095e-07,6.32769230769231e-08,8.402468660568555e-09,6.32769230769231e-08,8.402468660568555e-09,8.73e-08,8.73e-08,6.32769230769231e-08,True,True,True,12,True,58575.00001157408,58652.00001157408,3.375268189948957,2.0,True,True,58582.00001157408,58652.00001157408,weekly,30.0,both,cache,/home/lkoo/projects/AutomationDetection/DownloadedLC/incremental/quiescent_background_cache.csv,7257600.0,1.7908333333333333e-07,1793.6326107962425,1814400.0,1074.4435928487962,True,ok
4FGL J0403.9-3605,402,403,58659.00001157408,1.85e-07,3.67e-08,1.92e-07,2.155675595238095e-07,6.32769230769231e-08,8.402468660568555e-09,6.32769230769231e-08,8.402468660568555e-09,8.73e-08,8.73e-08,6.32769230769231e-08,False,True,True,13,True,58575.00001157408,58659.00001157408,3.233052026846086,2.0,True,True,58582.00001157408,58659.00001157408,weekly,30.0,both,cache,/home/lkoo/projects/AutomationDetection/DownloadedLC/incremental/quiescent_background_cache.csv,7862400.0,1.7953846153846155e-07,1948.0402576074591,1965600.0,1029.676455580351,True,ok
4FGL J0403.9-3605,403,404,58666.00001157408,2.23e-07,3.61e-08,1.85e-07,2.155675595238095e-07,6.32769230769231e-08,8.402468660568555e-09,6.32769230769231e-08,8.402468660568555e-09,8.73e-08,8.73e-08,6.32769230769231e-08,True,True,True,14,True,58575.00001157408,58666.00001157408,4.309273884185215,2.0,True,True,58582.00001157408,58666.00001157408,weekly,30.0,both,cache,/home/lkoo/projects/AutomationDetection/DownloadedLC/incremental/quiescent_background_cache.csv,8467200.0,1.8264285714285712e-07,2134.164069709628,2116800.0,975.3645459620388,True,ok
4FGL J0403.9-3605,404,405,58673.00001157408,8.17e-08,2.32e-08,2.23e-07,2.155675595238095e-07,6.32769230769231e-08,8.402468660568555e-09,6.32769230769231e-08,8.402468660568555e-09,8.73e-08,8.73e-08,6.32769230769231e-08,False,True,True,15,True,58575.00001157408,58673.00001157408,0.7466379305549379,2.0,False,True,58582.00001157408,58673.00001157408,weekly,30.0,both,cache,/home/lkoo/projects/AutomationDetection/DownloadedLC/incremental/quiescent_background_cache.csv,9072000.0,1.759133333333333e-07,2202.3538250851766,2268000.0,978.3206697185669,True,ok
4FGL J0403.9-3605,405,406,58680.00001157408,1.17e-07,3.26e-08,8.17e-08,2.155675595238095e-07,6.32769230769231e-08,8.402468660568555e-09,6.32769230769231e-08,8.402468660568555e-09,8.73e-08,8.73e-08,6.32769230769231e-08,True,True,True,16,True,58575.00001157408,58680.00001157408,1.5957933629075711,2.0,False,True,58582.00001157408,58680.00001157408,weekly,30.0,both,cache,/home/lkoo/projects/AutomationDetection/DownloadedLC/incremental/quiescent_background_cache.csv,9676800.0,1.7223124999999998e-07,2300.0062287441624,2419200.0,967.496188043626,True,ok
4FGL J0403.9-3605,406,407,58687.00001157408,7.11e-08,4.19e-08,1.17e-07,2.155675595238095e-07,6.32769230769231e-08,8.402468660568555e-09,6.32769230769231e-08,8.402468660568555e-09,8.73e-08,8.73e-08,6.32769230769231e-08,False,True,True,17,True,58575.00001157408,58687.00001157408,0.1830636285616244,2.0,False,True,58582.00001157408,58687.00001157408,weekly,30.0,both,cache,/home/lkoo/projects/AutomationDetection/DownloadedLC/incremental/quiescent_background_cache.csv,10281600.0,1.6628235294117646e-07,2359.348843275392,2570400.0,972.172789769915,True,ok
4FGL J0403.9-3605,407,408,58694.00001157408,5.47e-08,3.02e-08,7.11e-08,2.155675595238095e-07,6.32769230769231e-08,8.402468660568555e-09,6.32769230769231e-08,8.402468660568555e-09,8.73e-08,8.73e-08,6.32769230769231e-08,False,False,False,0,False,,,-0.273611261660258,2.0,False,False,,,weekly,30.0,both,cache,/home/lkoo/projects/AutomationDetection/DownloadedLC/incremental/quiescent_background_cache.csv,,,,,,False,not_in_flare_streak
4FGL J0403.9-3605,408,409,58701.00001157408,7.57e-08,3.22e-08,5.47e-08,2.155675595238095e-07,6.32769230769231e-08,8.402468660568555e-09,6.32769230769231e-08,8.402468660568555e-09,8.73e-08,8.73e-08,6.32769230769231e-08,True,True,True,1,False,58701.00001157408,,0.373309275892309,2.0,False,False,,,weekly,30.0,both,cache,/home/lkoo/projects/AutomationDetection/DownloadedLC/incremental/quiescent_background_cache.csv,604800.0,7.57e-08,63.18193980329249,151200.0,8802.574268979462,True,ok
4FGL J0403.9-3605,409,410,58708.00001157408,1.3e-07,3.34e-08,7.57e-08,2.155675595238095e-07,6.32769230769231e-08,8.402468660568555e-09,6.32769230769231e-08,8.402468660568555e-09,8.73e-08,8.73e-08,6.32769230769231e-08,True,True,True,2,False,58701.00001157408,,1.9373324699715506,2.0,False,False,,,weekly,30.0,both,cache,/home/lkoo/projects/AutomationDetection/DownloadedLC/incremental/quiescent_background_cache.csv,1209600.0,1.0285e-07,171.68461053549885,302400.0,4581.61731572795,True,ok
4FGL J0403.9-3605,410,411,58715.00001157408,9.01e-08,2.87e-08,1.3e-07,2.155675595238095e-07,6.32769230769231e-08,8.402468660568555e-09,6.32769230769231e-08,8.402468660568555e-09,8.73e-08,8.73e-08,6.32769230769231e-08,False,True,True,3,True,58701.00001157408,58715.00001157408,0.8969516819031206,2.0,False,False,,,weekly,30.0,both,cache,/home/lkoo/projects/AutomationDetection/DownloadedLC/incremental/quiescent_background_cache.csv,1814400.0,9.86e-08,246.88530771220496,453600.0,3902.0737332119893,True,ok
4FGL J0403.9-3605,411,412,58729.00001157408,9.42e-08,3.7e-08,9.01e-08,2.155675595238095e-07,6.32769230769231e-08,8.402468660568555e-09,6.32769230769231e-08,8.402468660568555e-09,8.73e-08,8.73e-08,6.32769230769231e-08,True,True,True,4,True,58701.00001157408,58729.00001157408,0.8150074123826445,2.0,False,False,,,weekly,30.0,both,cache,/home/lkoo/projects/AutomationDetection/DownloadedLC/incremental/quiescent_background_cache.csv,2419200.0,9.749999999999999e-08,325.5080121966192,604800.0,3417.409989859469,True,ok
4FGL J0403.9-3605,412,413,58736.00001157408,1.26e-07,6.8e-08,9.42e-08,2.155675595238095e-07,6.32769230769231e-08,8.402468660568555e-09,6.32769230769231e-08,8.402468660568555e-09,8.73e-08,8.73e-08,6.32769230769231e-08,True,True,True,5,True,58701.00001157408,58736.00001157408,0.9154360039432925,2.0,False,False,,,weekly,30.0,both,cache,/home/lkoo/projects/AutomationDetection/DownloadedLC/incremental/quiescent_background_cache.csv,3024000.0,1.032e-07,430.6721392139884,756000.0,2887.8446385737507,True,ok
4FGL J0403.9-3605,413,414,58750.00001157408,5.87e-08,2.58e-08,1.26e-07,2.155675595238095e-07,6.32769230769231e-08,8.402468660568555e-09,6.32769230769231e-08,8.402468660568555e-09,8.73e-08,8.73e-08,6.32769230769231e-08,False,False,False,0,False,,,-0.16867995346114437,2.0,False,False,,,weekly,30.0,both,cache,/home/lkoo/projects/AutomationDetection/DownloadedLC/incremental/quiescent_background_cache.csv,,,,,,False,not_in_flare_streak
4FGL J0403.9-3605,414,415,58757.00001157408,3.19e-08,2.75e-08,5.87e-08,2.155675595238095e-07,6.32769230769231e-08,8.402468660568555e-09,6.32769230769231e-08,8.402468660568555e-09,8.73e-08,8.73e-08,6.32769230769231e-08,False,False,False,0,False,,,-1.0911805069681697,2.0,False,False,,,weekly,30.0,both,cache,/home/lkoo/projects/AutomationDetection/DownloadedLC/incremental/quiescent_background_cache.csv,,,,,,False,not_in_flare_streak
4FGL J0403.9-3605,415,416,58764.00001157408,1.28e-08,1.15e-08,3.19e-08,2.155675595238095e-07,6.32769230769231e-08,8.402468660568555e-09,6.32769230769231e-08,8.402468660568555e-09,8.73e-08,8.73e-08,6.32769230769231e-08,False,False,False,0,False,,,-3.544082180996821,2.0,False,False,,,weekly,30.0,both,cache,/home/lkoo/projects/AutomationDetection/DownloadedLC/incremental/quiescent_background_cache.csv,,,,,,False,not_in_flare_streak
4FGL J0403.9-3605,416,417,58771.00001157408,6.06e-08,2.8e-08,1.28e-08,2.155675595238095e-07,6.32769230769231e-08,8.402468660568555e-09,6.32769230769231e-08,8.402468660568555e-09,8.73e-08,8.73e-08,6.32769230769231e-08,True,False,False,0,False,,,-0.09157018075146615,2.0,False,False,,,weekly,30.0,both,cache,/home/lkoo/projects/AutomationDetection/DownloadedLC/incremental/quiescent_background_cache.csv,,,,,,False,not_in_flare_streak
4FGL J0403.9-3605,417,418,58806.00001157408,1.74e-08,1.5e-08,6.06e-08,2.155675595238095e-07,6.32769230769231e-08,8.402468660568555e-09,6.32769230769231e-08,8.402468660568555e-09,8.73e-08,8.73e-08,6.32769230769231e-08,False,False,False,0,False,,,-2.66833885792354,2.0,False,False,,,weekly,30.0,both,cache,/home/lkoo/projects/AutomationDetection/DownloadedLC/incremental/quiescent_background_cache.csv,,,,,,False,not_in_flare_streak
4FGL J0403.9-3605,418,419,58827.00001157408,5.1e-08,2.29e-08,1.74e-08,2.155675595238095e-07,6.32769230769231e-08,8.402468660568555e-09,6.32769230769231e-08,8.402468660568555e-09,8.73e-08,8.73e-08,6.32769230769231e-08,True,False,False,0,False,,,-0.503299921162294,2.0,False,False,,,weekly,30.0,both,cache,/home/lkoo/projects/AutomationDetection/DownloadedLC/incremental/quiescent_background_cache.csv,,,,,,False,not_in_flare_streak
4FGL J0403.9-3605,419,420,58834.00001157408,7.24e-08,2.64e-08,5.1e-08,2.155675595238095e-07,6.32769230769231e-08,8.402468660568555e-09,6.32769230769231e-08,8.402468660568555e-09,8.73e-08,8.73e-08,6.32769230769231e-08,True,True,True,1,False,58834.00001157408,,0.32929470777131786,2.0,False,False,,,weekly,30.0,both,cache,/home/lkoo/projects/AutomationDetection/DownloadedLC/incremental/quiescent_background_cache.csv,604800.0,7.24e-08,60.427641238551864,151200.0,9203.712782076065,True,ok
4FGL J0403.9-3605,420,421,58841.00001157408,5.94e-08,3.59e-08,7.24e-08,2.155675595238095e-07,6.32769230769231e-08,8.402468660568555e-09,6.32769230769231e-08,8.402468660568555e-09,8.73e-08,8.73e-08,6.32769230769231e-08,False,False,False,0,False,,,-0.10515059091414837,2.0,False,False,,,weekly,30.0,both,cache,/home/lkoo/projects/AutomationDetection/DownloadedLC/incremental/quiescent_background_cache.csv,,,,,,False,not_in_flare_streak
4FGL J0403.9-3605,421,422,58848.00001157408,1.06e-07,4.43e-08,5.94e-08,2.155675595238095e-07,6.32769230769231e-08,8.402468660568555e-09,6.32769230769231e-08,8.402468660568555e-09,8.73e-08,8.73e-08,6.32769230769231e-08,True,True,True,1,False,58848.00001157408,,0.9475105689086708,2.0,False,False,,,weekly,30.0,both,cache,/home/lkoo/projects/AutomationDetection/DownloadedLC/incremental/quiescent_background_cache.csv,604800.0,1.06e-07,88.47140844318368,151200.0,6286.89220074151,True,ok
4FGL J0403.9-3605,422,423,58855.00001157408,8.36e-08,4.93e-08,1.06e-07,2.155675595238095e-07,6.32769230769231e-08,8.402468660568555e-09,6.32769230769231e-08,8.402468660568555e-09,8.73e-08,8.73e-08,6.32769230769231e-08,False,True,True,2,False,58848.00001157408,,0.40637283860988527,2.0,False,False,,,weekly,30.0,both,cache,/home/lkoo/projects/AutomationDetection/DownloadedLC/incremental/quiescent_background_cache.csv,1209600.0,9.48e-08,158.24697208327947,302400.0,4970.557774748787,True,ok
4FGL J0403.9-3605,423,424,58869.00001157408,7.34e-08,3.19e-08,8.36e-08,2.155675595238095e-07,6.32769230769231e-08,8.402468660568555e-09,6.32769230769231e-08,8.402468660568555e-09,8.73e-08,8.73e-08,6.32769230769231e-08,False,True,True,3,True,58848.00001157408,58869.00001157408,0.30687102608249545,2.0,False,False,,,weekly,30.0,both,cache,/home/lkoo/projects/AutomationDetection/DownloadedLC/incremental/quiescent_background_cache.csv,1814400.0,8.766666666666667e-08,219.50924925054062,453600.0,4388.587825327911,True,ok
4FGL J0403.9-3605,424,425,58876.00001157408,4.66e-08,2.74e-08,7.34e-08,2.155675595238095e-07,6.32769230769231e-08,8.402468660568555e-09,6.32769230769231e-08,8.402468660568555e-09,8.73e-08,8.73e-08,6.32769230769231e-08,False,False,False,0,False,,,-0.581900539556911,2.0,False,False,,,weekly,30.0,both,cache,/home/lkoo/projects/AutomationDetection/DownloadedLC/incremental/quiescent_background_cache.csv,,,,,,False,not_in_flare_streak
4FGL J0403.9-3605,425,426,58883.00001157408,7.81e-08,2.38e-08,4.66e-08,2.155675595238095e-07,6.32769230769231e-08,8.402468660568555e-09,6.32769230769231e-08,8.402468660568555e-09,8.73e-08,8.73e-08,6.32769230769231e-08,True,True,True,1,False,58883.00001157408,,0.5872925701951891,2.0,False,False,,,weekly,30.0,both,cache,/home/lkoo/projects/AutomationDetection/DownloadedLC/incremental/quiescent_background_cache.csv,604800.0,7.81e-08,65.18506603219477,151200.0,8532.12912037375,True,ok
4FGL J0403.9-3605,426,427,58890.00001157408,9.22e-08,3.28e-08,7.81e-08,2.155675595238095e-07,6.32769230769231e-08,8.402468660568555e-09,6.32769230769231e-08,8.402468660568555e-09,8.73e-08,8.73e-08,6.32769230769231e-08,True,True,True,2,False,58883.00001157408,,0.8542176627620317,2.0,False,False,,,weekly,30.0,both,cache,/home/lkoo/projects/AutomationDetection/DownloadedLC/incremental/quiescent_background_cache.csv,1209600.0,8.515e-08,142.1384986591904,302400.0,5533.720881818294,True,ok
4FGL J0403.9-3605,427,428,58897.00001157408,1.36e-07,6.26e-08,9.22e-08,2.155675595238095e-07,6.32769230769231e-08,8.402468660568555e-09,6.32769230769231e-08,8.402468660568555e-09,8.73e-08,8.73e-08,6.32769230769231e-08,True,True,True,3,True,58883.00001157408,58897.00001157408,1.1513849561222422,2.0,False,False,,,weekly,30.0,both,cache,/home/lkoo/projects/AutomationDetection/DownloadedLC/incremental/quiescent_background_cache.csv,1814400.0,1.0210000000000001e-07,255.64898496365248,453600.0,3768.346569438338,True,ok
4FGL J0403.9-3605,428,429,58904.00001157408,9.5e-08,5.5e-08,1.36e-07,2.155675595238095e-07,6.32769230769231e-08,8.402468660568555e-09,6.32769230769231e-08,8.402468660568555e-09,8.73e-08,8.73e-08,6.32769230769231e-08,False,True,True,4,True,58883.00001157408,58904.00001157408,0.5701679240182385,2.0,False,False,,,weekly,30.0,both,cache,/home/lkoo/projects/AutomationDetection/DownloadedLC/incremental/quiescent_background_cache.csv,2419200.0,1.0032500000000001e-07,334.939398191034,604800.0,3321.206783767923,True,ok
4FGL J0403.9-3605,429,430,58911.00001157408,6.6e-08,3.24e-08,9.5e-08,2.155675595238095e-07,6.32769230769231e-08,8.402468660568555e-09,6.32769230769231e-08,8.402468660568555e-09,8.73e-08,8.73e-08,6.32769230769231e-08,False,True,True,5,True,58883.00001157408,58911.00001157408,0.08135435861133487,2.0,False,False,,,weekly,30.0,both,cache,/home/lkoo/projects/AutomationDetection/DownloadedLC/incremental/quiescent_background_cache.csv,3024000.0,9.346e-08,390.0253694858465,756000.0,3188.717733765446,True,ok
4FGL J0403.9-3605,430,431,58918.00001157408,6.94e-08,2.97e-08,6.6e-08,2.155675595238095e-07,6.32769230769231e-08,8.402468660568555e-09,6.32769230769231e-08,8.402468660568555e-09,8.73e-08,8.73e-08,6.32769230769231e-08,True,True,True,6,True,58883.00001157408,58918.00001157408,0.1983780307774076,2.0,False,False,,,weekly,30.0,both,cache,/home/lkoo/projects/AutomationDetection/DownloadedLC/incremental/quiescent_background_cache.csv,3628800.0,8.945e-08,447.9491029382705,907200.0,3041.347757327478,True,ok
4FGL J0403.9-3605,431,432,58925.00001157408,6.18e-08,2.46e-08,6.94e-08,2.155675595238095e-07,6.32769230769231e-08,8.402468660568555e-09,6.32769230769231e-08,8.402468660568555e-09,8.73e-08,8.73e-08,6.32769230769231e-08,False,False,False,0,False,,,-0.05681475789558739,2.0,False,False,,,weekly,30.0,both,cache,/home/lkoo/projects/AutomationDetection/DownloadedLC/incremental/quiescent_background_cache.csv,,,,,,False,not_in_flare_streak
4FGL J0403.9-3605,432,433,58932.00001157408,1.95e-08,1.62e-08,6.18e-08,2.155675595238095e-07,6.32769230769231e-08,8.402468660568555e-09,6.32769230769231e-08,8.402468660568555e-09,8.73e-08,8.73e-08,6.32769230769231e-08,False,False,False,0,False,,,-2.398811209748996,2.0,False,False,,,weekly,30.0,both,cache,/home/lkoo/projects/AutomationDetection/DownloadedLC/incremental/quiescent_background_cache.csv,,,,,,False,not_in_flare_streak
4FGL J0403.9-3605,433,434,58939.00001157408,9.35e-08,3.58e-08,1.95e-08,2.155675595238095e-07,6.32769230769231e-08,8.402468660568555e-09,6.32769230769231e-08,8.402468660568555e-09,8.73e-08,8.73e-08,6.32769230769231e-08,True,True,True,1,False,58939.00001157408,,0.8218859374283053,2.0,False,False,,,weekly,30.0,both,cache,/home/lkoo/projects/AutomationDetection/DownloadedLC/incremental/quiescent_background_cache.csv,604800.0,9.35e-08,78.03845933431768,151200.0,7127.140051702395,True,ok
4FGL J0403.9-3605,434,435,58946.00001157408,1.07e-07,4.68e-08,9.35e-08,2.155675595238095e-07,6.32769230769231e-08,8.402468660568555e-09,6.32769230769231e-08,8.402468660568555e-09,8.73e-08,8.73e-08,6.32769230769231e-08,True,True,True,2,False,58939.00001157408,,0.919550660479936,2.0,False,False,,,weekly,30.0,both,cache,/home/lkoo/projects/AutomationDetection/DownloadedLC/incremental/quiescent_background_cache.csv,1209600.0,1.0025e-07,167.3445037062106,302400.0,4700.408591630075,True,ok
4FGL J0403.9-3605,435,436,58953.00001157408,6.61e-08,3.94e-08,1.07e-07,2.155675595238095e-07,6.32769230769231e-08,8.402468660568555e-09,6.32769230769231e-08,8.402468660568555e-09,8.73e-08,8.73e-08,6.32769230769231e-08,False,True,True,3,True,58939.00001157408,58953.00001157408,0.07007588736202634,2.0,False,False,,,weekly,30.0,both,cache,/home/lkoo/projects/AutomationDetection/DownloadedLC/incremental/quiescent_background_cache.csv,1814400.0,8.886666666666667e-08,222.51393859389404,453600.0,4329.341406475118,True,ok
4FGL J0403.9-3605,436,437,58960.00001157408,3.67e-08,3.16e-08,6.61e-08,2.155675595238095e-07,6.32769230769231e-08,8.402468660568555e-09,6.32769230769231e-08,8.402468660568555e-09,8.73e-08,8.73e-08,6.32769230769231e-08,False,False,False,0,False,,,-0.8127987887298583,2.0,False,False,,,weekly,30.0,both,cache,/home/lkoo/projects/AutomationDetection/DownloadedLC/incremental/quiescent_background_cache.csv,,,,,,False,not_in_flare_streak
4FGL J0403.9-3605,437,438,58967.00001157408,4.57e-08,2.57e-08,3.67e-08,2.155675595238095e-07,6.32769230769231e-08,8.402468660568555e-09,6.32769230769231e-08,8.402468660568555e-09,8.73e-08,8.73e-08,6.32769230769231e-08,True,False,False,0,False,,,-0.6500653097330229,2.0,False,False,,,weekly,30.0,both,cache,/home/lkoo/projects/AutomationDetection/DownloadedLC/incremental/quiescent_background_cache.csv,,,,,,False,not_in_flare_streak
4FGL J0403.9-3605,438,439,58974.00001157408,1.26e-07,3.29e-08,4.57e-08,2.155675595238095e-07,6.32769230769231e-08,8.402468660568555e-09,6.32769230769231e-08,8.402468660568555e-09,8.73e-08,8.73e-08,6.32769230769231e-08,True,True,True,1,False,58974.00001157408,,1.8471856207405255,2.0,False,False,,,weekly,30.0,both,cache,/home/lkoo/projects/AutomationDetection/DownloadedLC/incremental/quiescent_background_cache.csv,604800.0,1.26e-07,105.16412701736927,151200.0,5289.264580490096,True,ok
4FGL J0403.9-3605,439,440,58981.00001157408,7.16e-08,2.72e-08,1.26e-07,2.155675595238095e-07,6.32769230769231e-08,8.402468660568555e-09,6.32769230769231e-08,8.402468660568555e-09,8.73e-08,8.73e-08,6.32769230769231e-08,False,True,True,2,False,58974.00001157408,,0.29236345000290326,2.0,False,False,,,weekly,30.0,both,cache,/home/lkoo/projects/AutomationDetection/DownloadedLC/incremental/quiescent_background_cache.csv,1209600.0,9.88e-08,164.9240595129537,302400.0,4769.373244098541,True,ok
4FGL J0403.9-3605,440,441,58988.00001157408,4.15e-08,3.17e-08,7.16e-08,2.155675595238095e-07,6.32769230769231e-08,8.402468660568555e-09,6.32769230769231e-08,8.402468660568555e-09,8.73e-08,8.73e-08,6.32769230769231e-08,False,False,False,0,False,,,-0.6640381485345733,2.0,False,False,,,weekly,30.0,both,cache,/home/lkoo/projects/AutomationDetection/DownloadedLC/incremental/quiescent_background_cache.csv,,,,,,False,not_in_flare_streak
4FGL J0403.9-3605,441,442,58995.00001157408,1.47e-07,3.57e-08,4.15e-08,2.155675595238095e-07,6.32769230769231e-08,8.402468660568555e-09,6.32769230769231e-08,8.402468660568555e-09,8.73e-08,8.73e-08,6.32769230769231e-08,True,True,True,1,False,58995.00001157408,,2.2828073908563806,2.0,True,True,58995.00001157408,58995.00001157408,weekly,30.0,both,cache,/home/lkoo/projects/AutomationDetection/DownloadedLC/incremental/quiescent_background_cache.csv,604800.0,1.47e-07,122.69148152026415,151200.0,4533.917938881023,True,ok
4FGL J0403.9-3605,442,443,59002.00001157408,1.11e-07,3.41e-08,1.47e-07,2.155675595238095e-07,6.32769230769231e-08,8.402468660568555e-09,6.32769230769231e-08,8.402468660568555e-09,8.73e-08,8.73e-08,6.32769230769231e-08,False,True,True,2,False,58995.00001157408,,1.3588591520832862,2.0,False,True,58995.00001157408,59002.00001157408,weekly,30.0,both,cache,/home/lkoo/projects/AutomationDetection/DownloadedLC/incremental/quiescent_background_cache.csv,1209600.0,1.29e-07,215.33606960699424,302400.0,3653.1265943372537,True,ok
4FGL J0403.9-3605,443,444,59009.00001157408,1.06e-07,3.72e-08,1.11e-07,2.155675595238095e-07,6.32769230769231e-08,8.402468660568555e-09,6.32769230769231e-08,8.402468660568555e-09,8.73e-08,8.73e-08,6.32769230769231e-08,False,True,True,3,True,58995.00001157408,59009.00001157408,1.1202485674062685,2.0,False,True,58995.00001157408,59009.00001157408,weekly,30.0,both,cache,/home/lkoo/projects/AutomationDetection/DownloadedLC/incremental/quiescent_background_cache.csv,1814400.0,1.2133333333333333e-07,303.80747805017785,453600.0,3171.169755149152,True,ok
4FGL J0403.9-3605,444,445,59016.00001157408,9.3e-08,3.42e-08,1.06e-07,2.155675595238095e-07,6.32769230769231e-08,8.402468660568555e-09,6.32769230769231e-08,8.402468660568555e-09,8.73e-08,8.73e-08,6.32769230769231e-08,False,True,True,4,True,58995.00001157408,59016.00001157408,0.8439964878195914,2.0,False,True,58995.00001157408,59016.00001157408,weekly,30.0,both,cache,/home/lkoo/projects/AutomationDetection/DownloadedLC/incremental/quiescent_background_cache.csv,2419200.0,1.1425000000000001e-07,381.4286194201409,604800.0,2916.5240202096265,True,ok
4FGL J0403.9-3605,445,446,59023.00001157408,1.52e-07,3.97e-08,9.3e-08,2.155675595238095e-07,6.32769230769231e-08,8.402468660568555e-09,6.32769230769231e-08,8.402468660568555e-09,8.73e-08,8.73e-08,6.32769230769231e-08,True,True,True,5,True,58995.00001157408,59023.00001157408,2.1864043139876266,2.0,True,True,58995.00001157408,59023.00001157408,weekly,30.0,both,cache,/home/lkoo/projects/AutomationDetection/DownloadedLC/incremental/quiescent_background_cache.csv,3024000.0,1.218e-07,508.2932805839514,756000.0,2446.9692714030402,True,ok
4FGL J0403.9-3605,446,447,59030.00001157408,1.47e-07,3.33e-08,1.52e-07,2.155675595238095e-07,6.32769230769231e-08,8.402468660568555e-09,6.32769230769231e-08,8.402468660568555e-09,8.73e-08,8.73e-08,6.32769230769231e-08,False,True,True,6,True,58995.00001157408,59030.00001157408,2.4377983390543716,2.0,True,True,58995.00001157408,59030.00001157408,weekly,30.0,both,cache,/home/lkoo/projects/AutomationDetection/DownloadedLC/incremental/quiescent_background_cache.csv,3628800.0,1.2600000000000002e-07,630.9847621042156,907200.0,2159.3332227961428,True,ok
4FGL J0403.9-3605,447,448,59037.00001157408,1.47e-07,3.24e-08,1.47e-07,2.155675595238095e-07,6.32769230769231e-08,8.402468660568555e-09,6.32769230769231e-08,8.402468660568555e-09,8.73e-08,8.73e-08,6.32769230769231e-08,False,True,True,7,True,58995.00001157408,59037.00001157408,2.5013018054400513,2.0,True,True,58995.00001157408,59037.00001157408,weekly,30.0,both,cache,/home/lkoo/projects/AutomationDetection/DownloadedLC/incremental/quiescent_background_cache.csv,4233600.0,1.29e-07,753.6762436244798,1058400.0,1952.6783009317596,True,ok
4FGL J0403.9-3605,448,449,59044.00001157408,2.49e-07,3.42e-08,1.47e-07,2.155675595238095e-07,6.32769230769231e-08,8.402468660568555e-09,6.32769230769231e-08,8.402468660568555e-09,8.73e-08,8.73e-08,6.32769230769231e-08,True,True,True,8,True,58995.00001157408,59044.00001157408,5.273667495319935,2.0,True,True,58995.00001157408,59044.00001157408,weekly,30.0,both,cache,/home/lkoo/projects/AutomationDetection/DownloadedLC/incremental/quiescent_background_cache.csv,4838400.0,1.4400000000000002e-07,961.5005898730906,1209600.0,1636.3639810758677,True,ok
4FGL J0403.9-3605,449,450,59051.00001157408,2.08e-07,3.9e-08,2.49e-07,2.155675595238095e-07,6.32769230769231e-08,8.402468660568555e-09,6.32769230769231e-08,8.402468660568555e-09,8.73e-08,8.73e-08,6.32769230769231e-08,False,True,True,9,True,58995.00001157408,59051.00001157408,3.62761024942156,2.0,True,True,58995.00001157408,59051.00001157408,weekly,30.0,both,cache,/home/lkoo/projects/AutomationDetection/DownloadedLC/incremental/quiescent_background_cache.csv,5443200.0,1.5111111111111112e-07,1135.1048630446207,1360800.0,1470.2062353152119,True,ok
4FGL J0403.9-3605,450,451,59058.00001157408,1.34e-07,4.94e-08,2.08e-07,2.155675595238095e-07,6.32769230769231e-08,8.402468660568555e-09,6.32769230769231e-08,8.402468660568555e-09,8.73e-08,8.73e-08,6.32769230769231e-08,False,True,True,10,True,58995.00001157408,59058.00001157408,1.411370780283338,2.0,False,True,58995.00001157408,59058.00001157408,weekly,30.0,both,cache,/home/lkoo/projects/AutomationDetection/DownloadedLC/incremental/quiescent_background_cache.csv,6048000.0,1.494e-07,1246.946077491664,1512000.0,1410.7279378224941,True,ok
4FGL J0403.9-3605,451,452,59065.00001157408,5.81e-08,4.07e-08,1.34e-07,2.155675595238095e-07,6.32769230769231e-08,8.402468660568555e-09,6.32769230769231e-08,8.402468660568555e-09,8.73e-08,8.73e-08,6.32769230769231e-08,False,False,False,0,False,,,-0.12457016540229275,2.0,False,False,,,weekly,30.0,both,cache,/home/lkoo/projects/AutomationDetection/DownloadedLC/incremental/quiescent_background_cache.csv,,,,,,False,not_in_flare_streak
4FGL J0403.9-3605,452,453,59072.00001157408,1.2e-07,3.76e-08,5.81e-08,2.155675595238095e-07,6.32769230769231e-08,8.402468660568555e-09,6.32769230769231e-08,8.402468660568555e-09,8.73e-08,8.73e-08,6.32769230769231e-08,True,True,True,1,False,59072.00001157408,,1.4722784090279133,2.0,False,False,,,weekly,30.0,both,cache,/home/lkoo/projects/AutomationDetection/DownloadedLC/incremental/quiescent_background_cache.csv,604800.0,1.2e-07,100.15631144511357,151200.0,5553.635901631286,True,ok
4FGL J0403.9-3605,453,454,59079.00001157408,1.21e-07,3.01e-08,1.2e-07,2.155675595238095e-07,6.32769230769231e-08,8.402468660568555e-09,6.32769230769231e-08,8.402468660568555e-09,8.73e-08,8.73e-08,6.32769230769231e-08,True,True,True,2,False,59072.00001157408,,1.84709214157183,2.0,False,False,,,weekly,30.0,both,cache,/home/lkoo/projects/AutomationDetection/DownloadedLC/incremental/quiescent_background_cache.csv,1209600.0,1.205e-07,201.14725881893645,302400.0,3910.7243373107926,True,ok
4FGL J0403.9-3605,454,455,59086.00001157408,1.25e-07,2.83e-08,1.21e-07,2.155675595238095e-07,6.32769230769231e-08,8.402468660568555e-09,6.32769230769231e-08,8.402468660568555e-09,8.73e-08,8.73e-08,6.32769230769231e-08,True,True,True,3,True,59072.00001157408,59086.00001157408,2.0908168670356853,2.0,True,True,59086.00001157408,59086.00001157408,weekly,30.0,both,cache,/home/lkoo/projects/AutomationDetection/DownloadedLC/incremental/quiescent_background_cache.csv,1814400.0,1.2199999999999998e-07,305.4767499075964,453600.0,3153.846757933727,True,ok
4FGL J0403.9-3605,455,456,59093.00001157408,8.89e-08,2.95e-08,1.25e-07,2.155675595238095e-07,6.32769230769231e-08,8.402468660568555e-09,6.32769230769231e-08,8.402468660568555e-09,8.73e-08,8.73e-08,6.32769230769231e-08,False,True,True,4,True,59072.00001157408,59093.00001157408,0.8353543611363479,2.0,False,True,59086.00001157408,59093.00001157408,weekly,30.0,both,cache,/home/lkoo/projects/AutomationDetection/DownloadedLC/incremental/quiescent_background_cache.csv,2419200.0,1.13725e-07,379.67588396985144,604800.0,2929.983616448165,True,ok
4FGL J0403.9-3605,456,457,59100.00001157408,7.97e-08,3.01e-08,8.89e-08,2.155675595238095e-07,6.32769230769231e-08,8.402468660568555e-09,6.32769230769231e-08,8.402468660568555e-09,8.73e-08,8.73e-08,6.32769230769231e-08,False,True,True,5,True,59072.00001157408,59100.00001157408,0.5255252828166116,2.0,False,True,59086.00001157408,59100.00001157408,weekly,30.0,both,cache,/home/lkoo/projects/AutomationDetection/DownloadedLC/incremental/quiescent_background_cache.csv,3024000.0,1.0691999999999998e-07,446.1963674879809,756000.0,2787.3982872688584,True,ok
4FGL J0403.9-3605,457,458,59107.00001157408,1.48e-07,5.19e-08,7.97e-08,2.155675595238095e-07,6.32769230769231e-08,8.402468660568555e-09,6.32769230769231e-08,8.402468660568555e-09,8.73e-08,8.73e-08,6.32769230769231e-08,True,True,True,6,True,59072.00001157408,59107.00001157408,1.6114472242980098,2.0,False,True,59086.00001157408,59107.00001157408,weekly,30.0,both,cache,/home/lkoo/projects/AutomationDetection/DownloadedLC/incremental/quiescent_background_cache.csv,3628800.0,1.1376666666666666e-07,569.7224849369544,907200.0,2391.4456999495646,True,ok
4FGL J0403.9-3605,458,459,59114.00001157408,4.19e-08,3.02e-08,1.48e-07,2.155675595238095e-07,6.32769230769231e-08,8.402468660568555e-09,6.32769230769231e-08,8.402468660568555e-09,8.73e-08,8.73e-08,6.32769230769231e-08,False,False,False,0,False,,,-0.6819423283891083,2.0,False,False,,,weekly,30.0,both,cache,/home/lkoo/projects/AutomationDetection/DownloadedLC/incremental/quiescent_background_cache.csv,,,,,,False,not_in_flare_streak
4FGL J0403.9-3605,459,460,59121.00001157408,1.34e-07,3.5e-08,4.19e-08,2.155675595238095e-07,6.32769230769231e-08,8.402468660568555e-09,6.32769230769231e-08,8.402468660568555e-09,8.73e-08,8.73e-08,6.32769230769231e-08,True,True,True,1,False,59121.00001157408,,1.964832030991094,2.0,False,False,,,weekly,30.0,both,cache,/home/lkoo/projects/AutomationDetection/DownloadedLC/incremental/quiescent_background_cache.csv,604800.0,1.34e-07,111.84121444704351,151200.0,4973.59732924757,True,ok
4FGL J0403.9-3605,460,461,59128.00001157408,2.92e-08,1.61e-08,1.34e-07,2.155675595238095e-07,6.32769230769231e-08,8.402468660568555e-09,6.32769230769231e-08,8.402468660568555e-09,8.73e-08,8.73e-08,6.32769230769231e-08,False,False,False,0,False,,,-1.8764089250855673,2.0,False,False,,,weekly,30.0,both,cache,/home/lkoo/projects/AutomationDetection/DownloadedLC/incremental/quiescent_background_cache.csv,,,,,,False,not_in_flare_streak
4FGL J0403.9-3605,461,462,59135.00001157408,4.98e-08,2.56e-08,2.92e-08,2.155675595238095e-07,6.32769230769231e-08,8.402468660568555e-09,6.32769230769231e-08,8.402468660568555e-09,8.73e-08,8.73e-08,6.32769230769231e-08,True,False,False,0,False,,,-0.5001887976850211,2.0,False,False,,,weekly,30.0,both,cache,/home/lkoo/projects/AutomationDetection/DownloadedLC/incremental/quiescent_background_cache.csv,,,,,,False,not_in_flare_streak
4FGL J0403.9-3605,462,463,59142.00001157408,7.18e-08,2.76e-08,4.98e-08,2.155675595238095e-07,6.32769230769231e-08,8.402468660568555e-09,6.32769230769231e-08,8.402468660568555e-09,8.73e-08,8.73e-08,6.32769230769231e-08,True,True,True,1,False,59142.00001157408,,0.29542035883407497,2.0,False,False,,,weekly,30.0,both,cache,/home/lkoo/projects/AutomationDetection/DownloadedLC/incremental/quiescent_background_cache.csv,604800.0,7.18e-08,59.92685968132629,151200.0,9280.608668145382,True,ok
4FGL J0403.9-3605,463,464,59149.00001157408,1.42e-07,3.53e-08,7.18e-08,2.155675595238095e-07,6.32769230769231e-08,8.402468660568555e-09,6.32769230769231e-08,8.402468660568555e-09,8.73e-08,8.73e-08,6.32769230769231e-08,True,True,True,2,False,59142.00001157408,,2.1695019644801685,2.0,True,True,59149.00001157408,59149.00001157408,weekly,30.0,both,cache,/home/lkoo/projects/AutomationDetection/DownloadedLC/incremental/quiescent_background_cache.csv,1209600.0,1.069e-07,178.44516155804402,302400.0,4408.087981940978,True,ok
4FGL J0403.9-3605,464,465,59156.00001157408,1.31e-07,4.1e-08,1.42e-07,2.155675595238095e-07,6.32769230769231e-08,8.402468660568555e-09,6.32769230769231e-08,8.402468660568555e-09,8.73e-08,8.73e-08,6.32769230769231e-08,False,True,True,3,True,59142.00001157408,59156.00001157408,1.618150940125926,2.0,False,True,59149.00001157408,59156.00001157408,weekly,30.0,both,cache,/home/lkoo/projects/AutomationDetection/DownloadedLC/incremental/quiescent_background_cache.csv,1814400.0,1.1493333333333332e-07,287.78246821895965,453600.0,3347.695517380986,True,ok
4FGL J0403.9-3605,465,466,59163.00001157408,7.52e-08,3.39e-08,1.31e-07,2.155675595238095e-07,6.32769230769231e-08,8.402468660568555e-09,6.32769230769231e-08,8.402468660568555e-09,8.73e-08,8.73e-08,6.32769230769231e-08,False,True,True,4,True,59142.00001157408,59163.00001157408,0.3413830764186102,2.0,False,True,59149.00001157408,59163.00001157408,weekly,30.0,both,cache,/home/lkoo/projects/AutomationDetection/DownloadedLC/incremental/quiescent_background_cache.csv,2419200.0,1.0499999999999999e-07,350.5470900578975,604800.0,3173.374928724779,True,ok
4FGL J0403.9-3605,466,467,59170.00001157408,1.48e-07,4.53e-08,7.52e-08,2.155675595238095e-07,6.32769230769231e-08,8.402468660568555e-09,6.32769230769231e-08,8.402468660568555e-09,8.73e-08,8.73e-08,6.32769230769231e-08,True,True,True,5,True,59142.00001157408,59170.00001157408,1.8389007143303648,2.0,False,True,59149.00001157408,59170.00001157408,weekly,30.0,both,cache,/home/lkoo/projects/AutomationDetection/DownloadedLC/incremental/quiescent_background_cache.csv,3024000.0,1.1359999999999998e-07,474.073207506871,756000.0,2623.539756652612,True,ok
4FGL J0403.9-3605,467,468,59177.00001157408,8.41e-08,3.29e-08,1.48e-07,2.155675595238095e-07,6.32769230769231e-08,8.402468660568555e-09,6.32769230769231e-08,8.402468660568555e-09,8.73e-08,8.73e-08,6.32769230769231e-08,False,True,True,6,True,59142.00001157408,59177.00001157408,0.6132366293039736,2.0,False,True,59149.00001157408,59177.00001157408,weekly,30.0,both,cache,/home/lkoo/projects/AutomationDetection/DownloadedLC/incremental/quiescent_background_cache.csv,3628800.0,1.0868333333333331e-07,544.2660891113213,907200.0,2503.263220500057,True,ok
4FGL J0403.9-3605,468,469,59184.00001157408,1e-07,2.77e-08,8.41e-08,2.155675595238095e-07,6.32769230769231e-08,8.402468660568555e-09,6.32769230769231e-08,8.402468660568555e-09,8.73e-08,8.73e-08,6.32769230769231e-08,True,True,True,7,True,59142.00001157408,59184.00001157408,1.2686597903039796,2.0,False,True,59149.00001157408,59184.00001157408,weekly,30.0,both,cache,/home/lkoo/projects/AutomationDetection/DownloadedLC/incremental/quiescent_background_cache.csv,4233600.0,1.0744285714285712e-07,627.7296819822493,1058400.0,2344.3207889017526,True,ok
4FGL J0403.9-3605,469,470,59191.00001157408,1.63e-07,2.94e-08,1e-07,2.155675595238095e-07,6.32769230769231e-08,8.402468660568555e-09,6.32769230769231e-08,8.402468660568555e-09,8.73e-08,8.73e-08,6.32769230769231e-08,True,True,True,8,True,59142.00001157408,59191.00001157408,3.261360529763569,2.0,True,True,59149.00001157408,59191.00001157408,weekly,30.0,both,cache,/home/lkoo/projects/AutomationDetection/DownloadedLC/incremental/quiescent_background_cache.csv,4838400.0,1.1438749999999999e-07,763.775338361862,1209600.0,2059.8157038887143,True,ok
4FGL J0403.9-3605,470,471,59198.00001157408,1.07e-07,2.76e-08,1.63e-07,2.155675595238095e-07,6.32769230769231e-08,8.402468660568555e-09,6.32769230769231e-08,8.402468660568555e-09,8.73e-08,8.73e-08,6.32769230769231e-08,False,True,True,9,True,59142.00001157408,59198.00001157408,1.5154957758239056,2.0,False,True,59149.00001157408,59198.00001157408,weekly,30.0,both,cache,/home/lkoo/projects/AutomationDetection/DownloadedLC/incremental/quiescent_background_cache.csv,5443200.0,1.1356666666666666e-07,853.0813827337547,1360800.0,1956.0448562136653,True,ok
4FGL J0403.9-3605,471,472,59205.00001157408,1.91e-07,3.22e-08,1.07e-07,2.155675595238095e-07,6.32769230769231e-08,8.402468660568555e-09,6.32769230769231e-08,8.402468660568555e-09,8.73e-08,8.73e-08,6.32769230769231e-08,True,True,True,10,True,59142.00001157408,59205.00001157408,3.8380354284309046,2.0,True,True,59149.00001157408,59205.00001157408,weekly,30.0,both,cache,/home/lkoo/projects/AutomationDetection/DownloadedLC/incremental/quiescent_background_cache.csv,6048000.0,1.2131e-07,1012.4968451172275,1512000.0,1737.2551843243136,True,ok
4FGL J0403.9-3605,472,473,59212.00001157408,2.86e-07,4.73e-08,1.91e-07,2.155675595238095e-07,6.32769230769231e-08,8.402468660568555e-09,6.32769230769231e-08,8.402468660568555e-09,8.73e-08,8.73e-08,6.32769230769231e-08,True,True,True,11,True,59142.00001157408,59212.00001157408,4.63615050156042,2.0,True,True,59149.00001157408,59212.00001157408,weekly,30.0,both,cache,/home/lkoo/projects/AutomationDetection/DownloadedLC/incremental/quiescent_background_cache.csv,6652800.0,1.3628181818181817e-07,1251.2027207280812,1663200.0,1474.4969924053123,True,ok
4FGL J0403.9-3605,473,474,59219.00001157408,4.11e-07,5.73e-08,2.86e-07,2.155675595238095e-07,6.32769230769231e-08,8.402468660568555e-09,6.32769230769231e-08,8.402468660568555e-09,8.73e-08,8.73e-08,6.32769230769231e-08,True,True,True,12,True,59142.00001157408,59219.00001157408,6.004253374641567,2.0,True,True,59149.00001157408,59219.00001157408,weekly,30.0,both,cache,/home/lkoo/projects/AutomationDetection/DownloadedLC/incremental/quiescent_background_cache.csv,7257600.0,1.5917499999999997e-07,1594.238087427595,1814400.0,1208.7600280364734,True,ok
4FGL J0403.9-3605,474,475,59226.00001157408,4.16e-07,6.92e-08,4.11e-07,2.155675595238095e-07,6.32769230769231e-08,8.402468660568555e-09,6.32769230769231e-08,8.402468660568555e-09,8.73e-08,8.73e-08,6.32769230769231e-08,True,True,True,13,True,59142.00001157408,59226.00001157408,5.059989707210607,2.0,True,True,59149.00001157408,59226.00001157408,weekly,30.0,both,cache,/home/lkoo/projects/AutomationDetection/DownloadedLC/incremental/quiescent_background_cache.csv,7862400.0,1.7893076923076921e-07,1941.4466337706558,1965600.0,1033.1717554811614,True,ok
4FGL J0403.9-3605,475,476,59233.00001157408,3.48e-07,4.58e-08,4.16e-07,2.155675595238095e-07,6.32769230769231e-08,8.402468660568555e-09,6.32769230769231e-08,8.402468660568555e-09,8.73e-08,8.73e-08,6.32769230769231e-08,False,True,True,14,True,59142.00001157408,59233.00001157408,6.114611152645179,2.0,True,True,59149.00001157408,59233.00001157408,weekly,30.0,both,cache,/home/lkoo/projects/AutomationDetection/DownloadedLC/incremental/quiescent_background_cache.csv,8467200.0,1.910071428571428e-07,2231.899936961485,2116800.0,932.6744180915002,True,ok
4FGL J0403.9-3605,476,477,59240.00001157408,2.45e-07,3.57e-08,3.48e-07,2.155675595238095e-07,6.32769230769231e-08,8.402468660568555e-09,6.32769230769231e-08,8.402468660568555e-09,8.73e-08,8.73e-08,6.32769230769231e-08,False,True,True,15,True,59142.00001157408,59240.00001157408,4.9548917495030445,2.0,True,True,59149.00001157408,59240.00001157408,weekly,30.0,both,cache,/home/lkoo/projects/AutomationDetection/DownloadedLC/incremental/quiescent_background_cache.csv,9072000.0,1.9460666666666665e-07,2436.385739495259,2268000.0,884.3916991739054,True,ok
4FGL J0403.9-3605,477,478,59247.00001157408,2.71e-07,3.23e-08,2.45e-07,2.155675595238095e-07,6.32769230769231e-08,8.402468660568555e-09,6.32769230769231e-08,8.402468660568555e-09,8.73e-08,8.73e-08,6.32769230769231e-08,True,True,True,16,True,59142.00001157408,59247.00001157408,6.223910029637649,2.0,True,True,59149.00001157408,59247.00001157408,weekly,30.0,both,cache,/home/lkoo/projects/AutomationDetection/DownloadedLC/incremental/quiescent_background_cache.csv,9676800.0,1.9938125e-07,2662.5720761754737,2419200.0,835.8135590553978,True,ok
4FGL J0403.9-3605,478,479,59254.00001157408,2.66e-07,3.61e-08,2.71e-07,2.155675595238095e-07,6.32769230769231e-08,8.402468660568555e-09,6.32769230769231e-08,8.402468660568555e-09,8.73e-08,8.73e-08,6.32769230769231e-08,False,True,True,17,True,59142.00001157408,59254.00001157408,5.469399149673336,2.0,True,True,59149.00001157408,59254.00001157408,weekly,30.0,both,cache,/home/lkoo/projects/AutomationDetection/DownloadedLC/incremental/quiescent_background_cache.csv,10281600.0,2.0330000000000003e-07,2884.5852332121426,2570400.0,795.2369862095595,True,ok
4FGL J0403.9-3605,479,480,59261.00001157408,2.97e-07,4.62e-08,2.66e-07,2.155675595238095e-07,6.32769230769231e-08,8.402468660568555e-09,6.32769230769231e-08,8.402468660568555e-09,8.73e-08,8.73e-08,6.32769230769231e-08,True,True,True,18,True,59142.00001157408,59261.00001157408,4.9772930696424655,2.0,True,True,59149.00001157408,59261.00001157408,weekly,30.0,both,cache,/home/lkoo/projects/AutomationDetection/DownloadedLC/incremental/quiescent_background_cache.csv,10886400.0,2.0850555555555557e-07,3132.472104038799,2721600.0,753.54771820517,True,ok
4FGL J0403.9-3605,480,481,59268.00001157408,3.54e-07,7.16e-08,2.97e-07,2.155675595238095e-07,6.32769230769231e-08,8.402468660568555e-09,6.32769230769231e-08,8.402468660568555e-09,8.73e-08,8.73e-08,6.32769230769231e-08,True,True,True,19,True,59142.00001157408,59268.00001157408,4.032704510469418,2.0,True,True,59149.00001157408,59268.00001157408,weekly,30.0,both,cache,/home/lkoo/projects/AutomationDetection/DownloadedLC/incremental/quiescent_background_cache.csv,11491200.0,2.1616315789473685e-07,3427.9332228018834,2872800.0,707.481901148091,True,ok
4FGL J0403.9-3605,481,482,59275.00001157408,2.88e-07,7.09e-08,3.54e-07,2.155675595238095e-07,6.32769230769231e-08,8.402468660568555e-09,6.32769230769231e-08,8.402468660568555e-09,8.73e-08,8.73e-08,6.32769230769231e-08,False,True,True,20,True,59142.00001157408,59275.00001157408,3.1475513663523356,2.0,True,True,59149.00001157408,59275.00001157408,weekly,30.0,both,cache,/home/lkoo/projects/AutomationDetection/DownloadedLC/incremental/quiescent_background_cache.csv,12096000.0,2.1975499999999997e-07,3668.3083702701556,3024000.0,678.3039531931543,True,ok
4FGL J0403.9-3605,482,483,59282.00001157408,2.49e-07,4.76e-08,2.88e-07,2.155675595238095e-07,6.32769230769231e-08,8.402468660568555e-09,6.32769230769231e-08,8.402468660568555e-09,8.73e-08,8.73e-08,6.32769230769231e-08,False,True,True,21,True,59142.00001157408,59282.00001157408,3.8423405266682575,2.0,True,True,59149.00001157408,59282.00001157408,weekly,30.0,both,cache,/home/lkoo/projects/AutomationDetection/DownloadedLC/incremental/quiescent_background_cache.csv,12700800.0,2.21147619047619e-07,3876.1327165187663,3175200.0,657.7909030889282,True,ok
4FGL J0403.9-3605,483,484,59289.00001157408,1.43e-07,2.97e-08,2.49e-07,2.155675595238095e-07,6.32769230769231e-08,8.402468660568555e-09,6.32769230769231e-08,8.402468660568555e-09,8.73e-08,8.73e-08,6.32769230769231e-08,False,True,True,22,True,59142.00001157408,59289.00001157408,2.5829018982123872,2.0,True,True,59149.00001157408,59289.00001157408,weekly,30.0,both,cache,/home/lkoo/projects/AutomationDetection/DownloadedLC/incremental/quiescent_background_cache.csv,13305600.0,2.1759545454545453e-07,3995.485654324193,3326400.0,653.1521584384886,True,ok
4FGL J0403.9-3605,484,485,59296.00001157408,1.92e-07,3.28e-08,1.43e-07,2.155675595238095e-07,6.32769230769231e-08,8.402468660568555e-09,6.32769230769231e-08,8.402468660568555e-09,8.73e-08,8.73e-08,6.32769230769231e-08,True,True,True,23,True,59142.00001157408,59296.00001157408,3.801722970388257,2.0,True,True,59149.00001157408,59296.00001157408,weekly,30.0,both,cache,/home/lkoo/projects/AutomationDetection/DownloadedLC/incremental/quiescent_background_cache.csv,13910400.0,2.1648260869565215e-07,4155.735752636375,3477600.0,642.0772209684375,True,ok
4FGL J0403.9-3605,485,486,59303.00001157408,1.97e-07,3.38e-08,1.92e-07,2.155675595238095e-07,6.32769230769231e-08,8.402468660568555e-09,6.32769230769231e-08,8.402468660568555e-09,8.73e-08,8.73e-08,6.32769230769231e-08,True,True,True,24,True,59142.00001157408,59303.00001157408,3.8394457466238205,2.0,True,True,59149.00001157408,59303.00001157408,weekly,30.0,both,cache,/home/lkoo/projects/AutomationDetection/DownloadedLC/incremental/quiescent_background_cache.csv,14515200.0,2.1567083333333335e-07,4320.1590305921045,3628800.0,630.9227450939776,True,ok
4FGL J0403.9-3605,486,487,59310.00001157408,2.2e-07,4.3e-08,1.97e-07,2.155675595238095e-07,6.32769230769231e-08,8.402468660568555e-09,6.32769230769231e-08,8.402468660568555e-09,8.73e-08,8.73e-08,6.32769230769231e-08,True,True,True,25,True,59142.00001157408,59310.00001157408,3.577069773767654,2.0,True,True,59149.00001157408,59310.00001157408,weekly,30.0,both,cache,/home/lkoo/projects/AutomationDetection/DownloadedLC/incremental/quiescent_background_cache.csv,15120000.0,2.1584400000000004e-07,4503.778934908146,3780000.0,617.679863935103,True,ok
4FGL J0403.9-3605,487,488,59317.00001157408,1.86e-07,4.77e-08,2.2e-07,2.155675595238095e-07,6.32769230769231e-08,8.402468660568555e-09,6.32769230769231e-08,8.402468660568555e-09,8.73e-08,8.73e-08,6.32769230769231e-08,False,True,True,26,True,59142.00001157408,59317.00001157408,2.533799677129716,2.0,True,True,59149.00001157408,59317.00001157408,weekly,30.0,both,cache,/home/lkoo/projects/AutomationDetection/DownloadedLC/incremental/quiescent_background_cache.csv,15724800.0,2.1469615384615386e-07,4659.021217648071,3931200.0,608.9212303254432,True,ok
4FGL J0403.9-3605,488,489,59324.00001157408,1.93e-07,3.68e-08,1.86e-07,2.155675595238095e-07,6.32769230769231e-08,8.402468660568555e-09,6.32769230769231e-08,8.402468660568555e-09,8.73e-08,8.73e-08,6.32769230769231e-08,True,True,True,27,True,59142.00001157408,59324.00001157408,3.4366394121631503,2.0,True,True,59149.00001157408,59324.00001157408,weekly,30.0,both,cache,/home/lkoo/projects/AutomationDetection/DownloadedLC/incremental/quiescent_background_cache.csv,16329600.0,2.1389259259259259e-07,4820.1059518889615,4082400.0,599.7820521734951,True,ok
4FGL J0403.9-3605,489,490,59331.00001157408,1.58e-07,3.17e-08,1.93e-07,2.155675595238095e-07,6.32769230769231e-08,8.402468660568555e-09,6.32769230769231e-08,8.402468660568555e-09,8.73e-08,8.73e-08,6.32769230769231e-08,False,True,True,28,True,59142.00001157408,59331.00001157408,2.8883665704891293,2.0,True,True,59149.00001157408,59331.00001157408,weekly,30.0,both,cache,/home/lkoo/projects/AutomationDetection/DownloadedLC/incremental/quiescent_background_cache.csv,16934400.0,2.1189642857142857e-07,4951.978428625029,4233600.0,594.5194262233285,True,ok
4FGL J0403.9-3605,490,491,59338.00001157408,1.28e-07,3.8e-08,1.58e-07,2.155675595238095e-07,6.32769230769231e-08,8.402468660568555e-09,6.32769230769231e-08,8.402468660568555e-09,8.73e-08,8.73e-08,6.32769230769231e-08,False,True,True,29,True,59142.00001157408,59338.00001157408,1.663067846298323,2.0,False,True,59149.00001157408,59338.00001157408,weekly,30.0,both,cache,/home/lkoo/projects/AutomationDetection/DownloadedLC/incremental/quiescent_background_cache.csv,17539200.0,2.0900344827586208e-07,5058.811827499817,4384800.0,592.2605266364122,True,ok
4FGL J0403.9-3605,491,492,59345.00001157408,9.95e-08,3.56e-08,1.28e-07,2.155675595238095e-07,6.32769230769231e-08,8.402468660568555e-09,6.32769230769231e-08,8.402468660568555e-09,8.73e-08,8.73e-08,6.32769230769231e-08,False,True,True,30,True,59142.00001157408,59345.00001157408,0.9902925984039894,2.0,False,True,59149.00001157408,59345.00001157408,weekly,30.0,both,cache,/home/lkoo/projects/AutomationDetection/DownloadedLC/incremental/quiescent_background_cache.csv,18144000.0,2.0535333333333334e-07,5141.85810240639,4536000.0,592.6502670339743,True,ok
4FGL J0403.9-3605,492,493,59352.00001157408,4.86e-08,2.39e-08,9.95e-08,2.155675595238095e-07,6.32769230769231e-08,8.402468660568555e-09,6.32769230769231e-08,8.402468660568555e-09,8.73e-08,8.73e-08,6.32769230769231e-08,False,False,False,0,False,,,-0.5793370154958837,2.0,False,False,,,weekly,30.0,both,cache,/home/lkoo/projects/AutomationDetection/DownloadedLC/incremental/quiescent_background_cache.csv,,,,,,False,not_in_flare_streak
4FGL J0403.9-3605,493,494,59359.00001157408,4.79e-08,2.43e-08,4.86e-08,2.155675595238095e-07,6.32769230769231e-08,8.402468660568555e-09,6.32769230769231e-08,8.402468660568555e-09,8.73e-08,8.73e-08,6.32769230769231e-08,False,False,False,0,False,,,-0.5980516072721332,2.0,False,False,,,weekly,30.0,both,cache,/home/lkoo/projects/AutomationDetection/DownloadedLC/incremental/quiescent_background_cache.csv,,,,,,False,not_in_flare_streak
4FGL J0403.9-3605,494,495,59366.00001157408,9.03e-08,2.82e-08,4.79e-08,2.155675595238095e-07,6.32769230769231e-08,8.402468660568555e-09,6.32769230769231e-08,8.402468660568555e-09,8.73e-08,8.73e-08,6.32769230769231e-08,True,True,True,1,False,59366.00001157408,,0.9183655916944858,2.0,False,False,,,weekly,30.0,both,cache,/home/lkoo/projects/AutomationDetection/DownloadedLC/incremental/quiescent_background_cache.csv,604800.0,9.03e-08,75.36762436244797,151200.0,7379.642438815239,True,ok
4FGL J0403.9-3605,495,496,59373.00001157408,1.42e-07,4.18e-08,9.03e-08,2.155675595238095e-07,6.32769230769231e-08,8.402468660568555e-09,6.32769230769231e-08,8.402468660568555e-09,8.73e-08,8.73e-08,6.32769230769231e-08,True,True,True,2,False,59366.00001157408,,1.846392621028441,2.0,False,False,,,weekly,30.0,both,cache,/home/lkoo/projects/AutomationDetection/DownloadedLC/incremental/quiescent_background_cache.csv,1209600.0,1.1614999999999999e-07,193.88592623916574,302400.0,4057.1384292486277,True,ok
4FGL J0403.9-3605,496,497,59380.00001157408,4.35e-08,3.22e-08,1.42e-07,2.155675595238095e-07,6.32769230769231e-08,8.402468660568555e-09,6.32769230769231e-08,8.402468660568555e-09,8.73e-08,8.73e-08,6.32769230769231e-08,False,False,False,0,False,,,-0.5942898751202043,2.0,False,False,,,weekly,30.0,both,cache,/home/lkoo/projects/AutomationDetection/DownloadedLC/incremental/quiescent_background_cache.csv,,,,,,False,not_in_flare_streak
4FGL J0403.9-3605,497,498,59387.00001157408,1.11e-07,4.11e-08,4.35e-08,2.155675595238095e-07,6.32769230769231e-08,8.402468660568555e-09,6.32769230769231e-08,8.402468660568555e-09,8.73e-08,8.73e-08,6.32769230769231e-08,True,True,True,1,False,59387.00001157408,,1.137615141056894,2.0,False,False,,,weekly,30.0,both,cache,/home/lkoo/projects/AutomationDetection/DownloadedLC/incremental/quiescent_background_cache.csv,604800.0,1.11e-07,92.64458808673007,151200.0,6003.781661572295,True,ok
4FGL J0403.9-3605,498,499,59394.00001157408,1.51e-07,3.4e-08,1.11e-07,2.155675595238095e-07,6.32769230769231e-08,8.402468660568555e-09,6.32769230769231e-08,8.402468660568555e-09,8.73e-08,8.73e-08,6.32769230769231e-08,True,True,True,2,False,59387.00001157408,,2.50473690193728,2.0,True,True,59394.00001157408,59394.00001157408,weekly,30.0,both,cache,/home/lkoo/projects/AutomationDetection/DownloadedLC/incremental/quiescent_background_cache.csv,1209600.0,1.31e-07,218.67461332183132,302400.0,3597.373512723808,True,ok
4FGL J0403.9-3605,499,500,59401.00001157408,1.24e-07,3.16e-08,1.51e-07,2.155675595238095e-07,6.32769230769231e-08,8.402468660568555e-09,6.32769230769231e-08,8.402468660568555e-09,8.73e-08,8.73e-08,6.32769230769231e-08,False,True,True,3,True,59387.00001157408,59401.00001157408,1.8570864365364665,2.0,False,True,59394.00001157408,59401.00001157408,weekly,30.0,both,cache,/home/lkoo/projects/AutomationDetection/DownloadedLC/incremental/quiescent_background_cache.csv,1814400.0,1.2866666666666665e-07,322.16946848178196,453600.0,2990.489996071542,True,ok
4FGL J0403.9-3605,500,501,59408.00001157408,1.49e-07,3.18e-08,1.24e-07,2.155675595238095e-07,6.32769230769231e-08,8.402468660568555e-09,6.32769230769231e-08,8.402468660568555e-09,8.73e-08,8.73e-08,6.32769230769231e-08,True,True,True,4,True,59387.00001157408,59408.00001157408,2.606249185614308,2.0,True,True,59394.00001157408,59408.00001157408,weekly,30.0,both,cache,/home/lkoo/projects/AutomationDetection/DownloadedLC/incremental/quiescent_background_cache.csv,2419200.0,1.3375e-07,446.53022185946463,604800.0,2491.445168573986,True,ok
4FGL J0403.9-3605,501,502,59415.00001157408,5.21e-08,2.09e-08,1.49e-07,2.155675595238095e-07,6.32769230769231e-08,8.402468660568555e-09,6.32769230769231e-08,8.402468660568555e-09,8.73e-08,8.73e-08,6.32769230769231e-08,False,False,False,0,False,,,-0.496183271004608,2.0,False,False,,,weekly,30.0,both,cache,/home/lkoo/projects/AutomationDetection/DownloadedLC/incremental/quiescent_background_cache.csv,,,,,,False,not_in_flare_streak
4FGL J0403.9-3605,502,503,59422.00001157408,8.56e-08,3.2e-08,5.21e-08,2.155675595238095e-07,6.32769230769231e-08,8.402468660568555e-09,6.32769230769231e-08,8.402468660568555e-09,8.73e-08,8.73e-08,6.32769230769231e-08,True,True,True,1,False,59422.00001157408,,0.6747238167388123,2.0,False,False,,,weekly,30.0,both,cache,/home/lkoo/projects/AutomationDetection/DownloadedLC/incremental/quiescent_background_cache.csv,604800.0,8.56e-08,71.44483549751436,151200.0,7784.7321501012375,True,ok
4FGL J0403.9-3605,503,504,59429.00001157408,1.27e-07,4.44e-08,8.56e-08,2.155675595238095e-07,6.32769230769231e-08,8.402468660568555e-09,6.32769230769231e-08,8.402468660568555e-09,8.73e-08,8.73e-08,6.32769230769231e-08,True,True,True,2,False,59422.00001157408,,1.4101748514411172,2.0,False,False,,,weekly,30.0,both,cache,/home/lkoo/projects/AutomationDetection/DownloadedLC/incremental/quiescent_background_cache.csv,1209600.0,1.063e-07,177.44359844359292,302400.0,4432.961668579129,True,ok
4FGL J0403.9-3605,504,505,59443.00001157408,7.05e-08,3.31e-08,1.27e-07,2.155675595238095e-07,6.32769230769231e-08,8.402468660568555e-09,6.32769230769231e-08,8.402468660568555e-09,8.73e-08,8.73e-08,6.32769230769231e-08,False,True,True,3,True,59422.00001157408,59443.00001157408,0.2115113045720549,2.0,False,False,,,weekly,30.0,both,cache,/home/lkoo/projects/AutomationDetection/DownloadedLC/incremental/quiescent_background_cache.csv,1814400.0,9.436666666666666e-08,236.2854314175971,453600.0,4077.0749957110347,True,ok
4FGL J0403.9-3605,505,506,59450.00001157408,1.04e-07,3.08e-08,7.05e-08,2.155675595238095e-07,6.32769230769231e-08,8.402468660568555e-09,6.32769230769231e-08,8.402468660568555e-09,8.73e-08,8.73e-08,6.32769230769231e-08,True,True,True,4,True,59422.00001157408,59450.00001157408,1.2755633717860524,2.0,False,False,,,weekly,30.0,both,cache,/home/lkoo/projects/AutomationDetection/DownloadedLC/incremental/quiescent_background_cache.csv,2419200.0,9.677499999999999e-08,323.0875680033622,604800.0,3443.00498715172,True,ok
4FGL J0403.9-3605,506,507,59457.00001157408,8.1e-08,2.9e-08,1.04e-07,2.155675595238095e-07,6.32769230769231e-08,8.402468660568555e-09,6.32769230769231e-08,8.402468660568555e-09,8.73e-08,8.73e-08,6.32769230769231e-08,False,True,True,5,True,59422.00001157408,59457.00001157408,0.5869979867657138,2.0,False,False,,,weekly,30.0,both,cache,/home/lkoo/projects/AutomationDetection/DownloadedLC/incremental/quiescent_background_cache.csv,3024000.0,9.361999999999999e-08,390.6930782288139,756000.0,3183.2695036986024,True,ok
4FGL J0403.9-3605,507,508,59464.00001157408,9.71e-08,3.19e-08,8.1e-08,2.155675595238095e-07,6.32769230769231e-08,8.402468660568555e-09,6.32769230769231e-08,8.402468660568555e-09,8.73e-08,8.73e-08,6.32769230769231e-08,True,True,True,6,True,59422.00001157408,59464.00001157408,1.0253129952011668,2.0,False,False,,,weekly,30.0,both,cache,/home/lkoo/projects/AutomationDetection/DownloadedLC/incremental/quiescent_background_cache.csv,3628800.0,9.42e-08,471.73622690648494,907200.0,2888.0267698187226,True,ok
4FGL J0403.9-3605,508,509,59471.00001157408,8.14e-08,4.02e-08,9.71e-08,2.155675595238095e-07,6.32769230769231e-08,8.402468660568555e-09,6.32769230769231e-08,8.402468660568555e-09,8.73e-08,8.73e-08,6.32769230769231e-08,False,True,True,7,True,59422.00001157408,59471.00001157408,0.4412864023424534,2.0,False,False,,,weekly,30.0,both,cache,/home/lkoo/projects/AutomationDetection/DownloadedLC/incremental/quiescent_background_cache.csv,4233600.0,9.237142857142857e-08,539.6755915034205,1058400.0,2726.7095014908627,True,ok
4FGL J0403.9-3605,509,510,59485.00001157408,8.22e-08,4e-08,8.14e-08,2.155675595238095e-07,6.32769230769231e-08,8.402468660568555e-09,6.32769230769231e-08,8.402468660568555e-09,8.73e-08,8.73e-08,6.32769230769231e-08,True,True,True,8,True,59422.00001157408,59485.00001157408,0.46297263721854226,2.0,False,False,,,weekly,30.0,both,cache,/home/lkoo/projects/AutomationDetection/DownloadedLC/incremental/quiescent_background_cache.csv,4838400.0,9.11e-08,608.2826648433232,1209600.0,2586.1913692901235,True,ok
4FGL J0403.9-3605,510,511,59492.00001157408,9.93e-08,2.95e-08,8.22e-08,2.155675595238095e-07,6.32769230769231e-08,8.402468660568555e-09,6.32769230769231e-08,8.402468660568555e-09,8.73e-08,8.73e-08,6.32769230769231e-08,True,True,True,9,True,59422.00001157408,59492.00001157408,1.1744114299614286,2.0,False,False,,,weekly,30.0,both,cache,/home/lkoo/projects/AutomationDetection/DownloadedLC/incremental/quiescent_background_cache.csv,5443200.0,9.20111111111111e-08,691.1620125641546,1360800.0,2414.1463269894366,True,ok
4FGL J0403.9-3605,511,512,59499.00001157408,6.66e-08,2.9e-08,9.93e-08,2.155675595238095e-07,6.32769230769231e-08,8.402468660568555e-09,6.32769230769231e-08,8.402468660568555e-09,8.73e-08,8.73e-08,6.32769230769231e-08,False,True,True,10,True,59422.00001157408,59499.00001157408,0.1100621225185707,2.0,False,False,,,weekly,30.0,both,cache,/home/lkoo/projects/AutomationDetection/DownloadedLC/incremental/quiescent_background_cache.csv,6048000.0,8.946999999999999e-08,746.7487654161927,1512000.0,2355.291356519853,True,ok
4FGL J0403.9-3605,512,513,59506.00001157408,1.74e-07,3.21e-08,6.66e-08,2.155675595238095e-07,6.32769230769231e-08,8.402468660568555e-09,6.32769230769231e-08,8.402468660568555e-09,8.73e-08,8.73e-08,6.32769230769231e-08,True,True,True,11,True,59422.00001157408,59506.00001157408,3.336892551170188,2.0,True,True,59506.00001157408,59506.00001157408,weekly,30.0,both,cache,/home/lkoo/projects/AutomationDetection/DownloadedLC/incremental/quiescent_background_cache.csv,6652800.0,9.715454545454546e-08,891.9754170116075,1663200.0,2068.1013367396995,True,ok
4FGL J0403.9-3605,513,514,59513.00001157408,1.89e-07,3.53e-08,1.74e-07,2.155675595238095e-07,6.32769230769231e-08,8.402468660568555e-09,6.32769230769231e-08,8.402468660568555e-09,8.73e-08,8.73e-08,6.32769230769231e-08,True,True,True,12,True,59422.00001157408,59513.00001157408,3.4647586581457763,2.0,True,True,59506.00001157408,59513.00001157408,weekly,30.0,both,cache,/home/lkoo/projects/AutomationDetection/DownloadedLC/incremental/quiescent_background_cache.csv,7257600.0,1.0480833333333334e-07,1049.7216075376614,1814400.0,1835.4984136567527,True,ok
4FGL J0403.9-3605,514,515,59520.00001157408,5.58e-08,2.2e-08,1.89e-07,2.155675595238095e-07,6.32769230769231e-08,8.402468660568555e-09,6.32769230769231e-08,8.402468660568555e-09,8.73e-08,8.73e-08,6.32769230769231e-08,False,False,False,0,False,,,-0.3174917178468975,2.0,False,False,,,weekly,30.0,both,cache,/home/lkoo/projects/AutomationDetection/DownloadedLC/incremental/quiescent_background_cache.csv,,,,,,False,not_in_flare_streak
4FGL J0403.9-3605,515,516,59527.00001157408,5.54e-08,3.08e-08,5.58e-08,2.155675595238095e-07,6.32769230769231e-08,8.402468660568555e-09,6.32769230769231e-08,8.402468660568555e-09,8.73e-08,8.73e-08,6.32769230769231e-08,False,False,False,0,False,,,-0.24672778479579194,2.0,False,False,,,weekly,30.0,both,cache,/home/lkoo/projects/AutomationDetection/DownloadedLC/incremental/quiescent_background_cache.csv,,,,,,False,not_in_flare_streak
4FGL J0403.9-3605,516,517,59534.00001157408,6.37e-08,2.96e-08,5.54e-08,2.155675595238095e-07,6.32769230769231e-08,8.402468660568555e-09,6.32769230769231e-08,8.402468660568555e-09,8.73e-08,8.73e-08,6.32769230769231e-08,True,True,True,1,False,59534.00001157408,,0.013749884413326731,2.0,False,False,,,weekly,30.0,both,cache,/home/lkoo/projects/AutomationDetection/DownloadedLC/incremental/quiescent_background_cache.csv,604800.0,6.37e-08,53.16630865878112,151200.0,10460.48368958077,True,ok
4FGL J0403.9-3605,517,518,59541.00001157408,5.95e-08,2.85e-08,6.37e-08,2.155675595238095e-07,6.32769230769231e-08,8.402468660568555e-09,6.32769230769231e-08,8.402468660568555e-09,8.73e-08,8.73e-08,6.32769230769231e-08,False,False,False,0,False,,,-0.12711427219789798,2.0,False,False,,,weekly,30.0,both,cache,/home/lkoo/projects/AutomationDetection/DownloadedLC/incremental/quiescent_background_cache.csv,,,,,,False,not_in_flare_streak
4FGL J0403.9-3605,518,519,59548.00001157408,9.51e-08,3.91e-08,5.95e-08,2.155675595238095e-07,6.32769230769231e-08,8.402468660568555e-09,6.32769230769231e-08,8.402468660568555e-09,8.73e-08,8.73e-08,6.32769230769231e-08,True,True,True,1,False,59548.00001157408,,0.7957232800958581,2.0,False,False,,,weekly,30.0,both,cache,/home/lkoo/projects/AutomationDetection/DownloadedLC/incremental/quiescent_background_cache.csv,604800.0,9.51e-08,79.37387682025252,151200.0,7007.261157931437,True,ok
4FGL J0403.9-3605,519,520,59555.00001157408,4.96e-08,3.08e-08,9.51e-08,2.155675595238095e-07,6.32769230769231e-08,8.402468660568555e-09,6.32769230769231e-08,8.402468660568555e-09,8.73e-08,8.73e-08,6.32769230769231e-08,False,False,False,0,False,,,-0.4284003919598803,2.0,False,False,,,weekly,30.0,both,cache,/home/lkoo/projects/AutomationDetection/DownloadedLC/incremental/quiescent_background_cache.csv,,,,,,False,not_in_flare_streak
4FGL J0403.9-3605,520,521,59562.00001157408,9.27e-08,2.99e-08,4.96e-08,2.155675595238095e-07,6.32769230769231e-08,8.402468660568555e-09,6.32769230769231e-08,8.402468660568555e-09,8.73e-08,8.73e-08,6.32769230769231e-08,True,True,True,1,False,59562.00001157408,,0.9473530859836697,2.0,False,False,,,weekly,30.0,both,cache,/home/lkoo/projects/AutomationDetection/DownloadedLC/incremental/quiescent_background_cache.csv,604800.0,9.27e-08,77.37075059135024,151200.0,7188.631328875435,True,ok
4FGL J0403.9-3605,521,522,59569.00001157408,8.91e-08,2.66e-08,9.27e-08,2.155675595238095e-07,6.32769230769231e-08,8.402468660568555e-09,6.32769230769231e-08,8.402468660568555e-09,8.73e-08,8.73e-08,6.32769230769231e-08,False,True,True,2,False,59562.00001157408,,0.9257060980269513,2.0,False,False,,,weekly,30.0,both,cache,/home/lkoo/projects/AutomationDetection/DownloadedLC/incremental/quiescent_background_cache.csv,1209600.0,9.09e-08,151.7368118393471,302400.0,5183.760258602456,True,ok
4FGL J0403.9-3605,522,523,59576.00001157408,8.63e-08,2.39e-08,8.91e-08,2.155675595238095e-07,6.32769230769231e-08,8.402468660568555e-09,6.32769230769231e-08,8.402468660568555e-09,8.73e-08,8.73e-08,6.32769230769231e-08,False,True,True,3,True,59562.00001157408,59576.00001157408,0.9087818068025024,2.0,False,False,,,weekly,30.0,both,cache,/home/lkoo/projects/AutomationDetection/DownloadedLC/incremental/quiescent_background_cache.csv,1814400.0,8.936666666666668e-08,223.76589248695797,453600.0,4305.124994428549,True,ok
4FGL J0403.9-3605,523,524,59583.00001157408,5.7e-08,3.03e-08,8.63e-08,2.155675595238095e-07,6.32769230769231e-08,8.402468660568555e-09,6.32769230769231e-08,8.402468660568555e-09,8.73e-08,8.73e-08,6.32769230769231e-08,False,False,False,0,False,,,-0.19962568100530065,2.0,False,False,,,weekly,30.0,both,cache,/home/lkoo/projects/AutomationDetection/DownloadedLC/incremental/quiescent_background_cache.csv,,,,,,False,not_in_flare_streak
4FGL J0403.9-3605,524,525,59597.00001157408,1.15e-07,4.87e-08,5.7e-08,2.155675595238095e-07,6.32769230769231e-08,8.402468660568555e-09,6.32769230769231e-08,8.402468660568555e-09,8.73e-08,8.73e-08,6.32769230769231e-08,True,True,True,1,False,59597.00001157408,,1.0466117479803367,2.0,False,False,,,weekly,30.0,both,cache,/home/lkoo/projects/AutomationDetection/DownloadedLC/incremental/quiescent_background_cache.csv,604800.0,1.15e-07,95.98313180156718,151200.0,5795.018411026053,True,ok
4FGL J0403.9-3605,525,526,59604.00001157408,9.92e-08,3.32e-08,1.15e-07,2.155675595238095e-07,6.32769230769231e-08,8.402468660568555e-09,6.32769230769231e-08,8.402468660568555e-09,8.73e-08,8.73e-08,6.32769230769231e-08,False,True,True,2,False,59597.00001157408,,1.048947783694161,2.0,False,False,,,weekly,30.0,both,cache,/home/lkoo/projects/AutomationDetection/DownloadedLC/incremental/quiescent_background_cache.csv,1209600.0,1.071e-07,178.77901592952776,302400.0,4399.858685674262,True,ok
4FGL J0403.9-3605,526,527,59611.00001157408,1.1e-07,2.81e-08,9.92e-08,2.155675595238095e-07,6.32769230769231e-08,8.402468660568555e-09,6.32769230769231e-08,8.402468660568555e-09,8.73e-08,8.73e-08,6.32769230769231e-08,True,True,True,3,True,59597.00001157408,59611.00001157408,1.5930478408379318,2.0,False,False,,,weekly,30.0,both,cache,/home/lkoo/projects/AutomationDetection/DownloadedLC/incremental/quiescent_background_cache.csv,1814400.0,1.0806666666666667e-07,270.58896808754855,453600.0,3560.3440830553027,True,ok
4FGL J0403.9-3605,527,528,59618.00001157408,1.64e-07,2.9e-08,1.1e-07,2.155675595238095e-07,6.32769230769231e-08,8.402468660568555e-09,6.32769230769231e-08,8.402468660568555e-09,8.73e-08,8.73e-08,6.32769230769231e-08,True,True,True,4,True,59597.00001157408,59618.00001157408,3.336003315412442,2.0,True,True,59618.00001157408,59618.00001157408,weekly,30.0,both,cache,/home/lkoo/projects/AutomationDetection/DownloadedLC/incremental/quiescent_background_cache.csv,2419200.0,1.2205e-07,407.4692603958705,604800.0,2730.1928571876156,True,ok
4FGL J0403.9-3605,528,529,59625.00001157408,1.04e-07,2.73e-08,1.64e-07,2.155675595238095e-07,6.32769230769231e-08,8.402468660568555e-09,6.32769230769231e-08,8.402468660568555e-09,8.73e-08,8.73e-08,6.32769230769231e-08,False,True,True,5,True,59597.00001157408,59625.00001157408,1.425687644141508,2.0,False,True,59618.00001157408,59625.00001157408,weekly,30.0,both,cache,/home/lkoo/projects/AutomationDetection/DownloadedLC/incremental/quiescent_background_cache.csv,3024000.0,1.1844000000000001e-07,494.2713969816356,756000.0,2516.363518659038,True,ok
4FGL J0403.9-3605,529,530,59632.00001157408,1.23e-07,4.62e-08,1.04e-07,2.155675595238095e-07,6.32769230769231e-08,8.402468660568555e-09,6.32769230769231e-08,8.402468660568555e-09,8.73e-08,8.73e-08,6.32769230769231e-08,True,True,True,6,True,59597.00001157408,59632.00001157408,1.2718438452048477,2.0,False,True,59618.00001157408,59632.00001157408,weekly,30.0,both,cache,/home/lkoo/projects/AutomationDetection/DownloadedLC/incremental/quiescent_background_cache.csv,3628800.0,1.1920000000000001e-07,596.931616212877,907200.0,2282.4738521690856,True,ok
4FGL J0403.9-3605,530,531,59639.00001157408,1.97e-07,6.49e-08,1.23e-07,2.155675595238095e-07,6.32769230769231e-08,8.402468660568555e-09,6.32769230769231e-08,8.402468660568555e-09,8.73e-08,8.73e-08,6.32769230769231e-08,True,True,True,7,True,59597.00001157408,59639.00001157408,2.0433935707822246,2.0,True,True,59618.00001157408,59639.00001157408,weekly,30.0,both,cache,/home/lkoo/projects/AutomationDetection/DownloadedLC/incremental/quiescent_background_cache.csv,4233600.0,1.3031428571428572e-07,761.3548941686051,1058400.0,1932.9915560187694,True,ok
4FGL J0403.9-3605,531,532,59646.00001157408,6.24e-08,3.03e-08,1.97e-07,2.155675595238095e-07,6.32769230769231e-08,8.402468660568555e-09,6.32769230769231e-08,8.402468660568555e-09,8.73e-08,8.73e-08,6.32769230769231e-08,False,False,False,0,False,,,-0.027888881905152894,2.0,False,False,,,weekly,30.0,both,cache,/home/lkoo/projects/AutomationDetection/DownloadedLC/incremental/quiescent_background_cache.csv,,,,,,False,not_in_flare_streak
4FGL J0403.9-3605,532,533,59653.00001157408,1.44e-07,4.18e-08,6.24e-08,2.155675595238095e-07,6.32769230769231e-08,8.402468660568555e-09,6.32769230769231e-08,8.402468660568555e-09,8.73e-08,8.73e-08,6.32769230769231e-08,True,True,True,1,False,59653.00001157408,,1.8933011691491555,2.0,False,False,,,weekly,30.0,both,cache,/home/lkoo/projects/AutomationDetection/DownloadedLC/incremental/quiescent_background_cache.csv,604800.0,1.44e-07,120.18757373413631,151200.0,4628.336270032646,True,ok
4FGL J0403.9-3605,533,534,59660.00001157408,2.02e-07,3.57e-08,1.44e-07,2.155675595238095e-07,6.32769230769231e-08,8.402468660568555e-09,6.32769230769231e-08,8.402468660568555e-09,8.73e-08,8.73e-08,6.32769230769231e-08,True,True,True,2,False,59653.00001157408,,3.7824465717295093,2.0,True,True,59660.00001157408,59660.00001157408,weekly,30.0,both,cache,/home/lkoo/projects/AutomationDetection/DownloadedLC/incremental/quiescent_background_cache.csv,1209600.0,1.73e-07,288.78403133341084,302400.0,2724.3382444996664,True,ok
4FGL J0403.9-3605,534,535,59667.00001157408,1.04e-07,2.63e-08,2.02e-07,2.155675595238095e-07,6.32769230769231e-08,8.402468660568555e-09,6.32769230769231e-08,8.402468660568555e-09,8.73e-08,8.73e-08,6.32769230769231e-08,False,True,True,3,True,59653.00001157408,59667.00001157408,1.4749593520566238,2.0,False,True,59660.00001157408,59667.00001157408,weekly,30.0,both,cache,/home/lkoo/projects/AutomationDetection/DownloadedLC/incremental/quiescent_background_cache.csv,1814400.0,1.5000000000000002e-07,375.586167919176,453600.0,2565.326791370487,True,ok
4FGL J0403.9-3605,535,536,59674.00001157408,1.56e-07,3.17e-08,1.04e-07,2.155675595238095e-07,6.32769230769231e-08,8.402468660568555e-09,6.32769230769231e-08,8.402468660568555e-09,8.73e-08,8.73e-08,6.32769230769231e-08,True,True,True,4,True,59653.00001157408,59674.00001157408,2.8273810817505245,2.0,True,True,59660.00001157408,59674.00001157408,weekly,30.0,both,cache,/home/lkoo/projects/AutomationDetection/DownloadedLC/incremental/quiescent_background_cache.csv,2419200.0,1.515e-07,505.7893727978236,604800.0,2199.6508519016056,True,ok
4FGL J0403.9-3605,536,537,59681.00001157408,9.89e-08,3.08e-08,1.56e-07,2.155675595238095e-07,6.32769230769231e-08,8.402468660568555e-09,6.32769230769231e-08,8.402468660568555e-09,8.73e-08,8.73e-08,6.32769230769231e-08,False,True,True,5,True,59653.00001157408,59681.00001157408,1.1158167689348713,2.0,False,True,59660.00001157408,59681.00001157408,weekly,30.0,both,cache,/home/lkoo/projects/AutomationDetection/DownloadedLC/incremental/quiescent_background_cache.csv,3024000.0,1.4098e-07,588.3348661471713,756000.0,2114.1766477072315,True,ok
4FGL J0403.9-3605,537,538,59688.00001157408,1.18e-07,5.16e-08,9.89e-08,2.155675595238095e-07,6.32769230769231e-08,8.402468660568555e-09,6.32769230769231e-08,8.402468660568555e-09,8.73e-08,8.73e-08,6.32769230769231e-08,True,True,True,6,True,59653.00001157408,59688.00001157408,1.0467376918540294,2.0,False,True,59660.00001157408,59688.00001157408,weekly,30.0,both,cache,/home/lkoo/projects/AutomationDetection/DownloadedLC/incremental/quiescent_background_cache.csv,3628800.0,1.3715e-07,686.8219057348664,907200.0,1983.8450828298094,True,ok
4FGL J0403.9-3605,538,539,59695.00001157408,1.98e-07,4.59e-08,1.18e-07,2.155675595238095e-07,6.32769230769231e-08,8.402468660568555e-09,6.32769230769231e-08,8.402468660568555e-09,8.73e-08,8.73e-08,6.32769230769231e-08,True,True,True,7,True,59653.00001157408,59695.00001157408,2.8871658951101478,2.0,True,True,59660.00001157408,59695.00001157408,weekly,30.0,both,cache,/home/lkoo/projects/AutomationDetection/DownloadedLC/incremental/quiescent_background_cache.csv,4233600.0,1.4584285714285714e-07,852.0798196193037,1058400.0,1727.2508712765457,True,ok
4FGL J0403.9-3605,539,540,59702.00001157408,1.1e-07,3.1e-08,1.98e-07,2.155675595238095e-07,6.32769230769231e-08,8.402468660568555e-09,6.32769230769231e-08,8.402468660568555e-09,8.73e-08,8.73e-08,6.32769230769231e-08,False,True,True,8,True,59653.00001157408,59702.00001157408,1.4547067603197794,2.0,False,True,59660.00001157408,59702.00001157408,weekly,30.0,both,cache,/home/lkoo/projects/AutomationDetection/DownloadedLC/incremental/quiescent_background_cache.csv,4838400.0,1.413625e-07,943.8897717773248,1209600.0,1666.8826548153213,True,ok
4FGL J0403.9-3605,540,541,59709.00001157408,5.21e-08,3.12e-08,1.1e-07,2.155675595238095e-07,6.32769230769231e-08,8.402468660568555e-09,6.32769230769231e-08,8.402468660568555e-09,8.73e-08,8.73e-08,6.32769230769231e-08,False,False,False,0,False,,,-0.3459102134093872,2.0,False,False,,,weekly,30.0,both,cache,/home/lkoo/projects/AutomationDetection/DownloadedLC/incremental/quiescent_background_cache.csv,,,,,,False,not_in_flare_streak
4FGL J0403.9-3605,541,542,59716.00001157408,1.04e-07,2.84e-08,5.21e-08,2.155675595238095e-07,6.32769230769231e-08,8.402468660568555e-09,6.32769230769231e-08,8.402468660568555e-09,8.73e-08,8.73e-08,6.32769230769231e-08,True,True,True,1,False,59716.00001157408,,1.3749940185982354,2.0,False,False,,,weekly,30.0,both,cache,/home/lkoo/projects/AutomationDetection/DownloadedLC/incremental/quiescent_background_cache.csv,604800.0,1.04e-07,86.80213658576511,151200.0,6407.758622891692,True,ok
4FGL J0403.9-3605,542,543,59723.00001157408,1.22e-07,3.03e-08,1.04e-07,2.155675595238095e-07,6.32769230769231e-08,8.402468660568555e-09,6.32769230769231e-08,8.402468660568555e-09,8.73e-08,8.73e-08,6.32769230769231e-08,True,True,True,2,False,59716.00001157408,,1.8675765303853662,2.0,False,False,,,weekly,30.0,both,cache,/home/lkoo/projects/AutomationDetection/DownloadedLC/incremental/quiescent_background_cache.csv,1209600.0,1.13e-07,188.6277198882973,302400.0,4170.19941747583,True,ok
4FGL J0403.9-3605,543,544,59730.00001157408,1.58e-07,3.44e-08,1.22e-07,2.155675595238095e-07,6.32769230769231e-08,8.402468660568555e-09,6.32769230769231e-08,8.402468660568555e-09,8.73e-08,8.73e-08,6.32769230769231e-08,True,True,True,3,True,59716.00001157408,59730.00001157408,2.6749378693565418,2.0,True,True,59730.00001157408,59730.00001157408,weekly,30.0,both,cache,/home/lkoo/projects/AutomationDetection/DownloadedLC/incremental/quiescent_background_cache.csv,1814400.0,1.28e-07,320.50019662436347,453600.0,3006.0599374822664,True,ok
4FGL J0403.9-3605,544,545,59737.00001157408,1.58e-07,3.4e-08,1.58e-07,2.155675595238095e-07,6.32769230769231e-08,8.402468660568555e-09,6.32769230769231e-08,8.402468660568555e-09,8.73e-08,8.73e-08,6.32769230769231e-08,False,True,True,4,True,59716.00001157408,59737.00001157408,2.704606296953321,2.0,True,True,59730.00001157408,59737.00001157408,weekly,30.0,both,cache,/home/lkoo/projects/AutomationDetection/DownloadedLC/incremental/quiescent_background_cache.csv,2419200.0,1.3550000000000002e-07,452.37267336042976,604800.0,2459.2797020897424,True,ok
4FGL J0403.9-3605,545,546,59744.00001157408,1.05e-07,3.29e-08,1.58e-07,2.155675595238095e-07,6.32769230769231e-08,8.402468660568555e-09,6.32769230769231e-08,8.402468660568555e-09,8.73e-08,8.73e-08,6.32769230769231e-08,False,True,True,5,True,59716.00001157408,59744.00001157408,1.228738632192373,2.0,False,True,59730.00001157408,59744.00001157408,weekly,30.0,both,cache,/home/lkoo/projects/AutomationDetection/DownloadedLC/incremental/quiescent_background_cache.csv,3024000.0,1.2940000000000003e-07,540.0094458749043,756000.0,2303.3006552182437,True,ok
4FGL J0403.9-3605,546,547,59751.00001157408,1.61e-07,3.98e-08,1.05e-07,2.155675595238095e-07,6.32769230769231e-08,8.402468660568555e-09,6.32769230769231e-08,8.402468660568555e-09,8.73e-08,8.73e-08,6.32769230769231e-08,True,True,True,6,True,59716.00001157408,59751.00001157408,2.4023992252145074,2.0,True,True,59730.00001157408,59751.00001157408,weekly,30.0,both,cache,/home/lkoo/projects/AutomationDetection/DownloadedLC/incremental/quiescent_background_cache.csv,3628800.0,1.3466666666666668e-07,674.3858303970982,907200.0,2020.414526893962,True,ok
4FGL J0403.9-3605,547,548,59758.00001157408,1.57e-07,4.4e-08,1.61e-07,2.155675595238095e-07,6.32769230769231e-08,8.402468660568555e-09,6.32769230769231e-08,8.402468660568555e-09,8.73e-08,8.73e-08,6.32769230769231e-08,False,True,True,7,True,59716.00001157408,59758.00001157408,2.09226154979929,2.0,True,True,59730.00001157408,59758.00001157408,weekly,30.0,both,cache,/home/lkoo/projects/AutomationDetection/DownloadedLC/incremental/quiescent_background_cache.csv,4233600.0,1.3785714285714287e-07,805.4236712044551,1058400.0,1827.265885509474,True,ok
4FGL J0403.9-3605,548,549,59765.00001157408,1.4e-07,3.18e-08,1.57e-07,2.155675595238095e-07,6.32769230769231e-08,8.402468660568555e-09,6.32769230769231e-08,8.402468660568555e-09,8.73e-08,8.73e-08,6.32769230769231e-08,False,True,True,8,True,59716.00001157408,59765.00001157408,2.332621085545326,2.0,True,True,59730.00001157408,59765.00001157408,weekly,30.0,both,cache,/home/lkoo/projects/AutomationDetection/DownloadedLC/incremental/quiescent_background_cache.csv,4838400.0,1.38125e-07,922.2727012237542,1209600.0,1705.9373421157115,True,ok
4FGL J0403.9-3605,549,550,59772.00001157408,8.31e-08,2.46e-08,1.4e-07,2.155675595238095e-07,6.32769230769231e-08,8.402468660568555e-09,6.32769230769231e-08,8.402468660568555e-09,8.73e-08,8.73e-08,6.32769230769231e-08,False,True,True,9,True,59716.00001157408,59772.00001157408,0.7625605786298217,2.0,False,True,59730.00001157408,59772.00001157408,weekly,30.0,both,cache,/home/lkoo/projects/AutomationDetection/DownloadedLC/incremental/quiescent_background_cache.csv,5443200.0,1.3201111111111112e-07,991.6309468994954,1360800.0,1682.8340703527563,True,ok
4FGL J0403.9-3605,550,551,59779.00001157408,9.11e-08,2.58e-08,8.31e-08,2.155675595238095e-07,6.32769230769231e-08,8.402468660568555e-09,6.32769230769231e-08,8.402468660568555e-09,8.73e-08,8.73e-08,6.32769230769231e-08,True,True,True,10,True,59716.00001157408,59779.00001157408,1.0254040196116903,2.0,False,True,59730.00001157408,59779.00001157408,weekly,30.0,both,cache,/home/lkoo/projects/AutomationDetection/DownloadedLC/incremental/quiescent_background_cache.csv,6048000.0,1.2792000000000002e-07,1067.6662800049112,1512000.0,1647.516171285822,True,ok
4FGL J0403.9-3605,551,552,59786.00001157408,9.22e-08,2.71e-08,9.11e-08,2.155675595238095e-07,6.32769230769231e-08,8.402468660568555e-09,6.32769230769231e-08,8.402468660568555e-09,8.73e-08,8.73e-08,6.32769230769231e-08,True,True,True,11,True,59716.00001157408,59786.00001157408,1.0193972457529639,2.0,False,True,59730.00001157408,59786.00001157408,weekly,30.0,both,cache,/home/lkoo/projects/AutomationDetection/DownloadedLC/incremental/quiescent_background_cache.csv,6652800.0,1.2467272727272728e-07,1144.6197126319066,1663200.0,1611.745419419669,True,ok
4FGL J0403.9-3605,552,553,59793.00001157408,1.39e-07,3.75e-08,9.22e-08,2.155675595238095e-07,6.32769230769231e-08,8.402468660568555e-09,6.32769230769231e-08,8.402468660568555e-09,8.73e-08,8.73e-08,6.32769230769231e-08,True,True,True,12,True,59716.00001157408,59793.00001157408,1.9704246936437477,2.0,False,True,59730.00001157408,59793.00001157408,weekly,30.0,both,cache,/home/lkoo/projects/AutomationDetection/DownloadedLC/incremental/quiescent_background_cache.csv,7257600.0,1.2586666666666668e-07,1260.6341067224964,1814400.0,1528.496059318862,True,ok
4FGL J0403.9-3605,553,554,59800.00001157408,9.83e-08,3.74e-08,1.39e-07,2.155675595238095e-07,6.32769230769231e-08,8.402468660568555e-09,6.32769230769231e-08,8.402468660568555e-09,8.73e-08,8.73e-08,6.32769230769231e-08,False,True,True,13,True,59716.00001157408,59800.00001157408,0.9136712782600874,2.0,False,True,59730.00001157408,59800.00001157408,weekly,30.0,both,cache,/home/lkoo/projects/AutomationDetection/DownloadedLC/incremental/quiescent_background_cache.csv,7862400.0,1.2374615384615386e-07,1342.6788185146186,1965600.0,1493.6875172568955,True,ok
4FGL J0403.9-3605,554,555,59807.00001157408,1.33e-07,4.21e-08,9.83e-08,2.155675595238095e-07,6.32769230769231e-08,8.402468660568555e-09,6.32769230769231e-08,8.402468660568555e-09,8.73e-08,8.73e-08,6.32769230769231e-08,True,True,True,14,True,59716.00001157408,59807.00001157408,1.6240990951363665,2.0,False,True,59730.00001157408,59807.00001157408,weekly,30.0,both,cache,/home/lkoo/projects/AutomationDetection/DownloadedLC/incremental/quiescent_background_cache.csv,8467200.0,1.2440714285714286e-07,1453.6853970329528,2116800.0,1431.7084725818097,True,ok
4FGL J0403.9-3605,555,556,59814.00001157408,1.24e-07,3.68e-08,1.33e-07,2.155675595238095e-07,6.32769230769231e-08,8.402468660568555e-09,6.32769230769231e-08,8.402468660568555e-09,8.73e-08,8.73e-08,6.32769230769231e-08,False,True,True,15,True,59716.00001157408,59814.00001157408,1.6086830834686852,2.0,False,True,59730.00001157408,59814.00001157408,weekly,30.0,both,cache,/home/lkoo/projects/AutomationDetection/DownloadedLC/incremental/quiescent_background_cache.csv,9072000.0,1.2438e-07,1557.1802521929037,2268000.0,1383.4635283884986,True,ok
4FGL J0403.9-3605,556,557,59821.00001157408,7.99e-08,2.78e-08,1.24e-07,2.155675595238095e-07,6.32769230769231e-08,8.402468660568555e-09,6.32769230769231e-08,8.402468660568555e-09,8.73e-08,8.73e-08,6.32769230769231e-08,False,True,True,16,True,59716.00001157408,59821.00001157408,0.5723793233393799,2.0,False,True,59730.00001157408,59821.00001157408,weekly,30.0,both,cache,/home/lkoo/projects/AutomationDetection/DownloadedLC/incremental/quiescent_background_cache.csv,9676800.0,1.216e-07,1623.8676628967753,2419200.0,1370.1464828656794,True,ok
4FGL J0403.9-3605,557,558,59828.00001157408,1.23e-07,3.18e-08,7.99e-08,2.155675595238095e-07,6.32769230769231e-08,8.402468660568555e-09,6.32769230769231e-08,8.402468660568555e-09,8.73e-08,8.73e-08,6.32769230769231e-08,True,True,True,17,True,59716.00001157408,59828.00001157408,1.8157680076372475,2.0,False,True,59730.00001157408,59828.00001157408,weekly,30.0,both,cache,/home/lkoo/projects/AutomationDetection/DownloadedLC/incremental/quiescent_background_cache.csv,10281600.0,1.2168235294117647e-07,1726.5278821280162,2570400.0,1328.338026650416,True,ok
4FGL J0403.9-3605,558,559,59835.00001157408,6.27e-08,3.61e-08,1.23e-07,2.155675595238095e-07,6.32769230769231e-08,8.402468660568555e-09,6.32769230769231e-08,8.402468660568555e-09,8.73e-08,8.73e-08,6.32769230769231e-08,False,False,False,0,False,,,-0.015565186925154389,2.0,False,False,,,weekly,30.0,both,cache,/home/lkoo/projects/AutomationDetection/DownloadedLC/incremental/quiescent_background_cache.csv,,,,,,False,not_in_flare_streak
4FGL J0403.9-3605,559,560,59842.00001157408,5.68e-08,2.63e-08,6.27e-08,2.155675595238095e-07,6.32769230769231e-08,8.402468660568555e-09,6.32769230769231e-08,8.402468660568555e-09,8.73e-08,8.73e-08,6.32769230769231e-08,False,False,False,0,False,,,-0.234589303821625,2.0,False,False,,,weekly,30.0,both,cache,/home/lkoo/projects/AutomationDetection/DownloadedLC/incremental/quiescent_background_cache.csv,,,,,,False,not_in_flare_streak
4FGL J0403.9-3605,560,561,59849.00001157408,8.47e-08,4.43e-08,5.68e-08,2.155675595238095e-07,6.32769230769231e-08,8.402468660568555e-09,6.32769230769231e-08,8.402468660568555e-09,8.73e-08,8.73e-08,6.32769230769231e-08,True,True,True,1,False,59849.00001157408,,0.4751200818168251,2.0,False,False,,,weekly,30.0,both,cache,/home/lkoo/projects/AutomationDetection/DownloadedLC/incremental/quiescent_background_cache.csv,604800.0,8.47e-08,70.693663161676,151200.0,7867.43113971702,True,ok
4FGL J0403.9-3605,561,562,59856.00001157408,1.34e-07,4.03e-08,8.47e-08,2.155675595238095e-07,6.32769230769231e-08,8.402468660568555e-09,6.32769230769231e-08,8.402468660568555e-09,8.73e-08,8.73e-08,6.32769230769231e-08,True,True,True,2,False,59849.00001157408,,1.7179709827008072,2.0,False,False,,,weekly,30.0,both,cache,/home/lkoo/projects/AutomationDetection/DownloadedLC/incremental/quiescent_background_cache.csv,1209600.0,1.0935000000000001e-07,182.53487760871954,302400.0,4309.353359358376,True,ok
4FGL J0403.9-3605,562,563,59863.00001157408,2.24e-07,3.79e-08,1.34e-07,2.155675595238095e-07,6.32769230769231e-08,8.402468660568555e-09,6.32769230769231e-08,8.402468660568555e-09,8.73e-08,8.73e-08,6.32769230769231e-08,True,True,True,3,True,59849.00001157408,59863.00001157408,4.140187004088258,2.0,True,True,59863.00001157408,59863.00001157408,weekly,30.0,both,cache,/home/lkoo/projects/AutomationDetection/DownloadedLC/incremental/quiescent_background_cache.csv,1814400.0,1.4756666666666667e-07,369.4933256395982,453600.0,2607.610818756697,True,ok
4FGL J0403.9-3605,563,564,59870.00001157408,3.18e-07,4.29e-08,2.24e-07,2.155675595238095e-07,6.32769230769231e-08,8.402468660568555e-09,6.32769230769231e-08,8.402468660568555e-09,8.73e-08,8.73e-08,6.32769230769231e-08,True,True,True,4,True,59849.00001157408,59870.00001157408,5.8268876471050595,2.0,True,True,59863.00001157408,59870.00001157408,weekly,30.0,both,cache,/home/lkoo/projects/AutomationDetection/DownloadedLC/incremental/quiescent_background_cache.csv,2419200.0,1.90175e-07,634.9075509691492,604800.0,1752.5050335109831,True,ok
4FGL J0403.9-3605,564,565,59877.00001157408,1.94e-07,3.46e-08,3.18e-07,2.155675595238095e-07,6.32769230769231e-08,8.402468660568555e-09,6.32769230769231e-08,8.402468660568555e-09,8.73e-08,8.73e-08,6.32769230769231e-08,False,True,True,5,True,59849.00001157408,59877.00001157408,3.6714150657340308,2.0,True,True,59863.00001157408,59877.00001157408,weekly,30.0,both,cache,/home/lkoo/projects/AutomationDetection/DownloadedLC/incremental/quiescent_background_cache.csv,3024000.0,1.9094e-07,796.8269211387495,756000.0,1561.2113150798496,True,ok
4FGL J0403.9-3605,565,566,59884.00001157408,2.35e-07,3.6e-08,1.94e-07,2.155675595238095e-07,6.32769230769231e-08,8.402468660568555e-09,6.32769230769231e-08,8.402468660568555e-09,8.73e-08,8.73e-08,6.32769230769231e-08,True,True,True,6,True,59849.00001157408,59884.00001157408,4.64523530620781,2.0,True,True,59863.00001157408,59884.00001157408,weekly,30.0,both,cache,/home/lkoo/projects/AutomationDetection/DownloadedLC/incremental/quiescent_background_cache.csv,3628800.0,1.9828333333333335e-07,992.9663643854303,907200.0,1372.431151137285,True,ok
4FGL J0403.9-3605,566,567,59891.00001157408,2.1e-07,4.46e-08,2.35e-07,2.155675595238095e-07,6.32769230769231e-08,8.402468660568555e-09,6.32769230769231e-08,8.402468660568555e-09,8.73e-08,8.73e-08,6.32769230769231e-08,False,True,True,7,True,59849.00001157408,59891.00001157408,3.2328827952153776,2.0,True,True,59863.00001157408,59891.00001157408,weekly,30.0,both,cache,/home/lkoo/projects/AutomationDetection/DownloadedLC/incremental/quiescent_background_cache.csv,4233600.0,1.9995714285714285e-07,1168.2399094143789,1058400.0,1259.9939649315575,True,ok
4FGL J0403.9-3605,567,568,59898.00001157408,1.1e-07,3.79e-08,2.1e-07,2.155675595238095e-07,6.32769230769231e-08,8.402468660568555e-09,6.32769230769231e-08,8.402468660568555e-09,8.73e-08,8.73e-08,6.32769230769231e-08,False,True,True,8,True,59849.00001157408,59898.00001157408,1.2035749910420253,2.0,False,True,59863.00001157408,59898.00001157408,weekly,30.0,both,cache,/home/lkoo/projects/AutomationDetection/DownloadedLC/incremental/quiescent_background_cache.csv,4838400.0,1.8871250000000002e-07,1260.0498615723998,1209600.0,1248.806877486358,True,ok
4FGL J0403.9-3605,568,569,59905.00001157408,1.01e-07,4.2e-08,1.1e-07,2.155675595238095e-07,6.32769230769231e-08,8.402468660568555e-09,6.32769230769231e-08,8.402468660568555e-09,8.73e-08,8.73e-08,6.32769230769231e-08,False,True,True,9,True,59849.00001157408,59905.00001157408,0.880716716326502,2.0,False,True,59863.00001157408,59905.00001157408,weekly,30.0,both,cache,/home/lkoo/projects/AutomationDetection/DownloadedLC/incremental/quiescent_background_cache.csv,5443200.0,1.7896666666666667e-07,1344.3480903720372,1360800.0,1241.4689705903672,True,ok
4FGL J0403.9-3605,569,570,59912.00001157408,1.93e-07,3.78e-08,1.01e-07,2.155675595238095e-07,6.32769230769231e-08,8.402468660568555e-09,6.32769230769231e-08,8.402468660568555e-09,8.73e-08,8.73e-08,6.32769230769231e-08,True,True,True,10,True,59849.00001157408,59912.00001157408,3.3500591938234474,2.0,True,True,59863.00001157408,59912.00001157408,weekly,30.0,both,cache,/home/lkoo/projects/AutomationDetection/DownloadedLC/incremental/quiescent_background_cache.csv,6048000.0,1.8037000000000002e-07,1505.4328246129285,1512000.0,1168.6020622293918,True,ok
4FGL J0403.9-3605,570,571,59919.00001157408,2.1e-07,4.21e-08,1.93e-07,2.155675595238095e-07,6.32769230769231e-08,8.402468660568555e-09,6.32769230769231e-08,8.402468660568555e-09,8.73e-08,8.73e-08,6.32769230769231e-08,True,True,True,11,True,59849.00001157408,59919.00001157408,3.4177036783573533,2.0,True,True,59863.00001157408,59919.00001157408,weekly,30.0,both,cache,/home/lkoo/projects/AutomationDetection/DownloadedLC/incremental/quiescent_background_cache.csv,6652800.0,1.8306363636363639e-07,1680.7063696418775,1663200.0,1097.8316615468677,True,ok
4FGL J0403.9-3605,571,572,59926.00001157408,1.96e-07,3.26e-08,2.1e-07,2.155675595238095e-07,6.32769230769231e-08,8.402468660568555e-09,6.32769230769231e-08,8.402468660568555e-09,8.73e-08,8.73e-08,6.32769230769231e-08,False,True,True,12,True,59849.00001157408,59926.00001157408,3.942413900860143,2.0,True,True,59863.00001157408,59926.00001157408,weekly,30.0,both,cache,/home/lkoo/projects/AutomationDetection/DownloadedLC/incremental/quiescent_background_cache.csv,7257600.0,1.841416666666667e-07,1844.295011668896,1814400.0,1044.9434244885138,True,ok
4FGL J0403.9-3605,572,573,59933.00001157408,4.23e-07,4.16e-08,1.96e-07,2.155675595238095e-07,6.32769230769231e-08,8.402468660568555e-09,6.32769230769231e-08,8.402468660568555e-09,8.73e-08,8.73e-08,6.32769230769231e-08,True,True,True,13,True,59849.00001157408,59933.00001157408,8.47602003008671,2.0,True,True,59863.00001157408,59933.00001157408,weekly,30.0,both,cache,/home/lkoo/projects/AutomationDetection/DownloadedLC/incremental/quiescent_background_cache.csv,7862400.0,2.0251538461538463e-07,2197.3460095129212,1965600.0,912.9095984980236,True,ok
4FGL J0403.9-3605,573,574,59940.00001157408,3.6e-07,3.67e-08,4.23e-07,2.155675595238095e-07,6.32769230769231e-08,8.402468660568555e-09,6.32769230769231e-08,8.402468660568555e-09,8.73e-08,8.73e-08,6.32769230769231e-08,False,True,True,14,True,59849.00001157408,59940.00001157408,7.881177255027864,2.0,True,True,59863.00001157408,59940.00001157408,weekly,30.0,both,cache,/home/lkoo/projects/AutomationDetection/DownloadedLC/incremental/quiescent_background_cache.csv,8467200.0,2.1376428571428571e-07,2497.814943848262,2116800.0,833.43507375927,True,ok
4FGL J0403.9-3605,574,575,59947.00001157408,2.41e-07,3.84e-08,3.6e-07,2.155675595238095e-07,6.32769230769231e-08,8.402468660568555e-09,6.32769230769231e-08,8.402468660568555e-09,8.73e-08,8.73e-08,6.32769230769231e-08,False,True,True,15,True,59849.00001157408,59947.00001157408,4.5212329831777,2.0,True,True,59863.00001157408,59947.00001157408,weekly,30.0,both,cache,/home/lkoo/projects/AutomationDetection/DownloadedLC/incremental/quiescent_background_cache.csv,9072000.0,2.1558e-07,2698.9622026671987,2268000.0,798.3972191768623,True,ok
4FGL J0403.9-3605,575,576,59954.00001157408,2.4e-07,4.59e-08,2.41e-07,2.155675595238095e-07,6.32769230769231e-08,8.402468660568555e-09,6.32769230769231e-08,8.402468660568555e-09,8.73e-08,8.73e-08,6.32769230769231e-08,False,True,True,16,True,59849.00001157408,59954.00001157408,3.7872415938255415,2.0,True,True,59863.00001157408,59954.00001157408,weekly,30.0,both,cache,/home/lkoo/projects/AutomationDetection/DownloadedLC/incremental/quiescent_background_cache.csv,9676800.0,2.1710625000000002e-07,2899.2748255574256,2419200.0,767.6135329735898,True,ok
4FGL J0403.9-3605,576,577,59961.00001157408,3.94e-07,6.27e-08,2.4e-07,2.155675595238095e-07,6.32769230769231e-08,8.402468660568555e-09,6.32769230769231e-08,8.402468660568555e-09,8.73e-08,8.73e-08,6.32769230769231e-08,True,True,True,17,True,59849.00001157408,59961.00001157408,5.227955064081816,2.0,True,True,59863.00001157408,59961.00001157408,weekly,30.0,both,cache,/home/lkoo/projects/AutomationDetection/DownloadedLC/incremental/quiescent_background_cache.csv,10281600.0,2.2751176470588237e-07,3228.1213814688817,2570400.0,710.6554283612559,True,ok
4FGL J0403.9-3605,577,578,59968.00001157408,4.48e-07,5.18e-08,3.94e-07,2.155675595238095e-07,6.32769230769231e-08,8.402468660568555e-09,6.32769230769231e-08,8.402468660568555e-09,8.73e-08,8.73e-08,6.32769230769231e-08,True,True,True,18,True,59849.00001157408,59968.00001157408,7.331262481881048,2.0,True,True,59863.00001157408,59968.00001157408,weekly,30.0,both,cache,/home/lkoo/projects/AutomationDetection/DownloadedLC/incremental/quiescent_background_cache.csv,10886400.0,2.397611111111111e-07,3602.0382775306393,2721600.0,655.3707681571989,True,ok
4FGL J0403.9-3605,578,579,59975.00001157408,6.36e-07,5.23e-08,4.48e-07,2.155675595238095e-07,6.32769230769231e-08,8.402468660568555e-09,6.32769230769231e-08,8.402468660568555e-09,8.73e-08,8.73e-08,6.32769230769231e-08,True,True,True,19,True,59849.00001157408,59975.00001157408,10.812079926741143,2.0,True,True,59863.00001157408,59975.00001157408,weekly,30.0,both,cache,/home/lkoo/projects/AutomationDetection/DownloadedLC/incremental/quiescent_background_cache.csv,11491200.0,2.606157894736842e-07,4132.8667281897415,2872800.0,586.8802578222409,True,ok
4FGL J0403.9-3605,579,580,59982.00001157408,1.09e-06,5.58e-08,6.36e-07,2.155675595238095e-07,6.32769230769231e-08,8.402468660568555e-09,6.32769230769231e-08,8.402468660568555e-09,8.73e-08,8.73e-08,6.32769230769231e-08,True,True,True,20,True,59849.00001157408,59982.00001157408,18.194927346536797,2.0,True,True,59863.00001157408,59982.00001157408,weekly,30.0,both,cache,/home/lkoo/projects/AutomationDetection/DownloadedLC/incremental/quiescent_background_cache.csv,12096000.0,3.02085e-07,5042.619890482856,3024000.0,493.5515236435532,True,ok
4FGL J0403.9-3605,580,581,59989.00001157408,2.11e-06,6.83e-08,1.09e-06,2.155675595238095e-07,6.32769230769231e-08,8.402468660568555e-09,6.32769230769231e-08,8.402468660568555e-09,8.73e-08,8.73e-08,6.32769230769231e-08,True,True,True,21,True,59849.00001157408,59989.00001157408,29.742437422984555,2.0,True,True,59863.00001157408,59989.00001157408,weekly,30.0,both,cache,/home/lkoo/projects/AutomationDetection/DownloadedLC/incremental/quiescent_background_cache.csv,12700800.0,3.881761904761905e-07,6803.701700059437,3175200.0,374.9221626468036,True,ok
4FGL J0403.9-3605,581,582,59996.00001157408,2.24e-06,8.26e-08,2.11e-06,2.155675595238095e-07,6.32769230769231e-08,8.402468660568555e-09,6.32769230769231e-08,8.402468660568555e-09,8.73e-08,8.73e-08,6.32769230769231e-08,True,True,True,22,True,59849.00001157408,59996.00001157408,26.217281370606067,2.0,True,True,59863.00001157408,59996.00001157408,weekly,30.0,both,cache,/home/lkoo/projects/AutomationDetection/DownloadedLC/incremental/quiescent_background_cache.csv,13305600.0,4.7235e-07,8673.286180368223,3326400.0,301.09604565135993,True,ok
4FGL J0403.9-3605,582,583,60003.00001157408,2.1e-06,1.1e-07,2.24e-06,2.155675595238095e-07,6.32769230769231e-08,8.402468660568555e-09,6.32769230769231e-08,8.402468660568555e-09,8.73e-08,8.73e-08,6.32769230769231e-08,False,True,True,23,True,59849.00001157408,60003.00001157408,18.461881676319685,2.0,True,True,59863.00001157408,60003.00001157408,weekly,30.0,both,cache,/home/lkoo/projects/AutomationDetection/DownloadedLC/incremental/quiescent_background_cache.csv,13910400.0,5.431173913043479e-07,10426.021630657713,3477600.0,256.1576167373731,True,ok
4FGL J0403.9-3605,583,584,60010.00001157408,2.46e-06,1.3e-07,2.1e-06,2.155675595238095e-07,6.32769230769231e-08,8.402468660568555e-09,6.32769230769231e-08,8.402468660568555e-09,8.73e-08,8.73e-08,6.32769230769231e-08,True,True,True,24,True,59849.00001157408,60010.00001157408,18.397941770948254,2.0,True,True,59863.00001157408,60010.00001157408,weekly,30.0,both,cache,/home/lkoo/projects/AutomationDetection/DownloadedLC/incremental/quiescent_background_cache.csv,14515200.0,6.229875000000001e-07,12479.226015282542,3628800.0,218.66303853135406,True,ok
4FGL J0403.9-3605,584,585,60017.00001157408,2.44e-06,1.07e-07,2.46e-06,2.155675595238095e-07,6.32769230769231e-08,8.402468660568555e-09,6.32769230769231e-08,8.402468660568555e-09,8.73e-08,8.73e-08,6.32769230769231e-08,False,True,True,25,True,59849.00001157408,60017.00001157408,22.1441928777597,2.0,True,True,59863.00001157408,60017.00001157408,weekly,30.0,both,cache,/home/lkoo/projects/AutomationDetection/DownloadedLC/incremental/quiescent_background_cache.csv,15120000.0,6.95668e-07,14515.737681333183,3780000.0,191.90005771019509,True,ok
4FGL J0403.9-3605,585,586,60024.00001157408,1.27e-06,7.02e-08,2.44e-06,2.155675595238095e-07,6.32769230769231e-08,8.402468660568555e-09,6.32769230769231e-08,8.402468660568555e-09,8.73e-08,8.73e-08,6.32769230769231e-08,False,True,True,26,True,59849.00001157408,60024.00001157408,17.06796028889252,2.0,True,True,59863.00001157408,60024.00001157408,weekly,30.0,both,cache,/home/lkoo/projects/AutomationDetection/DownloadedLC/incremental/quiescent_background_cache.csv,15724800.0,7.177576923076923e-07,15575.725310793969,3931200.0,182.39334249730578,True,ok
4FGL J0403.9-3605,586,587,60031.00001157408,7.42e-07,5.29e-08,1.27e-06,2.155675595238095e-07,6.32769230769231e-08,8.402468660568555e-09,6.32769230769231e-08,8.402468660568555e-09,8.73e-08,8.73e-08,6.32769230769231e-08,False,True,True,27,True,59849.00001157408,60031.00001157408,12.671454622816956,2.0,True,True,59863.00001157408,60031.00001157408,weekly,30.0,both,cache,/home/lkoo/projects/AutomationDetection/DownloadedLC/incremental/quiescent_background_cache.csv,16329600.0,7.186555555555556e-07,16195.025169896255,4082400.0,178.7606455906348,True,ok
4FGL J0403.9-3605,587,588,60038.00001157408,4.15e-07,4.09e-08,7.42e-07,2.155675595238095e-07,6.32769230769231e-08,8.402468660568555e-09,6.32769230769231e-08,8.402468660568555e-09,8.73e-08,8.73e-08,6.32769230769231e-08,False,True,True,28,True,59849.00001157408,60038.00001157408,8.42366162550265,2.0,True,True,59863.00001157408,60038.00001157408,weekly,30.0,both,cache,/home/lkoo/projects/AutomationDetection/DownloadedLC/incremental/quiescent_background_cache.csv,16934400.0,7.078107142857143e-07,16541.399080310603,4233600.0,178.22371302844215,True,ok
4FGL J0403.9-3605,588,589,60045.00001157408,1.36e-06,6.99e-08,4.15e-07,2.155675595238095e-07,6.32769230769231e-08,8.402468660568555e-09,6.32769230769231e-08,8.402468660568555e-09,8.73e-08,8.73e-08,6.32769230769231e-08,True,True,True,29,True,59849.00001157408,60045.00001157408,18.418522992891056,2.0,True,True,59863.00001157408,60045.00001157408,weekly,30.0,both,cache,/home/lkoo/projects/AutomationDetection/DownloadedLC/incremental/quiescent_background_cache.csv,17539200.0,7.303e-07,17676.503943355227,4384800.0,169.74155890159292,True,ok
4FGL J0403.9-3605,589,590,60052.00001157408,9.04e-07,7.22e-08,1.36e-06,2.155675595238095e-07,6.32769230769231e-08,8.402468660568555e-09,6.32769230769231e-08,8.402468660568555e-09,8.73e-08,8.73e-08,6.32769230769231e-08,False,True,True,30,True,59849.00001157408,60052.00001157408,11.566301735495964,2.0,True,True,59863.00001157408,60052.00001157408,weekly,30.0,both,cache,/home/lkoo/projects/AutomationDetection/DownloadedLC/incremental/quiescent_background_cache.csv,18144000.0,7.360900000000001e-07,18431.01482290842,4536000.0,165.57846540863136,True,ok
4FGL J0403.9-3605,590,591,60059.00001157408,1.06e-06,7.23e-08,9.04e-07,2.155675595238095e-07,6.32769230769231e-08,8.402468660568555e-09,6.32769230769231e-08,8.402468660568555e-09,8.73e-08,8.73e-08,6.32769230769231e-08,True,True,True,31,True,59849.00001157408,60059.00001157408,13.693768589289324,2.0,True,True,59863.00001157408,60059.00001157408,weekly,30.0,both,cache,/home/lkoo/projects/AutomationDetection/DownloadedLC/incremental/quiescent_background_cache.csv,18748800.0,7.465387096774194e-07,19315.728907340253,4687200.0,160.61078070463623,True,ok
4FGL J0403.9-3605,591,592,60066.00001157408,6.44e-07,5.66e-08,1.06e-06,2.155675595238095e-07,6.32769230769231e-08,8.402468660568555e-09,6.32769230769231e-08,8.402468660568555e-09,8.73e-08,8.73e-08,6.32769230769231e-08,False,True,True,32,True,59849.00001157408,60066.00001157408,10.148901491219155,2.0,True,True,59863.00001157408,60066.00001157408,weekly,30.0,both,cache,/home/lkoo/projects/AutomationDetection/DownloadedLC/incremental/quiescent_background_cache.csv,19353600.0,7.43334375e-07,19853.23444542903,4838400.0,158.7613709602355,True,ok
4FGL J0403.9-3605,592,593,60073.00001157408,5.91e-07,4.99e-08,6.44e-07,2.155675595238095e-07,6.32769230769231e-08,8.402468660568555e-09,6.32769230769231e-08,8.402468660568555e-09,8.73e-08,8.73e-08,6.32769230769231e-08,False,True,True,33,True,59849.00001157408,60073.00001157408,10.428797672832932,2.0,True,True,59863.00001157408,60073.00001157408,weekly,30.0,both,cache,/home/lkoo/projects/AutomationDetection/DownloadedLC/incremental/quiescent_background_cache.csv,19958400.0,7.387181818181818e-07,20346.504279296212,4989600.0,157.31233509543884,True,ok
4FGL J0403.9-3605,593,594,60080.00001157408,5.7e-07,5.43e-08,5.91e-07,2.155675595238095e-07,6.32769230769231e-08,8.402468660568555e-09,6.32769230769231e-08,8.402468660568555e-09,8.73e-08,8.73e-08,6.32769230769231e-08,False,True,True,34,True,59849.00001157408,60080.00001157408,9.22215775245936,2.0,True,True,59863.00001157408,60080.00001157408,weekly,30.0,both,cache,/home/lkoo/projects/AutomationDetection/DownloadedLC/incremental/quiescent_background_cache.csv,20563200.0,7.337558823529412e-07,20822.246758660505,5140800.0,156.02764637559068,True,ok
4FGL J0403.9-3605,594,595,60087.00001157408,6.73e-07,4.99e-08,5.7e-07,2.155675595238095e-07,6.32769230769231e-08,8.402468660568555e-09,6.32769230769231e-08,8.402468660568555e-09,8.73e-08,8.73e-08,6.32769230769231e-08,True,True,True,35,True,59849.00001157408,60087.00001157408,12.049271452676658,2.0,True,True,59863.00001157408,60087.00001157408,weekly,30.0,both,cache,/home/lkoo/projects/AutomationDetection/DownloadedLC/incremental/quiescent_background_cache.csv,21168000.0,7.3202e-07,21383.95673868184,5292000.0,154.14646527150967,True,ok
4FGL J0403.9-3605,595,596,60094.00001157408,3.42e-07,4.05e-08,6.73e-07,2.155675595238095e-07,6.32769230769231e-08,8.402468660568555e-09,6.32769230769231e-08,8.402468660568555e-09,8.73e-08,8.73e-08,6.32769230769231e-08,False,True,True,36,True,59849.00001157408,60094.00001157408,6.73855492863403,2.0,True,True,59863.00001157408,60094.00001157408,weekly,30.0,both,cache,/home/lkoo/projects/AutomationDetection/DownloadedLC/incremental/quiescent_background_cache.csv,21772800.0,7.211861111111111e-07,21669.40222630042,5443200.0,154.26911934976425,True,ok
4FGL J0403.9-3605,596,597,60101.00001157408,6.32e-07,5e-08,3.42e-07,2.155675595238095e-07,6.32769230769231e-08,8.402468660568555e-09,6.32769230769231e-08,8.402468660568555e-09,8.73e-08,8.73e-08,6.32769230769231e-08,True,True,True,37,True,59849.00001157408,60101.00001157408,11.217174454584152,2.0,True,True,59863.00001157408,60101.00001157408,weekly,30.0,both,cache,/home/lkoo/projects/AutomationDetection/DownloadedLC/incremental/quiescent_background_cache.csv,22377600.0,7.187756756756757e-07,22196.892133244684,5594400.0,152.67941721246837,True,ok
4FGL J0403.9-3605,597,598,60108.00001157408,7.85e-07,5.61e-08,6.32e-07,2.155675595238095e-07,6.32769230769231e-08,8.402468660568555e-09,6.32769230769231e-08,8.402468660568555e-09,8.73e-08,8.73e-08,6.32769230769231e-08,True,True,True,38,True,59849.00001157408,60108.00001157408,12.723022453834856,2.0,True,True,59863.00001157408,60108.00001157408,weekly,30.0,both,cache,/home/lkoo/projects/AutomationDetection/DownloadedLC/incremental/quiescent_background_cache.csv,22982400.0,7.205184210526316e-07,22852.08133728147,5745600.0,150.29340400840417,True,ok
4FGL J0403.9-3605,598,599,60115.00001157408,5.42e-07,5.56e-08,7.85e-07,2.155675595238095e-07,6.32769230769231e-08,8.402468660568555e-09,6.32769230769231e-08,8.402468660568555e-09,8.73e-08,8.73e-08,6.32769230769231e-08,False,True,True,39,True,59849.00001157408,60115.00001157408,8.513459528121887,2.0,True,True,59863.00001157408,60115.00001157408,weekly,30.0,both,cache,/home/lkoo/projects/AutomationDetection/DownloadedLC/incremental/quiescent_background_cache.csv,23587200.0,7.159410256410257e-07,23304.4540106419,5896800.0,149.3006813545212,True,ok
4FGL J0403.9-3605,599,600,60122.00001157408,4.43e-07,5.4e-08,5.42e-07,2.155675595238095e-07,6.32769230769231e-08,8.402468660568555e-09,6.32769230769231e-08,8.402468660568555e-09,8.73e-08,8.73e-08,6.32769230769231e-08,False,True,True,40,True,59849.00001157408,60122.00001157408,6.94829667358051,2.0,True,True,59863.00001157408,60122.00001157408,weekly,30.0,both,cache,/home/lkoo/projects/AutomationDetection/DownloadedLC/incremental/quiescent_background_cache.csv,24192000.0,7.091175e-07,23674.19772706011,6048000.0,148.8384013596181,True,ok
4FGL J0403.9-3605,600,601,60129.00001157408,3.51e-07,4.63e-08,4.43e-07,2.155675595238095e-07,6.32769230769231e-08,8.402468660568555e-09,6.32769230769231e-08,8.402468660568555e-09,8.73e-08,8.73e-08,6.32769230769231e-08,False,True,True,41,True,59849.00001157408,60129.00001157408,6.1144486426030875,2.0,True,True,59863.00001157408,60129.00001157408,weekly,30.0,both,cache,/home/lkoo/projects/AutomationDetection/DownloadedLC/incremental/quiescent_background_cache.csv,24796800.0,7.003829268292683e-07,23967.154938037074,6199200.0,148.84192808816834,True,ok
4FGL J0403.9-3605,601,602,60136.00001157408,4.1e-07,4.3e-08,3.51e-07,2.155675595238095e-07,6.32769230769231e-08,8.402468660568555e-09,6.32769230769231e-08,8.402468660568555e-09,8.73e-08,8.73e-08,6.32769230769231e-08,True,True,True,42,True,59849.00001157408,60136.00001157408,7.913656767586297,2.0,True,True,59863.00001157408,60136.00001157408,weekly,30.0,both,cache,/home/lkoo/projects/AutomationDetection/DownloadedLC/incremental/quiescent_background_cache.csv,25401600.0,6.934690476190476e-07,24309.355668807875,6350400.0,148.5226823127493,True,ok
4FGL J0403.9-3605,602,603,60143.00001157408,4.92e-07,4.97e-08,4.1e-07,2.155675595238095e-07,6.32769230769231e-08,8.402468660568555e-09,6.32769230769231e-08,8.402468660568555e-09,8.73e-08,8.73e-08,6.32769230769231e-08,True,True,True,43,True,59849.00001157408,60143.00001157408,8.505520494716471,2.0,True,True,59863.00001157408,60143.00001157408,weekly,30.0,both,cache,/home/lkoo/projects/AutomationDetection/DownloadedLC/incremental/quiescent_background_cache.csv,26006400.0,6.887837209302327e-07,24719.996545732844,6501600.0,147.78209325570307,True,ok
4FGL J0403.9-3605,603,604,60150.00001157408,4.99e-07,4.11e-08,4.92e-07,2.155675595238095e-07,6.32769230769231e-08,8.402468660568555e-09,6.32769230769231e-08,8.402468660568555e-09,8.73e-08,8.73e-08,6.32769230769231e-08,True,True,True,44,True,59849.00001157408,60150.00001157408,10.38669762250592,2.0,True,True,59863.00001157408,60150.00001157408,weekly,30.0,both,cache,/home/lkoo/projects/AutomationDetection/DownloadedLC/incremental/quiescent_background_cache.csv,26611200.0,6.844704545454546e-07,25136.479874158773,6652800.0,147.01197787850683,True,ok
4FGL J0403.9-3605,604,605,60157.00001157408,4.75e-07,4.7e-08,4.99e-07,2.155675595238095e-07,6.32769230769231e-08,8.402468660568555e-09,6.32769230769231e-08,8.402468660568555e-09,8.73e-08,8.73e-08,6.32769230769231e-08,False,True,True,45,True,59849.00001157408,60157.00001157408,8.62334466379993,2.0,True,True,59863.00001157408,60157.00001157408,weekly,30.0,both,cache,/home/lkoo/projects/AutomationDetection/DownloadedLC/incremental/quiescent_background_cache.csv,27216000.0,6.798155555555556e-07,25532.931940295675,6804000.0,146.3628480079162,True,ok
4FGL J0403.9-3605,605,606,60164.00001157408,4.3e-07,5.9e-08,4.75e-07,2.155675595238095e-07,6.32769230769231e-08,8.402468660568555e-09,6.32769230769231e-08,8.402468660568555e-09,8.73e-08,8.73e-08,6.32769230769231e-08,False,True,True,46,True,59849.00001157408,60164.00001157408,6.153555553620856,2.0,True,True,59863.00001157408,60164.00001157408,weekly,30.0,both,cache,/home/lkoo/projects/AutomationDetection/DownloadedLC/incremental/quiescent_background_cache.csv,27820800.0,6.743847826086957e-07,25891.82538964067,6955200.0,145.9267946781021,True,ok
4FGL J0403.9-3605,606,607,60171.00001157408,3.57e-07,6.11e-08,4.3e-07,2.155675595238095e-07,6.32769230769231e-08,8.402468660568555e-09,6.32769230769231e-08,8.402468660568555e-09,8.73e-08,8.73e-08,6.32769230769231e-08,False,True,True,47,True,59849.00001157408,60171.00001157408,4.762429685979328,2.0,True,True,59863.00001157408,60171.00001157408,weekly,30.0,both,cache,/home/lkoo/projects/AutomationDetection/DownloadedLC/incremental/quiescent_background_cache.csv,28425600.0,6.67631914893617e-07,26189.79041618988,7106400.0,145.82354044959166,True,ok
4FGL J0403.9-3605,607,608,60178.00001157408,3.09e-07,4.78e-08,3.57e-07,2.155675595238095e-07,6.32769230769231e-08,8.402468660568555e-09,6.32769230769231e-08,8.402468660568555e-09,8.73e-08,8.73e-08,6.32769230769231e-08,False,True,True,48,True,59849.00001157408,60178.00001157408,5.063021661897878,2.0,True,True,59863.00001157408,60178.00001157408,weekly,30.0,both,cache,/home/lkoo/projects/AutomationDetection/DownloadedLC/incremental/quiescent_background_cache.csv,29030400.0,6.601604166666667e-07,26447.69291816105,7257600.0,145.92665723087381,True,ok
4FGL J0403.9-3605,608,609,60185.00001157408,2.88e-07,4.32e-08,3.09e-07,2.155675595238095e-07,6.32769230769231e-08,8.402468660568555e-09,6.32769230769231e-08,8.402468660568555e-09,8.73e-08,8.73e-08,6.32769230769231e-08,False,True,True,49,True,59849.00001157408,60185.00001157408,5.1062330695012035,2.0,True,True,59863.00001157408,60185.00001157408,weekly,30.0,both,cache,/home/lkoo/projects/AutomationDetection/DownloadedLC/incremental/quiescent_background_cache.csv,29635200.0,6.525653061224491e-07,26688.068065629326,7408800.0,146.10788071701975,True,ok
4FGL J0403.9-3605,609,610,60192.00001157408,1.26e-07,3.36e-08,2.88e-07,2.155675595238095e-07,6.32769230769231e-08,8.402468660568555e-09,6.32769230769231e-08,8.402468660568555e-09,8.73e-08,8.73e-08,6.32769230769231e-08,False,True,True,50,True,59849.00001157408,60192.00001157408,1.8109901959328398,2.0,False,True,59863.00001157408,60192.00001157408,weekly,30.0,both,cache,/home/lkoo/projects/AutomationDetection/DownloadedLC/incremental/quiescent_background_cache.csv,30240000.0,6.42034e-07,26793.232192646694,7560000.0,147.0076901405968,True,ok
4FGL J0403.9-3605,610,611,60199.00001157408,1.17e-07,3.26e-08,1.26e-07,2.155675595238095e-07,6.32769230769231e-08,8.402468660568555e-09,6.32769230769231e-08,8.402468660568555e-09,8.73e-08,8.73e-08,6.32769230769231e-08,False,True,True,51,True,59849.00001157408,60199.00001157408,1.5957933629075711,2.0,False,True,59863.00001157408,60199.00001157408,weekly,30.0,both,cache,/home/lkoo/projects/AutomationDetection/DownloadedLC/incremental/quiescent_background_cache.csv,30844800.0,6.317392156862745e-07,26890.88459630568,7711200.0,147.92714031586988,True,ok
4FGL J0403.9-3605,611,612,60206.00001157408,2.28e-07,4.57e-08,1.17e-07,2.155675595238095e-07,6.32769230769231e-08,8.402468660568555e-09,6.32769230769231e-08,8.402468660568555e-09,8.73e-08,8.73e-08,6.32769230769231e-08,True,True,True,52,True,59849.00001157408,60206.00001157408,3.5450219146563158,2.0,True,True,59863.00001157408,60206.00001157408,weekly,30.0,both,cache,/home/lkoo/projects/AutomationDetection/DownloadedLC/incremental/quiescent_background_cache.csv,31449600.0,6.23975e-07,27081.181588051393,7862400.0,148.31758673887597,True,ok
4FGL J0403.9-3605,612,613,60213.00001157408,2.46e-07,5.53e-08,2.28e-07,2.155675595238095e-07,6.32769230769231e-08,8.402468660568555e-09,6.32769230769231e-08,8.402468660568555e-09,8.73e-08,8.73e-08,6.32769230769231e-08,True,True,True,53,True,59849.00001157408,60213.00001157408,3.2667208925665996,2.0,True,True,59863.00001157408,60213.00001157408,weekly,30.0,both,cache,/home/lkoo/projects/AutomationDetection/DownloadedLC/incremental/quiescent_background_cache.csv,32054400.0,6.168433962264151e-07,27286.502026513877,8013600.0,148.60729816198344,True,ok
4FGL J0403.9-3605,613,614,60220.00001157408,2.01e-07,5.26e-08,2.46e-07,2.155675595238095e-07,6.32769230769231e-08,8.402468660568555e-09,6.32769230769231e-08,8.402468660568555e-09,8.73e-08,8.73e-08,6.32769230769231e-08,False,True,True,54,True,59849.00001157408,60220.00001157408,2.585528817692336,2.0,True,True,59863.00001157408,60220.00001157408,weekly,30.0,both,cache,/home/lkoo/projects/AutomationDetection/DownloadedLC/incremental/quiescent_background_cache.csv,32659200.0,6.091425925925926e-07,27454.263848184437,8164800.0,149.08293902873112,True,ok
4FGL J0403.9-3605,614,615,60227.00001157408,1.29e-07,3.35e-08,2.01e-07,2.155675595238095e-07,6.32769230769231e-08,8.402468660568555e-09,6.32769230769231e-08,8.402468660568555e-09,8.73e-08,8.73e-08,6.32769230769231e-08,False,True,True,55,True,59849.00001157408,60227.00001157408,1.902938271230289,2.0,False,True,59863.00001157408,60227.00001157408,weekly,30.0,both,cache,/home/lkoo/projects/AutomationDetection/DownloadedLC/incremental/quiescent_background_cache.csv,33264000.0,6.004127272727273e-07,27561.931882987934,8316000.0,149.8656595625673,True,ok
4FGL J0403.9-3605,615,616,60234.00001157408,2.09e-07,3.75e-08,1.29e-07,2.155675595238095e-07,6.32769230769231e-08,8.402468660568555e-09,6.32769230769231e-08,8.402468660568555e-09,8.73e-08,8.73e-08,6.32769230769231e-08,True,True,True,56,True,59849.00001157408,60234.00001157408,3.791926594513122,2.0,True,True,59863.00001157408,60234.00001157408,weekly,30.0,both,cache,/home/lkoo/projects/AutomationDetection/DownloadedLC/incremental/quiescent_background_cache.csv,33868800.0,5.934232142857143e-07,27736.37079208818,8467200.0,150.26798680898565,True,ok
4FGL J0403.9-3605,616,617,60241.00001157408,1.6e-07,3.4e-08,2.09e-07,2.155675595238095e-07,6.32769230769231e-08,8.402468660568555e-09,6.32769230769231e-08,8.402468660568555e-09,8.73e-08,8.73e-08,6.32769230769231e-08,False,True,True,57,True,59849.00001157408,60241.00001157408,2.7617118383864754,2.0,True,True,59863.00001157408,60241.00001157408,weekly,30.0,both,cache,/home/lkoo/projects/AutomationDetection/DownloadedLC/incremental/quiescent_background_cache.csv,34473600.0,5.85819298245614e-07,27869.912540681657,8618400.0,150.87414641840607,True,ok
4FGL J0403.9-3605,617,618,60248.00001157408,1.62e-07,3.08e-08,1.6e-07,2.155675595238095e-07,6.32769230769231e-08,8.402468660568555e-09,6.32769230769231e-08,8.402468660568555e-09,8.73e-08,8.73e-08,6.32769230769231e-08,True,True,True,58,True,59849.00001157408,60248.00001157408,3.092289443426936,2.0,True,True,59863.00001157408,60248.00001157408,weekly,30.0,both,cache,/home/lkoo/projects/AutomationDetection/DownloadedLC/incremental/quiescent_background_cache.csv,35078400.0,5.785120689655173e-07,28005.123561132565,8769600.0,151.45401010332594,True,ok
4FGL J0403.9-3605,618,619,60255.00001157408,1.5e-07,3.62e-08,1.62e-07,2.155675595238095e-07,6.32769230769231e-08,8.402468660568555e-09,6.32769230769231e-08,8.402468660568555e-09,8.73e-08,8.73e-08,6.32769230769231e-08,False,True,True,59,True,59849.00001157408,60255.00001157408,2.333626332911966,2.0,True,True,59863.00001157408,60255.00001157408,weekly,30.0,both,cache,/home/lkoo/projects/AutomationDetection/DownloadedLC/incremental/quiescent_background_cache.csv,35683200.0,5.712491525423729e-07,28130.318950438952,8920800.0,152.07118996364554,True,ok
4FGL J0403.9-3605,619,620,60269.00001157408,1.99e-07,3.99e-08,1.5e-07,2.155675595238095e-07,6.32769230769231e-08,8.402468660568555e-09,6.32769230769231e-08,8.402468660568555e-09,8.73e-08,8.73e-08,6.32769230769231e-08,True,True,True,60,True,59849.00001157408,60269.00001157408,3.328574711926382,2.0,True,True,59863.00001157408,60269.00001157408,weekly,30.0,both,cache,/home/lkoo/projects/AutomationDetection/DownloadedLC/incremental/quiescent_background_cache.csv,36288000.0,5.650450000000001e-07,28296.411500252103,9072000.0,152.45176052778677,True,ok
4FGL J0403.9-3605,620,621,60276.00001157408,1.98e-07,4.36e-08,1.99e-07,2.155675595238095e-07,6.32769230769231e-08,8.402468660568555e-09,6.32769230769231e-08,8.402468660568555e-09,8.73e-08,8.73e-08,6.32769230769231e-08,False,True,True,61,True,59849.00001157408,60276.00001157408,3.034148488198291,2.0,True,True,59863.00001157408,60276.00001157408,weekly,30.0,both,cache,/home/lkoo/projects/AutomationDetection/DownloadedLC/incremental/quiescent_background_cache.csv,36892800.0,5.590278688524591e-07,28461.66941413654,9223200.0,152.82188023167137,True,ok
4FGL J0403.9-3605,621,622,60283.00001157408,2.56e-07,4.8e-08,1.98e-07,2.155675595238095e-07,6.32769230769231e-08,8.402468660568555e-09,6.32769230769231e-08,8.402468660568555e-09,8.73e-08,8.73e-08,6.32769230769231e-08,True,True,True,62,True,59849.00001157408,60283.00001157408,3.9549259257889378,2.0,True,True,59863.00001157408,60283.00001157408,weekly,30.0,both,cache,/home/lkoo/projects/AutomationDetection/DownloadedLC/incremental/quiescent_background_cache.csv,37497600.0,5.541403225806452e-07,28675.336211886115,9374400.0,152.91936173834227,True,ok
4FGL J0403.9-3605,622,623,60290.00001157408,2.96e-07,4.31e-08,2.56e-07,2.155675595238095e-07,6.32769230769231e-08,8.402468660568555e-09,6.32769230769231e-08,8.402468660568555e-09,8.73e-08,8.73e-08,6.32769230769231e-08,True,True,True,63,True,59849.00001157408,60290.00001157408,5.299832184720514,2.0,True,True,59863.00001157408,60290.00001157408,weekly,30.0,both,cache,/home/lkoo/projects/AutomationDetection/DownloadedLC/incremental/quiescent_background_cache.csv,38102400.0,5.500428571428571e-07,28922.388446784058,9525600.0,152.82921204676694,True,ok
4FGL J0403.9-3605,623,624,60297.00001157408,3.37e-07,4.02e-08,2.96e-07,2.155675595238095e-07,6.32769230769231e-08,8.402468660568555e-09,6.32769230769231e-08,8.402468660568555e-09,8.73e-08,8.73e-08,6.32769230769231e-08,True,True,True,64,True,59849.00001157408,60297.00001157408,6.664998022476181,2.0,True,True,59863.00001157408,60297.00001157408,weekly,30.0,both,cache,/home/lkoo/projects/AutomationDetection/DownloadedLC/incremental/quiescent_background_cache.csv,38707200.0,5.467140624999999e-07,29203.660754759083,9676800.0,152.55237315259495,True,ok
4FGL J0403.9-3605,624,625,60304.00001157408,2.47e-07,3.54e-08,3.37e-07,2.155675595238095e-07,6.32769230769231e-08,8.402468660568555e-09,6.32769230769231e-08,8.402468660568555e-09,8.73e-08,8.73e-08,6.32769230769231e-08,False,True,True,65,True,59849.00001157408,60304.00001157408,5.049621665511333,2.0,True,True,59863.00001157408,60304.00001157408,weekly,30.0,both,cache,/home/lkoo/projects/AutomationDetection/DownloadedLC/incremental/quiescent_background_cache.csv,39312000.0,5.421030769230768e-07,29409.81582915028,9828000.0,152.65995809364492,True,ok
4FGL J0403.9-3605,625,626,60311.00001157408,7.51e-07,4.76e-08,2.47e-07,2.155675595238095e-07,6.32769230769231e-08,8.402468660568555e-09,6.32769230769231e-08,8.402468660568555e-09,8.73e-08,8.73e-08,6.32769230769231e-08,True,True,True,66,True,59849.00001157408,60311.00001157408,14.22799090648811,2.0,True,True,59863.00001157408,60311.00001157408,weekly,30.0,both,cache,/home/lkoo/projects/AutomationDetection/DownloadedLC/incremental/quiescent_background_cache.csv,39916800.0,5.452681818181817e-07,30036.627411610945,9979200.0,150.62093815735432,True,ok
4FGL J0403.9-3605,626,627,60318.00001157408,6.5e-07,5.51e-08,7.51e-07,2.155675595238095e-07,6.32769230769231e-08,8.402468660568555e-09,6.32769230769231e-08,8.402468660568555e-09,8.73e-08,8.73e-08,6.32769230769231e-08,False,True,True,67,True,59849.00001157408,60318.00001157408,10.526638255667887,2.0,True,True,59863.00001157408,60318.00001157408,weekly,30.0,both,cache,/home/lkoo/projects/AutomationDetection/DownloadedLC/incremental/quiescent_background_cache.csv,40521600.0,5.468313432835821e-07,30579.140765271986,10130400.0,149.06597987647376,True,ok
4FGL J0403.9-3605,627,628,60332.00001157408,3.48e-07,6.29e-08,6.5e-07,2.155675595238095e-07,6.32769230769231e-08,8.402468660568555e-09,6.32769230769231e-08,8.402468660568555e-09,8.73e-08,8.73e-08,6.32769230769231e-08,False,True,True,68,True,59849.00001157408,60332.00001157408,4.48674341930274,2.0,True,True,59863.00001157408,60332.00001157408,weekly,30.0,both,cache,/home/lkoo/projects/AutomationDetection/DownloadedLC/incremental/quiescent_background_cache.csv,41126400.0,5.439073529411764e-07,30869.594068462804,10281600.0,148.7600992349099,True,ok
4FGL J0403.9-3605,628,629,60339.00001157408,3.88e-07,5.69e-08,3.48e-07,2.155675595238095e-07,6.32769230769231e-08,8.402468660568555e-09,6.32769230769231e-08,8.402468660568555e-09,8.73e-08,8.73e-08,6.32769230769231e-08,True,True,True,69,True,59849.00001157408,60339.00001157408,5.6456834170583265,2.0,True,True,59863.00001157408,60339.00001157408,weekly,30.0,both,cache,/home/lkoo/projects/AutomationDetection/DownloadedLC/incremental/quiescent_background_cache.csv,41731200.0,5.416478260869564e-07,31193.432808802,10432800.0,148.29332248392868,True,ok
4FGL J0403.9-3605,629,630,60346.00001157408,1.57e-07,3.47e-08,3.88e-07,2.155675595238095e-07,6.32769230769231e-08,8.402468660568555e-09,6.32769230769231e-08,8.402468660568555e-09,8.73e-08,8.73e-08,6.32769230769231e-08,False,True,True,70,True,59849.00001157408,60346.00001157408,2.6250887850795754,2.0,True,True,59863.00001157408,60346.00001157408,weekly,30.0,both,cache,/home/lkoo/projects/AutomationDetection/DownloadedLC/incremental/quiescent_background_cache.csv,42336000.0,5.36152857142857e-07,31324.470649609364,10584000.0,148.73697122792498,True,ok
4FGL J0403.9-3605,630,631,60353.00001157408,1.55e-07,2.87e-08,1.57e-07,2.155675595238095e-07,6.32769230769231e-08,8.402468660568555e-09,6.32769230769231e-08,8.402468660568555e-09,8.73e-08,8.73e-08,6.32769230769231e-08,False,True,True,71,True,59849.00001157408,60353.00001157408,3.067178622028338,2.0,True,True,59863.00001157408,60353.00001157408,weekly,30.0,both,cache,/home/lkoo/projects/AutomationDetection/DownloadedLC/incremental/quiescent_background_cache.csv,42940800.0,5.307845070422534e-07,31453.839218559297,10735200.0,149.17730260932527,True,ok
4FGL J0403.9-3605,631,632,60360.00001157408,1.91e-07,3.24e-08,1.55e-07,2.155675595238095e-07,6.32769230769231e-08,8.402468660568555e-09,6.32769230769231e-08,8.402468660568555e-09,8.73e-08,8.73e-08,6.32769230769231e-08,True,True,True,72,True,59849.00001157408,60360.00001157408,3.8158411592729333,2.0,True,True,59863.00001157408,60360.00001157408,weekly,30.0,both,cache,/home/lkoo/projects/AutomationDetection/DownloadedLC/incremental/quiescent_background_cache.csv,43545600.0,5.260652777777777e-07,31613.254680942777,10886400.0,149.4647004213698,True,ok
4FGL J0403.9-3605,632,633,60367.00001157408,1.49e-07,4.33e-08,1.91e-07,2.155675595238095e-07,6.32769230769231e-08,8.402468660568555e-09,6.32769230769231e-08,8.402468660568555e-09,8.73e-08,8.73e-08,6.32769230769231e-08,False,True,True,73,True,59849.00001157408,60367.00001157408,1.9434934645253596,2.0,False,True,59863.00001157408,60367.00001157408,weekly,30.0,both,cache,/home/lkoo/projects/AutomationDetection/DownloadedLC/incremental/quiescent_background_cache.csv,44150400.0,5.209e-07,31737.61543432046,11037600.0,149.90722361906214,True,ok
4FGL J0403.9-3605,633,634,60374.00001157408,9.64e-08,4.77e-08,1.49e-07,2.155675595238095e-07,6.32769230769231e-08,8.402468660568555e-09,6.32769230769231e-08,8.402468660568555e-09,8.73e-08,8.73e-08,6.32769230769231e-08,False,True,True,74,True,59849.00001157408,60374.00001157408,0.6838749786712144,2.0,False,True,59863.00001157408,60374.00001157408,weekly,30.0,both,cache,/home/lkoo/projects/AutomationDetection/DownloadedLC/incremental/quiescent_background_cache.csv,44755200.0,5.151635135135135e-07,31818.074337848037,11188800.0,150.54645568952026,True,ok
4FGL J0403.9-3605,634,635,60381.00001157408,1.76e-07,5.5e-08,9.64e-08,2.155675595238095e-07,6.32769230769231e-08,8.402468660568555e-09,6.32769230769231e-08,8.402468660568555e-09,8.73e-08,8.73e-08,6.32769230769231e-08,True,True,True,75,True,59849.00001157408,60381.00001157408,2.0260040636671364,2.0,True,True,59863.00001157408,60381.00001157408,weekly,30.0,both,cache,/home/lkoo/projects/AutomationDetection/DownloadedLC/incremental/quiescent_background_cache.csv,45360000.0,5.106413333333333e-07,31964.970261300878,11340000.0,150.8618709289256,True,ok
4FGL J0403.9-3605,635,636,60388.00001157408,2.38e-07,3.9e-08,1.76e-07,2.155675595238095e-07,6.32769230769231e-08,8.402468660568555e-09,6.32769230769231e-08,8.402468660568555e-09,8.73e-08,8.73e-08,6.32769230769231e-08,True,True,True,76,True,59849.00001157408,60388.00001157408,4.379586435918003,2.0,True,True,59863.00001157408,60388.00001157408,weekly,30.0,both,cache,/home/lkoo/projects/AutomationDetection/DownloadedLC/incremental/quiescent_background_cache.csv,45964800.0,5.07053947368421e-07,32163.61361233368,11491200.0,150.9248782797092,True,ok
4FGL J0403.9-3605,636,637,60395.00001157408,1.55e-07,3.36e-08,2.38e-07,2.155675595238095e-07,6.32769230769231e-08,8.402468660568555e-09,6.32769230769231e-08,8.402468660568555e-09,8.73e-08,8.73e-08,6.32769230769231e-08,False,True,True,77,True,59849.00001157408,60395.00001157408,2.648301091035466,2.0,True,True,59863.00001157408,60395.00001157408,weekly,30.0,both,cache,/home/lkoo/projects/AutomationDetection/DownloadedLC/incremental/quiescent_background_cache.csv,46569600.0,5.024818181818181e-07,32292.98218128362,11642400.0,151.30407287784251,True,ok
4FGL J0403.9-3605,637,638,60402.00001157408,1.85e-07,3.43e-08,1.55e-07,2.155675595238095e-07,6.32769230769231e-08,8.402468660568555e-09,6.32769230769231e-08,8.402468660568555e-09,8.73e-08,8.73e-08,6.32769230769231e-08,True,True,True,78,True,59849.00001157408,60402.00001157408,3.446860966366855,2.0,True,True,59863.00001157408,60402.00001157408,weekly,30.0,both,cache,/home/lkoo/projects/AutomationDetection/DownloadedLC/incremental/quiescent_background_cache.csv,47174400.0,4.984115384615384e-07,32447.389828094834,11793600.0,151.55702736818196,True,ok
4FGL J0403.9-3605,638,639,60409.00001157408,2.24e-07,3.26e-08,1.85e-07,2.155675595238095e-07,6.32769230769231e-08,8.402468660568555e-09,6.32769230769231e-08,8.402468660568555e-09,8.73e-08,8.73e-08,6.32769230769231e-08,True,True,True,79,True,59849.00001157408,60409.00001157408,4.7741275092483955,2.0,True,True,59863.00001157408,60409.00001157408,weekly,30.0,both,cache,/home/lkoo/projects/AutomationDetection/DownloadedLC/incremental/quiescent_background_cache.csv,47779200.0,4.949379746835443e-07,32634.348276125715,11944800.0,151.65020193334388,True,ok
4FGL J0403.9-3605,639,640,60416.00001157408,1.07e-07,3.24e-08,2.24e-07,2.155675595238095e-07,6.32769230769231e-08,8.402468660568555e-09,6.32769230769231e-08,8.402468660568555e-09,8.73e-08,8.73e-08,6.32769230769231e-08,False,True,True,80,True,59849.00001157408,60416.00001157408,1.3062660292283397,2.0,False,True,59863.00001157408,60416.00001157408,weekly,30.0,both,cache,/home/lkoo/projects/AutomationDetection/DownloadedLC/incremental/quiescent_background_cache.csv,48384000.0,4.9008875e-07,32723.65432049761,12096000.0,152.18848426984442,True,ok
4FGL J0403.9-3605,640,641,60430.00001157408,2.29e-07,4.43e-08,1.07e-07,2.155675595238095e-07,6.32769230769231e-08,8.402468660568555e-09,6.32769230769231e-08,8.402468660568555e-09,8.73e-08,8.73e-08,6.32769230769231e-08,True,True,True,81,True,59849.00001157408,60430.00001157408,3.675399297185526,2.0,True,True,59863.00001157408,60430.00001157408,weekly,30.0,both,cache,/home/lkoo/projects/AutomationDetection/DownloadedLC/incremental/quiescent_background_cache.csv,48988800.0,4.868654320987654e-07,32914.78594817204,12247200.0,152.24611371115026,True,ok
4FGL J0403.9-3605,641,642,60437.00001157408,1.82e-07,3.66e-08,2.29e-07,2.155675595238095e-07,6.32769230769231e-08,8.402468660568555e-09,6.32769230769231e-08,8.402468660568555e-09,8.73e-08,8.73e-08,6.32769230769231e-08,False,True,True,82,True,59849.00001157408,60437.00001157408,3.1615548441904946,2.0,True,True,59863.00001157408,60437.00001157408,weekly,30.0,both,cache,/home/lkoo/projects/AutomationDetection/DownloadedLC/incremental/quiescent_background_cache.csv,49593600.0,4.831475609756097e-07,33066.689687197126,12398400.0,152.47775990184675,True,ok
4FGL J0403.9-3605,642,643,60444.00001157408,1.36e-07,3.48e-08,1.82e-07,2.155675595238095e-07,6.32769230769231e-08,8.402468660568555e-09,6.32769230769231e-08,8.402468660568555e-09,8.73e-08,8.73e-08,6.32769230769231e-08,False,True,True,83,True,59849.00001157408,60444.00001157408,2.0313696912140538,2.0,True,True,59863.00001157408,60444.00001157408,weekly,30.0,both,cache,/home/lkoo/projects/AutomationDetection/DownloadedLC/incremental/quiescent_background_cache.csv,50198400.0,4.789650602409638e-07,33180.20017350158,12549600.0,152.8781226222739,True,ok
4FGL J0403.9-3605,643,644,60451.00001157408,1.44e-07,3.54e-08,1.36e-07,2.155675595238095e-07,6.32769230769231e-08,8.402468660568555e-09,6.32769230769231e-08,8.402468660568555e-09,8.73e-08,8.73e-08,6.32769230769231e-08,True,True,True,84,True,59849.00001157408,60451.00001157408,2.2186706480437084,2.0,True,True,59863.00001157408,60451.00001157408,weekly,30.0,both,cache,/home/lkoo/projects/AutomationDetection/DownloadedLC/incremental/quiescent_background_cache.csv,50803200.0,4.7497738095238093e-07,33300.38774723572,12700800.0,153.23955482994484,True,ok
4FGL J0403.9-3605,644,645,60458.00001157408,8.38e-08,3.1e-08,1.44e-07,2.155675595238095e-07,6.32769230769231e-08,8.402468660568555e-09,6.32769230769231e-08,8.402468660568555e-09,8.73e-08,8.73e-08,6.32769230769231e-08,False,True,True,85,True,59849.00001157408,60458.00001157408,0.6389788667324938,2.0,False,True,59863.00001157408,60458.00001157408,weekly,30.0,both,cache,/home/lkoo/projects/AutomationDetection/DownloadedLC/incremental/quiescent_background_cache.csv,51408000.0,4.7037529411764704e-07,33370.33023806155,12852000.0,153.82395923864013,True,ok
4FGL J0403.9-3605,645,646,60465.00001157408,8.66e-08,3.07e-08,8.38e-08,2.155675595238095e-07,6.32769230769231e-08,8.402468660568555e-09,6.32769230769231e-08,8.402468660568555e-09,8.73e-08,8.73e-08,6.32769230769231e-08,True,True,True,86,True,59849.00001157408,60465.00001157408,0.7327595938140048,2.0,False,True,59863.00001157408,60465.00001157408,weekly,30.0,both,cache,/home/lkoo/projects/AutomationDetection/DownloadedLC/incremental/quiescent_background_cache.csv,52012800.0,4.659127906976744e-07,33442.60970948778,13003200.0,154.38985414175957,True,ok
4FGL J0403.9-3605,646,647,60472.00001157408,1.23e-07,3.13e-08,8.66e-08,2.155675595238095e-07,6.32769230769231e-08,8.402468660568555e-09,6.32769230769231e-08,8.402468660568555e-09,8.73e-08,8.73e-08,6.32769230769231e-08,True,True,True,87,True,59849.00001157408,60472.00001157408,1.8428383999921885,2.0,False,True,59863.00001157408,60472.00001157408,weekly,30.0,both,cache,/home/lkoo/projects/AutomationDetection/DownloadedLC/incremental/quiescent_background_cache.csv,52617600.0,4.6197126436781604e-07,33545.26992871902,13154400.0,154.807969612018,True,ok
4FGL J0403.9-3605,647,648,60486.00001157408,3.11e-08,2.6e-08,1.23e-07,2.155675595238095e-07,6.32769230769231e-08,8.402468660568555e-09,6.32769230769231e-08,8.402468660568555e-09,8.73e-08,8.73e-08,6.32769230769231e-08,False,False,False,0,False,,,-1.1776062152341178,2.0,False,False,,,weekly,30.0,both,cache,/home/lkoo/projects/AutomationDetection/DownloadedLC/incremental/quiescent_background_cache.csv,,,,,,False,not_in_flare_streak
4FGL J0403.9-3605,648,649,60507.00001157408,2.66e-08,1.78e-08,3.11e-08,2.155675595238095e-07,6.32769230769231e-08,8.402468660568555e-09,6.32769230769231e-08,8.402468660568555e-09,8.73e-08,8.73e-08,6.32769230769231e-08,False,False,False,0,False,,,-1.8633302612590408,2.0,False,False,,,weekly,30.0,both,cache,/home/lkoo/projects/AutomationDetection/DownloadedLC/incremental/quiescent_background_cache.csv,,,,,,False,not_in_flare_streak
4FGL J0403.9-3605,649,650,60521.00001157408,4.48e-08,2.25e-08,2.66e-08,2.155675595238095e-07,6.32769230769231e-08,8.402468660568555e-09,6.32769230769231e-08,8.402468660568555e-09,8.73e-08,8.73e-08,6.32769230769231e-08,True,False,False,0,False,,,-0.7693033884210223,2.0,False,False,,,weekly,30.0,both,cache,/home/lkoo/projects/AutomationDetection/DownloadedLC/incremental/quiescent_background_cache.csv,,,,,,False,not_in_flare_streak
4FGL J0403.9-3605,650,651,60528.00001157408,5.21e-08,3.2e-08,4.48e-08,2.155675595238095e-07,6.32769230769231e-08,8.402468660568555e-09,6.32769230769231e-08,8.402468660568555e-09,8.73e-08,8.73e-08,6.32769230769231e-08,True,False,False,0,False,,,-0.3378269144457262,2.0,False,False,,,weekly,30.0,both,cache,/home/lkoo/projects/AutomationDetection/DownloadedLC/incremental/quiescent_background_cache.csv,,,,,,False,not_in_flare_streak
4FGL J0403.9-3605,651,652,60570.00001157408,7.07e-08,3.97e-08,5.21e-08,2.155675595238095e-07,6.32769230769231e-08,8.402468660568555e-09,6.32769230769231e-08,8.402468660568555e-09,8.73e-08,8.73e-08,6.32769230769231e-08,True,True,True,1,False,60570.00001157408,,0.18292701257135896,2.0,False,False,,,weekly,30.0,both,cache,/home/lkoo/projects/AutomationDetection/DownloadedLC/incremental/quiescent_background_cache.csv,604800.0,7.07e-08,59.00876015974609,151200.0,9424.974258992037,True,ok
4FGL J0403.9-3605,652,653,60612.00001157408,3.38e-08,2.12e-08,7.07e-08,2.155675595238095e-07,6.32769230769231e-08,8.402468660568555e-09,6.32769230769231e-08,8.402468660568555e-09,8.73e-08,8.73e-08,6.32769230769231e-08,False,False,False,0,False,,,-1.2925970352553513,2.0,False,False,,,weekly,30.0,both,cache,/home/lkoo/projects/AutomationDetection/DownloadedLC/incremental/quiescent_background_cache.csv,,,,,,False,not_in_flare_streak
4FGL J0403.9-3605,653,654,60626.00001157408,8.11e-08,3.21e-08,3.38e-08,2.155675595238095e-07,6.32769230769231e-08,8.402468660568555e-09,6.32769230769231e-08,8.402468660568555e-09,8.73e-08,8.73e-08,6.32769230769231e-08,True,True,True,1,False,60626.00001157408,,0.5371390885828344,2.0,False,False,,,weekly,30.0,both,cache,/home/lkoo/projects/AutomationDetection/DownloadedLC/incremental/quiescent_background_cache.csv,604800.0,8.11e-08,67.6889738183226,151200.0,8216.581990559976,True,ok
4FGL J0403.9-3605,654,655,60633.00001157408,8.79e-08,3.99e-08,8.11e-08,2.155675595238095e-07,6.32769230769231e-08,8.402468660568555e-09,6.32769230769231e-08,8.402468660568555e-09,8.73e-08,8.73e-08,6.32769230769231e-08,True,True,True,2,False,60626.00001157408,,0.6038748386350227,2.0,False,False,,,weekly,30.0,both,cache,/home/lkoo/projects/AutomationDetection/DownloadedLC/incremental/quiescent_background_cache.csv,1209600.0,8.45e-08,141.0534719518683,302400.0,5576.277966212055,True,ok
4FGL J0403.9-3605,655,656,60640.00001157408,5.37e-08,3.52e-08,8.79e-08,2.155675595238095e-07,6.32769230769231e-08,8.402468660568555e-09,6.32769230769231e-08,8.402468660568555e-09,8.73e-08,8.73e-08,6.32769230769231e-08,False,False,False,0,False,,,-0.2646365269063379,2.0,False,False,,,weekly,30.0,both,cache,/home/lkoo/projects/AutomationDetection/DownloadedLC/incremental/quiescent_background_cache.csv,,,,,,False,not_in_flare_streak
4FGL J0403.9-3605,656,657,60647.00001157408,3.65e-08,2.89e-08,5.37e-08,2.155675595238095e-07,6.32769230769231e-08,8.402468660568555e-09,6.32769230769231e-08,8.402468660568555e-09,8.73e-08,8.73e-08,6.32769230769231e-08,False,False,False,0,False,,,-0.889696251570079,2.0,False,False,,,weekly,30.0,both,cache,/home/lkoo/projects/AutomationDetection/DownloadedLC/incremental/quiescent_background_cache.csv,,,,,,False,not_in_flare_streak
4FGL J0403.9-3605,657,658,60654.00001157408,9.58e-08,4.4e-08,3.65e-08,2.155675595238095e-07,6.32769230769231e-08,8.402468660568555e-09,6.32769230769231e-08,8.402468660568555e-09,8.73e-08,8.73e-08,6.32769230769231e-08,True,True,True,1,False,60654.00001157408,,0.7260408595331085,2.0,False,False,,,weekly,30.0,both,cache,/home/lkoo/projects/AutomationDetection/DownloadedLC/incremental/quiescent_background_cache.csv,604800.0,9.58e-08,79.95812197034901,151200.0,6956.073308219528,True,ok
4FGL J0403.9-3605,658,659,60689.00001157408,7.78e-08,4.54e-08,9.58e-08,2.155675595238095e-07,6.32769230769231e-08,8.402468660568555e-09,6.32769230769231e-08,8.402468660568555e-09,8.73e-08,8.73e-08,6.32769230769231e-08,False,True,True,2,False,60654.00001157408,,0.31454974140365466,2.0,False,False,,,weekly,30.0,both,cache,/home/lkoo/projects/AutomationDetection/DownloadedLC/incremental/quiescent_background_cache.csv,1209600.0,8.68e-08,144.89279722393096,302400.0,5428.553893232279,True,ok
4FGL J0403.9-3605,659,660,60696.00001157408,4.34e-08,2.54e-08,7.78e-08,2.155675595238095e-07,6.32769230769231e-08,8.402468660568555e-09,6.32769230769231e-08,8.402468660568555e-09,8.73e-08,8.73e-08,6.32769230769231e-08,False,False,False,0,False,,,-0.7429592531485422,2.0,False,False,,,weekly,30.0,both,cache,/home/lkoo/projects/AutomationDetection/DownloadedLC/incremental/quiescent_background_cache.csv,,,,,,False,not_in_flare_streak
4FGL J0403.9-3605,660,661,60710.00001157408,3.3e-08,1.88e-08,4.34e-08,2.155675595238095e-07,6.32769230769231e-08,8.402468660568555e-09,6.32769230769231e-08,8.402468660568555e-09,8.73e-08,8.73e-08,6.32769230769231e-08,False,False,False,0,False,,,-1.4703054493514909,2.0,False,False,,,weekly,30.0,both,cache,/home/lkoo/projects/AutomationDetection/DownloadedLC/incremental/quiescent_background_cache.csv,,,,,,False,not_in_flare_streak
4FGL J0403.9-3605,661,662,60717.00001157408,8.49e-08,2.35e-08,3.3e-08,2.155675595238095e-07,6.32769230769231e-08,8.402468660568555e-09,6.32769230769231e-08,8.402468660568555e-09,8.73e-08,8.73e-08,6.32769230769231e-08,True,True,True,1,False,60717.00001157408,,0.8664135647438299,2.0,False,False,,,weekly,30.0,both,cache,/home/lkoo/projects/AutomationDetection/DownloadedLC/incremental/quiescent_background_cache.csv,604800.0,8.49e-08,70.86059034741787,151200.0,7848.902063654949,True,ok
4FGL J0403.9-3605,662,663,60724.00001157408,2.14e-07,3.01e-08,8.49e-08,2.155675595238095e-07,6.32769230769231e-08,8.402468660568555e-09,6.32769230769231e-08,8.402468660568555e-09,8.73e-08,8.73e-08,6.32769230769231e-08,True,True,True,2,False,60717.00001157408,,4.823017513587213,2.0,True,True,60724.00001157408,60724.00001157408,weekly,30.0,both,cache,/home/lkoo/projects/AutomationDetection/DownloadedLC/incremental/quiescent_background_cache.csv,1209600.0,1.4945e-07,249.4726790912038,302400.0,3153.4286373589352,True,ok
4FGL J0403.9-3605,663,664,60731.00001157408,2.06e-07,3.83e-08,2.14e-07,2.155675595238095e-07,6.32769230769231e-08,8.402468660568555e-09,6.32769230769231e-08,8.402468660568555e-09,8.73e-08,8.73e-08,6.32769230769231e-08,False,True,True,3,True,60717.00001157408,60731.00001157408,3.6398864961620974,2.0,True,True,60724.00001157408,60731.00001157408,weekly,30.0,both,cache,/home/lkoo/projects/AutomationDetection/DownloadedLC/incremental/quiescent_background_cache.csv,1814400.0,1.6830000000000002e-07,421.4076804053155,453600.0,2286.5028986482844,True,ok
4FGL J0403.9-3605,664,665,60738.00001157408,1.57e-07,4.85e-08,2.06e-07,2.155675595238095e-07,6.32769230769231e-08,8.402468660568555e-09,6.32769230769231e-08,8.402468660568555e-09,8.73e-08,8.73e-08,6.32769230769231e-08,False,True,True,4,True,60717.00001157408,60738.00001157408,1.9040710135225398,2.0,False,True,60724.00001157408,60738.00001157408,weekly,30.0,both,cache,/home/lkoo/projects/AutomationDetection/DownloadedLC/incremental/quiescent_background_cache.csv,2419200.0,1.65475e-07,552.4455212126724,604800.0,2013.9594919642498,True,ok
4FGL J0403.9-3605,665,666,60745.00001157408,1.51e-07,6.6e-08,1.57e-07,2.155675595238095e-07,6.32769230769231e-08,8.402468660568555e-09,6.32769230769231e-08,8.402468660568555e-09,8.73e-08,8.73e-08,6.32769230769231e-08,False,True,True,5,True,60717.00001157408,60745.00001157408,1.318495475755307,2.0,False,True,60724.00001157408,60745.00001157408,weekly,30.0,both,cache,/home/lkoo/projects/AutomationDetection/DownloadedLC/incremental/quiescent_background_cache.csv,3024000.0,1.6258e-07,678.4755464477736,756000.0,1833.4012710357201,True,ok
4FGL J0403.9-3605,666,667,60752.00001157408,5.31e-08,2.35e-08,1.51e-07,2.155675595238095e-07,6.32769230769231e-08,8.402468660568555e-09,6.32769230769231e-08,8.402468660568555e-09,8.73e-08,8.73e-08,6.32769230769231e-08,False,False,False,0,False,,,-0.40777842268092895,2.0,False,False,,,weekly,30.0,both,cache,/home/lkoo/projects/AutomationDetection/DownloadedLC/incremental/quiescent_background_cache.csv,,,,,,False,not_in_flare_streak
4FGL J0403.9-3605,667,668,60759.00001157408,8.7e-08,3.58e-08,5.31e-08,2.155675595238095e-07,6.32769230769231e-08,8.402468660568555e-09,6.32769230769231e-08,8.402468660568555e-09,8.73e-08,8.73e-08,6.32769230769231e-08,True,True,True,1,False,60759.00001157408,,0.6451250269862288,2.0,False,False,,,weekly,30.0,both,cache,/home/lkoo/projects/AutomationDetection/DownloadedLC/incremental/quiescent_background_cache.csv,604800.0,8.7e-08,72.61332579770735,151200.0,7659.490180803818,True,ok
4FGL J0403.9-3605,668,669,60766.00001157408,6.11e-08,2.4e-08,8.7e-08,2.155675595238095e-07,6.32769230769231e-08,8.402468660568555e-09,6.32769230769231e-08,8.402468660568555e-09,8.73e-08,8.73e-08,6.32769230769231e-08,False,False,False,0,False,,,-0.08561004714020018,2.0,False,False,,,weekly,30.0,both,cache,/home/lkoo/projects/AutomationDetection/DownloadedLC/incremental/quiescent_background_cache.csv,,,,,,False,not_in_flare_streak
4FGL J0403.9-3605,669,670,60773.00001157408,3.53e-08,1.98e-08,6.11e-08,2.155675595238095e-07,6.32769230769231e-08,8.402468660568555e-09,6.32769230769231e-08,8.402468660568555e-09,8.73e-08,8.73e-08,6.32769230769231e-08,False,False,False,0,False,,,-1.300701570526906,2.0,False,False,,,weekly,30.0,both,cache,/home/lkoo/projects/AutomationDetection/DownloadedLC/incremental/quiescent_background_cache.csv,,,,,,False,not_in_flare_streak
4FGL J0403.9-3605,670,671,60822.00001157408,7.31e-08,2.88e-08,3.53e-08,2.155675595238095e-07,6.32769230769231e-08,8.402468660568555e-09,6.32769230769231e-08,8.402468660568555e-09,8.73e-08,8.73e-08,6.32769230769231e-08,True,True,True,1,False,60822.00001157408,,0.32742835219260785,2.0,False,False,,,weekly,30.0,both,cache,/home/lkoo/projects/AutomationDetection/DownloadedLC/incremental/quiescent_background_cache.csv,604800.0,7.31e-08,61.01188638864837,151200.0,9115.596338044399,True,ok
4FGL J0403.9-3605,671,672,60843.00001157408,6.44e-08,3.15e-08,7.31e-08,2.155675595238095e-07,6.32769230769231e-08,8.402468660568555e-09,6.32769230769231e-08,8.402468660568555e-09,8.73e-08,8.73e-08,6.32769230769231e-08,False,True,True,2,False,60822.00001157408,,0.034448729768097736,2.0,False,False,,,weekly,30.0,both,cache,/home/lkoo/projects/AutomationDetection/DownloadedLC/incremental/quiescent_background_cache.csv,1209600.0,6.875e-08,114.76244019752599,302400.0,6853.454750390351,True,ok
