Name,previous_bin_count,current_bin_count,new_point_mjd,new_point_flux,new_point_flux_error,previous_point_flux,average_flux_full_series,previous_quiescent_background,previous_quiescent_background_error,current_quiescent_background,current_quiescent_background_error,previous_detection_threshold,current_detection_threshold,flare_flux_threshold,above_previous_flux,above_flare_flux_threshold,potential_flare_point,consecutive_potential_flare_points,flare_active,flare_start_mjd,flare_end_mjd,confirmed_sigma_delta,confirmed_sigma_threshold,confirmed_start_trigger,confirmed_flare_active,confirmed_flare_start_mjd,confirmed_flare_end_mjd,cadence,lookback_weeks,detection_method,quiescent_background_origin,quiescent_background_cache_path,flare_duration_seconds,streak_mean_flux,source_counts_0p2_5MeV,background_counts,mdp99_percent,mdp99_available,mdp99_reason
4FGL J1800.6+7828,1,2,54690.00001157408,4.34e-08,2.15e-08,6.04e-08,1.239419773299748e-07,1.1545988564167724e-07,1.0237996514049303e-09,1.1545988564167724e-07,1.0237996514049303e-09,7.996549999999999e-07,7.996549999999999e-07,1.1545988564167724e-07,False,False,False,0,False,,,-3.3478290858526867,3.0,False,False,,,weekly,10.0,sigma,computed,/home/lkoo/projects/AutomationDetection/DownloadedLC/incremental/quiescent_background_cache.csv,,,,,,False,not_in_flare_streak
4FGL J1800.6+7828,2,3,54697.00001157408,1.24e-07,3.34e-08,4.34e-08,1.239419773299748e-07,1.1545988564167724e-07,1.0237996514049303e-09,1.1545988564167724e-07,1.0237996514049303e-09,7.996549999999999e-07,7.996549999999999e-07,1.1545988564167724e-07,True,True,False,0,False,,,0.2555720087717438,3.0,False,False,,,weekly,10.0,sigma,computed,/home/lkoo/projects/AutomationDetection/DownloadedLC/incremental/quiescent_background_cache.csv,,,,,,False,not_in_flare_streak
4FGL J1800.6+7828,3,4,54704.00001157408,7.24e-08,3.43e-08,1.24e-07,1.239419773299748e-07,1.1545988564167724e-07,1.0237996514049303e-09,1.1545988564167724e-07,1.0237996514049303e-09,7.996549999999999e-07,7.996549999999999e-07,1.1545988564167724e-07,False,False,False,0,False,,,-1.254831395328589,3.0,False,False,,,weekly,10.0,sigma,computed,/home/lkoo/projects/AutomationDetection/DownloadedLC/incremental/quiescent_background_cache.csv,,,,,,False,not_in_flare_streak
4FGL J1800.6+7828,4,5,54711.00001157408,1.06e-07,3.45e-08,7.24e-08,1.239419773299748e-07,1.1545988564167724e-07,1.0237996514049303e-09,1.1545988564167724e-07,1.0237996514049303e-09,7.996549999999999e-07,7.996549999999999e-07,1.1545988564167724e-07,True,False,False,0,False,,,-0.2740789297853586,3.0,False,False,,,weekly,10.0,sigma,computed,/home/lkoo/projects/AutomationDetection/DownloadedLC/incremental/quiescent_background_cache.csv,,,,,,False,not_in_flare_streak
4FGL J1800.6+7828,5,6,54718.00001157408,9.51e-08,3.65e-08,1.06e-07,1.239419773299748e-07,1.1545988564167724e-07,1.0237996514049303e-09,1.1545988564167724e-07,1.0237996514049303e-09,7.996549999999999e-07,7.996549999999999e-07,1.1545988564167724e-07,False,False,False,0,False,,,-0.5575857851162809,3.0,False,False,,,weekly,10.0,sigma,computed,/home/lkoo/projects/AutomationDetection/DownloadedLC/incremental/quiescent_background_cache.csv,,,,,,False,not_in_flare_streak
4FGL J1800.6+7828,6,7,54739.00001157408,6.35e-08,2.73e-08,9.51e-08,1.239419773299748e-07,1.1545988564167724e-07,1.0237996514049303e-09,1.1545988564167724e-07,1.0237996514049303e-09,7.996549999999999e-07,7.996549999999999e-07,1.1545988564167724e-07,False,False,False,0,False,,,-1.9019555420451797,3.0,False,False,,,weekly,10.0,sigma,computed,/home/lkoo/projects/AutomationDetection/DownloadedLC/incremental/quiescent_background_cache.csv,,,,,,False,not_in_flare_streak
4FGL J1800.6+7828,7,8,54760.00001157408,4.02e-08,2.51e-08,6.35e-08,1.239419773299748e-07,1.1545988564167724e-07,1.0237996514049303e-09,1.1545988564167724e-07,1.0237996514049303e-09,7.996549999999999e-07,7.996549999999999e-07,1.1545988564167724e-07,False,False,False,0,False,,,-2.9959106628196297,3.0,False,False,,,weekly,10.0,sigma,computed,/home/lkoo/projects/AutomationDetection/DownloadedLC/incremental/quiescent_background_cache.csv,,,,,,False,not_in_flare_streak
4FGL J1800.6+7828,8,9,54767.00001157408,2.28e-08,1.74e-08,4.02e-08,1.239419773299748e-07,1.1545988564167724e-07,1.0237996514049303e-09,1.1545988564167724e-07,1.0237996514049303e-09,7.996549999999999e-07,7.996549999999999e-07,1.1545988564167724e-07,False,False,False,0,False,,,-5.316086496025051,3.0,False,False,,,weekly,10.0,sigma,computed,/home/lkoo/projects/AutomationDetection/DownloadedLC/incremental/quiescent_background_cache.csv,,,,,,False,not_in_flare_streak
4FGL J1800.6+7828,9,10,54774.00001157408,3.23e-08,2.35e-08,2.28e-08,1.239419773299748e-07,1.1545988564167724e-07,1.0237996514049303e-09,1.1545988564167724e-07,1.0237996514049303e-09,7.996549999999999e-07,7.996549999999999e-07,1.1545988564167724e-07,True,False,False,0,False,,,-3.535365082214156,3.0,False,False,,,weekly,10.0,sigma,computed,/home/lkoo/projects/AutomationDetection/DownloadedLC/incremental/quiescent_background_cache.csv,,,,,,False,not_in_flare_streak
4FGL J1800.6+7828,10,11,54781.00001157408,3.17e-08,2.7e-08,3.23e-08,1.239419773299748e-07,1.1545988564167724e-07,1.0237996514049303e-09,1.1545988564167724e-07,1.0237996514049303e-09,7.996549999999999e-07,7.996549999999999e-07,1.1545988564167724e-07,False,False,False,0,False,,,-3.09999018403422,3.0,False,False,,,weekly,10.0,sigma,computed,/home/lkoo/projects/AutomationDetection/DownloadedLC/incremental/quiescent_background_cache.csv,,,,,,False,not_in_flare_streak
4FGL J1800.6+7828,11,12,54795.00001157408,6.77e-08,2.55e-08,3.17e-08,1.239419773299748e-07,1.1545988564167724e-07,1.0237996514049303e-09,1.1545988564167724e-07,1.0237996514049303e-09,7.996549999999999e-07,7.996549999999999e-07,1.1545988564167724e-07,True,False,False,0,False,,,-1.871428981050186,3.0,False,False,,,weekly,10.0,sigma,computed,/home/lkoo/projects/AutomationDetection/DownloadedLC/incremental/quiescent_background_cache.csv,,,,,,False,not_in_flare_streak
4FGL J1800.6+7828,12,13,54802.00001157408,2.47e-08,1.79e-08,6.77e-08,1.239419773299748e-07,1.1545988564167724e-07,1.0237996514049303e-09,1.1545988564167724e-07,1.0237996514049303e-09,7.996549999999999e-07,7.996549999999999e-07,1.1545988564167724e-07,False,False,False,0,False,,,-5.062111523433227,3.0,False,False,,,weekly,10.0,sigma,computed,/home/lkoo/projects/AutomationDetection/DownloadedLC/incremental/quiescent_background_cache.csv,,,,,,False,not_in_flare_streak
4FGL J1800.6+7828,13,14,54809.00001157408,7.17e-08,2.73e-08,2.47e-08,1.239419773299748e-07,1.1545988564167724e-07,1.0237996514049303e-09,1.1545988564167724e-07,1.0237996514049303e-09,7.996549999999999e-07,7.996549999999999e-07,1.1545988564167724e-07,True,False,False,0,False,,,-1.6018002346928322,3.0,False,False,,,weekly,10.0,sigma,computed,/home/lkoo/projects/AutomationDetection/DownloadedLC/incremental/quiescent_background_cache.csv,,,,,,False,not_in_flare_streak
4FGL J1800.6+7828,14,15,54823.00001157408,8.55e-08,3.26e-08,7.17e-08,1.239419773299748e-07,1.1545988564167724e-07,1.0237996514049303e-09,1.1545988564167724e-07,1.0237996514049303e-09,7.996549999999999e-07,7.996549999999999e-07,1.1545988564167724e-07,True,False,False,0,False,,,-0.9185620346428831,3.0,False,False,,,weekly,10.0,sigma,computed,/home/lkoo/projects/AutomationDetection/DownloadedLC/incremental/quiescent_background_cache.csv,,,,,,False,not_in_flare_streak
4FGL J1800.6+7828,15,16,54830.00001157408,3.77e-08,2.25e-08,8.55e-08,1.239419773299748e-07,1.1545988564167724e-07,1.0237996514049303e-09,1.1545988564167724e-07,1.0237996514049303e-09,7.996549999999999e-07,7.996549999999999e-07,1.1545988564167724e-07,False,False,False,0,False,,,-3.452422729730443,3.0,False,False,,,weekly,10.0,sigma,computed,/home/lkoo/projects/AutomationDetection/DownloadedLC/incremental/quiescent_background_cache.csv,,,,,,False,not_in_flare_streak
4FGL J1800.6+7828,16,17,54837.00001157408,6.65e-09,6.3e-09,3.77e-08,1.239419773299748e-07,1.1545988564167724e-07,1.0237996514049303e-09,1.1545988564167724e-07,1.0237996514049303e-09,7.996549999999999e-07,7.996549999999999e-07,1.1545988564167724e-07,False,False,False,0,False,,,-17.047771613459492,3.0,False,False,,,weekly,10.0,sigma,computed,/home/lkoo/projects/AutomationDetection/DownloadedLC/incremental/quiescent_background_cache.csv,,,,,,False,not_in_flare_streak
4FGL J1800.6+7828,17,18,54844.00001157408,5.16e-08,2.25e-08,6.65e-09,1.239419773299748e-07,1.1545988564167724e-07,1.0237996514049303e-09,1.1545988564167724e-07,1.0237996514049303e-09,7.996549999999999e-07,7.996549999999999e-07,1.1545988564167724e-07,True,False,False,0,False,,,-2.8352834998145426,3.0,False,False,,,weekly,10.0,sigma,computed,/home/lkoo/projects/AutomationDetection/DownloadedLC/incremental/quiescent_background_cache.csv,,,,,,False,not_in_flare_streak
4FGL J1800.6+7828,18,19,54858.00001157408,5.57e-08,4.73e-08,5.16e-08,1.239419773299748e-07,1.1545988564167724e-07,1.0237996514049303e-09,1.1545988564167724e-07,1.0237996514049303e-09,7.996549999999999e-07,7.996549999999999e-07,1.1545988564167724e-07,True,False,False,0,False,,,-1.2631266779549126,3.0,False,False,,,weekly,10.0,sigma,computed,/home/lkoo/projects/AutomationDetection/DownloadedLC/incremental/quiescent_background_cache.csv,,,,,,False,not_in_flare_streak
4FGL J1800.6+7828,19,20,54865.00001157408,3.95e-08,2.26e-08,5.57e-08,1.239419773299748e-07,1.1545988564167724e-07,1.0237996514049303e-09,1.1545988564167724e-07,1.0237996514049303e-09,7.996549999999999e-07,7.996549999999999e-07,1.1545988564167724e-07,False,False,False,0,False,,,-3.357613457761709,3.0,False,False,,,weekly,10.0,sigma,computed,/home/lkoo/projects/AutomationDetection/DownloadedLC/incremental/quiescent_background_cache.csv,,,,,,False,not_in_flare_streak
4FGL J1800.6+7828,20,21,54928.00001157408,1.13e-07,4.22e-08,3.95e-08,1.239419773299748e-07,1.1545988564167724e-07,1.0237996514049303e-09,1.1545988564167724e-07,1.0237996514049303e-09,7.996549999999999e-07,7.996549999999999e-07,1.1545988564167724e-07,True,False,False,0,False,,,-0.058273982039917696,3.0,False,False,,,weekly,10.0,sigma,computed,/home/lkoo/projects/AutomationDetection/DownloadedLC/incremental/quiescent_background_cache.csv,,,,,,False,not_in_flare_streak
4FGL J1800.6+7828,21,22,54942.00001157408,5.19e-08,3.28e-08,1.13e-07,1.239419773299748e-07,1.1545988564167724e-07,1.0237996514049303e-09,1.1545988564167724e-07,1.0237996514049303e-09,7.996549999999999e-07,7.996549999999999e-07,1.1545988564167724e-07,False,False,False,0,False,,,-1.9368581034606382,3.0,False,False,,,weekly,10.0,sigma,computed,/home/lkoo/projects/AutomationDetection/DownloadedLC/incremental/quiescent_background_cache.csv,,,,,,False,not_in_flare_streak
4FGL J1800.6+7828,22,23,54956.00001157408,2.16e-08,1.78e-08,5.19e-08,1.239419773299748e-07,1.1545988564167724e-07,1.0237996514049303e-09,1.1545988564167724e-07,1.0237996514049303e-09,7.996549999999999e-07,7.996549999999999e-07,1.1545988564167724e-07,False,False,False,0,False,,,-5.264326786313446,3.0,False,False,,,weekly,10.0,sigma,computed,/home/lkoo/projects/AutomationDetection/DownloadedLC/incremental/quiescent_background_cache.csv,,,,,,False,not_in_flare_streak
4FGL J1800.6+7828,23,24,54970.00001157408,1.45e-07,3.8e-08,2.16e-08,1.239419773299748e-07,1.1545988564167724e-07,1.0237996514049303e-09,1.1545988564167724e-07,1.0237996514049303e-09,7.996549999999999e-07,7.996549999999999e-07,1.1545988564167724e-07,True,True,False,0,False,,,0.7770894461444687,3.0,False,False,,,weekly,10.0,sigma,computed,/home/lkoo/projects/AutomationDetection/DownloadedLC/incremental/quiescent_background_cache.csv,,,,,,False,not_in_flare_streak
4FGL J1800.6+7828,24,25,54977.00001157408,1.16e-07,3.31e-08,1.45e-07,1.239419773299748e-07,1.1545988564167724e-07,1.0237996514049303e-09,1.1545988564167724e-07,1.0237996514049303e-09,7.996549999999999e-07,7.996549999999999e-07,1.1545988564167724e-07,False,True,False,0,False,,,0.016309854408687402,3.0,False,False,,,weekly,10.0,sigma,computed,/home/lkoo/projects/AutomationDetection/DownloadedLC/incremental/quiescent_background_cache.csv,,,,,,False,not_in_flare_streak
4FGL J1800.6+7828,25,26,54984.00001157408,1.74e-07,3.99e-08,1.16e-07,1.239419773299748e-07,1.1545988564167724e-07,1.0237996514049303e-09,1.1545988564167724e-07,1.0237996514049303e-09,7.996549999999999e-07,7.996549999999999e-07,1.1545988564167724e-07,True,True,False,0,False,,,1.4666880379583112,3.0,False,False,,,weekly,10.0,sigma,computed,/home/lkoo/projects/AutomationDetection/DownloadedLC/incremental/quiescent_background_cache.csv,,,,,,False,not_in_flare_streak
4FGL J1800.6+7828,26,27,54991.00001157408,3.35e-08,2.24e-08,1.74e-07,1.239419773299748e-07,1.1545988564167724e-07,1.0237996514049303e-09,1.1545988564167724e-07,1.0237996514049303e-09,7.996549999999999e-07,7.996549999999999e-07,1.1545988564167724e-07,False,False,False,0,False,,,-3.6551077375694296,3.0,False,False,,,weekly,10.0,sigma,computed,/home/lkoo/projects/AutomationDetection/DownloadedLC/incremental/quiescent_background_cache.csv,,,,,,False,not_in_flare_streak
4FGL J1800.6+7828,27,28,55005.00001157408,5.45e-08,2.69e-08,3.35e-08,1.239419773299748e-07,1.1545988564167724e-07,1.0237996514049303e-09,1.1545988564167724e-07,1.0237996514049303e-09,7.996549999999999e-07,7.996549999999999e-07,1.1545988564167724e-07,True,False,False,0,False,,,-2.26452723609319,3.0,False,False,,,weekly,10.0,sigma,computed,/home/lkoo/projects/AutomationDetection/DownloadedLC/incremental/quiescent_background_cache.csv,,,,,,False,not_in_flare_streak
4FGL J1800.6+7828,28,29,55012.00001157408,8.76e-08,3.24e-08,5.45e-08,1.239419773299748e-07,1.1545988564167724e-07,1.0237996514049303e-09,1.1545988564167724e-07,1.0237996514049303e-09,7.996549999999999e-07,7.996549999999999e-07,1.1545988564167724e-07,True,False,False,0,False,,,-0.8594440512775607,3.0,False,False,,,weekly,10.0,sigma,computed,/home/lkoo/projects/AutomationDetection/DownloadedLC/incremental/quiescent_background_cache.csv,,,,,,False,not_in_flare_streak
4FGL J1800.6+7828,29,30,55019.00001157408,9.15e-09,8.11e-09,8.76e-08,1.239419773299748e-07,1.1545988564167724e-07,1.0237996514049303e-09,1.1545988564167724e-07,1.0237996514049303e-09,7.996549999999999e-07,7.996549999999999e-07,1.1545988564167724e-07,False,False,False,0,False,,,-13.005275355951952,3.0,False,False,,,weekly,10.0,sigma,computed,/home/lkoo/projects/AutomationDetection/DownloadedLC/incremental/quiescent_background_cache.csv,,,,,,False,not_in_flare_streak
4FGL J1800.6+7828,30,31,55026.00001157408,3.85e-08,1.74e-08,9.15e-09,1.239419773299748e-07,1.1545988564167724e-07,1.0237996514049303e-09,1.1545988564167724e-07,1.0237996514049303e-09,7.996549999999999e-07,7.996549999999999e-07,1.1545988564167724e-07,True,False,False,0,False,,,-4.415345496728449,3.0,False,False,,,weekly,10.0,sigma,computed,/home/lkoo/projects/AutomationDetection/DownloadedLC/incremental/quiescent_background_cache.csv,,,,,,False,not_in_flare_streak
4FGL J1800.6+7828,31,32,55033.00001157408,8.38e-08,2.98e-08,3.85e-08,1.239419773299748e-07,1.1545988564167724e-07,1.0237996514049303e-09,1.1545988564167724e-07,1.0237996514049303e-09,7.996549999999999e-07,7.996549999999999e-07,1.1545988564167724e-07,True,False,False,0,False,,,-1.0617858344955642,3.0,False,False,,,weekly,10.0,sigma,computed,/home/lkoo/projects/AutomationDetection/DownloadedLC/incremental/quiescent_background_cache.csv,,,,,,False,not_in_flare_streak
4FGL J1800.6+7828,32,33,55040.00001157408,5.29e-08,2.5e-08,8.38e-08,1.239419773299748e-07,1.1545988564167724e-07,1.0237996514049303e-09,1.1545988564167724e-07,1.0237996514049303e-09,7.996549999999999e-07,7.996549999999999e-07,1.1545988564167724e-07,False,False,False,0,False,,,-2.5002997211788465,3.0,False,False,,,weekly,10.0,sigma,computed,/home/lkoo/projects/AutomationDetection/DownloadedLC/incremental/quiescent_background_cache.csv,,,,,,False,not_in_flare_streak
4FGL J1800.6+7828,33,34,55047.00001157408,8.45e-08,2.55e-08,5.29e-08,1.239419773299748e-07,1.1545988564167724e-07,1.0237996514049303e-09,1.1545988564167724e-07,1.0237996514049303e-09,7.996549999999999e-07,7.996549999999999e-07,1.1545988564167724e-07,True,False,False,0,False,,,-1.2131358034340474,3.0,False,False,,,weekly,10.0,sigma,computed,/home/lkoo/projects/AutomationDetection/DownloadedLC/incremental/quiescent_background_cache.csv,,,,,,False,not_in_flare_streak
4FGL J1800.6+7828,34,35,55054.00001157408,1.17e-07,2.9e-08,8.45e-08,1.239419773299748e-07,1.1545988564167724e-07,1.0237996514049303e-09,1.1545988564167724e-07,1.0237996514049303e-09,7.996549999999999e-07,7.996549999999999e-07,1.1545988564167724e-07,True,True,False,0,False,,,0.05307432783242389,3.0,False,False,,,weekly,10.0,sigma,computed,/home/lkoo/projects/AutomationDetection/DownloadedLC/incremental/quiescent_background_cache.csv,,,,,,False,not_in_flare_streak
4FGL J1800.6+7828,35,36,55061.00001157408,1.85e-07,3.31e-08,1.17e-07,1.239419773299748e-07,1.1545988564167724e-07,1.0237996514049303e-09,1.1545988564167724e-07,1.0237996514049303e-09,7.996549999999999e-07,7.996549999999999e-07,1.1545988564167724e-07,True,True,False,0,False,,,2.0999055538344793,3.0,False,False,,,weekly,10.0,sigma,computed,/home/lkoo/projects/AutomationDetection/DownloadedLC/incremental/quiescent_background_cache.csv,,,,,,False,not_in_flare_streak
4FGL J1800.6+7828,36,37,55068.00001157408,2.15e-07,4.01e-08,1.85e-07,1.239419773299748e-07,1.1545988564167724e-07,1.0237996514049303e-09,1.1545988564167724e-07,1.0237996514049303e-09,7.996549999999999e-07,7.996549999999999e-07,1.1545988564167724e-07,True,True,False,0,False,,,2.4814884808193916,3.0,False,False,,,weekly,10.0,sigma,computed,/home/lkoo/projects/AutomationDetection/DownloadedLC/incremental/quiescent_background_cache.csv,,,,,,False,not_in_flare_streak
4FGL J1800.6+7828,37,38,55075.00001157408,5.29e-08,2.92e-08,2.15e-07,1.239419773299748e-07,1.1545988564167724e-07,1.0237996514049303e-09,1.1545988564167724e-07,1.0237996514049303e-09,7.996549999999999e-07,7.996549999999999e-07,1.1545988564167724e-07,False,False,False,0,False,,,-2.141146166468885,3.0,False,False,,,weekly,10.0,sigma,computed,/home/lkoo/projects/AutomationDetection/DownloadedLC/incremental/quiescent_background_cache.csv,,,,,,False,not_in_flare_streak
4FGL J1800.6+7828,38,39,55096.00001157408,2.82e-08,1.95e-08,5.29e-08,1.239419773299748e-07,1.1545988564167724e-07,1.0237996514049303e-09,1.1545988564167724e-07,1.0237996514049303e-09,7.996549999999999e-07,7.996549999999999e-07,1.1545988564167724e-07,False,False,False,0,False,,,-4.468711128975364,3.0,False,False,,,weekly,10.0,sigma,computed,/home/lkoo/projects/AutomationDetection/DownloadedLC/incremental/quiescent_background_cache.csv,,,,,,False,not_in_flare_streak
4FGL J1800.6+7828,39,40,55103.00001157408,5.39e-08,3.65e-08,2.82e-08,1.239419773299748e-07,1.1545988564167724e-07,1.0237996514049303e-09,1.1545988564167724e-07,1.0237996514049303e-09,7.996549999999999e-07,7.996549999999999e-07,1.1545988564167724e-07,True,False,False,0,False,,,-1.6859091338371286,3.0,False,False,,,weekly,10.0,sigma,computed,/home/lkoo/projects/AutomationDetection/DownloadedLC/incremental/quiescent_background_cache.csv,,,,,,False,not_in_flare_streak
4FGL J1800.6+7828,40,41,55110.00001157408,7.1e-08,2.56e-08,5.39e-08,1.239419773299748e-07,1.1545988564167724e-07,1.0237996514049303e-09,1.1545988564167724e-07,1.0237996514049303e-09,7.996549999999999e-07,7.996549999999999e-07,1.1545988564167724e-07,True,False,False,0,False,,,-1.7353271187917017,3.0,False,False,,,weekly,10.0,sigma,computed,/home/lkoo/projects/AutomationDetection/DownloadedLC/incremental/quiescent_background_cache.csv,,,,,,False,not_in_flare_streak
4FGL J1800.6+7828,41,42,55117.00001157408,8.69e-08,2.33e-08,7.1e-08,1.239419773299748e-07,1.1545988564167724e-07,1.0237996514049303e-09,1.1545988564167724e-07,1.0237996514049303e-09,7.996549999999999e-07,7.996549999999999e-07,1.1545988564167724e-07,True,False,False,0,False,,,-1.224564592468125,3.0,False,False,,,weekly,10.0,sigma,computed,/home/lkoo/projects/AutomationDetection/DownloadedLC/incremental/quiescent_background_cache.csv,,,,,,False,not_in_flare_streak
4FGL J1800.6+7828,42,43,55124.00001157408,6.15e-08,2.3e-08,8.69e-08,1.239419773299748e-07,1.1545988564167724e-07,1.0237996514049303e-09,1.1545988564167724e-07,1.0237996514049303e-09,7.996549999999999e-07,7.996549999999999e-07,1.1545988564167724e-07,False,False,False,0,False,,,-2.3437611579437045,3.0,False,False,,,weekly,10.0,sigma,computed,/home/lkoo/projects/AutomationDetection/DownloadedLC/incremental/quiescent_background_cache.csv,,,,,,False,not_in_flare_streak
4FGL J1800.6+7828,43,44,55131.00001157408,2.58e-08,1.54e-08,6.15e-08,1.239419773299748e-07,1.1545988564167724e-07,1.0237996514049303e-09,1.1545988564167724e-07,1.0237996514049303e-09,7.996549999999999e-07,7.996549999999999e-07,1.1545988564167724e-07,False,False,False,0,False,,,-5.809247210737978,3.0,False,False,,,weekly,10.0,sigma,computed,/home/lkoo/projects/AutomationDetection/DownloadedLC/incremental/quiescent_background_cache.csv,,,,,,False,not_in_flare_streak
4FGL J1800.6+7828,44,45,55138.00001157408,5.11e-08,2.15e-08,2.58e-08,1.239419773299748e-07,1.1545988564167724e-07,1.0237996514049303e-09,1.1545988564167724e-07,1.0237996514049303e-09,7.996549999999999e-07,7.996549999999999e-07,1.1545988564167724e-07,True,False,False,0,False,,,-2.9900949077934817,3.0,False,False,,,weekly,10.0,sigma,computed,/home/lkoo/projects/AutomationDetection/DownloadedLC/incremental/quiescent_background_cache.csv,,,,,,False,not_in_flare_streak
4FGL J1800.6+7828,45,46,55145.00001157408,7.69e-08,2.96e-08,5.11e-08,1.239419773299748e-07,1.1545988564167724e-07,1.0237996514049303e-09,1.1545988564167724e-07,1.0237996514049303e-09,7.996549999999999e-07,7.996549999999999e-07,1.1545988564167724e-07,True,False,False,0,False,,,-1.3019203168492046,3.0,False,False,,,weekly,10.0,sigma,computed,/home/lkoo/projects/AutomationDetection/DownloadedLC/incremental/quiescent_background_cache.csv,,,,,,False,not_in_flare_streak
4FGL J1800.6+7828,46,47,55152.00001157408,4.29e-08,2.36e-08,7.69e-08,1.239419773299748e-07,1.1545988564167724e-07,1.0237996514049303e-09,1.1545988564167724e-07,1.0237996514049303e-09,7.996549999999999e-07,7.996549999999999e-07,1.1545988564167724e-07,False,False,False,0,False,,,-3.0716824219120604,3.0,False,False,,,weekly,10.0,sigma,computed,/home/lkoo/projects/AutomationDetection/DownloadedLC/incremental/quiescent_background_cache.csv,,,,,,False,not_in_flare_streak
4FGL J1800.6+7828,47,48,55159.00001157408,6.17e-08,2.41e-08,4.29e-08,1.239419773299748e-07,1.1545988564167724e-07,1.0237996514049303e-09,1.1545988564167724e-07,1.0237996514049303e-09,7.996549999999999e-07,7.996549999999999e-07,1.1545988564167724e-07,True,False,False,0,False,,,-2.228690538972233,3.0,False,False,,,weekly,10.0,sigma,computed,/home/lkoo/projects/AutomationDetection/DownloadedLC/incremental/quiescent_background_cache.csv,,,,,,False,not_in_flare_streak
4FGL J1800.6+7828,48,49,55166.00001157408,8.27e-08,3.26e-08,6.17e-08,1.239419773299748e-07,1.1545988564167724e-07,1.0237996514049303e-09,1.1545988564167724e-07,1.0237996514049303e-09,7.996549999999999e-07,7.996549999999999e-07,1.1545988564167724e-07,True,False,False,0,False,,,-1.0044092814502006,3.0,False,False,,,weekly,10.0,sigma,computed,/home/lkoo/projects/AutomationDetection/DownloadedLC/incremental/quiescent_background_cache.csv,,,,,,False,not_in_flare_streak
4FGL J1800.6+7828,49,50,55173.00001157408,2.59e-08,1.81e-08,8.27e-08,1.239419773299748e-07,1.1545988564167724e-07,1.0237996514049303e-09,1.1545988564167724e-07,1.0237996514049303e-09,7.996549999999999e-07,7.996549999999999e-07,1.1545988564167724e-07,False,False,False,0,False,,,-4.940163434227573,3.0,False,False,,,weekly,10.0,sigma,computed,/home/lkoo/projects/AutomationDetection/DownloadedLC/incremental/quiescent_background_cache.csv,,,,,,False,not_in_flare_streak
4FGL J1800.6+7828,50,51,55180.00001157408,6.35e-08,2.21e-08,2.59e-08,1.239419773299748e-07,1.1545988564167724e-07,1.0237996514049303e-09,1.1545988564167724e-07,1.0237996514049303e-09,7.996549999999999e-07,7.996549999999999e-07,1.1545988564167724e-07,True,False,False,0,False,,,-2.3486072511695473,3.0,False,False,,,weekly,10.0,sigma,computed,/home/lkoo/projects/AutomationDetection/DownloadedLC/incremental/quiescent_background_cache.csv,,,,,,False,not_in_flare_streak
4FGL J1800.6+7828,51,52,55187.00001157408,1.2e-07,2.89e-08,6.35e-08,1.239419773299748e-07,1.1545988564167724e-07,1.0237996514049303e-09,1.1545988564167724e-07,1.0237996514049303e-09,7.996549999999999e-07,7.996549999999999e-07,1.1545988564167724e-07,True,True,False,0,False,,,0.1569988988659649,3.0,False,False,,,weekly,10.0,sigma,computed,/home/lkoo/projects/AutomationDetection/DownloadedLC/incremental/quiescent_background_cache.csv,,,,,,False,not_in_flare_streak
4FGL J1800.6+7828,52,53,55194.00001157408,1.75e-07,3.51e-08,1.2e-07,1.239419773299748e-07,1.1545988564167724e-07,1.0237996514049303e-09,1.1545988564167724e-07,1.0237996514049303e-09,7.996549999999999e-07,7.996549999999999e-07,1.1545988564167724e-07,True,True,False,0,False,,,1.695578428182097,3.0,False,False,,,weekly,10.0,sigma,computed,/home/lkoo/projects/AutomationDetection/DownloadedLC/incremental/quiescent_background_cache.csv,,,,,,False,not_in_flare_streak
4FGL J1800.6+7828,53,54,55201.00001157408,2.98e-07,3.48e-08,1.75e-07,1.239419773299748e-07,1.1545988564167724e-07,1.0237996514049303e-09,1.1545988564167724e-07,1.0237996514049303e-09,7.996549999999999e-07,7.996549999999999e-07,1.1545988564167724e-07,True,True,False,0,False,,,5.243137085221547,3.0,True,True,55201.00001157408,55201.00001157408,weekly,10.0,sigma,computed,/home/lkoo/projects/AutomationDetection/DownloadedLC/incremental/quiescent_background_cache.csv,,,,,,False,not_in_flare_streak
4FGL J1800.6+7828,54,55,55208.00001157408,3.06e-07,4.04e-08,2.98e-07,1.239419773299748e-07,1.1545988564167724e-07,1.0237996514049303e-09,1.1545988564167724e-07,1.0237996514049303e-09,7.996549999999999e-07,7.996549999999999e-07,1.1545988564167724e-07,True,True,False,0,False,,,4.714825787460103,3.0,True,True,55201.00001157408,55208.00001157408,weekly,10.0,sigma,computed,/home/lkoo/projects/AutomationDetection/DownloadedLC/incremental/quiescent_background_cache.csv,,,,,,False,not_in_flare_streak
4FGL J1800.6+7828,55,56,55215.00001157408,9.06e-08,2.71e-08,3.06e-07,1.239419773299748e-07,1.1545988564167724e-07,1.0237996514049303e-09,1.1545988564167724e-07,1.0237996514049303e-09,7.996549999999999e-07,7.996549999999999e-07,1.1545988564167724e-07,False,False,False,0,False,,,-0.916685030525075,3.0,False,False,,,weekly,10.0,sigma,computed,/home/lkoo/projects/AutomationDetection/DownloadedLC/incremental/quiescent_background_cache.csv,,,,,,False,not_in_flare_streak
4FGL J1800.6+7828,56,57,55222.00001157408,1.36e-07,3.51e-08,9.06e-08,1.239419773299748e-07,1.1545988564167724e-07,1.0237996514049303e-09,1.1545988564167724e-07,1.0237996514049303e-09,7.996549999999999e-07,7.996549999999999e-07,1.1545988564167724e-07,True,True,False,0,False,,,0.5849396695607306,3.0,False,False,,,weekly,10.0,sigma,computed,/home/lkoo/projects/AutomationDetection/DownloadedLC/incremental/quiescent_background_cache.csv,,,,,,False,not_in_flare_streak
4FGL J1800.6+7828,57,58,55229.00001157408,9.69e-08,3.11e-08,1.36e-07,1.239419773299748e-07,1.1545988564167724e-07,1.0237996514049303e-09,1.1545988564167724e-07,1.0237996514049303e-09,7.996549999999999e-07,7.996549999999999e-07,1.1545988564167724e-07,False,False,False,0,False,,,-0.5964577855850051,3.0,False,False,,,weekly,10.0,sigma,computed,/home/lkoo/projects/AutomationDetection/DownloadedLC/incremental/quiescent_background_cache.csv,,,,,,False,not_in_flare_streak
4FGL J1800.6+7828,58,59,55236.00001157408,7.81e-08,2.25e-08,9.69e-08,1.239419773299748e-07,1.1545988564167724e-07,1.0237996514049303e-09,1.1545988564167724e-07,1.0237996514049303e-09,7.996549999999999e-07,7.996549999999999e-07,1.1545988564167724e-07,False,False,False,0,False,,,-1.6587230974568912,3.0,False,False,,,weekly,10.0,sigma,computed,/home/lkoo/projects/AutomationDetection/DownloadedLC/incremental/quiescent_background_cache.csv,,,,,,False,not_in_flare_streak
4FGL J1800.6+7828,59,60,55243.00001157408,8.86e-08,2.55e-08,7.81e-08,1.239419773299748e-07,1.1545988564167724e-07,1.0237996514049303e-09,1.1545988564167724e-07,1.0237996514049303e-09,7.996549999999999e-07,7.996549999999999e-07,1.1545988564167724e-07,True,False,False,0,False,,,-1.052480920801537,3.0,False,False,,,weekly,10.0,sigma,computed,/home/lkoo/projects/AutomationDetection/DownloadedLC/incremental/quiescent_background_cache.csv,,,,,,False,not_in_flare_streak
4FGL J1800.6+7828,60,61,55250.00001157408,7.81e-08,3.01e-08,8.86e-08,1.239419773299748e-07,1.1545988564167724e-07,1.0237996514049303e-09,1.1545988564167724e-07,1.0237996514049303e-09,7.996549999999999e-07,7.996549999999999e-07,1.1545988564167724e-07,False,False,False,0,False,,,-1.2404748668502474,3.0,False,False,,,weekly,10.0,sigma,computed,/home/lkoo/projects/AutomationDetection/DownloadedLC/incremental/quiescent_background_cache.csv,,,,,,False,not_in_flare_streak
4FGL J1800.6+7828,61,62,55257.00001157408,6.79e-08,2.63e-08,7.81e-08,1.239419773299748e-07,1.1545988564167724e-07,1.0237996514049303e-09,1.1545988564167724e-07,1.0237996514049303e-09,7.996549999999999e-07,7.996549999999999e-07,1.1545988564167724e-07,False,False,False,0,False,,,-1.8069920590169473,3.0,False,False,,,weekly,10.0,sigma,computed,/home/lkoo/projects/AutomationDetection/DownloadedLC/incremental/quiescent_background_cache.csv,,,,,,False,not_in_flare_streak
4FGL J1800.6+7828,62,63,55264.00001157408,6.54e-08,2.93e-08,6.79e-08,1.239419773299748e-07,1.1545988564167724e-07,1.0237996514049303e-09,1.1545988564167724e-07,1.0237996514049303e-09,7.996549999999999e-07,7.996549999999999e-07,1.1545988564167724e-07,False,False,False,0,False,,,-1.7074864679633486,3.0,False,False,,,weekly,10.0,sigma,computed,/home/lkoo/projects/AutomationDetection/DownloadedLC/incremental/quiescent_background_cache.csv,,,,,,False,not_in_flare_streak
4FGL J1800.6+7828,63,64,55271.00001157408,2.41e-08,1.68e-08,6.54e-08,1.239419773299748e-07,1.1545988564167724e-07,1.0237996514049303e-09,1.1545988564167724e-07,1.0237996514049303e-09,7.996549999999999e-07,7.996549999999999e-07,1.1545988564167724e-07,False,False,False,0,False,,,-5.4280186489527456,3.0,False,False,,,weekly,10.0,sigma,computed,/home/lkoo/projects/AutomationDetection/DownloadedLC/incremental/quiescent_background_cache.csv,,,,,,False,not_in_flare_streak
4FGL J1800.6+7828,64,65,55278.00001157408,4.19e-08,1.96e-08,2.41e-08,1.239419773299748e-07,1.1545988564167724e-07,1.0237996514049303e-09,1.1545988564167724e-07,1.0237996514049303e-09,7.996549999999999e-07,7.996549999999999e-07,1.1545988564167724e-07,True,False,False,0,False,,,-3.747945810119408,3.0,False,False,,,weekly,10.0,sigma,computed,/home/lkoo/projects/AutomationDetection/DownloadedLC/incremental/quiescent_background_cache.csv,,,,,,False,not_in_flare_streak
4FGL J1800.6+7828,65,66,55285.00001157408,1.13e-07,3e-08,4.19e-08,1.239419773299748e-07,1.1545988564167724e-07,1.0237996514049303e-09,1.1545988564167724e-07,1.0237996514049303e-09,7.996549999999999e-07,7.996549999999999e-07,1.1545988564167724e-07,True,False,False,0,False,,,-0.08194848216937288,3.0,False,False,,,weekly,10.0,sigma,computed,/home/lkoo/projects/AutomationDetection/DownloadedLC/incremental/quiescent_background_cache.csv,,,,,,False,not_in_flare_streak
4FGL J1800.6+7828,66,67,55292.00001157408,2.22e-08,1.15e-08,1.13e-07,1.239419773299748e-07,1.1545988564167724e-07,1.0237996514049303e-09,1.1545988564167724e-07,1.0237996514049303e-09,7.996549999999999e-07,7.996549999999999e-07,1.1545988564167724e-07,False,False,False,0,False,,,-8.077608345312072,3.0,False,False,,,weekly,10.0,sigma,computed,/home/lkoo/projects/AutomationDetection/DownloadedLC/incremental/quiescent_background_cache.csv,,,,,,False,not_in_flare_streak
4FGL J1800.6+7828,67,68,55299.00001157408,5.04e-08,2.29e-08,2.22e-08,1.239419773299748e-07,1.1545988564167724e-07,1.0237996514049303e-09,1.1545988564167724e-07,1.0237996514049303e-09,7.996549999999999e-07,7.996549999999999e-07,1.1545988564167724e-07,True,False,False,0,False,,,-2.838208019549004,3.0,False,False,,,weekly,10.0,sigma,computed,/home/lkoo/projects/AutomationDetection/DownloadedLC/incremental/quiescent_background_cache.csv,,,,,,False,not_in_flare_streak
4FGL J1800.6+7828,68,69,55306.00001157408,6.33e-08,2.88e-08,5.04e-08,1.239419773299748e-07,1.1545988564167724e-07,1.0237996514049303e-09,1.1545988564167724e-07,1.0237996514049303e-09,7.996549999999999e-07,7.996549999999999e-07,1.1545988564167724e-07,True,False,False,0,False,,,-1.8099638731196335,3.0,False,False,,,weekly,10.0,sigma,computed,/home/lkoo/projects/AutomationDetection/DownloadedLC/incremental/quiescent_background_cache.csv,,,,,,False,not_in_flare_streak
4FGL J1800.6+7828,69,70,55313.00001157408,7.02e-08,2.89e-08,6.33e-08,1.239419773299748e-07,1.1545988564167724e-07,1.0237996514049303e-09,1.1545988564167724e-07,1.0237996514049303e-09,7.996549999999999e-07,7.996549999999999e-07,1.1545988564167724e-07,True,False,False,0,False,,,-1.5651042347681963,3.0,False,False,,,weekly,10.0,sigma,computed,/home/lkoo/projects/AutomationDetection/DownloadedLC/incremental/quiescent_background_cache.csv,,,,,,False,not_in_flare_streak
4FGL J1800.6+7828,70,71,55320.00001157408,7.55e-08,2.92e-08,7.02e-08,1.239419773299748e-07,1.1545988564167724e-07,1.0237996514049303e-09,1.1545988564167724e-07,1.0237996514049303e-09,7.996549999999999e-07,7.996549999999999e-07,1.1545988564167724e-07,True,False,False,0,False,,,-1.3676488547992556,3.0,False,False,,,weekly,10.0,sigma,computed,/home/lkoo/projects/AutomationDetection/DownloadedLC/incremental/quiescent_background_cache.csv,,,,,,False,not_in_flare_streak
4FGL J1800.6+7828,71,72,55327.00001157408,5.16e-08,2.45e-08,7.55e-08,1.239419773299748e-07,1.1545988564167724e-07,1.0237996514049303e-09,1.1545988564167724e-07,1.0237996514049303e-09,7.996549999999999e-07,7.996549999999999e-07,1.1545988564167724e-07,False,False,False,0,False,,,-2.6042531430005043,3.0,False,False,,,weekly,10.0,sigma,computed,/home/lkoo/projects/AutomationDetection/DownloadedLC/incremental/quiescent_background_cache.csv,,,,,,False,not_in_flare_streak
4FGL J1800.6+7828,72,73,55334.00001157408,7.02e-08,2.04e-08,5.16e-08,1.239419773299748e-07,1.1545988564167724e-07,1.0237996514049303e-09,1.1545988564167724e-07,1.0237996514049303e-09,7.996549999999999e-07,7.996549999999999e-07,1.1545988564167724e-07,True,False,False,0,False,,,-2.2158331344078563,3.0,False,False,,,weekly,10.0,sigma,computed,/home/lkoo/projects/AutomationDetection/DownloadedLC/incremental/quiescent_background_cache.csv,,,,,,False,not_in_flare_streak
4FGL J1800.6+7828,73,74,55341.00001157408,6.41e-08,2.06e-08,7.02e-08,1.239419773299748e-07,1.1545988564167724e-07,1.0237996514049303e-09,1.1545988564167724e-07,1.0237996514049303e-09,7.996549999999999e-07,7.996549999999999e-07,1.1545988564167724e-07,False,False,False,0,False,,,-2.490124934664131,3.0,False,False,,,weekly,10.0,sigma,computed,/home/lkoo/projects/AutomationDetection/DownloadedLC/incremental/quiescent_background_cache.csv,,,,,,False,not_in_flare_streak
4FGL J1800.6+7828,74,75,55348.00001157408,7.71e-08,3.06e-08,6.41e-08,1.239419773299748e-07,1.1545988564167724e-07,1.0237996514049303e-09,1.1545988564167724e-07,1.0237996514049303e-09,7.996549999999999e-07,7.996549999999999e-07,1.1545988564167724e-07,True,False,False,0,False,,,-1.2528899847468256,3.0,False,False,,,weekly,10.0,sigma,computed,/home/lkoo/projects/AutomationDetection/DownloadedLC/incremental/quiescent_background_cache.csv,,,,,,False,not_in_flare_streak
4FGL J1800.6+7828,75,76,55369.00001157408,6.31e-08,2.75e-08,7.71e-08,1.239419773299748e-07,1.1545988564167724e-07,1.0237996514049303e-09,1.1545988564167724e-07,1.0237996514049303e-09,7.996549999999999e-07,7.996549999999999e-07,1.1545988564167724e-07,False,False,False,0,False,,,-1.9026777383503857,3.0,False,False,,,weekly,10.0,sigma,computed,/home/lkoo/projects/AutomationDetection/DownloadedLC/incremental/quiescent_background_cache.csv,,,,,,False,not_in_flare_streak
4FGL J1800.6+7828,76,77,55376.00001157408,1.38e-08,1.24e-08,6.31e-08,1.239419773299748e-07,1.1545988564167724e-07,1.0237996514049303e-09,1.1545988564167724e-07,1.0237996514049303e-09,7.996549999999999e-07,7.996549999999999e-07,1.1545988564167724e-07,False,False,False,0,False,,,-8.170576195430096,3.0,False,False,,,weekly,10.0,sigma,computed,/home/lkoo/projects/AutomationDetection/DownloadedLC/incremental/quiescent_background_cache.csv,,,,,,False,not_in_flare_streak
4FGL J1800.6+7828,77,78,55383.00001157408,7.43e-08,2.32e-08,1.38e-08,1.239419773299748e-07,1.1545988564167724e-07,1.0237996514049303e-09,1.1545988564167724e-07,1.0237996514049303e-09,7.996549999999999e-07,7.996549999999999e-07,1.1545988564167724e-07,True,False,False,0,False,,,-1.77240805214918,3.0,False,False,,,weekly,10.0,sigma,computed,/home/lkoo/projects/AutomationDetection/DownloadedLC/incremental/quiescent_background_cache.csv,,,,,,False,not_in_flare_streak
4FGL J1800.6+7828,78,79,55390.00001157408,8.8e-08,3.25e-08,7.43e-08,1.239419773299748e-07,1.1545988564167724e-07,1.0237996514049303e-09,1.1545988564167724e-07,1.0237996514049303e-09,7.996549999999999e-07,7.996549999999999e-07,1.1545988564167724e-07,True,False,False,0,False,,,-0.8445006435835191,3.0,False,False,,,weekly,10.0,sigma,computed,/home/lkoo/projects/AutomationDetection/DownloadedLC/incremental/quiescent_background_cache.csv,,,,,,False,not_in_flare_streak
4FGL J1800.6+7828,79,80,55397.00001157408,2.28e-07,3.92e-08,8.8e-08,1.239419773299748e-07,1.1545988564167724e-07,1.0237996514049303e-09,1.1545988564167724e-07,1.0237996514049303e-09,7.996549999999999e-07,7.996549999999999e-07,1.1545988564167724e-07,True,True,False,0,False,,,2.869942635552731,3.0,False,False,,,weekly,10.0,sigma,computed,/home/lkoo/projects/AutomationDetection/DownloadedLC/incremental/quiescent_background_cache.csv,,,,,,False,not_in_flare_streak
4FGL J1800.6+7828,80,81,55404.00001157408,5.37e-08,2.72e-08,2.28e-07,1.239419773299748e-07,1.1545988564167724e-07,1.0237996514049303e-09,1.1545988564167724e-07,1.0237996514049303e-09,7.996549999999999e-07,7.996549999999999e-07,1.1545988564167724e-07,False,False,False,0,False,,,-2.268977316989638,3.0,False,False,,,weekly,10.0,sigma,computed,/home/lkoo/projects/AutomationDetection/DownloadedLC/incremental/quiescent_background_cache.csv,,,,,,False,not_in_flare_streak
4FGL J1800.6+7828,81,82,55411.00001157408,2.85e-08,2.67e-08,5.37e-08,1.239419773299748e-07,1.1545988564167724e-07,1.0237996514049303e-09,1.1545988564167724e-07,1.0237996514049303e-09,7.996549999999999e-07,7.996549999999999e-07,1.1545988564167724e-07,False,False,False,0,False,,,-3.2545328567229426,3.0,False,False,,,weekly,10.0,sigma,computed,/home/lkoo/projects/AutomationDetection/DownloadedLC/incremental/quiescent_background_cache.csv,,,,,,False,not_in_flare_streak
4FGL J1800.6+7828,82,83,55425.00001157408,6.3e-08,2.99e-08,2.85e-08,1.239419773299748e-07,1.1545988564167724e-07,1.0237996514049303e-09,1.1545988564167724e-07,1.0237996514049303e-09,7.996549999999999e-07,7.996549999999999e-07,1.1545988564167724e-07,True,False,False,0,False,,,-1.7534836066453314,3.0,False,False,,,weekly,10.0,sigma,computed,/home/lkoo/projects/AutomationDetection/DownloadedLC/incremental/quiescent_background_cache.csv,,,,,,False,not_in_flare_streak
4FGL J1800.6+7828,83,84,55439.00001157408,7.23e-08,2.94e-08,6.3e-08,1.239419773299748e-07,1.1545988564167724e-07,1.0237996514049303e-09,1.1545988564167724e-07,1.0237996514049303e-09,7.996549999999999e-07,7.996549999999999e-07,1.1545988564167724e-07,True,False,False,0,False,,,-1.4671340309848349,3.0,False,False,,,weekly,10.0,sigma,computed,/home/lkoo/projects/AutomationDetection/DownloadedLC/incremental/quiescent_background_cache.csv,,,,,,False,not_in_flare_streak
4FGL J1800.6+7828,84,85,55446.00001157408,7.49e-08,2.76e-08,7.23e-08,1.239419773299748e-07,1.1545988564167724e-07,1.0237996514049303e-09,1.1545988564167724e-07,1.0237996514049303e-09,7.996549999999999e-07,7.996549999999999e-07,1.1545988564167724e-07,True,False,False,0,False,,,-1.4685510736058314,3.0,False,False,,,weekly,10.0,sigma,computed,/home/lkoo/projects/AutomationDetection/DownloadedLC/incremental/quiescent_background_cache.csv,,,,,,False,not_in_flare_streak
4FGL J1800.6+7828,85,86,55460.00001157408,4.53e-08,2.6e-08,7.49e-08,1.239419773299748e-07,1.1545988564167724e-07,1.0237996514049303e-09,1.1545988564167724e-07,1.0237996514049303e-09,7.996549999999999e-07,7.996549999999999e-07,1.1545988564167724e-07,False,False,False,0,False,,,-2.696367535527323,3.0,False,False,,,weekly,10.0,sigma,computed,/home/lkoo/projects/AutomationDetection/DownloadedLC/incremental/quiescent_background_cache.csv,,,,,,False,not_in_flare_streak
4FGL J1800.6+7828,86,87,55488.00001157408,2.48e-08,1.53e-08,4.53e-08,1.239419773299748e-07,1.1545988564167724e-07,1.0237996514049303e-09,1.1545988564167724e-07,1.0237996514049303e-09,7.996549999999999e-07,7.996549999999999e-07,1.1545988564167724e-07,False,False,False,0,False,,,-5.912261080572528,3.0,False,False,,,weekly,10.0,sigma,computed,/home/lkoo/projects/AutomationDetection/DownloadedLC/incremental/quiescent_background_cache.csv,,,,,,False,not_in_flare_streak
4FGL J1800.6+7828,87,88,55495.00001157408,4.71e-08,2.18e-08,2.48e-08,1.239419773299748e-07,1.1545988564167724e-07,1.0237996514049303e-09,1.1545988564167724e-07,1.0237996514049303e-09,7.996549999999999e-07,7.996549999999999e-07,1.1545988564167724e-07,True,False,False,0,False,,,-3.1323222261324055,3.0,False,False,,,weekly,10.0,sigma,computed,/home/lkoo/projects/AutomationDetection/DownloadedLC/incremental/quiescent_background_cache.csv,,,,,,False,not_in_flare_streak
4FGL J1800.6+7828,88,89,55502.00001157408,4.39e-08,1.76e-08,4.71e-08,1.239419773299748e-07,1.1545988564167724e-07,1.0237996514049303e-09,1.1545988564167724e-07,1.0237996514049303e-09,7.996549999999999e-07,7.996549999999999e-07,1.1545988564167724e-07,False,False,False,0,False,,,-4.0590409027777286,3.0,False,False,,,weekly,10.0,sigma,computed,/home/lkoo/projects/AutomationDetection/DownloadedLC/incremental/quiescent_background_cache.csv,,,,,,False,not_in_flare_streak
4FGL J1800.6+7828,89,90,55509.00001157408,4.71e-08,2.03e-08,4.39e-08,1.239419773299748e-07,1.1545988564167724e-07,1.0237996514049303e-09,1.1545988564167724e-07,1.0237996514049303e-09,7.996549999999999e-07,7.996549999999999e-07,1.1545988564167724e-07,True,False,False,0,False,,,-3.3632075480372134,3.0,False,False,,,weekly,10.0,sigma,computed,/home/lkoo/projects/AutomationDetection/DownloadedLC/incremental/quiescent_background_cache.csv,,,,,,False,not_in_flare_streak
4FGL J1800.6+7828,90,91,55516.00001157408,8.91e-08,2.78e-08,4.71e-08,1.239419773299748e-07,1.1545988564167724e-07,1.0237996514049303e-09,1.1545988564167724e-07,1.0237996514049303e-09,7.996549999999999e-07,7.996549999999999e-07,1.1545988564167724e-07,True,False,False,0,False,,,-0.9475549813347404,3.0,False,False,,,weekly,10.0,sigma,computed,/home/lkoo/projects/AutomationDetection/DownloadedLC/incremental/quiescent_background_cache.csv,,,,,,False,not_in_flare_streak
4FGL J1800.6+7828,91,92,55523.00001157408,5.22e-08,2.3e-08,8.91e-08,1.239419773299748e-07,1.1545988564167724e-07,1.0237996514049303e-09,1.1545988564167724e-07,1.0237996514049303e-09,7.996549999999999e-07,7.996549999999999e-07,1.1545988564167724e-07,False,False,False,0,False,,,-2.747708988997687,3.0,False,False,,,weekly,10.0,sigma,computed,/home/lkoo/projects/AutomationDetection/DownloadedLC/incremental/quiescent_background_cache.csv,,,,,,False,not_in_flare_streak
4FGL J1800.6+7828,92,93,55551.00001157408,7.2e-09,7.14e-09,5.22e-08,1.239419773299748e-07,1.1545988564167724e-07,1.0237996514049303e-09,1.1545988564167724e-07,1.0237996514049303e-09,7.996549999999999e-07,7.996549999999999e-07,1.1545988564167724e-07,False,False,False,0,False,,,-15.008938428530044,3.0,False,False,,,weekly,10.0,sigma,computed,/home/lkoo/projects/AutomationDetection/DownloadedLC/incremental/quiescent_background_cache.csv,,,,,,False,not_in_flare_streak
4FGL J1800.6+7828,93,94,55558.00001157408,7.45e-08,3.46e-08,7.2e-09,1.239419773299748e-07,1.1545988564167724e-07,1.0237996514049303e-09,1.1545988564167724e-07,1.0237996514049303e-09,7.996549999999999e-07,7.996549999999999e-07,1.1545988564167724e-07,True,False,False,0,False,,,-1.1832938244411813,3.0,False,False,,,weekly,10.0,sigma,computed,/home/lkoo/projects/AutomationDetection/DownloadedLC/incremental/quiescent_background_cache.csv,,,,,,False,not_in_flare_streak
4FGL J1800.6+7828,94,95,55565.00001157408,1.07e-07,2.98e-08,7.45e-08,1.239419773299748e-07,1.1545988564167724e-07,1.0237996514049303e-09,1.1545988564167724e-07,1.0237996514049303e-09,7.996549999999999e-07,7.996549999999999e-07,1.1545988564167724e-07,True,False,False,0,False,,,-0.28372138918785544,3.0,False,False,,,weekly,10.0,sigma,computed,/home/lkoo/projects/AutomationDetection/DownloadedLC/incremental/quiescent_background_cache.csv,,,,,,False,not_in_flare_streak
4FGL J1800.6+7828,95,96,55572.00001157408,8.88e-08,2.77e-08,1.07e-07,1.239419773299748e-07,1.1545988564167724e-07,1.0237996514049303e-09,1.1545988564167724e-07,1.0237996514049303e-09,7.996549999999999e-07,7.996549999999999e-07,1.1545988564167724e-07,False,False,False,0,False,,,-0.9617940342374114,3.0,False,False,,,weekly,10.0,sigma,computed,/home/lkoo/projects/AutomationDetection/DownloadedLC/incremental/quiescent_background_cache.csv,,,,,,False,not_in_flare_streak
4FGL J1800.6+7828,96,97,55579.00001157408,6.98e-08,3.01e-08,8.88e-08,1.239419773299748e-07,1.1545988564167724e-07,1.0237996514049303e-09,1.1545988564167724e-07,1.0237996514049303e-09,7.996549999999999e-07,7.996549999999999e-07,1.1545988564167724e-07,False,False,False,0,False,,,-1.51606300685706,3.0,False,False,,,weekly,10.0,sigma,computed,/home/lkoo/projects/AutomationDetection/DownloadedLC/incremental/quiescent_background_cache.csv,,,,,,False,not_in_flare_streak
4FGL J1800.6+7828,97,98,55586.00001157408,1.18e-07,3.76e-08,6.98e-08,1.239419773299748e-07,1.1545988564167724e-07,1.0237996514049303e-09,1.1545988564167724e-07,1.0237996514049303e-09,7.996549999999999e-07,7.996549999999999e-07,1.1545988564167724e-07,True,True,False,0,False,,,0.06753120365823427,3.0,False,False,,,weekly,10.0,sigma,computed,/home/lkoo/projects/AutomationDetection/DownloadedLC/incremental/quiescent_background_cache.csv,,,,,,False,not_in_flare_streak
4FGL J1800.6+7828,98,99,55593.00001157408,9.69e-08,2.97e-08,1.18e-07,1.239419773299748e-07,1.1545988564167724e-07,1.0237996514049303e-09,1.1545988564167724e-07,1.0237996514049303e-09,7.996549999999999e-07,7.996549999999999e-07,1.1545988564167724e-07,False,False,False,0,False,,,-0.6245410213101543,3.0,False,False,,,weekly,10.0,sigma,computed,/home/lkoo/projects/AutomationDetection/DownloadedLC/incremental/quiescent_background_cache.csv,,,,,,False,not_in_flare_streak
4FGL J1800.6+7828,99,100,55600.00001157408,3.72e-08,2.51e-08,9.69e-08,1.239419773299748e-07,1.1545988564167724e-07,1.0237996514049303e-09,1.1545988564167724e-07,1.0237996514049303e-09,7.996549999999999e-07,7.996549999999999e-07,1.1545988564167724e-07,False,False,False,0,False,,,-3.1153332730432317,3.0,False,False,,,weekly,10.0,sigma,computed,/home/lkoo/projects/AutomationDetection/DownloadedLC/incremental/quiescent_background_cache.csv,,,,,,False,not_in_flare_streak
4FGL J1800.6+7828,100,101,55607.00001157408,7.28e-08,2.69e-08,3.72e-08,1.239419773299748e-07,1.1545988564167724e-07,1.0237996514049303e-09,1.1545988564167724e-07,1.0237996514049303e-09,7.996549999999999e-07,7.996549999999999e-07,1.1545988564167724e-07,True,False,False,0,False,,,-1.5847220169020804,3.0,False,False,,,weekly,10.0,sigma,computed,/home/lkoo/projects/AutomationDetection/DownloadedLC/incremental/quiescent_background_cache.csv,,,,,,False,not_in_flare_streak
4FGL J1800.6+7828,101,102,55614.00001157408,3.33e-08,1.74e-08,7.28e-08,1.239419773299748e-07,1.1545988564167724e-07,1.0237996514049303e-09,1.1545988564167724e-07,1.0237996514049303e-09,7.996549999999999e-07,7.996549999999999e-07,1.1545988564167724e-07,False,False,False,0,False,,,-4.713680095221591,3.0,False,False,,,weekly,10.0,sigma,computed,/home/lkoo/projects/AutomationDetection/DownloadedLC/incremental/quiescent_background_cache.csv,,,,,,False,not_in_flare_streak
4FGL J1800.6+7828,102,103,55621.00001157408,9.83e-08,3.31e-08,3.33e-08,1.239419773299748e-07,1.1545988564167724e-07,1.0237996514049303e-09,1.1545988564167724e-07,1.0237996514049303e-09,7.996549999999999e-07,7.996549999999999e-07,1.1545988564167724e-07,True,False,False,0,False,,,-0.5181777380527116,3.0,False,False,,,weekly,10.0,sigma,computed,/home/lkoo/projects/AutomationDetection/DownloadedLC/incremental/quiescent_background_cache.csv,,,,,,False,not_in_flare_streak
4FGL J1800.6+7828,103,104,55628.00001157408,1.06e-07,3.03e-08,9.83e-08,1.239419773299748e-07,1.1545988564167724e-07,1.0237996514049303e-09,1.1545988564167724e-07,1.0237996514049303e-09,7.996549999999999e-07,7.996549999999999e-07,1.1545988564167724e-07,True,False,False,0,False,,,-0.3120293787543222,3.0,False,False,,,weekly,10.0,sigma,computed,/home/lkoo/projects/AutomationDetection/DownloadedLC/incremental/quiescent_background_cache.csv,,,,,,False,not_in_flare_streak
4FGL J1800.6+7828,104,105,55635.00001157408,8.23e-08,2.73e-08,1.06e-07,1.239419773299748e-07,1.1545988564167724e-07,1.0237996514049303e-09,1.1545988564167724e-07,1.0237996514049303e-09,7.996549999999999e-07,7.996549999999999e-07,1.1545988564167724e-07,False,False,False,0,False,,,-1.2137945934812606,3.0,False,False,,,weekly,10.0,sigma,computed,/home/lkoo/projects/AutomationDetection/DownloadedLC/incremental/quiescent_background_cache.csv,,,,,,False,not_in_flare_streak
4FGL J1800.6+7828,105,106,55642.00001157408,6.76e-08,2.96e-08,8.23e-08,1.239419773299748e-07,1.1545988564167724e-07,1.0237996514049303e-09,1.1545988564167724e-07,1.0237996514049303e-09,7.996549999999999e-07,7.996549999999999e-07,1.1545988564167724e-07,False,False,False,0,False,,,-1.6159217394470686,3.0,False,False,,,weekly,10.0,sigma,computed,/home/lkoo/projects/AutomationDetection/DownloadedLC/incremental/quiescent_background_cache.csv,,,,,,False,not_in_flare_streak
4FGL J1800.6+7828,106,107,55649.00001157408,1.01e-07,2.93e-08,6.76e-08,1.239419773299748e-07,1.1545988564167724e-07,1.0237996514049303e-09,1.1545988564167724e-07,1.0237996514049303e-09,7.996549999999999e-07,7.996549999999999e-07,1.1545988564167724e-07,True,False,False,0,False,,,-0.49321045673555747,3.0,False,False,,,weekly,10.0,sigma,computed,/home/lkoo/projects/AutomationDetection/DownloadedLC/incremental/quiescent_background_cache.csv,,,,,,False,not_in_flare_streak
4FGL J1800.6+7828,107,108,55656.00001157408,3.76e-08,3.03e-08,1.01e-07,1.239419773299748e-07,1.1545988564167724e-07,1.0237996514049303e-09,1.1545988564167724e-07,1.0237996514049303e-09,7.996549999999999e-07,7.996549999999999e-07,1.1545988564167724e-07,False,False,False,0,False,,,-2.568167593868256,3.0,False,False,,,weekly,10.0,sigma,computed,/home/lkoo/projects/AutomationDetection/DownloadedLC/incremental/quiescent_background_cache.csv,,,,,,False,not_in_flare_streak
4FGL J1800.6+7828,108,109,55663.00001157408,3.35e-08,2.1e-08,3.76e-08,1.239419773299748e-07,1.1545988564167724e-07,1.0237996514049303e-09,1.1545988564167724e-07,1.0237996514049303e-09,7.996549999999999e-07,7.996549999999999e-07,1.1545988564167724e-07,False,False,False,0,False,,,-3.8982218134411286,3.0,False,False,,,weekly,10.0,sigma,computed,/home/lkoo/projects/AutomationDetection/DownloadedLC/incremental/quiescent_background_cache.csv,,,,,,False,not_in_flare_streak
4FGL J1800.6+7828,109,110,55670.00001157408,5.3e-08,2.82e-08,3.35e-08,1.239419773299748e-07,1.1545988564167724e-07,1.0237996514049303e-09,1.1545988564167724e-07,1.0237996514049303e-09,7.996549999999999e-07,7.996549999999999e-07,1.1545988564167724e-07,True,False,False,0,False,,,-2.2134313360157414,3.0,False,False,,,weekly,10.0,sigma,computed,/home/lkoo/projects/AutomationDetection/DownloadedLC/incremental/quiescent_background_cache.csv,,,,,,False,not_in_flare_streak
4FGL J1800.6+7828,110,111,55677.00001157408,2.29e-07,3.48e-08,5.3e-08,1.239419773299748e-07,1.1545988564167724e-07,1.0237996514049303e-09,1.1545988564167724e-07,1.0237996514049303e-09,7.996549999999999e-07,7.996549999999999e-07,1.1545988564167724e-07,True,True,False,0,False,,,3.2612359554231594,3.0,True,True,55677.00001157408,55677.00001157408,weekly,10.0,sigma,computed,/home/lkoo/projects/AutomationDetection/DownloadedLC/incremental/quiescent_background_cache.csv,,,,,,False,not_in_flare_streak
4FGL J1800.6+7828,111,112,55684.00001157408,2.53e-07,3.56e-08,2.29e-07,1.239419773299748e-07,1.1545988564167724e-07,1.0237996514049303e-09,1.1545988564167724e-07,1.0237996514049303e-09,7.996549999999999e-07,7.996549999999999e-07,1.1545988564167724e-07,True,True,False,0,False,,,3.8618897071423017,3.0,True,True,55677.00001157408,55684.00001157408,weekly,10.0,sigma,computed,/home/lkoo/projects/AutomationDetection/DownloadedLC/incremental/quiescent_background_cache.csv,,,,,,False,not_in_flare_streak
4FGL J1800.6+7828,112,113,55691.00001157408,5.29e-08,2.1e-08,2.53e-07,1.239419773299748e-07,1.1545988564167724e-07,1.0237996514049303e-09,1.1545988564167724e-07,1.0237996514049303e-09,7.996549999999999e-07,7.996549999999999e-07,1.1545988564167724e-07,False,False,False,0,False,,,-2.9755081884931003,3.0,False,False,,,weekly,10.0,sigma,computed,/home/lkoo/projects/AutomationDetection/DownloadedLC/incremental/quiescent_background_cache.csv,,,,,,False,not_in_flare_streak
4FGL J1800.6+7828,113,114,55698.00001157408,1.08e-07,2.61e-08,5.29e-08,1.239419773299748e-07,1.1545988564167724e-07,1.0237996514049303e-09,1.1545988564167724e-07,1.0237996514049303e-09,7.996549999999999e-07,7.996549999999999e-07,1.1545988564167724e-07,True,False,False,0,False,,,-0.2855997340818154,3.0,False,False,,,weekly,10.0,sigma,computed,/home/lkoo/projects/AutomationDetection/DownloadedLC/incremental/quiescent_background_cache.csv,,,,,,False,not_in_flare_streak
4FGL J1800.6+7828,114,115,55705.00001157408,4.39e-07,4.19e-08,1.08e-07,1.239419773299748e-07,1.1545988564167724e-07,1.0237996514049303e-09,1.1545988564167724e-07,1.0237996514049303e-09,7.996549999999999e-07,7.996549999999999e-07,1.1545988564167724e-07,True,True,False,0,False,,,7.719417057938005,3.0,True,True,55705.00001157408,55705.00001157408,weekly,10.0,sigma,computed,/home/lkoo/projects/AutomationDetection/DownloadedLC/incremental/quiescent_background_cache.csv,,,,,,False,not_in_flare_streak
4FGL J1800.6+7828,115,116,55712.00001157408,6.95e-08,2.59e-08,4.39e-07,1.239419773299748e-07,1.1545988564167724e-07,1.0237996514049303e-09,1.1545988564167724e-07,1.0237996514049303e-09,7.996549999999999e-07,7.996549999999999e-07,1.1545988564167724e-07,False,False,False,0,False,,,-1.7731282102686086,3.0,False,False,,,weekly,10.0,sigma,computed,/home/lkoo/projects/AutomationDetection/DownloadedLC/incremental/quiescent_background_cache.csv,,,,,,False,not_in_flare_streak
4FGL J1800.6+7828,116,117,55719.00001157408,5.78e-08,2.03e-08,6.95e-08,1.239419773299748e-07,1.1545988564167724e-07,1.0237996514049303e-09,1.1545988564167724e-07,1.0237996514049303e-09,7.996549999999999e-07,7.996549999999999e-07,1.1545988564167724e-07,False,False,False,0,False,,,-2.8367830166588544,3.0,False,False,,,weekly,10.0,sigma,computed,/home/lkoo/projects/AutomationDetection/DownloadedLC/incremental/quiescent_background_cache.csv,,,,,,False,not_in_flare_streak
4FGL J1800.6+7828,117,118,55726.00001157408,7.09e-08,2.37e-08,5.78e-08,1.239419773299748e-07,1.1545988564167724e-07,1.0237996514049303e-09,1.1545988564167724e-07,1.0237996514049303e-09,7.996549999999999e-07,7.996549999999999e-07,1.1545988564167724e-07,True,False,False,0,False,,,-1.8784121222425494,3.0,False,False,,,weekly,10.0,sigma,computed,/home/lkoo/projects/AutomationDetection/DownloadedLC/incremental/quiescent_background_cache.csv,,,,,,False,not_in_flare_streak
4FGL J1800.6+7828,118,119,55733.00001157408,1.05e-07,2.65e-08,7.09e-08,1.239419773299748e-07,1.1545988564167724e-07,1.0237996514049303e-09,1.1545988564167724e-07,1.0237996514049303e-09,7.996549999999999e-07,7.996549999999999e-07,1.1545988564167724e-07,True,False,False,0,False,,,-0.39441842455232934,3.0,False,False,,,weekly,10.0,sigma,computed,/home/lkoo/projects/AutomationDetection/DownloadedLC/incremental/quiescent_background_cache.csv,,,,,,False,not_in_flare_streak
4FGL J1800.6+7828,119,120,55740.00001157408,7.46e-08,2.55e-08,1.05e-07,1.239419773299748e-07,1.1545988564167724e-07,1.0237996514049303e-09,1.1545988564167724e-07,1.0237996514049303e-09,7.996549999999999e-07,7.996549999999999e-07,1.1545988564167724e-07,False,False,False,0,False,,,-1.6010585688149859,3.0,False,False,,,weekly,10.0,sigma,computed,/home/lkoo/projects/AutomationDetection/DownloadedLC/incremental/quiescent_background_cache.csv,,,,,,False,not_in_flare_streak
4FGL J1800.6+7828,120,121,55747.00001157408,9.76e-08,3.28e-08,7.46e-08,1.239419773299748e-07,1.1545988564167724e-07,1.0237996514049303e-09,1.1545988564167724e-07,1.0237996514049303e-09,7.996549999999999e-07,7.996549999999999e-07,1.1545988564167724e-07,True,False,False,0,False,,,-0.5442436512075832,3.0,False,False,,,weekly,10.0,sigma,computed,/home/lkoo/projects/AutomationDetection/DownloadedLC/incremental/quiescent_background_cache.csv,,,,,,False,not_in_flare_streak
4FGL J1800.6+7828,121,122,55754.00001157408,8.57e-08,2.68e-08,9.76e-08,1.239419773299748e-07,1.1545988564167724e-07,1.0237996514049303e-09,1.1545988564167724e-07,1.0237996514049303e-09,7.996549999999999e-07,7.996549999999999e-07,1.1545988564167724e-07,False,False,False,0,False,,,-1.1096341153183356,3.0,False,False,,,weekly,10.0,sigma,computed,/home/lkoo/projects/AutomationDetection/DownloadedLC/incremental/quiescent_background_cache.csv,,,,,,False,not_in_flare_streak
4FGL J1800.6+7828,122,123,55761.00001157408,7.67e-08,2.66e-08,8.57e-08,1.239419773299748e-07,1.1545988564167724e-07,1.0237996514049303e-09,1.1545988564167724e-07,1.0237996514049303e-09,7.996549999999999e-07,7.996549999999999e-07,1.1545988564167724e-07,False,False,False,0,False,,,-1.4560604671406676,3.0,False,False,,,weekly,10.0,sigma,computed,/home/lkoo/projects/AutomationDetection/DownloadedLC/incremental/quiescent_background_cache.csv,,,,,,False,not_in_flare_streak
4FGL J1800.6+7828,123,124,55768.00001157408,4.97e-08,1.9e-08,7.67e-08,1.239419773299748e-07,1.1545988564167724e-07,1.0237996514049303e-09,1.1545988564167724e-07,1.0237996514049303e-09,7.996549999999999e-07,7.996549999999999e-07,1.1545988564167724e-07,False,False,False,0,False,,,-3.4560329429060963,3.0,False,False,,,weekly,10.0,sigma,computed,/home/lkoo/projects/AutomationDetection/DownloadedLC/incremental/quiescent_background_cache.csv,,,,,,False,not_in_flare_streak
4FGL J1800.6+7828,124,125,55775.00001157408,1.2e-07,3.16e-08,4.97e-08,1.239419773299748e-07,1.1545988564167724e-07,1.0237996514049303e-09,1.1545988564167724e-07,1.0237996514049303e-09,7.996549999999999e-07,7.996549999999999e-07,1.1545988564167724e-07,True,True,False,0,False,,,0.1435991583917703,3.0,False,False,,,weekly,10.0,sigma,computed,/home/lkoo/projects/AutomationDetection/DownloadedLC/incremental/quiescent_background_cache.csv,,,,,,False,not_in_flare_streak
4FGL J1800.6+7828,125,126,55782.00001157408,3.75e-08,2.13e-08,1.2e-07,1.239419773299748e-07,1.1545988564167724e-07,1.0237996514049303e-09,1.1545988564167724e-07,1.0237996514049303e-09,7.996549999999999e-07,7.996549999999999e-07,1.1545988564167724e-07,False,False,False,0,False,,,-3.6558678653267465,3.0,False,False,,,weekly,10.0,sigma,computed,/home/lkoo/projects/AutomationDetection/DownloadedLC/incremental/quiescent_background_cache.csv,,,,,,False,not_in_flare_streak
4FGL J1800.6+7828,126,127,55789.00001157408,6.82e-08,2.24e-08,3.75e-08,1.239419773299748e-07,1.1545988564167724e-07,1.0237996514049303e-09,1.1545988564167724e-07,1.0237996514049303e-09,7.996549999999999e-07,7.996549999999999e-07,1.1545988564167724e-07,True,False,False,0,False,,,-2.10761608966547,3.0,False,False,,,weekly,10.0,sigma,computed,/home/lkoo/projects/AutomationDetection/DownloadedLC/incremental/quiescent_background_cache.csv,,,,,,False,not_in_flare_streak
4FGL J1800.6+7828,127,128,55803.00001157408,5.03e-08,2.6e-08,6.82e-08,1.239419773299748e-07,1.1545988564167724e-07,1.0237996514049303e-09,1.1545988564167724e-07,1.0237996514049303e-09,7.996549999999999e-07,7.996549999999999e-07,1.1545988564167724e-07,False,False,False,0,False,,,-2.5042087605473937,3.0,False,False,,,weekly,10.0,sigma,computed,/home/lkoo/projects/AutomationDetection/DownloadedLC/incremental/quiescent_background_cache.csv,,,,,,False,not_in_flare_streak
4FGL J1800.6+7828,128,129,55810.00001157408,6.88e-08,2.28e-08,5.03e-08,1.239419773299748e-07,1.1545988564167724e-07,1.0237996514049303e-09,1.1545988564167724e-07,1.0237996514049303e-09,7.996549999999999e-07,7.996549999999999e-07,1.1545988564167724e-07,True,False,False,0,False,,,-2.044426137810797,3.0,False,False,,,weekly,10.0,sigma,computed,/home/lkoo/projects/AutomationDetection/DownloadedLC/incremental/quiescent_background_cache.csv,,,,,,False,not_in_flare_streak
4FGL J1800.6+7828,129,130,55817.00001157408,6.16e-08,2.8e-08,6.88e-08,1.239419773299748e-07,1.1545988564167724e-07,1.0237996514049303e-09,1.1545988564167724e-07,1.0237996514049303e-09,7.996549999999999e-07,7.996549999999999e-07,1.1545988564167724e-07,False,False,False,0,False,,,-1.9222827793381185,3.0,False,False,,,weekly,10.0,sigma,computed,/home/lkoo/projects/AutomationDetection/DownloadedLC/incremental/quiescent_background_cache.csv,,,,,,False,not_in_flare_streak
4FGL J1800.6+7828,130,131,55824.00001157408,4.57e-08,2.06e-08,6.16e-08,1.239419773299748e-07,1.1545988564167724e-07,1.0237996514049303e-09,1.1545988564167724e-07,1.0237996514049303e-09,7.996549999999999e-07,7.996549999999999e-07,1.1545988564167724e-07,False,False,False,0,False,,,-3.382227754313706,3.0,False,False,,,weekly,10.0,sigma,computed,/home/lkoo/projects/AutomationDetection/DownloadedLC/incremental/quiescent_background_cache.csv,,,,,,False,not_in_flare_streak
4FGL J1800.6+7828,131,132,55831.00001157408,4.62e-08,1.81e-08,4.57e-08,1.239419773299748e-07,1.1545988564167724e-07,1.0237996514049303e-09,1.1545988564167724e-07,1.0237996514049303e-09,7.996549999999999e-07,7.996549999999999e-07,1.1545988564167724e-07,True,False,False,0,False,,,-3.820406335429411,3.0,False,False,,,weekly,10.0,sigma,computed,/home/lkoo/projects/AutomationDetection/DownloadedLC/incremental/quiescent_background_cache.csv,,,,,,False,not_in_flare_streak
4FGL J1800.6+7828,132,133,55838.00001157408,7.56e-08,2.77e-08,4.62e-08,1.239419773299748e-07,1.1545988564167724e-07,1.0237996514049303e-09,1.1545988564167724e-07,1.0237996514049303e-09,7.996549999999999e-07,7.996549999999999e-07,1.1545988564167724e-07,True,False,False,0,False,,,-1.4380031756632377,3.0,False,False,,,weekly,10.0,sigma,computed,/home/lkoo/projects/AutomationDetection/DownloadedLC/incremental/quiescent_background_cache.csv,,,,,,False,not_in_flare_streak
4FGL J1800.6+7828,133,134,55845.00001157408,7.94e-08,3.07e-08,7.56e-08,1.239419773299748e-07,1.1545988564167724e-07,1.0237996514049303e-09,1.1545988564167724e-07,1.0237996514049303e-09,7.996549999999999e-07,7.996549999999999e-07,1.1545988564167724e-07,True,False,False,0,False,,,-1.173936508773149,3.0,False,False,,,weekly,10.0,sigma,computed,/home/lkoo/projects/AutomationDetection/DownloadedLC/incremental/quiescent_background_cache.csv,,,,,,False,not_in_flare_streak
4FGL J1800.6+7828,134,135,55852.00001157408,5.32e-08,3.28e-08,7.94e-08,1.239419773299748e-07,1.1545988564167724e-07,1.0237996514049303e-09,1.1545988564167724e-07,1.0237996514049303e-09,7.996549999999999e-07,7.996549999999999e-07,1.1545988564167724e-07,False,False,False,0,False,,,-1.8972432503330894,3.0,False,False,,,weekly,10.0,sigma,computed,/home/lkoo/projects/AutomationDetection/DownloadedLC/incremental/quiescent_background_cache.csv,,,,,,False,not_in_flare_streak
4FGL J1800.6+7828,135,136,55866.00001157408,5.43e-08,2.63e-08,5.32e-08,1.239419773299748e-07,1.1545988564167724e-07,1.0237996514049303e-09,1.1545988564167724e-07,1.0237996514049303e-09,7.996549999999999e-07,7.996549999999999e-07,1.1545988564167724e-07,True,False,False,0,False,,,-2.323710963426908,3.0,False,False,,,weekly,10.0,sigma,computed,/home/lkoo/projects/AutomationDetection/DownloadedLC/incremental/quiescent_background_cache.csv,,,,,,False,not_in_flare_streak
4FGL J1800.6+7828,136,137,55873.00001157408,2.25e-08,2.05e-08,5.43e-08,1.239419773299748e-07,1.1545988564167724e-07,1.0237996514049303e-09,1.1545988564167724e-07,1.0237996514049303e-09,7.996549999999999e-07,7.996549999999999e-07,1.1545988564167724e-07,False,False,False,0,False,,,-4.528984106741972,3.0,False,False,,,weekly,10.0,sigma,computed,/home/lkoo/projects/AutomationDetection/DownloadedLC/incremental/quiescent_background_cache.csv,,,,,,False,not_in_flare_streak
4FGL J1800.6+7828,137,138,55880.00001157408,2.66e-08,1.61e-08,2.25e-08,1.239419773299748e-07,1.1545988564167724e-07,1.0237996514049303e-09,1.1545988564167724e-07,1.0237996514049303e-09,7.996549999999999e-07,7.996549999999999e-07,1.1545988564167724e-07,True,False,False,0,False,,,-5.508122212611442,3.0,False,False,,,weekly,10.0,sigma,computed,/home/lkoo/projects/AutomationDetection/DownloadedLC/incremental/quiescent_background_cache.csv,,,,,,False,not_in_flare_streak
4FGL J1800.6+7828,138,139,55887.00001157408,1.4e-07,2.92e-08,2.66e-08,1.239419773299748e-07,1.1545988564167724e-07,1.0237996514049303e-09,1.1545988564167724e-07,1.0237996514049303e-09,7.996549999999999e-07,7.996549999999999e-07,1.1545988564167724e-07,True,True,False,0,False,,,0.8398987824879616,3.0,False,False,,,weekly,10.0,sigma,computed,/home/lkoo/projects/AutomationDetection/DownloadedLC/incremental/quiescent_background_cache.csv,,,,,,False,not_in_flare_streak
4FGL J1800.6+7828,139,140,55894.00001157408,4.31e-07,4.52e-08,1.4e-07,1.239419773299748e-07,1.1545988564167724e-07,1.0237996514049303e-09,1.1545988564167724e-07,1.0237996514049303e-09,7.996549999999999e-07,7.996549999999999e-07,1.1545988564167724e-07,True,True,False,0,False,,,6.979185902518261,3.0,True,True,55894.00001157408,55894.00001157408,weekly,10.0,sigma,computed,/home/lkoo/projects/AutomationDetection/DownloadedLC/incremental/quiescent_background_cache.csv,,,,,,False,not_in_flare_streak
4FGL J1800.6+7828,140,141,55901.00001157408,1.2e-07,2.77e-08,4.31e-07,1.239419773299748e-07,1.1545988564167724e-07,1.0237996514049303e-09,1.1545988564167724e-07,1.0237996514049303e-09,7.996549999999999e-07,7.996549999999999e-07,1.1545988564167724e-07,False,True,False,0,False,,,0.16379120913272277,3.0,False,True,55894.00001157408,55901.00001157408,weekly,10.0,sigma,computed,/home/lkoo/projects/AutomationDetection/DownloadedLC/incremental/quiescent_background_cache.csv,,,,,,False,not_in_flare_streak
4FGL J1800.6+7828,141,142,55908.00001157408,3.63e-08,1.78e-08,1.2e-07,1.239419773299748e-07,1.1545988564167724e-07,1.0237996514049303e-09,1.1545988564167724e-07,1.0237996514049303e-09,7.996549999999999e-07,7.996549999999999e-07,1.1545988564167724e-07,False,False,False,0,False,,,-4.43984673043273,3.0,False,False,,,weekly,10.0,sigma,computed,/home/lkoo/projects/AutomationDetection/DownloadedLC/incremental/quiescent_background_cache.csv,,,,,,False,not_in_flare_streak
4FGL J1800.6+7828,142,143,55915.00001157408,1.35e-07,3.19e-08,3.63e-08,1.239419773299748e-07,1.1545988564167724e-07,1.0237996514049303e-09,1.1545988564167724e-07,1.0237996514049303e-09,7.996549999999999e-07,7.996549999999999e-07,1.1545988564167724e-07,True,True,False,0,False,,,0.6122275455686401,3.0,False,False,,,weekly,10.0,sigma,computed,/home/lkoo/projects/AutomationDetection/DownloadedLC/incremental/quiescent_background_cache.csv,,,,,,False,not_in_flare_streak
4FGL J1800.6+7828,143,144,55922.00001157408,1.86e-07,3.21e-08,1.35e-07,1.239419773299748e-07,1.1545988564167724e-07,1.0237996514049303e-09,1.1545988564167724e-07,1.0237996514049303e-09,7.996549999999999e-07,7.996549999999999e-07,1.1545988564167724e-07,True,True,False,0,False,,,2.196394513601545,3.0,False,False,,,weekly,10.0,sigma,computed,/home/lkoo/projects/AutomationDetection/DownloadedLC/incremental/quiescent_background_cache.csv,,,,,,False,not_in_flare_streak
4FGL J1800.6+7828,144,145,55929.00001157408,9.8e-08,2.87e-08,1.86e-07,1.239419773299748e-07,1.1545988564167724e-07,1.0237996514049303e-09,1.1545988564167724e-07,1.0237996514049303e-09,7.996549999999999e-07,7.996549999999999e-07,1.1545988564167724e-07,False,False,False,0,False,,,-0.6079716782760413,3.0,False,False,,,weekly,10.0,sigma,computed,/home/lkoo/projects/AutomationDetection/DownloadedLC/incremental/quiescent_background_cache.csv,,,,,,False,not_in_flare_streak
4FGL J1800.6+7828,145,146,55936.00001157408,1.08e-07,3.17e-08,9.8e-08,1.239419773299748e-07,1.1545988564167724e-07,1.0237996514049303e-09,1.1545988564167724e-07,1.0237996514049303e-09,7.996549999999999e-07,7.996549999999999e-07,1.1545988564167724e-07,True,False,False,0,False,,,-0.235204987675178,3.0,False,False,,,weekly,10.0,sigma,computed,/home/lkoo/projects/AutomationDetection/DownloadedLC/incremental/quiescent_background_cache.csv,,,,,,False,not_in_flare_streak
4FGL J1800.6+7828,146,147,55943.00001157408,6.79e-08,2.49e-08,1.08e-07,1.239419773299748e-07,1.1545988564167724e-07,1.0237996514049303e-09,1.1545988564167724e-07,1.0237996514049303e-09,7.996549999999999e-07,7.996549999999999e-07,1.1545988564167724e-07,False,False,False,0,False,,,-1.908423094780042,3.0,False,False,,,weekly,10.0,sigma,computed,/home/lkoo/projects/AutomationDetection/DownloadedLC/incremental/quiescent_background_cache.csv,,,,,,False,not_in_flare_streak
4FGL J1800.6+7828,147,148,55950.00001157408,8.47e-08,2.82e-08,6.79e-08,1.239419773299748e-07,1.1545988564167724e-07,1.0237996514049303e-09,1.1545988564167724e-07,1.0237996514049303e-09,7.996549999999999e-07,7.996549999999999e-07,1.1545988564167724e-07,True,False,False,0,False,,,-1.0900579479466495,3.0,False,False,,,weekly,10.0,sigma,computed,/home/lkoo/projects/AutomationDetection/DownloadedLC/incremental/quiescent_background_cache.csv,,,,,,False,not_in_flare_streak
4FGL J1800.6+7828,148,149,55964.00001157408,1.02e-07,3.05e-08,8.47e-08,1.239419773299748e-07,1.1545988564167724e-07,1.0237996514049303e-09,1.1545988564167724e-07,1.0237996514049303e-09,7.996549999999999e-07,7.996549999999999e-07,1.1545988564167724e-07,True,False,False,0,False,,,-0.44105931257199177,3.0,False,False,,,weekly,10.0,sigma,computed,/home/lkoo/projects/AutomationDetection/DownloadedLC/incremental/quiescent_background_cache.csv,,,,,,False,not_in_flare_streak
4FGL J1800.6+7828,149,150,55971.00001157408,1.37e-07,2.97e-08,1.02e-07,1.239419773299748e-07,1.1545988564167724e-07,1.0237996514049303e-09,1.1545988564167724e-07,1.0237996514049303e-09,7.996549999999999e-07,7.996549999999999e-07,1.1545988564167724e-07,True,True,False,0,False,,,0.7248258572388867,3.0,False,False,,,weekly,10.0,sigma,computed,/home/lkoo/projects/AutomationDetection/DownloadedLC/incremental/quiescent_background_cache.csv,,,,,,False,not_in_flare_streak
4FGL J1800.6+7828,150,151,55978.00001157408,3.4e-07,3.74e-08,1.37e-07,1.239419773299748e-07,1.1545988564167724e-07,1.0237996514049303e-09,1.1545988564167724e-07,1.0237996514049303e-09,7.996549999999999e-07,7.996549999999999e-07,1.1545988564167724e-07,True,True,False,0,False,,,6.001498172429547,3.0,True,True,55978.00001157408,55978.00001157408,weekly,10.0,sigma,computed,/home/lkoo/projects/AutomationDetection/DownloadedLC/incremental/quiescent_background_cache.csv,,,,,,False,not_in_flare_streak
4FGL J1800.6+7828,151,152,55985.00001157408,3.04e-07,3.69e-08,3.4e-07,1.239419773299748e-07,1.1545988564167724e-07,1.0237996514049303e-09,1.1545988564167724e-07,1.0237996514049303e-09,7.996549999999999e-07,7.996549999999999e-07,1.1545988564167724e-07,False,True,False,0,False,,,5.107522689795098,3.0,True,True,55978.00001157408,55985.00001157408,weekly,10.0,sigma,computed,/home/lkoo/projects/AutomationDetection/DownloadedLC/incremental/quiescent_background_cache.csv,,,,,,False,not_in_flare_streak
4FGL J1800.6+7828,152,153,55992.00001157408,1.95e-07,3.04e-08,3.04e-07,1.239419773299748e-07,1.1545988564167724e-07,1.0237996514049303e-09,1.1545988564167724e-07,1.0237996514049303e-09,7.996549999999999e-07,7.996549999999999e-07,1.1545988564167724e-07,False,True,False,0,False,,,2.6149686251478803,3.0,False,True,55978.00001157408,55992.00001157408,weekly,10.0,sigma,computed,/home/lkoo/projects/AutomationDetection/DownloadedLC/incremental/quiescent_background_cache.csv,,,,,,False,not_in_flare_streak
4FGL J1800.6+7828,153,154,55999.00001157408,1.15e-07,3.28e-08,1.95e-07,1.239419773299748e-07,1.1545988564167724e-07,1.0237996514049303e-09,1.1545988564167724e-07,1.0237996514049303e-09,7.996549999999999e-07,7.996549999999999e-07,1.1545988564167724e-07,False,False,False,0,False,,,-0.014014078577317336,3.0,False,False,,,weekly,10.0,sigma,computed,/home/lkoo/projects/AutomationDetection/DownloadedLC/incremental/quiescent_background_cache.csv,,,,,,False,not_in_flare_streak
4FGL J1800.6+7828,154,155,56006.00001157408,8.04e-08,2.86e-08,1.15e-07,1.239419773299748e-07,1.1545988564167724e-07,1.0237996514049303e-09,1.1545988564167724e-07,1.0237996514049303e-09,7.996549999999999e-07,7.996549999999999e-07,1.1545988564167724e-07,False,False,False,0,False,,,-1.2250854425885713,3.0,False,False,,,weekly,10.0,sigma,computed,/home/lkoo/projects/AutomationDetection/DownloadedLC/incremental/quiescent_background_cache.csv,,,,,,False,not_in_flare_streak
4FGL J1800.6+7828,155,156,56013.00001157408,8.62e-08,2.51e-08,8.04e-08,1.239419773299748e-07,1.1545988564167724e-07,1.0237996514049303e-09,1.1545988564167724e-07,1.0237996514049303e-09,7.996549999999999e-07,7.996549999999999e-07,1.1545988564167724e-07,True,False,False,0,False,,,-1.1647639727243975,3.0,False,False,,,weekly,10.0,sigma,computed,/home/lkoo/projects/AutomationDetection/DownloadedLC/incremental/quiescent_background_cache.csv,,,,,,False,not_in_flare_streak
4FGL J1800.6+7828,156,157,56020.00001157408,1.36e-07,2.79e-08,8.62e-08,1.239419773299748e-07,1.1545988564167724e-07,1.0237996514049303e-09,1.1545988564167724e-07,1.0237996514049303e-09,7.996549999999999e-07,7.996549999999999e-07,1.1545988564167724e-07,True,True,False,0,False,,,0.7357096484999892,3.0,False,False,,,weekly,10.0,sigma,computed,/home/lkoo/projects/AutomationDetection/DownloadedLC/incremental/quiescent_background_cache.csv,,,,,,False,not_in_flare_streak
4FGL J1800.6+7828,157,158,56027.00001157408,1.97e-07,3.01e-08,1.36e-07,1.239419773299748e-07,1.1545988564167724e-07,1.0237996514049303e-09,1.1545988564167724e-07,1.0237996514049303e-09,7.996549999999999e-07,7.996549999999999e-07,1.1545988564167724e-07,True,True,False,0,False,,,2.707408247223248,3.0,False,False,,,weekly,10.0,sigma,computed,/home/lkoo/projects/AutomationDetection/DownloadedLC/incremental/quiescent_background_cache.csv,,,,,,False,not_in_flare_streak
4FGL J1800.6+7828,158,159,56034.00001157408,8.81e-08,3.1e-08,1.97e-07,1.239419773299748e-07,1.1545988564167724e-07,1.0237996514049303e-09,1.1545988564167724e-07,1.0237996514049303e-09,7.996549999999999e-07,7.996549999999999e-07,1.1545988564167724e-07,False,False,False,0,False,,,-0.8820960348215469,3.0,False,False,,,weekly,10.0,sigma,computed,/home/lkoo/projects/AutomationDetection/DownloadedLC/incremental/quiescent_background_cache.csv,,,,,,False,not_in_flare_streak
4FGL J1800.6+7828,159,160,56041.00001157408,5.98e-08,2.16e-08,8.81e-08,1.239419773299748e-07,1.1545988564167724e-07,1.0237996514049303e-09,1.1545988564167724e-07,1.0237996514049303e-09,7.996549999999999e-07,7.996549999999999e-07,1.1545988564167724e-07,False,False,False,0,False,,,-2.573956875777551,3.0,False,False,,,weekly,10.0,sigma,computed,/home/lkoo/projects/AutomationDetection/DownloadedLC/incremental/quiescent_background_cache.csv,,,,,,False,not_in_flare_streak
4FGL J1800.6+7828,160,161,56055.00001157408,6.71e-08,2.16e-08,5.98e-08,1.239419773299748e-07,1.1545988564167724e-07,1.0237996514049303e-09,1.1545988564167724e-07,1.0237996514049303e-09,7.996549999999999e-07,7.996549999999999e-07,1.1545988564167724e-07,True,False,False,0,False,,,-2.2363729052652843,3.0,False,False,,,weekly,10.0,sigma,computed,/home/lkoo/projects/AutomationDetection/DownloadedLC/incremental/quiescent_background_cache.csv,,,,,,False,not_in_flare_streak
4FGL J1800.6+7828,161,162,56069.00001157408,3.3e-08,2.08e-08,6.71e-08,1.239419773299748e-07,1.1545988564167724e-07,1.0237996514049303e-09,1.1545988564167724e-07,1.0237996514049303e-09,7.996549999999999e-07,7.996549999999999e-07,1.1545988564167724e-07,False,False,False,0,False,,,-3.959623949842722,3.0,False,False,,,weekly,10.0,sigma,computed,/home/lkoo/projects/AutomationDetection/DownloadedLC/incremental/quiescent_background_cache.csv,,,,,,False,not_in_flare_streak
4FGL J1800.6+7828,162,163,56076.00001157408,4.39e-08,2.12e-08,3.3e-08,1.239419773299748e-07,1.1545988564167724e-07,1.0237996514049303e-09,1.1545988564167724e-07,1.0237996514049303e-09,7.996549999999999e-07,7.996549999999999e-07,1.1545988564167724e-07,True,False,False,0,False,,,-3.3715371123886864,3.0,False,False,,,weekly,10.0,sigma,computed,/home/lkoo/projects/AutomationDetection/DownloadedLC/incremental/quiescent_background_cache.csv,,,,,,False,not_in_flare_streak
4FGL J1800.6+7828,163,164,56083.00001157408,3.57e-08,1.96e-08,4.39e-08,1.239419773299748e-07,1.1545988564167724e-07,1.0237996514049303e-09,1.1545988564167724e-07,1.0237996514049303e-09,7.996549999999999e-07,7.996549999999999e-07,1.1545988564167724e-07,False,False,False,0,False,,,-4.063841679451411,3.0,False,False,,,weekly,10.0,sigma,computed,/home/lkoo/projects/AutomationDetection/DownloadedLC/incremental/quiescent_background_cache.csv,,,,,,False,not_in_flare_streak
4FGL J1800.6+7828,164,165,56090.00001157408,1.18e-07,3.01e-08,3.57e-08,1.239419773299748e-07,1.1545988564167724e-07,1.0237996514049303e-09,1.1545988564167724e-07,1.0237996514049303e-09,7.996549999999999e-07,7.996549999999999e-07,1.1545988564167724e-07,True,True,False,0,False,,,0.08434040860418869,3.0,False,False,,,weekly,10.0,sigma,computed,/home/lkoo/projects/AutomationDetection/DownloadedLC/incremental/quiescent_background_cache.csv,,,,,,False,not_in_flare_streak
4FGL J1800.6+7828,165,166,56097.00001157408,8.42e-08,2.67e-08,1.18e-07,1.239419773299748e-07,1.1545988564167724e-07,1.0237996514049303e-09,1.1545988564167724e-07,1.0237996514049303e-09,7.996549999999999e-07,7.996549999999999e-07,1.1545988564167724e-07,False,False,False,0,False,,,-1.169922478249916,3.0,False,False,,,weekly,10.0,sigma,computed,/home/lkoo/projects/AutomationDetection/DownloadedLC/incremental/quiescent_background_cache.csv,,,,,,False,not_in_flare_streak
4FGL J1800.6+7828,166,167,56111.00001157408,9.25e-08,3.78e-08,8.42e-08,1.239419773299748e-07,1.1545988564167724e-07,1.0237996514049303e-09,1.1545988564167724e-07,1.0237996514049303e-09,7.996549999999999e-07,7.996549999999999e-07,1.1545988564167724e-07,True,False,False,0,False,,,-0.6071817152801239,3.0,False,False,,,weekly,10.0,sigma,computed,/home/lkoo/projects/AutomationDetection/DownloadedLC/incremental/quiescent_background_cache.csv,,,,,,False,not_in_flare_streak
4FGL J1800.6+7828,167,168,56118.00001157408,5.68e-08,2.72e-08,9.25e-08,1.239419773299748e-07,1.1545988564167724e-07,1.0237996514049303e-09,1.1545988564167724e-07,1.0237996514049303e-09,7.996549999999999e-07,7.996549999999999e-07,1.1545988564167724e-07,False,False,False,0,False,,,-2.155087376786749,3.0,False,False,,,weekly,10.0,sigma,computed,/home/lkoo/projects/AutomationDetection/DownloadedLC/incremental/quiescent_background_cache.csv,,,,,,False,not_in_flare_streak
4FGL J1800.6+7828,168,169,56125.00001157408,3.91e-08,1.77e-08,5.68e-08,1.239419773299748e-07,1.1545988564167724e-07,1.0237996514049303e-09,1.1545988564167724e-07,1.0237996514049303e-09,7.996549999999999e-07,7.996549999999999e-07,1.1545988564167724e-07,False,False,False,0,False,,,-4.306919078720719,3.0,False,False,,,weekly,10.0,sigma,computed,/home/lkoo/projects/AutomationDetection/DownloadedLC/incremental/quiescent_background_cache.csv,,,,,,False,not_in_flare_streak
4FGL J1800.6+7828,169,170,56132.00001157408,9.43e-08,3.31e-08,3.91e-08,1.239419773299748e-07,1.1545988564167724e-07,1.0237996514049303e-09,1.1545988564167724e-07,1.0237996514049303e-09,7.996549999999999e-07,7.996549999999999e-07,1.1545988564167724e-07,True,False,False,0,False,,,-0.6389658945411633,3.0,False,False,,,weekly,10.0,sigma,computed,/home/lkoo/projects/AutomationDetection/DownloadedLC/incremental/quiescent_background_cache.csv,,,,,,False,not_in_flare_streak
4FGL J1800.6+7828,170,171,56139.00001157408,4.59e-08,2.1e-08,9.43e-08,1.239419773299748e-07,1.1545988564167724e-07,1.0237996514049303e-09,1.1545988564167724e-07,1.0237996514049303e-09,7.996549999999999e-07,7.996549999999999e-07,1.1545988564167724e-07,False,False,False,0,False,,,-3.308446094402183,3.0,False,False,,,weekly,10.0,sigma,computed,/home/lkoo/projects/AutomationDetection/DownloadedLC/incremental/quiescent_background_cache.csv,,,,,,False,not_in_flare_streak
4FGL J1800.6+7828,171,172,56146.00001157408,2.43e-08,2.01e-08,4.59e-08,1.239419773299748e-07,1.1545988564167724e-07,1.0237996514049303e-09,1.1545988564167724e-07,1.0237996514049303e-09,7.996549999999999e-07,7.996549999999999e-07,1.1545988564167724e-07,False,False,False,0,False,,,-4.529445890167072,3.0,False,False,,,weekly,10.0,sigma,computed,/home/lkoo/projects/AutomationDetection/DownloadedLC/incremental/quiescent_background_cache.csv,,,,,,False,not_in_flare_streak
4FGL J1800.6+7828,172,173,56167.00001157408,4e-08,2.07e-08,2.43e-08,1.239419773299748e-07,1.1545988564167724e-07,1.0237996514049303e-09,1.1545988564167724e-07,1.0237996514049303e-09,7.996549999999999e-07,7.996549999999999e-07,1.1545988564167724e-07,True,False,False,0,False,,,-3.6409545995841315,3.0,False,False,,,weekly,10.0,sigma,computed,/home/lkoo/projects/AutomationDetection/DownloadedLC/incremental/quiescent_background_cache.csv,,,,,,False,not_in_flare_streak
4FGL J1800.6+7828,173,174,56174.00001157408,4.33e-08,2.04e-08,4e-08,1.239419773299748e-07,1.1545988564167724e-07,1.0237996514049303e-09,1.1545988564167724e-07,1.0237996514049303e-09,7.996549999999999e-07,7.996549999999999e-07,1.1545988564167724e-07,True,False,False,0,False,,,-3.5328031282666936,3.0,False,False,,,weekly,10.0,sigma,computed,/home/lkoo/projects/AutomationDetection/DownloadedLC/incremental/quiescent_background_cache.csv,,,,,,False,not_in_flare_streak
4FGL J1800.6+7828,174,175,56181.00001157408,3.41e-08,1.89e-08,4.33e-08,1.239419773299748e-07,1.1545988564167724e-07,1.0237996514049303e-09,1.1545988564167724e-07,1.0237996514049303e-09,7.996549999999999e-07,7.996549999999999e-07,1.1545988564167724e-07,False,False,False,0,False,,,-4.2984539702389934,3.0,False,False,,,weekly,10.0,sigma,computed,/home/lkoo/projects/AutomationDetection/DownloadedLC/incremental/quiescent_background_cache.csv,,,,,,False,not_in_flare_streak
4FGL J1800.6+7828,175,176,56188.00001157408,4.96e-08,1.98e-08,3.41e-08,1.239419773299748e-07,1.1545988564167724e-07,1.0237996514049303e-09,1.1545988564167724e-07,1.0237996514049303e-09,7.996549999999999e-07,7.996549999999999e-07,1.1545988564167724e-07,True,False,False,0,False,,,-3.3218191747782497,3.0,False,False,,,weekly,10.0,sigma,computed,/home/lkoo/projects/AutomationDetection/DownloadedLC/incremental/quiescent_background_cache.csv,,,,,,False,not_in_flare_streak
4FGL J1800.6+7828,176,177,56202.00001157408,6.46e-08,2.54e-08,4.96e-08,1.239419773299748e-07,1.1545988564167724e-07,1.0237996514049303e-09,1.1545988564167724e-07,1.0237996514049303e-09,7.996549999999999e-07,7.996549999999999e-07,1.1545988564167724e-07,True,False,False,0,False,,,-2.0007331063652605,3.0,False,False,,,weekly,10.0,sigma,computed,/home/lkoo/projects/AutomationDetection/DownloadedLC/incremental/quiescent_background_cache.csv,,,,,,False,not_in_flare_streak
4FGL J1800.6+7828,177,178,56209.00001157408,1.16e-07,3.37e-08,6.46e-08,1.239419773299748e-07,1.1545988564167724e-07,1.0237996514049303e-09,1.1545988564167724e-07,1.0237996514049303e-09,7.996549999999999e-07,7.996549999999999e-07,1.1545988564167724e-07,True,True,False,0,False,,,0.016019741425733806,3.0,False,False,,,weekly,10.0,sigma,computed,/home/lkoo/projects/AutomationDetection/DownloadedLC/incremental/quiescent_background_cache.csv,,,,,,False,not_in_flare_streak
4FGL J1800.6+7828,178,179,56216.00001157408,7.9e-08,2.75e-08,1.16e-07,1.239419773299748e-07,1.1545988564167724e-07,1.0237996514049303e-09,1.1545988564167724e-07,1.0237996514049303e-09,7.996549999999999e-07,7.996549999999999e-07,1.1545988564167724e-07,False,False,False,0,False,,,-1.3248961853729133,3.0,False,False,,,weekly,10.0,sigma,computed,/home/lkoo/projects/AutomationDetection/DownloadedLC/incremental/quiescent_background_cache.csv,,,,,,False,not_in_flare_streak
4FGL J1800.6+7828,179,180,56223.00001157408,7.5e-08,2.77e-08,7.9e-08,1.239419773299748e-07,1.1545988564167724e-07,1.0237996514049303e-09,1.1545988564167724e-07,1.0237996514049303e-09,7.996549999999999e-07,7.996549999999999e-07,1.1545988564167724e-07,False,False,False,0,False,,,-1.459649045728048,3.0,False,False,,,weekly,10.0,sigma,computed,/home/lkoo/projects/AutomationDetection/DownloadedLC/incremental/quiescent_background_cache.csv,,,,,,False,not_in_flare_streak
4FGL J1800.6+7828,180,181,56230.00001157408,6.03e-08,2.78e-08,7.5e-08,1.239419773299748e-07,1.1545988564167724e-07,1.0237996514049303e-09,1.1545988564167724e-07,1.0237996514049303e-09,7.996549999999999e-07,7.996549999999999e-07,1.1545988564167724e-07,False,False,False,0,False,,,-1.9828243991691386,3.0,False,False,,,weekly,10.0,sigma,computed,/home/lkoo/projects/AutomationDetection/DownloadedLC/incremental/quiescent_background_cache.csv,,,,,,False,not_in_flare_streak
4FGL J1800.6+7828,181,182,56237.00001157408,1.26e-07,2.81e-08,6.03e-08,1.239419773299748e-07,1.1545988564167724e-07,1.0237996514049303e-09,1.1545988564167724e-07,1.0237996514049303e-09,7.996549999999999e-07,7.996549999999999e-07,1.1545988564167724e-07,True,True,False,0,False,,,0.3748443271128159,3.0,False,False,,,weekly,10.0,sigma,computed,/home/lkoo/projects/AutomationDetection/DownloadedLC/incremental/quiescent_background_cache.csv,,,,,,False,not_in_flare_streak
4FGL J1800.6+7828,182,183,56244.00001157408,5.37e-08,2.17e-08,1.26e-07,1.239419773299748e-07,1.1545988564167724e-07,1.0237996514049303e-09,1.1545988564167724e-07,1.0237996514049303e-09,7.996549999999999e-07,7.996549999999999e-07,1.1545988564167724e-07,False,False,False,0,False,,,-2.84291538020586,3.0,False,False,,,weekly,10.0,sigma,computed,/home/lkoo/projects/AutomationDetection/DownloadedLC/incremental/quiescent_background_cache.csv,,,,,,False,not_in_flare_streak
4FGL J1800.6+7828,183,184,56251.00001157408,9.87e-08,2.81e-08,5.37e-08,1.239419773299748e-07,1.1545988564167724e-07,1.0237996514049303e-09,1.1545988564167724e-07,1.0237996514049303e-09,7.996549999999999e-07,7.996549999999999e-07,1.1545988564167724e-07,True,False,False,0,False,,,-0.5960417356270471,3.0,False,False,,,weekly,10.0,sigma,computed,/home/lkoo/projects/AutomationDetection/DownloadedLC/incremental/quiescent_background_cache.csv,,,,,,False,not_in_flare_streak
4FGL J1800.6+7828,184,185,56258.00001157408,4.67e-08,2.33e-08,9.87e-08,1.239419773299748e-07,1.1545988564167724e-07,1.0237996514049303e-09,1.1545988564167724e-07,1.0237996514049303e-09,7.996549999999999e-07,7.996549999999999e-07,1.1545988564167724e-07,False,False,False,0,False,,,-2.948223336583728,3.0,False,False,,,weekly,10.0,sigma,computed,/home/lkoo/projects/AutomationDetection/DownloadedLC/incremental/quiescent_background_cache.csv,,,,,,False,not_in_flare_streak
4FGL J1800.6+7828,185,186,56272.00001157408,1.18e-07,3.1e-08,4.67e-08,1.239419773299748e-07,1.1545988564167724e-07,1.0237996514049303e-09,1.1545988564167724e-07,1.0237996514049303e-09,7.996549999999999e-07,7.996549999999999e-07,1.1545988564167724e-07,True,True,False,0,False,,,0.08189452371309044,3.0,False,False,,,weekly,10.0,sigma,computed,/home/lkoo/projects/AutomationDetection/DownloadedLC/incremental/quiescent_background_cache.csv,,,,,,False,not_in_flare_streak
4FGL J1800.6+7828,186,187,56279.00001157408,1.04e-07,2.93e-08,1.18e-07,1.239419773299748e-07,1.1545988564167724e-07,1.0237996514049303e-09,1.1545988564167724e-07,1.0237996514049303e-09,7.996549999999999e-07,7.996549999999999e-07,1.1545988564167724e-07,False,False,False,0,False,,,-0.39088382657591214,3.0,False,False,,,weekly,10.0,sigma,computed,/home/lkoo/projects/AutomationDetection/DownloadedLC/incremental/quiescent_background_cache.csv,,,,,,False,not_in_flare_streak
4FGL J1800.6+7828,187,188,56286.00001157408,8.79e-08,2.52e-08,1.04e-07,1.239419773299748e-07,1.1545988564167724e-07,1.0237996514049303e-09,1.1545988564167724e-07,1.0237996514049303e-09,7.996549999999999e-07,7.996549999999999e-07,1.1545988564167724e-07,False,False,False,0,False,,,-1.0927448120727443,3.0,False,False,,,weekly,10.0,sigma,computed,/home/lkoo/projects/AutomationDetection/DownloadedLC/incremental/quiescent_background_cache.csv,,,,,,False,not_in_flare_streak
4FGL J1800.6+7828,188,189,56293.00001157408,5.33e-08,1.89e-08,8.79e-08,1.239419773299748e-07,1.1545988564167724e-07,1.0237996514049303e-09,1.1545988564167724e-07,1.0237996514049303e-09,7.996549999999999e-07,7.996549999999999e-07,1.1545988564167724e-07,False,False,False,0,False,,,-3.2840681266788616,3.0,False,False,,,weekly,10.0,sigma,computed,/home/lkoo/projects/AutomationDetection/DownloadedLC/incremental/quiescent_background_cache.csv,,,,,,False,not_in_flare_streak
4FGL J1800.6+7828,189,190,56300.00001157408,1.01e-07,2.51e-08,5.33e-08,1.239419773299748e-07,1.1545988564167724e-07,1.0237996514049303e-09,1.1545988564167724e-07,1.0237996514049303e-09,7.996549999999999e-07,7.996549999999999e-07,1.1545988564167724e-07,True,False,False,0,False,,,-0.5756124289546272,3.0,False,False,,,weekly,10.0,sigma,computed,/home/lkoo/projects/AutomationDetection/DownloadedLC/incremental/quiescent_background_cache.csv,,,,,,False,not_in_flare_streak
4FGL J1800.6+7828,190,191,56307.00001157408,8.35e-08,3.23e-08,1.01e-07,1.239419773299748e-07,1.1545988564167724e-07,1.0237996514049303e-09,1.1545988564167724e-07,1.0237996514049303e-09,7.996549999999999e-07,7.996549999999999e-07,1.1545988564167724e-07,False,False,False,0,False,,,-0.9889734707457262,3.0,False,False,,,weekly,10.0,sigma,computed,/home/lkoo/projects/AutomationDetection/DownloadedLC/incremental/quiescent_background_cache.csv,,,,,,False,not_in_flare_streak
4FGL J1800.6+7828,191,192,56314.00001157408,9.77e-08,3.03e-08,8.35e-08,1.239419773299748e-07,1.1545988564167724e-07,1.0237996514049303e-09,1.1545988564167724e-07,1.0237996514049303e-09,7.996549999999999e-07,7.996549999999999e-07,1.1545988564167724e-07,True,False,False,0,False,,,-0.5858005364362763,3.0,False,False,,,weekly,10.0,sigma,computed,/home/lkoo/projects/AutomationDetection/DownloadedLC/incremental/quiescent_background_cache.csv,,,,,,False,not_in_flare_streak
4FGL J1800.6+7828,192,193,56321.00001157408,2.02e-07,3.38e-08,9.77e-08,1.239419773299748e-07,1.1545988564167724e-07,1.0237996514049303e-09,1.1545988564167724e-07,1.0237996514049303e-09,7.996549999999999e-07,7.996549999999999e-07,1.1545988564167724e-07,True,True,False,0,False,,,2.5591846818840938,3.0,False,False,,,weekly,10.0,sigma,computed,/home/lkoo/projects/AutomationDetection/DownloadedLC/incremental/quiescent_background_cache.csv,,,,,,False,not_in_flare_streak
4FGL J1800.6+7828,193,194,56328.00001157408,1.21e-07,3.06e-08,2.02e-07,1.239419773299748e-07,1.1545988564167724e-07,1.0237996514049303e-09,1.1545988564167724e-07,1.0237996514049303e-09,7.996549999999999e-07,7.996549999999999e-07,1.1545988564167724e-07,False,True,False,0,False,,,0.1809482400112595,3.0,False,False,,,weekly,10.0,sigma,computed,/home/lkoo/projects/AutomationDetection/DownloadedLC/incremental/quiescent_background_cache.csv,,,,,,False,not_in_flare_streak
4FGL J1800.6+7828,194,195,56335.00001157408,3.32e-08,1.65e-08,1.21e-07,1.239419773299748e-07,1.1545988564167724e-07,1.0237996514049303e-09,1.1545988564167724e-07,1.0237996514049303e-09,7.996549999999999e-07,7.996549999999999e-07,1.1545988564167724e-07,False,False,False,0,False,,,-4.975878221309771,3.0,False,False,,,weekly,10.0,sigma,computed,/home/lkoo/projects/AutomationDetection/DownloadedLC/incremental/quiescent_background_cache.csv,,,,,,False,not_in_flare_streak
4FGL J1800.6+7828,195,196,56342.00001157408,1.62e-07,3.09e-08,3.32e-08,1.239419773299748e-07,1.1545988564167724e-07,1.0237996514049303e-09,1.1545988564167724e-07,1.0237996514049303e-09,7.996549999999999e-07,7.996549999999999e-07,1.1545988564167724e-07,True,True,False,0,False,,,1.5053265405923266,3.0,False,False,,,weekly,10.0,sigma,computed,/home/lkoo/projects/AutomationDetection/DownloadedLC/incremental/quiescent_background_cache.csv,,,,,,False,not_in_flare_streak
4FGL J1800.6+7828,196,197,56349.00001157408,6.48e-08,2.46e-08,1.62e-07,1.239419773299748e-07,1.1545988564167724e-07,1.0237996514049303e-09,1.1545988564167724e-07,1.0237996514049303e-09,7.996549999999999e-07,7.996549999999999e-07,1.1545988564167724e-07,False,False,False,0,False,,,-2.0575638168030324,3.0,False,False,,,weekly,10.0,sigma,computed,/home/lkoo/projects/AutomationDetection/DownloadedLC/incremental/quiescent_background_cache.csv,,,,,,False,not_in_flare_streak
4FGL J1800.6+7828,197,198,56356.00001157408,3.96e-08,1.8e-08,6.48e-08,1.239419773299748e-07,1.1545988564167724e-07,1.0237996514049303e-09,1.1545988564167724e-07,1.0237996514049303e-09,7.996549999999999e-07,7.996549999999999e-07,1.1545988564167724e-07,False,False,False,0,False,,,-4.20763756601269,3.0,False,False,,,weekly,10.0,sigma,computed,/home/lkoo/projects/AutomationDetection/DownloadedLC/incremental/quiescent_background_cache.csv,,,,,,False,not_in_flare_streak
4FGL J1800.6+7828,198,199,56363.00001157408,4.6e-08,2.95e-08,3.96e-08,1.239419773299748e-07,1.1545988564167724e-07,1.0237996514049303e-09,1.1545988564167724e-07,1.0237996514049303e-09,7.996549999999999e-07,7.996549999999999e-07,1.1545988564167724e-07,True,False,False,0,False,,,-2.3531557012041495,3.0,False,False,,,weekly,10.0,sigma,computed,/home/lkoo/projects/AutomationDetection/DownloadedLC/incremental/quiescent_background_cache.csv,,,,,,False,not_in_flare_streak
4FGL J1800.6+7828,199,200,56377.00001157408,5.67e-08,2.13e-08,4.6e-08,1.239419773299748e-07,1.1545988564167724e-07,1.0237996514049303e-09,1.1545988564167724e-07,1.0237996514049303e-09,7.996549999999999e-07,7.996549999999999e-07,1.1545988564167724e-07,True,False,False,0,False,,,-2.7554988815022163,3.0,False,False,,,weekly,10.0,sigma,computed,/home/lkoo/projects/AutomationDetection/DownloadedLC/incremental/quiescent_background_cache.csv,,,,,,False,not_in_flare_streak
4FGL J1800.6+7828,200,201,56384.00001157408,7.51e-08,2.45e-08,5.67e-08,1.239419773299748e-07,1.1545988564167724e-07,1.0237996514049303e-09,1.1545988564167724e-07,1.0237996514049303e-09,7.996549999999999e-07,7.996549999999999e-07,1.1545988564167724e-07,True,False,False,0,False,,,-1.6459058449187396,3.0,False,False,,,weekly,10.0,sigma,computed,/home/lkoo/projects/AutomationDetection/DownloadedLC/incremental/quiescent_background_cache.csv,,,,,,False,not_in_flare_streak
4FGL J1800.6+7828,201,202,56391.00001157408,2.64e-08,1.37e-08,7.51e-08,1.239419773299748e-07,1.1545988564167724e-07,1.0237996514049303e-09,1.1545988564167724e-07,1.0237996514049303e-09,7.996549999999999e-07,7.996549999999999e-07,1.1545988564167724e-07,False,False,False,0,False,,,-6.482645426085727,3.0,False,False,,,weekly,10.0,sigma,computed,/home/lkoo/projects/AutomationDetection/DownloadedLC/incremental/quiescent_background_cache.csv,,,,,,False,not_in_flare_streak
4FGL J1800.6+7828,202,203,56398.00001157408,3.18e-08,1.88e-08,2.64e-08,1.239419773299748e-07,1.1545988564167724e-07,1.0237996514049303e-09,1.1545988564167724e-07,1.0237996514049303e-09,7.996549999999999e-07,7.996549999999999e-07,1.1545988564167724e-07,True,False,False,0,False,,,-4.443410080769395,3.0,False,False,,,weekly,10.0,sigma,computed,/home/lkoo/projects/AutomationDetection/DownloadedLC/incremental/quiescent_background_cache.csv,,,,,,False,not_in_flare_streak
4FGL J1800.6+7828,203,204,56405.00001157408,4.94e-08,2.09e-08,3.18e-08,1.239419773299748e-07,1.1545988564167724e-07,1.0237996514049303e-09,1.1545988564167724e-07,1.0237996514049303e-09,7.996549999999999e-07,7.996549999999999e-07,1.1545988564167724e-07,True,False,False,0,False,,,-3.156974622751094,3.0,False,False,,,weekly,10.0,sigma,computed,/home/lkoo/projects/AutomationDetection/DownloadedLC/incremental/quiescent_background_cache.csv,,,,,,False,not_in_flare_streak
4FGL J1800.6+7828,204,205,56412.00001157408,8.32e-08,2.78e-08,4.94e-08,1.239419773299748e-07,1.1545988564167724e-07,1.0237996514049303e-09,1.1545988564167724e-07,1.0237996514049303e-09,7.996549999999999e-07,7.996549999999999e-07,1.1545988564167724e-07,True,False,False,0,False,,,-1.1596414245716482,3.0,False,False,,,weekly,10.0,sigma,computed,/home/lkoo/projects/AutomationDetection/DownloadedLC/incremental/quiescent_background_cache.csv,,,,,,False,not_in_flare_streak
4FGL J1800.6+7828,205,206,56419.00001157408,4.33e-08,1.65e-08,8.32e-08,1.239419773299748e-07,1.1545988564167724e-07,1.0237996514049303e-09,1.1545988564167724e-07,1.0237996514049303e-09,7.996549999999999e-07,7.996549999999999e-07,1.1545988564167724e-07,False,False,False,0,False,,,-4.364931954569934,3.0,False,False,,,weekly,10.0,sigma,computed,/home/lkoo/projects/AutomationDetection/DownloadedLC/incremental/quiescent_background_cache.csv,,,,,,False,not_in_flare_streak
4FGL J1800.6+7828,206,207,56426.00001157408,7.66e-08,2.09e-08,4.33e-08,1.239419773299748e-07,1.1545988564167724e-07,1.0237996514049303e-09,1.1545988564167724e-07,1.0237996514049303e-09,7.996549999999999e-07,7.996549999999999e-07,1.1545988564167724e-07,True,False,False,0,False,,,-1.8570978684284303,3.0,False,False,,,weekly,10.0,sigma,computed,/home/lkoo/projects/AutomationDetection/DownloadedLC/incremental/quiescent_background_cache.csv,,,,,,False,not_in_flare_streak
4FGL J1800.6+7828,207,208,56433.00001157408,9.81e-08,2.67e-08,7.66e-08,1.239419773299748e-07,1.1545988564167724e-07,1.0237996514049303e-09,1.1545988564167724e-07,1.0237996514049303e-09,7.996549999999999e-07,7.996549999999999e-07,1.1545988564167724e-07,True,False,False,0,False,,,-0.6497055256327695,3.0,False,False,,,weekly,10.0,sigma,computed,/home/lkoo/projects/AutomationDetection/DownloadedLC/incremental/quiescent_background_cache.csv,,,,,,False,not_in_flare_streak
4FGL J1800.6+7828,208,209,56440.00001157408,1.14e-07,2.92e-08,9.81e-08,1.239419773299748e-07,1.1545988564167724e-07,1.0237996514049303e-09,1.1545988564167724e-07,1.0237996514049303e-09,7.996549999999999e-07,7.996549999999999e-07,1.1545988564167724e-07,True,False,False,0,False,,,-0.0499653813797539,3.0,False,False,,,weekly,10.0,sigma,computed,/home/lkoo/projects/AutomationDetection/DownloadedLC/incremental/quiescent_background_cache.csv,,,,,,False,not_in_flare_streak
4FGL J1800.6+7828,209,210,56447.00001157408,1.19e-07,2.82e-08,1.14e-07,1.239419773299748e-07,1.1545988564167724e-07,1.0237996514049303e-09,1.1545988564167724e-07,1.0237996514049303e-09,7.996549999999999e-07,7.996549999999999e-07,1.1545988564167724e-07,True,True,False,0,False,,,0.12545332053189487,3.0,False,False,,,weekly,10.0,sigma,computed,/home/lkoo/projects/AutomationDetection/DownloadedLC/incremental/quiescent_background_cache.csv,,,,,,False,not_in_flare_streak
4FGL J1800.6+7828,210,211,56454.00001157408,7.43e-08,2.25e-08,1.19e-07,1.239419773299748e-07,1.1545988564167724e-07,1.0237996514049303e-09,1.1545988564167724e-07,1.0237996514049303e-09,7.996549999999999e-07,7.996549999999999e-07,1.1545988564167724e-07,False,False,False,0,False,,,-1.8274374193044038,3.0,False,False,,,weekly,10.0,sigma,computed,/home/lkoo/projects/AutomationDetection/DownloadedLC/incremental/quiescent_background_cache.csv,,,,,,False,not_in_flare_streak
4FGL J1800.6+7828,211,212,56461.00001157408,6.37e-08,2.65e-08,7.43e-08,1.239419773299748e-07,1.1545988564167724e-07,1.0237996514049303e-09,1.1545988564167724e-07,1.0237996514049303e-09,7.996549999999999e-07,7.996549999999999e-07,1.1545988564167724e-07,False,False,False,0,False,,,-1.9517472034737768,3.0,False,False,,,weekly,10.0,sigma,computed,/home/lkoo/projects/AutomationDetection/DownloadedLC/incremental/quiescent_background_cache.csv,,,,,,False,not_in_flare_streak
4FGL J1800.6+7828,212,213,56468.00001157408,5.87e-08,2.51e-08,6.37e-08,1.239419773299748e-07,1.1545988564167724e-07,1.0237996514049303e-09,1.1545988564167724e-07,1.0237996514049303e-09,7.996549999999999e-07,7.996549999999999e-07,1.1545988564167724e-07,False,False,False,0,False,,,-2.259471233107417,3.0,False,False,,,weekly,10.0,sigma,computed,/home/lkoo/projects/AutomationDetection/DownloadedLC/incremental/quiescent_background_cache.csv,,,,,,False,not_in_flare_streak
4FGL J1800.6+7828,213,214,56475.00001157408,3.89e-08,2.18e-08,5.87e-08,1.239419773299748e-07,1.1545988564167724e-07,1.0237996514049303e-09,1.1545988564167724e-07,1.0237996514049303e-09,7.996549999999999e-07,7.996549999999999e-07,1.1545988564167724e-07,False,False,False,0,False,,,-3.5080548946877523,3.0,False,False,,,weekly,10.0,sigma,computed,/home/lkoo/projects/AutomationDetection/DownloadedLC/incremental/quiescent_background_cache.csv,,,,,,False,not_in_flare_streak
4FGL J1800.6+7828,214,215,56489.00001157408,5.14e-08,2.21e-08,3.89e-08,1.239419773299748e-07,1.1545988564167724e-07,1.0237996514049303e-09,1.1545988564167724e-07,1.0237996514049303e-09,7.996549999999999e-07,7.996549999999999e-07,1.1545988564167724e-07,True,False,False,0,False,,,-2.8955320064534047,3.0,False,False,,,weekly,10.0,sigma,computed,/home/lkoo/projects/AutomationDetection/DownloadedLC/incremental/quiescent_background_cache.csv,,,,,,False,not_in_flare_streak
4FGL J1800.6+7828,215,216,56496.00001157408,1.91e-08,1.64e-08,5.14e-08,1.239419773299748e-07,1.1545988564167724e-07,1.0237996514049303e-09,1.1545988564167724e-07,1.0237996514049303e-09,7.996549999999999e-07,7.996549999999999e-07,1.1545988564167724e-07,False,False,False,0,False,,,-5.864187213497531,3.0,False,False,,,weekly,10.0,sigma,computed,/home/lkoo/projects/AutomationDetection/DownloadedLC/incremental/quiescent_background_cache.csv,,,,,,False,not_in_flare_streak
4FGL J1800.6+7828,216,217,56503.00001157408,8.12e-08,3.14e-08,1.91e-08,1.239419773299748e-07,1.1545988564167724e-07,1.0237996514049303e-09,1.1545988564167724e-07,1.0237996514049303e-09,7.996549999999999e-07,7.996549999999999e-07,1.1545988564167724e-07,True,False,False,0,False,,,-1.0904996640576337,3.0,False,False,,,weekly,10.0,sigma,computed,/home/lkoo/projects/AutomationDetection/DownloadedLC/incremental/quiescent_background_cache.csv,,,,,,False,not_in_flare_streak
4FGL J1800.6+7828,217,218,56510.00001157408,9.32e-08,3.29e-08,8.12e-08,1.239419773299748e-07,1.1545988564167724e-07,1.0237996514049303e-09,1.1545988564167724e-07,1.0237996514049303e-09,7.996549999999999e-07,7.996549999999999e-07,1.1545988564167724e-07,True,False,False,0,False,,,-0.6762649130360393,3.0,False,False,,,weekly,10.0,sigma,computed,/home/lkoo/projects/AutomationDetection/DownloadedLC/incremental/quiescent_background_cache.csv,,,,,,False,not_in_flare_streak
4FGL J1800.6+7828,218,219,56524.00001157408,1.15e-07,4.11e-08,9.32e-08,1.239419773299748e-07,1.1545988564167724e-07,1.0237996514049303e-09,1.1545988564167724e-07,1.0237996514049303e-09,7.996549999999999e-07,7.996549999999999e-07,1.1545988564167724e-07,True,False,False,0,False,,,-0.011185961728389768,3.0,False,False,,,weekly,10.0,sigma,computed,/home/lkoo/projects/AutomationDetection/DownloadedLC/incremental/quiescent_background_cache.csv,,,,,,False,not_in_flare_streak
4FGL J1800.6+7828,219,220,56531.00001157408,8.76e-08,2.97e-08,1.15e-07,1.239419773299748e-07,1.1545988564167724e-07,1.0237996514049303e-09,1.1545988564167724e-07,1.0237996514049303e-09,7.996549999999999e-07,7.996549999999999e-07,1.1545988564167724e-07,False,False,False,0,False,,,-0.9374864569836227,3.0,False,False,,,weekly,10.0,sigma,computed,/home/lkoo/projects/AutomationDetection/DownloadedLC/incremental/quiescent_background_cache.csv,,,,,,False,not_in_flare_streak
4FGL J1800.6+7828,220,221,56538.00001157408,4.51e-08,2.55e-08,8.76e-08,1.239419773299748e-07,1.1545988564167724e-07,1.0237996514049303e-09,1.1545988564167724e-07,1.0237996514049303e-09,7.996549999999999e-07,7.996549999999999e-07,1.1545988564167724e-07,False,False,False,0,False,,,-2.7569900414147543,3.0,False,False,,,weekly,10.0,sigma,computed,/home/lkoo/projects/AutomationDetection/DownloadedLC/incremental/quiescent_background_cache.csv,,,,,,False,not_in_flare_streak
4FGL J1800.6+7828,221,222,56545.00001157408,2.35e-08,1.75e-08,4.51e-08,1.239419773299748e-07,1.1545988564167724e-07,1.0237996514049303e-09,1.1545988564167724e-07,1.0237996514049303e-09,7.996549999999999e-07,7.996549999999999e-07,1.1545988564167724e-07,False,False,False,0,False,,,-5.245881047377551,3.0,False,False,,,weekly,10.0,sigma,computed,/home/lkoo/projects/AutomationDetection/DownloadedLC/incremental/quiescent_background_cache.csv,,,,,,False,not_in_flare_streak
4FGL J1800.6+7828,222,223,56552.00001157408,2.79e-08,1.59e-08,2.35e-08,1.239419773299748e-07,1.1545988564167724e-07,1.0237996514049303e-09,1.1545988564167724e-07,1.0237996514049303e-09,7.996549999999999e-07,7.996549999999999e-07,1.1545988564167724e-07,True,False,False,0,False,,,-5.495530427952233,3.0,False,False,,,weekly,10.0,sigma,computed,/home/lkoo/projects/AutomationDetection/DownloadedLC/incremental/quiescent_background_cache.csv,,,,,,False,not_in_flare_streak
4FGL J1800.6+7828,223,224,56566.00001157408,5.12e-08,2.06e-08,2.79e-08,1.239419773299748e-07,1.1545988564167724e-07,1.0237996514049303e-09,1.1545988564167724e-07,1.0237996514049303e-09,7.996549999999999e-07,7.996549999999999e-07,1.1545988564167724e-07,True,False,False,0,False,,,-3.115566585396714,3.0,False,False,,,weekly,10.0,sigma,computed,/home/lkoo/projects/AutomationDetection/DownloadedLC/incremental/quiescent_background_cache.csv,,,,,,False,not_in_flare_streak
4FGL J1800.6+7828,224,225,56573.00001157408,6.55e-08,2.47e-08,5.12e-08,1.239419773299748e-07,1.1545988564167724e-07,1.0237996514049303e-09,1.1545988564167724e-07,1.0237996514049303e-09,7.996549999999999e-07,7.996549999999999e-07,1.1545988564167724e-07,True,False,False,0,False,,,-2.020932147659107,3.0,False,False,,,weekly,10.0,sigma,computed,/home/lkoo/projects/AutomationDetection/DownloadedLC/incremental/quiescent_background_cache.csv,,,,,,False,not_in_flare_streak
4FGL J1800.6+7828,225,226,56580.00001157408,1.54e-08,9.35e-09,6.55e-08,1.239419773299748e-07,1.1545988564167724e-07,1.0237996514049303e-09,1.1545988564167724e-07,1.0237996514049303e-09,7.996549999999999e-07,7.996549999999999e-07,1.1545988564167724e-07,False,False,False,0,False,,,-10.638009028132196,3.0,False,False,,,weekly,10.0,sigma,computed,/home/lkoo/projects/AutomationDetection/DownloadedLC/incremental/quiescent_background_cache.csv,,,,,,False,not_in_flare_streak
4FGL J1800.6+7828,226,227,56587.00001157408,3.36e-08,2.75e-08,1.54e-08,1.239419773299748e-07,1.1545988564167724e-07,1.0237996514049303e-09,1.1545988564167724e-07,1.0237996514049303e-09,7.996549999999999e-07,7.996549999999999e-07,1.1545988564167724e-07,True,False,False,0,False,,,-2.97466238066708,3.0,False,False,,,weekly,10.0,sigma,computed,/home/lkoo/projects/AutomationDetection/DownloadedLC/incremental/quiescent_background_cache.csv,,,,,,False,not_in_flare_streak
4FGL J1800.6+7828,227,228,56594.00001157408,6.91e-08,5.7e-08,3.36e-08,1.239419773299748e-07,1.1545988564167724e-07,1.0237996514049303e-09,1.1545988564167724e-07,1.0237996514049303e-09,7.996549999999999e-07,7.996549999999999e-07,1.1545988564167724e-07,True,False,False,0,False,,,-0.8132001636420546,3.0,False,False,,,weekly,10.0,sigma,computed,/home/lkoo/projects/AutomationDetection/DownloadedLC/incremental/quiescent_background_cache.csv,,,,,,False,not_in_flare_streak
4FGL J1800.6+7828,228,229,56601.00001157408,3.21e-08,2.05e-08,6.91e-08,1.239419773299748e-07,1.1545988564167724e-07,1.0237996514049303e-09,1.1545988564167724e-07,1.0237996514049303e-09,7.996549999999999e-07,7.996549999999999e-07,1.1545988564167724e-07,False,False,False,0,False,,,-4.061274329297602,3.0,False,False,,,weekly,10.0,sigma,computed,/home/lkoo/projects/AutomationDetection/DownloadedLC/incremental/quiescent_background_cache.csv,,,,,,False,not_in_flare_streak
4FGL J1800.6+7828,229,230,56608.00001157408,2.79e-08,1.69e-08,3.21e-08,1.239419773299748e-07,1.1545988564167724e-07,1.0237996514049303e-09,1.1545988564167724e-07,1.0237996514049303e-09,7.996549999999999e-07,7.996549999999999e-07,1.1545988564167724e-07,False,False,False,0,False,,,-5.171577376113237,3.0,False,False,,,weekly,10.0,sigma,computed,/home/lkoo/projects/AutomationDetection/DownloadedLC/incremental/quiescent_background_cache.csv,,,,,,False,not_in_flare_streak
4FGL J1800.6+7828,230,231,56615.00001157408,2.88e-08,1.53e-08,2.79e-08,1.239419773299748e-07,1.1545988564167724e-07,1.0237996514049303e-09,1.1545988564167724e-07,1.0237996514049303e-09,7.996549999999999e-07,7.996549999999999e-07,1.1545988564167724e-07,True,False,False,0,False,,,-5.651406523400899,3.0,False,False,,,weekly,10.0,sigma,computed,/home/lkoo/projects/AutomationDetection/DownloadedLC/incremental/quiescent_background_cache.csv,,,,,,False,not_in_flare_streak
4FGL J1800.6+7828,231,232,56622.00001157408,4.22e-08,2.46e-08,2.88e-08,1.239419773299748e-07,1.1545988564167724e-07,1.0237996514049303e-09,1.1545988564167724e-07,1.0237996514049303e-09,7.996549999999999e-07,7.996549999999999e-07,1.1545988564167724e-07,True,False,False,0,False,,,-2.9754684206281303,3.0,False,False,,,weekly,10.0,sigma,computed,/home/lkoo/projects/AutomationDetection/DownloadedLC/incremental/quiescent_background_cache.csv,,,,,,False,not_in_flare_streak
4FGL J1800.6+7828,232,233,56636.00001157408,4.54e-08,3.4e-08,4.22e-08,1.239419773299748e-07,1.1545988564167724e-07,1.0237996514049303e-09,1.1545988564167724e-07,1.0237996514049303e-09,7.996549999999999e-07,7.996549999999999e-07,1.1545988564167724e-07,True,False,False,0,False,,,-2.059651322169858,3.0,False,False,,,weekly,10.0,sigma,computed,/home/lkoo/projects/AutomationDetection/DownloadedLC/incremental/quiescent_background_cache.csv,,,,,,False,not_in_flare_streak
4FGL J1800.6+7828,233,234,56643.00001157408,2.55e-07,4.02e-08,4.54e-08,1.239419773299748e-07,1.1545988564167724e-07,1.0237996514049303e-09,1.1545988564167724e-07,1.0237996514049303e-09,7.996549999999999e-07,7.996549999999999e-07,1.1545988564167724e-07,True,True,False,0,False,,,3.470021975285471,3.0,True,True,56643.00001157408,56643.00001157408,weekly,10.0,sigma,computed,/home/lkoo/projects/AutomationDetection/DownloadedLC/incremental/quiescent_background_cache.csv,,,,,,False,not_in_flare_streak
4FGL J1800.6+7828,234,235,56650.00001157408,1.11e-07,3.29e-08,2.55e-07,1.239419773299748e-07,1.1545988564167724e-07,1.0237996514049303e-09,1.1545988564167724e-07,1.0237996514049303e-09,7.996549999999999e-07,7.996549999999999e-07,1.1545988564167724e-07,False,False,False,0,False,,,-0.13549324664869594,3.0,False,False,,,weekly,10.0,sigma,computed,/home/lkoo/projects/AutomationDetection/DownloadedLC/incremental/quiescent_background_cache.csv,,,,,,False,not_in_flare_streak
4FGL J1800.6+7828,235,236,56657.00001157408,3.63e-08,2.01e-08,1.11e-07,1.239419773299748e-07,1.1545988564167724e-07,1.0237996514049303e-09,1.1545988564167724e-07,1.0237996514049303e-09,7.996549999999999e-07,7.996549999999999e-07,1.1545988564167724e-07,False,False,False,0,False,,,-3.9332039104913634,3.0,False,False,,,weekly,10.0,sigma,computed,/home/lkoo/projects/AutomationDetection/DownloadedLC/incremental/quiescent_background_cache.csv,,,,,,False,not_in_flare_streak
4FGL J1800.6+7828,236,237,56664.00001157408,3.36e-08,2.83e-08,3.63e-08,1.239419773299748e-07,1.1545988564167724e-07,1.0237996514049303e-09,1.1545988564167724e-07,1.0237996514049303e-09,7.996549999999999e-07,7.996549999999999e-07,1.1545988564167724e-07,False,False,False,0,False,,,-2.8906844895149097,3.0,False,False,,,weekly,10.0,sigma,computed,/home/lkoo/projects/AutomationDetection/DownloadedLC/incremental/quiescent_background_cache.csv,,,,,,False,not_in_flare_streak
4FGL J1800.6+7828,237,238,56685.00001157408,1.94e-08,1.03e-08,3.36e-08,1.239419773299748e-07,1.1545988564167724e-07,1.0237996514049303e-09,1.1545988564167724e-07,1.0237996514049303e-09,7.996549999999999e-07,7.996549999999999e-07,1.1545988564167724e-07,False,False,False,0,False,,,-9.280469802322457,3.0,False,False,,,weekly,10.0,sigma,computed,/home/lkoo/projects/AutomationDetection/DownloadedLC/incremental/quiescent_background_cache.csv,,,,,,False,not_in_flare_streak
4FGL J1800.6+7828,238,239,56692.00001157408,1.47e-08,1.17e-08,1.94e-08,1.239419773299748e-07,1.1545988564167724e-07,1.0237996514049303e-09,1.1545988564167724e-07,1.0237996514049303e-09,7.996549999999999e-07,7.996549999999999e-07,1.1545988564167724e-07,False,False,False,0,False,,,-8.579173338630062,3.0,False,False,,,weekly,10.0,sigma,computed,/home/lkoo/projects/AutomationDetection/DownloadedLC/incremental/quiescent_background_cache.csv,,,,,,False,not_in_flare_streak
4FGL J1800.6+7828,239,240,56699.00001157408,1.03e-07,3.05e-08,1.47e-08,1.239419773299748e-07,1.1545988564167724e-07,1.0237996514049303e-09,1.1545988564167724e-07,1.0237996514049303e-09,7.996549999999999e-07,7.996549999999999e-07,1.1545988564167724e-07,True,False,False,0,False,,,-0.40829088315783,3.0,False,False,,,weekly,10.0,sigma,computed,/home/lkoo/projects/AutomationDetection/DownloadedLC/incremental/quiescent_background_cache.csv,,,,,,False,not_in_flare_streak
4FGL J1800.6+7828,240,241,56706.00001157408,6.49e-08,3.39e-08,1.03e-07,1.239419773299748e-07,1.1545988564167724e-07,1.0237996514049303e-09,1.1545988564167724e-07,1.0237996514049303e-09,7.996549999999999e-07,7.996549999999999e-07,1.1545988564167724e-07,False,False,False,0,False,,,-1.490762365720799,3.0,False,False,,,weekly,10.0,sigma,computed,/home/lkoo/projects/AutomationDetection/DownloadedLC/incremental/quiescent_background_cache.csv,,,,,,False,not_in_flare_streak
4FGL J1800.6+7828,241,242,56713.00001157408,1.24e-08,1.16e-08,6.49e-08,1.239419773299748e-07,1.1545988564167724e-07,1.0237996514049303e-09,1.1545988564167724e-07,1.0237996514049303e-09,7.996549999999999e-07,7.996549999999999e-07,1.1545988564167724e-07,False,False,False,0,False,,,-8.850070603762887,3.0,False,False,,,weekly,10.0,sigma,computed,/home/lkoo/projects/AutomationDetection/DownloadedLC/incremental/quiescent_background_cache.csv,,,,,,False,not_in_flare_streak
4FGL J1800.6+7828,242,243,56727.00001157408,1.93e-08,1.48e-08,1.24e-08,1.239419773299748e-07,1.1545988564167724e-07,1.0237996514049303e-09,1.1545988564167724e-07,1.0237996514049303e-09,7.996549999999999e-07,7.996549999999999e-07,1.1545988564167724e-07,True,False,False,0,False,,,-6.481799496236422,3.0,False,False,,,weekly,10.0,sigma,computed,/home/lkoo/projects/AutomationDetection/DownloadedLC/incremental/quiescent_background_cache.csv,,,,,,False,not_in_flare_streak
4FGL J1800.6+7828,243,244,56734.00001157408,4.36e-08,2.52e-08,1.93e-08,1.239419773299748e-07,1.1545988564167724e-07,1.0237996514049303e-09,1.1545988564167724e-07,1.0237996514049303e-09,7.996549999999999e-07,7.996549999999999e-07,1.1545988564167724e-07,True,False,False,0,False,,,-2.84923233180385,3.0,False,False,,,weekly,10.0,sigma,computed,/home/lkoo/projects/AutomationDetection/DownloadedLC/incremental/quiescent_background_cache.csv,,,,,,False,not_in_flare_streak
4FGL J1800.6+7828,244,245,56741.00001157408,1.59e-08,1.49e-08,4.36e-08,1.239419773299748e-07,1.1545988564167724e-07,1.0237996514049303e-09,1.1545988564167724e-07,1.0237996514049303e-09,7.996549999999999e-07,7.996549999999999e-07,1.1545988564167724e-07,False,False,False,0,False,,,-6.6661537452296535,3.0,False,False,,,weekly,10.0,sigma,computed,/home/lkoo/projects/AutomationDetection/DownloadedLC/incremental/quiescent_background_cache.csv,,,,,,False,not_in_flare_streak
4FGL J1800.6+7828,245,246,56748.00001157408,7.06e-08,3.67e-08,1.59e-08,1.239419773299748e-07,1.1545988564167724e-07,1.0237996514049303e-09,1.1545988564167724e-07,1.0237996514049303e-09,7.996549999999999e-07,7.996549999999999e-07,1.1545988564167724e-07,True,False,False,0,False,,,-1.2218648658372322,3.0,False,False,,,weekly,10.0,sigma,computed,/home/lkoo/projects/AutomationDetection/DownloadedLC/incremental/quiescent_background_cache.csv,,,,,,False,not_in_flare_streak
4FGL J1800.6+7828,246,247,56755.00001157408,6.78e-08,2.92e-08,7.06e-08,1.239419773299748e-07,1.1545988564167724e-07,1.0237996514049303e-09,1.1545988564167724e-07,1.0237996514049303e-09,7.996549999999999e-07,7.996549999999999e-07,1.1545988564167724e-07,False,False,False,0,False,,,-1.6311855494831555,3.0,False,False,,,weekly,10.0,sigma,computed,/home/lkoo/projects/AutomationDetection/DownloadedLC/incremental/quiescent_background_cache.csv,,,,,,False,not_in_flare_streak
4FGL J1800.6+7828,247,248,56769.00001157408,6.36e-08,2.73e-08,6.78e-08,1.239419773299748e-07,1.1545988564167724e-07,1.0237996514049303e-09,1.1545988564167724e-07,1.0237996514049303e-09,7.996549999999999e-07,7.996549999999999e-07,1.1545988564167724e-07,False,False,False,0,False,,,-1.8982951114677122,3.0,False,False,,,weekly,10.0,sigma,computed,/home/lkoo/projects/AutomationDetection/DownloadedLC/incremental/quiescent_background_cache.csv,,,,,,False,not_in_flare_streak
4FGL J1800.6+7828,248,249,56776.00001157408,6.05e-08,2.31e-08,6.36e-08,1.239419773299748e-07,1.1545988564167724e-07,1.0237996514049303e-09,1.1545988564167724e-07,1.0237996514049303e-09,7.996549999999999e-07,7.996549999999999e-07,1.1545988564167724e-07,False,False,False,0,False,,,-2.376882528519466,3.0,False,False,,,weekly,10.0,sigma,computed,/home/lkoo/projects/AutomationDetection/DownloadedLC/incremental/quiescent_background_cache.csv,,,,,,False,not_in_flare_streak
4FGL J1800.6+7828,249,250,56783.00001157408,4.05e-08,2.36e-08,6.05e-08,1.239419773299748e-07,1.1545988564167724e-07,1.0237996514049303e-09,1.1545988564167724e-07,1.0237996514049303e-09,7.996549999999999e-07,7.996549999999999e-07,1.1545988564167724e-07,False,False,False,0,False,,,-3.173281780116597,3.0,False,False,,,weekly,10.0,sigma,computed,/home/lkoo/projects/AutomationDetection/DownloadedLC/incremental/quiescent_background_cache.csv,,,,,,False,not_in_flare_streak
4FGL J1800.6+7828,250,251,56790.00001157408,4.43e-08,2.44e-08,4.05e-08,1.239419773299748e-07,1.1545988564167724e-07,1.0237996514049303e-09,1.1545988564167724e-07,1.0237996514049303e-09,7.996549999999999e-07,7.996549999999999e-07,1.1545988564167724e-07,True,False,False,0,False,,,-2.913824905095631,3.0,False,False,,,weekly,10.0,sigma,computed,/home/lkoo/projects/AutomationDetection/DownloadedLC/incremental/quiescent_background_cache.csv,,,,,,False,not_in_flare_streak
4FGL J1800.6+7828,251,252,56797.00001157408,3.12e-08,1.95e-08,4.43e-08,1.239419773299748e-07,1.1545988564167724e-07,1.0237996514049303e-09,1.1545988564167724e-07,1.0237996514049303e-09,7.996549999999999e-07,7.996549999999999e-07,1.1545988564167724e-07,False,False,False,0,False,,,-4.315076577562165,3.0,False,False,,,weekly,10.0,sigma,computed,/home/lkoo/projects/AutomationDetection/DownloadedLC/incremental/quiescent_background_cache.csv,,,,,,False,not_in_flare_streak
4FGL J1800.6+7828,252,253,56804.00001157408,2.93e-08,1.62e-08,3.12e-08,1.239419773299748e-07,1.1545988564167724e-07,1.0237996514049303e-09,1.1545988564167724e-07,1.0237996514049303e-09,7.996549999999999e-07,7.996549999999999e-07,1.1545988564167724e-07,False,False,False,0,False,,,-5.307922299621781,3.0,False,False,,,weekly,10.0,sigma,computed,/home/lkoo/projects/AutomationDetection/DownloadedLC/incremental/quiescent_background_cache.csv,,,,,,False,not_in_flare_streak
4FGL J1800.6+7828,253,254,56811.00001157408,8.78e-08,3.18e-08,2.93e-08,1.239419773299748e-07,1.1545988564167724e-07,1.0237996514049303e-09,1.1545988564167724e-07,1.0237996514049303e-09,7.996549999999999e-07,7.996549999999999e-07,1.1545988564167724e-07,True,False,False,0,False,,,-0.869357290207585,3.0,False,False,,,weekly,10.0,sigma,computed,/home/lkoo/projects/AutomationDetection/DownloadedLC/incremental/quiescent_background_cache.csv,,,,,,False,not_in_flare_streak
4FGL J1800.6+7828,254,255,56818.00001157408,1.02e-07,3.28e-08,8.78e-08,1.239419773299748e-07,1.1545988564167724e-07,1.0237996514049303e-09,1.1545988564167724e-07,1.0237996514049303e-09,7.996549999999999e-07,7.996549999999999e-07,1.1545988564167724e-07,True,False,False,0,False,,,-0.4101626098528033,3.0,False,False,,,weekly,10.0,sigma,computed,/home/lkoo/projects/AutomationDetection/DownloadedLC/incremental/quiescent_background_cache.csv,,,,,,False,not_in_flare_streak
4FGL J1800.6+7828,255,256,56825.00001157408,6.78e-08,2.83e-08,1.02e-07,1.239419773299748e-07,1.1545988564167724e-07,1.0237996514049303e-09,1.1545988564167724e-07,1.0237996514049303e-09,7.996549999999999e-07,7.996549999999999e-07,1.1545988564167724e-07,False,False,False,0,False,,,-1.6829939489471777,3.0,False,False,,,weekly,10.0,sigma,computed,/home/lkoo/projects/AutomationDetection/DownloadedLC/incremental/quiescent_background_cache.csv,,,,,,False,not_in_flare_streak
4FGL J1800.6+7828,256,257,56832.00001157408,8.64e-08,3.15e-08,6.78e-08,1.239419773299748e-07,1.1545988564167724e-07,1.0237996514049303e-09,1.1545988564167724e-07,1.0237996514049303e-09,7.996549999999999e-07,7.996549999999999e-07,1.1545988564167724e-07,True,False,False,0,False,,,-0.9220491762042098,3.0,False,False,,,weekly,10.0,sigma,computed,/home/lkoo/projects/AutomationDetection/DownloadedLC/incremental/quiescent_background_cache.csv,,,,,,False,not_in_flare_streak
4FGL J1800.6+7828,257,258,56839.00001157408,4.96e-08,2.08e-08,8.64e-08,1.239419773299748e-07,1.1545988564167724e-07,1.0237996514049303e-09,1.1545988564167724e-07,1.0237996514049303e-09,7.996549999999999e-07,7.996549999999999e-07,1.1545988564167724e-07,False,False,False,0,False,,,-3.162512032261214,3.0,False,False,,,weekly,10.0,sigma,computed,/home/lkoo/projects/AutomationDetection/DownloadedLC/incremental/quiescent_background_cache.csv,,,,,,False,not_in_flare_streak
4FGL J1800.6+7828,258,259,56853.00001157408,2.8e-07,4.38e-08,4.96e-08,1.239419773299748e-07,1.1545988564167724e-07,1.0237996514049303e-09,1.1545988564167724e-07,1.0237996514049303e-09,7.996549999999999e-07,7.996549999999999e-07,1.1545988564167724e-07,True,True,False,0,False,,,3.7555977946771684,3.0,True,True,56853.00001157408,56853.00001157408,weekly,10.0,sigma,computed,/home/lkoo/projects/AutomationDetection/DownloadedLC/incremental/quiescent_background_cache.csv,,,,,,False,not_in_flare_streak
4FGL J1800.6+7828,259,260,56860.00001157408,3.97e-07,5.26e-08,2.8e-07,1.239419773299748e-07,1.1545988564167724e-07,1.0237996514049303e-09,1.1545988564167724e-07,1.0237996514049303e-09,7.996549999999999e-07,7.996549999999999e-07,1.1545988564167724e-07,True,True,False,0,False,,,5.351460073264957,3.0,True,True,56853.00001157408,56860.00001157408,weekly,10.0,sigma,computed,/home/lkoo/projects/AutomationDetection/DownloadedLC/incremental/quiescent_background_cache.csv,,,,,,False,not_in_flare_streak
4FGL J1800.6+7828,260,261,56867.00001157408,1.99e-07,4.13e-08,3.97e-07,1.239419773299748e-07,1.1545988564167724e-07,1.0237996514049303e-09,1.1545988564167724e-07,1.0237996514049303e-09,7.996549999999999e-07,7.996549999999999e-07,1.1545988564167724e-07,False,True,False,0,False,,,2.022141840471301,3.0,False,True,56853.00001157408,56867.00001157408,weekly,10.0,sigma,computed,/home/lkoo/projects/AutomationDetection/DownloadedLC/incremental/quiescent_background_cache.csv,,,,,,False,not_in_flare_streak
4FGL J1800.6+7828,261,262,56874.00001157408,2.25e-07,5.11e-08,1.99e-07,1.239419773299748e-07,1.1545988564167724e-07,1.0237996514049303e-09,1.1545988564167724e-07,1.0237996514049303e-09,7.996549999999999e-07,7.996549999999999e-07,1.1545988564167724e-07,True,True,False,0,False,,,2.143212049470758,3.0,False,True,56853.00001157408,56874.00001157408,weekly,10.0,sigma,computed,/home/lkoo/projects/AutomationDetection/DownloadedLC/incremental/quiescent_background_cache.csv,,,,,,False,not_in_flare_streak
4FGL J1800.6+7828,262,263,56881.00001157408,1.89e-07,4.79e-08,2.25e-07,1.239419773299748e-07,1.1545988564167724e-07,1.0237996514049303e-09,1.1545988564167724e-07,1.0237996514049303e-09,7.996549999999999e-07,7.996549999999999e-07,1.1545988564167724e-07,False,True,False,0,False,,,1.5349336592801517,3.0,False,True,56853.00001157408,56881.00001157408,weekly,10.0,sigma,computed,/home/lkoo/projects/AutomationDetection/DownloadedLC/incremental/quiescent_background_cache.csv,,,,,,False,not_in_flare_streak
4FGL J1800.6+7828,263,264,56888.00001157408,1.73e-07,3.57e-08,1.89e-07,1.239419773299748e-07,1.1545988564167724e-07,1.0237996514049303e-09,1.1545988564167724e-07,1.0237996514049303e-09,7.996549999999999e-07,7.996549999999999e-07,1.1545988564167724e-07,False,True,False,0,False,,,1.6111055428588712,3.0,False,True,56853.00001157408,56888.00001157408,weekly,10.0,sigma,computed,/home/lkoo/projects/AutomationDetection/DownloadedLC/incremental/quiescent_background_cache.csv,,,,,,False,not_in_flare_streak
4FGL J1800.6+7828,264,265,56895.00001157408,2.23e-07,5.64e-08,1.73e-07,1.239419773299748e-07,1.1545988564167724e-07,1.0237996514049303e-09,1.1545988564167724e-07,1.0237996514049303e-09,7.996549999999999e-07,7.996549999999999e-07,1.1545988564167724e-07,True,True,False,0,False,,,1.9064255467352693,3.0,False,True,56853.00001157408,56895.00001157408,weekly,10.0,sigma,computed,/home/lkoo/projects/AutomationDetection/DownloadedLC/incremental/quiescent_background_cache.csv,,,,,,False,not_in_flare_streak
4FGL J1800.6+7828,265,266,56902.00001157408,1.43e-07,4.14e-08,2.23e-07,1.239419773299748e-07,1.1545988564167724e-07,1.0237996514049303e-09,1.1545988564167724e-07,1.0237996514049303e-09,7.996549999999999e-07,7.996549999999999e-07,1.1545988564167724e-07,False,True,False,0,False,,,0.6650168404006884,3.0,False,True,56853.00001157408,56902.00001157408,weekly,10.0,sigma,computed,/home/lkoo/projects/AutomationDetection/DownloadedLC/incremental/quiescent_background_cache.csv,,,,,,False,not_in_flare_streak
4FGL J1800.6+7828,266,267,56909.00001157408,3.85e-08,1.75e-08,1.43e-07,1.239419773299748e-07,1.1545988564167724e-07,1.0237996514049303e-09,1.1545988564167724e-07,1.0237996514049303e-09,7.996549999999999e-07,7.996549999999999e-07,1.1545988564167724e-07,False,False,False,0,False,,,-4.390201256547093,3.0,False,False,,,weekly,10.0,sigma,computed,/home/lkoo/projects/AutomationDetection/DownloadedLC/incremental/quiescent_background_cache.csv,,,,,,False,not_in_flare_streak
4FGL J1800.6+7828,267,268,56916.00001157408,1.62e-07,3.86e-08,3.85e-08,1.239419773299748e-07,1.1545988564167724e-07,1.0237996514049303e-09,1.1545988564167724e-07,1.0237996514049303e-09,7.996549999999999e-07,7.996549999999999e-07,1.1545988564167724e-07,True,True,False,0,False,,,1.2052785708609157,3.0,False,False,,,weekly,10.0,sigma,computed,/home/lkoo/projects/AutomationDetection/DownloadedLC/incremental/quiescent_background_cache.csv,,,,,,False,not_in_flare_streak
4FGL J1800.6+7828,268,269,56923.00001157408,1.65e-07,4.64e-08,1.62e-07,1.239419773299748e-07,1.1545988564167724e-07,1.0237996514049303e-09,1.1545988564167724e-07,1.0237996514049303e-09,7.996549999999999e-07,7.996549999999999e-07,1.1545988564167724e-07,True,True,False,0,False,,,1.0674150752212515,3.0,False,False,,,weekly,10.0,sigma,computed,/home/lkoo/projects/AutomationDetection/DownloadedLC/incremental/quiescent_background_cache.csv,,,,,,False,not_in_flare_streak
4FGL J1800.6+7828,269,270,56937.00001157408,5.87e-08,2.69e-08,1.65e-07,1.239419773299748e-07,1.1545988564167724e-07,1.0237996514049303e-09,1.1545988564167724e-07,1.0237996514049303e-09,7.996549999999999e-07,7.996549999999999e-07,1.1545988564167724e-07,False,False,False,0,False,,,-2.1085063661149026,3.0,False,False,,,weekly,10.0,sigma,computed,/home/lkoo/projects/AutomationDetection/DownloadedLC/incremental/quiescent_background_cache.csv,,,,,,False,not_in_flare_streak
4FGL J1800.6+7828,270,271,56944.00001157408,4.84e-08,2.68e-08,5.87e-08,1.239419773299748e-07,1.1545988564167724e-07,1.0237996514049303e-09,1.1545988564167724e-07,1.0237996514049303e-09,7.996549999999999e-07,7.996549999999999e-07,1.1545988564167724e-07,False,False,False,0,False,,,-2.50041071304189,3.0,False,False,,,weekly,10.0,sigma,computed,/home/lkoo/projects/AutomationDetection/DownloadedLC/incremental/quiescent_background_cache.csv,,,,,,False,not_in_flare_streak
4FGL J1800.6+7828,271,272,56951.00001157408,1.54e-07,4.69e-08,4.84e-08,1.239419773299748e-07,1.1545988564167724e-07,1.0237996514049303e-09,1.1545988564167724e-07,1.0237996514049303e-09,7.996549999999999e-07,7.996549999999999e-07,1.1545988564167724e-07,True,True,False,0,False,,,0.8215551173745983,3.0,False,False,,,weekly,10.0,sigma,computed,/home/lkoo/projects/AutomationDetection/DownloadedLC/incremental/quiescent_background_cache.csv,,,,,,False,not_in_flare_streak
4FGL J1800.6+7828,272,273,56958.00001157408,9.42e-08,3.49e-08,1.54e-07,1.239419773299748e-07,1.1545988564167724e-07,1.0237996514049303e-09,1.1545988564167724e-07,1.0237996514049303e-09,7.996549999999999e-07,7.996549999999999e-07,1.1545988564167724e-07,False,False,False,0,False,,,-0.6089038361372373,3.0,False,False,,,weekly,10.0,sigma,computed,/home/lkoo/projects/AutomationDetection/DownloadedLC/incremental/quiescent_background_cache.csv,,,,,,False,not_in_flare_streak
4FGL J1800.6+7828,273,274,56965.00001157408,9.92e-08,3.3e-08,9.42e-08,1.239419773299748e-07,1.1545988564167724e-07,1.0237996514049303e-09,1.1545988564167724e-07,1.0237996514049303e-09,7.996549999999999e-07,7.996549999999999e-07,1.1545988564167724e-07,True,False,False,0,False,,,-0.492486854298697,3.0,False,False,,,weekly,10.0,sigma,computed,/home/lkoo/projects/AutomationDetection/DownloadedLC/incremental/quiescent_background_cache.csv,,,,,,False,not_in_flare_streak
4FGL J1800.6+7828,274,275,56972.00001157408,1.03e-07,3.48e-08,9.92e-08,1.239419773299748e-07,1.1545988564167724e-07,1.0237996514049303e-09,1.1545988564167724e-07,1.0237996514049303e-09,7.996549999999999e-07,7.996549999999999e-07,1.1545988564167724e-07,True,False,False,0,False,,,-0.35788784681737457,3.0,False,False,,,weekly,10.0,sigma,computed,/home/lkoo/projects/AutomationDetection/DownloadedLC/incremental/quiescent_background_cache.csv,,,,,,False,not_in_flare_streak
4FGL J1800.6+7828,275,276,56979.00001157408,1.4e-07,4.17e-08,1.03e-07,1.239419773299748e-07,1.1545988564167724e-07,1.0237996514049303e-09,1.1545988564167724e-07,1.0237996514049303e-09,7.996549999999999e-07,7.996549999999999e-07,1.1545988564167724e-07,True,True,False,0,False,,,0.5883146659975744,3.0,False,False,,,weekly,10.0,sigma,computed,/home/lkoo/projects/AutomationDetection/DownloadedLC/incremental/quiescent_background_cache.csv,,,,,,False,not_in_flare_streak
4FGL J1800.6+7828,276,277,56986.00001157408,1.4e-07,4.5e-08,1.4e-07,1.239419773299748e-07,1.1545988564167724e-07,1.0237996514049303e-09,1.1545988564167724e-07,1.0237996514049303e-09,7.996549999999999e-07,7.996549999999999e-07,1.1545988564167724e-07,False,True,False,0,False,,,0.5451947930078521,3.0,False,False,,,weekly,10.0,sigma,computed,/home/lkoo/projects/AutomationDetection/DownloadedLC/incremental/quiescent_background_cache.csv,,,,,,False,not_in_flare_streak
4FGL J1800.6+7828,277,278,56993.00001157408,1.01e-07,2.9e-08,1.4e-07,1.239419773299748e-07,1.1545988564167724e-07,1.0237996514049303e-09,1.1545988564167724e-07,1.0237996514049303e-09,7.996549999999999e-07,7.996549999999999e-07,1.1545988564167724e-07,False,False,False,0,False,,,-0.49830631525409363,3.0,False,False,,,weekly,10.0,sigma,computed,/home/lkoo/projects/AutomationDetection/DownloadedLC/incremental/quiescent_background_cache.csv,,,,,,False,not_in_flare_streak
4FGL J1800.6+7828,278,279,57000.00001157408,1.94e-07,3.63e-08,1.01e-07,1.239419773299748e-07,1.1545988564167724e-07,1.0237996514049303e-09,1.1545988564167724e-07,1.0237996514049303e-09,7.996549999999999e-07,7.996549999999999e-07,1.1545988564167724e-07,True,True,False,0,False,,,2.1627794859640876,3.0,False,False,,,weekly,10.0,sigma,computed,/home/lkoo/projects/AutomationDetection/DownloadedLC/incremental/quiescent_background_cache.csv,,,,,,False,not_in_flare_streak
4FGL J1800.6+7828,279,280,57007.00001157408,6.35e-08,2.73e-08,1.94e-07,1.239419773299748e-07,1.1545988564167724e-07,1.0237996514049303e-09,1.1545988564167724e-07,1.0237996514049303e-09,7.996549999999999e-07,7.996549999999999e-07,1.1545988564167724e-07,False,False,False,0,False,,,-1.9019555420451797,3.0,False,False,,,weekly,10.0,sigma,computed,/home/lkoo/projects/AutomationDetection/DownloadedLC/incremental/quiescent_background_cache.csv,,,,,,False,not_in_flare_streak
4FGL J1800.6+7828,280,281,57014.00001157408,1.02e-07,3.08e-08,6.35e-08,1.239419773299748e-07,1.1545988564167724e-07,1.0237996514049303e-09,1.1545988564167724e-07,1.0237996514049303e-09,7.996549999999999e-07,7.996549999999999e-07,1.1545988564167724e-07,True,False,False,0,False,,,-0.4367680451073106,3.0,False,False,,,weekly,10.0,sigma,computed,/home/lkoo/projects/AutomationDetection/DownloadedLC/incremental/quiescent_background_cache.csv,,,,,,False,not_in_flare_streak
4FGL J1800.6+7828,281,282,57021.00001157408,3.47e-08,2.09e-08,1.02e-07,1.239419773299748e-07,1.1545988564167724e-07,1.0237996514049303e-09,1.1545988564167724e-07,1.0237996514049303e-09,7.996549999999999e-07,7.996549999999999e-07,1.1545988564167724e-07,False,False,False,0,False,,,-3.859481545124004,3.0,False,False,,,weekly,10.0,sigma,computed,/home/lkoo/projects/AutomationDetection/DownloadedLC/incremental/quiescent_background_cache.csv,,,,,,False,not_in_flare_streak
4FGL J1800.6+7828,282,283,57035.00001157408,5.37e-08,2.81e-08,3.47e-08,1.239419773299748e-07,1.1545988564167724e-07,1.0237996514049303e-09,1.1545988564167724e-07,1.0237996514049303e-09,7.996549999999999e-07,7.996549999999999e-07,1.1545988564167724e-07,True,False,False,0,False,,,-2.196403377505943,3.0,False,False,,,weekly,10.0,sigma,computed,/home/lkoo/projects/AutomationDetection/DownloadedLC/incremental/quiescent_background_cache.csv,,,,,,False,not_in_flare_streak
4FGL J1800.6+7828,283,284,57042.00001157408,3.48e-08,1.55e-08,5.37e-08,1.239419773299748e-07,1.1545988564167724e-07,1.0237996514049303e-09,1.1545988564167724e-07,1.0237996514049303e-09,7.996549999999999e-07,7.996549999999999e-07,1.1545988564167724e-07,False,False,False,0,False,,,-5.192548858584391,3.0,False,False,,,weekly,10.0,sigma,computed,/home/lkoo/projects/AutomationDetection/DownloadedLC/incremental/quiescent_background_cache.csv,,,,,,False,not_in_flare_streak
4FGL J1800.6+7828,284,285,57056.00001157408,4.88e-08,2.84e-08,3.48e-08,1.239419773299748e-07,1.1545988564167724e-07,1.0237996514049303e-09,1.1545988564167724e-07,1.0237996514049303e-09,7.996549999999999e-07,7.996549999999999e-07,1.1545988564167724e-07,True,False,False,0,False,,,-2.34565541751079,3.0,False,False,,,weekly,10.0,sigma,computed,/home/lkoo/projects/AutomationDetection/DownloadedLC/incremental/quiescent_background_cache.csv,,,,,,False,not_in_flare_streak
4FGL J1800.6+7828,285,286,57063.00001157408,7.88e-08,2.68e-08,4.88e-08,1.239419773299748e-07,1.1545988564167724e-07,1.0237996514049303e-09,1.1545988564167724e-07,1.0237996514049303e-09,7.996549999999999e-07,7.996549999999999e-07,1.1545988564167724e-07,True,False,False,0,False,,,-1.3669091427792612,3.0,False,False,,,weekly,10.0,sigma,computed,/home/lkoo/projects/AutomationDetection/DownloadedLC/incremental/quiescent_background_cache.csv,,,,,,False,not_in_flare_streak
4FGL J1800.6+7828,286,287,57070.00001157408,9.66e-08,2.9e-08,7.88e-08,1.239419773299748e-07,1.1545988564167724e-07,1.0237996514049303e-09,1.1545988564167724e-07,1.0237996514049303e-09,7.996549999999999e-07,7.996549999999999e-07,1.1545988564167724e-07,True,False,False,0,False,,,-0.649935992102886,3.0,False,False,,,weekly,10.0,sigma,computed,/home/lkoo/projects/AutomationDetection/DownloadedLC/incremental/quiescent_background_cache.csv,,,,,,False,not_in_flare_streak
4FGL J1800.6+7828,287,288,57077.00001157408,1.5e-07,3.1e-08,9.66e-08,1.239419773299748e-07,1.1545988564167724e-07,1.0237996514049303e-09,1.1545988564167724e-07,1.0237996514049303e-09,7.996549999999999e-07,7.996549999999999e-07,1.1545988564167724e-07,True,True,False,0,False,,,1.1135901047535048,3.0,False,False,,,weekly,10.0,sigma,computed,/home/lkoo/projects/AutomationDetection/DownloadedLC/incremental/quiescent_background_cache.csv,,,,,,False,not_in_flare_streak
4FGL J1800.6+7828,288,289,57084.00001157408,2.68e-07,3.55e-08,1.5e-07,1.239419773299748e-07,1.1545988564167724e-07,1.0237996514049303e-09,1.1545988564167724e-07,1.0237996514049303e-09,7.996549999999999e-07,7.996549999999999e-07,1.1545988564167724e-07,True,True,False,0,False,,,4.295118848949038,3.0,True,True,57084.00001157408,57084.00001157408,weekly,10.0,sigma,computed,/home/lkoo/projects/AutomationDetection/DownloadedLC/incremental/quiescent_background_cache.csv,,,,,,False,not_in_flare_streak
4FGL J1800.6+7828,289,290,57091.00001157408,1.94e-07,3.3e-08,2.68e-07,1.239419773299748e-07,1.1545988564167724e-07,1.0237996514049303e-09,1.1545988564167724e-07,1.0237996514049303e-09,7.996549999999999e-07,7.996549999999999e-07,1.1545988564167724e-07,False,True,False,0,False,,,2.3788589113718004,3.0,False,True,57084.00001157408,57091.00001157408,weekly,10.0,sigma,computed,/home/lkoo/projects/AutomationDetection/DownloadedLC/incremental/quiescent_background_cache.csv,,,,,,False,not_in_flare_streak
4FGL J1800.6+7828,290,291,57098.00001157408,1.13e-07,5.8e-08,1.94e-07,1.239419773299748e-07,1.1545988564167724e-07,1.0237996514049303e-09,1.1545988564167724e-07,1.0237996514049303e-09,7.996549999999999e-07,7.996549999999999e-07,1.1545988564167724e-07,False,False,False,0,False,,,-0.04240521554737793,3.0,False,False,,,weekly,10.0,sigma,computed,/home/lkoo/projects/AutomationDetection/DownloadedLC/incremental/quiescent_background_cache.csv,,,,,,False,not_in_flare_streak
4FGL J1800.6+7828,291,292,57105.00001157408,8.41e-08,4.38e-08,1.13e-07,1.239419773299748e-07,1.1545988564167724e-07,1.0237996514049303e-09,1.1545988564167724e-07,1.0237996514049303e-09,7.996549999999999e-07,7.996549999999999e-07,1.1545988564167724e-07,False,False,False,0,False,,,-0.7157836118961827,3.0,False,False,,,weekly,10.0,sigma,computed,/home/lkoo/projects/AutomationDetection/DownloadedLC/incremental/quiescent_background_cache.csv,,,,,,False,not_in_flare_streak
4FGL J1800.6+7828,292,293,57112.00001157408,1.14e-07,3.12e-08,8.41e-08,1.239419773299748e-07,1.1545988564167724e-07,1.0237996514049303e-09,1.1545988564167724e-07,1.0237996514049303e-09,7.996549999999999e-07,7.996549999999999e-07,1.1545988564167724e-07,True,False,False,0,False,,,-0.0467660352325977,3.0,False,False,,,weekly,10.0,sigma,computed,/home/lkoo/projects/AutomationDetection/DownloadedLC/incremental/quiescent_background_cache.csv,,,,,,False,not_in_flare_streak
4FGL J1800.6+7828,293,294,57119.00001157408,1.22e-07,3e-08,1.14e-07,1.239419773299748e-07,1.1545988564167724e-07,1.0237996514049303e-09,1.1545988564167724e-07,1.0237996514049303e-09,7.996549999999999e-07,7.996549999999999e-07,1.1545988564167724e-07,True,True,False,0,False,,,0.21787697598545322,3.0,False,False,,,weekly,10.0,sigma,computed,/home/lkoo/projects/AutomationDetection/DownloadedLC/incremental/quiescent_background_cache.csv,,,,,,False,not_in_flare_streak
4FGL J1800.6+7828,294,295,57126.00001157408,1.46e-07,3.22e-08,1.22e-07,1.239419773299748e-07,1.1545988564167724e-07,1.0237996514049303e-09,1.1545988564167724e-07,1.0237996514049303e-09,7.996549999999999e-07,7.996549999999999e-07,1.1545988564167724e-07,True,True,False,0,False,,,0.9479717141556241,3.0,False,False,,,weekly,10.0,sigma,computed,/home/lkoo/projects/AutomationDetection/DownloadedLC/incremental/quiescent_background_cache.csv,,,,,,False,not_in_flare_streak
4FGL J1800.6+7828,295,296,57133.00001157408,9.77e-08,2.63e-08,1.46e-07,1.239419773299748e-07,1.1545988564167724e-07,1.0237996514049303e-09,1.1545988564167724e-07,1.0237996514049303e-09,7.996549999999999e-07,7.996549999999999e-07,1.1545988564167724e-07,False,False,False,0,False,,,-0.6747697537657102,3.0,False,False,,,weekly,10.0,sigma,computed,/home/lkoo/projects/AutomationDetection/DownloadedLC/incremental/quiescent_background_cache.csv,,,,,,False,not_in_flare_streak
4FGL J1800.6+7828,296,297,57140.00001157408,1.33e-07,3.23e-08,9.77e-08,1.239419773299748e-07,1.1545988564167724e-07,1.0237996514049303e-09,1.1545988564167724e-07,1.0237996514049303e-09,7.996549999999999e-07,7.996549999999999e-07,1.1545988564167724e-07,True,True,False,0,False,,,0.5427650138899892,3.0,False,False,,,weekly,10.0,sigma,computed,/home/lkoo/projects/AutomationDetection/DownloadedLC/incremental/quiescent_background_cache.csv,,,,,,False,not_in_flare_streak
4FGL J1800.6+7828,297,298,57147.00001157408,6.95e-08,2.68e-08,1.33e-07,1.239419773299748e-07,1.1545988564167724e-07,1.0237996514049303e-09,1.1545988564167724e-07,1.0237996514049303e-09,7.996549999999999e-07,7.996549999999999e-07,1.1545988564167724e-07,False,False,False,0,False,,,-1.7136711363135526,3.0,False,False,,,weekly,10.0,sigma,computed,/home/lkoo/projects/AutomationDetection/DownloadedLC/incremental/quiescent_background_cache.csv,,,,,,False,not_in_flare_streak
4FGL J1800.6+7828,298,299,57154.00001157408,5.72e-08,2.16e-08,6.95e-08,1.239419773299748e-07,1.1545988564167724e-07,1.0237996514049303e-09,1.1545988564167724e-07,1.0237996514049303e-09,7.996549999999999e-07,7.996549999999999e-07,1.1545988564167724e-07,False,False,False,0,False,,,-2.6941922625353447,3.0,False,False,,,weekly,10.0,sigma,computed,/home/lkoo/projects/AutomationDetection/DownloadedLC/incremental/quiescent_background_cache.csv,,,,,,False,not_in_flare_streak
4FGL J1800.6+7828,299,300,57161.00001157408,3.38e-08,1.93e-08,5.72e-08,1.239419773299748e-07,1.1545988564167724e-07,1.0237996514049303e-09,1.1545988564167724e-07,1.0237996514049303e-09,7.996549999999999e-07,7.996549999999999e-07,1.1545988564167724e-07,False,False,False,0,False,,,-4.225141679223598,3.0,False,False,,,weekly,10.0,sigma,computed,/home/lkoo/projects/AutomationDetection/DownloadedLC/incremental/quiescent_background_cache.csv,,,,,,False,not_in_flare_streak
4FGL J1800.6+7828,300,301,57168.00001157408,5.58e-08,3.71e-08,3.38e-08,1.239419773299748e-07,1.1545988564167724e-07,1.0237996514049303e-09,1.1545988564167724e-07,1.0237996514049303e-09,7.996549999999999e-07,7.996549999999999e-07,1.1545988564167724e-07,True,False,False,0,False,,,-1.6074712255131334,3.0,False,False,,,weekly,10.0,sigma,computed,/home/lkoo/projects/AutomationDetection/DownloadedLC/incremental/quiescent_background_cache.csv,,,,,,False,not_in_flare_streak
4FGL J1800.6+7828,301,302,57175.00001157408,6.38e-08,2.63e-08,5.58e-08,1.239419773299748e-07,1.1545988564167724e-07,1.0237996514049303e-09,1.1545988564167724e-07,1.0237996514049303e-09,7.996549999999999e-07,7.996549999999999e-07,1.1545988564167724e-07,True,False,False,0,False,,,-1.962767611081715,3.0,False,False,,,weekly,10.0,sigma,computed,/home/lkoo/projects/AutomationDetection/DownloadedLC/incremental/quiescent_background_cache.csv,,,,,,False,not_in_flare_streak
4FGL J1800.6+7828,302,303,57182.00001157408,8.2e-08,2.47e-08,6.38e-08,1.239419773299748e-07,1.1545988564167724e-07,1.0237996514049303e-09,1.1545988564167724e-07,1.0237996514049303e-09,7.996549999999999e-07,7.996549999999999e-07,1.1545988564167724e-07,True,False,False,0,False,,,-1.3534890579063537,3.0,False,False,,,weekly,10.0,sigma,computed,/home/lkoo/projects/AutomationDetection/DownloadedLC/incremental/quiescent_background_cache.csv,,,,,,False,not_in_flare_streak
4FGL J1800.6+7828,303,304,57189.00001157408,8.33e-08,3.12e-08,8.2e-08,1.239419773299748e-07,1.1545988564167724e-07,1.0237996514049303e-09,1.1545988564167724e-07,1.0237996514049303e-09,7.996549999999999e-07,7.996549999999999e-07,1.1545988564167724e-07,True,False,False,0,False,,,-1.030211067263514,3.0,False,False,,,weekly,10.0,sigma,computed,/home/lkoo/projects/AutomationDetection/DownloadedLC/incremental/quiescent_background_cache.csv,,,,,,False,not_in_flare_streak
4FGL J1800.6+7828,304,305,57196.00001157408,4.72e-08,2.3e-08,8.33e-08,1.239419773299748e-07,1.1545988564167724e-07,1.0237996514049303e-09,1.1545988564167724e-07,1.0237996514049303e-09,7.996549999999999e-07,7.996549999999999e-07,1.1545988564167724e-07,False,False,False,0,False,,,-2.964885242252516,3.0,False,False,,,weekly,10.0,sigma,computed,/home/lkoo/projects/AutomationDetection/DownloadedLC/incremental/quiescent_background_cache.csv,,,,,,False,not_in_flare_streak
4FGL J1800.6+7828,305,306,57203.00001157408,7.29e-08,2.49e-08,4.72e-08,1.239419773299748e-07,1.1545988564167724e-07,1.0237996514049303e-09,1.1545988564167724e-07,1.0237996514049303e-09,7.996549999999999e-07,7.996549999999999e-07,1.1545988564167724e-07,True,False,False,0,False,,,-1.7077894022225828,3.0,False,False,,,weekly,10.0,sigma,computed,/home/lkoo/projects/AutomationDetection/DownloadedLC/incremental/quiescent_background_cache.csv,,,,,,False,not_in_flare_streak
4FGL J1800.6+7828,306,307,57210.00001157408,9.8e-08,2.66e-08,7.29e-08,1.239419773299748e-07,1.1545988564167724e-07,1.0237996514049303e-09,1.1545988564167724e-07,1.0237996514049303e-09,7.996549999999999e-07,7.996549999999999e-07,1.1545988564167724e-07,True,False,False,0,False,,,-0.6559010384774472,3.0,False,False,,,weekly,10.0,sigma,computed,/home/lkoo/projects/AutomationDetection/DownloadedLC/incremental/quiescent_background_cache.csv,,,,,,False,not_in_flare_streak
4FGL J1800.6+7828,307,308,57217.00001157408,5.16e-08,2.01e-08,9.8e-08,1.239419773299748e-07,1.1545988564167724e-07,1.0237996514049303e-09,1.1545988564167724e-07,1.0237996514049303e-09,7.996549999999999e-07,7.996549999999999e-07,1.1545988564167724e-07,False,False,False,0,False,,,-3.1729953864048346,3.0,False,False,,,weekly,10.0,sigma,computed,/home/lkoo/projects/AutomationDetection/DownloadedLC/incremental/quiescent_background_cache.csv,,,,,,False,not_in_flare_streak
4FGL J1800.6+7828,308,309,57224.00001157408,5.26e-08,2.49e-08,5.16e-08,1.239419773299748e-07,1.1545988564167724e-07,1.0237996514049303e-09,1.1545988564167724e-07,1.0237996514049303e-09,7.996549999999999e-07,7.996549999999999e-07,1.1545988564167724e-07,True,False,False,0,False,,,-2.522362194005869,3.0,False,False,,,weekly,10.0,sigma,computed,/home/lkoo/projects/AutomationDetection/DownloadedLC/incremental/quiescent_background_cache.csv,,,,,,False,not_in_flare_streak
4FGL J1800.6+7828,309,310,57231.00001157408,1.01e-07,3.33e-08,5.26e-08,1.239419773299748e-07,1.1545988564167724e-07,1.0237996514049303e-09,1.1545988564167724e-07,1.0237996514049303e-09,7.996549999999999e-07,7.996549999999999e-07,1.1545988564167724e-07,True,False,False,0,False,,,-0.43402571955106584,3.0,False,False,,,weekly,10.0,sigma,computed,/home/lkoo/projects/AutomationDetection/DownloadedLC/incremental/quiescent_background_cache.csv,,,,,,False,not_in_flare_streak
4FGL J1800.6+7828,310,311,57238.00001157408,9.72e-08,3.07e-08,1.01e-07,1.239419773299748e-07,1.1545988564167724e-07,1.0237996514049303e-09,1.1545988564167724e-07,1.0237996514049303e-09,7.996549999999999e-07,7.996549999999999e-07,1.1545988564167724e-07,False,False,False,0,False,,,-0.5944540871203521,3.0,False,False,,,weekly,10.0,sigma,computed,/home/lkoo/projects/AutomationDetection/DownloadedLC/incremental/quiescent_background_cache.csv,,,,,,False,not_in_flare_streak
4FGL J1800.6+7828,311,312,57245.00001157408,1.34e-07,2.96e-08,9.72e-08,1.239419773299748e-07,1.1545988564167724e-07,1.0237996514049303e-09,1.1545988564167724e-07,1.0237996514049303e-09,7.996549999999999e-07,7.996549999999999e-07,1.1545988564167724e-07,True,True,False,0,False,,,0.6259808907140249,3.0,False,False,,,weekly,10.0,sigma,computed,/home/lkoo/projects/AutomationDetection/DownloadedLC/incremental/quiescent_background_cache.csv,,,,,,False,not_in_flare_streak
4FGL J1800.6+7828,312,313,57252.00001157408,4.75e-07,4.39e-08,1.34e-07,1.239419773299748e-07,1.1545988564167724e-07,1.0237996514049303e-09,1.1545988564167724e-07,1.0237996514049303e-09,7.996549999999999e-07,7.996549999999999e-07,1.1545988564167724e-07,True,True,False,0,False,,,8.187753562037987,3.0,True,True,57252.00001157408,57252.00001157408,weekly,10.0,sigma,computed,/home/lkoo/projects/AutomationDetection/DownloadedLC/incremental/quiescent_background_cache.csv,,,,,,False,not_in_flare_streak
4FGL J1800.6+7828,313,314,57259.00001157408,4.01e-07,4.12e-08,4.75e-07,1.239419773299748e-07,1.1545988564167724e-07,1.0237996514049303e-09,1.1545988564167724e-07,1.0237996514049303e-09,7.996549999999999e-07,7.996549999999999e-07,1.1545988564167724e-07,False,True,False,0,False,,,6.92844647932666,3.0,True,True,57252.00001157408,57259.00001157408,weekly,10.0,sigma,computed,/home/lkoo/projects/AutomationDetection/DownloadedLC/incremental/quiescent_background_cache.csv,,,,,,False,not_in_flare_streak
4FGL J1800.6+7828,314,315,57266.00001157408,1.42e-07,2.89e-08,4.01e-07,1.239419773299748e-07,1.1545988564167724e-07,1.0237996514049303e-09,1.1545988564167724e-07,1.0237996514049303e-09,7.996549999999999e-07,7.996549999999999e-07,1.1545988564167724e-07,False,True,False,0,False,,,0.9177673514754344,3.0,False,True,57252.00001157408,57266.00001157408,weekly,10.0,sigma,computed,/home/lkoo/projects/AutomationDetection/DownloadedLC/incremental/quiescent_background_cache.csv,,,,,,False,not_in_flare_streak
4FGL J1800.6+7828,315,316,57273.00001157408,1.88e-07,3.39e-08,1.42e-07,1.239419773299748e-07,1.1545988564167724e-07,1.0237996514049303e-09,1.1545988564167724e-07,1.0237996514049303e-09,7.996549999999999e-07,7.996549999999999e-07,1.1545988564167724e-07,True,True,False,0,False,,,2.1388512081864577,3.0,False,True,57252.00001157408,57273.00001157408,weekly,10.0,sigma,computed,/home/lkoo/projects/AutomationDetection/DownloadedLC/incremental/quiescent_background_cache.csv,,,,,,False,not_in_flare_streak
4FGL J1800.6+7828,316,317,57280.00001157408,1.55e-07,3.13e-08,1.88e-07,1.239419773299748e-07,1.1545988564167724e-07,1.0237996514049303e-09,1.1545988564167724e-07,1.0237996514049303e-09,7.996549999999999e-07,7.996549999999999e-07,1.1545988564167724e-07,False,True,False,0,False,,,1.26258720206659,3.0,False,True,57252.00001157408,57280.00001157408,weekly,10.0,sigma,computed,/home/lkoo/projects/AutomationDetection/DownloadedLC/incremental/quiescent_background_cache.csv,,,,,,False,not_in_flare_streak
4FGL J1800.6+7828,317,318,57287.00001157408,1.79e-07,3.54e-08,1.55e-07,1.239419773299748e-07,1.1545988564167724e-07,1.0237996514049303e-09,1.1545988564167724e-07,1.0237996514049303e-09,7.996549999999999e-07,7.996549999999999e-07,1.1545988564167724e-07,True,True,False,0,False,,,1.7941683040954288,3.0,False,True,57252.00001157408,57287.00001157408,weekly,10.0,sigma,computed,/home/lkoo/projects/AutomationDetection/DownloadedLC/incremental/quiescent_background_cache.csv,,,,,,False,not_in_flare_streak
4FGL J1800.6+7828,318,319,57294.00001157408,9.62e-08,2.74e-08,1.79e-07,1.239419773299748e-07,1.1545988564167724e-07,1.0237996514049303e-09,1.1545988564167724e-07,1.0237996514049303e-09,7.996549999999999e-07,7.996549999999999e-07,1.1545988564167724e-07,False,False,False,0,False,,,-0.7024253634805052,3.0,False,False,,,weekly,10.0,sigma,computed,/home/lkoo/projects/AutomationDetection/DownloadedLC/incremental/quiescent_background_cache.csv,,,,,,False,not_in_flare_streak
4FGL J1800.6+7828,319,320,57301.00001157408,1.04e-07,2.56e-08,9.62e-08,1.239419773299748e-07,1.1545988564167724e-07,1.0237996514049303e-09,1.1545988564167724e-07,1.0237996514049303e-09,7.996549999999999e-07,7.996549999999999e-07,1.1545988564167724e-07,True,False,False,0,False,,,-0.4472942304109789,3.0,False,False,,,weekly,10.0,sigma,computed,/home/lkoo/projects/AutomationDetection/DownloadedLC/incremental/quiescent_background_cache.csv,,,,,,False,not_in_flare_streak
4FGL J1800.6+7828,320,321,57308.00001157408,8.43e-08,2.65e-08,1.04e-07,1.239419773299748e-07,1.1545988564167724e-07,1.0237996514049303e-09,1.1545988564167724e-07,1.0237996514049303e-09,7.996549999999999e-07,7.996549999999999e-07,1.1545988564167724e-07,False,False,False,0,False,,,-1.174968199943951,3.0,False,False,,,weekly,10.0,sigma,computed,/home/lkoo/projects/AutomationDetection/DownloadedLC/incremental/quiescent_background_cache.csv,,,,,,False,not_in_flare_streak
4FGL J1800.6+7828,321,322,57315.00001157408,6.08e-08,2.49e-08,8.43e-08,1.239419773299748e-07,1.1545988564167724e-07,1.0237996514049303e-09,1.1545988564167724e-07,1.0237996514049303e-09,7.996549999999999e-07,7.996549999999999e-07,1.1545988564167724e-07,False,False,False,0,False,,,-2.193322938211635,3.0,False,False,,,weekly,10.0,sigma,computed,/home/lkoo/projects/AutomationDetection/DownloadedLC/incremental/quiescent_background_cache.csv,,,,,,False,not_in_flare_streak
4FGL J1800.6+7828,322,323,57322.00001157408,8.54e-08,2.99e-08,6.08e-08,1.239419773299748e-07,1.1545988564167724e-07,1.0237996514049303e-09,1.1545988564167724e-07,1.0237996514049303e-09,7.996549999999999e-07,7.996549999999999e-07,1.1545988564167724e-07,True,False,False,0,False,,,-1.004758513015874,3.0,False,False,,,weekly,10.0,sigma,computed,/home/lkoo/projects/AutomationDetection/DownloadedLC/incremental/quiescent_background_cache.csv,,,,,,False,not_in_flare_streak
4FGL J1800.6+7828,323,324,57329.00001157408,3.8e-08,2.25e-08,8.54e-08,1.239419773299748e-07,1.1545988564167724e-07,1.0237996514049303e-09,1.1545988564167724e-07,1.0237996514049303e-09,7.996549999999999e-07,7.996549999999999e-07,1.1545988564167724e-07,False,False,False,0,False,,,-3.439103178005639,3.0,False,False,,,weekly,10.0,sigma,computed,/home/lkoo/projects/AutomationDetection/DownloadedLC/incremental/quiescent_background_cache.csv,,,,,,False,not_in_flare_streak
4FGL J1800.6+7828,324,325,57336.00001157408,6.25e-08,2.37e-08,3.8e-08,1.239419773299748e-07,1.1545988564167724e-07,1.0237996514049303e-09,1.1545988564167724e-07,1.0237996514049303e-09,7.996549999999999e-07,7.996549999999999e-07,1.1545988564167724e-07,True,False,False,0,False,,,-2.232512264099276,3.0,False,False,,,weekly,10.0,sigma,computed,/home/lkoo/projects/AutomationDetection/DownloadedLC/incremental/quiescent_background_cache.csv,,,,,,False,not_in_flare_streak
4FGL J1800.6+7828,325,326,57343.00001157408,3.56e-07,3.86e-08,6.25e-08,1.239419773299748e-07,1.1545988564167724e-07,1.0237996514049303e-09,1.1545988564167724e-07,1.0237996514049303e-09,7.996549999999999e-07,7.996549999999999e-07,1.1545988564167724e-07,True,True,False,0,False,,,6.229418411746438,3.0,True,True,57343.00001157408,57343.00001157408,weekly,10.0,sigma,computed,/home/lkoo/projects/AutomationDetection/DownloadedLC/incremental/quiescent_background_cache.csv,,,,,,False,not_in_flare_streak
4FGL J1800.6+7828,326,327,57350.00001157408,3.68e-07,4.08e-08,3.56e-07,1.239419773299748e-07,1.1545988564167724e-07,1.0237996514049303e-09,1.1545988564167724e-07,1.0237996514049303e-09,7.996549999999999e-07,7.996549999999999e-07,1.1545988564167724e-07,True,True,False,0,False,,,6.1877608832565265,3.0,True,True,57343.00001157408,57350.00001157408,weekly,10.0,sigma,computed,/home/lkoo/projects/AutomationDetection/DownloadedLC/incremental/quiescent_background_cache.csv,,,,,,False,not_in_flare_streak
4FGL J1800.6+7828,327,328,57357.00001157408,1.11e-07,2.62e-08,3.68e-07,1.239419773299748e-07,1.1545988564167724e-07,1.0237996514049303e-09,1.1545988564167724e-07,1.0237996514049303e-09,7.996549999999999e-07,7.996549999999999e-07,1.1545988564167724e-07,False,False,False,0,False,,,-0.1700948284351539,3.0,False,False,,,weekly,10.0,sigma,computed,/home/lkoo/projects/AutomationDetection/DownloadedLC/incremental/quiescent_background_cache.csv,,,,,,False,not_in_flare_streak
4FGL J1800.6+7828,328,329,57364.00001157408,6.88e-08,2.35e-08,1.11e-07,1.239419773299748e-07,1.1545988564167724e-07,1.0237996514049303e-09,1.1545988564167724e-07,1.0237996514049303e-09,7.996549999999999e-07,7.996549999999999e-07,1.1545988564167724e-07,False,False,False,0,False,,,-1.9836454699862953,3.0,False,False,,,weekly,10.0,sigma,computed,/home/lkoo/projects/AutomationDetection/DownloadedLC/incremental/quiescent_background_cache.csv,,,,,,False,not_in_flare_streak
4FGL J1800.6+7828,329,330,57371.00001157408,7.61e-08,2.46e-08,6.88e-08,1.239419773299748e-07,1.1545988564167724e-07,1.0237996514049303e-09,1.1545988564167724e-07,1.0237996514049303e-09,7.996549999999999e-07,7.996549999999999e-07,1.1545988564167724e-07,True,False,False,0,False,,,-1.5986115148904834,3.0,False,False,,,weekly,10.0,sigma,computed,/home/lkoo/projects/AutomationDetection/DownloadedLC/incremental/quiescent_background_cache.csv,,,,,,False,not_in_flare_streak
4FGL J1800.6+7828,330,331,57378.00001157408,1.07e-07,2.74e-08,7.61e-08,1.239419773299748e-07,1.1545988564167724e-07,1.0237996514049303e-09,1.1545988564167724e-07,1.0237996514049303e-09,7.996549999999999e-07,7.996549999999999e-07,1.1545988564167724e-07,True,False,False,0,False,,,-0.3085396433507144,3.0,False,False,,,weekly,10.0,sigma,computed,/home/lkoo/projects/AutomationDetection/DownloadedLC/incremental/quiescent_background_cache.csv,,,,,,False,not_in_flare_streak
4FGL J1800.6+7828,331,332,57385.00001157408,7.1e-08,2.58e-08,1.07e-07,1.239419773299748e-07,1.1545988564167724e-07,1.0237996514049303e-09,1.1545988564167724e-07,1.0237996514049303e-09,7.996549999999999e-07,7.996549999999999e-07,1.1545988564167724e-07,False,False,False,0,False,,,-1.7218962025071112,3.0,False,False,,,weekly,10.0,sigma,computed,/home/lkoo/projects/AutomationDetection/DownloadedLC/incremental/quiescent_background_cache.csv,,,,,,False,not_in_flare_streak
4FGL J1800.6+7828,332,333,57392.00001157408,6.31e-08,2.74e-08,7.1e-08,1.239419773299748e-07,1.1545988564167724e-07,1.0237996514049303e-09,1.1545988564167724e-07,1.0237996514049303e-09,7.996549999999999e-07,7.996549999999999e-07,1.1545988564167724e-07,False,False,False,0,False,,,-1.9096121538782895,3.0,False,False,,,weekly,10.0,sigma,computed,/home/lkoo/projects/AutomationDetection/DownloadedLC/incremental/quiescent_background_cache.csv,,,,,,False,not_in_flare_streak
4FGL J1800.6+7828,333,334,57399.00001157408,8.46e-08,2.86e-08,6.31e-08,1.239419773299748e-07,1.1545988564167724e-07,1.0237996514049303e-09,1.1545988564167724e-07,1.0237996514049303e-09,7.996549999999999e-07,7.996549999999999e-07,1.1545988564167724e-07,True,False,False,0,False,,,-1.0783262970665597,3.0,False,False,,,weekly,10.0,sigma,computed,/home/lkoo/projects/AutomationDetection/DownloadedLC/incremental/quiescent_background_cache.csv,,,,,,False,not_in_flare_streak
4FGL J1800.6+7828,334,335,57406.00001157408,1.08e-07,2.98e-08,8.46e-08,1.239419773299748e-07,1.1545988564167724e-07,1.0237996514049303e-09,1.1545988564167724e-07,1.0237996514049303e-09,7.996549999999999e-07,7.996549999999999e-07,1.1545988564167724e-07,True,False,False,0,False,,,-0.2501841286142475,3.0,False,False,,,weekly,10.0,sigma,computed,/home/lkoo/projects/AutomationDetection/DownloadedLC/incremental/quiescent_background_cache.csv,,,,,,False,not_in_flare_streak
4FGL J1800.6+7828,335,336,57413.00001157408,5.37e-08,2.69e-08,1.08e-07,1.239419773299748e-07,1.1545988564167724e-07,1.0237996514049303e-09,1.1545988564167724e-07,1.0237996514049303e-09,7.996549999999999e-07,7.996549999999999e-07,1.1545988564167724e-07,False,False,False,0,False,,,-2.294245497041435,3.0,False,False,,,weekly,10.0,sigma,computed,/home/lkoo/projects/AutomationDetection/DownloadedLC/incremental/quiescent_background_cache.csv,,,,,,False,not_in_flare_streak
4FGL J1800.6+7828,336,337,57420.00001157408,9.28e-08,2.3e-08,5.37e-08,1.239419773299748e-07,1.1545988564167724e-07,1.0237996514049303e-09,1.1545988564167724e-07,1.0237996514049303e-09,7.996549999999999e-07,7.996549999999999e-07,1.1545988564167724e-07,True,False,False,0,False,,,-0.9842378125684734,3.0,False,False,,,weekly,10.0,sigma,computed,/home/lkoo/projects/AutomationDetection/DownloadedLC/incremental/quiescent_background_cache.csv,,,,,,False,not_in_flare_streak
4FGL J1800.6+7828,337,338,57427.00001157408,1.01e-07,2.93e-08,9.28e-08,1.239419773299748e-07,1.1545988564167724e-07,1.0237996514049303e-09,1.1545988564167724e-07,1.0237996514049303e-09,7.996549999999999e-07,7.996549999999999e-07,1.1545988564167724e-07,True,False,False,0,False,,,-0.49321045673555747,3.0,False,False,,,weekly,10.0,sigma,computed,/home/lkoo/projects/AutomationDetection/DownloadedLC/incremental/quiescent_background_cache.csv,,,,,,False,not_in_flare_streak
4FGL J1800.6+7828,338,339,57434.00001157408,9.27e-08,2.84e-08,1.01e-07,1.239419773299748e-07,1.1545988564167724e-07,1.0237996514049303e-09,1.1545988564167724e-07,1.0237996514049303e-09,7.996549999999999e-07,7.996549999999999e-07,1.1545988564167724e-07,False,False,False,0,False,,,-0.8008841980963078,3.0,False,False,,,weekly,10.0,sigma,computed,/home/lkoo/projects/AutomationDetection/DownloadedLC/incremental/quiescent_background_cache.csv,,,,,,False,not_in_flare_streak
4FGL J1800.6+7828,339,340,57441.00001157408,1e-07,2.7e-08,9.27e-08,1.239419773299748e-07,1.1545988564167724e-07,1.0237996514049303e-09,1.1545988564167724e-07,1.0237996514049303e-09,7.996549999999999e-07,7.996549999999999e-07,1.1545988564167724e-07,True,False,False,0,False,,,-0.5721771629502355,3.0,False,False,,,weekly,10.0,sigma,computed,/home/lkoo/projects/AutomationDetection/DownloadedLC/incremental/quiescent_background_cache.csv,,,,,,False,not_in_flare_streak
4FGL J1800.6+7828,340,341,57455.00001157408,7.98e-08,2.78e-08,1e-07,1.239419773299748e-07,1.1545988564167724e-07,1.0237996514049303e-09,1.1545988564167724e-07,1.0237996514049303e-09,7.996549999999999e-07,7.996549999999999e-07,1.1545988564167724e-07,False,False,False,0,False,,,-1.2818607308437648,3.0,False,False,,,weekly,10.0,sigma,computed,/home/lkoo/projects/AutomationDetection/DownloadedLC/incremental/quiescent_background_cache.csv,,,,,,False,not_in_flare_streak
4FGL J1800.6+7828,341,342,57462.00001157408,4.4e-08,2.45e-08,7.98e-08,1.239419773299748e-07,1.1545988564167724e-07,1.0237996514049303e-09,1.1545988564167724e-07,1.0237996514049303e-09,7.996549999999999e-07,7.996549999999999e-07,1.1545988564167724e-07,False,False,False,0,False,,,-2.9141867372737558,3.0,False,False,,,weekly,10.0,sigma,computed,/home/lkoo/projects/AutomationDetection/DownloadedLC/incremental/quiescent_background_cache.csv,,,,,,False,not_in_flare_streak
4FGL J1800.6+7828,342,343,57469.00001157408,8.34e-08,2.69e-08,4.4e-08,1.239419773299748e-07,1.1545988564167724e-07,1.0237996514049303e-09,1.1545988564167724e-07,1.0237996514049303e-09,7.996549999999999e-07,7.996549999999999e-07,1.1545988564167724e-07,True,False,False,0,False,,,-1.1909550593378309,3.0,False,False,,,weekly,10.0,sigma,computed,/home/lkoo/projects/AutomationDetection/DownloadedLC/incremental/quiescent_background_cache.csv,,,,,,False,not_in_flare_streak
4FGL J1800.6+7828,343,344,57476.00001157408,6.76e-08,2.76e-08,8.34e-08,1.239419773299748e-07,1.1545988564167724e-07,1.0237996514049303e-09,1.1545988564167724e-07,1.0237996514049303e-09,7.996549999999999e-07,7.996549999999999e-07,1.1545988564167724e-07,False,False,False,0,False,,,-1.7328620465713673,3.0,False,False,,,weekly,10.0,sigma,computed,/home/lkoo/projects/AutomationDetection/DownloadedLC/incremental/quiescent_background_cache.csv,,,,,,False,not_in_flare_streak
4FGL J1800.6+7828,344,345,57483.00001157408,6.78e-08,2.36e-08,6.76e-08,1.239419773299748e-07,1.1545988564167724e-07,1.0237996514049303e-09,1.1545988564167724e-07,1.0237996514049303e-09,7.996549999999999e-07,7.996549999999999e-07,1.1545988564167724e-07,True,False,False,0,False,,,-2.0175890805399983,3.0,False,False,,,weekly,10.0,sigma,computed,/home/lkoo/projects/AutomationDetection/DownloadedLC/incremental/quiescent_background_cache.csv,,,,,,False,not_in_flare_streak
4FGL J1800.6+7828,345,346,57490.00001157408,4.43e-08,2.23e-08,6.78e-08,1.239419773299748e-07,1.1545988564167724e-07,1.0237996514049303e-09,1.1545988564167724e-07,1.0237996514049303e-09,7.996549999999999e-07,7.996549999999999e-07,1.1545988564167724e-07,False,False,False,0,False,,,-3.1876686172911013,3.0,False,False,,,weekly,10.0,sigma,computed,/home/lkoo/projects/AutomationDetection/DownloadedLC/incremental/quiescent_background_cache.csv,,,,,,False,not_in_flare_streak
4FGL J1800.6+7828,346,347,57497.00001157408,6.35e-08,2.64e-08,4.43e-08,1.239419773299748e-07,1.1545988564167724e-07,1.0237996514049303e-09,1.1545988564167724e-07,1.0237996514049303e-09,7.996549999999999e-07,7.996549999999999e-07,1.1545988564167724e-07,True,False,False,0,False,,,-1.9666991718915312,3.0,False,False,,,weekly,10.0,sigma,computed,/home/lkoo/projects/AutomationDetection/DownloadedLC/incremental/quiescent_background_cache.csv,,,,,,False,not_in_flare_streak
4FGL J1800.6+7828,347,348,57504.00001157408,5.57e-08,2.01e-08,6.35e-08,1.239419773299748e-07,1.1545988564167724e-07,1.0237996514049303e-09,1.1545988564167724e-07,1.0237996514049303e-09,7.996549999999999e-07,7.996549999999999e-07,1.1545988564167724e-07,False,False,False,0,False,,,-2.9692793766823007,3.0,False,False,,,weekly,10.0,sigma,computed,/home/lkoo/projects/AutomationDetection/DownloadedLC/incremental/quiescent_background_cache.csv,,,,,,False,not_in_flare_streak
4FGL J1800.6+7828,348,349,57511.00001157408,3.39e-08,1.81e-08,5.57e-08,1.239419773299748e-07,1.1545988564167724e-07,1.0237996514049303e-09,1.1545988564167724e-07,1.0237996514049303e-09,7.996549999999999e-07,7.996549999999999e-07,1.1545988564167724e-07,False,False,False,0,False,,,-4.498879848494307,3.0,False,False,,,weekly,10.0,sigma,computed,/home/lkoo/projects/AutomationDetection/DownloadedLC/incremental/quiescent_background_cache.csv,,,,,,False,not_in_flare_streak
4FGL J1800.6+7828,349,350,57518.00001157408,6.21e-08,2.38e-08,3.39e-08,1.239419773299748e-07,1.1545988564167724e-07,1.0237996514049303e-09,1.1545988564167724e-07,1.0237996514049303e-09,7.996549999999999e-07,7.996549999999999e-07,1.1545988564167724e-07,True,False,False,0,False,,,-2.239940516906644,3.0,False,False,,,weekly,10.0,sigma,computed,/home/lkoo/projects/AutomationDetection/DownloadedLC/incremental/quiescent_background_cache.csv,,,,,,False,not_in_flare_streak
4FGL J1800.6+7828,350,351,57525.00001157408,4.06e-08,2.41e-08,6.21e-08,1.239419773299748e-07,1.1545988564167724e-07,1.0237996514049303e-09,1.1545988564167724e-07,1.0237996514049303e-09,7.996549999999999e-07,7.996549999999999e-07,1.1545988564167724e-07,False,False,False,0,False,,,-3.1034202712069647,3.0,False,False,,,weekly,10.0,sigma,computed,/home/lkoo/projects/AutomationDetection/DownloadedLC/incremental/quiescent_background_cache.csv,,,,,,False,not_in_flare_streak
4FGL J1800.6+7828,351,352,57532.00001157408,6.34e-08,2.33e-08,4.06e-08,1.239419773299748e-07,1.1545988564167724e-07,1.0237996514049303e-09,1.1545988564167724e-07,1.0237996514049303e-09,7.996549999999999e-07,7.996549999999999e-07,1.1545988564167724e-07,True,False,False,0,False,,,-2.2321760473615746,3.0,False,False,,,weekly,10.0,sigma,computed,/home/lkoo/projects/AutomationDetection/DownloadedLC/incremental/quiescent_background_cache.csv,,,,,,False,not_in_flare_streak
4FGL J1800.6+7828,352,353,57539.00001157408,6.41e-08,2.34e-08,6.34e-08,1.239419773299748e-07,1.1545988564167724e-07,1.0237996514049303e-09,1.1545988564167724e-07,1.0237996514049303e-09,7.996549999999999e-07,7.996549999999999e-07,1.1545988564167724e-07,True,False,False,0,False,,,-2.1927691590155,3.0,False,False,,,weekly,10.0,sigma,computed,/home/lkoo/projects/AutomationDetection/DownloadedLC/incremental/quiescent_background_cache.csv,,,,,,False,not_in_flare_streak
4FGL J1800.6+7828,353,354,57546.00001157408,9.76e-09,7.56e-09,6.41e-08,1.239419773299748e-07,1.1545988564167724e-07,1.0237996514049303e-09,1.1545988564167724e-07,1.0237996514049303e-09,7.996549999999999e-07,7.996549999999999e-07,1.1545988564167724e-07,False,False,False,0,False,,,-13.854997035567024,3.0,False,False,,,weekly,10.0,sigma,computed,/home/lkoo/projects/AutomationDetection/DownloadedLC/incremental/quiescent_background_cache.csv,,,,,,False,not_in_flare_streak
4FGL J1800.6+7828,354,355,57553.00001157408,4.14e-08,2.61e-08,9.76e-09,1.239419773299748e-07,1.1545988564167724e-07,1.0237996514049303e-09,1.1545988564167724e-07,1.0237996514049303e-09,7.996549999999999e-07,7.996549999999999e-07,1.1545988564167724e-07,True,False,False,0,False,,,-2.835362988304079,3.0,False,False,,,weekly,10.0,sigma,computed,/home/lkoo/projects/AutomationDetection/DownloadedLC/incremental/quiescent_background_cache.csv,,,,,,False,not_in_flare_streak
4FGL J1800.6+7828,355,356,57560.00001157408,6.11e-08,3.35e-08,4.14e-08,1.239419773299748e-07,1.1545988564167724e-07,1.0237996514049303e-09,1.1545988564167724e-07,1.0237996514049303e-09,7.996549999999999e-07,7.996549999999999e-07,1.1545988564167724e-07,True,False,False,0,False,,,-1.6219259022592696,3.0,False,False,,,weekly,10.0,sigma,computed,/home/lkoo/projects/AutomationDetection/DownloadedLC/incremental/quiescent_background_cache.csv,,,,,,False,not_in_flare_streak
4FGL J1800.6+7828,356,357,57567.00001157408,1.03e-07,3.27e-08,6.11e-08,1.239419773299748e-07,1.1545988564167724e-07,1.0237996514049303e-09,1.1545988564167724e-07,1.0237996514049303e-09,7.996549999999999e-07,7.996549999999999e-07,1.1545988564167724e-07,True,False,False,0,False,,,-0.3808496409786328,3.0,False,False,,,weekly,10.0,sigma,computed,/home/lkoo/projects/AutomationDetection/DownloadedLC/incremental/quiescent_background_cache.csv,,,,,,False,not_in_flare_streak
4FGL J1800.6+7828,357,358,57574.00001157408,8.34e-08,2.66e-08,1.03e-07,1.239419773299748e-07,1.1545988564167724e-07,1.0237996514049303e-09,1.1545988564167724e-07,1.0237996514049303e-09,7.996549999999999e-07,7.996549999999999e-07,1.1545988564167724e-07,False,False,False,0,False,,,-1.2043671257301711,3.0,False,False,,,weekly,10.0,sigma,computed,/home/lkoo/projects/AutomationDetection/DownloadedLC/incremental/quiescent_background_cache.csv,,,,,,False,not_in_flare_streak
4FGL J1800.6+7828,358,359,57581.00001157408,4.13e-08,2.14e-08,8.34e-08,1.239419773299748e-07,1.1545988564167724e-07,1.0237996514049303e-09,1.1545988564167724e-07,1.0237996514049303e-09,7.996549999999999e-07,7.996549999999999e-07,1.1545988564167724e-07,False,False,False,0,False,,,-3.4614562399733195,3.0,False,False,,,weekly,10.0,sigma,computed,/home/lkoo/projects/AutomationDetection/DownloadedLC/incremental/quiescent_background_cache.csv,,,,,,False,not_in_flare_streak
4FGL J1800.6+7828,359,360,57588.00001157408,3.18e-08,2.27e-08,4.13e-08,1.239419773299748e-07,1.1545988564167724e-07,1.0237996514049303e-09,1.1545988564167724e-07,1.0237996514049303e-09,7.996549999999999e-07,7.996549999999999e-07,1.1545988564167724e-07,False,False,False,0,False,,,-3.681714880199998,3.0,False,False,,,weekly,10.0,sigma,computed,/home/lkoo/projects/AutomationDetection/DownloadedLC/incremental/quiescent_background_cache.csv,,,,,,False,not_in_flare_streak
4FGL J1800.6+7828,360,361,57623.00001157408,5.87e-08,2.4e-08,3.18e-08,1.239419773299748e-07,1.1545988564167724e-07,1.0237996514049303e-09,1.1545988564167724e-07,1.0237996514049303e-09,7.996549999999999e-07,7.996549999999999e-07,1.1545988564167724e-07,True,False,False,0,False,,,-2.362846338489738,3.0,False,False,,,weekly,10.0,sigma,computed,/home/lkoo/projects/AutomationDetection/DownloadedLC/incremental/quiescent_background_cache.csv,,,,,,False,not_in_flare_streak
4FGL J1800.6+7828,361,362,57644.00001157408,7.67e-08,3.18e-08,5.87e-08,1.239419773299748e-07,1.1545988564167724e-07,1.0237996514049303e-09,1.1545988564167724e-07,1.0237996514049303e-09,7.996549999999999e-07,7.996549999999999e-07,1.1545988564167724e-07,True,False,False,0,False,,,-1.218233133235801,3.0,False,False,,,weekly,10.0,sigma,computed,/home/lkoo/projects/AutomationDetection/DownloadedLC/incremental/quiescent_background_cache.csv,,,,,,False,not_in_flare_streak
4FGL J1800.6+7828,362,363,57651.00001157408,5.92e-08,2.98e-08,7.67e-08,1.239419773299748e-07,1.1545988564167724e-07,1.0237996514049303e-09,1.1545988564167724e-07,1.0237996514049303e-09,7.996549999999999e-07,7.996549999999999e-07,1.1545988564167724e-07,False,False,False,0,False,,,-1.8868024446063236,3.0,False,False,,,weekly,10.0,sigma,computed,/home/lkoo/projects/AutomationDetection/DownloadedLC/incremental/quiescent_background_cache.csv,,,,,,False,not_in_flare_streak
4FGL J1800.6+7828,363,364,57658.00001157408,4.41e-08,2.18e-08,5.92e-08,1.239419773299748e-07,1.1545988564167724e-07,1.0237996514049303e-09,1.1545988564167724e-07,1.0237996514049303e-09,7.996549999999999e-07,7.996549999999999e-07,1.1545988564167724e-07,False,False,False,0,False,,,-3.269785397555094,3.0,False,False,,,weekly,10.0,sigma,computed,/home/lkoo/projects/AutomationDetection/DownloadedLC/incremental/quiescent_background_cache.csv,,,,,,False,not_in_flare_streak
4FGL J1800.6+7828,364,365,57665.00001157408,5.7e-08,3.21e-08,4.41e-08,1.239419773299748e-07,1.1545988564167724e-07,1.0237996514049303e-09,1.1545988564167724e-07,1.0237996514049303e-09,7.996549999999999e-07,7.996549999999999e-07,1.1545988564167724e-07,True,False,False,0,False,,,-1.8202546629980632,3.0,False,False,,,weekly,10.0,sigma,computed,/home/lkoo/projects/AutomationDetection/DownloadedLC/incremental/quiescent_background_cache.csv,,,,,,False,not_in_flare_streak
4FGL J1800.6+7828,365,366,57672.00001157408,3.87e-08,2.21e-08,5.7e-08,1.239419773299748e-07,1.1545988564167724e-07,1.0237996514049303e-09,1.1545988564167724e-07,1.0237996514049303e-09,7.996549999999999e-07,7.996549999999999e-07,1.1545988564167724e-07,False,False,False,0,False,,,-3.4695769975364605,3.0,False,False,,,weekly,10.0,sigma,computed,/home/lkoo/projects/AutomationDetection/DownloadedLC/incremental/quiescent_background_cache.csv,,,,,,False,not_in_flare_streak
4FGL J1800.6+7828,366,367,57679.00001157408,1.55e-08,9.75e-09,3.87e-08,1.239419773299748e-07,1.1545988564167724e-07,1.0237996514049303e-09,1.1545988564167724e-07,1.0237996514049303e-09,7.996549999999999e-07,7.996549999999999e-07,1.1545988564167724e-07,False,False,False,0,False,,,-10.196237851495328,3.0,False,False,,,weekly,10.0,sigma,computed,/home/lkoo/projects/AutomationDetection/DownloadedLC/incremental/quiescent_background_cache.csv,,,,,,False,not_in_flare_streak
4FGL J1800.6+7828,367,368,57693.00001157408,1.24e-07,3.76e-08,1.55e-08,1.239419773299748e-07,1.1545988564167724e-07,1.0237996514049303e-09,1.1545988564167724e-07,1.0237996514049303e-09,7.996549999999999e-07,7.996549999999999e-07,1.1545988564167724e-07,True,True,False,0,False,,,0.22704655013143482,3.0,False,False,,,weekly,10.0,sigma,computed,/home/lkoo/projects/AutomationDetection/DownloadedLC/incremental/quiescent_background_cache.csv,,,,,,False,not_in_flare_streak
4FGL J1800.6+7828,368,369,57700.00001157408,6.34e-08,2.62e-08,1.24e-07,1.239419773299748e-07,1.1545988564167724e-07,1.0237996514049303e-09,1.1545988564167724e-07,1.0237996514049303e-09,7.996549999999999e-07,7.996549999999999e-07,1.1545988564167724e-07,False,False,False,0,False,,,-1.9855032231823444,3.0,False,False,,,weekly,10.0,sigma,computed,/home/lkoo/projects/AutomationDetection/DownloadedLC/incremental/quiescent_background_cache.csv,,,,,,False,not_in_flare_streak
4FGL J1800.6+7828,369,370,57707.00001157408,1.35e-07,3.17e-08,6.34e-08,1.239419773299748e-07,1.1545988564167724e-07,1.0237996514049303e-09,1.1545988564167724e-07,1.0237996514049303e-09,7.996549999999999e-07,7.996549999999999e-07,1.1545988564167724e-07,True,True,False,0,False,,,0.616086167748216,3.0,False,False,,,weekly,10.0,sigma,computed,/home/lkoo/projects/AutomationDetection/DownloadedLC/incremental/quiescent_background_cache.csv,,,,,,False,not_in_flare_streak
4FGL J1800.6+7828,370,371,57714.00001157408,2.53e-07,3.35e-08,1.35e-07,1.239419773299748e-07,1.1545988564167724e-07,1.0237996514049303e-09,1.1545988564167724e-07,1.0237996514049303e-09,7.996549999999999e-07,7.996549999999999e-07,1.1545988564167724e-07,True,True,False,0,False,,,4.103759076094016,3.0,True,True,57714.00001157408,57714.00001157408,weekly,10.0,sigma,computed,/home/lkoo/projects/AutomationDetection/DownloadedLC/incremental/quiescent_background_cache.csv,,,,,,False,not_in_flare_streak
4FGL J1800.6+7828,371,372,57721.00001157408,1.35e-07,2.91e-08,2.53e-07,1.239419773299748e-07,1.1545988564167724e-07,1.0237996514049303e-09,1.1545988564167724e-07,1.0237996514049303e-09,7.996549999999999e-07,7.996549999999999e-07,1.1545988564167724e-07,False,True,False,0,False,,,0.6710664047275877,3.0,False,True,57714.00001157408,57721.00001157408,weekly,10.0,sigma,computed,/home/lkoo/projects/AutomationDetection/DownloadedLC/incremental/quiescent_background_cache.csv,,,,,,False,not_in_flare_streak
4FGL J1800.6+7828,372,373,57728.00001157408,1.22e-07,2.79e-08,1.35e-07,1.239419773299748e-07,1.1545988564167724e-07,1.0237996514049303e-09,1.1545988564167724e-07,1.0237996514049303e-09,7.996549999999999e-07,7.996549999999999e-07,1.1545988564167724e-07,False,True,False,0,False,,,0.2342550363533748,3.0,False,True,57714.00001157408,57728.00001157408,weekly,10.0,sigma,computed,/home/lkoo/projects/AutomationDetection/DownloadedLC/incremental/quiescent_background_cache.csv,,,,,,False,not_in_flare_streak
4FGL J1800.6+7828,373,374,57735.00001157408,6.95e-08,2.9e-08,1.22e-07,1.239419773299748e-07,1.1545988564167724e-07,1.0237996514049303e-09,1.1545988564167724e-07,1.0237996514049303e-09,7.996549999999999e-07,7.996549999999999e-07,1.1545988564167724e-07,False,False,False,0,False,,,-1.5838369563306756,3.0,False,False,,,weekly,10.0,sigma,computed,/home/lkoo/projects/AutomationDetection/DownloadedLC/incremental/quiescent_background_cache.csv,,,,,,False,not_in_flare_streak
4FGL J1800.6+7828,374,375,57742.00001157408,7.56e-08,2.41e-08,6.95e-08,1.239419773299748e-07,1.1545988564167724e-07,1.0237996514049303e-09,1.1545988564167724e-07,1.0237996514049303e-09,7.996549999999999e-07,7.996549999999999e-07,1.1545988564167724e-07,True,False,False,0,False,,,-1.6524467817180735,3.0,False,False,,,weekly,10.0,sigma,computed,/home/lkoo/projects/AutomationDetection/DownloadedLC/incremental/quiescent_background_cache.csv,,,,,,False,not_in_flare_streak
4FGL J1800.6+7828,375,376,57749.00001157408,1.02e-07,3.15e-08,7.56e-08,1.239419773299748e-07,1.1545988564167724e-07,1.0237996514049303e-09,1.1545988564167724e-07,1.0237996514049303e-09,7.996549999999999e-07,7.996549999999999e-07,1.1545988564167724e-07,True,False,False,0,False,,,-0.4270724469029628,3.0,False,False,,,weekly,10.0,sigma,computed,/home/lkoo/projects/AutomationDetection/DownloadedLC/incremental/quiescent_background_cache.csv,,,,,,False,not_in_flare_streak
4FGL J1800.6+7828,376,377,57756.00001157408,1.04e-07,3.01e-08,1.02e-07,1.239419773299748e-07,1.1545988564167724e-07,1.0237996514049303e-09,1.1545988564167724e-07,1.0237996514049303e-09,7.996549999999999e-07,7.996549999999999e-07,1.1545988564167724e-07,True,False,False,0,False,,,-0.3805070564675431,3.0,False,False,,,weekly,10.0,sigma,computed,/home/lkoo/projects/AutomationDetection/DownloadedLC/incremental/quiescent_background_cache.csv,,,,,,False,not_in_flare_streak
4FGL J1800.6+7828,377,378,57763.00001157408,8.98e-08,3.47e-08,1.04e-07,1.239419773299748e-07,1.1545988564167724e-07,1.0237996514049303e-09,1.1545988564167724e-07,1.0237996514049303e-09,7.996549999999999e-07,7.996549999999999e-07,1.1545988564167724e-07,False,False,False,0,False,,,-0.7391563229254844,3.0,False,False,,,weekly,10.0,sigma,computed,/home/lkoo/projects/AutomationDetection/DownloadedLC/incremental/quiescent_background_cache.csv,,,,,,False,not_in_flare_streak
4FGL J1800.6+7828,378,379,57770.00001157408,9.9e-08,3.25e-08,8.98e-08,1.239419773299748e-07,1.1545988564167724e-07,1.0237996514049303e-09,1.1545988564167724e-07,1.0237996514049303e-09,7.996549999999999e-07,7.996549999999999e-07,1.1545988564167724e-07,True,False,False,0,False,,,-0.5062069157567883,3.0,False,False,,,weekly,10.0,sigma,computed,/home/lkoo/projects/AutomationDetection/DownloadedLC/incremental/quiescent_background_cache.csv,,,,,,False,not_in_flare_streak
4FGL J1800.6+7828,379,380,57777.00001157408,5.46e-08,2.23e-08,9.9e-08,1.239419773299748e-07,1.1545988564167724e-07,1.0237996514049303e-09,1.1545988564167724e-07,1.0237996514049303e-09,7.996549999999999e-07,7.996549999999999e-07,1.1545988564167724e-07,False,False,False,0,False,,,-2.726271209720388,3.0,False,False,,,weekly,10.0,sigma,computed,/home/lkoo/projects/AutomationDetection/DownloadedLC/incremental/quiescent_background_cache.csv,,,,,,False,not_in_flare_streak
4FGL J1800.6+7828,380,381,57791.00001157408,4.8e-08,2.17e-08,5.46e-08,1.239419773299748e-07,1.1545988564167724e-07,1.0237996514049303e-09,1.1545988564167724e-07,1.0237996514049303e-09,7.996549999999999e-07,7.996549999999999e-07,1.1545988564167724e-07,False,False,False,0,False,,,-3.1052963334542274,3.0,False,False,,,weekly,10.0,sigma,computed,/home/lkoo/projects/AutomationDetection/DownloadedLC/incremental/quiescent_background_cache.csv,,,,,,False,not_in_flare_streak
4FGL J1800.6+7828,381,382,57805.00001157408,2.51e-08,1.69e-08,4.8e-08,1.239419773299748e-07,1.1545988564167724e-07,1.0237996514049303e-09,1.1545988564167724e-07,1.0237996514049303e-09,7.996549999999999e-07,7.996549999999999e-07,1.1545988564167724e-07,False,False,False,0,False,,,-5.336954666718383,3.0,False,False,,,weekly,10.0,sigma,computed,/home/lkoo/projects/AutomationDetection/DownloadedLC/incremental/quiescent_background_cache.csv,,,,,,False,not_in_flare_streak
4FGL J1800.6+7828,382,383,57812.00001157408,1.59e-08,1.25e-08,2.51e-08,1.239419773299748e-07,1.1545988564167724e-07,1.0237996514049303e-09,1.1545988564167724e-07,1.0237996514049303e-09,7.996549999999999e-07,7.996549999999999e-07,1.1545988564167724e-07,False,False,False,0,False,,,-7.938209565947873,3.0,False,False,,,weekly,10.0,sigma,computed,/home/lkoo/projects/AutomationDetection/DownloadedLC/incremental/quiescent_background_cache.csv,,,,,,False,not_in_flare_streak
4FGL J1800.6+7828,383,384,57819.00001157408,5.86e-08,2.32e-08,1.59e-08,1.239419773299748e-07,1.1545988564167724e-07,1.0237996514049303e-09,1.1545988564167724e-07,1.0237996514049303e-09,7.996549999999999e-07,7.996549999999999e-07,1.1545988564167724e-07,True,False,False,0,False,,,-2.448474226409041,3.0,False,False,,,weekly,10.0,sigma,computed,/home/lkoo/projects/AutomationDetection/DownloadedLC/incremental/quiescent_background_cache.csv,,,,,,False,not_in_flare_streak
4FGL J1800.6+7828,384,385,57826.00001157408,5.84e-08,2.06e-08,5.86e-08,1.239419773299748e-07,1.1545988564167724e-07,1.0237996514049303e-09,1.1545988564167724e-07,1.0237996514049303e-09,7.996549999999999e-07,7.996549999999999e-07,1.1545988564167724e-07,False,False,False,0,False,,,-2.7664828733599234,3.0,False,False,,,weekly,10.0,sigma,computed,/home/lkoo/projects/AutomationDetection/DownloadedLC/incremental/quiescent_background_cache.csv,,,,,,False,not_in_flare_streak
4FGL J1800.6+7828,385,386,57833.00001157408,6.08e-08,2.68e-08,5.84e-08,1.239419773299748e-07,1.1545988564167724e-07,1.0237996514049303e-09,1.1545988564167724e-07,1.0237996514049303e-09,7.996549999999999e-07,7.996549999999999e-07,1.1545988564167724e-07,True,False,False,0,False,,,-2.038061388329502,3.0,False,False,,,weekly,10.0,sigma,computed,/home/lkoo/projects/AutomationDetection/DownloadedLC/incremental/quiescent_background_cache.csv,,,,,,False,not_in_flare_streak
4FGL J1800.6+7828,386,387,57840.00001157408,1.27e-07,3.28e-08,6.08e-08,1.239419773299748e-07,1.1545988564167724e-07,1.0237996514049303e-09,1.1545988564167724e-07,1.0237996514049303e-09,7.996549999999999e-07,7.996549999999999e-07,1.1545988564167724e-07,True,True,False,0,False,,,0.351661488753901,3.0,False,False,,,weekly,10.0,sigma,computed,/home/lkoo/projects/AutomationDetection/DownloadedLC/incremental/quiescent_background_cache.csv,,,,,,False,not_in_flare_streak
4FGL J1800.6+7828,387,388,57847.00001157408,1.94e-07,5.28e-08,1.27e-07,1.239419773299748e-07,1.1545988564167724e-07,1.0237996514049303e-09,1.1545988564167724e-07,1.0237996514049303e-09,7.996549999999999e-07,7.996549999999999e-07,1.1545988564167724e-07,True,True,False,0,False,,,1.4872226108684743,3.0,False,False,,,weekly,10.0,sigma,computed,/home/lkoo/projects/AutomationDetection/DownloadedLC/incremental/quiescent_background_cache.csv,,,,,,False,not_in_flare_streak
4FGL J1800.6+7828,388,389,57854.00001157408,1.03e-07,3.12e-08,1.94e-07,1.239419773299748e-07,1.1545988564167724e-07,1.0237996514049303e-09,1.1545988564167724e-07,1.0237996514049303e-09,7.996549999999999e-07,7.996549999999999e-07,1.1545988564167724e-07,False,False,False,0,False,,,-0.39914047667690017,3.0,False,False,,,weekly,10.0,sigma,computed,/home/lkoo/projects/AutomationDetection/DownloadedLC/incremental/quiescent_background_cache.csv,,,,,,False,not_in_flare_streak
4FGL J1800.6+7828,389,390,57861.00001157408,6.39e-08,2.23e-08,1.03e-07,1.239419773299748e-07,1.1545988564167724e-07,1.0237996514049303e-09,1.1545988564167724e-07,1.0237996514049303e-09,7.996549999999999e-07,7.996549999999999e-07,1.1545988564167724e-07,False,False,False,0,False,,,-2.309669666962365,3.0,False,False,,,weekly,10.0,sigma,computed,/home/lkoo/projects/AutomationDetection/DownloadedLC/incremental/quiescent_background_cache.csv,,,,,,False,not_in_flare_streak
4FGL J1800.6+7828,390,391,57868.00001157408,4.33e-08,1.92e-08,6.39e-08,1.239419773299748e-07,1.1545988564167724e-07,1.0237996514049303e-09,1.1545988564167724e-07,1.0237996514049303e-09,7.996549999999999e-07,7.996549999999999e-07,1.1545988564167724e-07,False,False,False,0,False,,,-3.7529956590421887,3.0,False,False,,,weekly,10.0,sigma,computed,/home/lkoo/projects/AutomationDetection/DownloadedLC/incremental/quiescent_background_cache.csv,,,,,,False,not_in_flare_streak
4FGL J1800.6+7828,391,392,57875.00001157408,9.69e-08,3.33e-08,4.33e-08,1.239419773299748e-07,1.1545988564167724e-07,1.0237996514049303e-09,1.1545988564167724e-07,1.0237996514049303e-09,7.996549999999999e-07,7.996549999999999e-07,1.1545988564167724e-07,True,False,False,0,False,,,-0.5570906935250206,3.0,False,False,,,weekly,10.0,sigma,computed,/home/lkoo/projects/AutomationDetection/DownloadedLC/incremental/quiescent_background_cache.csv,,,,,,False,not_in_flare_streak
4FGL J1800.6+7828,392,393,57882.00001157408,4.75e-08,2.41e-08,9.69e-08,1.239419773299748e-07,1.1545988564167724e-07,1.0237996514049303e-09,1.1545988564167724e-07,1.0237996514049303e-09,7.996549999999999e-07,7.996549999999999e-07,1.1545988564167724e-07,False,False,False,0,False,,,-2.817371211850583,3.0,False,False,,,weekly,10.0,sigma,computed,/home/lkoo/projects/AutomationDetection/DownloadedLC/incremental/quiescent_background_cache.csv,,,,,,False,not_in_flare_streak
4FGL J1800.6+7828,393,394,57896.00001157408,4.3e-08,2.41e-08,4.75e-08,1.239419773299748e-07,1.1545988564167724e-07,1.0237996514049303e-09,1.1545988564167724e-07,1.0237996514049303e-09,7.996549999999999e-07,7.996549999999999e-07,1.1545988564167724e-07,False,False,False,0,False,,,-3.0039249462134405,3.0,False,False,,,weekly,10.0,sigma,computed,/home/lkoo/projects/AutomationDetection/DownloadedLC/incremental/quiescent_background_cache.csv,,,,,,False,not_in_flare_streak
4FGL J1800.6+7828,394,395,57903.00001157408,3.94e-08,1.91e-08,4.3e-08,1.239419773299748e-07,1.1545988564167724e-07,1.0237996514049303e-09,1.1545988564167724e-07,1.0237996514049303e-09,7.996549999999999e-07,7.996549999999999e-07,1.1545988564167724e-07,False,False,False,0,False,,,-3.9764844800619343,3.0,False,False,,,weekly,10.0,sigma,computed,/home/lkoo/projects/AutomationDetection/DownloadedLC/incremental/quiescent_background_cache.csv,,,,,,False,not_in_flare_streak
4FGL J1800.6+7828,395,396,57910.00001157408,7.91e-08,2.75e-08,3.94e-08,1.239419773299748e-07,1.1545988564167724e-07,1.0237996514049303e-09,1.1545988564167724e-07,1.0237996514049303e-09,7.996549999999999e-07,7.996549999999999e-07,1.1545988564167724e-07,True,False,False,0,False,,,-1.321262339127772,3.0,False,False,,,weekly,10.0,sigma,computed,/home/lkoo/projects/AutomationDetection/DownloadedLC/incremental/quiescent_background_cache.csv,,,,,,False,not_in_flare_streak
4FGL J1800.6+7828,396,397,57924.00001157408,8.31e-08,3.32e-08,7.91e-08,1.239419773299748e-07,1.1545988564167724e-07,1.0237996514049303e-09,1.1545988564167724e-07,1.0237996514049303e-09,7.996549999999999e-07,7.996549999999999e-07,1.1545988564167724e-07,True,False,False,0,False,,,-0.9742322418039056,3.0,False,False,,,weekly,10.0,sigma,computed,/home/lkoo/projects/AutomationDetection/DownloadedLC/incremental/quiescent_background_cache.csv,,,,,,False,not_in_flare_streak
4FGL J1800.6+7828,397,398,57931.00001157408,1.08e-07,6.49e-08,8.31e-08,1.239419773299748e-07,1.1545988564167724e-07,1.0237996514049303e-09,1.1545988564167724e-07,1.0237996514049303e-09,7.996549999999999e-07,7.996549999999999e-07,1.1545988564167724e-07,True,False,False,0,False,,,-0.114930009435696,3.0,False,False,,,weekly,10.0,sigma,computed,/home/lkoo/projects/AutomationDetection/DownloadedLC/incremental/quiescent_background_cache.csv,,,,,,False,not_in_flare_streak
4FGL J1800.6+7828,398,399,57938.00001157408,3.67e-08,2.24e-08,1.08e-07,1.239419773299748e-07,1.1545988564167724e-07,1.0237996514049303e-09,1.1545988564167724e-07,1.0237996514049303e-09,7.996549999999999e-07,7.996549999999999e-07,1.1545988564167724e-07,False,False,False,0,False,,,-3.512399574073964,3.0,False,False,,,weekly,10.0,sigma,computed,/home/lkoo/projects/AutomationDetection/DownloadedLC/incremental/quiescent_background_cache.csv,,,,,,False,not_in_flare_streak
4FGL J1800.6+7828,399,400,57945.00001157408,3.88e-08,2.14e-08,3.67e-08,1.239419773299748e-07,1.1545988564167724e-07,1.0237996514049303e-09,1.1545988564167724e-07,1.0237996514049303e-09,7.996549999999999e-07,7.996549999999999e-07,1.1545988564167724e-07,True,False,False,0,False,,,-3.578145209017118,3.0,False,False,,,weekly,10.0,sigma,computed,/home/lkoo/projects/AutomationDetection/DownloadedLC/incremental/quiescent_background_cache.csv,,,,,,False,not_in_flare_streak
4FGL J1800.6+7828,400,401,57952.00001157408,9.9e-08,2.94e-08,3.88e-08,1.239419773299748e-07,1.1545988564167724e-07,1.0237996514049303e-09,1.1545988564167724e-07,1.0237996514049303e-09,7.996549999999999e-07,7.996549999999999e-07,1.1545988564167724e-07,True,False,False,0,False,,,-0.559520907249672,3.0,False,False,,,weekly,10.0,sigma,computed,/home/lkoo/projects/AutomationDetection/DownloadedLC/incremental/quiescent_background_cache.csv,,,,,,False,not_in_flare_streak
4FGL J1800.6+7828,401,402,57966.00001157408,2.93e-08,1.87e-08,9.9e-08,1.239419773299748e-07,1.1545988564167724e-07,1.0237996514049303e-09,1.1545988564167724e-07,1.0237996514049303e-09,7.996549999999999e-07,7.996549999999999e-07,1.1545988564167724e-07,False,False,False,0,False,,,-4.600590736911491,3.0,False,False,,,weekly,10.0,sigma,computed,/home/lkoo/projects/AutomationDetection/DownloadedLC/incremental/quiescent_background_cache.csv,,,,,,False,not_in_flare_streak
4FGL J1800.6+7828,402,403,57973.00001157408,6.53e-08,2.78e-08,2.93e-08,1.239419773299748e-07,1.1545988564167724e-07,1.0237996514049303e-09,1.1545988564167724e-07,1.0237996514049303e-09,7.996549999999999e-07,7.996549999999999e-07,1.1545988564167724e-07,True,False,False,0,False,,,-1.803090125239556,3.0,False,False,,,weekly,10.0,sigma,computed,/home/lkoo/projects/AutomationDetection/DownloadedLC/incremental/quiescent_background_cache.csv,,,,,,False,not_in_flare_streak
4FGL J1800.6+7828,403,404,57980.00001157408,1.32e-07,3.35e-08,6.53e-08,1.239419773299748e-07,1.1545988564167724e-07,1.0237996514049303e-09,1.1545988564167724e-07,1.0237996514049303e-09,7.996549999999999e-07,7.996549999999999e-07,1.1545988564167724e-07,True,True,False,0,False,,,0.49350434768991164,3.0,False,False,,,weekly,10.0,sigma,computed,/home/lkoo/projects/AutomationDetection/DownloadedLC/incremental/quiescent_background_cache.csv,,,,,,False,not_in_flare_streak
4FGL J1800.6+7828,404,405,57987.00001157408,5.55e-08,2.52e-08,1.32e-07,1.239419773299748e-07,1.1545988564167724e-07,1.0237996514049303e-09,1.1545988564167724e-07,1.0237996514049303e-09,7.996549999999999e-07,7.996549999999999e-07,1.1545988564167724e-07,False,False,False,0,False,,,-2.3773993411763072,3.0,False,False,,,weekly,10.0,sigma,computed,/home/lkoo/projects/AutomationDetection/DownloadedLC/incremental/quiescent_background_cache.csv,,,,,,False,not_in_flare_streak
4FGL J1800.6+7828,405,406,57994.00001157408,7.19e-08,2.33e-08,5.55e-08,1.239419773299748e-07,1.1545988564167724e-07,1.0237996514049303e-09,1.1545988564167724e-07,1.0237996514049303e-09,7.996549999999999e-07,7.996549999999999e-07,1.1545988564167724e-07,True,False,False,0,False,,,-1.8677208402724546,3.0,False,False,,,weekly,10.0,sigma,computed,/home/lkoo/projects/AutomationDetection/DownloadedLC/incremental/quiescent_background_cache.csv,,,,,,False,not_in_flare_streak
4FGL J1800.6+7828,406,407,58001.00001157408,9.09e-08,2.3e-08,7.19e-08,1.239419773299748e-07,1.1545988564167724e-07,1.0237996514049303e-09,1.1545988564167724e-07,1.0237996514049303e-09,7.996549999999999e-07,7.996549999999999e-07,1.1545988564167724e-07,True,False,False,0,False,,,-1.0667647888053085,3.0,False,False,,,weekly,10.0,sigma,computed,/home/lkoo/projects/AutomationDetection/DownloadedLC/incremental/quiescent_background_cache.csv,,,,,,False,not_in_flare_streak
4FGL J1800.6+7828,407,408,58008.00001157408,1.68e-07,4.38e-08,9.09e-08,1.239419773299748e-07,1.1545988564167724e-07,1.0237996514049303e-09,1.1545988564167724e-07,1.0237996514049303e-09,7.996549999999999e-07,7.996549999999999e-07,1.1545988564167724e-07,True,True,False,0,False,,,1.1992184300206323,3.0,False,False,,,weekly,10.0,sigma,computed,/home/lkoo/projects/AutomationDetection/DownloadedLC/incremental/quiescent_background_cache.csv,,,,,,False,not_in_flare_streak
4FGL J1800.6+7828,408,409,58015.00001157408,1.21e-07,2.9e-08,1.68e-07,1.239419773299748e-07,1.1545988564167724e-07,1.0237996514049303e-09,1.1545988564167724e-07,1.0237996514049303e-09,7.996549999999999e-07,7.996549999999999e-07,1.1545988564167724e-07,False,True,False,0,False,,,0.1909194886040536,3.0,False,False,,,weekly,10.0,sigma,computed,/home/lkoo/projects/AutomationDetection/DownloadedLC/incremental/quiescent_background_cache.csv,,,,,,False,not_in_flare_streak
4FGL J1800.6+7828,409,410,58022.00001157408,8.33e-08,3.27e-08,1.21e-07,1.239419773299748e-07,1.1545988564167724e-07,1.0237996514049303e-09,1.1545988564167724e-07,1.0237996514049303e-09,7.996549999999999e-07,7.996549999999999e-07,1.1545988564167724e-07,False,False,False,0,False,,,-0.9830010686115679,3.0,False,False,,,weekly,10.0,sigma,computed,/home/lkoo/projects/AutomationDetection/DownloadedLC/incremental/quiescent_background_cache.csv,,,,,,False,not_in_flare_streak
4FGL J1800.6+7828,410,411,58029.00001157408,7.82e-08,3.89e-08,8.33e-08,1.239419773299748e-07,1.1545988564167724e-07,1.0237996514049303e-09,1.1545988564167724e-07,1.0237996514049303e-09,7.996549999999999e-07,7.996549999999999e-07,1.1545988564167724e-07,False,False,False,0,False,,,-0.9575061133513073,3.0,False,False,,,weekly,10.0,sigma,computed,/home/lkoo/projects/AutomationDetection/DownloadedLC/incremental/quiescent_background_cache.csv,,,,,,False,not_in_flare_streak
4FGL J1800.6+7828,411,412,58036.00001157408,6.06e-08,2.48e-08,7.82e-08,1.239419773299748e-07,1.1545988564167724e-07,1.0237996514049303e-09,1.1545988564167724e-07,1.0237996514049303e-09,7.996549999999999e-07,7.996549999999999e-07,1.1545988564167724e-07,False,False,False,0,False,,,-2.210209618923941,3.0,False,False,,,weekly,10.0,sigma,computed,/home/lkoo/projects/AutomationDetection/DownloadedLC/incremental/quiescent_background_cache.csv,,,,,,False,not_in_flare_streak
4FGL J1800.6+7828,412,413,58043.00001157408,8.3e-08,2.53e-08,6.06e-08,1.239419773299748e-07,1.1545988564167724e-07,1.0237996514049303e-09,1.1545988564167724e-07,1.0237996514049303e-09,7.996549999999999e-07,7.996549999999999e-07,1.1545988564167724e-07,True,False,False,0,False,,,-1.281950246678563,3.0,False,False,,,weekly,10.0,sigma,computed,/home/lkoo/projects/AutomationDetection/DownloadedLC/incremental/quiescent_background_cache.csv,,,,,,False,not_in_flare_streak
4FGL J1800.6+7828,413,414,58050.00001157408,1.25e-07,3.32e-08,8.3e-08,1.239419773299748e-07,1.1545988564167724e-07,1.0237996514049303e-09,1.1545988564167724e-07,1.0237996514049303e-09,7.996549999999999e-07,7.996549999999999e-07,1.1545988564167724e-07,True,True,False,0,False,,,0.28721631161773997,3.0,False,False,,,weekly,10.0,sigma,computed,/home/lkoo/projects/AutomationDetection/DownloadedLC/incremental/quiescent_background_cache.csv,,,,,,False,not_in_flare_streak
4FGL J1800.6+7828,414,415,58057.00001157408,8.44e-08,2.11e-08,1.25e-07,1.239419773299748e-07,1.1545988564167724e-07,1.0237996514049303e-09,1.1545988564167724e-07,1.0237996514049303e-09,7.996549999999999e-07,7.996549999999999e-07,1.1545988564167724e-07,False,False,False,0,False,,,-1.470302732590394,3.0,False,False,,,weekly,10.0,sigma,computed,/home/lkoo/projects/AutomationDetection/DownloadedLC/incremental/quiescent_background_cache.csv,,,,,,False,not_in_flare_streak
4FGL J1800.6+7828,415,416,58064.00001157408,1.96e-07,3.57e-08,8.44e-08,1.239419773299748e-07,1.1545988564167724e-07,1.0237996514049303e-09,1.1545988564167724e-07,1.0237996514049303e-09,7.996549999999999e-07,7.996549999999999e-07,1.1545988564167724e-07,True,True,False,0,False,,,2.255098484113675,3.0,False,False,,,weekly,10.0,sigma,computed,/home/lkoo/projects/AutomationDetection/DownloadedLC/incremental/quiescent_background_cache.csv,,,,,,False,not_in_flare_streak
4FGL J1800.6+7828,416,417,58071.00001157408,9.35e-08,2.69e-08,1.96e-07,1.239419773299748e-07,1.1545988564167724e-07,1.0237996514049303e-09,1.1545988564167724e-07,1.0237996514049303e-09,7.996549999999999e-07,7.996549999999999e-07,1.1545988564167724e-07,False,False,False,0,False,,,-0.8157620148662351,3.0,False,False,,,weekly,10.0,sigma,computed,/home/lkoo/projects/AutomationDetection/DownloadedLC/incremental/quiescent_background_cache.csv,,,,,,False,not_in_flare_streak
4FGL J1800.6+7828,417,418,58078.00001157408,1.46e-07,3.36e-08,9.35e-08,1.239419773299748e-07,1.1545988564167724e-07,1.0237996514049303e-09,1.1545988564167724e-07,1.0237996514049303e-09,7.996549999999999e-07,7.996549999999999e-07,1.1545988564167724e-07,True,True,False,0,False,,,0.908510326504301,3.0,False,False,,,weekly,10.0,sigma,computed,/home/lkoo/projects/AutomationDetection/DownloadedLC/incremental/quiescent_background_cache.csv,,,,,,False,not_in_flare_streak
4FGL J1800.6+7828,418,419,58085.00001157408,7.45e-08,2.44e-08,1.46e-07,1.239419773299748e-07,1.1545988564167724e-07,1.0237996514049303e-09,1.1545988564167724e-07,1.0237996514049303e-09,7.996549999999999e-07,7.996549999999999e-07,1.1545988564167724e-07,False,False,False,0,False,,,-1.6772080761002053,3.0,False,False,,,weekly,10.0,sigma,computed,/home/lkoo/projects/AutomationDetection/DownloadedLC/incremental/quiescent_background_cache.csv,,,,,,False,not_in_flare_streak
4FGL J1800.6+7828,419,420,58092.00001157408,5.7e-08,2.2e-08,7.45e-08,1.239419773299748e-07,1.1545988564167724e-07,1.0237996514049303e-09,1.1545988564167724e-07,1.0237996514049303e-09,7.996549999999999e-07,7.996549999999999e-07,1.1545988564167724e-07,False,False,False,0,False,,,-2.6543948628261598,3.0,False,False,,,weekly,10.0,sigma,computed,/home/lkoo/projects/AutomationDetection/DownloadedLC/incremental/quiescent_background_cache.csv,,,,,,False,not_in_flare_streak
4FGL J1800.6+7828,420,421,58099.00001157408,6.94e-08,3.01e-08,5.7e-08,1.239419773299748e-07,1.1545988564167724e-07,1.0237996514049303e-09,1.1545988564167724e-07,1.0237996514049303e-09,7.996549999999999e-07,7.996549999999999e-07,1.1545988564167724e-07,True,False,False,0,False,,,-1.5293443630019667,3.0,False,False,,,weekly,10.0,sigma,computed,/home/lkoo/projects/AutomationDetection/DownloadedLC/incremental/quiescent_background_cache.csv,,,,,,False,not_in_flare_streak
4FGL J1800.6+7828,421,422,58106.00001157408,8.62e-08,2.85e-08,6.94e-08,1.239419773299748e-07,1.1545988564167724e-07,1.0237996514049303e-09,1.1545988564167724e-07,1.0237996514049303e-09,7.996549999999999e-07,7.996549999999999e-07,1.1545988564167724e-07,True,False,False,0,False,,,-1.026000867559446,3.0,False,False,,,weekly,10.0,sigma,computed,/home/lkoo/projects/AutomationDetection/DownloadedLC/incremental/quiescent_background_cache.csv,,,,,,False,not_in_flare_streak
4FGL J1800.6+7828,422,423,58120.00001157408,4.03e-08,2.45e-08,8.62e-08,1.239419773299748e-07,1.1545988564167724e-07,1.0237996514049303e-09,1.1545988564167724e-07,1.0237996514049303e-09,7.996549999999999e-07,7.996549999999999e-07,1.1545988564167724e-07,False,False,False,0,False,,,-3.065075460801523,3.0,False,False,,,weekly,10.0,sigma,computed,/home/lkoo/projects/AutomationDetection/DownloadedLC/incremental/quiescent_background_cache.csv,,,,,,False,not_in_flare_streak
4FGL J1800.6+7828,423,424,58127.00001157408,4.88e-08,2.01e-08,4.03e-08,1.239419773299748e-07,1.1545988564167724e-07,1.0237996514049303e-09,1.1545988564167724e-07,1.0237996514049303e-09,7.996549999999999e-07,7.996549999999999e-07,1.1545988564167724e-07,True,False,False,0,False,,,-3.3121185149958334,3.0,False,False,,,weekly,10.0,sigma,computed,/home/lkoo/projects/AutomationDetection/DownloadedLC/incremental/quiescent_background_cache.csv,,,,,,False,not_in_flare_streak
4FGL J1800.6+7828,424,425,58134.00001157408,4.08e-08,2.05e-08,4.88e-08,1.239419773299748e-07,1.1545988564167724e-07,1.0237996514049303e-09,1.1545988564167724e-07,1.0237996514049303e-09,7.996549999999999e-07,7.996549999999999e-07,1.1545988564167724e-07,False,False,False,0,False,,,-3.6374123434886414,3.0,False,False,,,weekly,10.0,sigma,computed,/home/lkoo/projects/AutomationDetection/DownloadedLC/incremental/quiescent_background_cache.csv,,,,,,False,not_in_flare_streak
4FGL J1800.6+7828,425,426,58141.00001157408,4.82e-08,2.38e-08,4.08e-08,1.239419773299748e-07,1.1545988564167724e-07,1.0237996514049303e-09,1.1545988564167724e-07,1.0237996514049303e-09,7.996549999999999e-07,7.996549999999999e-07,1.1545988564167724e-07,True,False,False,0,False,,,-2.8234345182634213,3.0,False,False,,,weekly,10.0,sigma,computed,/home/lkoo/projects/AutomationDetection/DownloadedLC/incremental/quiescent_background_cache.csv,,,,,,False,not_in_flare_streak
4FGL J1800.6+7828,426,427,58148.00001157408,5.35e-08,2.23e-08,4.82e-08,1.239419773299748e-07,1.1545988564167724e-07,1.0237996514049303e-09,1.1545988564167724e-07,1.0237996514049303e-09,7.996549999999999e-07,7.996549999999999e-07,1.1545988564167724e-07,True,False,False,0,False,,,-2.775546661014347,3.0,False,False,,,weekly,10.0,sigma,computed,/home/lkoo/projects/AutomationDetection/DownloadedLC/incremental/quiescent_background_cache.csv,,,,,,False,not_in_flare_streak
4FGL J1800.6+7828,427,428,58155.00001157408,9.38e-08,3.35e-08,5.35e-08,1.239419773299748e-07,1.1545988564167724e-07,1.0237996514049303e-09,1.1545988564167724e-07,1.0237996514049303e-09,7.996549999999999e-07,7.996549999999999e-07,1.1545988564167724e-07,True,False,False,0,False,,,-0.6462620211120446,3.0,False,False,,,weekly,10.0,sigma,computed,/home/lkoo/projects/AutomationDetection/DownloadedLC/incremental/quiescent_background_cache.csv,,,,,,False,not_in_flare_streak
4FGL J1800.6+7828,428,429,58162.00001157408,2.1e-08,1.14e-08,9.38e-08,1.239419773299748e-07,1.1545988564167724e-07,1.0237996514049303e-09,1.1545988564167724e-07,1.0237996514049303e-09,7.996549999999999e-07,7.996549999999999e-07,1.1545988564167724e-07,False,False,False,0,False,,,-8.252741319381684,3.0,False,False,,,weekly,10.0,sigma,computed,/home/lkoo/projects/AutomationDetection/DownloadedLC/incremental/quiescent_background_cache.csv,,,,,,False,not_in_flare_streak
4FGL J1800.6+7828,429,430,58176.00001157408,8.04e-08,2.76e-08,2.1e-08,1.239419773299748e-07,1.1545988564167724e-07,1.0237996514049303e-09,1.1545988564167724e-07,1.0237996514049303e-09,7.996549999999999e-07,7.996549999999999e-07,1.1545988564167724e-07,True,False,False,0,False,,,-1.2694126693167291,3.0,False,False,,,weekly,10.0,sigma,computed,/home/lkoo/projects/AutomationDetection/DownloadedLC/incremental/quiescent_background_cache.csv,,,,,,False,not_in_flare_streak
4FGL J1800.6+7828,430,431,58183.00001157408,1.18e-08,6e-09,8.04e-08,1.239419773299748e-07,1.1545988564167724e-07,1.0237996514049303e-09,1.1545988564167724e-07,1.0237996514049303e-09,7.996549999999999e-07,7.996549999999999e-07,1.1545988564167724e-07,False,False,False,0,False,,,-17.030498878240675,3.0,False,False,,,weekly,10.0,sigma,computed,/home/lkoo/projects/AutomationDetection/DownloadedLC/incremental/quiescent_background_cache.csv,,,,,,False,not_in_flare_streak
4FGL J1800.6+7828,431,432,58232.00001157408,1.39e-07,9.84e-08,1.18e-08,1.239419773299748e-07,1.1545988564167724e-07,1.0237996514049303e-09,1.1545988564167724e-07,1.0237996514049303e-09,7.996549999999999e-07,7.996549999999999e-07,1.1545988564167724e-07,True,True,False,0,False,,,0.23921585689326813,3.0,False,False,,,weekly,10.0,sigma,computed,/home/lkoo/projects/AutomationDetection/DownloadedLC/incremental/quiescent_background_cache.csv,,,,,,False,not_in_flare_streak
4FGL J1800.6+7828,432,433,58239.00001157408,1.39e-07,2.24e-08,1.39e-07,1.239419773299748e-07,1.1545988564167724e-07,1.0237996514049303e-09,1.1545988564167724e-07,1.0237996514049303e-09,7.996549999999999e-07,7.996549999999999e-07,1.1545988564167724e-07,False,True,False,0,False,,,1.0498020276717155,3.0,False,False,,,weekly,10.0,sigma,computed,/home/lkoo/projects/AutomationDetection/DownloadedLC/incremental/quiescent_background_cache.csv,,,,,,False,not_in_flare_streak
4FGL J1800.6+7828,433,434,58246.00001157408,1.48e-07,2.32e-08,1.39e-07,1.239419773299748e-07,1.1545988564167724e-07,1.0237996514049303e-09,1.1545988564167724e-07,1.0237996514049303e-09,7.996549999999999e-07,7.996549999999999e-07,1.1545988564167724e-07,True,True,False,0,False,,,1.401227428293608,3.0,False,False,,,weekly,10.0,sigma,computed,/home/lkoo/projects/AutomationDetection/DownloadedLC/incremental/quiescent_background_cache.csv,,,,,,False,not_in_flare_streak
4FGL J1800.6+7828,434,435,58253.00001157408,5.59e-08,4.65e-08,1.48e-07,1.239419773299748e-07,1.1545988564167724e-07,1.0237996514049303e-09,1.1545988564167724e-07,1.0237996514049303e-09,7.996549999999999e-07,7.996549999999999e-07,1.1545988564167724e-07,False,False,False,0,False,,,-1.2805474162070627,3.0,False,False,,,weekly,10.0,sigma,computed,/home/lkoo/projects/AutomationDetection/DownloadedLC/incremental/quiescent_background_cache.csv,,,,,,False,not_in_flare_streak
4FGL J1800.6+7828,435,436,58260.00001157408,6.59e-08,2.04e-08,5.59e-08,1.239419773299748e-07,1.1545988564167724e-07,1.0237996514049303e-09,1.1545988564167724e-07,1.0237996514049303e-09,7.996549999999999e-07,7.996549999999999e-07,1.1545988564167724e-07,True,False,False,0,False,,,-2.426352501455923,3.0,False,False,,,weekly,10.0,sigma,computed,/home/lkoo/projects/AutomationDetection/DownloadedLC/incremental/quiescent_background_cache.csv,,,,,,False,not_in_flare_streak
4FGL J1800.6+7828,436,437,58267.00001157408,3.21e-08,1.3e-08,6.59e-08,1.239419773299748e-07,1.1545988564167724e-07,1.0237996514049303e-09,1.1545988564167724e-07,1.0237996514049303e-09,7.996549999999999e-07,7.996549999999999e-07,1.1545988564167724e-07,False,False,False,0,False,,,-6.392505852970154,3.0,False,False,,,weekly,10.0,sigma,computed,/home/lkoo/projects/AutomationDetection/DownloadedLC/incremental/quiescent_background_cache.csv,,,,,,False,not_in_flare_streak
4FGL J1800.6+7828,437,438,58274.00001157408,3.42e-08,1.72e-08,3.21e-08,1.239419773299748e-07,1.1545988564167724e-07,1.0237996514049303e-09,1.1545988564167724e-07,1.0237996514049303e-09,7.996549999999999e-07,7.996549999999999e-07,1.1545988564167724e-07,True,False,False,0,False,,,-4.716064797399279,3.0,False,False,,,weekly,10.0,sigma,computed,/home/lkoo/projects/AutomationDetection/DownloadedLC/incremental/quiescent_background_cache.csv,,,,,,False,not_in_flare_streak
4FGL J1800.6+7828,438,439,58288.00001157408,3.78e-08,1.72e-08,3.42e-08,1.239419773299748e-07,1.1545988564167724e-07,1.0237996514049303e-09,1.1545988564167724e-07,1.0237996514049303e-09,7.996549999999999e-07,7.996549999999999e-07,1.1545988564167724e-07,True,False,False,0,False,,,-4.50713227015573,3.0,False,False,,,weekly,10.0,sigma,computed,/home/lkoo/projects/AutomationDetection/DownloadedLC/incremental/quiescent_background_cache.csv,,,,,,False,not_in_flare_streak
4FGL J1800.6+7828,439,440,58302.00001157408,2.68e-08,1.77e-08,3.78e-08,1.239419773299748e-07,1.1545988564167724e-07,1.0237996514049303e-09,1.1545988564167724e-07,1.0237996514049303e-09,7.996549999999999e-07,7.996549999999999e-07,1.1545988564167724e-07,False,False,False,0,False,,,-5.000674762390196,3.0,False,False,,,weekly,10.0,sigma,computed,/home/lkoo/projects/AutomationDetection/DownloadedLC/incremental/quiescent_background_cache.csv,,,,,,False,not_in_flare_streak
4FGL J1800.6+7828,440,441,58309.00001157408,2.03e-08,1.06e-08,2.68e-08,1.239419773299748e-07,1.1545988564167724e-07,1.0237996514049303e-09,1.1545988564167724e-07,1.0237996514049303e-09,7.996549999999999e-07,7.996549999999999e-07,1.1545988564167724e-07,False,False,False,0,False,,,-8.935765196145729,3.0,False,False,,,weekly,10.0,sigma,computed,/home/lkoo/projects/AutomationDetection/DownloadedLC/incremental/quiescent_background_cache.csv,,,,,,False,not_in_flare_streak
4FGL J1800.6+7828,441,442,58316.00001157408,4.15e-08,1.64e-08,2.03e-08,1.239419773299748e-07,1.1545988564167724e-07,1.0237996514049303e-09,1.1545988564167724e-07,1.0237996514049303e-09,7.996549999999999e-07,7.996549999999999e-07,1.1545988564167724e-07,True,False,False,0,False,,,-4.500987239695047,3.0,False,False,,,weekly,10.0,sigma,computed,/home/lkoo/projects/AutomationDetection/DownloadedLC/incremental/quiescent_background_cache.csv,,,,,,False,not_in_flare_streak
4FGL J1800.6+7828,442,443,58323.00001157408,3.19e-08,3.12e-08,4.15e-08,1.239419773299748e-07,1.1545988564167724e-07,1.0237996514049303e-09,1.1545988564167724e-07,1.0237996514049303e-09,7.996549999999999e-07,7.996549999999999e-07,1.1545988564167724e-07,False,False,False,0,False,,,-2.6767607300123446,3.0,False,False,,,weekly,10.0,sigma,computed,/home/lkoo/projects/AutomationDetection/DownloadedLC/incremental/quiescent_background_cache.csv,,,,,,False,not_in_flare_streak
4FGL J1800.6+7828,443,444,58330.00001157408,7.66e-08,2.52e-08,3.19e-08,1.239419773299748e-07,1.1545988564167724e-07,1.0237996514049303e-09,1.1545988564167724e-07,1.0237996514049303e-09,7.996549999999999e-07,7.996549999999999e-07,1.1545988564167724e-07,True,False,False,0,False,,,-1.5407879040131844,3.0,False,False,,,weekly,10.0,sigma,computed,/home/lkoo/projects/AutomationDetection/DownloadedLC/incremental/quiescent_background_cache.csv,,,,,,False,not_in_flare_streak
4FGL J1800.6+7828,444,445,58337.00001157408,4.92e-08,1.83e-08,7.66e-08,1.239419773299748e-07,1.1545988564167724e-07,1.0237996514049303e-09,1.1545988564167724e-07,1.0237996514049303e-09,7.996549999999999e-07,7.996549999999999e-07,1.1545988564167724e-07,False,False,False,0,False,,,-3.6151057733070653,3.0,False,False,,,weekly,10.0,sigma,computed,/home/lkoo/projects/AutomationDetection/DownloadedLC/incremental/quiescent_background_cache.csv,,,,,,False,not_in_flare_streak
4FGL J1800.6+7828,445,446,58344.00001157408,6.39e-08,4.08e-08,4.92e-08,1.239419773299748e-07,1.1545988564167724e-07,1.0237996514049303e-09,1.1545988564167724e-07,1.0237996514049303e-09,7.996549999999999e-07,7.996549999999999e-07,1.1545988564167724e-07,True,False,False,0,False,,,-1.2633250140453811,3.0,False,False,,,weekly,10.0,sigma,computed,/home/lkoo/projects/AutomationDetection/DownloadedLC/incremental/quiescent_background_cache.csv,,,,,,False,not_in_flare_streak
4FGL J1800.6+7828,446,447,58351.00001157408,1.06e-07,3.34e-08,6.39e-08,1.239419773299748e-07,1.1545988564167724e-07,1.0237996514049303e-09,1.1545988564167724e-07,1.0237996514049303e-09,7.996549999999999e-07,7.996549999999999e-07,1.1545988564167724e-07,True,False,False,0,False,,,-0.28309714305386113,3.0,False,False,,,weekly,10.0,sigma,computed,/home/lkoo/projects/AutomationDetection/DownloadedLC/incremental/quiescent_background_cache.csv,,,,,,False,not_in_flare_streak
4FGL J1800.6+7828,447,448,58358.00001157408,3.9e-08,1.68e-08,1.06e-07,1.239419773299748e-07,1.1545988564167724e-07,1.0237996514049303e-09,1.1545988564167724e-07,1.0237996514049303e-09,7.996549999999999e-07,7.996549999999999e-07,1.1545988564167724e-07,False,False,False,0,False,,,-4.54275618062386,3.0,False,False,,,weekly,10.0,sigma,computed,/home/lkoo/projects/AutomationDetection/DownloadedLC/incremental/quiescent_background_cache.csv,,,,,,False,not_in_flare_streak
4FGL J1800.6+7828,448,449,58365.00001157408,5.51e-08,2.99e-08,3.9e-08,1.239419773299748e-07,1.1545988564167724e-07,1.0237996514049303e-09,1.1545988564167724e-07,1.0237996514049303e-09,7.996549999999999e-07,7.996549999999999e-07,1.1545988564167724e-07,True,False,False,0,False,,,-2.0175429030592915,3.0,False,False,,,weekly,10.0,sigma,computed,/home/lkoo/projects/AutomationDetection/DownloadedLC/incremental/quiescent_background_cache.csv,,,,,,False,not_in_flare_streak
4FGL J1800.6+7828,449,450,58372.00001157408,2.75e-08,1.56e-08,5.51e-08,1.239419773299748e-07,1.1545988564167724e-07,1.0237996514049303e-09,1.1545988564167724e-07,1.0237996514049303e-09,7.996549999999999e-07,7.996549999999999e-07,1.1545988564167724e-07,False,False,False,0,False,,,-5.626350715921688,3.0,False,False,,,weekly,10.0,sigma,computed,/home/lkoo/projects/AutomationDetection/DownloadedLC/incremental/quiescent_background_cache.csv,,,,,,False,not_in_flare_streak
4FGL J1800.6+7828,450,451,58379.00001157408,4.17e-08,1.92e-08,2.75e-08,1.239419773299748e-07,1.1545988564167724e-07,1.0237996514049303e-09,1.1545988564167724e-07,1.0237996514049303e-09,7.996549999999999e-07,7.996549999999999e-07,1.1545988564167724e-07,True,False,False,0,False,,,-3.836210772274011,3.0,False,False,,,weekly,10.0,sigma,computed,/home/lkoo/projects/AutomationDetection/DownloadedLC/incremental/quiescent_background_cache.csv,,,,,,False,not_in_flare_streak
4FGL J1800.6+7828,451,452,58386.00001157408,6.1e-08,1.64e-08,4.17e-08,1.239419773299748e-07,1.1545988564167724e-07,1.0237996514049303e-09,1.1545988564167724e-07,1.0237996514049303e-09,7.996549999999999e-07,7.996549999999999e-07,1.1545988564167724e-07,True,False,False,0,False,,,-3.3142729767866355,3.0,False,False,,,weekly,10.0,sigma,computed,/home/lkoo/projects/AutomationDetection/DownloadedLC/incremental/quiescent_background_cache.csv,,,,,,False,not_in_flare_streak
4FGL J1800.6+7828,452,453,58393.00001157408,9.01e-08,2.51e-08,6.1e-08,1.239419773299748e-07,1.1545988564167724e-07,1.0237996514049303e-09,1.1545988564167724e-07,1.0237996514049303e-09,7.996549999999999e-07,7.996549999999999e-07,1.1545988564167724e-07,True,False,False,0,False,,,-1.0095145794337146,3.0,False,False,,,weekly,10.0,sigma,computed,/home/lkoo/projects/AutomationDetection/DownloadedLC/incremental/quiescent_background_cache.csv,,,,,,False,not_in_flare_streak
4FGL J1800.6+7828,453,454,58414.00001157408,3.76e-08,1.69e-08,9.01e-08,1.239419773299748e-07,1.1545988564167724e-07,1.0237996514049303e-09,1.1545988564167724e-07,1.0237996514049303e-09,7.996549999999999e-07,7.996549999999999e-07,1.1545988564167724e-07,False,False,False,0,False,,,-4.59866319080255,3.0,False,False,,,weekly,10.0,sigma,computed,/home/lkoo/projects/AutomationDetection/DownloadedLC/incremental/quiescent_background_cache.csv,,,,,,False,not_in_flare_streak
4FGL J1800.6+7828,454,455,58421.00001157408,5.87e-08,2.07e-08,3.76e-08,1.239419773299748e-07,1.1545988564167724e-07,1.0237996514049303e-09,1.1545988564167724e-07,1.0237996514049303e-09,7.996549999999999e-07,7.996549999999999e-07,1.1545988564167724e-07,True,False,False,0,False,,,-2.7386758532906335,3.0,False,False,,,weekly,10.0,sigma,computed,/home/lkoo/projects/AutomationDetection/DownloadedLC/incremental/quiescent_background_cache.csv,,,,,,False,not_in_flare_streak
4FGL J1800.6+7828,455,456,58428.00001157408,3.41e-08,1.83e-08,5.87e-08,1.239419773299748e-07,1.1545988564167724e-07,1.0237996514049303e-09,1.1545988564167724e-07,1.0237996514049303e-09,7.996549999999999e-07,7.996549999999999e-07,1.1545988564167724e-07,False,False,False,0,False,,,-4.43895411907905,3.0,False,False,,,weekly,10.0,sigma,computed,/home/lkoo/projects/AutomationDetection/DownloadedLC/incremental/quiescent_background_cache.csv,,,,,,False,not_in_flare_streak
4FGL J1800.6+7828,456,457,58435.00001157408,4.94e-08,2.14e-08,3.41e-08,1.239419773299748e-07,1.1545988564167724e-07,1.0237996514049303e-09,1.1545988564167724e-07,1.0237996514049303e-09,7.996549999999999e-07,7.996549999999999e-07,1.1545988564167724e-07,True,False,False,0,False,,,-3.083383980271413,3.0,False,False,,,weekly,10.0,sigma,computed,/home/lkoo/projects/AutomationDetection/DownloadedLC/incremental/quiescent_background_cache.csv,,,,,,False,not_in_flare_streak
4FGL J1800.6+7828,457,458,58442.00001157408,5.62e-08,1.76e-08,4.94e-08,1.239419773299748e-07,1.1545988564167724e-07,1.0237996514049303e-09,1.1545988564167724e-07,1.0237996514049303e-09,7.996549999999999e-07,7.996549999999999e-07,1.1545988564167724e-07,True,False,False,0,False,,,-3.3613566812829907,3.0,False,False,,,weekly,10.0,sigma,computed,/home/lkoo/projects/AutomationDetection/DownloadedLC/incremental/quiescent_background_cache.csv,,,,,,False,not_in_flare_streak
4FGL J1800.6+7828,458,459,58449.00001157408,7.21e-08,2.78e-08,5.62e-08,1.239419773299748e-07,1.1545988564167724e-07,1.0237996514049303e-09,1.1545988564167724e-07,1.0237996514049303e-09,7.996549999999999e-07,7.996549999999999e-07,1.1545988564167724e-07,True,False,False,0,False,,,-1.5586515126953226,3.0,False,False,,,weekly,10.0,sigma,computed,/home/lkoo/projects/AutomationDetection/DownloadedLC/incremental/quiescent_background_cache.csv,,,,,,False,not_in_flare_streak
4FGL J1800.6+7828,459,460,58456.00001157408,3.07e-08,1.87e-08,7.21e-08,1.239419773299748e-07,1.1545988564167724e-07,1.0237996514049303e-09,1.1545988564167724e-07,1.0237996514049303e-09,7.996549999999999e-07,7.996549999999999e-07,1.1545988564167724e-07,False,False,False,0,False,,,-4.525836377806812,3.0,False,False,,,weekly,10.0,sigma,computed,/home/lkoo/projects/AutomationDetection/DownloadedLC/incremental/quiescent_background_cache.csv,,,,,,False,not_in_flare_streak
4FGL J1800.6+7828,460,461,58463.00001157408,5.98e-08,1.77e-08,3.07e-08,1.239419773299748e-07,1.1545988564167724e-07,1.0237996514049303e-09,1.1545988564167724e-07,1.0237996514049303e-09,7.996549999999999e-07,7.996549999999999e-07,1.1545988564167724e-07,True,False,False,0,False,,,-3.13937902571599,3.0,False,False,,,weekly,10.0,sigma,computed,/home/lkoo/projects/AutomationDetection/DownloadedLC/incremental/quiescent_background_cache.csv,,,,,,False,not_in_flare_streak
4FGL J1800.6+7828,461,462,58470.00001157408,7.38e-08,1.94e-08,5.98e-08,1.239419773299748e-07,1.1545988564167724e-07,1.0237996514049303e-09,1.1545988564167724e-07,1.0237996514049303e-09,7.996549999999999e-07,7.996549999999999e-07,1.1545988564167724e-07,True,False,False,0,False,,,-2.1444327303802164,3.0,False,False,,,weekly,10.0,sigma,computed,/home/lkoo/projects/AutomationDetection/DownloadedLC/incremental/quiescent_background_cache.csv,,,,,,False,not_in_flare_streak
4FGL J1800.6+7828,462,463,58477.00001157408,7.78e-08,2.48e-08,7.38e-08,1.239419773299748e-07,1.1545988564167724e-07,1.0237996514049303e-09,1.1545988564167724e-07,1.0237996514049303e-09,7.996549999999999e-07,7.996549999999999e-07,1.1545988564167724e-07,True,False,False,0,False,,,-1.5172514583146672,3.0,False,False,,,weekly,10.0,sigma,computed,/home/lkoo/projects/AutomationDetection/DownloadedLC/incremental/quiescent_background_cache.csv,,,,,,False,not_in_flare_streak
4FGL J1800.6+7828,463,464,58484.00001157408,5.47e-08,2.18e-08,7.78e-08,1.239419773299748e-07,1.1545988564167724e-07,1.0237996514049303e-09,1.1545988564167724e-07,1.0237996514049303e-09,7.996549999999999e-07,7.996549999999999e-07,1.1545988564167724e-07,False,False,False,0,False,,,-2.7840821918615966,3.0,False,False,,,weekly,10.0,sigma,computed,/home/lkoo/projects/AutomationDetection/DownloadedLC/incremental/quiescent_background_cache.csv,,,,,,False,not_in_flare_streak
4FGL J1800.6+7828,464,465,58491.00001157408,7.67e-08,2.49e-08,5.47e-08,1.239419773299748e-07,1.1545988564167724e-07,1.0237996514049303e-09,1.1545988564167724e-07,1.0237996514049303e-09,7.996549999999999e-07,7.996549999999999e-07,1.1545988564167724e-07,True,False,False,0,False,,,-1.5553077958789132,3.0,False,False,,,weekly,10.0,sigma,computed,/home/lkoo/projects/AutomationDetection/DownloadedLC/incremental/quiescent_background_cache.csv,,,,,,False,not_in_flare_streak
4FGL J1800.6+7828,465,466,58498.00001157408,4.51e-08,2e-08,7.67e-08,1.239419773299748e-07,1.1545988564167724e-07,1.0237996514049303e-09,1.1545988564167724e-07,1.0237996514049303e-09,7.996549999999999e-07,7.996549999999999e-07,1.1545988564167724e-07,False,False,False,0,False,,,-3.5133940197677296,3.0,False,False,,,weekly,10.0,sigma,computed,/home/lkoo/projects/AutomationDetection/DownloadedLC/incremental/quiescent_background_cache.csv,,,,,,False,not_in_flare_streak
4FGL J1800.6+7828,466,467,58505.00001157408,6.86e-08,2.04e-08,4.51e-08,1.239419773299748e-07,1.1545988564167724e-07,1.0237996514049303e-09,1.1545988564167724e-07,1.0237996514049303e-09,7.996549999999999e-07,7.996549999999999e-07,1.1545988564167724e-07,True,False,False,0,False,,,-2.294165922146672,3.0,False,False,,,weekly,10.0,sigma,computed,/home/lkoo/projects/AutomationDetection/DownloadedLC/incremental/quiescent_background_cache.csv,,,,,,False,not_in_flare_streak
4FGL J1800.6+7828,467,468,58512.00001157408,6.4e-08,2.02e-08,6.86e-08,1.239419773299748e-07,1.1545988564167724e-07,1.0237996514049303e-09,1.1545988564167724e-07,1.0237996514049303e-09,7.996549999999999e-07,7.996549999999999e-07,1.1545988564167724e-07,False,False,False,0,False,,,-2.544253371178623,3.0,False,False,,,weekly,10.0,sigma,computed,/home/lkoo/projects/AutomationDetection/DownloadedLC/incremental/quiescent_background_cache.csv,,,,,,False,not_in_flare_streak
4FGL J1800.6+7828,468,469,58519.00001157408,5.08e-08,1.93e-08,6.4e-08,1.239419773299748e-07,1.1545988564167724e-07,1.0237996514049303e-09,1.1545988564167724e-07,1.0237996514049303e-09,7.996549999999999e-07,7.996549999999999e-07,1.1545988564167724e-07,False,False,False,0,False,,,-3.3455493557420413,3.0,False,False,,,weekly,10.0,sigma,computed,/home/lkoo/projects/AutomationDetection/DownloadedLC/incremental/quiescent_background_cache.csv,,,,,,False,not_in_flare_streak
4FGL J1800.6+7828,469,470,58526.00001157408,6.26e-08,2.27e-08,5.08e-08,1.239419773299748e-07,1.1545988564167724e-07,1.0237996514049303e-09,1.1545988564167724e-07,1.0237996514049303e-09,7.996549999999999e-07,7.996549999999999e-07,1.1545988564167724e-07,True,False,False,0,False,,,-2.3262645656269103,3.0,False,False,,,weekly,10.0,sigma,computed,/home/lkoo/projects/AutomationDetection/DownloadedLC/incremental/quiescent_background_cache.csv,,,,,,False,not_in_flare_streak
4FGL J1800.6+7828,470,471,58533.00001157408,6.02e-08,2.27e-08,6.26e-08,1.239419773299748e-07,1.1545988564167724e-07,1.0237996514049303e-09,1.1545988564167724e-07,1.0237996514049303e-09,7.996549999999999e-07,7.996549999999999e-07,1.1545988564167724e-07,False,False,False,0,False,,,-2.4318840706585796,3.0,False,False,,,weekly,10.0,sigma,computed,/home/lkoo/projects/AutomationDetection/DownloadedLC/incremental/quiescent_background_cache.csv,,,,,,False,not_in_flare_streak
4FGL J1800.6+7828,471,472,58540.00001157408,1.65e-07,3.15e-08,6.02e-08,1.239419773299748e-07,1.1545988564167724e-07,1.0237996514049303e-09,1.1545988564167724e-07,1.0237996514049303e-09,7.996549999999999e-07,7.996549999999999e-07,1.1545988564167724e-07,True,True,False,0,False,,,1.5718720368136125,3.0,False,False,,,weekly,10.0,sigma,computed,/home/lkoo/projects/AutomationDetection/DownloadedLC/incremental/quiescent_background_cache.csv,,,,,,False,not_in_flare_streak
4FGL J1800.6+7828,472,473,58547.00001157408,3.12e-07,3.77e-08,1.65e-07,1.239419773299748e-07,1.1545988564167724e-07,1.0237996514049303e-09,1.1545988564167724e-07,1.0237996514049303e-09,7.996549999999999e-07,7.996549999999999e-07,1.1545988564167724e-07,True,True,False,0,False,,,5.2113443691217585,3.0,True,True,58547.00001157408,58547.00001157408,weekly,10.0,sigma,computed,/home/lkoo/projects/AutomationDetection/DownloadedLC/incremental/quiescent_background_cache.csv,,,,,,False,not_in_flare_streak
4FGL J1800.6+7828,473,474,58554.00001157408,2.68e-07,3.56e-08,3.12e-07,1.239419773299748e-07,1.1545988564167724e-07,1.0237996514049303e-09,1.1545988564167724e-07,1.0237996514049303e-09,7.996549999999999e-07,7.996549999999999e-07,1.1545988564167724e-07,False,True,False,0,False,,,4.283063892414667,3.0,True,True,58547.00001157408,58554.00001157408,weekly,10.0,sigma,computed,/home/lkoo/projects/AutomationDetection/DownloadedLC/incremental/quiescent_background_cache.csv,,,,,,False,not_in_flare_streak
4FGL J1800.6+7828,474,475,58561.00001157408,2.32e-07,3.43e-08,2.68e-07,1.239419773299748e-07,1.1545988564167724e-07,1.0237996514049303e-09,1.1545988564167724e-07,1.0237996514049303e-09,7.996549999999999e-07,7.996549999999999e-07,1.1545988564167724e-07,False,True,False,0,False,,,3.39615844614471,3.0,True,True,58547.00001157408,58561.00001157408,weekly,10.0,sigma,computed,/home/lkoo/projects/AutomationDetection/DownloadedLC/incremental/quiescent_background_cache.csv,,,,,,False,not_in_flare_streak
4FGL J1800.6+7828,475,476,58568.00001157408,2.46e-07,3.76e-08,2.32e-07,1.239419773299748e-07,1.1545988564167724e-07,1.0237996514049303e-09,1.1545988564167724e-07,1.0237996514049303e-09,7.996549999999999e-07,7.996549999999999e-07,1.1545988564167724e-07,True,True,False,0,False,,,3.4705252617531794,3.0,True,True,58547.00001157408,58568.00001157408,weekly,10.0,sigma,computed,/home/lkoo/projects/AutomationDetection/DownloadedLC/incremental/quiescent_background_cache.csv,,,,,,False,not_in_flare_streak
4FGL J1800.6+7828,476,477,58575.00001157408,4.59e-07,4.88e-08,2.46e-07,1.239419773299748e-07,1.1545988564167724e-07,1.0237996514049303e-09,1.1545988564167724e-07,1.0237996514049303e-09,7.996549999999999e-07,7.996549999999999e-07,1.1545988564167724e-07,True,True,False,0,False,,,7.038207715676702,3.0,True,True,58547.00001157408,58575.00001157408,weekly,10.0,sigma,computed,/home/lkoo/projects/AutomationDetection/DownloadedLC/incremental/quiescent_background_cache.csv,,,,,,False,not_in_flare_streak
4FGL J1800.6+7828,477,478,58582.00001157408,2.54e-07,3.23e-08,4.59e-07,1.239419773299748e-07,1.1545988564167724e-07,1.0237996514049303e-09,1.1545988564167724e-07,1.0237996514049303e-09,7.996549999999999e-07,7.996549999999999e-07,1.1545988564167724e-07,False,True,False,0,False,,,4.287014642999516,3.0,True,True,58547.00001157408,58582.00001157408,weekly,10.0,sigma,computed,/home/lkoo/projects/AutomationDetection/DownloadedLC/incremental/quiescent_background_cache.csv,,,,,,False,not_in_flare_streak
4FGL J1800.6+7828,478,479,58589.00001157408,2.14e-07,2.69e-08,2.54e-07,1.239419773299748e-07,1.1545988564167724e-07,1.0237996514049303e-09,1.1545988564167724e-07,1.0237996514049303e-09,7.996549999999999e-07,7.996549999999999e-07,1.1545988564167724e-07,False,True,False,0,False,,,3.6605510404632033,3.0,True,True,58547.00001157408,58589.00001157408,weekly,10.0,sigma,computed,/home/lkoo/projects/AutomationDetection/DownloadedLC/incremental/quiescent_background_cache.csv,,,,,,False,not_in_flare_streak
4FGL J1800.6+7828,479,480,58596.00001157408,9.25e-08,2.65e-08,2.14e-07,1.239419773299748e-07,1.1545988564167724e-07,1.0237996514049303e-09,1.1545988564167724e-07,1.0237996514049303e-09,7.996549999999999e-07,7.996549999999999e-07,1.1545988564167724e-07,False,False,False,0,False,,,-0.8657649072767383,3.0,False,False,,,weekly,10.0,sigma,computed,/home/lkoo/projects/AutomationDetection/DownloadedLC/incremental/quiescent_background_cache.csv,,,,,,False,not_in_flare_streak
4FGL J1800.6+7828,480,481,58610.00001157408,4.3e-08,2.15e-08,9.25e-08,1.239419773299748e-07,1.1545988564167724e-07,1.0237996514049303e-09,1.1545988564167724e-07,1.0237996514049303e-09,7.996549999999999e-07,7.996549999999999e-07,1.1545988564167724e-07,False,False,False,0,False,,,-3.3664126795180995,3.0,False,False,,,weekly,10.0,sigma,computed,/home/lkoo/projects/AutomationDetection/DownloadedLC/incremental/quiescent_background_cache.csv,,,,,,False,not_in_flare_streak
4FGL J1800.6+7828,481,482,58617.00001157408,7.95e-08,4.27e-08,4.3e-08,1.239419773299748e-07,1.1545988564167724e-07,1.0237996514049303e-09,1.1545988564167724e-07,1.0237996514049303e-09,7.996549999999999e-07,7.996549999999999e-07,1.1545988564167724e-07,True,False,False,0,False,,,-0.8419099264131887,3.0,False,False,,,weekly,10.0,sigma,computed,/home/lkoo/projects/AutomationDetection/DownloadedLC/incremental/quiescent_background_cache.csv,,,,,,False,not_in_flare_streak
4FGL J1800.6+7828,482,483,58631.00001157408,3.76e-08,1.82e-08,7.95e-08,1.239419773299748e-07,1.1545988564167724e-07,1.0237996514049303e-09,1.1545988564167724e-07,1.0237996514049303e-09,7.996549999999999e-07,7.996549999999999e-07,1.1545988564167724e-07,False,False,False,0,False,,,-4.271263105125949,3.0,False,False,,,weekly,10.0,sigma,computed,/home/lkoo/projects/AutomationDetection/DownloadedLC/incremental/quiescent_background_cache.csv,,,,,,False,not_in_flare_streak
4FGL J1800.6+7828,483,484,58638.00001157408,5.35e-08,1.8e-08,3.76e-08,1.239419773299748e-07,1.1545988564167724e-07,1.0237996514049303e-09,1.1545988564167724e-07,1.0237996514049303e-09,7.996549999999999e-07,7.996549999999999e-07,1.1545988564167724e-07,True,False,False,0,False,,,-3.4366614213367708,3.0,False,False,,,weekly,10.0,sigma,computed,/home/lkoo/projects/AutomationDetection/DownloadedLC/incremental/quiescent_background_cache.csv,,,,,,False,not_in_flare_streak
4FGL J1800.6+7828,484,485,58645.00001157408,5.87e-08,1.83e-08,5.35e-08,1.239419773299748e-07,1.1545988564167724e-07,1.0237996514049303e-09,1.1545988564167724e-07,1.0237996514049303e-09,7.996549999999999e-07,7.996549999999999e-07,1.1545988564167724e-07,True,False,False,0,False,,,-3.096790588880982,3.0,False,False,,,weekly,10.0,sigma,computed,/home/lkoo/projects/AutomationDetection/DownloadedLC/incremental/quiescent_background_cache.csv,,,,,,False,not_in_flare_streak
4FGL J1800.6+7828,485,486,58652.00001157408,7.11e-08,2.75e-08,5.87e-08,1.239419773299748e-07,1.1545988564167724e-07,1.0237996514049303e-09,1.1545988564167724e-07,1.0237996514049303e-09,7.996549999999999e-07,7.996549999999999e-07,1.1545988564167724e-07,True,False,False,0,False,,,-1.6119700387390792,3.0,False,False,,,weekly,10.0,sigma,computed,/home/lkoo/projects/AutomationDetection/DownloadedLC/incremental/quiescent_background_cache.csv,,,,,,False,not_in_flare_streak
4FGL J1800.6+7828,486,487,58659.00001157408,8.31e-08,2.63e-08,7.11e-08,1.239419773299748e-07,1.1545988564167724e-07,1.0237996514049303e-09,1.1545988564167724e-07,1.0237996514049303e-09,7.996549999999999e-07,7.996549999999999e-07,1.1545988564167724e-07,True,False,False,0,False,,,-1.2294826952646387,3.0,False,False,,,weekly,10.0,sigma,computed,/home/lkoo/projects/AutomationDetection/DownloadedLC/incremental/quiescent_background_cache.csv,,,,,,False,not_in_flare_streak
4FGL J1800.6+7828,487,488,58666.00001157408,8.12e-08,2.58e-08,8.31e-08,1.239419773299748e-07,1.1545988564167724e-07,1.0237996514049303e-09,1.1545988564167724e-07,1.0237996514049303e-09,7.996549999999999e-07,7.996549999999999e-07,1.1545988564167724e-07,False,False,False,0,False,,,-1.326858270850615,3.0,False,False,,,weekly,10.0,sigma,computed,/home/lkoo/projects/AutomationDetection/DownloadedLC/incremental/quiescent_background_cache.csv,,,,,,False,not_in_flare_streak
4FGL J1800.6+7828,488,489,58673.00001157408,4.46e-08,1.89e-08,8.12e-08,1.239419773299748e-07,1.1545988564167724e-07,1.0237996514049303e-09,1.1545988564167724e-07,1.0237996514049303e-09,7.996549999999999e-07,7.996549999999999e-07,1.1545988564167724e-07,False,False,False,0,False,,,-3.743711712042046,3.0,False,False,,,weekly,10.0,sigma,computed,/home/lkoo/projects/AutomationDetection/DownloadedLC/incremental/quiescent_background_cache.csv,,,,,,False,not_in_flare_streak
4FGL J1800.6+7828,489,490,58680.00001157408,4.93e-08,1.82e-08,4.46e-08,1.239419773299748e-07,1.1545988564167724e-07,1.0237996514049303e-09,1.1545988564167724e-07,1.0237996514049303e-09,7.996549999999999e-07,7.996549999999999e-07,1.1545988564167724e-07,True,False,False,0,False,,,-3.6294206734537484,3.0,False,False,,,weekly,10.0,sigma,computed,/home/lkoo/projects/AutomationDetection/DownloadedLC/incremental/quiescent_background_cache.csv,,,,,,False,not_in_flare_streak
4FGL J1800.6+7828,490,491,58687.00001157408,5.76e-08,2.24e-08,4.93e-08,1.239419773299748e-07,1.1545988564167724e-07,1.0237996514049303e-09,1.1545988564167724e-07,1.0237996514049303e-09,7.996549999999999e-07,7.996549999999999e-07,1.1545988564167724e-07,True,False,False,0,False,,,-2.580336881244201,3.0,False,False,,,weekly,10.0,sigma,computed,/home/lkoo/projects/AutomationDetection/DownloadedLC/incremental/quiescent_background_cache.csv,,,,,,False,not_in_flare_streak
4FGL J1800.6+7828,491,492,58701.00001157408,6.05e-08,1.93e-08,5.76e-08,1.239419773299748e-07,1.1545988564167724e-07,1.0237996514049303e-09,1.1545988564167724e-07,1.0237996514049303e-09,7.996549999999999e-07,7.996549999999999e-07,1.1545988564167724e-07,True,False,False,0,False,,,-2.843664324108446,3.0,False,False,,,weekly,10.0,sigma,computed,/home/lkoo/projects/AutomationDetection/DownloadedLC/incremental/quiescent_background_cache.csv,,,,,,False,not_in_flare_streak
4FGL J1800.6+7828,492,493,58708.00001157408,7.1e-08,2.87e-08,6.05e-08,1.239419773299748e-07,1.1545988564167724e-07,1.0237996514049303e-09,1.1545988564167724e-07,1.0237996514049303e-09,7.996549999999999e-07,7.996549999999999e-07,1.1545988564167724e-07,True,False,False,0,False,,,-1.5481402252148302,3.0,False,False,,,weekly,10.0,sigma,computed,/home/lkoo/projects/AutomationDetection/DownloadedLC/incremental/quiescent_background_cache.csv,,,,,,False,not_in_flare_streak
4FGL J1800.6+7828,493,494,58715.00001157408,7.02e-08,2.25e-08,7.1e-08,1.239419773299748e-07,1.1545988564167724e-07,1.0237996514049303e-09,1.1545988564167724e-07,1.0237996514049303e-09,7.996549999999999e-07,7.996549999999999e-07,1.1545988564167724e-07,False,False,False,0,False,,,-2.0094712928767193,3.0,False,False,,,weekly,10.0,sigma,computed,/home/lkoo/projects/AutomationDetection/DownloadedLC/incremental/quiescent_background_cache.csv,,,,,,False,not_in_flare_streak
4FGL J1800.6+7828,494,495,58722.00001157408,5.88e-08,1.81e-08,7.02e-08,1.239419773299748e-07,1.1545988564167724e-07,1.0237996514049303e-09,1.1545988564167724e-07,1.0237996514049303e-09,7.996549999999999e-07,7.996549999999999e-07,1.1545988564167724e-07,False,False,False,0,False,,,-3.1253846878995164,3.0,False,False,,,weekly,10.0,sigma,computed,/home/lkoo/projects/AutomationDetection/DownloadedLC/incremental/quiescent_background_cache.csv,,,,,,False,not_in_flare_streak
4FGL J1800.6+7828,495,496,58729.00001157408,6.95e-08,1.9e-08,5.88e-08,1.239419773299748e-07,1.1545988564167724e-07,1.0237996514049303e-09,1.1545988564167724e-07,1.0237996514049303e-09,7.996549999999999e-07,7.996549999999999e-07,1.1545988564167724e-07,True,False,False,0,False,,,-2.4154372727370546,3.0,False,False,,,weekly,10.0,sigma,computed,/home/lkoo/projects/AutomationDetection/DownloadedLC/incremental/quiescent_background_cache.csv,,,,,,False,not_in_flare_streak
4FGL J1800.6+7828,496,497,58736.00001157408,1.32e-07,3.04e-08,6.95e-08,1.239419773299748e-07,1.1545988564167724e-07,1.0237996514049303e-09,1.1545988564167724e-07,1.0237996514049303e-09,7.996549999999999e-07,7.996549999999999e-07,1.1545988564167724e-07,True,True,False,0,False,,,0.5437744269328706,3.0,False,False,,,weekly,10.0,sigma,computed,/home/lkoo/projects/AutomationDetection/DownloadedLC/incremental/quiescent_background_cache.csv,,,,,,False,not_in_flare_streak
4FGL J1800.6+7828,497,498,58743.00001157408,1.09e-07,2.64e-08,1.32e-07,1.239419773299748e-07,1.1545988564167724e-07,1.0237996514049303e-09,1.1545988564167724e-07,1.0237996514049303e-09,7.996549999999999e-07,7.996549999999999e-07,1.1545988564167724e-07,False,False,False,0,False,,,-0.24450884725985964,3.0,False,False,,,weekly,10.0,sigma,computed,/home/lkoo/projects/AutomationDetection/DownloadedLC/incremental/quiescent_background_cache.csv,,,,,,False,not_in_flare_streak
4FGL J1800.6+7828,498,499,58750.00001157408,9.72e-08,2.37e-08,1.09e-07,1.239419773299748e-07,1.1545988564167724e-07,1.0237996514049303e-09,1.1545988564167724e-07,1.0237996514049303e-09,7.996549999999999e-07,7.996549999999999e-07,1.1545988564167724e-07,False,False,False,0,False,,,-0.7697414400006565,3.0,False,False,,,weekly,10.0,sigma,computed,/home/lkoo/projects/AutomationDetection/DownloadedLC/incremental/quiescent_background_cache.csv,,,,,,False,not_in_flare_streak
4FGL J1800.6+7828,499,500,58757.00001157408,1.19e-07,3.32e-08,9.72e-08,1.239419773299748e-07,1.1545988564167724e-07,1.0237996514049303e-09,1.1545988564167724e-07,1.0237996514049303e-09,7.996549999999999e-07,7.996549999999999e-07,1.1545988564167724e-07,True,True,False,0,False,,,0.10657928726141838,3.0,False,False,,,weekly,10.0,sigma,computed,/home/lkoo/projects/AutomationDetection/DownloadedLC/incremental/quiescent_background_cache.csv,,,,,,False,not_in_flare_streak
4FGL J1800.6+7828,500,501,58764.00001157408,7.9e-08,2.44e-08,1.19e-07,1.239419773299748e-07,1.1545988564167724e-07,1.0237996514049303e-09,1.1545988564167724e-07,1.0237996514049303e-09,7.996549999999999e-07,7.996549999999999e-07,1.1545988564167724e-07,False,False,False,0,False,,,-1.4929439790644627,3.0,False,False,,,weekly,10.0,sigma,computed,/home/lkoo/projects/AutomationDetection/DownloadedLC/incremental/quiescent_background_cache.csv,,,,,,False,not_in_flare_streak
4FGL J1800.6+7828,501,502,58771.00001157408,6.44e-08,2.59e-08,7.9e-08,1.239419773299748e-07,1.1545988564167724e-07,1.0237996514049303e-09,1.1545988564167724e-07,1.0237996514049303e-09,7.996549999999999e-07,7.996549999999999e-07,1.1545988564167724e-07,False,False,False,0,False,,,-1.9698857466748696,3.0,False,False,,,weekly,10.0,sigma,computed,/home/lkoo/projects/AutomationDetection/DownloadedLC/incremental/quiescent_background_cache.csv,,,,,,False,not_in_flare_streak
4FGL J1800.6+7828,502,503,58778.00001157408,9.96e-08,3.15e-08,6.44e-08,1.239419773299748e-07,1.1545988564167724e-07,1.0237996514049303e-09,1.1545988564167724e-07,1.0237996514049303e-09,7.996549999999999e-07,7.996549999999999e-07,1.1545988564167724e-07,True,False,False,0,False,,,-0.5032227129493084,3.0,False,False,,,weekly,10.0,sigma,computed,/home/lkoo/projects/AutomationDetection/DownloadedLC/incremental/quiescent_background_cache.csv,,,,,,False,not_in_flare_streak
4FGL J1800.6+7828,503,504,58785.00001157408,1.62e-07,3.13e-08,9.96e-08,1.239419773299748e-07,1.1545988564167724e-07,1.0237996514049303e-09,1.1545988564167724e-07,1.0237996514049303e-09,7.996549999999999e-07,7.996549999999999e-07,1.1545988564167724e-07,True,True,False,0,False,,,1.4861098336496168,3.0,False,False,,,weekly,10.0,sigma,computed,/home/lkoo/projects/AutomationDetection/DownloadedLC/incremental/quiescent_background_cache.csv,,,,,,False,not_in_flare_streak
4FGL J1800.6+7828,504,505,58792.00001157408,1.17e-07,2.96e-08,1.62e-07,1.239419773299748e-07,1.1545988564167724e-07,1.0237996514049303e-09,1.1545988564167724e-07,1.0237996514049303e-09,7.996549999999999e-07,7.996549999999999e-07,1.1545988564167724e-07,False,True,False,0,False,,,0.0519997956426605,3.0,False,False,,,weekly,10.0,sigma,computed,/home/lkoo/projects/AutomationDetection/DownloadedLC/incremental/quiescent_background_cache.csv,,,,,,False,not_in_flare_streak
4FGL J1800.6+7828,505,506,58799.00001157408,1.07e-07,2.29e-08,1.17e-07,1.239419773299748e-07,1.1545988564167724e-07,1.0237996514049303e-09,1.1545988564167724e-07,1.0237996514049303e-09,7.996549999999999e-07,7.996549999999999e-07,1.1545988564167724e-07,False,False,False,0,False,,,-0.3690586762620201,3.0,False,False,,,weekly,10.0,sigma,computed,/home/lkoo/projects/AutomationDetection/DownloadedLC/incremental/quiescent_background_cache.csv,,,,,,False,not_in_flare_streak
4FGL J1800.6+7828,506,507,58806.00001157408,1.48e-07,2.59e-08,1.07e-07,1.239419773299748e-07,1.1545988564167724e-07,1.0237996514049303e-09,1.1545988564167724e-07,1.0237996514049303e-09,7.996549999999999e-07,7.996549999999999e-07,1.1545988564167724e-07,True,True,False,0,False,,,1.2553946540238405,3.0,False,False,,,weekly,10.0,sigma,computed,/home/lkoo/projects/AutomationDetection/DownloadedLC/incremental/quiescent_background_cache.csv,,,,,,False,not_in_flare_streak
4FGL J1800.6+7828,507,508,58813.00001157408,1.01e-07,3.03e-08,1.48e-07,1.239419773299748e-07,1.1545988564167724e-07,1.0237996514049303e-09,1.1545988564167724e-07,1.0237996514049303e-09,7.996549999999999e-07,7.996549999999999e-07,1.1545988564167724e-07,False,False,False,0,False,,,-0.47695176290007735,3.0,False,False,,,weekly,10.0,sigma,computed,/home/lkoo/projects/AutomationDetection/DownloadedLC/incremental/quiescent_background_cache.csv,,,,,,False,not_in_flare_streak
4FGL J1800.6+7828,508,509,58820.00001157408,7.25e-08,2.64e-08,1.01e-07,1.239419773299748e-07,1.1545988564167724e-07,1.0237996514049303e-09,1.1545988564167724e-07,1.0237996514049303e-09,7.996549999999999e-07,7.996549999999999e-07,1.1545988564167724e-07,False,False,False,0,False,,,-1.6260461406457065,3.0,False,False,,,weekly,10.0,sigma,computed,/home/lkoo/projects/AutomationDetection/DownloadedLC/incremental/quiescent_background_cache.csv,,,,,,False,not_in_flare_streak
4FGL J1800.6+7828,509,510,58827.00001157408,7.27e-08,2.26e-08,7.25e-08,1.239419773299748e-07,1.1545988564167724e-07,1.0237996514049303e-09,1.1545988564167724e-07,1.0237996514049303e-09,7.996549999999999e-07,7.996549999999999e-07,1.1545988564167724e-07,True,False,False,0,False,,,-1.8900919382647594,3.0,False,False,,,weekly,10.0,sigma,computed,/home/lkoo/projects/AutomationDetection/DownloadedLC/incremental/quiescent_background_cache.csv,,,,,,False,not_in_flare_streak
4FGL J1800.6+7828,510,511,58834.00001157408,4.03e-08,2.28e-08,7.27e-08,1.239419773299748e-07,1.1545988564167724e-07,1.0237996514049303e-09,1.1545988564167724e-07,1.0237996514049303e-09,7.996549999999999e-07,7.996549999999999e-07,1.1545988564167724e-07,False,False,False,0,False,,,-3.293167838016843,3.0,False,False,,,weekly,10.0,sigma,computed,/home/lkoo/projects/AutomationDetection/DownloadedLC/incremental/quiescent_background_cache.csv,,,,,,False,not_in_flare_streak
4FGL J1800.6+7828,511,512,58841.00001157408,5.92e-08,2.11e-08,4.03e-08,1.239419773299748e-07,1.1545988564167724e-07,1.0237996514049303e-09,1.1545988564167724e-07,1.0237996514049303e-09,7.996549999999999e-07,7.996549999999999e-07,1.1545988564167724e-07,True,False,False,0,False,,,-2.663212110581173,3.0,False,False,,,weekly,10.0,sigma,computed,/home/lkoo/projects/AutomationDetection/DownloadedLC/incremental/quiescent_background_cache.csv,,,,,,False,not_in_flare_streak
4FGL J1800.6+7828,512,513,58848.00001157408,1.08e-07,2.38e-08,5.92e-08,1.239419773299748e-07,1.1545988564167724e-07,1.0237996514049303e-09,1.1545988564167724e-07,1.0237996514049303e-09,7.996549999999999e-07,7.996549999999999e-07,1.1545988564167724e-07,True,False,False,0,False,,,-0.3131509728580022,3.0,False,False,,,weekly,10.0,sigma,computed,/home/lkoo/projects/AutomationDetection/DownloadedLC/incremental/quiescent_background_cache.csv,,,,,,False,not_in_flare_streak
4FGL J1800.6+7828,513,514,58855.00001157408,1.31e-07,3.02e-08,1.08e-07,1.239419773299748e-07,1.1545988564167724e-07,1.0237996514049303e-09,1.1545988564167724e-07,1.0237996514049303e-09,7.996549999999999e-07,7.996549999999999e-07,1.1545988564167724e-07,True,True,False,0,False,,,0.5142778899892765,3.0,False,False,,,weekly,10.0,sigma,computed,/home/lkoo/projects/AutomationDetection/DownloadedLC/incremental/quiescent_background_cache.csv,,,,,,False,not_in_flare_streak
4FGL J1800.6+7828,514,515,58862.00001157408,1.26e-07,3.22e-08,1.31e-07,1.239419773299748e-07,1.1545988564167724e-07,1.0237996514049303e-09,1.1545988564167724e-07,1.0237996514049303e-09,7.996549999999999e-07,7.996549999999999e-07,1.1545988564167724e-07,False,True,False,0,False,,,0.3271674152370219,3.0,False,False,,,weekly,10.0,sigma,computed,/home/lkoo/projects/AutomationDetection/DownloadedLC/incremental/quiescent_background_cache.csv,,,,,,False,not_in_flare_streak
4FGL J1800.6+7828,515,516,58869.00001157408,6.16e-08,2.21e-08,1.26e-07,1.239419773299748e-07,1.1545988564167724e-07,1.0237996514049303e-09,1.1545988564167724e-07,1.0237996514049303e-09,7.996549999999999e-07,7.996549999999999e-07,1.1545988564167724e-07,False,False,False,0,False,,,-2.434487997867013,3.0,False,False,,,weekly,10.0,sigma,computed,/home/lkoo/projects/AutomationDetection/DownloadedLC/incremental/quiescent_background_cache.csv,,,,,,False,not_in_flare_streak
4FGL J1800.6+7828,516,517,58876.00001157408,9.02e-08,2.98e-08,6.16e-08,1.239419773299748e-07,1.1545988564167724e-07,1.0237996514049303e-09,1.1545988564167724e-07,1.0237996514049303e-09,7.996549999999999e-07,7.996549999999999e-07,1.1545988564167724e-07,True,False,False,0,False,,,-0.847147366824472,3.0,False,False,,,weekly,10.0,sigma,computed,/home/lkoo/projects/AutomationDetection/DownloadedLC/incremental/quiescent_background_cache.csv,,,,,,False,not_in_flare_streak
4FGL J1800.6+7828,517,518,58883.00001157408,6.84e-08,2.02e-08,9.02e-08,1.239419773299748e-07,1.1545988564167724e-07,1.0237996514049303e-09,1.1545988564167724e-07,1.0237996514049303e-09,7.996549999999999e-07,7.996549999999999e-07,1.1545988564167724e-07,False,False,False,0,False,,,-2.326710819468804,3.0,False,False,,,weekly,10.0,sigma,computed,/home/lkoo/projects/AutomationDetection/DownloadedLC/incremental/quiescent_background_cache.csv,,,,,,False,not_in_flare_streak
4FGL J1800.6+7828,518,519,58890.00001157408,6.18e-08,1.7e-08,6.84e-08,1.239419773299748e-07,1.1545988564167724e-07,1.0237996514049303e-09,1.1545988564167724e-07,1.0237996514049303e-09,7.996549999999999e-07,7.996549999999999e-07,1.1545988564167724e-07,False,False,False,0,False,,,-3.1507553409806617,3.0,False,False,,,weekly,10.0,sigma,computed,/home/lkoo/projects/AutomationDetection/DownloadedLC/incremental/quiescent_background_cache.csv,,,,,,False,not_in_flare_streak
4FGL J1800.6+7828,519,520,58897.00001157408,1e-07,2.91e-08,6.18e-08,1.239419773299748e-07,1.1545988564167724e-07,1.0237996514049303e-09,1.1545988564167724e-07,1.0237996514049303e-09,7.996549999999999e-07,7.996549999999999e-07,1.1545988564167724e-07,True,False,False,0,False,,,-0.530939056180146,3.0,False,False,,,weekly,10.0,sigma,computed,/home/lkoo/projects/AutomationDetection/DownloadedLC/incremental/quiescent_background_cache.csv,,,,,,False,not_in_flare_streak
4FGL J1800.6+7828,520,521,58911.00001157408,6.52e-08,2.32e-08,1e-07,1.239419773299748e-07,1.1545988564167724e-07,1.0237996514049303e-09,1.1545988564167724e-07,1.0237996514049303e-09,7.996549999999999e-07,7.996549999999999e-07,1.1545988564167724e-07,False,False,False,0,False,,,-2.1642680639813285,3.0,False,False,,,weekly,10.0,sigma,computed,/home/lkoo/projects/AutomationDetection/DownloadedLC/incremental/quiescent_background_cache.csv,,,,,,False,not_in_flare_streak
4FGL J1800.6+7828,521,522,58918.00001157408,8.6e-08,2.76e-08,6.52e-08,1.239419773299748e-07,1.1545988564167724e-07,1.0237996514049303e-09,1.1545988564167724e-07,1.0237996514049303e-09,7.996549999999999e-07,7.996549999999999e-07,1.1545988564167724e-07,True,False,False,0,False,,,-1.0666535667678252,3.0,False,False,,,weekly,10.0,sigma,computed,/home/lkoo/projects/AutomationDetection/DownloadedLC/incremental/quiescent_background_cache.csv,,,,,,False,not_in_flare_streak
4FGL J1800.6+7828,522,523,58925.00001157408,6.36e-08,2.85e-08,8.6e-08,1.239419773299748e-07,1.1545988564167724e-07,1.0237996514049303e-09,1.1545988564167724e-07,1.0237996514049303e-09,7.996549999999999e-07,7.996549999999999e-07,1.1545988564167724e-07,False,False,False,0,False,,,-1.8184721673725757,3.0,False,False,,,weekly,10.0,sigma,computed,/home/lkoo/projects/AutomationDetection/DownloadedLC/incremental/quiescent_background_cache.csv,,,,,,False,not_in_flare_streak
4FGL J1800.6+7828,523,524,58932.00001157408,7.53e-08,2.59e-08,6.36e-08,1.239419773299748e-07,1.1545988564167724e-07,1.0237996514049303e-09,1.1545988564167724e-07,1.0237996514049303e-09,7.996549999999999e-07,7.996549999999999e-07,1.1545988564167724e-07,True,False,False,0,False,,,-1.5493647374928603,3.0,False,False,,,weekly,10.0,sigma,computed,/home/lkoo/projects/AutomationDetection/DownloadedLC/incremental/quiescent_background_cache.csv,,,,,,False,not_in_flare_streak
4FGL J1800.6+7828,524,525,58939.00001157408,2.68e-07,3.8e-08,7.53e-08,1.239419773299748e-07,1.1545988564167724e-07,1.0237996514049303e-09,1.1545988564167724e-07,1.0237996514049303e-09,7.996549999999999e-07,7.996549999999999e-07,1.1545988564167724e-07,True,True,False,0,False,,,4.012757416699905,3.0,True,True,58939.00001157408,58939.00001157408,weekly,10.0,sigma,computed,/home/lkoo/projects/AutomationDetection/DownloadedLC/incremental/quiescent_background_cache.csv,,,,,,False,not_in_flare_streak
4FGL J1800.6+7828,525,526,58946.00001157408,9.83e-07,5.55e-08,2.68e-07,1.239419773299748e-07,1.1545988564167724e-07,1.0237996514049303e-09,1.1545988564167724e-07,1.0237996514049303e-09,7.996549999999999e-07,7.996549999999999e-07,1.1545988564167724e-07,True,True,False,0,False,,,15.62869452563667,3.0,True,True,58939.00001157408,58946.00001157408,weekly,10.0,sigma,computed,/home/lkoo/projects/AutomationDetection/DownloadedLC/incremental/quiescent_background_cache.csv,,,,,,False,not_in_flare_streak
4FGL J1800.6+7828,526,527,58953.00001157408,9.05e-07,4.58e-08,9.83e-07,1.239419773299748e-07,1.1545988564167724e-07,1.0237996514049303e-09,1.1545988564167724e-07,1.0237996514049303e-09,7.996549999999999e-07,7.996549999999999e-07,1.1545988564167724e-07,False,True,False,0,False,,,17.234561710885323,3.0,True,True,58939.00001157408,58953.00001157408,weekly,10.0,sigma,computed,/home/lkoo/projects/AutomationDetection/DownloadedLC/incremental/quiescent_background_cache.csv,,,,,,False,not_in_flare_streak
4FGL J1800.6+7828,527,528,58960.00001157408,3.07e-07,2.79e-08,9.05e-07,1.239419773299748e-07,1.1545988564167724e-07,1.0237996514049303e-09,1.1545988564167724e-07,1.0237996514049303e-09,7.996549999999999e-07,7.996549999999999e-07,1.1545988564167724e-07,False,True,False,0,False,,,6.860619554005068,3.0,True,True,58939.00001157408,58960.00001157408,weekly,10.0,sigma,computed,/home/lkoo/projects/AutomationDetection/DownloadedLC/incremental/quiescent_background_cache.csv,,,,,,False,not_in_flare_streak
4FGL J1800.6+7828,528,529,58967.00001157408,1.11e-07,2.35e-08,3.07e-07,1.239419773299748e-07,1.1545988564167724e-07,1.0237996514049303e-09,1.1545988564167724e-07,1.0237996514049303e-09,7.996549999999999e-07,7.996549999999999e-07,1.1545988564167724e-07,False,False,False,0,False,,,-0.1896025210543566,3.0,False,False,,,weekly,10.0,sigma,computed,/home/lkoo/projects/AutomationDetection/DownloadedLC/incremental/quiescent_background_cache.csv,,,,,,False,not_in_flare_streak
4FGL J1800.6+7828,529,530,58974.00001157408,2.44e-07,3.49e-08,1.11e-07,1.239419773299748e-07,1.1545988564167724e-07,1.0237996514049303e-09,1.1545988564167724e-07,1.0237996514049303e-09,7.996549999999999e-07,7.996549999999999e-07,1.1545988564167724e-07,True,True,False,0,False,,,3.681514098874857,3.0,True,True,58974.00001157408,58974.00001157408,weekly,10.0,sigma,computed,/home/lkoo/projects/AutomationDetection/DownloadedLC/incremental/quiescent_background_cache.csv,,,,,,False,not_in_flare_streak
4FGL J1800.6+7828,530,531,58981.00001157408,3.86e-07,4.25e-08,2.44e-07,1.239419773299748e-07,1.1545988564167724e-07,1.0237996514049303e-09,1.1545988564167724e-07,1.0237996514049303e-09,7.996549999999999e-07,7.996549999999999e-07,1.1545988564167724e-07,True,True,False,0,False,,,6.363803561824389,3.0,True,True,58974.00001157408,58981.00001157408,weekly,10.0,sigma,computed,/home/lkoo/projects/AutomationDetection/DownloadedLC/incremental/quiescent_background_cache.csv,,,,,,False,not_in_flare_streak
4FGL J1800.6+7828,531,532,58988.00001157408,5.33e-07,4.75e-08,3.86e-07,1.239419773299748e-07,1.1545988564167724e-07,1.0237996514049303e-09,1.1545988564167724e-07,1.0237996514049303e-09,7.996549999999999e-07,7.996549999999999e-07,1.1545988564167724e-07,True,True,False,0,False,,,8.788277088706806,3.0,True,True,58974.00001157408,58988.00001157408,weekly,10.0,sigma,computed,/home/lkoo/projects/AutomationDetection/DownloadedLC/incremental/quiescent_background_cache.csv,,,,,,False,not_in_flare_streak
4FGL J1800.6+7828,532,533,58995.00001157408,4.9e-07,3.97e-08,5.33e-07,1.239419773299748e-07,1.1545988564167724e-07,1.0237996514049303e-09,1.1545988564167724e-07,1.0237996514049303e-09,7.996549999999999e-07,7.996549999999999e-07,1.1545988564167724e-07,False,True,False,0,False,,,9.431124282819992,3.0,True,True,58974.00001157408,58995.00001157408,weekly,10.0,sigma,computed,/home/lkoo/projects/AutomationDetection/DownloadedLC/incremental/quiescent_background_cache.csv,,,,,,False,not_in_flare_streak
4FGL J1800.6+7828,533,534,59002.00001157408,3.44e-07,2.95e-08,4.9e-07,1.239419773299748e-07,1.1545988564167724e-07,1.0237996514049303e-09,1.1545988564167724e-07,1.0237996514049303e-09,7.996549999999999e-07,7.996549999999999e-07,1.1545988564167724e-07,False,True,False,0,False,,,7.7424612506625135,3.0,True,True,58974.00001157408,59002.00001157408,weekly,10.0,sigma,computed,/home/lkoo/projects/AutomationDetection/DownloadedLC/incremental/quiescent_background_cache.csv,,,,,,False,not_in_flare_streak
4FGL J1800.6+7828,534,535,59009.00001157408,3.67e-07,3.04e-08,3.44e-07,1.239419773299748e-07,1.1545988564167724e-07,1.0237996514049303e-09,1.1545988564167724e-07,1.0237996514049303e-09,7.996549999999999e-07,7.996549999999999e-07,1.1545988564167724e-07,True,True,False,0,False,,,8.2696575472587,3.0,True,True,58974.00001157408,59009.00001157408,weekly,10.0,sigma,computed,/home/lkoo/projects/AutomationDetection/DownloadedLC/incremental/quiescent_background_cache.csv,,,,,,False,not_in_flare_streak
4FGL J1800.6+7828,535,536,59016.00001157408,2.06e-07,3.44e-08,3.67e-07,1.239419773299748e-07,1.1545988564167724e-07,1.0237996514049303e-09,1.1545988564167724e-07,1.0237996514049303e-09,7.996549999999999e-07,7.996549999999999e-07,1.1545988564167724e-07,False,True,False,0,False,,,2.6308151990442386,3.0,False,True,58974.00001157408,59016.00001157408,weekly,10.0,sigma,computed,/home/lkoo/projects/AutomationDetection/DownloadedLC/incremental/quiescent_background_cache.csv,,,,,,False,not_in_flare_streak
4FGL J1800.6+7828,536,537,59023.00001157408,1.65e-07,3.17e-08,2.06e-07,1.239419773299748e-07,1.1545988564167724e-07,1.0237996514049303e-09,1.1545988564167724e-07,1.0237996514049303e-09,7.996549999999999e-07,7.996549999999999e-07,1.1545988564167724e-07,False,True,False,0,False,,,1.561965229329765,3.0,False,True,58974.00001157408,59023.00001157408,weekly,10.0,sigma,computed,/home/lkoo/projects/AutomationDetection/DownloadedLC/incremental/quiescent_background_cache.csv,,,,,,False,not_in_flare_streak
4FGL J1800.6+7828,537,538,59030.00001157408,1.81e-07,3.4e-08,1.65e-07,1.239419773299748e-07,1.1545988564167724e-07,1.0237996514049303e-09,1.1545988564167724e-07,1.0237996514049303e-09,7.996549999999999e-07,7.996549999999999e-07,1.1545988564167724e-07,True,True,False,0,False,,,1.9267770987193906,3.0,False,True,58974.00001157408,59030.00001157408,weekly,10.0,sigma,computed,/home/lkoo/projects/AutomationDetection/DownloadedLC/incremental/quiescent_background_cache.csv,,,,,,False,not_in_flare_streak
4FGL J1800.6+7828,538,539,59037.00001157408,2.58e-07,3.66e-08,1.81e-07,1.239419773299748e-07,1.1545988564167724e-07,1.0237996514049303e-09,1.1545988564167724e-07,1.0237996514049303e-09,7.996549999999999e-07,7.996549999999999e-07,1.1545988564167724e-07,True,True,False,0,False,,,3.8930158571271334,3.0,True,True,58974.00001157408,59037.00001157408,weekly,10.0,sigma,computed,/home/lkoo/projects/AutomationDetection/DownloadedLC/incremental/quiescent_background_cache.csv,,,,,,False,not_in_flare_streak
4FGL J1800.6+7828,539,540,59044.00001157408,2.08e-07,2.53e-08,2.58e-07,1.239419773299748e-07,1.1545988564167724e-07,1.0237996514049303e-09,1.1545988564167724e-07,1.0237996514049303e-09,7.996549999999999e-07,7.996549999999999e-07,1.1545988564167724e-07,False,True,False,0,False,,,3.6547208988621827,3.0,True,True,58974.00001157408,59044.00001157408,weekly,10.0,sigma,computed,/home/lkoo/projects/AutomationDetection/DownloadedLC/incremental/quiescent_background_cache.csv,,,,,,False,not_in_flare_streak
4FGL J1800.6+7828,540,541,59051.00001157408,1.32e-07,2.24e-08,2.08e-07,1.239419773299748e-07,1.1545988564167724e-07,1.0237996514049303e-09,1.1545988564167724e-07,1.0237996514049303e-09,7.996549999999999e-07,7.996549999999999e-07,1.1545988564167724e-07,False,True,False,0,False,,,0.7376279200253837,3.0,False,True,58974.00001157408,59051.00001157408,weekly,10.0,sigma,computed,/home/lkoo/projects/AutomationDetection/DownloadedLC/incremental/quiescent_background_cache.csv,,,,,,False,not_in_flare_streak
4FGL J1800.6+7828,541,542,59058.00001157408,2.29e-07,3.07e-08,1.32e-07,1.239419773299748e-07,1.1545988564167724e-07,1.0237996514049303e-09,1.1545988564167724e-07,1.0237996514049303e-09,7.996549999999999e-07,7.996549999999999e-07,1.1545988564167724e-07,True,True,False,0,False,,,3.69632024848856,3.0,True,True,58974.00001157408,59058.00001157408,weekly,10.0,sigma,computed,/home/lkoo/projects/AutomationDetection/DownloadedLC/incremental/quiescent_background_cache.csv,,,,,,False,not_in_flare_streak
4FGL J1800.6+7828,542,543,59065.00001157408,2.97e-07,3.64e-08,2.29e-07,1.239419773299748e-07,1.1545988564167724e-07,1.0237996514049303e-09,1.1545988564167724e-07,1.0237996514049303e-09,7.996549999999999e-07,7.996549999999999e-07,1.1545988564167724e-07,True,True,False,0,False,,,4.985394215295656,3.0,True,True,58974.00001157408,59065.00001157408,weekly,10.0,sigma,computed,/home/lkoo/projects/AutomationDetection/DownloadedLC/incremental/quiescent_background_cache.csv,,,,,,False,not_in_flare_streak
4FGL J1800.6+7828,543,544,59072.00001157408,4.66e-07,4.56e-08,2.97e-07,1.239419773299748e-07,1.1545988564167724e-07,1.0237996514049303e-09,1.1545988564167724e-07,1.0237996514049303e-09,7.996549999999999e-07,7.996549999999999e-07,1.1545988564167724e-07,True,True,False,0,False,,,7.685346435358405,3.0,True,True,58974.00001157408,59072.00001157408,weekly,10.0,sigma,computed,/home/lkoo/projects/AutomationDetection/DownloadedLC/incremental/quiescent_background_cache.csv,,,,,,False,not_in_flare_streak
4FGL J1800.6+7828,544,545,59079.00001157408,5.27e-07,4.86e-08,4.66e-07,1.239419773299748e-07,1.1545988564167724e-07,1.0237996514049303e-09,1.1545988564167724e-07,1.0237996514049303e-09,7.996549999999999e-07,7.996549999999999e-07,1.1545988564167724e-07,True,True,False,0,False,,,8.466025314213418,3.0,True,True,58974.00001157408,59079.00001157408,weekly,10.0,sigma,computed,/home/lkoo/projects/AutomationDetection/DownloadedLC/incremental/quiescent_background_cache.csv,,,,,,False,not_in_flare_streak
4FGL J1800.6+7828,545,546,59086.00001157408,8.15e-07,5.65e-08,5.27e-07,1.239419773299748e-07,1.1545988564167724e-07,1.0237996514049303e-09,1.1545988564167724e-07,1.0237996514049303e-09,7.996549999999999e-07,7.996549999999999e-07,1.1545988564167724e-07,True,True,False,0,False,,,12.379208790830441,3.0,True,True,58974.00001157408,59086.00001157408,weekly,10.0,sigma,computed,/home/lkoo/projects/AutomationDetection/DownloadedLC/incremental/quiescent_background_cache.csv,,,,,,False,not_in_flare_streak
4FGL J1800.6+7828,546,547,59093.00001157408,5.8e-07,3.6e-08,8.15e-07,1.239419773299748e-07,1.1545988564167724e-07,1.0237996514049303e-09,1.1545988564167724e-07,1.0237996514049303e-09,7.996549999999999e-07,7.996549999999999e-07,1.1545988564167724e-07,False,True,False,0,False,,,12.898677089154399,3.0,True,True,58974.00001157408,59093.00001157408,weekly,10.0,sigma,computed,/home/lkoo/projects/AutomationDetection/DownloadedLC/incremental/quiescent_background_cache.csv,,,,,,False,not_in_flare_streak
4FGL J1800.6+7828,547,548,59100.00001157408,2.84e-07,3.19e-08,5.8e-07,1.239419773299748e-07,1.1545988564167724e-07,1.0237996514049303e-09,1.1545988564167724e-07,1.0237996514049303e-09,7.996549999999999e-07,7.996549999999999e-07,1.1545988564167724e-07,False,True,False,0,False,,,5.280670248457585,3.0,True,True,58974.00001157408,59100.00001157408,weekly,10.0,sigma,computed,/home/lkoo/projects/AutomationDetection/DownloadedLC/incremental/quiescent_background_cache.csv,,,,,,False,not_in_flare_streak
4FGL J1800.6+7828,548,549,59107.00001157408,1.21e-07,3.14e-08,2.84e-07,1.239419773299748e-07,1.1545988564167724e-07,1.0237996514049303e-09,1.1545988564167724e-07,1.0237996514049303e-09,7.996549999999999e-07,7.996549999999999e-07,1.1545988564167724e-07,False,True,False,0,False,,,0.17634305349934848,3.0,False,True,58974.00001157408,59107.00001157408,weekly,10.0,sigma,computed,/home/lkoo/projects/AutomationDetection/DownloadedLC/incremental/quiescent_background_cache.csv,,,,,,False,not_in_flare_streak
4FGL J1800.6+7828,549,550,59114.00001157408,1.2e-07,2.73e-08,1.21e-07,1.239419773299748e-07,1.1545988564167724e-07,1.0237996514049303e-09,1.1545988564167724e-07,1.0237996514049303e-09,7.996549999999999e-07,7.996549999999999e-07,1.1545988564167724e-07,False,True,False,0,False,,,0.16618773422404526,3.0,False,True,58974.00001157408,59114.00001157408,weekly,10.0,sigma,computed,/home/lkoo/projects/AutomationDetection/DownloadedLC/incremental/quiescent_background_cache.csv,,,,,,False,not_in_flare_streak
4FGL J1800.6+7828,550,551,59121.00001157408,1.09e-07,2.2e-08,1.2e-07,1.239419773299748e-07,1.1545988564167724e-07,1.0237996514049303e-09,1.1545988564167724e-07,1.0237996514049303e-09,7.996549999999999e-07,7.996549999999999e-07,1.1545988564167724e-07,False,False,False,0,False,,,-0.2933137325449718,3.0,False,False,,,weekly,10.0,sigma,computed,/home/lkoo/projects/AutomationDetection/DownloadedLC/incremental/quiescent_background_cache.csv,,,,,,False,not_in_flare_streak
4FGL J1800.6+7828,551,552,59128.00001157408,1.45e-07,3.17e-08,1.09e-07,1.239419773299748e-07,1.1545988564167724e-07,1.0237996514049303e-09,1.1545988564167724e-07,1.0237996514049303e-09,7.996549999999999e-07,7.996549999999999e-07,1.1545988564167724e-07,True,True,False,0,False,,,0.9313791882753985,3.0,False,False,,,weekly,10.0,sigma,computed,/home/lkoo/projects/AutomationDetection/DownloadedLC/incremental/quiescent_background_cache.csv,,,,,,False,not_in_flare_streak
4FGL J1800.6+7828,552,553,59135.00001157408,6.22e-08,2.33e-08,1.45e-07,1.239419773299748e-07,1.1545988564167724e-07,1.0237996514049303e-09,1.1545988564167724e-07,1.0237996514049303e-09,7.996549999999999e-07,7.996549999999999e-07,1.1545988564167724e-07,False,False,False,0,False,,,-2.283628547185921,3.0,False,False,,,weekly,10.0,sigma,computed,/home/lkoo/projects/AutomationDetection/DownloadedLC/incremental/quiescent_background_cache.csv,,,,,,False,not_in_flare_streak
4FGL J1800.6+7828,553,554,59142.00001157408,1.36e-07,2.77e-08,6.22e-08,1.239419773299748e-07,1.1545988564167724e-07,1.0237996514049303e-09,1.1545988564167724e-07,1.0237996514049303e-09,7.996549999999999e-07,7.996549999999999e-07,1.1545988564167724e-07,True,True,False,0,False,,,0.7410144108609973,3.0,False,False,,,weekly,10.0,sigma,computed,/home/lkoo/projects/AutomationDetection/DownloadedLC/incremental/quiescent_background_cache.csv,,,,,,False,not_in_flare_streak
4FGL J1800.6+7828,554,555,59149.00001157408,1.59e-07,2.99e-08,1.36e-07,1.239419773299748e-07,1.1545988564167724e-07,1.0237996514049303e-09,1.1545988564167724e-07,1.0237996514049303e-09,7.996549999999999e-07,7.996549999999999e-07,1.1545988564167724e-07,True,True,False,0,False,,,1.4553382231952006,3.0,False,False,,,weekly,10.0,sigma,computed,/home/lkoo/projects/AutomationDetection/DownloadedLC/incremental/quiescent_background_cache.csv,,,,,,False,not_in_flare_streak
4FGL J1800.6+7828,555,556,59156.00001157408,3.19e-07,3.84e-08,1.59e-07,1.239419773299748e-07,1.1545988564167724e-07,1.0237996514049303e-09,1.1545988564167724e-07,1.0237996514049303e-09,7.996549999999999e-07,7.996549999999999e-07,1.1545988564167724e-07,True,True,False,0,False,,,5.29864092187642,3.0,True,True,59156.00001157408,59156.00001157408,weekly,10.0,sigma,computed,/home/lkoo/projects/AutomationDetection/DownloadedLC/incremental/quiescent_background_cache.csv,,,,,,False,not_in_flare_streak
4FGL J1800.6+7828,556,557,59163.00001157408,4.07e-07,3.57e-08,3.19e-07,1.239419773299748e-07,1.1545988564167724e-07,1.0237996514049303e-09,1.1545988564167724e-07,1.0237996514049303e-09,7.996549999999999e-07,7.996549999999999e-07,1.1545988564167724e-07,True,True,False,0,False,,,8.163033727799048,3.0,True,True,59156.00001157408,59163.00001157408,weekly,10.0,sigma,computed,/home/lkoo/projects/AutomationDetection/DownloadedLC/incremental/quiescent_background_cache.csv,,,,,,False,not_in_flare_streak
4FGL J1800.6+7828,557,558,59170.00001157408,3.45e-07,3.22e-08,4.07e-07,1.239419773299748e-07,1.1545988564167724e-07,1.0237996514049303e-09,1.1545988564167724e-07,1.0237996514049303e-09,7.996549999999999e-07,7.996549999999999e-07,1.1545988564167724e-07,False,True,False,0,False,,,7.124974488395709,3.0,True,True,59156.00001157408,59170.00001157408,weekly,10.0,sigma,computed,/home/lkoo/projects/AutomationDetection/DownloadedLC/incremental/quiescent_background_cache.csv,,,,,,False,not_in_flare_streak
4FGL J1800.6+7828,558,559,59177.00001157408,1.39e-07,3.06e-08,3.45e-07,1.239419773299748e-07,1.1545988564167724e-07,1.0237996514049303e-09,1.1545988564167724e-07,1.0237996514049303e-09,7.996549999999999e-07,7.996549999999999e-07,1.1545988564167724e-07,False,True,False,0,False,,,0.7688545736250519,3.0,False,True,59156.00001157408,59177.00001157408,weekly,10.0,sigma,computed,/home/lkoo/projects/AutomationDetection/DownloadedLC/incremental/quiescent_background_cache.csv,,,,,,False,not_in_flare_streak
4FGL J1800.6+7828,559,560,59184.00001157408,1.25e-07,3.37e-08,1.39e-07,1.239419773299748e-07,1.1545988564167724e-07,1.0237996514049303e-09,1.1545988564167724e-07,1.0237996514049303e-09,7.996549999999999e-07,7.996549999999999e-07,1.1545988564167724e-07,False,True,False,0,False,,,0.28295890090174597,3.0,False,True,59156.00001157408,59184.00001157408,weekly,10.0,sigma,computed,/home/lkoo/projects/AutomationDetection/DownloadedLC/incremental/quiescent_background_cache.csv,,,,,,False,not_in_flare_streak
4FGL J1800.6+7828,560,561,59191.00001157408,1.93e-07,3.36e-08,1.25e-07,1.239419773299748e-07,1.1545988564167724e-07,1.0237996514049303e-09,1.1545988564167724e-07,1.0237996514049303e-09,7.996549999999999e-07,7.996549999999999e-07,1.1545988564167724e-07,True,True,False,0,False,,,2.3066709504204184,3.0,False,True,59156.00001157408,59191.00001157408,weekly,10.0,sigma,computed,/home/lkoo/projects/AutomationDetection/DownloadedLC/incremental/quiescent_background_cache.csv,,,,,,False,not_in_flare_streak
4FGL J1800.6+7828,561,562,59198.00001157408,1.9e-07,3.49e-08,1.93e-07,1.239419773299748e-07,1.1545988564167724e-07,1.0237996514049303e-09,1.1545988564167724e-07,1.0237996514049303e-09,7.996549999999999e-07,7.996549999999999e-07,1.1545988564167724e-07,False,True,False,0,False,,,2.134901492128174,3.0,False,True,59156.00001157408,59198.00001157408,weekly,10.0,sigma,computed,/home/lkoo/projects/AutomationDetection/DownloadedLC/incremental/quiescent_background_cache.csv,,,,,,False,not_in_flare_streak
4FGL J1800.6+7828,562,563,59205.00001157408,3.48e-07,3.72e-08,1.9e-07,1.239419773299748e-07,1.1545988564167724e-07,1.0237996514049303e-09,1.1545988564167724e-07,1.0237996514049303e-09,7.996549999999999e-07,7.996549999999999e-07,1.1545988564167724e-07,True,True,False,0,False,,,6.248712301262875,3.0,True,True,59156.00001157408,59205.00001157408,weekly,10.0,sigma,computed,/home/lkoo/projects/AutomationDetection/DownloadedLC/incremental/quiescent_background_cache.csv,,,,,,False,not_in_flare_streak
4FGL J1800.6+7828,563,564,59212.00001157408,4.9e-07,3.63e-08,3.48e-07,1.239419773299748e-07,1.1545988564167724e-07,1.0237996514049303e-09,1.1545988564167724e-07,1.0237996514049303e-09,7.996549999999999e-07,7.996549999999999e-07,1.1545988564167724e-07,True,True,False,0,False,,,10.313808206455517,3.0,True,True,59156.00001157408,59212.00001157408,weekly,10.0,sigma,computed,/home/lkoo/projects/AutomationDetection/DownloadedLC/incremental/quiescent_background_cache.csv,,,,,,False,not_in_flare_streak
4FGL J1800.6+7828,564,565,59219.00001157408,4.27e-07,3.93e-08,4.9e-07,1.239419773299748e-07,1.1545988564167724e-07,1.0237996514049303e-09,1.1545988564167724e-07,1.0237996514049303e-09,7.996549999999999e-07,7.996549999999999e-07,1.1545988564167724e-07,False,True,False,0,False,,,7.924540840417907,3.0,True,True,59156.00001157408,59219.00001157408,weekly,10.0,sigma,computed,/home/lkoo/projects/AutomationDetection/DownloadedLC/incremental/quiescent_background_cache.csv,,,,,,False,not_in_flare_streak
4FGL J1800.6+7828,565,566,59226.00001157408,2.72e-07,3.61e-08,4.27e-07,1.239419773299748e-07,1.1545988564167724e-07,1.0237996514049303e-09,1.1545988564167724e-07,1.0237996514049303e-09,7.996549999999999e-07,7.996549999999999e-07,1.1545988564167724e-07,False,True,False,0,False,,,4.3345484782552255,3.0,True,True,59156.00001157408,59226.00001157408,weekly,10.0,sigma,computed,/home/lkoo/projects/AutomationDetection/DownloadedLC/incremental/quiescent_background_cache.csv,,,,,,False,not_in_flare_streak
4FGL J1800.6+7828,566,567,59233.00001157408,1.53e-07,2.99e-08,2.72e-07,1.239419773299748e-07,1.1545988564167724e-07,1.0237996514049303e-09,1.1545988564167724e-07,1.0237996514049303e-09,7.996549999999999e-07,7.996549999999999e-07,1.1545988564167724e-07,False,True,False,0,False,,,1.2547868588301674,3.0,False,True,59156.00001157408,59233.00001157408,weekly,10.0,sigma,computed,/home/lkoo/projects/AutomationDetection/DownloadedLC/incremental/quiescent_background_cache.csv,,,,,,False,not_in_flare_streak
4FGL J1800.6+7828,567,568,59240.00001157408,9.35e-08,2.69e-08,1.53e-07,1.239419773299748e-07,1.1545988564167724e-07,1.0237996514049303e-09,1.1545988564167724e-07,1.0237996514049303e-09,7.996549999999999e-07,7.996549999999999e-07,1.1545988564167724e-07,False,False,False,0,False,,,-0.8157620148662351,3.0,False,False,,,weekly,10.0,sigma,computed,/home/lkoo/projects/AutomationDetection/DownloadedLC/incremental/quiescent_background_cache.csv,,,,,,False,not_in_flare_streak
4FGL J1800.6+7828,568,569,59247.00001157408,1.15e-07,2.65e-08,9.35e-08,1.239419773299748e-07,1.1545988564167724e-07,1.0237996514049303e-09,1.1545988564167724e-07,1.0237996514049303e-09,7.996549999999999e-07,7.996549999999999e-07,1.1545988564167724e-07,True,False,False,0,False,,,-0.017341238372802215,3.0,False,False,,,weekly,10.0,sigma,computed,/home/lkoo/projects/AutomationDetection/DownloadedLC/incremental/quiescent_background_cache.csv,,,,,,False,not_in_flare_streak
4FGL J1800.6+7828,569,570,59254.00001157408,1.39e-07,2.54e-08,1.15e-07,1.239419773299748e-07,1.1545988564167724e-07,1.0237996514049303e-09,1.1545988564167724e-07,1.0237996514049303e-09,7.996549999999999e-07,7.996549999999999e-07,1.1545988564167724e-07,True,True,False,0,False,,,0.9260242238084467,3.0,False,False,,,weekly,10.0,sigma,computed,/home/lkoo/projects/AutomationDetection/DownloadedLC/incremental/quiescent_background_cache.csv,,,,,,False,not_in_flare_streak
4FGL J1800.6+7828,570,571,59261.00001157408,1.78e-07,2.75e-08,1.39e-07,1.239419773299748e-07,1.1545988564167724e-07,1.0237996514049303e-09,1.1545988564167724e-07,1.0237996514049303e-09,7.996549999999999e-07,7.996549999999999e-07,1.1545988564167724e-07,True,True,False,0,False,,,2.272611597317009,3.0,False,False,,,weekly,10.0,sigma,computed,/home/lkoo/projects/AutomationDetection/DownloadedLC/incremental/quiescent_background_cache.csv,,,,,,False,not_in_flare_streak
4FGL J1800.6+7828,571,572,59268.00001157408,2.99e-07,3.8e-08,1.78e-07,1.239419773299748e-07,1.1545988564167724e-07,1.0237996514049303e-09,1.1545988564167724e-07,1.0237996514049303e-09,7.996549999999999e-07,7.996549999999999e-07,1.1545988564167724e-07,True,True,False,0,False,,,4.828250970254528,3.0,True,True,59268.00001157408,59268.00001157408,weekly,10.0,sigma,computed,/home/lkoo/projects/AutomationDetection/DownloadedLC/incremental/quiescent_background_cache.csv,,,,,,False,not_in_flare_streak
4FGL J1800.6+7828,572,573,59275.00001157408,2.72e-07,3.8e-08,2.99e-07,1.239419773299748e-07,1.1545988564167724e-07,1.0237996514049303e-09,1.1545988564167724e-07,1.0237996514049303e-09,7.996549999999999e-07,7.996549999999999e-07,1.1545988564167724e-07,False,True,False,0,False,,,4.117982391352115,3.0,True,True,59268.00001157408,59275.00001157408,weekly,10.0,sigma,computed,/home/lkoo/projects/AutomationDetection/DownloadedLC/incremental/quiescent_background_cache.csv,,,,,,False,not_in_flare_streak
4FGL J1800.6+7828,573,574,59282.00001157408,3.03e-07,3.76e-08,2.72e-07,1.239419773299748e-07,1.1545988564167724e-07,1.0237996514049303e-09,1.1545988564167724e-07,1.0237996514049303e-09,7.996549999999999e-07,7.996549999999999e-07,1.1545988564167724e-07,True,True,False,0,False,,,4.9859210532485845,3.0,True,True,59268.00001157408,59282.00001157408,weekly,10.0,sigma,computed,/home/lkoo/projects/AutomationDetection/DownloadedLC/incremental/quiescent_background_cache.csv,,,,,,False,not_in_flare_streak
4FGL J1800.6+7828,574,575,59289.00001157408,9.97e-07,5.75e-08,3.03e-07,1.239419773299748e-07,1.1545988564167724e-07,1.0237996514049303e-09,1.1545988564167724e-07,1.0237996514049303e-09,7.996549999999999e-07,7.996549999999999e-07,1.1545988564167724e-07,True,True,False,0,False,,,15.328702820944432,3.0,True,True,59268.00001157408,59289.00001157408,weekly,10.0,sigma,computed,/home/lkoo/projects/AutomationDetection/DownloadedLC/incremental/quiescent_background_cache.csv,,,,,,False,not_in_flare_streak
4FGL J1800.6+7828,575,576,59296.00001157408,5.64e-07,4.73e-08,9.97e-07,1.239419773299748e-07,1.1545988564167724e-07,1.0237996514049303e-09,1.1545988564167724e-07,1.0237996514049303e-09,7.996549999999999e-07,7.996549999999999e-07,1.1545988564167724e-07,False,True,False,0,False,,,9.480657107948298,3.0,True,True,59268.00001157408,59296.00001157408,weekly,10.0,sigma,computed,/home/lkoo/projects/AutomationDetection/DownloadedLC/incremental/quiescent_background_cache.csv,,,,,,False,not_in_flare_streak
4FGL J1800.6+7828,576,577,59303.00001157408,5.2e-07,4.88e-08,5.64e-07,1.239419773299748e-07,1.1545988564167724e-07,1.0237996514049303e-09,1.1545988564167724e-07,1.0237996514049303e-09,7.996549999999999e-07,7.996549999999999e-07,1.1545988564167724e-07,False,True,False,0,False,,,8.287932719285665,3.0,True,True,59268.00001157408,59303.00001157408,weekly,10.0,sigma,computed,/home/lkoo/projects/AutomationDetection/DownloadedLC/incremental/quiescent_background_cache.csv,,,,,,False,not_in_flare_streak
4FGL J1800.6+7828,577,578,59310.00001157408,5.88e-07,4.8e-08,5.2e-07,1.239419773299748e-07,1.1545988564167724e-07,1.0237996514049303e-09,1.1545988564167724e-07,1.0237996514049303e-09,7.996549999999999e-07,7.996549999999999e-07,1.1545988564167724e-07,True,True,False,0,False,,,9.842347165904167,3.0,True,True,59268.00001157408,59310.00001157408,weekly,10.0,sigma,computed,/home/lkoo/projects/AutomationDetection/DownloadedLC/incremental/quiescent_background_cache.csv,,,,,,False,not_in_flare_streak
4FGL J1800.6+7828,578,579,59317.00001157408,3.08e-07,3.74e-08,5.88e-07,1.239419773299748e-07,1.1545988564167724e-07,1.0237996514049303e-09,1.1545988564167724e-07,1.0237996514049303e-09,7.996549999999999e-07,7.996549999999999e-07,1.1545988564167724e-07,False,True,False,0,False,,,5.146203598154619,3.0,True,True,59268.00001157408,59317.00001157408,weekly,10.0,sigma,computed,/home/lkoo/projects/AutomationDetection/DownloadedLC/incremental/quiescent_background_cache.csv,,,,,,False,not_in_flare_streak
4FGL J1800.6+7828,579,580,59324.00001157408,2.46e-07,2.74e-08,3.08e-07,1.239419773299748e-07,1.1545988564167724e-07,1.0237996514049303e-09,1.1545988564167724e-07,1.0237996514049303e-09,7.996549999999999e-07,7.996549999999999e-07,1.1545988564167724e-07,False,True,False,0,False,,,4.76091545831974,3.0,True,True,59268.00001157408,59324.00001157408,weekly,10.0,sigma,computed,/home/lkoo/projects/AutomationDetection/DownloadedLC/incremental/quiescent_background_cache.csv,,,,,,False,not_in_flare_streak
4FGL J1800.6+7828,580,581,59331.00001157408,1.59e-07,2.18e-08,2.46e-07,1.239419773299748e-07,1.1545988564167724e-07,1.0237996514049303e-09,1.1545988564167724e-07,1.0237996514049303e-09,7.996549999999999e-07,7.996549999999999e-07,1.1545988564167724e-07,False,True,False,0,False,,,1.9950540679338515,3.0,False,True,59268.00001157408,59331.00001157408,weekly,10.0,sigma,computed,/home/lkoo/projects/AutomationDetection/DownloadedLC/incremental/quiescent_background_cache.csv,,,,,,False,not_in_flare_streak
4FGL J1800.6+7828,581,582,59338.00001157408,1.33e-07,2.87e-08,1.59e-07,1.239419773299748e-07,1.1545988564167724e-07,1.0237996514049303e-09,1.1545988564167724e-07,1.0237996514049303e-09,7.996549999999999e-07,7.996549999999999e-07,1.1545988564167724e-07,False,True,False,0,False,,,0.6107653270149817,3.0,False,True,59268.00001157408,59338.00001157408,weekly,10.0,sigma,computed,/home/lkoo/projects/AutomationDetection/DownloadedLC/incremental/quiescent_background_cache.csv,,,,,,False,not_in_flare_streak
4FGL J1800.6+7828,582,583,59345.00001157408,1.73e-07,3.5e-08,1.33e-07,1.239419773299748e-07,1.1545988564167724e-07,1.0237996514049303e-09,1.1545988564167724e-07,1.0237996514049303e-09,7.996549999999999e-07,7.996549999999999e-07,1.1545988564167724e-07,True,True,False,0,False,,,1.643300376426319,3.0,False,True,59268.00001157408,59345.00001157408,weekly,10.0,sigma,computed,/home/lkoo/projects/AutomationDetection/DownloadedLC/incremental/quiescent_background_cache.csv,,,,,,False,not_in_flare_streak
4FGL J1800.6+7828,583,584,59352.00001157408,2.83e-07,3.97e-08,1.73e-07,1.239419773299748e-07,1.1545988564167724e-07,1.0237996514049303e-09,1.1545988564167724e-07,1.0237996514049303e-09,7.996549999999999e-07,7.996549999999999e-07,1.1545988564167724e-07,True,True,False,0,False,,,4.21875142420537,3.0,True,True,59268.00001157408,59352.00001157408,weekly,10.0,sigma,computed,/home/lkoo/projects/AutomationDetection/DownloadedLC/incremental/quiescent_background_cache.csv,,,,,,False,not_in_flare_streak
4FGL J1800.6+7828,584,585,59359.00001157408,2.57e-07,3.74e-08,2.83e-07,1.239419773299748e-07,1.1545988564167724e-07,1.0237996514049303e-09,1.1545988564167724e-07,1.0237996514049303e-09,7.996549999999999e-07,7.996549999999999e-07,1.1545988564167724e-07,False,True,False,0,False,,,3.7830778704039507,3.0,True,True,59268.00001157408,59359.00001157408,weekly,10.0,sigma,computed,/home/lkoo/projects/AutomationDetection/DownloadedLC/incremental/quiescent_background_cache.csv,,,,,,False,not_in_flare_streak
4FGL J1800.6+7828,585,586,59366.00001157408,1.72e-07,2.88e-08,2.57e-07,1.239419773299748e-07,1.1545988564167724e-07,1.0237996514049303e-09,1.1545988564167724e-07,1.0237996514049303e-09,7.996549999999999e-07,7.996549999999999e-07,1.1545988564167724e-07,False,True,False,0,False,,,1.961959139895963,3.0,False,True,59268.00001157408,59366.00001157408,weekly,10.0,sigma,computed,/home/lkoo/projects/AutomationDetection/DownloadedLC/incremental/quiescent_background_cache.csv,,,,,,False,not_in_flare_streak
4FGL J1800.6+7828,586,587,59373.00001157408,1.36e-07,2.31e-08,1.72e-07,1.239419773299748e-07,1.1545988564167724e-07,1.0237996514049303e-09,1.1545988564167724e-07,1.0237996514049303e-09,7.996549999999999e-07,7.996549999999999e-07,1.1545988564167724e-07,False,True,False,0,False,,,0.8883104173540504,3.0,False,True,59268.00001157408,59373.00001157408,weekly,10.0,sigma,computed,/home/lkoo/projects/AutomationDetection/DownloadedLC/incremental/quiescent_background_cache.csv,,,,,,False,not_in_flare_streak
4FGL J1800.6+7828,587,588,59380.00001157408,1.82e-07,2.74e-08,1.36e-07,1.239419773299748e-07,1.1545988564167724e-07,1.0237996514049303e-09,1.1545988564167724e-07,1.0237996514049303e-09,7.996549999999999e-07,7.996549999999999e-07,1.1545988564167724e-07,True,True,False,0,False,,,2.426777857550609,3.0,False,True,59268.00001157408,59380.00001157408,weekly,10.0,sigma,computed,/home/lkoo/projects/AutomationDetection/DownloadedLC/incremental/quiescent_background_cache.csv,,,,,,False,not_in_flare_streak
4FGL J1800.6+7828,588,589,59387.00001157408,1.57e-07,3.29e-08,1.82e-07,1.239419773299748e-07,1.1545988564167724e-07,1.0237996514049303e-09,1.1545988564167724e-07,1.0237996514049303e-09,7.996549999999999e-07,7.996549999999999e-07,1.1545988564167724e-07,False,True,False,0,False,,,1.262006565363539,3.0,False,True,59268.00001157408,59387.00001157408,weekly,10.0,sigma,computed,/home/lkoo/projects/AutomationDetection/DownloadedLC/incremental/quiescent_background_cache.csv,,,,,,False,not_in_flare_streak
4FGL J1800.6+7828,589,590,59394.00001157408,1.67e-07,3.27e-08,1.57e-07,1.239419773299748e-07,1.1545988564167724e-07,1.0237996514049303e-09,1.1545988564167724e-07,1.0237996514049303e-09,7.996549999999999e-07,7.996549999999999e-07,1.1545988564167724e-07,True,True,False,0,False,,,1.575378347270497,3.0,False,True,59268.00001157408,59394.00001157408,weekly,10.0,sigma,computed,/home/lkoo/projects/AutomationDetection/DownloadedLC/incremental/quiescent_background_cache.csv,,,,,,False,not_in_flare_streak
4FGL J1800.6+7828,590,591,59401.00001157408,1.26e-07,3.24e-08,1.67e-07,1.239419773299748e-07,1.1545988564167724e-07,1.0237996514049303e-09,1.1545988564167724e-07,1.0237996514049303e-09,7.996549999999999e-07,7.996549999999999e-07,1.1545988564167724e-07,False,True,False,0,False,,,0.32514988401439593,3.0,False,True,59268.00001157408,59401.00001157408,weekly,10.0,sigma,computed,/home/lkoo/projects/AutomationDetection/DownloadedLC/incremental/quiescent_background_cache.csv,,,,,,False,not_in_flare_streak
4FGL J1800.6+7828,591,592,59408.00001157408,1.86e-07,3.07e-08,1.26e-07,1.239419773299748e-07,1.1545988564167724e-07,1.0237996514049303e-09,1.1545988564167724e-07,1.0237996514049303e-09,7.996549999999999e-07,7.996549999999999e-07,1.1545988564167724e-07,True,True,False,0,False,,,2.2964469826980953,3.0,False,True,59268.00001157408,59408.00001157408,weekly,10.0,sigma,computed,/home/lkoo/projects/AutomationDetection/DownloadedLC/incremental/quiescent_background_cache.csv,,,,,,False,not_in_flare_streak
4FGL J1800.6+7828,592,593,59415.00001157408,1.25e-07,2.18e-08,1.86e-07,1.239419773299748e-07,1.1545988564167724e-07,1.0237996514049303e-09,1.1545988564167724e-07,1.0237996514049303e-09,7.996549999999999e-07,7.996549999999999e-07,1.1545988564167724e-07,False,True,False,0,False,,,0.4371381251433887,3.0,False,True,59268.00001157408,59415.00001157408,weekly,10.0,sigma,computed,/home/lkoo/projects/AutomationDetection/DownloadedLC/incremental/quiescent_background_cache.csv,,,,,,False,not_in_flare_streak
4FGL J1800.6+7828,593,594,59422.00001157408,1.13e-07,2.29e-08,1.25e-07,1.239419773299748e-07,1.1545988564167724e-07,1.0237996514049303e-09,1.1545988564167724e-07,1.0237996514049303e-09,7.996549999999999e-07,7.996549999999999e-07,1.1545988564167724e-07,False,False,False,0,False,,,-0.10731139605491928,3.0,False,False,,,weekly,10.0,sigma,computed,/home/lkoo/projects/AutomationDetection/DownloadedLC/incremental/quiescent_background_cache.csv,,,,,,False,not_in_flare_streak
4FGL J1800.6+7828,594,595,59429.00001157408,8.88e-08,2.4e-08,1.13e-07,1.239419773299748e-07,1.1545988564167724e-07,1.0237996514049303e-09,1.1545988564167724e-07,1.0237996514049303e-09,7.996549999999999e-07,7.996549999999999e-07,1.1545988564167724e-07,False,False,False,0,False,,,-1.1098192404872995,3.0,False,False,,,weekly,10.0,sigma,computed,/home/lkoo/projects/AutomationDetection/DownloadedLC/incremental/quiescent_background_cache.csv,,,,,,False,not_in_flare_streak
4FGL J1800.6+7828,595,596,59436.00001157408,9.69e-08,2.62e-08,8.88e-08,1.239419773299748e-07,1.1545988564167724e-07,1.0237996514049303e-09,1.1545988564167724e-07,1.0237996514049303e-09,7.996549999999999e-07,7.996549999999999e-07,1.1545988564167724e-07,True,False,False,0,False,,,-0.7078523571312755,3.0,False,False,,,weekly,10.0,sigma,computed,/home/lkoo/projects/AutomationDetection/DownloadedLC/incremental/quiescent_background_cache.csv,,,,,,False,not_in_flare_streak
4FGL J1800.6+7828,596,597,59443.00001157408,1.01e-07,2.76e-08,9.69e-08,1.239419773299748e-07,1.1545988564167724e-07,1.0237996514049303e-09,1.1545988564167724e-07,1.0237996514049303e-09,7.996549999999999e-07,7.996549999999999e-07,1.1545988564167724e-07,True,False,False,0,False,,,-0.5235488277975465,3.0,False,False,,,weekly,10.0,sigma,computed,/home/lkoo/projects/AutomationDetection/DownloadedLC/incremental/quiescent_background_cache.csv,,,,,,False,not_in_flare_streak
4FGL J1800.6+7828,597,598,59450.00001157408,3.67e-08,1.91e-08,1.01e-07,1.239419773299748e-07,1.1545988564167724e-07,1.0237996514049303e-09,1.1545988564167724e-07,1.0237996514049303e-09,7.996549999999999e-07,7.996549999999999e-07,1.1545988564167724e-07,False,False,False,0,False,,,-4.117643094824355,3.0,False,False,,,weekly,10.0,sigma,computed,/home/lkoo/projects/AutomationDetection/DownloadedLC/incremental/quiescent_background_cache.csv,,,,,,False,not_in_flare_streak
4FGL J1800.6+7828,598,599,59457.00001157408,4.43e-08,3.56e-08,3.67e-08,1.239419773299748e-07,1.1545988564167724e-07,1.0237996514049303e-09,1.1545988564167724e-07,1.0237996514049303e-09,7.996549999999999e-07,7.996549999999999e-07,1.1545988564167724e-07,True,False,False,0,False,,,-1.9980471239472055,3.0,False,False,,,weekly,10.0,sigma,computed,/home/lkoo/projects/AutomationDetection/DownloadedLC/incremental/quiescent_background_cache.csv,,,,,,False,not_in_flare_streak
4FGL J1800.6+7828,599,600,59464.00001157408,4.48e-08,1.72e-08,4.43e-08,1.239419773299748e-07,1.1545988564167724e-07,1.0237996514049303e-09,1.1545988564167724e-07,1.0237996514049303e-09,7.996549999999999e-07,7.996549999999999e-07,1.1545988564167724e-07,True,False,False,0,False,,,-4.100874578293274,3.0,False,False,,,weekly,10.0,sigma,computed,/home/lkoo/projects/AutomationDetection/DownloadedLC/incremental/quiescent_background_cache.csv,,,,,,False,not_in_flare_streak
4FGL J1800.6+7828,600,601,59471.00001157408,4.89e-08,1.82e-08,4.48e-08,1.239419773299748e-07,1.1545988564167724e-07,1.0237996514049303e-09,1.1545988564167724e-07,1.0237996514049303e-09,7.996549999999999e-07,7.996549999999999e-07,1.1545988564167724e-07,True,False,False,0,False,,,-3.651364004451088,3.0,False,False,,,weekly,10.0,sigma,computed,/home/lkoo/projects/AutomationDetection/DownloadedLC/incremental/quiescent_background_cache.csv,,,,,,False,not_in_flare_streak
4FGL J1800.6+7828,601,602,59478.00001157408,5.92e-08,2.14e-08,4.89e-08,1.239419773299748e-07,1.1545988564167724e-07,1.0237996514049303e-09,1.1545988564167724e-07,1.0237996514049303e-09,7.996549999999999e-07,7.996549999999999e-07,1.1545988564167724e-07,True,False,False,0,False,,,-2.625963221619723,3.0,False,False,,,weekly,10.0,sigma,computed,/home/lkoo/projects/AutomationDetection/DownloadedLC/incremental/quiescent_background_cache.csv,,,,,,False,not_in_flare_streak
4FGL J1800.6+7828,602,603,59485.00001157408,7.3e-08,2.04e-08,5.92e-08,1.239419773299748e-07,1.1545988564167724e-07,1.0237996514049303e-09,1.1545988564167724e-07,1.0237996514049303e-09,7.996549999999999e-07,7.996549999999999e-07,1.1545988564167724e-07,True,False,False,0,False,,,-2.0787507558649287,3.0,False,False,,,weekly,10.0,sigma,computed,/home/lkoo/projects/AutomationDetection/DownloadedLC/incremental/quiescent_background_cache.csv,,,,,,False,not_in_flare_streak
4FGL J1800.6+7828,603,604,59492.00001157408,5.24e-08,1.96e-08,7.3e-08,1.239419773299748e-07,1.1545988564167724e-07,1.0237996514049303e-09,1.1545988564167724e-07,1.0237996514049303e-09,7.996549999999999e-07,7.996549999999999e-07,1.1545988564167724e-07,False,False,False,0,False,,,-3.212960870121661,3.0,False,False,,,weekly,10.0,sigma,computed,/home/lkoo/projects/AutomationDetection/DownloadedLC/incremental/quiescent_background_cache.csv,,,,,,False,not_in_flare_streak
4FGL J1800.6+7828,604,605,59499.00001157408,8.93e-08,2.82e-08,5.24e-08,1.239419773299748e-07,1.1545988564167724e-07,1.0237996514049303e-09,1.1545988564167724e-07,1.0237996514049303e-09,7.996549999999999e-07,7.996549999999999e-07,1.1545988564167724e-07,True,False,False,0,False,,,-0.9270447749145413,3.0,False,False,,,weekly,10.0,sigma,computed,/home/lkoo/projects/AutomationDetection/DownloadedLC/incremental/quiescent_background_cache.csv,,,,,,False,not_in_flare_streak
4FGL J1800.6+7828,605,606,59506.00001157408,5.58e-08,2.28e-08,8.93e-08,1.239419773299748e-07,1.1545988564167724e-07,1.0237996514049303e-09,1.1545988564167724e-07,1.0237996514049303e-09,7.996549999999999e-07,7.996549999999999e-07,1.1545988564167724e-07,False,False,False,0,False,,,-2.6140276150977653,3.0,False,False,,,weekly,10.0,sigma,computed,/home/lkoo/projects/AutomationDetection/DownloadedLC/incremental/quiescent_background_cache.csv,,,,,,False,not_in_flare_streak
4FGL J1800.6+7828,606,607,59513.00001157408,6.21e-08,2.27e-08,5.58e-08,1.239419773299748e-07,1.1545988564167724e-07,1.0237996514049303e-09,1.1545988564167724e-07,1.0237996514049303e-09,7.996549999999999e-07,7.996549999999999e-07,1.1545988564167724e-07,True,False,False,0,False,,,-2.348268629175175,3.0,False,False,,,weekly,10.0,sigma,computed,/home/lkoo/projects/AutomationDetection/DownloadedLC/incremental/quiescent_background_cache.csv,,,,,,False,not_in_flare_streak
4FGL J1800.6+7828,607,608,59520.00001157408,2.95e-08,1.94e-08,6.21e-08,1.239419773299748e-07,1.1545988564167724e-07,1.0237996514049303e-09,1.1545988564167724e-07,1.0237996514049303e-09,7.996549999999999e-07,7.996549999999999e-07,1.1545988564167724e-07,False,False,False,0,False,,,-4.424764721037571,3.0,False,False,,,weekly,10.0,sigma,computed,/home/lkoo/projects/AutomationDetection/DownloadedLC/incremental/quiescent_background_cache.csv,,,,,,False,not_in_flare_streak
4FGL J1800.6+7828,608,609,59527.00001157408,6.44e-08,2.08e-08,2.95e-08,1.239419773299748e-07,1.1545988564167724e-07,1.0237996514049303e-09,1.1545988564167724e-07,1.0237996514049303e-09,7.996549999999999e-07,7.996549999999999e-07,1.1545988564167724e-07,True,False,False,0,False,,,-2.4518339370680633,3.0,False,False,,,weekly,10.0,sigma,computed,/home/lkoo/projects/AutomationDetection/DownloadedLC/incremental/quiescent_background_cache.csv,,,,,,False,not_in_flare_streak
4FGL J1800.6+7828,609,610,59534.00001157408,5.08e-08,1.8e-08,6.44e-08,1.239419773299748e-07,1.1545988564167724e-07,1.0237996514049303e-09,1.1545988564167724e-07,1.0237996514049303e-09,7.996549999999999e-07,7.996549999999999e-07,1.1545988564167724e-07,False,False,False,0,False,,,-3.586419377496842,3.0,False,False,,,weekly,10.0,sigma,computed,/home/lkoo/projects/AutomationDetection/DownloadedLC/incremental/quiescent_background_cache.csv,,,,,,False,not_in_flare_streak
4FGL J1800.6+7828,610,611,59541.00001157408,3.12e-08,1.28e-08,5.08e-08,1.239419773299748e-07,1.1545988564167724e-07,1.0237996514049303e-09,1.1545988564167724e-07,1.0237996514049303e-09,7.996549999999999e-07,7.996549999999999e-07,1.1545988564167724e-07,False,False,False,0,False,,,-6.561847333507812,3.0,False,False,,,weekly,10.0,sigma,computed,/home/lkoo/projects/AutomationDetection/DownloadedLC/incremental/quiescent_background_cache.csv,,,,,,False,not_in_flare_streak
4FGL J1800.6+7828,611,612,59548.00001157408,6.66e-08,2.16e-08,3.12e-08,1.239419773299748e-07,1.1545988564167724e-07,1.0237996514049303e-09,1.1545988564167724e-07,1.0237996514049303e-09,7.996549999999999e-07,7.996549999999999e-07,1.1545988564167724e-07,True,False,False,0,False,,,-2.2594950950263986,3.0,False,False,,,weekly,10.0,sigma,computed,/home/lkoo/projects/AutomationDetection/DownloadedLC/incremental/quiescent_background_cache.csv,,,,,,False,not_in_flare_streak
4FGL J1800.6+7828,612,613,59555.00001157408,9.34e-08,2.53e-08,6.66e-08,1.239419773299748e-07,1.1545988564167724e-07,1.0237996514049303e-09,1.1545988564167724e-07,1.0237996514049303e-09,7.996549999999999e-07,7.996549999999999e-07,1.1545988564167724e-07,True,False,False,0,False,,,-0.871219207369573,3.0,False,False,,,weekly,10.0,sigma,computed,/home/lkoo/projects/AutomationDetection/DownloadedLC/incremental/quiescent_background_cache.csv,,,,,,False,not_in_flare_streak
4FGL J1800.6+7828,613,614,59562.00001157408,1.18e-07,2.75e-08,9.34e-08,1.239419773299748e-07,1.1545988564167724e-07,1.0237996514049303e-09,1.1545988564167724e-07,1.0237996514049303e-09,7.996549999999999e-07,7.996549999999999e-07,1.1545988564167724e-07,True,True,False,0,False,,,0.09230385023220734,3.0,False,False,,,weekly,10.0,sigma,computed,/home/lkoo/projects/AutomationDetection/DownloadedLC/incremental/quiescent_background_cache.csv,,,,,,False,not_in_flare_streak
4FGL J1800.6+7828,614,615,59569.00001157408,1.03e-07,3.07e-08,1.18e-07,1.239419773299748e-07,1.1545988564167724e-07,1.0237996514049303e-09,1.1545988564167724e-07,1.0237996514049303e-09,7.996549999999999e-07,7.996549999999999e-07,1.1545988564167724e-07,False,False,False,0,False,,,-0.4056339721997778,3.0,False,False,,,weekly,10.0,sigma,computed,/home/lkoo/projects/AutomationDetection/DownloadedLC/incremental/quiescent_background_cache.csv,,,,,,False,not_in_flare_streak
4FGL J1800.6+7828,615,616,59576.00001157408,1.15e-07,2.21e-08,1.03e-07,1.239419773299748e-07,1.1545988564167724e-07,1.0237996514049303e-09,1.1545988564167724e-07,1.0237996514049303e-09,7.996549999999999e-07,7.996549999999999e-07,1.1545988564167724e-07,True,False,False,0,False,,,-0.020787011738255142,3.0,False,False,,,weekly,10.0,sigma,computed,/home/lkoo/projects/AutomationDetection/DownloadedLC/incremental/quiescent_background_cache.csv,,,,,,False,not_in_flare_streak
4FGL J1800.6+7828,616,617,59583.00001157408,8.45e-08,2.14e-08,1.15e-07,1.239419773299748e-07,1.1545988564167724e-07,1.0237996514049303e-09,1.1545988564167724e-07,1.0237996514049303e-09,7.996549999999999e-07,7.996549999999999e-07,1.1545988564167724e-07,False,False,False,0,False,,,-1.4450708548964848,3.0,False,False,,,weekly,10.0,sigma,computed,/home/lkoo/projects/AutomationDetection/DownloadedLC/incremental/quiescent_background_cache.csv,,,,,,False,not_in_flare_streak
4FGL J1800.6+7828,617,618,59590.00001157408,1.57e-07,3.03e-08,8.45e-08,1.239419773299748e-07,1.1545988564167724e-07,1.0237996514049303e-09,1.1545988564167724e-07,1.0237996514049303e-09,7.996549999999999e-07,7.996549999999999e-07,1.1545988564167724e-07,True,True,False,0,False,,,1.370178939532383,3.0,False,False,,,weekly,10.0,sigma,computed,/home/lkoo/projects/AutomationDetection/DownloadedLC/incremental/quiescent_background_cache.csv,,,,,,False,not_in_flare_streak
4FGL J1800.6+7828,618,619,59597.00001157408,5.75e-08,1.99e-08,1.57e-07,1.239419773299748e-07,1.1545988564167724e-07,1.0237996514049303e-09,1.1545988564167724e-07,1.0237996514049303e-09,7.996549999999999e-07,7.996549999999999e-07,1.1545988564167724e-07,False,False,False,0,False,,,-2.9087102004292196,3.0,False,False,,,weekly,10.0,sigma,computed,/home/lkoo/projects/AutomationDetection/DownloadedLC/incremental/quiescent_background_cache.csv,,,,,,False,not_in_flare_streak
4FGL J1800.6+7828,619,620,59604.00001157408,1.36e-07,3.2e-08,5.75e-08,1.239419773299748e-07,1.1545988564167724e-07,1.0237996514049303e-09,1.1545988564167724e-07,1.0237996514049303e-09,7.996549999999999e-07,7.996549999999999e-07,1.1545988564167724e-07,True,True,False,0,False,,,0.6415503124392639,3.0,False,False,,,weekly,10.0,sigma,computed,/home/lkoo/projects/AutomationDetection/DownloadedLC/incremental/quiescent_background_cache.csv,,,,,,False,not_in_flare_streak
4FGL J1800.6+7828,620,621,59611.00001157408,1.9e-07,3.39e-08,1.36e-07,1.239419773299748e-07,1.1545988564167724e-07,1.0237996514049303e-09,1.1545988564167724e-07,1.0237996514049303e-09,7.996549999999999e-07,7.996549999999999e-07,1.1545988564167724e-07,True,True,False,0,False,,,2.197821371856763,3.0,False,False,,,weekly,10.0,sigma,computed,/home/lkoo/projects/AutomationDetection/DownloadedLC/incremental/quiescent_background_cache.csv,,,,,,False,not_in_flare_streak
4FGL J1800.6+7828,621,622,59618.00001157408,3.02e-07,3.4e-08,1.9e-07,1.239419773299748e-07,1.1545988564167724e-07,1.0237996514049303e-09,1.1545988564167724e-07,1.0237996514049303e-09,7.996549999999999e-07,7.996549999999999e-07,1.1545988564167724e-07,True,True,False,0,False,,,5.483988300250358,3.0,True,True,59618.00001157408,59618.00001157408,weekly,10.0,sigma,computed,/home/lkoo/projects/AutomationDetection/DownloadedLC/incremental/quiescent_background_cache.csv,,,,,,False,not_in_flare_streak
4FGL J1800.6+7828,622,623,59625.00001157408,2.01e-07,2.57e-08,3.02e-07,1.239419773299748e-07,1.1545988564167724e-07,1.0237996514049303e-09,1.1545988564167724e-07,1.0237996514049303e-09,7.996549999999999e-07,7.996549999999999e-07,1.1545988564167724e-07,False,True,False,0,False,,,3.325771245969309,3.0,True,True,59618.00001157408,59625.00001157408,weekly,10.0,sigma,computed,/home/lkoo/projects/AutomationDetection/DownloadedLC/incremental/quiescent_background_cache.csv,,,,,,False,not_in_flare_streak
4FGL J1800.6+7828,623,624,59632.00001157408,1.74e-07,2.83e-08,2.01e-07,1.239419773299748e-07,1.1545988564167724e-07,1.0237996514049303e-09,1.1545988564167724e-07,1.0237996514049303e-09,7.996549999999999e-07,7.996549999999999e-07,1.1545988564167724e-07,False,True,False,0,False,,,2.0672029928157793,3.0,False,True,59618.00001157408,59632.00001157408,weekly,10.0,sigma,computed,/home/lkoo/projects/AutomationDetection/DownloadedLC/incremental/quiescent_background_cache.csv,,,,,,False,not_in_flare_streak
4FGL J1800.6+7828,624,625,59639.00001157408,1.48e-07,2.91e-08,1.74e-07,1.239419773299748e-07,1.1545988564167724e-07,1.0237996514049303e-09,1.1545988564167724e-07,1.0237996514049303e-09,7.996549999999999e-07,7.996549999999999e-07,1.1545988564167724e-07,False,True,False,0,False,,,1.1175255759218887,3.0,False,True,59618.00001157408,59639.00001157408,weekly,10.0,sigma,computed,/home/lkoo/projects/AutomationDetection/DownloadedLC/incremental/quiescent_background_cache.csv,,,,,,False,not_in_flare_streak
4FGL J1800.6+7828,625,626,59646.00001157408,1.38e-07,2.92e-08,1.48e-07,1.239419773299748e-07,1.1545988564167724e-07,1.0237996514049303e-09,1.1545988564167724e-07,1.0237996514049303e-09,7.996549999999999e-07,7.996549999999999e-07,1.1545988564167724e-07,False,True,False,0,False,,,0.7714476929596752,3.0,False,True,59618.00001157408,59646.00001157408,weekly,10.0,sigma,computed,/home/lkoo/projects/AutomationDetection/DownloadedLC/incremental/quiescent_background_cache.csv,,,,,,False,not_in_flare_streak
4FGL J1800.6+7828,626,627,59653.00001157408,2.65e-06,7.92e-08,1.38e-07,1.239419773299748e-07,1.1545988564167724e-07,1.0237996514049303e-09,1.1545988564167724e-07,1.0237996514049303e-09,7.996549999999999e-07,7.996549999999999e-07,1.1545988564167724e-07,True,True,False,0,False,,,31.999095688580017,3.0,True,True,59618.00001157408,59653.00001157408,weekly,10.0,sigma,computed,/home/lkoo/projects/AutomationDetection/DownloadedLC/incremental/quiescent_background_cache.csv,,,,,,False,not_in_flare_streak
4FGL J1800.6+7828,627,628,59660.00001157408,1.06e-06,5.56e-08,2.65e-06,1.239419773299748e-07,1.1545988564167724e-07,1.0237996514049303e-09,1.1545988564167724e-07,1.0237996514049303e-09,7.996549999999999e-07,7.996549999999999e-07,1.1545988564167724e-07,False,True,False,0,False,,,16.985252262148755,3.0,True,True,59618.00001157408,59660.00001157408,weekly,10.0,sigma,computed,/home/lkoo/projects/AutomationDetection/DownloadedLC/incremental/quiescent_background_cache.csv,,,,,,False,not_in_flare_streak
4FGL J1800.6+7828,628,629,59667.00001157408,3.81e-07,4.08e-08,1.06e-06,1.239419773299748e-07,1.1545988564167724e-07,1.0237996514049303e-09,1.1545988564167724e-07,1.0237996514049303e-09,7.996549999999999e-07,7.996549999999999e-07,1.1545988564167724e-07,False,True,False,0,False,,,6.506288067291135,3.0,True,True,59618.00001157408,59667.00001157408,weekly,10.0,sigma,computed,/home/lkoo/projects/AutomationDetection/DownloadedLC/incremental/quiescent_background_cache.csv,,,,,,False,not_in_flare_streak
4FGL J1800.6+7828,629,630,59674.00001157408,2.8e-07,3.71e-08,3.81e-07,1.239419773299748e-07,1.1545988564167724e-07,1.0237996514049303e-09,1.1545988564167724e-07,1.0237996514049303e-09,7.996549999999999e-07,7.996549999999999e-07,1.1545988564167724e-07,False,True,False,0,False,,,4.433355787207111,3.0,True,True,59618.00001157408,59674.00001157408,weekly,10.0,sigma,computed,/home/lkoo/projects/AutomationDetection/DownloadedLC/incremental/quiescent_background_cache.csv,,,,,,False,not_in_flare_streak
4FGL J1800.6+7828,630,631,59681.00001157408,3.1e-07,3.8e-08,2.8e-07,1.239419773299748e-07,1.1545988564167724e-07,1.0237996514049303e-09,1.1545988564167724e-07,1.0237996514049303e-09,7.996549999999999e-07,7.996549999999999e-07,1.1545988564167724e-07,True,True,False,0,False,,,5.117619650548103,3.0,True,True,59618.00001157408,59681.00001157408,weekly,10.0,sigma,computed,/home/lkoo/projects/AutomationDetection/DownloadedLC/incremental/quiescent_background_cache.csv,,,,,,False,not_in_flare_streak
4FGL J1800.6+7828,631,632,59688.00001157408,1.43e-07,2.68e-08,3.1e-07,1.239419773299748e-07,1.1545988564167724e-07,1.0237996514049303e-09,1.1545988564167724e-07,1.0237996514049303e-09,7.996549999999999e-07,7.996549999999999e-07,1.1545988564167724e-07,False,True,False,0,False,,,1.0268671996832635,3.0,False,True,59618.00001157408,59688.00001157408,weekly,10.0,sigma,computed,/home/lkoo/projects/AutomationDetection/DownloadedLC/incremental/quiescent_background_cache.csv,,,,,,False,not_in_flare_streak
4FGL J1800.6+7828,632,633,59695.00001157408,1.97e-07,2.57e-08,1.43e-07,1.239419773299748e-07,1.1545988564167724e-07,1.0237996514049303e-09,1.1545988564167724e-07,1.0237996514049303e-09,7.996549999999999e-07,7.996549999999999e-07,1.1545988564167724e-07,True,True,False,0,False,,,3.1702525740144014,3.0,True,True,59618.00001157408,59695.00001157408,weekly,10.0,sigma,computed,/home/lkoo/projects/AutomationDetection/DownloadedLC/incremental/quiescent_background_cache.csv,,,,,,False,not_in_flare_streak
4FGL J1800.6+7828,633,634,59702.00001157408,2.22e-07,2.5e-08,1.97e-07,1.239419773299748e-07,1.1545988564167724e-07,1.0237996514049303e-09,1.1545988564167724e-07,1.0237996514049303e-09,7.996549999999999e-07,7.996549999999999e-07,1.1545988564167724e-07,True,True,False,0,False,,,4.258035568514748,3.0,True,True,59618.00001157408,59702.00001157408,weekly,10.0,sigma,computed,/home/lkoo/projects/AutomationDetection/DownloadedLC/incremental/quiescent_background_cache.csv,,,,,,False,not_in_flare_streak
4FGL J1800.6+7828,634,635,59709.00001157408,2.96e-07,3.61e-08,2.22e-07,1.239419773299748e-07,1.1545988564167724e-07,1.0237996514049303e-09,1.1545988564167724e-07,1.0237996514049303e-09,7.996549999999999e-07,7.996549999999999e-07,1.1545988564167724e-07,True,True,False,0,False,,,4.999101228229594,3.0,True,True,59618.00001157408,59709.00001157408,weekly,10.0,sigma,computed,/home/lkoo/projects/AutomationDetection/DownloadedLC/incremental/quiescent_background_cache.csv,,,,,,False,not_in_flare_streak
4FGL J1800.6+7828,635,636,59716.00001157408,2.31e-07,3.29e-08,2.96e-07,1.239419773299748e-07,1.1545988564167724e-07,1.0237996514049303e-09,1.1545988564167724e-07,1.0237996514049303e-09,7.996549999999999e-07,7.996549999999999e-07,1.1545988564167724e-07,False,True,False,0,False,,,3.510158436861483,3.0,True,True,59618.00001157408,59716.00001157408,weekly,10.0,sigma,computed,/home/lkoo/projects/AutomationDetection/DownloadedLC/incremental/quiescent_background_cache.csv,,,,,,False,not_in_flare_streak
4FGL J1800.6+7828,636,637,59723.00001157408,2.27e-07,3.93e-08,2.31e-07,1.239419773299748e-07,1.1545988564167724e-07,1.0237996514049303e-09,1.1545988564167724e-07,1.0237996514049303e-09,7.996549999999999e-07,7.996549999999999e-07,1.1545988564167724e-07,False,True,False,0,False,,,2.837208278612802,3.0,False,True,59618.00001157408,59723.00001157408,weekly,10.0,sigma,computed,/home/lkoo/projects/AutomationDetection/DownloadedLC/incremental/quiescent_background_cache.csv,,,,,,False,not_in_flare_streak
4FGL J1800.6+7828,637,638,59730.00001157408,2.85e-07,3.59e-08,2.27e-07,1.239419773299748e-07,1.1545988564167724e-07,1.0237996514049303e-09,1.1545988564167724e-07,1.0237996514049303e-09,7.996549999999999e-07,7.996549999999999e-07,1.1545988564167724e-07,True,True,False,0,False,,,4.7206466416837864,3.0,True,True,59618.00001157408,59730.00001157408,weekly,10.0,sigma,computed,/home/lkoo/projects/AutomationDetection/DownloadedLC/incremental/quiescent_background_cache.csv,,,,,,False,not_in_flare_streak
4FGL J1800.6+7828,638,639,59737.00001157408,4.97e-07,3.36e-08,2.85e-07,1.239419773299748e-07,1.1545988564167724e-07,1.0237996514049303e-09,1.1545988564167724e-07,1.0237996514049303e-09,7.996549999999999e-07,7.996549999999999e-07,1.1545988564167724e-07,True,True,False,0,False,,,11.350092858303391,3.0,True,True,59618.00001157408,59737.00001157408,weekly,10.0,sigma,computed,/home/lkoo/projects/AutomationDetection/DownloadedLC/incremental/quiescent_background_cache.csv,,,,,,False,not_in_flare_streak
4FGL J1800.6+7828,639,640,59744.00001157408,3.75e-07,2.93e-08,4.97e-07,1.239419773299748e-07,1.1545988564167724e-07,1.0237996514049303e-09,1.1545988564167724e-07,1.0237996514049303e-09,7.996549999999999e-07,7.996549999999999e-07,1.1545988564167724e-07,False,True,False,0,False,,,8.85262176451205,3.0,True,True,59618.00001157408,59744.00001157408,weekly,10.0,sigma,computed,/home/lkoo/projects/AutomationDetection/DownloadedLC/incremental/quiescent_background_cache.csv,,,,,,False,not_in_flare_streak
4FGL J1800.6+7828,640,641,59751.00001157408,2.46e-07,2.89e-08,3.75e-07,1.239419773299748e-07,1.1545988564167724e-07,1.0237996514049303e-09,1.1545988564167724e-07,1.0237996514049303e-09,7.996549999999999e-07,7.996549999999999e-07,1.1545988564167724e-07,False,True,False,0,False,,,4.514127309265652,3.0,True,True,59618.00001157408,59751.00001157408,weekly,10.0,sigma,computed,/home/lkoo/projects/AutomationDetection/DownloadedLC/incremental/quiescent_background_cache.csv,,,,,,False,not_in_flare_streak
4FGL J1800.6+7828,641,642,59758.00001157408,1.22e-07,2.76e-08,2.46e-07,1.239419773299748e-07,1.1545988564167724e-07,1.0237996514049303e-09,1.1545988564167724e-07,1.0237996514049303e-09,7.996549999999999e-07,7.996549999999999e-07,1.1545988564167724e-07,False,True,False,0,False,,,0.23679780676084375,3.0,False,True,59618.00001157408,59758.00001157408,weekly,10.0,sigma,computed,/home/lkoo/projects/AutomationDetection/DownloadedLC/incremental/quiescent_background_cache.csv,,,,,,False,not_in_flare_streak
4FGL J1800.6+7828,642,643,59765.00001157408,8.79e-08,2.62e-08,1.22e-07,1.239419773299748e-07,1.1545988564167724e-07,1.0237996514049303e-09,1.1545988564167724e-07,1.0237996514049303e-09,7.996549999999999e-07,7.996549999999999e-07,1.1545988564167724e-07,False,False,False,0,False,,,-1.0511018435330552,3.0,False,False,,,weekly,10.0,sigma,computed,/home/lkoo/projects/AutomationDetection/DownloadedLC/incremental/quiescent_background_cache.csv,,,,,,False,not_in_flare_streak
4FGL J1800.6+7828,643,644,59772.00001157408,1.27e-07,2.77e-08,8.79e-08,1.239419773299748e-07,1.1545988564167724e-07,1.0237996514049303e-09,1.1545988564167724e-07,1.0237996514049303e-09,7.996549999999999e-07,7.996549999999999e-07,1.1545988564167724e-07,True,True,False,0,False,,,0.41632635988884353,3.0,False,False,,,weekly,10.0,sigma,computed,/home/lkoo/projects/AutomationDetection/DownloadedLC/incremental/quiescent_background_cache.csv,,,,,,False,not_in_flare_streak
4FGL J1800.6+7828,644,645,59779.00001157408,1.48e-07,2.77e-08,1.27e-07,1.239419773299748e-07,1.1545988564167724e-07,1.0237996514049303e-09,1.1545988564167724e-07,1.0237996514049303e-09,7.996549999999999e-07,7.996549999999999e-07,1.1545988564167724e-07,True,True,False,0,False,,,1.173931812157203,3.0,False,False,,,weekly,10.0,sigma,computed,/home/lkoo/projects/AutomationDetection/DownloadedLC/incremental/quiescent_background_cache.csv,,,,,,False,not_in_flare_streak
4FGL J1800.6+7828,645,646,59786.00001157408,1.65e-07,2.3e-08,1.48e-07,1.239419773299748e-07,1.1545988564167724e-07,1.0237996514049303e-09,1.1545988564167724e-07,1.0237996514049303e-09,7.996549999999999e-07,7.996549999999999e-07,1.1545988564167724e-07,True,True,False,0,False,,,2.1517872844312618,3.0,False,False,,,weekly,10.0,sigma,computed,/home/lkoo/projects/AutomationDetection/DownloadedLC/incremental/quiescent_background_cache.csv,,,,,,False,not_in_flare_streak
4FGL J1800.6+7828,646,647,59793.00001157408,1.02e-07,2.06e-08,1.65e-07,1.239419773299748e-07,1.1545988564167724e-07,1.0237996514049303e-09,1.1545988564167724e-07,1.0237996514049303e-09,7.996549999999999e-07,7.996549999999999e-07,1.1545988564167724e-07,False,False,False,0,False,,,-0.6525870615815816,3.0,False,False,,,weekly,10.0,sigma,computed,/home/lkoo/projects/AutomationDetection/DownloadedLC/incremental/quiescent_background_cache.csv,,,,,,False,not_in_flare_streak
4FGL J1800.6+7828,647,648,59800.00001157408,1.15e-07,2.81e-08,1.02e-07,1.239419773299748e-07,1.1545988564167724e-07,1.0237996514049303e-09,1.1545988564167724e-07,1.0237996514049303e-09,7.996549999999999e-07,7.996549999999999e-07,1.1545988564167724e-07,True,False,False,0,False,,,-0.01635518534646948,3.0,False,False,,,weekly,10.0,sigma,computed,/home/lkoo/projects/AutomationDetection/DownloadedLC/incremental/quiescent_background_cache.csv,,,,,,False,not_in_flare_streak
4FGL J1800.6+7828,648,649,59807.00001157408,1.62e-07,3.11e-08,1.15e-07,1.239419773299748e-07,1.1545988564167724e-07,1.0237996514049303e-09,1.1545988564167724e-07,1.0237996514049303e-09,7.996549999999999e-07,7.996549999999999e-07,1.1545988564167724e-07,True,True,False,0,False,,,1.4956564974033701,3.0,False,False,,,weekly,10.0,sigma,computed,/home/lkoo/projects/AutomationDetection/DownloadedLC/incremental/quiescent_background_cache.csv,,,,,,False,not_in_flare_streak
4FGL J1800.6+7828,649,650,59814.00001157408,1.6e-07,3.09e-08,1.62e-07,1.239419773299748e-07,1.1545988564167724e-07,1.0237996514049303e-09,1.1545988564167724e-07,1.0237996514049303e-09,7.996549999999999e-07,7.996549999999999e-07,1.1545988564167724e-07,False,True,False,0,False,,,1.4406371189461968,3.0,False,False,,,weekly,10.0,sigma,computed,/home/lkoo/projects/AutomationDetection/DownloadedLC/incremental/quiescent_background_cache.csv,,,,,,False,not_in_flare_streak
4FGL J1800.6+7828,650,651,59821.00001157408,1.87e-07,3.41e-08,1.6e-07,1.239419773299748e-07,1.1545988564167724e-07,1.0237996514049303e-09,1.1545988564167724e-07,1.0237996514049303e-09,7.996549999999999e-07,7.996549999999999e-07,1.1545988564167724e-07,True,True,False,0,False,,,2.0970056522079057,3.0,False,False,,,weekly,10.0,sigma,computed,/home/lkoo/projects/AutomationDetection/DownloadedLC/incremental/quiescent_background_cache.csv,,,,,,False,not_in_flare_streak
4FGL J1800.6+7828,651,652,59828.00001157408,1.7e-07,3.01e-08,1.87e-07,1.239419773299748e-07,1.1545988564167724e-07,1.0237996514049303e-09,1.1545988564167724e-07,1.0237996514049303e-09,7.996549999999999e-07,7.996549999999999e-07,1.1545988564167724e-07,False,True,False,0,False,,,1.8109167074420502,3.0,False,False,,,weekly,10.0,sigma,computed,/home/lkoo/projects/AutomationDetection/DownloadedLC/incremental/quiescent_background_cache.csv,,,,,,False,not_in_flare_streak
4FGL J1800.6+7828,652,653,59835.00001157408,1.31e-07,2.17e-08,1.7e-07,1.239419773299748e-07,1.1545988564167724e-07,1.0237996514049303e-09,1.1545988564167724e-07,1.0237996514049303e-09,7.996549999999999e-07,7.996549999999999e-07,1.1545988564167724e-07,False,True,False,0,False,,,0.7153385998114662,3.0,False,False,,,weekly,10.0,sigma,computed,/home/lkoo/projects/AutomationDetection/DownloadedLC/incremental/quiescent_background_cache.csv,,,,,,False,not_in_flare_streak
4FGL J1800.6+7828,653,654,59842.00001157408,1.13e-07,2.94e-08,1.31e-07,1.239419773299748e-07,1.1545988564167724e-07,1.0237996514049303e-09,1.1545988564167724e-07,1.0237996514049303e-09,7.996549999999999e-07,7.996549999999999e-07,1.1545988564167724e-07,False,False,False,0,False,,,-0.08361889480426792,3.0,False,False,,,weekly,10.0,sigma,computed,/home/lkoo/projects/AutomationDetection/DownloadedLC/incremental/quiescent_background_cache.csv,,,,,,False,not_in_flare_streak
4FGL J1800.6+7828,654,655,59849.00001157408,1.38e-07,2.78e-08,1.13e-07,1.239419773299748e-07,1.1545988564167724e-07,1.0237996514049303e-09,1.1545988564167724e-07,1.0237996514049303e-09,7.996549999999999e-07,7.996549999999999e-07,1.1545988564167724e-07,True,True,False,0,False,,,0.8102462176965819,3.0,False,False,,,weekly,10.0,sigma,computed,/home/lkoo/projects/AutomationDetection/DownloadedLC/incremental/quiescent_background_cache.csv,,,,,,False,not_in_flare_streak
4FGL J1800.6+7828,655,656,59856.00001157408,1.06e-07,2.4e-08,1.38e-07,1.239419773299748e-07,1.1545988564167724e-07,1.0237996514049303e-09,1.1545988564167724e-07,1.0237996514049303e-09,7.996549999999999e-07,7.996549999999999e-07,1.1545988564167724e-07,False,False,False,0,False,,,-0.39380375591447764,3.0,False,False,,,weekly,10.0,sigma,computed,/home/lkoo/projects/AutomationDetection/DownloadedLC/incremental/quiescent_background_cache.csv,,,,,,False,not_in_flare_streak
4FGL J1800.6+7828,656,657,59863.00001157408,2.23e-07,3.16e-08,1.06e-07,1.239419773299748e-07,1.1545988564167724e-07,1.0237996514049303e-09,1.1545988564167724e-07,1.0237996514049303e-09,7.996549999999999e-07,7.996549999999999e-07,1.1545988564167724e-07,True,True,False,0,False,,,3.4013834666743645,3.0,True,True,59863.00001157408,59863.00001157408,weekly,10.0,sigma,computed,/home/lkoo/projects/AutomationDetection/DownloadedLC/incremental/quiescent_background_cache.csv,,,,,,False,not_in_flare_streak
4FGL J1800.6+7828,657,658,59870.00001157408,2.83e-07,3.92e-08,2.23e-07,1.239419773299748e-07,1.1545988564167724e-07,1.0237996514049303e-09,1.1545988564167724e-07,1.0237996514049303e-09,7.996549999999999e-07,7.996549999999999e-07,1.1545988564167724e-07,True,True,False,0,False,,,4.272525579913554,3.0,True,True,59863.00001157408,59870.00001157408,weekly,10.0,sigma,computed,/home/lkoo/projects/AutomationDetection/DownloadedLC/incremental/quiescent_background_cache.csv,,,,,,False,not_in_flare_streak
4FGL J1800.6+7828,658,659,59877.00001157408,1.5e-07,3.43e-08,2.83e-07,1.239419773299748e-07,1.1545988564167724e-07,1.0237996514049303e-09,1.1545988564167724e-07,1.0237996514049303e-09,7.996549999999999e-07,7.996549999999999e-07,1.1545988564167724e-07,False,True,False,0,False,,,1.0065521366158214,3.0,False,True,59863.00001157408,59877.00001157408,weekly,10.0,sigma,computed,/home/lkoo/projects/AutomationDetection/DownloadedLC/incremental/quiescent_background_cache.csv,,,,,,False,not_in_flare_streak
4FGL J1800.6+7828,659,660,59884.00001157408,1.28e-07,2.76e-08,1.5e-07,1.239419773299748e-07,1.1545988564167724e-07,1.0237996514049303e-09,1.1545988564167724e-07,1.0237996514049303e-09,7.996549999999999e-07,7.996549999999999e-07,1.1545988564167724e-07,False,True,False,0,False,,,0.45403970234895524,3.0,False,True,59863.00001157408,59884.00001157408,weekly,10.0,sigma,computed,/home/lkoo/projects/AutomationDetection/DownloadedLC/incremental/quiescent_background_cache.csv,,,,,,False,not_in_flare_streak
4FGL J1800.6+7828,660,661,59891.00001157408,2.38e-07,3.46e-08,1.28e-07,1.239419773299748e-07,1.1545988564167724e-07,1.0237996514049303e-09,1.1545988564167724e-07,1.0237996514049303e-09,7.996549999999999e-07,7.996549999999999e-07,1.1545988564167724e-07,True,True,False,0,False,,,3.540072397540558,3.0,True,True,59863.00001157408,59891.00001157408,weekly,10.0,sigma,computed,/home/lkoo/projects/AutomationDetection/DownloadedLC/incremental/quiescent_background_cache.csv,,,,,,False,not_in_flare_streak
4FGL J1800.6+7828,661,662,59898.00001157408,1.4e-07,2.53e-08,2.38e-07,1.239419773299748e-07,1.1545988564167724e-07,1.0237996514049303e-09,1.1545988564167724e-07,1.0237996514049303e-09,7.996549999999999e-07,7.996549999999999e-07,1.1545988564167724e-07,False,True,False,0,False,,,0.9691717956880173,3.0,False,True,59863.00001157408,59898.00001157408,weekly,10.0,sigma,computed,/home/lkoo/projects/AutomationDetection/DownloadedLC/incremental/quiescent_background_cache.csv,,,,,,False,not_in_flare_streak
4FGL J1800.6+7828,662,663,59905.00001157408,1.2e-07,2.1e-08,1.4e-07,1.239419773299748e-07,1.1545988564167724e-07,1.0237996514049303e-09,1.1545988564167724e-07,1.0237996514049303e-09,7.996549999999999e-07,7.996549999999999e-07,1.1545988564167724e-07,False,True,False,0,False,,,0.21593945243539042,3.0,False,True,59863.00001157408,59905.00001157408,weekly,10.0,sigma,computed,/home/lkoo/projects/AutomationDetection/DownloadedLC/incremental/quiescent_background_cache.csv,,,,,,False,not_in_flare_streak
4FGL J1800.6+7828,663,664,59912.00001157408,6.93e-08,2.22e-08,1.2e-07,1.239419773299748e-07,1.1545988564167724e-07,1.0237996514049303e-09,1.1545988564167724e-07,1.0237996514049303e-09,7.996549999999999e-07,7.996549999999999e-07,1.1545988564167724e-07,False,False,False,0,False,,,-2.0770665620100983,3.0,False,False,,,weekly,10.0,sigma,computed,/home/lkoo/projects/AutomationDetection/DownloadedLC/incremental/quiescent_background_cache.csv,,,,,,False,not_in_flare_streak
4FGL J1800.6+7828,664,665,59919.00001157408,9.64e-08,2.82e-08,6.93e-08,1.239419773299748e-07,1.1545988564167724e-07,1.0237996514049303e-09,1.1545988564167724e-07,1.0237996514049303e-09,7.996549999999999e-07,7.996549999999999e-07,1.1545988564167724e-07,True,False,False,0,False,,,-0.6754374861041136,3.0,False,False,,,weekly,10.0,sigma,computed,/home/lkoo/projects/AutomationDetection/DownloadedLC/incremental/quiescent_background_cache.csv,,,,,,False,not_in_flare_streak
4FGL J1800.6+7828,665,666,59926.00001157408,6.67e-08,2.65e-08,9.64e-08,1.239419773299748e-07,1.1545988564167724e-07,1.0237996514049303e-09,1.1545988564167724e-07,1.0237996514049303e-09,7.996549999999999e-07,7.996549999999999e-07,1.1545988564167724e-07,False,False,False,0,False,,,-1.8386240476199187,3.0,False,False,,,weekly,10.0,sigma,computed,/home/lkoo/projects/AutomationDetection/DownloadedLC/incremental/quiescent_background_cache.csv,,,,,,False,not_in_flare_streak
4FGL J1800.6+7828,666,667,59933.00001157408,8.97e-09,7.72e-09,6.67e-08,1.239419773299748e-07,1.1545988564167724e-07,1.0237996514049303e-09,1.1545988564167724e-07,1.0237996514049303e-09,7.996549999999999e-07,7.996549999999999e-07,1.1545988564167724e-07,False,False,False,0,False,,,-13.674304741970156,3.0,False,False,,,weekly,10.0,sigma,computed,/home/lkoo/projects/AutomationDetection/DownloadedLC/incremental/quiescent_background_cache.csv,,,,,,False,not_in_flare_streak
4FGL J1800.6+7828,667,668,59940.00001157408,7.01e-08,2.44e-08,8.97e-09,1.239419773299748e-07,1.1545988564167724e-07,1.0237996514049303e-09,1.1545988564167724e-07,1.0237996514049303e-09,7.996549999999999e-07,7.996549999999999e-07,1.1545988564167724e-07,True,False,False,0,False,,,-1.857377415424042,3.0,False,False,,,weekly,10.0,sigma,computed,/home/lkoo/projects/AutomationDetection/DownloadedLC/incremental/quiescent_background_cache.csv,,,,,,False,not_in_flare_streak
4FGL J1800.6+7828,668,669,59947.00001157408,7.45e-08,2.01e-08,7.01e-08,1.239419773299748e-07,1.1545988564167724e-07,1.0237996514049303e-09,1.1545988564167724e-07,1.0237996514049303e-09,7.996549999999999e-07,7.996549999999999e-07,1.1545988564167724e-07,True,False,False,0,False,,,-2.0351669418570237,3.0,False,False,,,weekly,10.0,sigma,computed,/home/lkoo/projects/AutomationDetection/DownloadedLC/incremental/quiescent_background_cache.csv,,,,,,False,not_in_flare_streak
4FGL J1800.6+7828,669,670,59954.00001157408,7.55e-08,1.92e-08,7.45e-08,1.239419773299748e-07,1.1545988564167724e-07,1.0237996514049303e-09,1.1545988564167724e-07,1.0237996514049303e-09,7.996549999999999e-07,7.996549999999999e-07,1.1545988564167724e-07,True,False,False,0,False,,,-2.0782915052517703,3.0,False,False,,,weekly,10.0,sigma,computed,/home/lkoo/projects/AutomationDetection/DownloadedLC/incremental/quiescent_background_cache.csv,,,,,,False,not_in_flare_streak
4FGL J1800.6+7828,670,671,59961.00001157408,7.41e-08,2.64e-08,7.55e-08,1.239419773299748e-07,1.1545988564167724e-07,1.0237996514049303e-09,1.1545988564167724e-07,1.0237996514049303e-09,7.996549999999999e-07,7.996549999999999e-07,1.1545988564167724e-07,False,False,False,0,False,,,-1.5654856017575598,3.0,False,False,,,weekly,10.0,sigma,computed,/home/lkoo/projects/AutomationDetection/DownloadedLC/incremental/quiescent_background_cache.csv,,,,,,False,not_in_flare_streak
4FGL J1800.6+7828,671,672,59968.00001157408,5.29e-08,2.88e-08,7.41e-08,1.239419773299748e-07,1.1545988564167724e-07,1.0237996514049303e-09,1.1545988564167724e-07,1.0237996514049303e-09,7.996549999999999e-07,7.996549999999999e-07,1.1545988564167724e-07,False,False,False,0,False,,,-2.170847031678624,3.0,False,False,,,weekly,10.0,sigma,computed,/home/lkoo/projects/AutomationDetection/DownloadedLC/incremental/quiescent_background_cache.csv,,,,,,False,not_in_flare_streak
4FGL J1800.6+7828,672,673,59975.00001157408,6.35e-08,2.47e-08,5.29e-08,1.239419773299748e-07,1.1545988564167724e-07,1.0237996514049303e-09,1.1545988564167724e-07,1.0237996514049303e-09,7.996549999999999e-07,7.996549999999999e-07,1.1545988564167724e-07,True,False,False,0,False,,,-2.10183434035641,3.0,False,False,,,weekly,10.0,sigma,computed,/home/lkoo/projects/AutomationDetection/DownloadedLC/incremental/quiescent_background_cache.csv,,,,,,False,not_in_flare_streak
4FGL J1800.6+7828,673,674,59982.00001157408,6.79e-08,2.13e-08,6.35e-08,1.239419773299748e-07,1.1545988564167724e-07,1.0237996514049303e-09,1.1545988564167724e-07,1.0237996514049303e-09,7.996549999999999e-07,7.996549999999999e-07,1.1545988564167724e-07,True,False,False,0,False,,,-2.2302836409379063,3.0,False,False,,,weekly,10.0,sigma,computed,/home/lkoo/projects/AutomationDetection/DownloadedLC/incremental/quiescent_background_cache.csv,,,,,,False,not_in_flare_streak
4FGL J1800.6+7828,674,675,59989.00001157408,5.53e-08,1.77e-08,6.79e-08,1.239419773299748e-07,1.1545988564167724e-07,1.0237996514049303e-09,1.1545988564167724e-07,1.0237996514049303e-09,7.996549999999999e-07,7.996549999999999e-07,1.1545988564167724e-07,False,False,False,0,False,,,-3.393192080717019,3.0,False,False,,,weekly,10.0,sigma,computed,/home/lkoo/projects/AutomationDetection/DownloadedLC/incremental/quiescent_background_cache.csv,,,,,,False,not_in_flare_streak
4FGL J1800.6+7828,675,676,59996.00001157408,4.16e-08,1.83e-08,5.53e-08,1.239419773299748e-07,1.1545988564167724e-07,1.0237996514049303e-09,1.1545988564167724e-07,1.0237996514049303e-09,7.996549999999999e-07,7.996549999999999e-07,1.1545988564167724e-07,False,False,False,0,False,,,-4.029757920847932,3.0,False,False,,,weekly,10.0,sigma,computed,/home/lkoo/projects/AutomationDetection/DownloadedLC/incremental/quiescent_background_cache.csv,,,,,,False,not_in_flare_streak
4FGL J1800.6+7828,676,677,60003.00001157408,8.79e-08,2.56e-08,4.16e-08,1.239419773299748e-07,1.1545988564167724e-07,1.0237996514049303e-09,1.1545988564167724e-07,1.0237996514049303e-09,7.996549999999999e-07,7.996549999999999e-07,1.1545988564167724e-07,True,False,False,0,False,,,-1.07569815474218,3.0,False,False,,,weekly,10.0,sigma,computed,/home/lkoo/projects/AutomationDetection/DownloadedLC/incremental/quiescent_background_cache.csv,,,,,,False,not_in_flare_streak
4FGL J1800.6+7828,677,678,60010.00001157408,3.26e-08,2e-08,8.79e-08,1.239419773299748e-07,1.1545988564167724e-07,1.0237996514049303e-09,1.1545988564167724e-07,1.0237996514049303e-09,7.996549999999999e-07,7.996549999999999e-07,1.1545988564167724e-07,False,False,False,0,False,,,-4.137576746140474,3.0,False,False,,,weekly,10.0,sigma,computed,/home/lkoo/projects/AutomationDetection/DownloadedLC/incremental/quiescent_background_cache.csv,,,,,,False,not_in_flare_streak
4FGL J1800.6+7828,678,679,60017.00001157408,7.36e-08,2.11e-08,3.26e-08,1.239419773299748e-07,1.1545988564167724e-07,1.0237996514049303e-09,1.1545988564167724e-07,1.0237996514049303e-09,7.996549999999999e-07,7.996549999999999e-07,1.1545988564167724e-07,True,False,False,0,False,,,-1.9815496088721565,3.0,False,False,,,weekly,10.0,sigma,computed,/home/lkoo/projects/AutomationDetection/DownloadedLC/incremental/quiescent_background_cache.csv,,,,,,False,not_in_flare_streak
4FGL J1800.6+7828,679,680,60024.00001157408,7.96e-08,2.1e-08,7.36e-08,1.239419773299748e-07,1.1545988564167724e-07,1.0237996514049303e-09,1.1545988564167724e-07,1.0237996514049303e-09,7.996549999999999e-07,7.996549999999999e-07,1.1545988564167724e-07,True,False,False,0,False,,,-1.7055878902398853,3.0,False,False,,,weekly,10.0,sigma,computed,/home/lkoo/projects/AutomationDetection/DownloadedLC/incremental/quiescent_background_cache.csv,,,,,,False,not_in_flare_streak
4FGL J1800.6+7828,680,681,60031.00001157408,1.41e-07,3.33e-08,7.96e-08,1.239419773299748e-07,1.1545988564167724e-07,1.0237996514049303e-09,1.1545988564167724e-07,1.0237996514049303e-09,7.996549999999999e-07,7.996549999999999e-07,1.1545988564167724e-07,True,True,False,0,False,,,0.7666081728777601,3.0,False,False,,,weekly,10.0,sigma,computed,/home/lkoo/projects/AutomationDetection/DownloadedLC/incremental/quiescent_background_cache.csv,,,,,,False,not_in_flare_streak
4FGL J1800.6+7828,681,682,60038.00001157408,2.39e-07,3.49e-08,1.41e-07,1.239419773299748e-07,1.1545988564167724e-07,1.0237996514049303e-09,1.1545988564167724e-07,1.0237996514049303e-09,7.996549999999999e-07,7.996549999999999e-07,1.1545988564167724e-07,True,True,False,0,False,,,3.5383092278797936,3.0,True,True,60038.00001157408,60038.00001157408,weekly,10.0,sigma,computed,/home/lkoo/projects/AutomationDetection/DownloadedLC/incremental/quiescent_background_cache.csv,,,,,,False,not_in_flare_streak
4FGL J1800.6+7828,682,683,60045.00001157408,8.67e-08,2.84e-08,2.39e-07,1.239419773299748e-07,1.1545988564167724e-07,1.0237996514049303e-09,1.1545988564167724e-07,1.0237996514049303e-09,7.996549999999999e-07,7.996549999999999e-07,1.1545988564167724e-07,False,False,False,0,False,,,-1.0120146608864422,3.0,False,False,,,weekly,10.0,sigma,computed,/home/lkoo/projects/AutomationDetection/DownloadedLC/incremental/quiescent_background_cache.csv,,,,,,False,not_in_flare_streak
4FGL J1800.6+7828,683,684,60052.00001157408,2.03e-07,3.42e-08,8.67e-08,1.239419773299748e-07,1.1545988564167724e-07,1.0237996514049303e-09,1.1545988564167724e-07,1.0237996514049303e-09,7.996549999999999e-07,7.996549999999999e-07,1.1545988564167724e-07,True,True,False,0,False,,,2.558506328443947,3.0,False,False,,,weekly,10.0,sigma,computed,/home/lkoo/projects/AutomationDetection/DownloadedLC/incremental/quiescent_background_cache.csv,,,,,,False,not_in_flare_streak
4FGL J1800.6+7828,684,685,60059.00001157408,2.58e-07,3.01e-08,2.03e-07,1.239419773299748e-07,1.1545988564167724e-07,1.0237996514049303e-09,1.1545988564167724e-07,1.0237996514049303e-09,7.996549999999999e-07,7.996549999999999e-07,1.1545988564167724e-07,True,True,False,0,False,,,4.73281505932151,3.0,True,True,60059.00001157408,60059.00001157408,weekly,10.0,sigma,computed,/home/lkoo/projects/AutomationDetection/DownloadedLC/incremental/quiescent_background_cache.csv,,,,,,False,not_in_flare_streak
4FGL J1800.6+7828,685,686,60066.00001157408,1.49e-07,2.22e-08,2.58e-07,1.239419773299748e-07,1.1545988564167724e-07,1.0237996514049303e-09,1.1545988564167724e-07,1.0237996514049303e-09,7.996549999999999e-07,7.996549999999999e-07,1.1545988564167724e-07,False,True,False,0,False,,,1.5092119283061478,3.0,False,True,60059.00001157408,60066.00001157408,weekly,10.0,sigma,computed,/home/lkoo/projects/AutomationDetection/DownloadedLC/incremental/quiescent_background_cache.csv,,,,,,False,not_in_flare_streak
4FGL J1800.6+7828,686,687,60073.00001157408,2.28e-07,2.77e-08,1.49e-07,1.239419773299748e-07,1.1545988564167724e-07,1.0237996514049303e-09,1.1545988564167724e-07,1.0237996514049303e-09,7.996549999999999e-07,7.996549999999999e-07,1.1545988564167724e-07,True,True,False,0,False,,,4.060047820798574,3.0,True,True,60059.00001157408,60073.00001157408,weekly,10.0,sigma,computed,/home/lkoo/projects/AutomationDetection/DownloadedLC/incremental/quiescent_background_cache.csv,,,,,,False,not_in_flare_streak
4FGL J1800.6+7828,687,688,60080.00001157408,1.12e-07,2.59e-08,2.28e-07,1.239419773299748e-07,1.1545988564167724e-07,1.0237996514049303e-09,1.1545988564167724e-07,1.0237996514049303e-09,7.996549999999999e-07,7.996549999999999e-07,1.1545988564167724e-07,False,False,False,0,False,,,-0.13348207354976677,3.0,False,False,,,weekly,10.0,sigma,computed,/home/lkoo/projects/AutomationDetection/DownloadedLC/incremental/quiescent_background_cache.csv,,,,,,False,not_in_flare_streak
4FGL J1800.6+7828,688,689,60087.00001157408,6.03e-08,2.5e-08,1.12e-07,1.239419773299748e-07,1.1545988564167724e-07,1.0237996514049303e-09,1.1545988564167724e-07,1.0237996514049303e-09,7.996549999999999e-07,7.996549999999999e-07,1.1545988564167724e-07,False,False,False,0,False,,,-2.204547615065702,3.0,False,False,,,weekly,10.0,sigma,computed,/home/lkoo/projects/AutomationDetection/DownloadedLC/incremental/quiescent_background_cache.csv,,,,,,False,not_in_flare_streak
4FGL J1800.6+7828,689,690,60094.00001157408,2.49e-07,3.58e-08,6.03e-08,1.239419773299748e-07,1.1545988564167724e-07,1.0237996514049303e-09,1.1545988564167724e-07,1.0237996514049303e-09,7.996549999999999e-07,7.996549999999999e-07,1.1545988564167724e-07,True,True,False,0,False,,,3.728646401265868,3.0,True,True,60094.00001157408,60094.00001157408,weekly,10.0,sigma,computed,/home/lkoo/projects/AutomationDetection/DownloadedLC/incremental/quiescent_background_cache.csv,,,,,,False,not_in_flare_streak
4FGL J1800.6+7828,690,691,60101.00001157408,4.42e-07,3.81e-08,2.49e-07,1.239419773299748e-07,1.1545988564167724e-07,1.0237996514049303e-09,1.1545988564167724e-07,1.0237996514049303e-09,7.996549999999999e-07,7.996549999999999e-07,1.1545988564167724e-07,True,True,False,0,False,,,8.56751405680839,3.0,True,True,60094.00001157408,60101.00001157408,weekly,10.0,sigma,computed,/home/lkoo/projects/AutomationDetection/DownloadedLC/incremental/quiescent_background_cache.csv,,,,,,False,not_in_flare_streak
4FGL J1800.6+7828,691,692,60108.00001157408,3.75e-07,3.1e-08,4.42e-07,1.239419773299748e-07,1.1545988564167724e-07,1.0237996514049303e-09,1.1545988564167724e-07,1.0237996514049303e-09,7.996549999999999e-07,7.996549999999999e-07,1.1545988564167724e-07,False,True,False,0,False,,,8.36769965894392,3.0,True,True,60094.00001157408,60108.00001157408,weekly,10.0,sigma,computed,/home/lkoo/projects/AutomationDetection/DownloadedLC/incremental/quiescent_background_cache.csv,,,,,,False,not_in_flare_streak
4FGL J1800.6+7828,692,693,60115.00001157408,5.14e-07,3.42e-08,3.75e-07,1.239419773299748e-07,1.1545988564167724e-07,1.0237996514049303e-09,1.1545988564167724e-07,1.0237996514049303e-09,7.996549999999999e-07,7.996549999999999e-07,1.1545988564167724e-07,True,True,False,0,False,,,11.648001744100984,3.0,True,True,60094.00001157408,60115.00001157408,weekly,10.0,sigma,computed,/home/lkoo/projects/AutomationDetection/DownloadedLC/incremental/quiescent_background_cache.csv,,,,,,False,not_in_flare_streak
4FGL J1800.6+7828,693,694,60122.00001157408,4.27e-07,3.95e-08,5.14e-07,1.239419773299748e-07,1.1545988564167724e-07,1.0237996514049303e-09,1.1545988564167724e-07,1.0237996514049303e-09,7.996549999999999e-07,7.996549999999999e-07,1.1545988564167724e-07,False,True,False,0,False,,,7.884443588611138,3.0,True,True,60094.00001157408,60122.00001157408,weekly,10.0,sigma,computed,/home/lkoo/projects/AutomationDetection/DownloadedLC/incremental/quiescent_background_cache.csv,,,,,,False,not_in_flare_streak
4FGL J1800.6+7828,694,695,60129.00001157408,4.03e-07,4.29e-08,4.27e-07,1.239419773299748e-07,1.1545988564167724e-07,1.0237996514049303e-09,1.1545988564167724e-07,1.0237996514049303e-09,7.996549999999999e-07,7.996549999999999e-07,1.1545988564167724e-07,False,True,False,0,False,,,6.700658932148335,3.0,True,True,60094.00001157408,60129.00001157408,weekly,10.0,sigma,computed,/home/lkoo/projects/AutomationDetection/DownloadedLC/incremental/quiescent_background_cache.csv,,,,,,False,not_in_flare_streak
4FGL J1800.6+7828,695,696,60136.00001157408,5.3e-07,4.79e-08,4.03e-07,1.239419773299748e-07,1.1545988564167724e-07,1.0237996514049303e-09,1.1545988564167724e-07,1.0237996514049303e-09,7.996549999999999e-07,7.996549999999999e-07,1.1545988564167724e-07,True,True,False,0,False,,,8.652306026478483,3.0,True,True,60094.00001157408,60136.00001157408,weekly,10.0,sigma,computed,/home/lkoo/projects/AutomationDetection/DownloadedLC/incremental/quiescent_background_cache.csv,,,,,,False,not_in_flare_streak
4FGL J1800.6+7828,696,697,60143.00001157408,3.43e-07,4.03e-08,5.3e-07,1.239419773299748e-07,1.1545988564167724e-07,1.0237996514049303e-09,1.1545988564167724e-07,1.0237996514049303e-09,7.996549999999999e-07,7.996549999999999e-07,1.1545988564167724e-07,False,True,False,0,False,,,5.644335588674373,3.0,True,True,60094.00001157408,60143.00001157408,weekly,10.0,sigma,computed,/home/lkoo/projects/AutomationDetection/DownloadedLC/incremental/quiescent_background_cache.csv,,,,,,False,not_in_flare_streak
4FGL J1800.6+7828,697,698,60150.00001157408,3.09e-07,3.16e-08,3.43e-07,1.239419773299748e-07,1.1545988564167724e-07,1.0237996514049303e-09,1.1545988564167724e-07,1.0237996514049303e-09,7.996549999999999e-07,7.996549999999999e-07,1.1545988564167724e-07,False,True,False,0,False,,,6.121475219220996,3.0,True,True,60094.00001157408,60150.00001157408,weekly,10.0,sigma,computed,/home/lkoo/projects/AutomationDetection/DownloadedLC/incremental/quiescent_background_cache.csv,,,,,,False,not_in_flare_streak
4FGL J1800.6+7828,698,699,60157.00001157408,3.52e-07,2.97e-08,3.09e-07,1.239419773299748e-07,1.1545988564167724e-07,1.0237996514049303e-09,1.1545988564167724e-07,1.0237996514049303e-09,7.996549999999999e-07,7.996549999999999e-07,1.1545988564167724e-07,True,True,False,0,False,,,7.95958592925993,3.0,True,True,60094.00001157408,60157.00001157408,weekly,10.0,sigma,computed,/home/lkoo/projects/AutomationDetection/DownloadedLC/incremental/quiescent_background_cache.csv,,,,,,False,not_in_flare_streak
4FGL J1800.6+7828,699,700,60164.00001157408,2.79e-07,3.15e-08,3.52e-07,1.239419773299748e-07,1.1545988564167724e-07,1.0237996514049303e-09,1.1545988564167724e-07,1.0237996514049303e-09,7.996549999999999e-07,7.996549999999999e-07,1.1545988564167724e-07,False,True,False,0,False,,,5.1890096740150335,3.0,True,True,60094.00001157408,60164.00001157408,weekly,10.0,sigma,computed,/home/lkoo/projects/AutomationDetection/DownloadedLC/incremental/quiescent_background_cache.csv,,,,,,False,not_in_flare_streak
4FGL J1800.6+7828,700,701,60171.00001157408,3.52e-07,4.04e-08,2.79e-07,1.239419773299748e-07,1.1545988564167724e-07,1.0237996514049303e-09,1.1545988564167724e-07,1.0237996514049303e-09,7.996549999999999e-07,7.996549999999999e-07,1.1545988564167724e-07,True,True,False,0,False,,,5.853074218524357,3.0,True,True,60094.00001157408,60171.00001157408,weekly,10.0,sigma,computed,/home/lkoo/projects/AutomationDetection/DownloadedLC/incremental/quiescent_background_cache.csv,,,,,,False,not_in_flare_streak
4FGL J1800.6+7828,701,702,60178.00001157408,1.81e-07,3.29e-08,3.52e-07,1.239419773299748e-07,1.1545988564167724e-07,1.0237996514049303e-09,1.1545988564167724e-07,1.0237996514049303e-09,7.996549999999999e-07,7.996549999999999e-07,1.1545988564167724e-07,False,True,False,0,False,,,1.9911369020655751,3.0,False,True,60094.00001157408,60178.00001157408,weekly,10.0,sigma,computed,/home/lkoo/projects/AutomationDetection/DownloadedLC/incremental/quiescent_background_cache.csv,,,,,,False,not_in_flare_streak
4FGL J1800.6+7828,702,703,60185.00001157408,1.57e-07,3.38e-08,1.81e-07,1.239419773299748e-07,1.1545988564167724e-07,1.0237996514049303e-09,1.1545988564167724e-07,1.0237996514049303e-09,7.996549999999999e-07,7.996549999999999e-07,1.1545988564167724e-07,False,True,False,0,False,,,1.2284340636454116,3.0,False,True,60094.00001157408,60185.00001157408,weekly,10.0,sigma,computed,/home/lkoo/projects/AutomationDetection/DownloadedLC/incremental/quiescent_background_cache.csv,,,,,,False,not_in_flare_streak
4FGL J1800.6+7828,703,704,60192.00001157408,1.47e-07,3.43e-08,1.57e-07,1.239419773299748e-07,1.1545988564167724e-07,1.0237996514049303e-09,1.1545988564167724e-07,1.0237996514049303e-09,7.996549999999999e-07,7.996549999999999e-07,1.1545988564167724e-07,False,True,False,0,False,,,0.9191275155354968,3.0,False,True,60094.00001157408,60192.00001157408,weekly,10.0,sigma,computed,/home/lkoo/projects/AutomationDetection/DownloadedLC/incremental/quiescent_background_cache.csv,,,,,,False,not_in_flare_streak
4FGL J1800.6+7828,704,705,60199.00001157408,7.42e-08,1.98e-08,1.47e-07,1.239419773299748e-07,1.1545988564167724e-07,1.0237996514049303e-09,1.1545988564167724e-07,1.0237996514049303e-09,7.996549999999999e-07,7.996549999999999e-07,1.1545988564167724e-07,False,False,False,0,False,,,-2.08105249406854,3.0,False,False,,,weekly,10.0,sigma,computed,/home/lkoo/projects/AutomationDetection/DownloadedLC/incremental/quiescent_background_cache.csv,,,,,,False,not_in_flare_streak
4FGL J1800.6+7828,705,706,60206.00001157408,1.01e-07,2.23e-08,7.42e-08,1.239419773299748e-07,1.1545988564167724e-07,1.0237996514049303e-09,1.1545988564167724e-07,1.0237996514049303e-09,7.996549999999999e-07,7.996549999999999e-07,1.1545988564167724e-07,True,False,False,0,False,,,-0.6477430824115404,3.0,False,False,,,weekly,10.0,sigma,computed,/home/lkoo/projects/AutomationDetection/DownloadedLC/incremental/quiescent_background_cache.csv,,,,,,False,not_in_flare_streak
4FGL J1800.6+7828,706,707,60213.00001157408,4.88e-08,2.16e-08,1.01e-07,1.239419773299748e-07,1.1545988564167724e-07,1.0237996514049303e-09,1.1545988564167724e-07,1.0237996514049303e-09,7.996549999999999e-07,7.996549999999999e-07,1.1545988564167724e-07,False,False,False,0,False,,,-3.0826450505220633,3.0,False,False,,,weekly,10.0,sigma,computed,/home/lkoo/projects/AutomationDetection/DownloadedLC/incremental/quiescent_background_cache.csv,,,,,,False,not_in_flare_streak
4FGL J1800.6+7828,707,708,60220.00001157408,1.99e-07,3.02e-08,4.88e-08,1.239419773299748e-07,1.1545988564167724e-07,1.0237996514049303e-09,1.1545988564167724e-07,1.0237996514049303e-09,7.996549999999999e-07,7.996549999999999e-07,1.1545988564167724e-07,True,True,False,0,False,,,2.764640771041152,3.0,False,False,,,weekly,10.0,sigma,computed,/home/lkoo/projects/AutomationDetection/DownloadedLC/incremental/quiescent_background_cache.csv,,,,,,False,not_in_flare_streak
4FGL J1800.6+7828,708,709,60227.00001157408,2.64e-07,3.1e-08,1.99e-07,1.239419773299748e-07,1.1545988564167724e-07,1.0237996514049303e-09,1.1545988564167724e-07,1.0237996514049303e-09,7.996549999999999e-07,7.996549999999999e-07,1.1545988564167724e-07,True,True,False,0,False,,,4.789005612209982,3.0,True,True,60227.00001157408,60227.00001157408,weekly,10.0,sigma,computed,/home/lkoo/projects/AutomationDetection/DownloadedLC/incremental/quiescent_background_cache.csv,,,,,,False,not_in_flare_streak
4FGL J1800.6+7828,709,710,60234.00001157408,2.09e-07,2.94e-08,2.64e-07,1.239419773299748e-07,1.1545988564167724e-07,1.0237996514049303e-09,1.1545988564167724e-07,1.0237996514049303e-09,7.996549999999999e-07,7.996549999999999e-07,1.1545988564167724e-07,False,True,False,0,False,,,3.179709190535644,3.0,True,True,60227.00001157408,60234.00001157408,weekly,10.0,sigma,computed,/home/lkoo/projects/AutomationDetection/DownloadedLC/incremental/quiescent_background_cache.csv,,,,,,False,not_in_flare_streak
4FGL J1800.6+7828,710,711,60241.00001157408,2.16e-07,3.85e-08,2.09e-07,1.239419773299748e-07,1.1545988564167724e-07,1.0237996514049303e-09,1.1545988564167724e-07,1.0237996514049303e-09,7.996549999999999e-07,7.996549999999999e-07,1.1545988564167724e-07,True,True,False,0,False,,,2.610508700759796,3.0,False,True,60227.00001157408,60241.00001157408,weekly,10.0,sigma,computed,/home/lkoo/projects/AutomationDetection/DownloadedLC/incremental/quiescent_background_cache.csv,,,,,,False,not_in_flare_streak
4FGL J1800.6+7828,711,712,60248.00001157408,1.84e-07,3.65e-08,2.16e-07,1.239419773299748e-07,1.1545988564167724e-07,1.0237996514049303e-09,1.1545988564167724e-07,1.0237996514049303e-09,7.996549999999999e-07,7.996549999999999e-07,1.1545988564167724e-07,False,True,False,0,False,,,1.877073091128461,3.0,False,True,60227.00001157408,60248.00001157408,weekly,10.0,sigma,computed,/home/lkoo/projects/AutomationDetection/DownloadedLC/incremental/quiescent_background_cache.csv,,,,,,False,not_in_flare_streak
4FGL J1800.6+7828,712,713,60255.00001157408,1.82e-07,3.2e-08,1.84e-07,1.239419773299748e-07,1.1545988564167724e-07,1.0237996514049303e-09,1.1545988564167724e-07,1.0237996514049303e-09,7.996549999999999e-07,7.996549999999999e-07,1.1545988564167724e-07,False,True,False,0,False,,,2.078315164736607,3.0,False,True,60227.00001157408,60255.00001157408,weekly,10.0,sigma,computed,/home/lkoo/projects/AutomationDetection/DownloadedLC/incremental/quiescent_background_cache.csv,,,,,,False,not_in_flare_streak
4FGL J1800.6+7828,713,714,60269.00001157408,1.03e-07,2.46e-08,1.82e-07,1.239419773299748e-07,1.1545988564167724e-07,1.0237996514049303e-09,1.1545988564167724e-07,1.0237996514049303e-09,7.996549999999999e-07,7.996549999999999e-07,1.1545988564167724e-07,False,False,False,0,False,,,-0.5060613448508754,3.0,False,False,,,weekly,10.0,sigma,computed,/home/lkoo/projects/AutomationDetection/DownloadedLC/incremental/quiescent_background_cache.csv,,,,,,False,not_in_flare_streak
4FGL J1800.6+7828,714,715,60276.00001157408,2.07e-07,2.9e-08,1.03e-07,1.239419773299748e-07,1.1545988564167724e-07,1.0237996514049303e-09,1.1545988564167724e-07,1.0237996514049303e-09,7.996549999999999e-07,7.996549999999999e-07,1.1545988564167724e-07,True,True,False,0,False,,,3.154590445194085,3.0,True,True,60276.00001157408,60276.00001157408,weekly,10.0,sigma,computed,/home/lkoo/projects/AutomationDetection/DownloadedLC/incremental/quiescent_background_cache.csv,,,,,,False,not_in_flare_streak
4FGL J1800.6+7828,715,716,60283.00001157408,1.77e-07,3.02e-08,2.07e-07,1.239419773299748e-07,1.1545988564167724e-07,1.0237996514049303e-09,1.1545988564167724e-07,1.0237996514049303e-09,7.996549999999999e-07,7.996549999999999e-07,1.1545988564167724e-07,False,True,False,0,False,,,2.03658219187731,3.0,False,True,60276.00001157408,60283.00001157408,weekly,10.0,sigma,computed,/home/lkoo/projects/AutomationDetection/DownloadedLC/incremental/quiescent_background_cache.csv,,,,,,False,not_in_flare_streak
4FGL J1800.6+7828,716,717,60290.00001157408,1.21e-07,3.08e-08,1.77e-07,1.239419773299748e-07,1.1545988564167724e-07,1.0237996514049303e-09,1.1545988564167724e-07,1.0237996514049303e-09,7.996549999999999e-07,7.996549999999999e-07,1.1545988564167724e-07,False,True,False,0,False,,,0.17977455250162527,3.0,False,True,60276.00001157408,60290.00001157408,weekly,10.0,sigma,computed,/home/lkoo/projects/AutomationDetection/DownloadedLC/incremental/quiescent_background_cache.csv,,,,,,False,not_in_flare_streak
4FGL J1800.6+7828,717,718,60297.00001157408,1.55e-07,3.45e-08,1.21e-07,1.239419773299748e-07,1.1545988564167724e-07,1.0237996514049303e-09,1.1545988564167724e-07,1.0237996514049303e-09,7.996549999999999e-07,7.996549999999999e-07,1.1545988564167724e-07,True,True,False,0,False,,,1.1455859655612455,3.0,False,True,60276.00001157408,60297.00001157408,weekly,10.0,sigma,computed,/home/lkoo/projects/AutomationDetection/DownloadedLC/incremental/quiescent_background_cache.csv,,,,,,False,not_in_flare_streak
4FGL J1800.6+7828,718,719,60304.00001157408,8.47e-08,2.35e-08,1.55e-07,1.239419773299748e-07,1.1545988564167724e-07,1.0237996514049303e-09,1.1545988564167724e-07,1.0237996514049303e-09,7.996549999999999e-07,7.996549999999999e-07,1.1545988564167724e-07,False,False,False,0,False,,,-1.3076908991801857,3.0,False,False,,,weekly,10.0,sigma,computed,/home/lkoo/projects/AutomationDetection/DownloadedLC/incremental/quiescent_background_cache.csv,,,,,,False,not_in_flare_streak
4FGL J1800.6+7828,719,720,60311.00001157408,6.67e-08,2.11e-08,8.47e-08,1.239419773299748e-07,1.1545988564167724e-07,1.0237996514049303e-09,1.1545988564167724e-07,1.0237996514049303e-09,7.996549999999999e-07,7.996549999999999e-07,1.1545988564167724e-07,False,False,False,0,False,,,-2.308179557607727,3.0,False,False,,,weekly,10.0,sigma,computed,/home/lkoo/projects/AutomationDetection/DownloadedLC/incremental/quiescent_background_cache.csv,,,,,,False,not_in_flare_streak
4FGL J1800.6+7828,720,721,60318.00001157408,6.96e-08,2.01e-08,6.67e-08,1.239419773299748e-07,1.1545988564167724e-07,1.0237996514049303e-09,1.1545988564167724e-07,1.0237996514049303e-09,7.996549999999999e-07,7.996549999999999e-07,1.1545988564167724e-07,True,False,False,0,False,,,-2.2786324168912713,3.0,False,False,,,weekly,10.0,sigma,computed,/home/lkoo/projects/AutomationDetection/DownloadedLC/incremental/quiescent_background_cache.csv,,,,,,False,not_in_flare_streak
4FGL J1800.6+7828,721,722,60332.00001157408,6.18e-08,2.25e-08,6.96e-08,1.239419773299748e-07,1.1545988564167724e-07,1.0237996514049303e-09,1.1545988564167724e-07,1.0237996514049303e-09,7.996549999999999e-07,7.996549999999999e-07,1.1545988564167724e-07,False,False,False,0,False,,,-2.3824187411712203,3.0,False,False,,,weekly,10.0,sigma,computed,/home/lkoo/projects/AutomationDetection/DownloadedLC/incremental/quiescent_background_cache.csv,,,,,,False,not_in_flare_streak
4FGL J1800.6+7828,722,723,60339.00001157408,9.79e-08,2.58e-08,6.18e-08,1.239419773299748e-07,1.1545988564167724e-07,1.0237996514049303e-09,1.1545988564167724e-07,1.0237996514049303e-09,7.996549999999999e-07,7.996549999999999e-07,1.1545988564167724e-07,True,False,False,0,False,,,-0.6800804807855673,3.0,False,False,,,weekly,10.0,sigma,computed,/home/lkoo/projects/AutomationDetection/DownloadedLC/incremental/quiescent_background_cache.csv,,,,,,False,not_in_flare_streak
4FGL J1800.6+7828,723,724,60346.00001157408,2.74e-08,1.76e-08,9.79e-08,1.239419773299748e-07,1.1545988564167724e-07,1.0237996514049303e-09,1.1545988564167724e-07,1.0237996514049303e-09,7.996549999999999e-07,7.996549999999999e-07,1.1545988564167724e-07,False,False,False,0,False,,,-4.994958760880426,3.0,False,False,,,weekly,10.0,sigma,computed,/home/lkoo/projects/AutomationDetection/DownloadedLC/incremental/quiescent_background_cache.csv,,,,,,False,not_in_flare_streak
4FGL J1800.6+7828,724,725,60353.00001157408,3.57e-08,1.91e-08,2.74e-08,1.239419773299748e-07,1.1545988564167724e-07,1.0237996514049303e-09,1.1545988564167724e-07,1.0237996514049303e-09,7.996549999999999e-07,7.996549999999999e-07,1.1545988564167724e-07,True,False,False,0,False,,,-4.16992406325488,3.0,False,False,,,weekly,10.0,sigma,computed,/home/lkoo/projects/AutomationDetection/DownloadedLC/incremental/quiescent_background_cache.csv,,,,,,False,not_in_flare_streak
4FGL J1800.6+7828,725,726,60360.00001157408,6.17e-08,2e-08,3.57e-08,1.239419773299748e-07,1.1545988564167724e-07,1.0237996514049303e-09,1.1545988564167724e-07,1.0237996514049303e-09,7.996549999999999e-07,7.996549999999999e-07,1.1545988564167724e-07,True,False,False,0,False,,,-2.684479359144725,3.0,False,False,,,weekly,10.0,sigma,computed,/home/lkoo/projects/AutomationDetection/DownloadedLC/incremental/quiescent_background_cache.csv,,,,,,False,not_in_flare_streak
4FGL J1800.6+7828,726,727,60367.00001157408,2.95e-08,1.59e-08,6.17e-08,1.239419773299748e-07,1.1545988564167724e-07,1.0237996514049303e-09,1.1545988564167724e-07,1.0237996514049303e-09,7.996549999999999e-07,7.996549999999999e-07,1.1545988564167724e-07,False,False,False,0,False,,,-5.395109457546827,3.0,False,False,,,weekly,10.0,sigma,computed,/home/lkoo/projects/AutomationDetection/DownloadedLC/incremental/quiescent_background_cache.csv,,,,,,False,not_in_flare_streak
4FGL J1800.6+7828,727,728,60374.00001157408,8.71e-08,3.03e-08,2.95e-08,1.239419773299748e-07,1.1545988564167724e-07,1.0237996514049303e-09,1.1545988564167724e-07,1.0237996514049303e-09,7.996549999999999e-07,7.996549999999999e-07,1.1545988564167724e-07,True,False,False,0,False,,,-0.9354359908252774,3.0,False,False,,,weekly,10.0,sigma,computed,/home/lkoo/projects/AutomationDetection/DownloadedLC/incremental/quiescent_background_cache.csv,,,,,,False,not_in_flare_streak
4FGL J1800.6+7828,728,729,60381.00001157408,9.9e-08,2.91e-08,8.71e-08,1.239419773299748e-07,1.1545988564167724e-07,1.0237996514049303e-09,1.1545988564167724e-07,1.0237996514049303e-09,7.996549999999999e-07,7.996549999999999e-07,1.1545988564167724e-07,True,False,False,0,False,,,-0.5652820693489382,3.0,False,False,,,weekly,10.0,sigma,computed,/home/lkoo/projects/AutomationDetection/DownloadedLC/incremental/quiescent_background_cache.csv,,,,,,False,not_in_flare_streak
4FGL J1800.6+7828,729,730,60388.00001157408,8.19e-08,1.92e-08,9.9e-08,1.239419773299748e-07,1.1545988564167724e-07,1.0237996514049303e-09,1.1545988564167724e-07,1.0237996514049303e-09,7.996549999999999e-07,7.996549999999999e-07,1.1545988564167724e-07,False,False,False,0,False,,,-1.7454310523244818,3.0,False,False,,,weekly,10.0,sigma,computed,/home/lkoo/projects/AutomationDetection/DownloadedLC/incremental/quiescent_background_cache.csv,,,,,,False,not_in_flare_streak
4FGL J1800.6+7828,730,731,60395.00001157408,5.13e-08,2.39e-08,8.19e-08,1.239419773299748e-07,1.1545988564167724e-07,1.0237996514049303e-09,1.1545988564167724e-07,1.0237996514049303e-09,7.996549999999999e-07,7.996549999999999e-07,1.1545988564167724e-07,False,False,False,0,False,,,-2.6820543973710347,3.0,False,False,,,weekly,10.0,sigma,computed,/home/lkoo/projects/AutomationDetection/DownloadedLC/incremental/quiescent_background_cache.csv,,,,,,False,not_in_flare_streak
4FGL J1800.6+7828,731,732,60402.00001157408,7.4e-08,2.54e-08,5.13e-08,1.239419773299748e-07,1.1545988564167724e-07,1.0237996514049303e-09,1.1545988564167724e-07,1.0237996514049303e-09,7.996549999999999e-07,7.996549999999999e-07,1.1545988564167724e-07,True,False,False,0,False,,,-1.6309546264777222,3.0,False,False,,,weekly,10.0,sigma,computed,/home/lkoo/projects/AutomationDetection/DownloadedLC/incremental/quiescent_background_cache.csv,,,,,,False,not_in_flare_streak
4FGL J1800.6+7828,732,733,60409.00001157408,1.27e-07,3.02e-08,7.4e-08,1.239419773299748e-07,1.1545988564167724e-07,1.0237996514049303e-09,1.1545988564167724e-07,1.0237996514049303e-09,7.996549999999999e-07,7.996549999999999e-07,1.1545988564167724e-07,True,True,False,0,False,,,0.38190360286857855,3.0,False,False,,,weekly,10.0,sigma,computed,/home/lkoo/projects/AutomationDetection/DownloadedLC/incremental/quiescent_background_cache.csv,,,,,,False,not_in_flare_streak
4FGL J1800.6+7828,733,734,60416.00001157408,1.15e-07,3.07e-08,1.27e-07,1.239419773299748e-07,1.1545988564167724e-07,1.0237996514049303e-09,1.1545988564167724e-07,1.0237996514049303e-09,7.996549999999999e-07,7.996549999999999e-07,1.1545988564167724e-07,False,False,False,0,False,,,-0.0149716654675551,3.0,False,False,,,weekly,10.0,sigma,computed,/home/lkoo/projects/AutomationDetection/DownloadedLC/incremental/quiescent_background_cache.csv,,,,,,False,not_in_flare_streak
4FGL J1800.6+7828,734,735,60423.00001157408,3.03e-07,3.66e-08,1.15e-07,1.239419773299748e-07,1.1545988564167724e-07,1.0237996514049303e-09,1.1545988564167724e-07,1.0237996514049303e-09,7.996549999999999e-07,7.996549999999999e-07,1.1545988564167724e-07,True,True,False,0,False,,,5.1220433092191975,3.0,True,True,60423.00001157408,60423.00001157408,weekly,10.0,sigma,computed,/home/lkoo/projects/AutomationDetection/DownloadedLC/incremental/quiescent_background_cache.csv,,,,,,False,not_in_flare_streak
4FGL J1800.6+7828,735,736,60430.00001157408,9.95e-08,2.1e-08,3.03e-07,1.239419773299748e-07,1.1545988564167724e-07,1.0237996514049303e-09,1.1545988564167724e-07,1.0237996514049303e-09,7.996549999999999e-07,7.996549999999999e-07,1.1545988564167724e-07,False,False,False,0,False,,,-0.7590929862983509,3.0,False,False,,,weekly,10.0,sigma,computed,/home/lkoo/projects/AutomationDetection/DownloadedLC/incremental/quiescent_background_cache.csv,,,,,,False,not_in_flare_streak
4FGL J1800.6+7828,736,737,60437.00001157408,8.3e-08,1.72e-08,9.95e-08,1.239419773299748e-07,1.1545988564167724e-07,1.0237996514049303e-09,1.1545988564167724e-07,1.0237996514049303e-09,7.996549999999999e-07,7.996549999999999e-07,1.1545988564167724e-07,False,False,False,0,False,,,-1.883868316986726,3.0,False,False,,,weekly,10.0,sigma,computed,/home/lkoo/projects/AutomationDetection/DownloadedLC/incremental/quiescent_background_cache.csv,,,,,,False,not_in_flare_streak
4FGL J1800.6+7828,737,738,60444.00001157408,1.49e-07,2.92e-08,8.3e-08,1.239419773299748e-07,1.1545988564167724e-07,1.0237996514049303e-09,1.1545988564167724e-07,1.0237996514049303e-09,7.996549999999999e-07,7.996549999999999e-07,1.1545988564167724e-07,True,True,False,0,False,,,1.1479286853652473,3.0,False,False,,,weekly,10.0,sigma,computed,/home/lkoo/projects/AutomationDetection/DownloadedLC/incremental/quiescent_background_cache.csv,,,,,,False,not_in_flare_streak
4FGL J1800.6+7828,738,739,60451.00001157408,1.26e-07,2.87e-08,1.49e-07,1.239419773299748e-07,1.1545988564167724e-07,1.0237996514049303e-09,1.1545988564167724e-07,1.0237996514049303e-09,7.996549999999999e-07,7.996549999999999e-07,1.1545988564167724e-07,False,True,False,0,False,,,0.36701792595677635,3.0,False,False,,,weekly,10.0,sigma,computed,/home/lkoo/projects/AutomationDetection/DownloadedLC/incremental/quiescent_background_cache.csv,,,,,,False,not_in_flare_streak
4FGL J1800.6+7828,739,740,60458.00001157408,8.93e-08,2.54e-08,1.26e-07,1.239419773299748e-07,1.1545988564167724e-07,1.0237996514049303e-09,1.1545988564167724e-07,1.0237996514049303e-09,7.996549999999999e-07,7.996549999999999e-07,1.1545988564167724e-07,False,False,False,0,False,,,-1.0290811432565161,3.0,False,False,,,weekly,10.0,sigma,computed,/home/lkoo/projects/AutomationDetection/DownloadedLC/incremental/quiescent_background_cache.csv,,,,,,False,not_in_flare_streak
4FGL J1800.6+7828,740,741,60465.00001157408,2.21e-07,3.05e-08,8.93e-08,1.239419773299748e-07,1.1545988564167724e-07,1.0237996514049303e-09,1.1545988564167724e-07,1.0237996514049303e-09,7.996549999999999e-07,7.996549999999999e-07,1.1545988564167724e-07,True,True,False,0,False,,,3.4583837877132724,3.0,True,True,60465.00001157408,60465.00001157408,weekly,10.0,sigma,computed,/home/lkoo/projects/AutomationDetection/DownloadedLC/incremental/quiescent_background_cache.csv,,,,,,False,not_in_flare_streak
4FGL J1800.6+7828,741,742,60472.00001157408,1.92e-07,2.67e-08,2.21e-07,1.239419773299748e-07,1.1545988564167724e-07,1.0237996514049303e-09,1.1545988564167724e-07,1.0237996514049303e-09,7.996549999999999e-07,7.996549999999999e-07,1.1545988564167724e-07,False,True,False,0,False,,,2.8645658305363004,3.0,False,True,60465.00001157408,60472.00001157408,weekly,10.0,sigma,computed,/home/lkoo/projects/AutomationDetection/DownloadedLC/incremental/quiescent_background_cache.csv,,,,,,False,not_in_flare_streak
4FGL J1800.6+7828,742,743,60479.00001157408,2.1e-07,2.39e-08,1.92e-07,1.239419773299748e-07,1.1545988564167724e-07,1.0237996514049303e-09,1.1545988564167724e-07,1.0237996514049303e-09,7.996549999999999e-07,7.996549999999999e-07,1.1545988564167724e-07,True,True,False,0,False,,,3.95202901169123,3.0,True,True,60465.00001157408,60479.00001157408,weekly,10.0,sigma,computed,/home/lkoo/projects/AutomationDetection/DownloadedLC/incremental/quiescent_background_cache.csv,,,,,,False,not_in_flare_streak
4FGL J1800.6+7828,743,744,60486.00001157408,1.59e-07,2.37e-08,2.1e-07,1.239419773299748e-07,1.1545988564167724e-07,1.0237996514049303e-09,1.1545988564167724e-07,1.0237996514049303e-09,7.996549999999999e-07,7.996549999999999e-07,1.1545988564167724e-07,False,True,False,0,False,,,1.835423889373831,3.0,False,True,60465.00001157408,60486.00001157408,weekly,10.0,sigma,computed,/home/lkoo/projects/AutomationDetection/DownloadedLC/incremental/quiescent_background_cache.csv,,,,,,False,not_in_flare_streak
4FGL J1800.6+7828,744,745,60493.00001157408,1.54e-07,2.82e-08,1.59e-07,1.239419773299748e-07,1.1545988564167724e-07,1.0237996514049303e-09,1.1545988564167724e-07,1.0237996514049303e-09,7.996549999999999e-07,7.996549999999999e-07,1.1545988564167724e-07,False,True,False,0,False,,,1.365770941428369,3.0,False,True,60465.00001157408,60493.00001157408,weekly,10.0,sigma,computed,/home/lkoo/projects/AutomationDetection/DownloadedLC/incremental/quiescent_background_cache.csv,,,,,,False,not_in_flare_streak
4FGL J1800.6+7828,745,746,60500.00001157408,1.68e-07,3.23e-08,1.54e-07,1.239419773299748e-07,1.1545988564167724e-07,1.0237996514049303e-09,1.1545988564167724e-07,1.0237996514049303e-09,7.996549999999999e-07,7.996549999999999e-07,1.1545988564167724e-07,True,True,False,0,False,,,1.625812427268777,3.0,False,True,60465.00001157408,60500.00001157408,weekly,10.0,sigma,computed,/home/lkoo/projects/AutomationDetection/DownloadedLC/incremental/quiescent_background_cache.csv,,,,,,False,not_in_flare_streak
4FGL J1800.6+7828,746,747,60507.00001157408,7.13e-08,2.17e-08,1.68e-07,1.239419773299748e-07,1.1545988564167724e-07,1.0237996514049303e-09,1.1545988564167724e-07,1.0237996514049303e-09,7.996549999999999e-07,7.996549999999999e-07,1.1545988564167724e-07,False,False,False,0,False,,,-2.0327566473687977,3.0,False,False,,,weekly,10.0,sigma,computed,/home/lkoo/projects/AutomationDetection/DownloadedLC/incremental/quiescent_background_cache.csv,,,,,,False,not_in_flare_streak
4FGL J1800.6+7828,747,748,60514.00001157408,1.73e-07,3.09e-08,7.13e-08,1.239419773299748e-07,1.1545988564167724e-07,1.0237996514049303e-09,1.1545988564167724e-07,1.0237996514049303e-09,7.996549999999999e-07,7.996549999999999e-07,1.1545988564167724e-07,True,True,False,0,False,,,1.8611183596460423,3.0,False,False,,,weekly,10.0,sigma,computed,/home/lkoo/projects/AutomationDetection/DownloadedLC/incremental/quiescent_background_cache.csv,,,,,,False,not_in_flare_streak
4FGL J1800.6+7828,748,749,60521.00001157408,1.15e-07,2.03e-08,1.73e-07,1.239419773299748e-07,1.1545988564167724e-07,1.0237996514049303e-09,1.1545988564167724e-07,1.0237996514049303e-09,7.996549999999999e-07,7.996549999999999e-07,1.1545988564167724e-07,False,False,False,0,False,,,-0.022625708729680397,3.0,False,False,,,weekly,10.0,sigma,computed,/home/lkoo/projects/AutomationDetection/DownloadedLC/incremental/quiescent_background_cache.csv,,,,,,False,not_in_flare_streak
4FGL J1800.6+7828,749,750,60528.00001157408,9.89e-08,2.13e-08,1.15e-07,1.239419773299748e-07,1.1545988564167724e-07,1.0237996514049303e-09,1.1545988564167724e-07,1.0237996514049303e-09,7.996549999999999e-07,7.996549999999999e-07,1.1545988564167724e-07,False,False,False,0,False,,,-0.7765628858045502,3.0,False,False,,,weekly,10.0,sigma,computed,/home/lkoo/projects/AutomationDetection/DownloadedLC/incremental/quiescent_background_cache.csv,,,,,,False,not_in_flare_streak
4FGL J1800.6+7828,750,751,60535.00001157408,1e-07,2.54e-08,9.89e-08,1.239419773299748e-07,1.1545988564167724e-07,1.0237996514049303e-09,1.1545988564167724e-07,1.0237996514049303e-09,7.996549999999999e-07,7.996549999999999e-07,1.1545988564167724e-07,True,False,False,0,False,,,-0.6081630863632546,3.0,False,False,,,weekly,10.0,sigma,computed,/home/lkoo/projects/AutomationDetection/DownloadedLC/incremental/quiescent_background_cache.csv,,,,,,False,not_in_flare_streak
4FGL J1800.6+7828,751,752,60542.00001157408,8.04e-08,2.22e-08,1e-07,1.239419773299748e-07,1.1545988564167724e-07,1.0237996514049303e-09,1.1545988564167724e-07,1.0237996514049303e-09,7.996549999999999e-07,7.996549999999999e-07,1.1545988564167724e-07,False,False,False,0,False,,,-1.5775974121668066,3.0,False,False,,,weekly,10.0,sigma,computed,/home/lkoo/projects/AutomationDetection/DownloadedLC/incremental/quiescent_background_cache.csv,,,,,,False,not_in_flare_streak
4FGL J1800.6+7828,752,753,60549.00001157408,7.28e-08,2.18e-08,8.04e-08,1.239419773299748e-07,1.1545988564167724e-07,1.0237996514049303e-09,1.1545988564167724e-07,1.0237996514049303e-09,7.996549999999999e-07,7.996549999999999e-07,1.1545988564167724e-07,False,False,False,0,False,,,-1.9547210576113794,3.0,False,False,,,weekly,10.0,sigma,computed,/home/lkoo/projects/AutomationDetection/DownloadedLC/incremental/quiescent_background_cache.csv,,,,,,False,not_in_flare_streak
4FGL J1800.6+7828,753,754,60563.00001157408,1.61e-07,3.38e-08,7.28e-08,1.239419773299748e-07,1.1545988564167724e-07,1.0237996514049303e-09,1.1545988564167724e-07,1.0237996514049303e-09,7.996549999999999e-07,7.996549999999999e-07,1.1545988564167724e-07,True,True,False,0,False,,,1.3467230074888503,3.0,False,False,,,weekly,10.0,sigma,computed,/home/lkoo/projects/AutomationDetection/DownloadedLC/incremental/quiescent_background_cache.csv,,,,,,False,not_in_flare_streak
4FGL J1800.6+7828,754,755,60570.00001157408,1.62e-07,2.47e-08,1.61e-07,1.239419773299748e-07,1.1545988564167724e-07,1.0237996514049303e-09,1.1545988564167724e-07,1.0237996514049303e-09,7.996549999999999e-07,7.996549999999999e-07,1.1545988564167724e-07,True,True,False,0,False,,,1.882598649985782,3.0,False,False,,,weekly,10.0,sigma,computed,/home/lkoo/projects/AutomationDetection/DownloadedLC/incremental/quiescent_background_cache.csv,,,,,,False,not_in_flare_streak
4FGL J1800.6+7828,755,756,60577.00001157408,9.77e-08,2.82e-08,1.62e-07,1.239419773299748e-07,1.1545988564167724e-07,1.0237996514049303e-09,1.1545988564167724e-07,1.0237996514049303e-09,7.996549999999999e-07,7.996549999999999e-07,1.1545988564167724e-07,False,False,False,0,False,,,-0.6293685458993877,3.0,False,False,,,weekly,10.0,sigma,computed,/home/lkoo/projects/AutomationDetection/DownloadedLC/incremental/quiescent_background_cache.csv,,,,,,False,not_in_flare_streak
4FGL J1800.6+7828,756,757,60584.00001157408,1.4e-07,3e-08,9.77e-08,1.239419773299748e-07,1.1545988564167724e-07,1.0237996514049303e-09,1.1545988564167724e-07,1.0237996514049303e-09,7.996549999999999e-07,7.996549999999999e-07,1.1545988564167724e-07,True,True,False,0,False,,,0.8175278922951055,3.0,False,False,,,weekly,10.0,sigma,computed,/home/lkoo/projects/AutomationDetection/DownloadedLC/incremental/quiescent_background_cache.csv,,,,,,False,not_in_flare_streak
4FGL J1800.6+7828,757,758,60591.00001157408,1.1e-07,2.51e-08,1.4e-07,1.239419773299748e-07,1.1545988564167724e-07,1.0237996514049303e-09,1.1545988564167724e-07,1.0237996514049303e-09,7.996549999999999e-07,7.996549999999999e-07,1.1545988564167724e-07,False,False,False,0,False,,,-0.2173445982838208,3.0,False,False,,,weekly,10.0,sigma,computed,/home/lkoo/projects/AutomationDetection/DownloadedLC/incremental/quiescent_background_cache.csv,,,,,,False,not_in_flare_streak
4FGL J1800.6+7828,758,759,60598.00001157408,1.12e-07,2.83e-08,1.1e-07,1.239419773299748e-07,1.1545988564167724e-07,1.0237996514049303e-09,1.1545988564167724e-07,1.0237996514049303e-09,7.996549999999999e-07,7.996549999999999e-07,1.1545988564167724e-07,True,False,False,0,False,,,-0.12217751932455344,3.0,False,False,,,weekly,10.0,sigma,computed,/home/lkoo/projects/AutomationDetection/DownloadedLC/incremental/quiescent_background_cache.csv,,,,,,False,not_in_flare_streak
4FGL J1800.6+7828,759,760,60605.00001157408,9.27e-08,3.1e-08,1.12e-07,1.239419773299748e-07,1.1545988564167724e-07,1.0237996514049303e-09,1.1545988564167724e-07,1.0237996514049303e-09,7.996549999999999e-07,7.996549999999999e-07,1.1545988564167724e-07,False,False,False,0,False,,,-0.7337897950469872,3.0,False,False,,,weekly,10.0,sigma,computed,/home/lkoo/projects/AutomationDetection/DownloadedLC/incremental/quiescent_background_cache.csv,,,,,,False,not_in_flare_streak
4FGL J1800.6+7828,760,761,60612.00001157408,1.09e-07,3.45e-08,9.27e-08,1.239419773299748e-07,1.1545988564167724e-07,1.0237996514049303e-09,1.1545988564167724e-07,1.0237996514049303e-09,7.996549999999999e-07,7.996549999999999e-07,1.1545988564167724e-07,True,False,False,0,False,,,-0.1871606708865869,3.0,False,False,,,weekly,10.0,sigma,computed,/home/lkoo/projects/AutomationDetection/DownloadedLC/incremental/quiescent_background_cache.csv,,,,,,False,not_in_flare_streak
4FGL J1800.6+7828,761,762,60619.00001157408,1.48e-07,3.1e-08,1.09e-07,1.239419773299748e-07,1.1545988564167724e-07,1.0237996514049303e-09,1.1545988564167724e-07,1.0237996514049303e-09,7.996549999999999e-07,7.996549999999999e-07,1.1545988564167724e-07,True,True,False,0,False,,,1.0491091309384792,3.0,False,False,,,weekly,10.0,sigma,computed,/home/lkoo/projects/AutomationDetection/DownloadedLC/incremental/quiescent_background_cache.csv,,,,,,False,not_in_flare_streak
4FGL J1800.6+7828,762,763,60626.00001157408,9.41e-08,2.37e-08,1.48e-07,1.239419773299748e-07,1.1545988564167724e-07,1.0237996514049303e-09,1.1545988564167724e-07,1.0237996514049303e-09,7.996549999999999e-07,7.996549999999999e-07,1.1545988564167724e-07,False,False,False,0,False,,,-0.9004212542573052,3.0,False,False,,,weekly,10.0,sigma,computed,/home/lkoo/projects/AutomationDetection/DownloadedLC/incremental/quiescent_background_cache.csv,,,,,,False,not_in_flare_streak
4FGL J1800.6+7828,763,764,60633.00001157408,1.46e-07,2.57e-08,9.41e-08,1.239419773299748e-07,1.1545988564167724e-07,1.0237996514049303e-09,1.1545988564167724e-07,1.0237996514049303e-09,7.996549999999999e-07,7.996549999999999e-07,1.1545988564167724e-07,True,True,False,0,False,,,1.1873895065893365,3.0,False,False,,,weekly,10.0,sigma,computed,/home/lkoo/projects/AutomationDetection/DownloadedLC/incremental/quiescent_background_cache.csv,,,,,,False,not_in_flare_streak
4FGL J1800.6+7828,764,765,60640.00001157408,1.42e-07,2.45e-08,1.46e-07,1.239419773299748e-07,1.1545988564167724e-07,1.0237996514049303e-09,1.1545988564167724e-07,1.0237996514049303e-09,7.996549999999999e-07,7.996549999999999e-07,1.1545988564167724e-07,False,True,False,0,False,,,1.082325399407645,3.0,False,False,,,weekly,10.0,sigma,computed,/home/lkoo/projects/AutomationDetection/DownloadedLC/incremental/quiescent_background_cache.csv,,,,,,False,not_in_flare_streak
4FGL J1800.6+7828,765,766,60647.00001157408,1.24e-07,2.54e-08,1.42e-07,1.239419773299748e-07,1.1545988564167724e-07,1.0237996514049303e-09,1.1545988564167724e-07,1.0237996514049303e-09,7.996549999999999e-07,7.996549999999999e-07,1.1545988564167724e-07,False,True,False,0,False,,,0.3359521814347158,3.0,False,False,,,weekly,10.0,sigma,computed,/home/lkoo/projects/AutomationDetection/DownloadedLC/incremental/quiescent_background_cache.csv,,,,,,False,not_in_flare_streak
4FGL J1800.6+7828,766,767,60654.00001157408,1.52e-07,3.57e-08,1.24e-07,1.239419773299748e-07,1.1545988564167724e-07,1.0237996514049303e-09,1.1545988564167724e-07,1.0237996514049303e-09,7.996549999999999e-07,7.996549999999999e-07,1.1545988564167724e-07,True,True,False,0,False,,,1.0231119878001376,3.0,False,False,,,weekly,10.0,sigma,computed,/home/lkoo/projects/AutomationDetection/DownloadedLC/incremental/quiescent_background_cache.csv,,,,,,False,not_in_flare_streak
4FGL J1800.6+7828,767,768,60661.00001157408,1.89e-07,4.31e-08,1.52e-07,1.239419773299748e-07,1.1545988564167724e-07,1.0237996514049303e-09,1.1545988564167724e-07,1.0237996514049303e-09,7.996549999999999e-07,7.996549999999999e-07,1.1545988564167724e-07,True,True,False,0,False,,,1.7057859732229366,3.0,False,False,,,weekly,10.0,sigma,computed,/home/lkoo/projects/AutomationDetection/DownloadedLC/incremental/quiescent_background_cache.csv,,,,,,False,not_in_flare_streak
4FGL J1800.6+7828,768,769,60675.00001157408,1.2e-07,3.24e-08,1.89e-07,1.239419773299748e-07,1.1545988564167724e-07,1.0237996514049303e-09,1.1545988564167724e-07,1.0237996514049303e-09,7.996549999999999e-07,7.996549999999999e-07,1.1545988564167724e-07,False,True,False,0,False,,,0.1400570816250276,3.0,False,False,,,weekly,10.0,sigma,computed,/home/lkoo/projects/AutomationDetection/DownloadedLC/incremental/quiescent_background_cache.csv,,,,,,False,not_in_flare_streak
4FGL J1800.6+7828,769,770,60682.00001157408,1.74e-07,2.52e-08,1.2e-07,1.239419773299748e-07,1.1545988564167724e-07,1.0237996514049303e-09,1.1545988564167724e-07,1.0237996514049303e-09,7.996549999999999e-07,7.996549999999999e-07,1.1545988564167724e-07,True,True,False,0,False,,,2.3211056495265376,3.0,False,False,,,weekly,10.0,sigma,computed,/home/lkoo/projects/AutomationDetection/DownloadedLC/incremental/quiescent_background_cache.csv,,,,,,False,not_in_flare_streak
4FGL J1800.6+7828,770,771,60689.00001157408,1.96e-07,2.83e-08,1.74e-07,1.239419773299748e-07,1.1545988564167724e-07,1.0237996514049303e-09,1.1545988564167724e-07,1.0237996514049303e-09,7.996549999999999e-07,7.996549999999999e-07,1.1545988564167724e-07,True,True,False,0,False,,,2.844079948736543,3.0,False,False,,,weekly,10.0,sigma,computed,/home/lkoo/projects/AutomationDetection/DownloadedLC/incremental/quiescent_background_cache.csv,,,,,,False,not_in_flare_streak
4FGL J1800.6+7828,771,772,60696.00001157408,2.57e-07,3.56e-08,1.96e-07,1.239419773299748e-07,1.1545988564167724e-07,1.0237996514049303e-09,1.1545988564167724e-07,1.0237996514049303e-09,7.996549999999999e-07,7.996549999999999e-07,1.1545988564167724e-07,True,True,False,0,False,,,3.974202823214932,3.0,True,True,60696.00001157408,60696.00001157408,weekly,10.0,sigma,computed,/home/lkoo/projects/AutomationDetection/DownloadedLC/incremental/quiescent_background_cache.csv,,,,,,False,not_in_flare_streak
4FGL J1800.6+7828,772,773,60703.00001157408,1.15e-07,3e-08,2.57e-07,1.239419773299748e-07,1.1545988564167724e-07,1.0237996514049303e-09,1.1545988564167724e-07,1.0237996514049303e-09,7.996549999999999e-07,7.996549999999999e-07,1.1545988564167724e-07,False,False,False,0,False,,,-0.01532060257941182,3.0,False,False,,,weekly,10.0,sigma,computed,/home/lkoo/projects/AutomationDetection/DownloadedLC/incremental/quiescent_background_cache.csv,,,,,,False,not_in_flare_streak
4FGL J1800.6+7828,773,774,60710.00001157408,3.8e-08,1.92e-08,1.15e-07,1.239419773299748e-07,1.1545988564167724e-07,1.0237996514049303e-09,1.1545988564167724e-07,1.0237996514049303e-09,7.996549999999999e-07,7.996549999999999e-07,1.1545988564167724e-07,False,False,False,0,False,,,-4.028645721622598,3.0,False,False,,,weekly,10.0,sigma,computed,/home/lkoo/projects/AutomationDetection/DownloadedLC/incremental/quiescent_background_cache.csv,,,,,,False,not_in_flare_streak
4FGL J1800.6+7828,774,775,60717.00001157408,6.8e-08,3e-08,3.8e-08,1.239419773299748e-07,1.1545988564167724e-07,1.0237996514049303e-09,1.1545988564167724e-07,1.0237996514049303e-09,7.996549999999999e-07,7.996549999999999e-07,1.1545988564167724e-07,True,False,False,0,False,,,-1.5810757729435034,3.0,False,False,,,weekly,10.0,sigma,computed,/home/lkoo/projects/AutomationDetection/DownloadedLC/incremental/quiescent_background_cache.csv,,,,,,False,not_in_flare_streak
4FGL J1800.6+7828,775,776,60724.00001157408,3.31e-08,2.14e-08,6.8e-08,1.239419773299748e-07,1.1545988564167724e-07,1.0237996514049303e-09,1.1545988564167724e-07,1.0237996514049303e-09,7.996549999999999e-07,7.996549999999999e-07,1.1545988564167724e-07,False,False,False,0,False,,,-3.8441960584369776,3.0,False,False,,,weekly,10.0,sigma,computed,/home/lkoo/projects/AutomationDetection/DownloadedLC/incremental/quiescent_background_cache.csv,,,,,,False,not_in_flare_streak
4FGL J1800.6+7828,776,777,60731.00001157408,9.93e-08,2.18e-08,3.31e-08,1.239419773299748e-07,1.1545988564167724e-07,1.0237996514049303e-09,1.1545988564167724e-07,1.0237996514049303e-09,7.996549999999999e-07,7.996549999999999e-07,1.1545988564167724e-07,True,False,False,0,False,,,-0.7404630433776371,3.0,False,False,,,weekly,10.0,sigma,computed,/home/lkoo/projects/AutomationDetection/DownloadedLC/incremental/quiescent_background_cache.csv,,,,,,False,not_in_flare_streak
4FGL J1800.6+7828,777,778,60738.00001157408,8.93e-08,2.72e-08,9.93e-08,1.239419773299748e-07,1.1545988564167724e-07,1.0237996514049303e-09,1.1545988564167724e-07,1.0237996514049303e-09,7.996549999999999e-07,7.996549999999999e-07,1.1545988564167724e-07,False,False,False,0,False,,,-0.9610799391758171,3.0,False,False,,,weekly,10.0,sigma,computed,/home/lkoo/projects/AutomationDetection/DownloadedLC/incremental/quiescent_background_cache.csv,,,,,,False,not_in_flare_streak
4FGL J1800.6+7828,778,779,60745.00001157408,1.34e-07,3.42e-08,8.93e-08,1.239419773299748e-07,1.1545988564167724e-07,1.0237996514049303e-09,1.1545988564167724e-07,1.0237996514049303e-09,7.996549999999999e-07,7.996549999999999e-07,1.1545988564167724e-07,True,True,False,0,False,,,0.541865866449299,3.0,False,False,,,weekly,10.0,sigma,computed,/home/lkoo/projects/AutomationDetection/DownloadedLC/incremental/quiescent_background_cache.csv,,,,,,False,not_in_flare_streak
4FGL J1800.6+7828,779,780,60752.00001157408,5.28e-08,1.89e-08,1.34e-07,1.239419773299748e-07,1.1545988564167724e-07,1.0237996514049303e-09,1.1545988564167724e-07,1.0237996514049303e-09,7.996549999999999e-07,7.996549999999999e-07,1.1545988564167724e-07,False,False,False,0,False,,,-3.310484424688239,3.0,False,False,,,weekly,10.0,sigma,computed,/home/lkoo/projects/AutomationDetection/DownloadedLC/incremental/quiescent_background_cache.csv,,,,,,False,not_in_flare_streak
4FGL J1800.6+7828,780,781,60759.00001157408,6.71e-08,2.21e-08,5.28e-08,1.239419773299748e-07,1.1545988564167724e-07,1.0237996514049303e-09,1.1545988564167724e-07,1.0237996514049303e-09,7.996549999999999e-07,7.996549999999999e-07,1.1545988564167724e-07,True,False,False,0,False,,,-2.1858858363743505,3.0,False,False,,,weekly,10.0,sigma,computed,/home/lkoo/projects/AutomationDetection/DownloadedLC/incremental/quiescent_background_cache.csv,,,,,,False,not_in_flare_streak
4FGL J1800.6+7828,781,782,60766.00001157408,1.45e-07,3.22e-08,6.71e-08,1.239419773299748e-07,1.1545988564167724e-07,1.0237996514049303e-09,1.1545988564167724e-07,1.0237996514049303e-09,7.996549999999999e-07,7.996549999999999e-07,1.1545988564167724e-07,True,True,False,0,False,,,0.9169314992096933,3.0,False,False,,,weekly,10.0,sigma,computed,/home/lkoo/projects/AutomationDetection/DownloadedLC/incremental/quiescent_background_cache.csv,,,,,,False,not_in_flare_streak
4FGL J1800.6+7828,782,783,60773.00001157408,1.72e-07,3.27e-08,1.45e-07,1.239419773299748e-07,1.1545988564167724e-07,1.0237996514049303e-09,1.1545988564167724e-07,1.0237996514049303e-09,7.996549999999999e-07,7.996549999999999e-07,1.1545988564167724e-07,True,True,False,0,False,,,1.7282086588524603,3.0,False,False,,,weekly,10.0,sigma,computed,/home/lkoo/projects/AutomationDetection/DownloadedLC/incremental/quiescent_background_cache.csv,,,,,,False,not_in_flare_streak
4FGL J1800.6+7828,783,784,60780.00001157408,7.26e-08,2.17e-08,1.72e-07,1.239419773299748e-07,1.1545988564167724e-07,1.0237996514049303e-09,1.1545988564167724e-07,1.0237996514049303e-09,7.996549999999999e-07,7.996549999999999e-07,1.1545988564167724e-07,False,False,False,0,False,,,-1.9729153773296961,3.0,False,False,,,weekly,10.0,sigma,computed,/home/lkoo/projects/AutomationDetection/DownloadedLC/incremental/quiescent_background_cache.csv,,,,,,False,not_in_flare_streak
4FGL J1800.6+7828,784,785,60787.00001157408,1.05e-07,2.76e-08,7.26e-08,1.239419773299748e-07,1.1545988564167724e-07,1.0237996514049303e-09,1.1545988564167724e-07,1.0237996514049303e-09,7.996549999999999e-07,7.996549999999999e-07,1.1545988564167724e-07,True,False,False,0,False,,,-0.3787208974054723,3.0,False,False,,,weekly,10.0,sigma,computed,/home/lkoo/projects/AutomationDetection/DownloadedLC/incremental/quiescent_background_cache.csv,,,,,,False,not_in_flare_streak
4FGL J1800.6+7828,785,786,60794.00001157408,9.68e-08,2.34e-08,1.05e-07,1.239419773299748e-07,1.1545988564167724e-07,1.0237996514049303e-09,1.1545988564167724e-07,1.0237996514049303e-09,7.996549999999999e-07,7.996549999999999e-07,1.1545988564167724e-07,False,False,False,0,False,,,-0.7966688639318744,3.0,False,False,,,weekly,10.0,sigma,computed,/home/lkoo/projects/AutomationDetection/DownloadedLC/incremental/quiescent_background_cache.csv,,,,,,False,not_in_flare_streak
4FGL J1800.6+7828,786,787,60801.00001157408,1.04e-07,2.12e-08,9.68e-08,1.239419773299748e-07,1.1545988564167724e-07,1.0237996514049303e-09,1.1545988564167724e-07,1.0237996514049303e-09,7.996549999999999e-07,7.996549999999999e-07,1.1545988564167724e-07,True,False,False,0,False,,,-0.539931407075114,3.0,False,False,,,weekly,10.0,sigma,computed,/home/lkoo/projects/AutomationDetection/DownloadedLC/incremental/quiescent_background_cache.csv,,,,,,False,not_in_flare_streak
4FGL J1800.6+7828,787,788,60808.00001157408,4.66e-08,2.26e-08,1.04e-07,1.239419773299748e-07,1.1545988564167724e-07,1.0237996514049303e-09,1.1545988564167724e-07,1.0237996514049303e-09,7.996549999999999e-07,7.996549999999999e-07,1.1545988564167724e-07,False,False,False,0,False,,,-3.0437760243753136,3.0,False,False,,,weekly,10.0,sigma,computed,/home/lkoo/projects/AutomationDetection/DownloadedLC/incremental/quiescent_background_cache.csv,,,,,,False,not_in_flare_streak
4FGL J1800.6+7828,788,789,60815.00001157408,4.19e-08,1.66e-08,4.66e-08,1.239419773299748e-07,1.1545988564167724e-07,1.0237996514049303e-09,1.1545988564167724e-07,1.0237996514049303e-09,7.996549999999999e-07,7.996549999999999e-07,1.1545988564167724e-07,False,False,False,0,False,,,-4.422914530470527,3.0,False,False,,,weekly,10.0,sigma,computed,/home/lkoo/projects/AutomationDetection/DownloadedLC/incremental/quiescent_background_cache.csv,,,,,,False,not_in_flare_streak
4FGL J1800.6+7828,789,790,60822.00001157408,4.7e-08,1.99e-08,4.19e-08,1.239419773299748e-07,1.1545988564167724e-07,1.0237996514049303e-09,1.1545988564167724e-07,1.0237996514049303e-09,7.996549999999999e-07,7.996549999999999e-07,1.1545988564167724e-07,True,False,False,0,False,,,-3.4356514938148184,3.0,False,False,,,weekly,10.0,sigma,computed,/home/lkoo/projects/AutomationDetection/DownloadedLC/incremental/quiescent_background_cache.csv,,,,,,False,not_in_flare_streak
4FGL J1800.6+7828,790,791,60829.00001157408,3.84e-08,1.96e-08,4.7e-08,1.239419773299748e-07,1.1545988564167724e-07,1.0237996514049303e-09,1.1545988564167724e-07,1.0237996514049303e-09,7.996549999999999e-07,7.996549999999999e-07,1.1545988564167724e-07,False,False,False,0,False,,,-3.9262741234519902,3.0,False,False,,,weekly,10.0,sigma,computed,/home/lkoo/projects/AutomationDetection/DownloadedLC/incremental/quiescent_background_cache.csv,,,,,,False,not_in_flare_streak
4FGL J1800.6+7828,791,792,60836.00001157408,6.09e-08,2.3e-08,3.84e-08,1.239419773299748e-07,1.1545988564167724e-07,1.0237996514049303e-09,1.1545988564167724e-07,1.0237996514049303e-09,7.996549999999999e-07,7.996549999999999e-07,1.1545988564167724e-07,True,False,False,0,False,,,-2.369822308334284,3.0,False,False,,,weekly,10.0,sigma,computed,/home/lkoo/projects/AutomationDetection/DownloadedLC/incremental/quiescent_background_cache.csv,,,,,,False,not_in_flare_streak
4FGL J1800.6+7828,792,793,60843.00001157408,2.85e-08,1.63e-08,6.09e-08,1.239419773299748e-07,1.1545988564167724e-07,1.0237996514049303e-09,1.1545988564167724e-07,1.0237996514049303e-09,7.996549999999999e-07,7.996549999999999e-07,1.1545988564167724e-07,False,False,False,0,False,,,-5.324469943299281,3.0,False,False,,,weekly,10.0,sigma,computed,/home/lkoo/projects/AutomationDetection/DownloadedLC/incremental/quiescent_background_cache.csv,,,,,,False,not_in_flare_streak
4FGL J1800.6+7828,793,794,60850.00001157408,1.33e-07,3.56e-08,2.85e-08,1.239419773299748e-07,1.1545988564167724e-07,1.0237996514049303e-09,1.1545988564167724e-07,1.0237996514049303e-09,7.996549999999999e-07,7.996549999999999e-07,1.1545988564167724e-07,True,True,False,0,False,,,0.4924962249633804,3.0,False,False,,,weekly,10.0,sigma,computed,/home/lkoo/projects/AutomationDetection/DownloadedLC/incremental/quiescent_background_cache.csv,,,,,,False,not_in_flare_streak
