Name,previous_bin_count,current_bin_count,new_point_mjd,new_point_flux,new_point_flux_error,previous_point_flux,average_flux_full_series,previous_quiescent_background,previous_quiescent_background_error,current_quiescent_background,current_quiescent_background_error,previous_detection_threshold,current_detection_threshold,flare_flux_threshold,above_previous_flux,above_flare_flux_threshold,potential_flare_point,consecutive_potential_flare_points,flare_active,flare_start_mjd,flare_end_mjd,confirmed_sigma_delta,confirmed_sigma_threshold,confirmed_start_trigger,confirmed_flare_active,confirmed_flare_start_mjd,confirmed_flare_end_mjd,cadence,lookback_weeks,detection_method,quiescent_background_origin,quiescent_background_cache_path,flare_duration_seconds,streak_mean_flux,source_counts_0p2_5MeV,background_counts,mdp99_percent,mdp99_available,mdp99_reason
4FGL J0841.3+7053,1,2,54718.00001157408,7.75e-08,3.12e-08,2.34e-08,1.3804070476190473e-07,1.213746034816248e-07,1.5405174851430847e-09,1.213746034816248e-07,1.5405174851430847e-09,7.81946e-07,7.81946e-07,1.213746034816248e-07,True,False,False,0,False,,,-1.404526253739167,3.0,False,False,,,weekly,10.0,sigma,computed,/home/lkoo/projects/AutomationDetection/DownloadedLC/incremental/quiescent_background_cache.csv,,,,,,False,not_in_flare_streak
4FGL J0841.3+7053,2,3,54725.00001157408,1.46e-08,1.12e-08,7.75e-08,1.3804070476190473e-07,1.213746034816248e-07,1.5405174851430847e-09,1.213746034816248e-07,1.5405174851430847e-09,7.81946e-07,7.81946e-07,1.213746034816248e-07,False,False,False,0,False,,,-9.444525057611564,3.0,False,False,,,weekly,10.0,sigma,computed,/home/lkoo/projects/AutomationDetection/DownloadedLC/incremental/quiescent_background_cache.csv,,,,,,False,not_in_flare_streak
4FGL J0841.3+7053,3,4,54732.00001157408,3.85e-08,2.68e-08,1.46e-08,1.3804070476190473e-07,1.213746034816248e-07,1.5405174851430847e-09,1.213746034816248e-07,1.5405174851430847e-09,7.81946e-07,7.81946e-07,1.213746034816248e-07,True,False,False,0,False,,,-3.0872397593448975,3.0,False,False,,,weekly,10.0,sigma,computed,/home/lkoo/projects/AutomationDetection/DownloadedLC/incremental/quiescent_background_cache.csv,,,,,,False,not_in_flare_streak
4FGL J0841.3+7053,4,5,54739.00001157408,8.03e-08,5.29e-08,3.85e-08,1.3804070476190473e-07,1.213746034816248e-07,1.5405174851430847e-09,1.213746034816248e-07,1.5405174851430847e-09,7.81946e-07,7.81946e-07,1.213746034816248e-07,True,False,False,0,False,,,-0.7761285042386942,3.0,False,False,,,weekly,10.0,sigma,computed,/home/lkoo/projects/AutomationDetection/DownloadedLC/incremental/quiescent_background_cache.csv,,,,,,False,not_in_flare_streak
4FGL J0841.3+7053,5,6,54767.00001157408,5.35e-08,3.39e-08,8.03e-08,1.3804070476190473e-07,1.213746034816248e-07,1.5405174851430847e-09,1.213746034816248e-07,1.5405174851430847e-09,7.81946e-07,7.81946e-07,1.213746034816248e-07,False,False,False,0,False,,,-2.000136551104215,3.0,False,False,,,weekly,10.0,sigma,computed,/home/lkoo/projects/AutomationDetection/DownloadedLC/incremental/quiescent_background_cache.csv,,,,,,False,not_in_flare_streak
4FGL J0841.3+7053,6,7,54781.00001157408,4.54e-08,2.71e-08,5.35e-08,1.3804070476190473e-07,1.213746034816248e-07,1.5405174851430847e-09,1.213746034816248e-07,1.5405174851430847e-09,7.81946e-07,7.81946e-07,1.213746034816248e-07,False,False,False,0,False,,,-2.798972210243828,3.0,False,False,,,weekly,10.0,sigma,computed,/home/lkoo/projects/AutomationDetection/DownloadedLC/incremental/quiescent_background_cache.csv,,,,,,False,not_in_flare_streak
4FGL J0841.3+7053,7,8,54788.00001157408,2.78e-09,2.49e-09,4.54e-08,1.3804070476190473e-07,1.213746034816248e-07,1.5405174851430847e-09,1.213746034816248e-07,1.5405174851430847e-09,7.81946e-07,7.81946e-07,1.213746034816248e-07,False,False,False,0,False,,,-40.50336127687732,3.0,False,False,,,weekly,10.0,sigma,computed,/home/lkoo/projects/AutomationDetection/DownloadedLC/incremental/quiescent_background_cache.csv,,,,,,False,not_in_flare_streak
4FGL J0841.3+7053,8,9,54802.00001157408,1.39e-07,5.04e-08,2.78e-09,1.3804070476190473e-07,1.213746034816248e-07,1.5405174851430847e-09,1.213746034816248e-07,1.5405174851430847e-09,7.81946e-07,7.81946e-07,1.213746034816248e-07,True,True,False,0,False,,,0.3495470009424439,3.0,False,False,,,weekly,10.0,sigma,computed,/home/lkoo/projects/AutomationDetection/DownloadedLC/incremental/quiescent_background_cache.csv,,,,,,False,not_in_flare_streak
4FGL J0841.3+7053,9,10,54816.00001157408,9.52e-09,7.12e-09,1.39e-07,1.3804070476190473e-07,1.213746034816248e-07,1.5405174851430847e-09,1.213746034816248e-07,1.5405174851430847e-09,7.81946e-07,7.81946e-07,1.213746034816248e-07,False,False,False,0,False,,,-15.354623192171628,3.0,False,False,,,weekly,10.0,sigma,computed,/home/lkoo/projects/AutomationDetection/DownloadedLC/incremental/quiescent_background_cache.csv,,,,,,False,not_in_flare_streak
4FGL J0841.3+7053,10,11,54823.00001157408,6.34e-08,3.36e-08,9.52e-09,1.3804070476190473e-07,1.213746034816248e-07,1.5405174851430847e-09,1.213746034816248e-07,1.5405174851430847e-09,7.81946e-07,7.81946e-07,1.213746034816248e-07,True,False,False,0,False,,,-1.7236239579465849,3.0,False,False,,,weekly,10.0,sigma,computed,/home/lkoo/projects/AutomationDetection/DownloadedLC/incremental/quiescent_background_cache.csv,,,,,,False,not_in_flare_streak
4FGL J0841.3+7053,11,12,54830.00001157408,2.46e-08,2.05e-08,6.34e-08,1.3804070476190473e-07,1.213746034816248e-07,1.5405174851430847e-09,1.213746034816248e-07,1.5405174851430847e-09,7.81946e-07,7.81946e-07,1.213746034816248e-07,False,False,False,0,False,,,-4.7074393846236955,3.0,False,False,,,weekly,10.0,sigma,computed,/home/lkoo/projects/AutomationDetection/DownloadedLC/incremental/quiescent_background_cache.csv,,,,,,False,not_in_flare_streak
4FGL J0841.3+7053,12,13,54851.00001157408,1.01e-07,4.75e-08,2.46e-08,1.3804070476190473e-07,1.213746034816248e-07,1.5405174851430847e-09,1.213746034816248e-07,1.5405174851430847e-09,7.81946e-07,7.81946e-07,1.213746034816248e-07,True,False,False,0,False,,,-0.4287136127482818,3.0,False,False,,,weekly,10.0,sigma,computed,/home/lkoo/projects/AutomationDetection/DownloadedLC/incremental/quiescent_background_cache.csv,,,,,,False,not_in_flare_streak
4FGL J0841.3+7053,13,14,54858.00001157408,1.31e-07,4.92e-08,1.01e-07,1.3804070476190473e-07,1.213746034816248e-07,1.5405174851430847e-09,1.213746034816248e-07,1.5405174851430847e-09,7.81946e-07,7.81946e-07,1.213746034816248e-07,True,True,False,0,False,,,0.19554230931372166,3.0,False,False,,,weekly,10.0,sigma,computed,/home/lkoo/projects/AutomationDetection/DownloadedLC/incremental/quiescent_background_cache.csv,,,,,,False,not_in_flare_streak
4FGL J0841.3+7053,14,15,54865.00001157408,6.61e-08,3.28e-08,1.31e-07,1.3804070476190473e-07,1.213746034816248e-07,1.5405174851430847e-09,1.213746034816248e-07,1.5405174851430847e-09,7.81946e-07,7.81946e-07,1.213746034816248e-07,False,False,False,0,False,,,-1.683345703324461,3.0,False,False,,,weekly,10.0,sigma,computed,/home/lkoo/projects/AutomationDetection/DownloadedLC/incremental/quiescent_background_cache.csv,,,,,,False,not_in_flare_streak
4FGL J0841.3+7053,15,16,54872.00001157408,1.8e-07,3.65e-08,6.61e-08,1.3804070476190473e-07,1.213746034816248e-07,1.5405174851430847e-09,1.213746034816248e-07,1.5405174851430847e-09,7.81946e-07,7.81946e-07,1.213746034816248e-07,True,True,False,0,False,,,1.6047465810413022,3.0,False,False,,,weekly,10.0,sigma,computed,/home/lkoo/projects/AutomationDetection/DownloadedLC/incremental/quiescent_background_cache.csv,,,,,,False,not_in_flare_streak
4FGL J0841.3+7053,16,17,54879.00001157408,7.72e-08,3.04e-08,1.8e-07,1.3804070476190473e-07,1.213746034816248e-07,1.5405174851430847e-09,1.213746034816248e-07,1.5405174851430847e-09,7.81946e-07,7.81946e-07,1.213746034816248e-07,False,False,False,0,False,,,-1.4512497849151487,3.0,False,False,,,weekly,10.0,sigma,computed,/home/lkoo/projects/AutomationDetection/DownloadedLC/incremental/quiescent_background_cache.csv,,,,,,False,not_in_flare_streak
4FGL J0841.3+7053,17,18,54886.00001157408,1.21e-07,3.38e-08,7.72e-08,1.3804070476190473e-07,1.213746034816248e-07,1.5405174851430847e-09,1.213746034816248e-07,1.5405174851430847e-09,7.81946e-07,7.81946e-07,1.213746034816248e-07,True,False,False,0,False,,,-0.011071449830690815,3.0,False,False,,,weekly,10.0,sigma,computed,/home/lkoo/projects/AutomationDetection/DownloadedLC/incremental/quiescent_background_cache.csv,,,,,,False,not_in_flare_streak
4FGL J0841.3+7053,18,19,54893.00001157408,5.45e-08,3.25e-08,1.21e-07,1.3804070476190473e-07,1.213746034816248e-07,1.5405174851430847e-09,1.213746034816248e-07,1.5405174851430847e-09,7.81946e-07,7.81946e-07,1.213746034816248e-07,False,False,False,0,False,,,-2.055372386006745,3.0,False,False,,,weekly,10.0,sigma,computed,/home/lkoo/projects/AutomationDetection/DownloadedLC/incremental/quiescent_background_cache.csv,,,,,,False,not_in_flare_streak
4FGL J0841.3+7053,19,20,54900.00001157408,7.5e-08,4e-08,5.45e-08,1.3804070476190473e-07,1.213746034816248e-07,1.5405174851430847e-09,1.213746034816248e-07,1.5405174851430847e-09,7.81946e-07,7.81946e-07,1.213746034816248e-07,True,False,False,0,False,,,-1.158506230341567,3.0,False,False,,,weekly,10.0,sigma,computed,/home/lkoo/projects/AutomationDetection/DownloadedLC/incremental/quiescent_background_cache.csv,,,,,,False,not_in_flare_streak
4FGL J0841.3+7053,20,21,54914.00001157408,3.9e-08,2.53e-08,7.5e-08,1.3804070476190473e-07,1.213746034816248e-07,1.5405174851430847e-09,1.213746034816248e-07,1.5405174851430847e-09,7.81946e-07,7.81946e-07,1.213746034816248e-07,False,False,False,0,False,,,-3.2498941103392767,3.0,False,False,,,weekly,10.0,sigma,computed,/home/lkoo/projects/AutomationDetection/DownloadedLC/incremental/quiescent_background_cache.csv,,,,,,False,not_in_flare_streak
4FGL J0841.3+7053,21,22,54928.00001157408,9.24e-08,3.44e-08,3.9e-08,1.3804070476190473e-07,1.213746034816248e-07,1.5405174851430847e-09,1.213746034816248e-07,1.5405174851430847e-09,7.81946e-07,7.81946e-07,1.213746034816248e-07,True,False,False,0,False,,,-0.8414416641196482,3.0,False,False,,,weekly,10.0,sigma,computed,/home/lkoo/projects/AutomationDetection/DownloadedLC/incremental/quiescent_background_cache.csv,,,,,,False,not_in_flare_streak
4FGL J0841.3+7053,22,23,54935.00001157408,6.85e-08,3.31e-08,9.24e-08,1.3804070476190473e-07,1.213746034816248e-07,1.5405174851430847e-09,1.213746034816248e-07,1.5405174851430847e-09,7.81946e-07,7.81946e-07,1.213746034816248e-07,False,False,False,0,False,,,-1.5956927694406227,3.0,False,False,,,weekly,10.0,sigma,computed,/home/lkoo/projects/AutomationDetection/DownloadedLC/incremental/quiescent_background_cache.csv,,,,,,False,not_in_flare_streak
4FGL J0841.3+7053,23,24,54942.00001157408,6.24e-08,3.39e-08,6.85e-08,1.3804070476190473e-07,1.213746034816248e-07,1.5405174851430847e-09,1.213746034816248e-07,1.5405174851430847e-09,7.81946e-07,7.81946e-07,1.213746034816248e-07,False,False,False,0,False,,,-1.737870336766083,3.0,False,False,,,weekly,10.0,sigma,computed,/home/lkoo/projects/AutomationDetection/DownloadedLC/incremental/quiescent_background_cache.csv,,,,,,False,not_in_flare_streak
4FGL J0841.3+7053,24,25,54949.00001157408,7.96e-08,3.34e-08,6.24e-08,1.3804070476190473e-07,1.213746034816248e-07,1.5405174851430847e-09,1.213746034816248e-07,1.5405174851430847e-09,7.81946e-07,7.81946e-07,1.213746034816248e-07,True,False,False,0,False,,,-1.249408368555456,3.0,False,False,,,weekly,10.0,sigma,computed,/home/lkoo/projects/AutomationDetection/DownloadedLC/incremental/quiescent_background_cache.csv,,,,,,False,not_in_flare_streak
4FGL J0841.3+7053,25,26,54956.00001157408,8.56e-08,4.5e-08,7.96e-08,1.3804070476190473e-07,1.213746034816248e-07,1.5405174851430847e-09,1.213746034816248e-07,1.5405174851430847e-09,7.81946e-07,7.81946e-07,1.213746034816248e-07,True,False,False,0,False,,,-0.794525753486502,3.0,False,False,,,weekly,10.0,sigma,computed,/home/lkoo/projects/AutomationDetection/DownloadedLC/incremental/quiescent_background_cache.csv,,,,,,False,not_in_flare_streak
4FGL J0841.3+7053,26,27,54984.00001157408,6.33e-08,2.97e-08,8.56e-08,1.3804070476190473e-07,1.213746034816248e-07,1.5405174851430847e-09,1.213746034816248e-07,1.5405174851430847e-09,7.81946e-07,7.81946e-07,1.213746034816248e-07,False,False,False,0,False,,,-1.9527487601979412,3.0,False,False,,,weekly,10.0,sigma,computed,/home/lkoo/projects/AutomationDetection/DownloadedLC/incremental/quiescent_background_cache.csv,,,,,,False,not_in_flare_streak
4FGL J0841.3+7053,27,28,54991.00001157408,7.91e-08,3.17e-08,6.33e-08,1.3804070476190473e-07,1.213746034816248e-07,1.5405174851430847e-09,1.213746034816248e-07,1.5405174851430847e-09,7.81946e-07,7.81946e-07,1.213746034816248e-07,True,False,False,0,False,,,-1.3320117636801965,3.0,False,False,,,weekly,10.0,sigma,computed,/home/lkoo/projects/AutomationDetection/DownloadedLC/incremental/quiescent_background_cache.csv,,,,,,False,not_in_flare_streak
4FGL J0841.3+7053,28,29,54998.00001157408,9.13e-08,3.47e-08,7.91e-08,1.3804070476190473e-07,1.213746034816248e-07,1.5405174851430847e-09,1.213746034816248e-07,1.5405174851430847e-09,7.81946e-07,7.81946e-07,1.213746034816248e-07,True,False,False,0,False,,,-0.8658504189855618,3.0,False,False,,,weekly,10.0,sigma,computed,/home/lkoo/projects/AutomationDetection/DownloadedLC/incremental/quiescent_background_cache.csv,,,,,,False,not_in_flare_streak
4FGL J0841.3+7053,29,30,55005.00001157408,7.65e-08,3.83e-08,9.13e-08,1.3804070476190473e-07,1.213746034816248e-07,1.5405174851430847e-09,1.213746034816248e-07,1.5405174851430847e-09,7.81946e-07,7.81946e-07,1.213746034816248e-07,False,False,False,0,False,,,-1.1707140337194253,3.0,False,False,,,weekly,10.0,sigma,computed,/home/lkoo/projects/AutomationDetection/DownloadedLC/incremental/quiescent_background_cache.csv,,,,,,False,not_in_flare_streak
4FGL J0841.3+7053,30,31,55019.00001157408,4.15e-08,3.01e-08,7.65e-08,1.3804070476190473e-07,1.213746034816248e-07,1.5405174851430847e-09,1.213746034816248e-07,1.5405174851430847e-09,7.81946e-07,7.81946e-07,1.213746034816248e-07,False,False,False,0,False,,,-2.650172662887049,3.0,False,False,,,weekly,10.0,sigma,computed,/home/lkoo/projects/AutomationDetection/DownloadedLC/incremental/quiescent_background_cache.csv,,,,,,False,not_in_flare_streak
4FGL J0841.3+7053,31,32,55054.00001157408,8.71e-08,3.31e-08,4.15e-08,1.3804070476190473e-07,1.213746034816248e-07,1.5405174851430847e-09,1.213746034816248e-07,1.5405174851430847e-09,7.81946e-07,7.81946e-07,1.213746034816248e-07,True,False,False,0,False,,,-1.0343668481614197,3.0,False,False,,,weekly,10.0,sigma,computed,/home/lkoo/projects/AutomationDetection/DownloadedLC/incremental/quiescent_background_cache.csv,,,,,,False,not_in_flare_streak
4FGL J0841.3+7053,32,33,55068.00001157408,7.67e-08,4e-08,8.71e-08,1.3804070476190473e-07,1.213746034816248e-07,1.5405174851430847e-09,1.213746034816248e-07,1.5405174851430847e-09,7.81946e-07,7.81946e-07,1.213746034816248e-07,False,False,False,0,False,,,-1.1160377143064693,3.0,False,False,,,weekly,10.0,sigma,computed,/home/lkoo/projects/AutomationDetection/DownloadedLC/incremental/quiescent_background_cache.csv,,,,,,False,not_in_flare_streak
4FGL J0841.3+7053,33,34,55117.00001157408,8.74e-08,3.25e-08,7.67e-08,1.3804070476190473e-07,1.213746034816248e-07,1.5405174851430847e-09,1.213746034816248e-07,1.5405174851430847e-09,7.81946e-07,7.81946e-07,1.213746034816248e-07,True,False,False,0,False,,,-1.0442000129518163,3.0,False,False,,,weekly,10.0,sigma,computed,/home/lkoo/projects/AutomationDetection/DownloadedLC/incremental/quiescent_background_cache.csv,,,,,,False,not_in_flare_streak
4FGL J0841.3+7053,34,35,55131.00001157408,4.46e-08,3.11e-08,8.74e-08,1.3804070476190473e-07,1.213746034816248e-07,1.5405174851430847e-09,1.213746034816248e-07,1.5405174851430847e-09,7.81946e-07,7.81946e-07,1.213746034816248e-07,False,False,False,0,False,,,-2.4656137454229823,3.0,False,False,,,weekly,10.0,sigma,computed,/home/lkoo/projects/AutomationDetection/DownloadedLC/incremental/quiescent_background_cache.csv,,,,,,False,not_in_flare_streak
4FGL J0841.3+7053,35,36,55138.00001157408,1.96e-08,1.88e-08,4.46e-08,1.3804070476190473e-07,1.213746034816248e-07,1.5405174851430847e-09,1.213746034816248e-07,1.5405174851430847e-09,7.81946e-07,7.81946e-07,1.213746034816248e-07,False,False,False,0,False,,,-5.395458976937363,3.0,False,False,,,weekly,10.0,sigma,computed,/home/lkoo/projects/AutomationDetection/DownloadedLC/incremental/quiescent_background_cache.csv,,,,,,False,not_in_flare_streak
4FGL J0841.3+7053,36,37,55159.00001157408,3.63e-08,2.47e-08,1.96e-08,1.3804070476190473e-07,1.213746034816248e-07,1.5405174851430847e-09,1.213746034816248e-07,1.5405174851430847e-09,7.81946e-07,7.81946e-07,1.213746034816248e-07,True,False,False,0,False,,,-3.437636374798923,3.0,False,False,,,weekly,10.0,sigma,computed,/home/lkoo/projects/AutomationDetection/DownloadedLC/incremental/quiescent_background_cache.csv,,,,,,False,not_in_flare_streak
4FGL J0841.3+7053,37,38,55166.00001157408,3.48e-08,2.32e-08,3.63e-08,1.3804070476190473e-07,1.213746034816248e-07,1.5405174851430847e-09,1.213746034816248e-07,1.5405174851430847e-09,7.81946e-07,7.81946e-07,1.213746034816248e-07,False,False,False,0,False,,,-3.7234642696901084,3.0,False,False,,,weekly,10.0,sigma,computed,/home/lkoo/projects/AutomationDetection/DownloadedLC/incremental/quiescent_background_cache.csv,,,,,,False,not_in_flare_streak
4FGL J0841.3+7053,38,39,55180.00001157408,4.08e-08,2.44e-08,3.48e-08,1.3804070476190473e-07,1.213746034816248e-07,1.5405174851430847e-09,1.213746034816248e-07,1.5405174851430847e-09,7.81946e-07,7.81946e-07,1.213746034816248e-07,True,False,False,0,False,,,-3.295675851623545,3.0,False,False,,,weekly,10.0,sigma,computed,/home/lkoo/projects/AutomationDetection/DownloadedLC/incremental/quiescent_background_cache.csv,,,,,,False,not_in_flare_streak
4FGL J0841.3+7053,39,40,55208.00001157408,6.89e-08,3.17e-08,4.08e-08,1.3804070476190473e-07,1.213746034816248e-07,1.5405174851430847e-09,1.213746034816248e-07,1.5405174851430847e-09,7.81946e-07,7.81946e-07,1.213746034816248e-07,True,False,False,0,False,,,-1.6533990475477687,3.0,False,False,,,weekly,10.0,sigma,computed,/home/lkoo/projects/AutomationDetection/DownloadedLC/incremental/quiescent_background_cache.csv,,,,,,False,not_in_flare_streak
4FGL J0841.3+7053,40,41,55215.00001157408,3.02e-08,2.03e-08,6.89e-08,1.3804070476190473e-07,1.213746034816248e-07,1.5405174851430847e-09,1.213746034816248e-07,1.5405174851430847e-09,7.81946e-07,7.81946e-07,1.213746034816248e-07,False,False,False,0,False,,,-4.4784826744062824,3.0,False,False,,,weekly,10.0,sigma,computed,/home/lkoo/projects/AutomationDetection/DownloadedLC/incremental/quiescent_background_cache.csv,,,,,,False,not_in_flare_streak
4FGL J0841.3+7053,41,42,55222.00001157408,8.04e-08,2.86e-08,3.02e-08,1.3804070476190473e-07,1.213746034816248e-07,1.5405174851430847e-09,1.213746034816248e-07,1.5405174851430847e-09,7.81946e-07,7.81946e-07,1.213746034816248e-07,True,False,False,0,False,,,-1.430604599099362,3.0,False,False,,,weekly,10.0,sigma,computed,/home/lkoo/projects/AutomationDetection/DownloadedLC/incremental/quiescent_background_cache.csv,,,,,,False,not_in_flare_streak
4FGL J0841.3+7053,42,43,55229.00001157408,6.73e-08,2.75e-08,8.04e-08,1.3804070476190473e-07,1.213746034816248e-07,1.5405174851430847e-09,1.213746034816248e-07,1.5405174851430847e-09,7.81946e-07,7.81946e-07,1.213746034816248e-07,False,False,False,0,False,,,-1.9632711520620274,3.0,False,False,,,weekly,10.0,sigma,computed,/home/lkoo/projects/AutomationDetection/DownloadedLC/incremental/quiescent_background_cache.csv,,,,,,False,not_in_flare_streak
4FGL J0841.3+7053,43,44,55236.00001157408,2.8e-08,1.87e-08,6.73e-08,1.3804070476190473e-07,1.213746034816248e-07,1.5405174851430847e-09,1.213746034816248e-07,1.5405174851430847e-09,7.81946e-07,7.81946e-07,1.213746034816248e-07,False,False,False,0,False,,,-4.976436401255599,3.0,False,False,,,weekly,10.0,sigma,computed,/home/lkoo/projects/AutomationDetection/DownloadedLC/incremental/quiescent_background_cache.csv,,,,,,False,not_in_flare_streak
4FGL J0841.3+7053,44,45,55264.00001157408,4.67e-08,2.44e-08,2.8e-08,1.3804070476190473e-07,1.213746034816248e-07,1.5405174851430847e-09,1.213746034816248e-07,1.5405174851430847e-09,7.81946e-07,7.81946e-07,1.213746034816248e-07,True,False,False,0,False,,,-3.054353068955266,3.0,False,False,,,weekly,10.0,sigma,computed,/home/lkoo/projects/AutomationDetection/DownloadedLC/incremental/quiescent_background_cache.csv,,,,,,False,not_in_flare_streak
4FGL J0841.3+7053,45,46,55271.00001157408,6.01e-08,3.36e-08,4.67e-08,1.3804070476190473e-07,1.213746034816248e-07,1.5405174851430847e-09,1.213746034816248e-07,1.5405174851430847e-09,7.81946e-07,7.81946e-07,1.213746034816248e-07,True,False,False,0,False,,,-1.8217351776813873,3.0,False,False,,,weekly,10.0,sigma,computed,/home/lkoo/projects/AutomationDetection/DownloadedLC/incremental/quiescent_background_cache.csv,,,,,,False,not_in_flare_streak
4FGL J0841.3+7053,46,47,55292.00001157408,2.53e-08,2.02e-08,6.01e-08,1.3804070476190473e-07,1.213746034816248e-07,1.5405174851430847e-09,1.213746034816248e-07,1.5405174851430847e-09,7.81946e-07,7.81946e-07,1.213746034816248e-07,False,False,False,0,False,,,-4.742397397406983,3.0,False,False,,,weekly,10.0,sigma,computed,/home/lkoo/projects/AutomationDetection/DownloadedLC/incremental/quiescent_background_cache.csv,,,,,,False,not_in_flare_streak
4FGL J0841.3+7053,47,48,55306.00001157408,1.14e-07,2.96e-08,2.53e-08,1.3804070476190473e-07,1.213746034816248e-07,1.5405174851430847e-09,1.213746034816248e-07,1.5405174851430847e-09,7.81946e-07,7.81946e-07,1.213746034816248e-07,True,False,False,0,False,,,-0.24880527654111256,3.0,False,False,,,weekly,10.0,sigma,computed,/home/lkoo/projects/AutomationDetection/DownloadedLC/incremental/quiescent_background_cache.csv,,,,,,False,not_in_flare_streak
4FGL J0841.3+7053,48,49,55313.00001157408,1.31e-07,3.26e-08,1.14e-07,1.3804070476190473e-07,1.213746034816248e-07,1.5405174851430847e-09,1.213746034816248e-07,1.5405174851430847e-09,7.81946e-07,7.81946e-07,1.213746034816248e-07,True,True,False,0,False,,,0.29492845084335123,3.0,False,False,,,weekly,10.0,sigma,computed,/home/lkoo/projects/AutomationDetection/DownloadedLC/incremental/quiescent_background_cache.csv,,,,,,False,not_in_flare_streak
4FGL J0841.3+7053,49,50,55341.00001157408,1.68e-07,3.83e-08,1.31e-07,1.3804070476190473e-07,1.213746034816248e-07,1.5405174851430847e-09,1.213746034816248e-07,1.5405174851430847e-09,7.81946e-07,7.81946e-07,1.213746034816248e-07,True,True,False,0,False,,,1.2163897125942542,3.0,False,False,,,weekly,10.0,sigma,computed,/home/lkoo/projects/AutomationDetection/DownloadedLC/incremental/quiescent_background_cache.csv,,,,,,False,not_in_flare_streak
4FGL J0841.3+7053,50,51,55348.00001157408,6.32e-08,2.93e-08,1.68e-07,1.3804070476190473e-07,1.213746034816248e-07,1.5405174851430847e-09,1.213746034816248e-07,1.5405174851430847e-09,7.81946e-07,7.81946e-07,1.213746034816248e-07,False,False,False,0,False,,,-1.9827427099296833,3.0,False,False,,,weekly,10.0,sigma,computed,/home/lkoo/projects/AutomationDetection/DownloadedLC/incremental/quiescent_background_cache.csv,,,,,,False,not_in_flare_streak
4FGL J0841.3+7053,51,52,55355.00001157408,8.05e-08,3.03e-08,6.32e-08,1.3804070476190473e-07,1.213746034816248e-07,1.5405174851430847e-09,1.213746034816248e-07,1.5405174851430847e-09,7.81946e-07,7.81946e-07,1.213746034816248e-07,True,False,False,0,False,,,-1.3472566594406432,3.0,False,False,,,weekly,10.0,sigma,computed,/home/lkoo/projects/AutomationDetection/DownloadedLC/incremental/quiescent_background_cache.csv,,,,,,False,not_in_flare_streak
4FGL J0841.3+7053,52,53,55362.00001157408,9.75e-08,2.99e-08,8.05e-08,1.3804070476190473e-07,1.213746034816248e-07,1.5405174851430847e-09,1.213746034816248e-07,1.5405174851430847e-09,7.81946e-07,7.81946e-07,1.213746034816248e-07,True,False,False,0,False,,,-0.7974240223430537,3.0,False,False,,,weekly,10.0,sigma,computed,/home/lkoo/projects/AutomationDetection/DownloadedLC/incremental/quiescent_background_cache.csv,,,,,,False,not_in_flare_streak
4FGL J0841.3+7053,53,54,55369.00001157408,1.06e-07,2.93e-08,9.75e-08,1.3804070476190473e-07,1.213746034816248e-07,1.5405174851430847e-09,1.213746034816248e-07,1.5405174851430847e-09,7.81946e-07,7.81946e-07,1.213746034816248e-07,True,False,False,0,False,,,-0.5240067167948952,3.0,False,False,,,weekly,10.0,sigma,computed,/home/lkoo/projects/AutomationDetection/DownloadedLC/incremental/quiescent_background_cache.csv,,,,,,False,not_in_flare_streak
4FGL J0841.3+7053,54,55,55376.00001157408,7.85e-08,2.85e-08,1.06e-07,1.3804070476190473e-07,1.213746034816248e-07,1.5405174851430847e-09,1.213746034816248e-07,1.5405174851430847e-09,7.81946e-07,7.81946e-07,1.213746034816248e-07,False,False,False,0,False,,,-1.5021791541409755,3.0,False,False,,,weekly,10.0,sigma,computed,/home/lkoo/projects/AutomationDetection/DownloadedLC/incremental/quiescent_background_cache.csv,,,,,,False,not_in_flare_streak
4FGL J0841.3+7053,55,56,55390.00001157408,5.73e-08,3.22e-08,7.85e-08,1.3804070476190473e-07,1.213746034816248e-07,1.5405174851430847e-09,1.213746034816248e-07,1.5405174851430847e-09,7.81946e-07,7.81946e-07,1.213746034816248e-07,False,False,False,0,False,,,-1.9876211129723216,3.0,False,False,,,weekly,10.0,sigma,computed,/home/lkoo/projects/AutomationDetection/DownloadedLC/incremental/quiescent_background_cache.csv,,,,,,False,not_in_flare_streak
4FGL J0841.3+7053,56,57,55397.00001157408,9.08e-08,3.22e-08,5.73e-08,1.3804070476190473e-07,1.213746034816248e-07,1.5405174851430847e-09,1.213746034816248e-07,1.5405174851430847e-09,7.81946e-07,7.81946e-07,1.213746034816248e-07,True,False,False,0,False,,,-0.9484370421154802,3.0,False,False,,,weekly,10.0,sigma,computed,/home/lkoo/projects/AutomationDetection/DownloadedLC/incremental/quiescent_background_cache.csv,,,,,,False,not_in_flare_streak
4FGL J0841.3+7053,57,58,55404.00001157408,1.47e-07,3.35e-08,9.08e-08,1.3804070476190473e-07,1.213746034816248e-07,1.5405174851430847e-09,1.213746034816248e-07,1.5405174851430847e-09,7.81946e-07,7.81946e-07,1.213746034816248e-07,True,True,False,0,False,,,0.7641296931723345,3.0,False,False,,,weekly,10.0,sigma,computed,/home/lkoo/projects/AutomationDetection/DownloadedLC/incremental/quiescent_background_cache.csv,,,,,,False,not_in_flare_streak
4FGL J0841.3+7053,58,59,55411.00001157408,6.98e-08,2.98e-08,1.47e-07,1.3804070476190473e-07,1.213746034816248e-07,1.5405174851430847e-09,1.213746034816248e-07,1.5405174851430847e-09,7.81946e-07,7.81946e-07,1.213746034816248e-07,False,False,False,0,False,,,-1.728383470765258,3.0,False,False,,,weekly,10.0,sigma,computed,/home/lkoo/projects/AutomationDetection/DownloadedLC/incremental/quiescent_background_cache.csv,,,,,,False,not_in_flare_streak
4FGL J0841.3+7053,59,60,55418.00001157408,5.46e-08,2.82e-08,6.98e-08,1.3804070476190473e-07,1.213746034816248e-07,1.5405174851430847e-09,1.213746034816248e-07,1.5405174851430847e-09,7.81946e-07,7.81946e-07,1.213746034816248e-07,False,False,False,0,False,,,-2.364368436626991,3.0,False,False,,,weekly,10.0,sigma,computed,/home/lkoo/projects/AutomationDetection/DownloadedLC/incremental/quiescent_background_cache.csv,,,,,,False,not_in_flare_streak
4FGL J0841.3+7053,60,61,55432.00001157408,9.2e-08,3.12e-08,5.46e-08,1.3804070476190473e-07,1.213746034816248e-07,1.5405174851430847e-09,1.213746034816248e-07,1.5405174851430847e-09,7.81946e-07,7.81946e-07,1.213746034816248e-07,True,False,False,0,False,,,-0.9403481401353073,3.0,False,False,,,weekly,10.0,sigma,computed,/home/lkoo/projects/AutomationDetection/DownloadedLC/incremental/quiescent_background_cache.csv,,,,,,False,not_in_flare_streak
4FGL J0841.3+7053,61,62,55446.00001157408,2.99e-08,1.98e-08,9.2e-08,1.3804070476190473e-07,1.213746034816248e-07,1.5405174851430847e-09,1.213746034816248e-07,1.5405174851430847e-09,7.81946e-07,7.81946e-07,1.213746034816248e-07,False,False,False,0,False,,,-4.606009381815662,3.0,False,False,,,weekly,10.0,sigma,computed,/home/lkoo/projects/AutomationDetection/DownloadedLC/incremental/quiescent_background_cache.csv,,,,,,False,not_in_flare_streak
4FGL J0841.3+7053,62,63,55453.00001157408,6.79e-08,5.28e-08,2.99e-08,1.3804070476190473e-07,1.213746034816248e-07,1.5405174851430847e-09,1.213746034816248e-07,1.5405174851430847e-09,7.81946e-07,7.81946e-07,1.213746034816248e-07,True,False,False,0,False,,,-1.0123457848489015,3.0,False,False,,,weekly,10.0,sigma,computed,/home/lkoo/projects/AutomationDetection/DownloadedLC/incremental/quiescent_background_cache.csv,,,,,,False,not_in_flare_streak
4FGL J0841.3+7053,63,64,55460.00001157408,5.82e-08,3.01e-08,6.79e-08,1.3804070476190473e-07,1.213746034816248e-07,1.5405174851430847e-09,1.213746034816248e-07,1.5405174851430847e-09,7.81946e-07,7.81946e-07,1.213746034816248e-07,False,False,False,0,False,,,-2.096080604321834,3.0,False,False,,,weekly,10.0,sigma,computed,/home/lkoo/projects/AutomationDetection/DownloadedLC/incremental/quiescent_background_cache.csv,,,,,,False,not_in_flare_streak
4FGL J0841.3+7053,64,65,55495.00001157408,4.48e-08,2.74e-08,5.82e-08,1.3804070476190473e-07,1.213746034816248e-07,1.5405174851430847e-09,1.213746034816248e-07,1.5405174851430847e-09,7.81946e-07,7.81946e-07,1.213746034816248e-07,False,False,False,0,False,,,-2.7902869113193844,3.0,False,False,,,weekly,10.0,sigma,computed,/home/lkoo/projects/AutomationDetection/DownloadedLC/incremental/quiescent_background_cache.csv,,,,,,False,not_in_flare_streak
4FGL J0841.3+7053,65,66,55502.00001157408,3.04e-08,2.29e-08,4.48e-08,1.3804070476190473e-07,1.213746034816248e-07,1.5405174851430847e-09,1.213746034816248e-07,1.5405174851430847e-09,7.81946e-07,7.81946e-07,1.213746034816248e-07,False,False,False,0,False,,,-3.9637313874835476,3.0,False,False,,,weekly,10.0,sigma,computed,/home/lkoo/projects/AutomationDetection/DownloadedLC/incremental/quiescent_background_cache.csv,,,,,,False,not_in_flare_streak
4FGL J0841.3+7053,66,67,55516.00001157408,5.89e-08,2.55e-08,3.04e-08,1.3804070476190473e-07,1.213746034816248e-07,1.5405174851430847e-09,1.213746034816248e-07,1.5405174851430847e-09,7.81946e-07,7.81946e-07,1.213746034816248e-07,True,False,False,0,False,,,-2.445525840651439,3.0,False,False,,,weekly,10.0,sigma,computed,/home/lkoo/projects/AutomationDetection/DownloadedLC/incremental/quiescent_background_cache.csv,,,,,,False,not_in_flare_streak
4FGL J0841.3+7053,67,68,55523.00001157408,4.86e-08,2.38e-08,5.89e-08,1.3804070476190473e-07,1.213746034816248e-07,1.5405174851430847e-09,1.213746034816248e-07,1.5405174851430847e-09,7.81946e-07,7.81946e-07,1.213746034816248e-07,False,False,False,0,False,,,-3.051371018090856,3.0,False,False,,,weekly,10.0,sigma,computed,/home/lkoo/projects/AutomationDetection/DownloadedLC/incremental/quiescent_background_cache.csv,,,,,,False,not_in_flare_streak
4FGL J0841.3+7053,68,69,55537.00001157408,6.68e-08,3.37e-08,4.86e-08,1.3804070476190473e-07,1.213746034816248e-07,1.5405174851430847e-09,1.213746034816248e-07,1.5405174851430847e-09,7.81946e-07,7.81946e-07,1.213746034816248e-07,True,False,False,0,False,,,-1.6177350680465292,3.0,False,False,,,weekly,10.0,sigma,computed,/home/lkoo/projects/AutomationDetection/DownloadedLC/incremental/quiescent_background_cache.csv,,,,,,False,not_in_flare_streak
4FGL J0841.3+7053,69,70,55572.00001157408,6e-08,2.73e-08,6.68e-08,1.3804070476190473e-07,1.213746034816248e-07,1.5405174851430847e-09,1.213746034816248e-07,1.5405174851430847e-09,7.81946e-07,7.81946e-07,1.213746034816248e-07,False,False,False,0,False,,,-2.244583150396849,3.0,False,False,,,weekly,10.0,sigma,computed,/home/lkoo/projects/AutomationDetection/DownloadedLC/incremental/quiescent_background_cache.csv,,,,,,False,not_in_flare_streak
4FGL J0841.3+7053,70,71,55607.00001157408,3.91e-08,2.54e-08,6e-08,1.3804070476190473e-07,1.213746034816248e-07,1.5405174851430847e-09,1.213746034816248e-07,1.5405174851430847e-09,7.81946e-07,7.81946e-07,1.213746034816248e-07,False,False,False,0,False,,,-3.2332164500994898,3.0,False,False,,,weekly,10.0,sigma,computed,/home/lkoo/projects/AutomationDetection/DownloadedLC/incremental/quiescent_background_cache.csv,,,,,,False,not_in_flare_streak
4FGL J0841.3+7053,71,72,55614.00001157408,5.19e-08,2.74e-08,3.91e-08,1.3804070476190473e-07,1.213746034816248e-07,1.5405174851430847e-09,1.213746034816248e-07,1.5405174851430847e-09,7.81946e-07,7.81946e-07,1.213746034816248e-07,True,False,False,0,False,,,-2.5315714081418643,3.0,False,False,,,weekly,10.0,sigma,computed,/home/lkoo/projects/AutomationDetection/DownloadedLC/incremental/quiescent_background_cache.csv,,,,,,False,not_in_flare_streak
4FGL J0841.3+7053,72,73,55621.00001157408,1.43e-07,3.47e-08,5.19e-08,1.3804070476190473e-07,1.213746034816248e-07,1.5405174851430847e-09,1.213746034816248e-07,1.5405174851430847e-09,7.81946e-07,7.81946e-07,1.213746034816248e-07,True,True,False,0,False,,,0.6225970243499449,3.0,False,False,,,weekly,10.0,sigma,computed,/home/lkoo/projects/AutomationDetection/DownloadedLC/incremental/quiescent_background_cache.csv,,,,,,False,not_in_flare_streak
4FGL J0841.3+7053,73,74,55628.00001157408,1.87e-07,3.91e-08,1.43e-07,1.3804070476190473e-07,1.213746034816248e-07,1.5405174851430847e-09,1.213746034816248e-07,1.5405174851430847e-09,7.81946e-07,7.81946e-07,1.213746034816248e-07,True,True,False,0,False,,,1.6770977010604697,3.0,False,False,,,weekly,10.0,sigma,computed,/home/lkoo/projects/AutomationDetection/DownloadedLC/incremental/quiescent_background_cache.csv,,,,,,False,not_in_flare_streak
4FGL J0841.3+7053,74,75,55635.00001157408,2.79e-07,4.17e-08,1.87e-07,1.3804070476190473e-07,1.213746034816248e-07,1.5405174851430847e-09,1.213746034816248e-07,1.5405174851430847e-09,7.81946e-07,7.81946e-07,1.213746034816248e-07,True,True,False,0,False,,,3.7774087498190876,3.0,True,True,55635.00001157408,55635.00001157408,weekly,10.0,sigma,computed,/home/lkoo/projects/AutomationDetection/DownloadedLC/incremental/quiescent_background_cache.csv,,,,,,False,not_in_flare_streak
4FGL J0841.3+7053,75,76,55642.00001157408,3.73e-07,4.53e-08,2.79e-07,1.3804070476190473e-07,1.213746034816248e-07,1.5405174851430847e-09,1.213746034816248e-07,1.5405174851430847e-09,7.81946e-07,7.81946e-07,1.213746034816248e-07,True,True,False,0,False,,,5.551435389667919,3.0,True,True,55635.00001157408,55642.00001157408,weekly,10.0,sigma,computed,/home/lkoo/projects/AutomationDetection/DownloadedLC/incremental/quiescent_background_cache.csv,,,,,,False,not_in_flare_streak
4FGL J0841.3+7053,76,77,55649.00001157408,4.11e-07,4.58e-08,3.73e-07,1.3804070476190473e-07,1.213746034816248e-07,1.5405174851430847e-09,1.213746034816248e-07,1.5405174851430847e-09,7.81946e-07,7.81946e-07,1.213746034816248e-07,True,True,False,0,False,,,6.320124444328307,3.0,True,True,55635.00001157408,55649.00001157408,weekly,10.0,sigma,computed,/home/lkoo/projects/AutomationDetection/DownloadedLC/incremental/quiescent_background_cache.csv,,,,,,False,not_in_flare_streak
4FGL J0841.3+7053,77,78,55656.00001157408,1.96e-07,4.04e-08,4.11e-07,1.3804070476190473e-07,1.213746034816248e-07,1.5405174851430847e-09,1.213746034816248e-07,1.5405174851430847e-09,7.81946e-07,7.81946e-07,1.213746034816248e-07,False,True,False,0,False,,,1.8458218361949856,3.0,False,True,55635.00001157408,55656.00001157408,weekly,10.0,sigma,computed,/home/lkoo/projects/AutomationDetection/DownloadedLC/incremental/quiescent_background_cache.csv,,,,,,False,not_in_flare_streak
4FGL J0841.3+7053,78,79,55663.00001157408,2.86e-07,4.23e-08,1.96e-07,1.3804070476190473e-07,1.213746034816248e-07,1.5405174851430847e-09,1.213746034816248e-07,1.5405174851430847e-09,7.81946e-07,7.81946e-07,1.213746034816248e-07,True,True,False,0,False,,,3.889274963661124,3.0,True,True,55635.00001157408,55663.00001157408,weekly,10.0,sigma,computed,/home/lkoo/projects/AutomationDetection/DownloadedLC/incremental/quiescent_background_cache.csv,,,,,,False,not_in_flare_streak
4FGL J0841.3+7053,79,80,55670.00001157408,2.13e-07,4.06e-08,2.86e-07,1.3804070476190473e-07,1.213746034816248e-07,1.5405174851430847e-09,1.213746034816248e-07,1.5405174851430847e-09,7.81946e-07,7.81946e-07,1.213746034816248e-07,False,True,False,0,False,,,2.255160337846085,3.0,False,True,55635.00001157408,55670.00001157408,weekly,10.0,sigma,computed,/home/lkoo/projects/AutomationDetection/DownloadedLC/incremental/quiescent_background_cache.csv,,,,,,False,not_in_flare_streak
4FGL J0841.3+7053,80,81,55677.00001157408,1.04e-07,3.25e-08,2.13e-07,1.3804070476190473e-07,1.213746034816248e-07,1.5405174851430847e-09,1.213746034816248e-07,1.5405174851430847e-09,7.81946e-07,7.81946e-07,1.213746034816248e-07,False,False,False,0,False,,,-0.5340036180365638,3.0,False,False,,,weekly,10.0,sigma,computed,/home/lkoo/projects/AutomationDetection/DownloadedLC/incremental/quiescent_background_cache.csv,,,,,,False,not_in_flare_streak
4FGL J0841.3+7053,81,82,55684.00001157408,1.37e-07,3.31e-08,1.04e-07,1.3804070476190473e-07,1.213746034816248e-07,1.5405174851430847e-09,1.213746034816248e-07,1.5405174851430847e-09,7.81946e-07,7.81946e-07,1.213746034816248e-07,True,True,False,0,False,,,0.4715559191413877,3.0,False,False,,,weekly,10.0,sigma,computed,/home/lkoo/projects/AutomationDetection/DownloadedLC/incremental/quiescent_background_cache.csv,,,,,,False,not_in_flare_streak
4FGL J0841.3+7053,82,83,55691.00001157408,2.23e-07,3.57e-08,1.37e-07,1.3804070476190473e-07,1.213746034816248e-07,1.5405174851430847e-09,1.213746034816248e-07,1.5405174851430847e-09,7.81946e-07,7.81946e-07,1.213746034816248e-07,True,True,False,0,False,,,2.8440031224072038,3.0,False,False,,,weekly,10.0,sigma,computed,/home/lkoo/projects/AutomationDetection/DownloadedLC/incremental/quiescent_background_cache.csv,,,,,,False,not_in_flare_streak
4FGL J0841.3+7053,83,84,55698.00001157408,2.22e-07,3.91e-08,2.23e-07,1.3804070476190473e-07,1.213746034816248e-07,1.5405174851430847e-09,1.213746034816248e-07,1.5405174851430847e-09,7.81946e-07,7.81946e-07,1.213746034816248e-07,False,True,False,0,False,,,2.5715444038804796,3.0,False,False,,,weekly,10.0,sigma,computed,/home/lkoo/projects/AutomationDetection/DownloadedLC/incremental/quiescent_background_cache.csv,,,,,,False,not_in_flare_streak
4FGL J0841.3+7053,84,85,55705.00001157408,2.12e-07,4.21e-08,2.22e-07,1.3804070476190473e-07,1.213746034816248e-07,1.5405174851430847e-09,1.213746034816248e-07,1.5405174851430847e-09,7.81946e-07,7.81946e-07,1.213746034816248e-07,False,True,False,0,False,,,2.1511825482920686,3.0,False,False,,,weekly,10.0,sigma,computed,/home/lkoo/projects/AutomationDetection/DownloadedLC/incremental/quiescent_background_cache.csv,,,,,,False,not_in_flare_streak
4FGL J0841.3+7053,85,86,55712.00001157408,3.17e-07,4.39e-08,2.12e-07,1.3804070476190473e-07,1.213746034816248e-07,1.5405174851430847e-09,1.213746034816248e-07,1.5405174851430847e-09,7.81946e-07,7.81946e-07,1.213746034816248e-07,True,True,False,0,False,,,4.453418215977905,3.0,True,True,55712.00001157408,55712.00001157408,weekly,10.0,sigma,computed,/home/lkoo/projects/AutomationDetection/DownloadedLC/incremental/quiescent_background_cache.csv,,,,,,False,not_in_flare_streak
4FGL J0841.3+7053,86,87,55719.00001157408,1.35e-07,3.35e-08,3.17e-07,1.3804070476190473e-07,1.213746034816248e-07,1.5405174851430847e-09,1.213746034816248e-07,1.5405174851430847e-09,7.81946e-07,7.81946e-07,1.213746034816248e-07,False,True,False,0,False,,,0.40629888608637205,3.0,False,True,55712.00001157408,55719.00001157408,weekly,10.0,sigma,computed,/home/lkoo/projects/AutomationDetection/DownloadedLC/incremental/quiescent_background_cache.csv,,,,,,False,not_in_flare_streak
4FGL J0841.3+7053,87,88,55726.00001157408,8.19e-08,3.03e-08,1.35e-07,1.3804070476190473e-07,1.213746034816248e-07,1.5405174851430847e-09,1.213746034816248e-07,1.5405174851430847e-09,7.81946e-07,7.81946e-07,1.213746034816248e-07,False,False,False,0,False,,,-1.301111641200532,3.0,False,False,,,weekly,10.0,sigma,computed,/home/lkoo/projects/AutomationDetection/DownloadedLC/incremental/quiescent_background_cache.csv,,,,,,False,not_in_flare_streak
4FGL J0841.3+7053,88,89,55733.00001157408,1.54e-07,3.68e-08,8.19e-08,1.3804070476190473e-07,1.213746034816248e-07,1.5405174851430847e-09,1.213746034816248e-07,1.5405174851430847e-09,7.81946e-07,7.81946e-07,1.213746034816248e-07,True,True,False,0,False,,,0.8857838960473886,3.0,False,False,,,weekly,10.0,sigma,computed,/home/lkoo/projects/AutomationDetection/DownloadedLC/incremental/quiescent_background_cache.csv,,,,,,False,not_in_flare_streak
4FGL J0841.3+7053,89,90,55740.00001157408,9.9e-08,4.86e-08,1.54e-07,1.3804070476190473e-07,1.213746034816248e-07,1.5405174851430847e-09,1.213746034816248e-07,1.5405174851430847e-09,7.81946e-07,7.81946e-07,1.213746034816248e-07,False,False,False,0,False,,,-0.4601516755851663,3.0,False,False,,,weekly,10.0,sigma,computed,/home/lkoo/projects/AutomationDetection/DownloadedLC/incremental/quiescent_background_cache.csv,,,,,,False,not_in_flare_streak
4FGL J0841.3+7053,90,91,55747.00001157408,1.13e-07,3.2e-08,9.9e-08,1.3804070476190473e-07,1.213746034816248e-07,1.5405174851430847e-09,1.213746034816248e-07,1.5405174851430847e-09,7.81946e-07,7.81946e-07,1.213746034816248e-07,True,False,False,0,False,,,-0.261403623192987,3.0,False,False,,,weekly,10.0,sigma,computed,/home/lkoo/projects/AutomationDetection/DownloadedLC/incremental/quiescent_background_cache.csv,,,,,,False,not_in_flare_streak
4FGL J0841.3+7053,91,92,55761.00001157408,5.5e-08,2.31e-08,1.13e-07,1.3804070476190473e-07,1.213746034816248e-07,1.5405174851430847e-09,1.213746034816248e-07,1.5405174851430847e-09,7.81946e-07,7.81946e-07,1.213746034816248e-07,False,False,False,0,False,,,-2.8669911569438895,3.0,False,False,,,weekly,10.0,sigma,computed,/home/lkoo/projects/AutomationDetection/DownloadedLC/incremental/quiescent_background_cache.csv,,,,,,False,not_in_flare_streak
4FGL J0841.3+7053,92,93,55768.00001157408,4.2e-08,2.19e-08,5.5e-08,1.3804070476190473e-07,1.213746034816248e-07,1.5405174851430847e-09,1.213746034816248e-07,1.5405174851430847e-09,7.81946e-07,7.81946e-07,1.213746034816248e-07,False,False,False,0,False,,,-3.615477149470178,3.0,False,False,,,weekly,10.0,sigma,computed,/home/lkoo/projects/AutomationDetection/DownloadedLC/incremental/quiescent_background_cache.csv,,,,,,False,not_in_flare_streak
4FGL J0841.3+7053,93,94,55775.00001157408,1.36e-07,3.68e-08,4.2e-08,1.3804070476190473e-07,1.213746034816248e-07,1.5405174851430847e-09,1.213746034816248e-07,1.5405174851430847e-09,7.81946e-07,7.81946e-07,1.213746034816248e-07,True,True,False,0,False,,,0.3970814792086236,3.0,False,False,,,weekly,10.0,sigma,computed,/home/lkoo/projects/AutomationDetection/DownloadedLC/incremental/quiescent_background_cache.csv,,,,,,False,not_in_flare_streak
4FGL J0841.3+7053,94,95,55796.00001157408,5.96e-08,2.96e-08,1.36e-07,1.3804070476190473e-07,1.213746034816248e-07,1.5405174851430847e-09,1.213746034816248e-07,1.5405174851430847e-09,7.81946e-07,7.81946e-07,1.213746034816248e-07,False,False,False,0,False,,,-2.0841591470999217,3.0,False,False,,,weekly,10.0,sigma,computed,/home/lkoo/projects/AutomationDetection/DownloadedLC/incremental/quiescent_background_cache.csv,,,,,,False,not_in_flare_streak
4FGL J0841.3+7053,95,96,55803.00001157408,4.15e-08,2.61e-08,5.96e-08,1.3804070476190473e-07,1.213746034816248e-07,1.5405174851430847e-09,1.213746034816248e-07,1.5405174851430847e-09,7.81946e-07,7.81946e-07,1.213746034816248e-07,False,False,False,0,False,,,-3.0550127471449087,3.0,False,False,,,weekly,10.0,sigma,computed,/home/lkoo/projects/AutomationDetection/DownloadedLC/incremental/quiescent_background_cache.csv,,,,,,False,not_in_flare_streak
4FGL J0841.3+7053,96,97,55810.00001157408,2.68e-07,4.04e-08,4.15e-08,1.3804070476190473e-07,1.213746034816248e-07,1.5405174851430847e-09,1.213746034816248e-07,1.5405174851430847e-09,7.81946e-07,7.81946e-07,1.213746034816248e-07,True,True,False,0,False,,,3.6267058034019786,3.0,True,True,55810.00001157408,55810.00001157408,weekly,10.0,sigma,computed,/home/lkoo/projects/AutomationDetection/DownloadedLC/incremental/quiescent_background_cache.csv,,,,,,False,not_in_flare_streak
4FGL J0841.3+7053,97,98,55817.00001157408,1.47e-07,4.02e-08,2.68e-07,1.3804070476190473e-07,1.213746034816248e-07,1.5405174851430847e-09,1.213746034816248e-07,1.5405174851430847e-09,7.81946e-07,7.81946e-07,1.213746034816248e-07,False,True,False,0,False,,,0.6369801357454186,3.0,False,True,55810.00001157408,55817.00001157408,weekly,10.0,sigma,computed,/home/lkoo/projects/AutomationDetection/DownloadedLC/incremental/quiescent_background_cache.csv,,,,,,False,not_in_flare_streak
4FGL J0841.3+7053,98,99,55824.00001157408,1.31e-07,3.54e-08,1.47e-07,1.3804070476190473e-07,1.213746034816248e-07,1.5405174851430847e-09,1.213746034816248e-07,1.5405174851430847e-09,7.81946e-07,7.81946e-07,1.213746034816248e-07,False,True,False,0,False,,,0.27164676016305994,3.0,False,True,55810.00001157408,55824.00001157408,weekly,10.0,sigma,computed,/home/lkoo/projects/AutomationDetection/DownloadedLC/incremental/quiescent_background_cache.csv,,,,,,False,not_in_flare_streak
4FGL J0841.3+7053,99,100,55831.00001157408,1.49e-07,3.77e-08,1.31e-07,1.3804070476190473e-07,1.213746034816248e-07,1.5405174851430847e-09,1.213746034816248e-07,1.5405174851430847e-09,7.81946e-07,7.81946e-07,1.213746034816248e-07,True,True,False,0,False,,,0.7321581340960654,3.0,False,True,55810.00001157408,55831.00001157408,weekly,10.0,sigma,computed,/home/lkoo/projects/AutomationDetection/DownloadedLC/incremental/quiescent_background_cache.csv,,,,,,False,not_in_flare_streak
4FGL J0841.3+7053,100,101,55838.00001157408,3.6e-08,2.47e-08,1.49e-07,1.3804070476190473e-07,1.213746034816248e-07,1.5405174851430847e-09,1.213746034816248e-07,1.5405174851430847e-09,7.81946e-07,7.81946e-07,1.213746034816248e-07,False,False,False,0,False,,,-3.449758569557814,3.0,False,False,,,weekly,10.0,sigma,computed,/home/lkoo/projects/AutomationDetection/DownloadedLC/incremental/quiescent_background_cache.csv,,,,,,False,not_in_flare_streak
4FGL J0841.3+7053,101,102,55845.00001157408,3.38e-08,2.07e-08,3.6e-08,1.3804070476190473e-07,1.213746034816248e-07,1.5405174851430847e-09,1.213746034816248e-07,1.5405174851430847e-09,7.81946e-07,7.81946e-07,1.213746034816248e-07,False,False,False,0,False,,,-4.21898985681912,3.0,False,False,,,weekly,10.0,sigma,computed,/home/lkoo/projects/AutomationDetection/DownloadedLC/incremental/quiescent_background_cache.csv,,,,,,False,not_in_flare_streak
4FGL J0841.3+7053,102,103,55859.00001157408,2.39e-07,3.73e-08,3.38e-08,1.3804070476190473e-07,1.213746034816248e-07,1.5405174851430847e-09,1.213746034816248e-07,1.5405174851430847e-09,7.81946e-07,7.81946e-07,1.213746034816248e-07,True,True,False,0,False,,,3.150809781922146,3.0,True,True,55859.00001157408,55859.00001157408,weekly,10.0,sigma,computed,/home/lkoo/projects/AutomationDetection/DownloadedLC/incremental/quiescent_background_cache.csv,,,,,,False,not_in_flare_streak
4FGL J0841.3+7053,103,104,55866.00001157408,1.31e-06,6.86e-08,2.39e-07,1.3804070476190473e-07,1.213746034816248e-07,1.5405174851430847e-09,1.213746034816248e-07,1.5405174851430847e-09,7.81946e-07,7.81946e-07,1.213746034816248e-07,True,True,False,0,False,,,17.322533537164404,3.0,True,True,55859.00001157408,55866.00001157408,weekly,10.0,sigma,computed,/home/lkoo/projects/AutomationDetection/DownloadedLC/incremental/quiescent_background_cache.csv,,,,,,False,not_in_flare_streak
4FGL J0841.3+7053,104,105,55873.00001157408,5.35e-07,4.9e-08,1.31e-06,1.3804070476190473e-07,1.213746034816248e-07,1.5405174851430847e-09,1.213746034816248e-07,1.5405174851430847e-09,7.81946e-07,7.81946e-07,1.213746034816248e-07,False,True,False,0,False,,,8.437165924940448,3.0,True,True,55859.00001157408,55873.00001157408,weekly,10.0,sigma,computed,/home/lkoo/projects/AutomationDetection/DownloadedLC/incremental/quiescent_background_cache.csv,,,,,,False,not_in_flare_streak
4FGL J0841.3+7053,105,106,55880.00001157408,9.33e-07,6.1e-08,5.35e-07,1.3804070476190473e-07,1.213746034816248e-07,1.5405174851430847e-09,1.213746034816248e-07,1.5405174851430847e-09,7.81946e-07,7.81946e-07,1.213746034816248e-07,True,True,False,0,False,,,13.301093433212776,3.0,True,True,55859.00001157408,55880.00001157408,weekly,10.0,sigma,computed,/home/lkoo/projects/AutomationDetection/DownloadedLC/incremental/quiescent_background_cache.csv,,,,,,False,not_in_flare_streak
4FGL J0841.3+7053,106,107,55887.00001157408,5.35e-07,5.1e-08,9.33e-07,1.3804070476190473e-07,1.213746034816248e-07,1.5405174851430847e-09,1.213746034816248e-07,1.5405174851430847e-09,7.81946e-07,7.81946e-07,1.213746034816248e-07,False,True,False,0,False,,,8.10660443776654,3.0,True,True,55859.00001157408,55887.00001157408,weekly,10.0,sigma,computed,/home/lkoo/projects/AutomationDetection/DownloadedLC/incremental/quiescent_background_cache.csv,,,,,,False,not_in_flare_streak
4FGL J0841.3+7053,107,108,55894.00001157408,2.92e-07,3.95e-08,5.35e-07,1.3804070476190473e-07,1.213746034816248e-07,1.5405174851430847e-09,1.213746034816248e-07,1.5405174851430847e-09,7.81946e-07,7.81946e-07,1.213746034816248e-07,False,True,False,0,False,,,4.316348881073878,3.0,True,True,55859.00001157408,55894.00001157408,weekly,10.0,sigma,computed,/home/lkoo/projects/AutomationDetection/DownloadedLC/incremental/quiescent_background_cache.csv,,,,,,False,not_in_flare_streak
4FGL J0841.3+7053,108,109,55901.00001157408,4.11e-07,4.69e-08,2.92e-07,1.3804070476190473e-07,1.213746034816248e-07,1.5405174851430847e-09,1.213746034816248e-07,1.5405174851430847e-09,7.81946e-07,7.81946e-07,1.213746034816248e-07,True,True,False,0,False,,,6.172052923569221,3.0,True,True,55859.00001157408,55901.00001157408,weekly,10.0,sigma,computed,/home/lkoo/projects/AutomationDetection/DownloadedLC/incremental/quiescent_background_cache.csv,,,,,,False,not_in_flare_streak
4FGL J0841.3+7053,109,110,55908.00001157408,2.41e-07,3.59e-08,4.11e-07,1.3804070476190473e-07,1.213746034816248e-07,1.5405174851430847e-09,1.213746034816248e-07,1.5405174851430847e-09,7.81946e-07,7.81946e-07,1.213746034816248e-07,False,True,False,0,False,,,3.329120062516002,3.0,True,True,55859.00001157408,55908.00001157408,weekly,10.0,sigma,computed,/home/lkoo/projects/AutomationDetection/DownloadedLC/incremental/quiescent_background_cache.csv,,,,,,False,not_in_flare_streak
4FGL J0841.3+7053,110,111,55915.00001157408,8.25e-07,5.67e-08,2.41e-07,1.3804070476190473e-07,1.213746034816248e-07,1.5405174851430847e-09,1.213746034816248e-07,1.5405174851430847e-09,7.81946e-07,7.81946e-07,1.213746034816248e-07,True,True,False,0,False,,,12.405041202856049,3.0,True,True,55859.00001157408,55915.00001157408,weekly,10.0,sigma,computed,/home/lkoo/projects/AutomationDetection/DownloadedLC/incremental/quiescent_background_cache.csv,,,,,,False,not_in_flare_streak
4FGL J0841.3+7053,111,112,55922.00001157408,4.62e-07,4.76e-08,8.25e-07,1.3804070476190473e-07,1.213746034816248e-07,1.5405174851430847e-09,1.213746034816248e-07,1.5405174851430847e-09,7.81946e-07,7.81946e-07,1.213746034816248e-07,False,True,False,0,False,,,7.152251013078883,3.0,True,True,55859.00001157408,55922.00001157408,weekly,10.0,sigma,computed,/home/lkoo/projects/AutomationDetection/DownloadedLC/incremental/quiescent_background_cache.csv,,,,,,False,not_in_flare_streak
4FGL J0841.3+7053,112,113,55929.00001157408,1.79e-07,3.82e-08,4.62e-07,1.3804070476190473e-07,1.213746034816248e-07,1.5405174851430847e-09,1.213746034816248e-07,1.5405174851430847e-09,7.81946e-07,7.81946e-07,1.213746034816248e-07,False,True,False,0,False,,,1.5072930594598044,3.0,False,True,55859.00001157408,55929.00001157408,weekly,10.0,sigma,computed,/home/lkoo/projects/AutomationDetection/DownloadedLC/incremental/quiescent_background_cache.csv,,,,,,False,not_in_flare_streak
4FGL J0841.3+7053,113,114,55936.00001157408,1.8e-07,3.88e-08,1.79e-07,1.3804070476190473e-07,1.213746034816248e-07,1.5405174851430847e-09,1.213746034816248e-07,1.5405174851430847e-09,7.81946e-07,7.81946e-07,1.213746034816248e-07,True,True,False,0,False,,,1.5097742830422562,3.0,False,True,55859.00001157408,55936.00001157408,weekly,10.0,sigma,computed,/home/lkoo/projects/AutomationDetection/DownloadedLC/incremental/quiescent_background_cache.csv,,,,,,False,not_in_flare_streak
4FGL J0841.3+7053,114,115,55943.00001157408,1.09e-07,3.29e-08,1.8e-07,1.3804070476190473e-07,1.213746034816248e-07,1.5405174851430847e-09,1.213746034816248e-07,1.5405174851430847e-09,7.81946e-07,7.81946e-07,1.213746034816248e-07,False,False,False,0,False,,,-0.37571611035904384,3.0,False,False,,,weekly,10.0,sigma,computed,/home/lkoo/projects/AutomationDetection/DownloadedLC/incremental/quiescent_background_cache.csv,,,,,,False,not_in_flare_streak
4FGL J0841.3+7053,115,116,55950.00001157408,4.89e-08,2.5e-08,1.09e-07,1.3804070476190473e-07,1.213746034816248e-07,1.5405174851430847e-09,1.213746034816248e-07,1.5405174851430847e-09,7.81946e-07,7.81946e-07,1.213746034816248e-07,False,False,False,0,False,,,-2.893495882272486,3.0,False,False,,,weekly,10.0,sigma,computed,/home/lkoo/projects/AutomationDetection/DownloadedLC/incremental/quiescent_background_cache.csv,,,,,,False,not_in_flare_streak
4FGL J0841.3+7053,116,117,55957.00001157408,2.04e-07,3.47e-08,4.89e-08,1.3804070476190473e-07,1.213746034816248e-07,1.5405174851430847e-09,1.213746034816248e-07,1.5405174851430847e-09,7.81946e-07,7.81946e-07,1.213746034816248e-07,True,True,False,0,False,,,2.3787922669701755,3.0,False,False,,,weekly,10.0,sigma,computed,/home/lkoo/projects/AutomationDetection/DownloadedLC/incremental/quiescent_background_cache.csv,,,,,,False,not_in_flare_streak
4FGL J0841.3+7053,117,118,55964.00001157408,1.5e-07,3.35e-08,2.04e-07,1.3804070476190473e-07,1.213746034816248e-07,1.5405174851430847e-09,1.213746034816248e-07,1.5405174851430847e-09,7.81946e-07,7.81946e-07,1.213746034816248e-07,False,True,False,0,False,,,0.8535873949438246,3.0,False,False,,,weekly,10.0,sigma,computed,/home/lkoo/projects/AutomationDetection/DownloadedLC/incremental/quiescent_background_cache.csv,,,,,,False,not_in_flare_streak
4FGL J0841.3+7053,118,119,55971.00001157408,1.75e-07,3.7e-08,1.5e-07,1.3804070476190473e-07,1.213746034816248e-07,1.5405174851430847e-09,1.213746034816248e-07,1.5405174851430847e-09,7.81946e-07,7.81946e-07,1.213746034816248e-07,True,True,False,0,False,,,1.4480804435427332,3.0,False,False,,,weekly,10.0,sigma,computed,/home/lkoo/projects/AutomationDetection/DownloadedLC/incremental/quiescent_background_cache.csv,,,,,,False,not_in_flare_streak
4FGL J0841.3+7053,119,120,55978.00001157408,7.95e-08,3.53e-08,1.75e-07,1.3804070476190473e-07,1.213746034816248e-07,1.5405174851430847e-09,1.213746034816248e-07,1.5405174851430847e-09,7.81946e-07,7.81946e-07,1.213746034816248e-07,False,False,False,0,False,,,-1.1851213879169145,3.0,False,False,,,weekly,10.0,sigma,computed,/home/lkoo/projects/AutomationDetection/DownloadedLC/incremental/quiescent_background_cache.csv,,,,,,False,not_in_flare_streak
4FGL J0841.3+7053,120,121,55992.00001157408,8.94e-08,2.82e-08,7.95e-08,1.3804070476190473e-07,1.213746034816248e-07,1.5405174851430847e-09,1.213746034816248e-07,1.5405174851430847e-09,7.81946e-07,7.81946e-07,1.213746034816248e-07,True,False,False,0,False,,,-1.1321631174705644,3.0,False,False,,,weekly,10.0,sigma,computed,/home/lkoo/projects/AutomationDetection/DownloadedLC/incremental/quiescent_background_cache.csv,,,,,,False,not_in_flare_streak
4FGL J0841.3+7053,121,122,56013.00001157408,5.06e-08,2.38e-08,8.94e-08,1.3804070476190473e-07,1.213746034816248e-07,1.5405174851430847e-09,1.213746034816248e-07,1.5405174851430847e-09,7.81946e-07,7.81946e-07,1.213746034816248e-07,False,False,False,0,False,,,-2.9675128897848375,3.0,False,False,,,weekly,10.0,sigma,computed,/home/lkoo/projects/AutomationDetection/DownloadedLC/incremental/quiescent_background_cache.csv,,,,,,False,not_in_flare_streak
4FGL J0841.3+7053,122,123,56020.00001157408,7.55e-08,3.01e-08,5.06e-08,1.3804070476190473e-07,1.213746034816248e-07,1.5405174851430847e-09,1.213746034816248e-07,1.5405174851430847e-09,7.81946e-07,7.81946e-07,1.213746034816248e-07,True,False,False,0,False,,,-1.5220810466464927,3.0,False,False,,,weekly,10.0,sigma,computed,/home/lkoo/projects/AutomationDetection/DownloadedLC/incremental/quiescent_background_cache.csv,,,,,,False,not_in_flare_streak
4FGL J0841.3+7053,123,124,56034.00001157408,3.98e-08,2.46e-08,7.55e-08,1.3804070476190473e-07,1.213746034816248e-07,1.5405174851430847e-09,1.213746034816248e-07,1.5405174851430847e-09,7.81946e-07,7.81946e-07,1.213746034816248e-07,False,False,False,0,False,,,-3.3095577644564695,3.0,False,False,,,weekly,10.0,sigma,computed,/home/lkoo/projects/AutomationDetection/DownloadedLC/incremental/quiescent_background_cache.csv,,,,,,False,not_in_flare_streak
4FGL J0841.3+7053,124,125,56041.00001157408,6.05e-08,2.61e-08,3.98e-08,1.3804070476190473e-07,1.213746034816248e-07,1.5405174851430847e-09,1.213746034816248e-07,1.5405174851430847e-09,7.81946e-07,7.81946e-07,1.213746034816248e-07,True,False,False,0,False,,,-2.328308141855611,3.0,False,False,,,weekly,10.0,sigma,computed,/home/lkoo/projects/AutomationDetection/DownloadedLC/incremental/quiescent_background_cache.csv,,,,,,False,not_in_flare_streak
4FGL J0841.3+7053,125,126,56048.00001157408,1.1e-07,3.63e-08,6.05e-08,1.3804070476190473e-07,1.213746034816248e-07,1.5405174851430847e-09,1.213746034816248e-07,1.5405174851430847e-09,7.81946e-07,7.81946e-07,1.213746034816248e-07,True,False,False,0,False,,,-0.31306816302337853,3.0,False,False,,,weekly,10.0,sigma,computed,/home/lkoo/projects/AutomationDetection/DownloadedLC/incremental/quiescent_background_cache.csv,,,,,,False,not_in_flare_streak
4FGL J0841.3+7053,126,127,56055.00001157408,4.27e-08,2.56e-08,1.1e-07,1.3804070476190473e-07,1.213746034816248e-07,1.5405174851430847e-09,1.213746034816248e-07,1.5405174851430847e-09,7.81946e-07,7.81946e-07,1.213746034816248e-07,False,False,False,0,False,,,-3.067677370621199,3.0,False,False,,,weekly,10.0,sigma,computed,/home/lkoo/projects/AutomationDetection/DownloadedLC/incremental/quiescent_background_cache.csv,,,,,,False,not_in_flare_streak
4FGL J0841.3+7053,127,128,56076.00001157408,1.06e-07,3.53e-08,4.27e-08,1.3804070476190473e-07,1.213746034816248e-07,1.5405174851430847e-09,1.213746034816248e-07,1.5405174851430847e-09,7.81946e-07,7.81946e-07,1.213746034816248e-07,True,False,False,0,False,,,-0.43512701976535617,3.0,False,False,,,weekly,10.0,sigma,computed,/home/lkoo/projects/AutomationDetection/DownloadedLC/incremental/quiescent_background_cache.csv,,,,,,False,not_in_flare_streak
4FGL J0841.3+7053,128,129,56083.00001157408,4.52e-08,2.79e-08,1.06e-07,1.3804070476190473e-07,1.213746034816248e-07,1.5405174851430847e-09,1.213746034816248e-07,1.5405174851430847e-09,7.81946e-07,7.81946e-07,1.213746034816248e-07,False,False,False,0,False,,,-2.7261200304671043,3.0,False,False,,,weekly,10.0,sigma,computed,/home/lkoo/projects/AutomationDetection/DownloadedLC/incremental/quiescent_background_cache.csv,,,,,,False,not_in_flare_streak
4FGL J0841.3+7053,129,130,56090.00001157408,2.58e-08,1.77e-08,4.52e-08,1.3804070476190473e-07,1.213746034816248e-07,1.5405174851430847e-09,1.213746034816248e-07,1.5405174851430847e-09,7.81946e-07,7.81946e-07,1.213746034816248e-07,False,False,False,0,False,,,-5.379359036682926,3.0,False,False,,,weekly,10.0,sigma,computed,/home/lkoo/projects/AutomationDetection/DownloadedLC/incremental/quiescent_background_cache.csv,,,,,,False,not_in_flare_streak
4FGL J0841.3+7053,130,131,56111.00001157408,1.16e-07,3.08e-08,2.58e-08,1.3804070476190473e-07,1.213746034816248e-07,1.5405174851430847e-09,1.213746034816248e-07,1.5405174851430847e-09,7.81946e-07,7.81946e-07,1.213746034816248e-07,True,False,False,0,False,,,-0.17428224996368757,3.0,False,False,,,weekly,10.0,sigma,computed,/home/lkoo/projects/AutomationDetection/DownloadedLC/incremental/quiescent_background_cache.csv,,,,,,False,not_in_flare_streak
4FGL J0841.3+7053,131,132,56118.00001157408,8.56e-08,4.28e-08,1.16e-07,1.3804070476190473e-07,1.213746034816248e-07,1.5405174851430847e-09,1.213746034816248e-07,1.5405174851430847e-09,7.81946e-07,7.81946e-07,1.213746034816248e-07,False,False,False,0,False,,,-0.8353143114703241,3.0,False,False,,,weekly,10.0,sigma,computed,/home/lkoo/projects/AutomationDetection/DownloadedLC/incremental/quiescent_background_cache.csv,,,,,,False,not_in_flare_streak
4FGL J0841.3+7053,132,133,56132.00001157408,3.63e-08,2.36e-08,8.56e-08,1.3804070476190473e-07,1.213746034816248e-07,1.5405174851430847e-09,1.213746034816248e-07,1.5405174851430847e-09,7.81946e-07,7.81946e-07,1.213746034816248e-07,False,False,False,0,False,,,-3.5972004308465606,3.0,False,False,,,weekly,10.0,sigma,computed,/home/lkoo/projects/AutomationDetection/DownloadedLC/incremental/quiescent_background_cache.csv,,,,,,False,not_in_flare_streak
4FGL J0841.3+7053,133,134,56139.00001157408,5.56e-08,2.6e-08,3.63e-08,1.3804070476190473e-07,1.213746034816248e-07,1.5405174851430847e-09,1.213746034816248e-07,1.5405174851430847e-09,7.81946e-07,7.81946e-07,1.213746034816248e-07,True,False,False,0,False,,,-2.5253635014717415,3.0,False,False,,,weekly,10.0,sigma,computed,/home/lkoo/projects/AutomationDetection/DownloadedLC/incremental/quiescent_background_cache.csv,,,,,,False,not_in_flare_streak
4FGL J0841.3+7053,134,135,56146.00001157408,3.81e-08,2.65e-08,5.56e-08,1.3804070476190473e-07,1.213746034816248e-07,1.5405174851430847e-09,1.213746034816248e-07,1.5405174851430847e-09,7.81946e-07,7.81946e-07,1.213746034816248e-07,False,False,False,0,False,,,-3.1371414867629555,3.0,False,False,,,weekly,10.0,sigma,computed,/home/lkoo/projects/AutomationDetection/DownloadedLC/incremental/quiescent_background_cache.csv,,,,,,False,not_in_flare_streak
4FGL J0841.3+7053,135,136,56153.00001157408,4.88e-08,2.58e-08,3.81e-08,1.3804070476190473e-07,1.213746034816248e-07,1.5405174851430847e-09,1.213746034816248e-07,1.5405174851430847e-09,7.81946e-07,7.81946e-07,1.213746034816248e-07,True,False,False,0,False,,,-2.807967982396557,3.0,False,False,,,weekly,10.0,sigma,computed,/home/lkoo/projects/AutomationDetection/DownloadedLC/incremental/quiescent_background_cache.csv,,,,,,False,not_in_flare_streak
4FGL J0841.3+7053,136,137,56237.00001157408,2.95e-08,2.16e-08,4.88e-08,1.3804070476190473e-07,1.213746034816248e-07,1.5405174851430847e-09,1.213746034816248e-07,1.5405174851430847e-09,7.81946e-07,7.81946e-07,1.213746034816248e-07,False,False,False,0,False,,,-4.242677196037439,3.0,False,False,,,weekly,10.0,sigma,computed,/home/lkoo/projects/AutomationDetection/DownloadedLC/incremental/quiescent_background_cache.csv,,,,,,False,not_in_flare_streak
4FGL J0841.3+7053,137,138,56265.00001157408,5.62e-08,2.33e-08,2.95e-08,1.3804070476190473e-07,1.213746034816248e-07,1.5405174851430847e-09,1.213746034816248e-07,1.5405174851430847e-09,7.81946e-07,7.81946e-07,1.213746034816248e-07,True,False,False,0,False,,,-2.7910994166334815,3.0,False,False,,,weekly,10.0,sigma,computed,/home/lkoo/projects/AutomationDetection/DownloadedLC/incremental/quiescent_background_cache.csv,,,,,,False,not_in_flare_streak
4FGL J0841.3+7053,138,139,56279.00001157408,7.23e-08,4.03e-08,5.62e-08,1.3804070476190473e-07,1.213746034816248e-07,1.5405174851430847e-09,1.213746034816248e-07,1.5405174851430847e-09,7.81946e-07,7.81946e-07,1.213746034816248e-07,True,False,False,0,False,,,-1.2168433674457722,3.0,False,False,,,weekly,10.0,sigma,computed,/home/lkoo/projects/AutomationDetection/DownloadedLC/incremental/quiescent_background_cache.csv,,,,,,False,not_in_flare_streak
4FGL J0841.3+7053,139,140,56342.00001157408,4.72e-08,2.4e-08,7.23e-08,1.3804070476190473e-07,1.213746034816248e-07,1.5405174851430847e-09,1.213746034816248e-07,1.5405174851430847e-09,7.81946e-07,7.81946e-07,1.213746034816248e-07,False,False,False,0,False,,,-3.084261232960097,3.0,False,False,,,weekly,10.0,sigma,computed,/home/lkoo/projects/AutomationDetection/DownloadedLC/incremental/quiescent_background_cache.csv,,,,,,False,not_in_flare_streak
4FGL J0841.3+7053,140,141,56363.00001157408,5.37e-08,2.99e-08,4.72e-08,1.3804070476190473e-07,1.213746034816248e-07,1.5405174851430847e-09,1.213746034816248e-07,1.5405174851430847e-09,7.81946e-07,7.81946e-07,1.213746034816248e-07,True,False,False,0,False,,,-2.260366525472274,3.0,False,False,,,weekly,10.0,sigma,computed,/home/lkoo/projects/AutomationDetection/DownloadedLC/incremental/quiescent_background_cache.csv,,,,,,False,not_in_flare_streak
4FGL J0841.3+7053,141,142,56370.00001157408,7.31e-08,2.64e-08,5.37e-08,1.3804070476190473e-07,1.213746034816248e-07,1.5405174851430847e-09,1.213746034816248e-07,1.5405174851430847e-09,7.81946e-07,7.81946e-07,1.213746034816248e-07,True,False,False,0,False,,,-1.8254781704603007,3.0,False,False,,,weekly,10.0,sigma,computed,/home/lkoo/projects/AutomationDetection/DownloadedLC/incremental/quiescent_background_cache.csv,,,,,,False,not_in_flare_streak
4FGL J0841.3+7053,142,143,56377.00001157408,1.09e-07,3.12e-08,7.31e-08,1.3804070476190473e-07,1.213746034816248e-07,1.5405174851430847e-09,1.213746034816248e-07,1.5405174851430847e-09,7.81946e-07,7.81946e-07,1.213746034816248e-07,True,False,False,0,False,,,-0.3961393172894033,3.0,False,False,,,weekly,10.0,sigma,computed,/home/lkoo/projects/AutomationDetection/DownloadedLC/incremental/quiescent_background_cache.csv,,,,,,False,not_in_flare_streak
4FGL J0841.3+7053,143,144,56384.00001157408,8.29e-08,3.26e-08,1.09e-07,1.3804070476190473e-07,1.213746034816248e-07,1.5405174851430847e-09,1.213746034816248e-07,1.5405174851430847e-09,7.81946e-07,7.81946e-07,1.213746034816248e-07,False,False,False,0,False,,,-1.178887039093456,3.0,False,False,,,weekly,10.0,sigma,computed,/home/lkoo/projects/AutomationDetection/DownloadedLC/incremental/quiescent_background_cache.csv,,,,,,False,not_in_flare_streak
4FGL J0841.3+7053,144,145,56391.00001157408,9.31e-08,3.12e-08,8.29e-08,1.3804070476190473e-07,1.213746034816248e-07,1.5405174851430847e-09,1.213746034816248e-07,1.5405174851430847e-09,7.81946e-07,7.81946e-07,1.213746034816248e-07,True,False,False,0,False,,,-0.9051346280688075,3.0,False,False,,,weekly,10.0,sigma,computed,/home/lkoo/projects/AutomationDetection/DownloadedLC/incremental/quiescent_background_cache.csv,,,,,,False,not_in_flare_streak
4FGL J0841.3+7053,145,146,56398.00001157408,7.3e-08,4.32e-08,9.31e-08,1.3804070476190473e-07,1.213746034816248e-07,1.5405174851430847e-09,1.213746034816248e-07,1.5405174851430847e-09,7.81946e-07,7.81946e-07,1.213746034816248e-07,False,False,False,0,False,,,-1.1190711836154048,3.0,False,False,,,weekly,10.0,sigma,computed,/home/lkoo/projects/AutomationDetection/DownloadedLC/incremental/quiescent_background_cache.csv,,,,,,False,not_in_flare_streak
4FGL J0841.3+7053,146,147,56426.00001157408,5.02e-08,2.58e-08,7.3e-08,1.3804070476190473e-07,1.213746034816248e-07,1.5405174851430847e-09,1.213746034816248e-07,1.5405174851430847e-09,7.81946e-07,7.81946e-07,1.213746034816248e-07,False,False,False,0,False,,,-2.753800891062045,3.0,False,False,,,weekly,10.0,sigma,computed,/home/lkoo/projects/AutomationDetection/DownloadedLC/incremental/quiescent_background_cache.csv,,,,,,False,not_in_flare_streak
4FGL J0841.3+7053,147,148,56433.00001157408,3.91e-08,2.68e-08,5.02e-08,1.3804070476190473e-07,1.213746034816248e-07,1.5405174851430847e-09,1.213746034816248e-07,1.5405174851430847e-09,7.81946e-07,7.81946e-07,1.213746034816248e-07,False,False,False,0,False,,,-3.064888595323731,3.0,False,False,,,weekly,10.0,sigma,computed,/home/lkoo/projects/AutomationDetection/DownloadedLC/incremental/quiescent_background_cache.csv,,,,,,False,not_in_flare_streak
4FGL J0841.3+7053,148,149,56447.00001157408,7.93e-09,6.24e-09,3.91e-08,1.3804070476190473e-07,1.213746034816248e-07,1.5405174851430847e-09,1.213746034816248e-07,1.5405174851430847e-09,7.81946e-07,7.81946e-07,1.213746034816248e-07,False,False,False,0,False,,,-17.650299116910816,3.0,False,False,,,weekly,10.0,sigma,computed,/home/lkoo/projects/AutomationDetection/DownloadedLC/incremental/quiescent_background_cache.csv,,,,,,False,not_in_flare_streak
4FGL J0841.3+7053,149,150,56468.00001157408,7.89e-08,2.98e-08,7.93e-09,1.3804070476190473e-07,1.213746034816248e-07,1.5405174851430847e-09,1.213746034816248e-07,1.5405174851430847e-09,7.81946e-07,7.81946e-07,1.213746034816248e-07,True,False,False,0,False,,,-1.4234215607901752,3.0,False,False,,,weekly,10.0,sigma,computed,/home/lkoo/projects/AutomationDetection/DownloadedLC/incremental/quiescent_background_cache.csv,,,,,,False,not_in_flare_streak
4FGL J0841.3+7053,150,151,56475.00001157408,7.35e-08,3.17e-08,7.89e-08,1.3804070476190473e-07,1.213746034816248e-07,1.5405174851430847e-09,1.213746034816248e-07,1.5405174851430847e-09,7.81946e-07,7.81946e-07,1.213746034816248e-07,False,False,False,0,False,,,-1.5084596842349418,3.0,False,False,,,weekly,10.0,sigma,computed,/home/lkoo/projects/AutomationDetection/DownloadedLC/incremental/quiescent_background_cache.csv,,,,,,False,not_in_flare_streak
4FGL J0841.3+7053,151,152,56482.00001157408,5.49e-08,3.12e-08,7.35e-08,1.3804070476190473e-07,1.213746034816248e-07,1.5405174851430847e-09,1.213746034816248e-07,1.5405174851430847e-09,7.81946e-07,7.81946e-07,1.213746034816248e-07,False,False,False,0,False,,,-2.1280038652872517,3.0,False,False,,,weekly,10.0,sigma,computed,/home/lkoo/projects/AutomationDetection/DownloadedLC/incremental/quiescent_background_cache.csv,,,,,,False,not_in_flare_streak
4FGL J0841.3+7053,152,153,56489.00001157408,8.7e-08,3.36e-08,5.49e-08,1.3804070476190473e-07,1.213746034816248e-07,1.5405174851430847e-09,1.213746034816248e-07,1.5405174851430847e-09,7.81946e-07,7.81946e-07,1.213746034816248e-07,True,False,False,0,False,,,-1.0219800834795132,3.0,False,False,,,weekly,10.0,sigma,computed,/home/lkoo/projects/AutomationDetection/DownloadedLC/incremental/quiescent_background_cache.csv,,,,,,False,not_in_flare_streak
4FGL J0841.3+7053,153,154,56496.00001157408,5.54e-08,4.34e-08,8.7e-08,1.3804070476190473e-07,1.213746034816248e-07,1.5405174851430847e-09,1.213746034816248e-07,1.5405174851430847e-09,7.81946e-07,7.81946e-07,1.213746034816248e-07,False,False,False,0,False,,,-1.5191953990154532,3.0,False,False,,,weekly,10.0,sigma,computed,/home/lkoo/projects/AutomationDetection/DownloadedLC/incremental/quiescent_background_cache.csv,,,,,,False,not_in_flare_streak
4FGL J0841.3+7053,154,155,56524.00001157408,4.96e-08,2.93e-08,5.54e-08,1.3804070476190473e-07,1.213746034816248e-07,1.5405174851430847e-09,1.213746034816248e-07,1.5405174851430847e-09,7.81946e-07,7.81946e-07,1.213746034816248e-07,False,False,False,0,False,,,-2.446266296533261,3.0,False,False,,,weekly,10.0,sigma,computed,/home/lkoo/projects/AutomationDetection/DownloadedLC/incremental/quiescent_background_cache.csv,,,,,,False,not_in_flare_streak
4FGL J0841.3+7053,155,156,56545.00001157408,4.34e-08,2.46e-08,4.96e-08,1.3804070476190473e-07,1.213746034816248e-07,1.5405174851430847e-09,1.213746034816248e-07,1.5405174851430847e-09,7.81946e-07,7.81946e-07,1.213746034816248e-07,False,False,False,0,False,,,-3.163502406005023,3.0,False,False,,,weekly,10.0,sigma,computed,/home/lkoo/projects/AutomationDetection/DownloadedLC/incremental/quiescent_background_cache.csv,,,,,,False,not_in_flare_streak
4FGL J0841.3+7053,156,157,56559.00001157408,5.45e-08,2.58e-08,4.34e-08,1.3804070476190473e-07,1.213746034816248e-07,1.5405174851430847e-09,1.213746034816248e-07,1.5405174851430847e-09,7.81946e-07,7.81946e-07,1.213746034816248e-07,True,False,False,0,False,,,-2.5874305391060433,3.0,False,False,,,weekly,10.0,sigma,computed,/home/lkoo/projects/AutomationDetection/DownloadedLC/incremental/quiescent_background_cache.csv,,,,,,False,not_in_flare_streak
4FGL J0841.3+7053,157,158,56566.00001157408,3.08e-08,2.6e-08,5.45e-08,1.3804070476190473e-07,1.213746034816248e-07,1.5405174851430847e-09,1.213746034816248e-07,1.5405174851430847e-09,7.81946e-07,7.81946e-07,1.213746034816248e-07,False,False,False,0,False,,,-3.4775397446017453,3.0,False,False,,,weekly,10.0,sigma,computed,/home/lkoo/projects/AutomationDetection/DownloadedLC/incremental/quiescent_background_cache.csv,,,,,,False,not_in_flare_streak
4FGL J0841.3+7053,158,159,56573.00001157408,1.23e-07,3.39e-08,3.08e-08,1.3804070476190473e-07,1.213746034816248e-07,1.5405174851430847e-09,1.213746034816248e-07,1.5405174851430847e-09,7.81946e-07,7.81946e-07,1.213746034816248e-07,True,True,False,0,False,,,0.04789736985085921,3.0,False,False,,,weekly,10.0,sigma,computed,/home/lkoo/projects/AutomationDetection/DownloadedLC/incremental/quiescent_background_cache.csv,,,,,,False,not_in_flare_streak
4FGL J0841.3+7053,159,160,56580.00001157408,6.97e-08,3.06e-08,1.23e-07,1.3804070476190473e-07,1.213746034816248e-07,1.5405174851430847e-09,1.213746034816248e-07,1.5405174851430847e-09,7.81946e-07,7.81946e-07,1.213746034816248e-07,False,False,False,0,False,,,-1.686576579713471,3.0,False,False,,,weekly,10.0,sigma,computed,/home/lkoo/projects/AutomationDetection/DownloadedLC/incremental/quiescent_background_cache.csv,,,,,,False,not_in_flare_streak
4FGL J0841.3+7053,160,161,56587.00001157408,7e-08,4.25e-08,6.97e-08,1.3804070476190473e-07,1.213746034816248e-07,1.5405174851430847e-09,1.213746034816248e-07,1.5405174851430847e-09,7.81946e-07,7.81946e-07,1.213746034816248e-07,True,False,False,0,False,,,-1.208020863387459,3.0,False,False,,,weekly,10.0,sigma,computed,/home/lkoo/projects/AutomationDetection/DownloadedLC/incremental/quiescent_background_cache.csv,,,,,,False,not_in_flare_streak
4FGL J0841.3+7053,161,162,56594.00001157408,6.82e-08,3.34e-08,7e-08,1.3804070476190473e-07,1.213746034816248e-07,1.5405174851430847e-09,1.213746034816248e-07,1.5405174851430847e-09,7.81946e-07,7.81946e-07,1.213746034816248e-07,False,False,False,0,False,,,-1.590363260151191,3.0,False,False,,,weekly,10.0,sigma,computed,/home/lkoo/projects/AutomationDetection/DownloadedLC/incremental/quiescent_background_cache.csv,,,,,,False,not_in_flare_streak
4FGL J0841.3+7053,162,163,56601.00001157408,5.85e-08,2.8e-08,6.82e-08,1.3804070476190473e-07,1.213746034816248e-07,1.5405174851430847e-09,1.213746034816248e-07,1.5405174851430847e-09,7.81946e-07,7.81946e-07,1.213746034816248e-07,False,False,False,0,False,,,-2.2421306150580675,3.0,False,False,,,weekly,10.0,sigma,computed,/home/lkoo/projects/AutomationDetection/DownloadedLC/incremental/quiescent_background_cache.csv,,,,,,False,not_in_flare_streak
4FGL J0841.3+7053,163,164,56615.00001157408,6.03e-08,2.93e-08,5.85e-08,1.3804070476190473e-07,1.213746034816248e-07,1.5405174851430847e-09,1.213746034816248e-07,1.5405174851430847e-09,7.81946e-07,7.81946e-07,1.213746034816248e-07,True,False,False,0,False,,,-2.0815822982495638,3.0,False,False,,,weekly,10.0,sigma,computed,/home/lkoo/projects/AutomationDetection/DownloadedLC/incremental/quiescent_background_cache.csv,,,,,,False,not_in_flare_streak
4FGL J0841.3+7053,164,165,56622.00001157408,8.75e-08,3.14e-08,6.03e-08,1.3804070476190473e-07,1.213746034816248e-07,1.5405174851430847e-09,1.213746034816248e-07,1.5405174851430847e-09,7.81946e-07,7.81946e-07,1.213746034816248e-07,True,False,False,0,False,,,-1.0775130268830178,3.0,False,False,,,weekly,10.0,sigma,computed,/home/lkoo/projects/AutomationDetection/DownloadedLC/incremental/quiescent_background_cache.csv,,,,,,False,not_in_flare_streak
4FGL J0841.3+7053,165,166,56629.00001157408,2e-07,5.85e-08,8.75e-08,1.3804070476190473e-07,1.213746034816248e-07,1.5405174851430847e-09,1.213746034816248e-07,1.5405174851430847e-09,7.81946e-07,7.81946e-07,1.213746034816248e-07,True,True,False,0,False,,,1.3435581008181008,3.0,False,False,,,weekly,10.0,sigma,computed,/home/lkoo/projects/AutomationDetection/DownloadedLC/incremental/quiescent_background_cache.csv,,,,,,False,not_in_flare_streak
4FGL J0841.3+7053,166,167,56643.00001157408,8.26e-08,3.72e-08,2e-07,1.3804070476190473e-07,1.213746034816248e-07,1.5405174851430847e-09,1.213746034816248e-07,1.5405174851430847e-09,7.81946e-07,7.81946e-07,1.213746034816248e-07,False,False,False,0,False,,,-1.0414354366456815,3.0,False,False,,,weekly,10.0,sigma,computed,/home/lkoo/projects/AutomationDetection/DownloadedLC/incremental/quiescent_background_cache.csv,,,,,,False,not_in_flare_streak
4FGL J0841.3+7053,167,168,56650.00001157408,6.02e-08,2.68e-08,8.26e-08,1.3804070476190473e-07,1.213746034816248e-07,1.5405174851430847e-09,1.213746034816248e-07,1.5405174851430847e-09,7.81946e-07,7.81946e-07,1.213746034816248e-07,False,False,False,0,False,,,-2.278872660579373,3.0,False,False,,,weekly,10.0,sigma,computed,/home/lkoo/projects/AutomationDetection/DownloadedLC/incremental/quiescent_background_cache.csv,,,,,,False,not_in_flare_streak
4FGL J0841.3+7053,168,169,56664.00001157408,6.81e-08,3.52e-08,6.02e-08,1.3804070476190473e-07,1.213746034816248e-07,1.5405174851430847e-09,1.213746034816248e-07,1.5405174851430847e-09,7.81946e-07,7.81946e-07,1.213746034816248e-07,True,False,False,0,False,,,-1.512035708066692,3.0,False,False,,,weekly,10.0,sigma,computed,/home/lkoo/projects/AutomationDetection/DownloadedLC/incremental/quiescent_background_cache.csv,,,,,,False,not_in_flare_streak
4FGL J0841.3+7053,169,170,56678.00001157408,1.22e-07,2.69e-08,6.81e-08,1.3804070476190473e-07,1.213746034816248e-07,1.5405174851430847e-09,1.213746034816248e-07,1.5405174851430847e-09,7.81946e-07,7.81946e-07,1.213746034816248e-07,True,True,False,0,False,,,0.023210910423208376,3.0,False,False,,,weekly,10.0,sigma,computed,/home/lkoo/projects/AutomationDetection/DownloadedLC/incremental/quiescent_background_cache.csv,,,,,,False,not_in_flare_streak
4FGL J0841.3+7053,170,171,56685.00001157408,9.63e-08,2.03e-08,1.22e-07,1.3804070476190473e-07,1.213746034816248e-07,1.5405174851430847e-09,1.213746034816248e-07,1.5405174851430847e-09,7.81946e-07,7.81946e-07,1.213746034816248e-07,False,False,False,0,False,,,-1.2316607144082188,3.0,False,False,,,weekly,10.0,sigma,computed,/home/lkoo/projects/AutomationDetection/DownloadedLC/incremental/quiescent_background_cache.csv,,,,,,False,not_in_flare_streak
4FGL J0841.3+7053,171,172,56699.00001157408,1.31e-07,3.4e-08,9.63e-08,1.3804070476190473e-07,1.213746034816248e-07,1.5405174851430847e-09,1.213746034816248e-07,1.5405174851430847e-09,7.81946e-07,7.81946e-07,1.213746034816248e-07,True,True,False,0,False,,,0.28280975126316354,3.0,False,False,,,weekly,10.0,sigma,computed,/home/lkoo/projects/AutomationDetection/DownloadedLC/incremental/quiescent_background_cache.csv,,,,,,False,not_in_flare_streak
4FGL J0841.3+7053,172,173,56706.00001157408,4.5e-08,3.04e-08,1.31e-07,1.3804070476190473e-07,1.213746034816248e-07,1.5405174851430847e-09,1.213746034816248e-07,1.5405174851430847e-09,7.81946e-07,7.81946e-07,1.213746034816248e-07,False,False,False,0,False,,,-2.5091029265671407,3.0,False,False,,,weekly,10.0,sigma,computed,/home/lkoo/projects/AutomationDetection/DownloadedLC/incremental/quiescent_background_cache.csv,,,,,,False,not_in_flare_streak
4FGL J0841.3+7053,173,174,56720.00001157408,1.22e-07,7.32e-08,4.5e-08,1.3804070476190473e-07,1.213746034816248e-07,1.5405174851430847e-09,1.213746034816248e-07,1.5405174851430847e-09,7.81946e-07,7.81946e-07,1.213746034816248e-07,True,True,False,0,False,,,0.008541776893111142,3.0,False,False,,,weekly,10.0,sigma,computed,/home/lkoo/projects/AutomationDetection/DownloadedLC/incremental/quiescent_background_cache.csv,,,,,,False,not_in_flare_streak
4FGL J0841.3+7053,174,175,56727.00001157408,1.68e-07,4.13e-08,1.22e-07,1.3804070476190473e-07,1.213746034816248e-07,1.5405174851430847e-09,1.213746034816248e-07,1.5405174851430847e-09,7.81946e-07,7.81946e-07,1.213746034816248e-07,True,True,False,0,False,,,1.1281596717872773,3.0,False,False,,,weekly,10.0,sigma,computed,/home/lkoo/projects/AutomationDetection/DownloadedLC/incremental/quiescent_background_cache.csv,,,,,,False,not_in_flare_streak
4FGL J0841.3+7053,175,176,56734.00001157408,1.43e-07,3.98e-08,1.68e-07,1.3804070476190473e-07,1.213746034816248e-07,1.5405174851430847e-09,1.213746034816248e-07,1.5405174851430847e-09,7.81946e-07,7.81946e-07,1.213746034816248e-07,False,True,False,0,False,,,0.5429451058614889,3.0,False,False,,,weekly,10.0,sigma,computed,/home/lkoo/projects/AutomationDetection/DownloadedLC/incremental/quiescent_background_cache.csv,,,,,,False,not_in_flare_streak
4FGL J0841.3+7053,176,177,56748.00001157408,1.13e-07,3.99e-08,1.43e-07,1.3804070476190473e-07,1.213746034816248e-07,1.5405174851430847e-09,1.213746034816248e-07,1.5405174851430847e-09,7.81946e-07,7.81946e-07,1.213746034816248e-07,False,False,False,0,False,,,-0.20973354588561607,3.0,False,False,,,weekly,10.0,sigma,computed,/home/lkoo/projects/AutomationDetection/DownloadedLC/incremental/quiescent_background_cache.csv,,,,,,False,not_in_flare_streak
4FGL J0841.3+7053,177,178,56755.00001157408,1.23e-07,3.38e-08,1.13e-07,1.3804070476190473e-07,1.213746034816248e-07,1.5405174851430847e-09,1.213746034816248e-07,1.5405174851430847e-09,7.81946e-07,7.81946e-07,1.213746034816248e-07,True,True,False,0,False,,,0.04803878471742536,3.0,False,False,,,weekly,10.0,sigma,computed,/home/lkoo/projects/AutomationDetection/DownloadedLC/incremental/quiescent_background_cache.csv,,,,,,False,not_in_flare_streak
4FGL J0841.3+7053,178,179,56762.00001157408,2.81e-07,4.06e-08,1.23e-07,1.3804070476190473e-07,1.213746034816248e-07,1.5405174851430847e-09,1.213746034816248e-07,1.5405174851430847e-09,7.81946e-07,7.81946e-07,1.213746034816248e-07,True,True,False,0,False,,,3.9288327998558916,3.0,True,True,56762.00001157408,56762.00001157408,weekly,10.0,sigma,computed,/home/lkoo/projects/AutomationDetection/DownloadedLC/incremental/quiescent_background_cache.csv,,,,,,False,not_in_flare_streak
4FGL J0841.3+7053,179,180,56769.00001157408,2.12e-07,4.06e-08,2.81e-07,1.3804070476190473e-07,1.213746034816248e-07,1.5405174851430847e-09,1.213746034816248e-07,1.5405174851430847e-09,7.81946e-07,7.81946e-07,1.213746034816248e-07,False,True,False,0,False,,,2.2305475075224113,3.0,False,True,56762.00001157408,56769.00001157408,weekly,10.0,sigma,computed,/home/lkoo/projects/AutomationDetection/DownloadedLC/incremental/quiescent_background_cache.csv,,,,,,False,not_in_flare_streak
4FGL J0841.3+7053,180,181,56776.00001157408,2.68e-07,4.28e-08,2.12e-07,1.3804070476190473e-07,1.213746034816248e-07,1.5405174851430847e-09,1.213746034816248e-07,1.5405174851430847e-09,7.81946e-07,7.81946e-07,1.213746034816248e-07,True,True,False,0,False,,,3.423610053420142,3.0,True,True,56762.00001157408,56776.00001157408,weekly,10.0,sigma,computed,/home/lkoo/projects/AutomationDetection/DownloadedLC/incremental/quiescent_background_cache.csv,,,,,,False,not_in_flare_streak
4FGL J0841.3+7053,181,182,56783.00001157408,1.1e-07,3.07e-08,2.68e-07,1.3804070476190473e-07,1.213746034816248e-07,1.5405174851430847e-09,1.213746034816248e-07,1.5405174851430847e-09,7.81946e-07,7.81946e-07,1.213746034816248e-07,False,False,False,0,False,,,-0.3700426650767888,3.0,False,False,,,weekly,10.0,sigma,computed,/home/lkoo/projects/AutomationDetection/DownloadedLC/incremental/quiescent_background_cache.csv,,,,,,False,not_in_flare_streak
4FGL J0841.3+7053,182,183,56790.00001157408,1.38e-07,3.3e-08,1.1e-07,1.3804070476190473e-07,1.213746034816248e-07,1.5405174851430847e-09,1.213746034816248e-07,1.5405174851430847e-09,7.81946e-07,7.81946e-07,1.213746034816248e-07,True,True,False,0,False,,,0.5032518392437119,3.0,False,False,,,weekly,10.0,sigma,computed,/home/lkoo/projects/AutomationDetection/DownloadedLC/incremental/quiescent_background_cache.csv,,,,,,False,not_in_flare_streak
4FGL J0841.3+7053,183,184,56797.00001157408,3.04e-07,4.26e-08,1.38e-07,1.3804070476190473e-07,1.213746034816248e-07,1.5405174851430847e-09,1.213746034816248e-07,1.5405174851430847e-09,7.81946e-07,7.81946e-07,1.213746034816248e-07,True,True,False,0,False,,,4.284180804196329,3.0,True,True,56797.00001157408,56797.00001157408,weekly,10.0,sigma,computed,/home/lkoo/projects/AutomationDetection/DownloadedLC/incremental/quiescent_background_cache.csv,,,,,,False,not_in_flare_streak
4FGL J0841.3+7053,184,185,56804.00001157408,4.07e-07,4.73e-08,3.04e-07,1.3804070476190473e-07,1.213746034816248e-07,1.5405174851430847e-09,1.213746034816248e-07,1.5405174851430847e-09,7.81946e-07,7.81946e-07,1.213746034816248e-07,True,True,False,0,False,,,6.035391735255338,3.0,True,True,56797.00001157408,56804.00001157408,weekly,10.0,sigma,computed,/home/lkoo/projects/AutomationDetection/DownloadedLC/incremental/quiescent_background_cache.csv,,,,,,False,not_in_flare_streak
4FGL J0841.3+7053,185,186,56811.00001157408,2.14e-07,3.93e-08,4.07e-07,1.3804070476190473e-07,1.213746034816248e-07,1.5405174851430847e-09,1.213746034816248e-07,1.5405174851430847e-09,7.81946e-07,7.81946e-07,1.213746034816248e-07,False,True,False,0,False,,,2.3550716642496243,3.0,False,True,56797.00001157408,56811.00001157408,weekly,10.0,sigma,computed,/home/lkoo/projects/AutomationDetection/DownloadedLC/incremental/quiescent_background_cache.csv,,,,,,False,not_in_flare_streak
4FGL J0841.3+7053,186,187,56818.00001157408,2.94e-07,4.15e-08,2.14e-07,1.3804070476190473e-07,1.213746034816248e-07,1.5405174851430847e-09,1.213746034816248e-07,1.5405174851430847e-09,7.81946e-07,7.81946e-07,1.213746034816248e-07,True,True,False,0,False,,,4.156785149934662,3.0,True,True,56797.00001157408,56818.00001157408,weekly,10.0,sigma,computed,/home/lkoo/projects/AutomationDetection/DownloadedLC/incremental/quiescent_background_cache.csv,,,,,,False,not_in_flare_streak
4FGL J0841.3+7053,187,188,56825.00001157408,3.56e-07,4.46e-08,2.94e-07,1.3804070476190473e-07,1.213746034816248e-07,1.5405174851430847e-09,1.213746034816248e-07,1.5405174851430847e-09,7.81946e-07,7.81946e-07,1.213746034816248e-07,True,True,False,0,False,,,5.25752376988627,3.0,True,True,56797.00001157408,56825.00001157408,weekly,10.0,sigma,computed,/home/lkoo/projects/AutomationDetection/DownloadedLC/incremental/quiescent_background_cache.csv,,,,,,False,not_in_flare_streak
4FGL J0841.3+7053,188,189,56832.00001157408,1.89e-07,4.23e-08,3.56e-07,1.3804070476190473e-07,1.213746034816248e-07,1.5405174851430847e-09,1.213746034816248e-07,1.5405174851430847e-09,7.81946e-07,7.81946e-07,1.213746034816248e-07,False,True,False,0,False,,,1.5976499807987752,3.0,False,True,56797.00001157408,56832.00001157408,weekly,10.0,sigma,computed,/home/lkoo/projects/AutomationDetection/DownloadedLC/incremental/quiescent_background_cache.csv,,,,,,False,not_in_flare_streak
4FGL J0841.3+7053,189,190,56839.00001157408,1.54e-07,3.39e-08,1.89e-07,1.3804070476190473e-07,1.213746034816248e-07,1.5405174851430847e-09,1.213746034816248e-07,1.5405174851430847e-09,7.81946e-07,7.81946e-07,1.213746034816248e-07,False,True,False,0,False,,,0.9614089029387339,3.0,False,True,56797.00001157408,56839.00001157408,weekly,10.0,sigma,computed,/home/lkoo/projects/AutomationDetection/DownloadedLC/incremental/quiescent_background_cache.csv,,,,,,False,not_in_flare_streak
4FGL J0841.3+7053,190,191,56846.00001157408,1.35e-07,3.67e-08,1.54e-07,1.3804070476190473e-07,1.213746034816248e-07,1.5405174851430847e-09,1.213746034816248e-07,1.5405174851430847e-09,7.81946e-07,7.81946e-07,1.213746034816248e-07,False,True,False,0,False,,,0.37093756173008235,3.0,False,True,56797.00001157408,56846.00001157408,weekly,10.0,sigma,computed,/home/lkoo/projects/AutomationDetection/DownloadedLC/incremental/quiescent_background_cache.csv,,,,,,False,not_in_flare_streak
4FGL J0841.3+7053,191,192,56853.00001157408,1.42e-07,3.61e-08,1.35e-07,1.3804070476190473e-07,1.213746034816248e-07,1.5405174851430847e-09,1.213746034816248e-07,1.5405174851430847e-09,7.81946e-07,7.81946e-07,1.213746034816248e-07,True,True,False,0,False,,,0.5708211168853565,3.0,False,True,56797.00001157408,56853.00001157408,weekly,10.0,sigma,computed,/home/lkoo/projects/AutomationDetection/DownloadedLC/incremental/quiescent_background_cache.csv,,,,,,False,not_in_flare_streak
4FGL J0841.3+7053,192,193,56860.00001157408,1.28e-07,3.8e-08,1.42e-07,1.3804070476190473e-07,1.213746034816248e-07,1.5405174851430847e-09,1.213746034816248e-07,1.5405174851430847e-09,7.81946e-07,7.81946e-07,1.213746034816248e-07,False,True,False,0,False,,,0.17420944331647542,3.0,False,True,56797.00001157408,56860.00001157408,weekly,10.0,sigma,computed,/home/lkoo/projects/AutomationDetection/DownloadedLC/incremental/quiescent_background_cache.csv,,,,,,False,not_in_flare_streak
4FGL J0841.3+7053,193,194,56867.00001157408,6.13e-08,2.85e-08,1.28e-07,1.3804070476190473e-07,1.213746034816248e-07,1.5405174851430847e-09,1.213746034816248e-07,1.5405174851430847e-09,7.81946e-07,7.81946e-07,1.213746034816248e-07,False,False,False,0,False,,,-2.104808201481278,3.0,False,False,,,weekly,10.0,sigma,computed,/home/lkoo/projects/AutomationDetection/DownloadedLC/incremental/quiescent_background_cache.csv,,,,,,False,not_in_flare_streak
4FGL J0841.3+7053,194,195,56881.00001157408,1.82e-07,8.2e-08,6.13e-08,1.3804070476190473e-07,1.213746034816248e-07,1.5405174851430847e-09,1.213746034816248e-07,1.5405174851430847e-09,7.81946e-07,7.81946e-07,1.213746034816248e-07,True,True,False,0,False,,,0.7392036667147089,3.0,False,False,,,weekly,10.0,sigma,computed,/home/lkoo/projects/AutomationDetection/DownloadedLC/incremental/quiescent_background_cache.csv,,,,,,False,not_in_flare_streak
4FGL J0841.3+7053,195,196,56888.00001157408,1.26e-07,3.65e-08,1.82e-07,1.3804070476190473e-07,1.213746034816248e-07,1.5405174851430847e-09,1.213746034816248e-07,1.5405174851430847e-09,7.81946e-07,7.81946e-07,1.213746034816248e-07,False,True,False,0,False,,,0.126610474122703,3.0,False,False,,,weekly,10.0,sigma,computed,/home/lkoo/projects/AutomationDetection/DownloadedLC/incremental/quiescent_background_cache.csv,,,,,,False,not_in_flare_streak
4FGL J0841.3+7053,196,197,56895.00001157408,5.28e-08,3.12e-08,1.26e-07,1.3804070476190473e-07,1.213746034816248e-07,1.5405174851430847e-09,1.213746034816248e-07,1.5405174851430847e-09,7.81946e-07,7.81946e-07,1.213746034816248e-07,False,False,False,0,False,,,-2.1952296610505693,3.0,False,False,,,weekly,10.0,sigma,computed,/home/lkoo/projects/AutomationDetection/DownloadedLC/incremental/quiescent_background_cache.csv,,,,,,False,not_in_flare_streak
4FGL J0841.3+7053,197,198,56902.00001157408,2.11e-07,4.08e-08,5.28e-08,1.3804070476190473e-07,1.213746034816248e-07,1.5405174851430847e-09,1.213746034816248e-07,1.5405174851430847e-09,7.81946e-07,7.81946e-07,1.213746034816248e-07,True,True,False,0,False,,,2.195136703966025,3.0,False,False,,,weekly,10.0,sigma,computed,/home/lkoo/projects/AutomationDetection/DownloadedLC/incremental/quiescent_background_cache.csv,,,,,,False,not_in_flare_streak
4FGL J0841.3+7053,198,199,56909.00001157408,1.21e-07,3.14e-08,2.11e-07,1.3804070476190473e-07,1.213746034816248e-07,1.5405174851430847e-09,1.213746034816248e-07,1.5405174851430847e-09,7.81946e-07,7.81946e-07,1.213746034816248e-07,False,False,False,0,False,,,-0.01191571531118836,3.0,False,False,,,weekly,10.0,sigma,computed,/home/lkoo/projects/AutomationDetection/DownloadedLC/incremental/quiescent_background_cache.csv,,,,,,False,not_in_flare_streak
4FGL J0841.3+7053,199,200,56916.00001157408,1.37e-07,3.56e-08,1.21e-07,1.3804070476190473e-07,1.213746034816248e-07,1.5405174851430847e-09,1.213746034816248e-07,1.5405174851430847e-09,7.81946e-07,7.81946e-07,1.213746034816248e-07,True,True,False,0,False,,,0.4385052631890527,3.0,False,False,,,weekly,10.0,sigma,computed,/home/lkoo/projects/AutomationDetection/DownloadedLC/incremental/quiescent_background_cache.csv,,,,,,False,not_in_flare_streak
4FGL J0841.3+7053,200,201,56923.00001157408,3e-07,4.31e-08,1.37e-07,1.3804070476190473e-07,1.213746034816248e-07,1.5405174851430847e-09,1.213746034816248e-07,1.5405174851430847e-09,7.81946e-07,7.81946e-07,1.213746034816248e-07,True,True,False,0,False,,,4.141795918279183,3.0,True,True,56923.00001157408,56923.00001157408,weekly,10.0,sigma,computed,/home/lkoo/projects/AutomationDetection/DownloadedLC/incremental/quiescent_background_cache.csv,,,,,,False,not_in_flare_streak
4FGL J0841.3+7053,201,202,56930.00001157408,3.52e-07,5.7e-08,3e-07,1.3804070476190473e-07,1.213746034816248e-07,1.5405174851430847e-09,1.213746034816248e-07,1.5405174851430847e-09,7.81946e-07,7.81946e-07,1.213746034816248e-07,True,True,False,0,False,,,4.044582698578213,3.0,True,True,56923.00001157408,56930.00001157408,weekly,10.0,sigma,computed,/home/lkoo/projects/AutomationDetection/DownloadedLC/incremental/quiescent_background_cache.csv,,,,,,False,not_in_flare_streak
4FGL J0841.3+7053,202,203,56937.00001157408,2.15e-07,1.08e-07,3.52e-07,1.3804070476190473e-07,1.213746034816248e-07,1.5405174851430847e-09,1.213746034816248e-07,1.5405174851430847e-09,7.81946e-07,7.81946e-07,1.213746034816248e-07,False,True,False,0,False,,,0.866813641784795,3.0,False,True,56923.00001157408,56937.00001157408,weekly,10.0,sigma,computed,/home/lkoo/projects/AutomationDetection/DownloadedLC/incremental/quiescent_background_cache.csv,,,,,,False,not_in_flare_streak
4FGL J0841.3+7053,203,204,56944.00001157408,5.24e-07,6.13e-08,2.15e-07,1.3804070476190473e-07,1.213746034816248e-07,1.5405174851430847e-09,1.213746034816248e-07,1.5405174851430847e-09,7.81946e-07,7.81946e-07,1.213746034816248e-07,True,True,False,0,False,,,6.566041049508979,3.0,True,True,56923.00001157408,56944.00001157408,weekly,10.0,sigma,computed,/home/lkoo/projects/AutomationDetection/DownloadedLC/incremental/quiescent_background_cache.csv,,,,,,False,not_in_flare_streak
4FGL J0841.3+7053,204,205,56951.00001157408,2.59e-07,4.21e-08,5.24e-07,1.3804070476190473e-07,1.213746034816248e-07,1.5405174851430847e-09,1.213746034816248e-07,1.5405174851430847e-09,7.81946e-07,7.81946e-07,1.213746034816248e-07,False,True,False,0,False,,,3.2668254437052435,3.0,True,True,56923.00001157408,56951.00001157408,weekly,10.0,sigma,computed,/home/lkoo/projects/AutomationDetection/DownloadedLC/incremental/quiescent_background_cache.csv,,,,,,False,not_in_flare_streak
4FGL J0841.3+7053,205,206,56958.00001157408,3.69e-07,4.36e-08,2.59e-07,1.3804070476190473e-07,1.213746034816248e-07,1.5405174851430847e-09,1.213746034816248e-07,1.5405174851430847e-09,7.81946e-07,7.81946e-07,1.213746034816248e-07,True,True,False,0,False,,,5.675939701815468,3.0,True,True,56923.00001157408,56958.00001157408,weekly,10.0,sigma,computed,/home/lkoo/projects/AutomationDetection/DownloadedLC/incremental/quiescent_background_cache.csv,,,,,,False,not_in_flare_streak
4FGL J0841.3+7053,206,207,56965.00001157408,1.97e-07,3.73e-08,3.69e-07,1.3804070476190473e-07,1.213746034816248e-07,1.5405174851430847e-09,1.213746034816248e-07,1.5405174851430847e-09,7.81946e-07,7.81946e-07,1.213746034816248e-07,False,True,False,0,False,,,2.025763535467562,3.0,False,True,56923.00001157408,56965.00001157408,weekly,10.0,sigma,computed,/home/lkoo/projects/AutomationDetection/DownloadedLC/incremental/quiescent_background_cache.csv,,,,,,False,not_in_flare_streak
4FGL J0841.3+7053,207,208,56972.00001157408,1.37e-07,3.61e-08,1.97e-07,1.3804070476190473e-07,1.213746034816248e-07,1.5405174851430847e-09,1.213746034816248e-07,1.5405174851430847e-09,7.81946e-07,7.81946e-07,1.213746034816248e-07,False,True,False,0,False,,,0.4324429004043276,3.0,False,True,56923.00001157408,56972.00001157408,weekly,10.0,sigma,computed,/home/lkoo/projects/AutomationDetection/DownloadedLC/incremental/quiescent_background_cache.csv,,,,,,False,not_in_flare_streak
4FGL J0841.3+7053,208,209,56979.00001157408,5.89e-08,3.18e-08,1.37e-07,1.3804070476190473e-07,1.213746034816248e-07,1.5405174851430847e-09,1.213746034816248e-07,1.5405174851430847e-09,7.81946e-07,7.81946e-07,1.213746034816248e-07,False,False,False,0,False,,,-1.9623089328202261,3.0,False,False,,,weekly,10.0,sigma,computed,/home/lkoo/projects/AutomationDetection/DownloadedLC/incremental/quiescent_background_cache.csv,,,,,,False,not_in_flare_streak
4FGL J0841.3+7053,209,210,56986.00001157408,9.73e-08,5.89e-08,5.89e-08,1.3804070476190473e-07,1.213746034816248e-07,1.5405174851430847e-09,1.213746034816248e-07,1.5405174851430847e-09,7.81946e-07,7.81946e-07,1.213746034816248e-07,True,False,False,0,False,,,-0.4085971698902592,3.0,False,False,,,weekly,10.0,sigma,computed,/home/lkoo/projects/AutomationDetection/DownloadedLC/incremental/quiescent_background_cache.csv,,,,,,False,not_in_flare_streak
4FGL J0841.3+7053,210,211,56993.00001157408,1.05e-07,3.28e-08,9.73e-08,1.3804070476190473e-07,1.213746034816248e-07,1.5405174851430847e-09,1.213746034816248e-07,1.5405174851430847e-09,7.81946e-07,7.81946e-07,1.213746034816248e-07,True,False,False,0,False,,,-0.4986760044981259,3.0,False,False,,,weekly,10.0,sigma,computed,/home/lkoo/projects/AutomationDetection/DownloadedLC/incremental/quiescent_background_cache.csv,,,,,,False,not_in_flare_streak
4FGL J0841.3+7053,211,212,57000.00001157408,1.28e-07,3.61e-08,1.05e-07,1.3804070476190473e-07,1.213746034816248e-07,1.5405174851430847e-09,1.213746034816248e-07,1.5405174851430847e-09,7.81946e-07,7.81946e-07,1.213746034816248e-07,True,True,False,0,False,,,0.18336211073847608,3.0,False,False,,,weekly,10.0,sigma,computed,/home/lkoo/projects/AutomationDetection/DownloadedLC/incremental/quiescent_background_cache.csv,,,,,,False,not_in_flare_streak
4FGL J0841.3+7053,212,213,57007.00001157408,1.17e-07,3.35e-08,1.28e-07,1.3804070476190473e-07,1.213746034816248e-07,1.5405174851430847e-09,1.213746034816248e-07,1.5405174851430847e-09,7.81946e-07,7.81946e-07,1.213746034816248e-07,False,False,False,0,False,,,-0.13044732454257155,3.0,False,False,,,weekly,10.0,sigma,computed,/home/lkoo/projects/AutomationDetection/DownloadedLC/incremental/quiescent_background_cache.csv,,,,,,False,not_in_flare_streak
4FGL J0841.3+7053,213,214,57014.00001157408,5.95e-08,2.53e-08,1.17e-07,1.3804070476190473e-07,1.213746034816248e-07,1.5405174851430847e-09,1.213746034816248e-07,1.5405174851430847e-09,7.81946e-07,7.81946e-07,1.213746034816248e-07,False,False,False,0,False,,,-2.4411153551636398,3.0,False,False,,,weekly,10.0,sigma,computed,/home/lkoo/projects/AutomationDetection/DownloadedLC/incremental/quiescent_background_cache.csv,,,,,,False,not_in_flare_streak
4FGL J0841.3+7053,214,215,57021.00001157408,7.04e-08,2.64e-08,5.95e-08,1.3804070476190473e-07,1.213746034816248e-07,1.5405174851430847e-09,1.213746034816248e-07,1.5405174851430847e-09,7.81946e-07,7.81946e-07,1.213746034816248e-07,True,False,False,0,False,,,-1.927577218505696,3.0,False,False,,,weekly,10.0,sigma,computed,/home/lkoo/projects/AutomationDetection/DownloadedLC/incremental/quiescent_background_cache.csv,,,,,,False,not_in_flare_streak
4FGL J0841.3+7053,215,216,57028.00001157408,1.01e-07,2.82e-08,7.04e-08,1.3804070476190473e-07,1.213746034816248e-07,1.5405174851430847e-09,1.213746034816248e-07,1.5405174851430847e-09,7.81946e-07,7.81946e-07,1.213746034816248e-07,True,False,False,0,False,,,-0.7214280110850891,3.0,False,False,,,weekly,10.0,sigma,computed,/home/lkoo/projects/AutomationDetection/DownloadedLC/incremental/quiescent_background_cache.csv,,,,,,False,not_in_flare_streak
4FGL J0841.3+7053,216,217,57035.00001157408,1.55e-07,3.61e-08,1.01e-07,1.3804070476190473e-07,1.213746034816248e-07,1.5405174851430847e-09,1.213746034816248e-07,1.5405174851430847e-09,7.81946e-07,7.81946e-07,1.213746034816248e-07,True,True,False,0,False,,,0.9306044797360312,3.0,False,False,,,weekly,10.0,sigma,computed,/home/lkoo/projects/AutomationDetection/DownloadedLC/incremental/quiescent_background_cache.csv,,,,,,False,not_in_flare_streak
4FGL J0841.3+7053,217,218,57042.00001157408,2.51e-07,4.17e-08,1.55e-07,1.3804070476190473e-07,1.213746034816248e-07,1.5405174851430847e-09,1.213746034816248e-07,1.5405174851430847e-09,7.81946e-07,7.81946e-07,1.213746034816248e-07,True,True,False,0,False,,,3.1064036495552827,3.0,True,True,57042.00001157408,57042.00001157408,weekly,10.0,sigma,computed,/home/lkoo/projects/AutomationDetection/DownloadedLC/incremental/quiescent_background_cache.csv,,,,,,False,not_in_flare_streak
4FGL J0841.3+7053,218,219,57049.00001157408,1.12e-07,3.9e-08,2.51e-07,1.3804070476190473e-07,1.213746034816248e-07,1.5405174851430847e-09,1.213746034816248e-07,1.5405174851430847e-09,7.81946e-07,7.81946e-07,1.213746034816248e-07,False,False,False,0,False,,,-0.24018714103451733,3.0,False,False,,,weekly,10.0,sigma,computed,/home/lkoo/projects/AutomationDetection/DownloadedLC/incremental/quiescent_background_cache.csv,,,,,,False,not_in_flare_streak
4FGL J0841.3+7053,219,220,57063.00001157408,4.72e-08,3.16e-08,1.12e-07,1.3804070476190473e-07,1.213746034816248e-07,1.5405174851430847e-09,1.213746034816248e-07,1.5405174851430847e-09,7.81946e-07,7.81946e-07,1.213746034816248e-07,False,False,False,0,False,,,-2.344513227532695,3.0,False,False,,,weekly,10.0,sigma,computed,/home/lkoo/projects/AutomationDetection/DownloadedLC/incremental/quiescent_background_cache.csv,,,,,,False,not_in_flare_streak
4FGL J0841.3+7053,220,221,57070.00001157408,9.53e-08,3.23e-08,4.72e-08,1.3804070476190473e-07,1.213746034816248e-07,1.5405174851430847e-09,1.213746034816248e-07,1.5405174851430847e-09,7.81946e-07,7.81946e-07,1.213746034816248e-07,True,False,False,0,False,,,-0.8063466795968409,3.0,False,False,,,weekly,10.0,sigma,computed,/home/lkoo/projects/AutomationDetection/DownloadedLC/incremental/quiescent_background_cache.csv,,,,,,False,not_in_flare_streak
4FGL J0841.3+7053,221,222,57077.00001157408,1.41e-07,3.1e-08,9.53e-08,1.3804070476190473e-07,1.213746034816248e-07,1.5405174851430847e-09,1.213746034816248e-07,1.5405174851430847e-09,7.81946e-07,7.81946e-07,1.213746034816248e-07,True,True,False,0,False,,,0.6322970581413486,3.0,False,False,,,weekly,10.0,sigma,computed,/home/lkoo/projects/AutomationDetection/DownloadedLC/incremental/quiescent_background_cache.csv,,,,,,False,not_in_flare_streak
4FGL J0841.3+7053,222,223,57084.00001157408,9.1e-08,2.93e-08,1.41e-07,1.3804070476190473e-07,1.213746034816248e-07,1.5405174851430847e-09,1.213746034816248e-07,1.5405174851430847e-09,7.81946e-07,7.81946e-07,1.213746034816248e-07,False,False,False,0,False,,,-1.0352459667253118,3.0,False,False,,,weekly,10.0,sigma,computed,/home/lkoo/projects/AutomationDetection/DownloadedLC/incremental/quiescent_background_cache.csv,,,,,,False,not_in_flare_streak
4FGL J0841.3+7053,223,224,57091.00001157408,7.77e-08,5.46e-08,9.1e-08,1.3804070476190473e-07,1.213746034816248e-07,1.5405174851430847e-09,1.213746034816248e-07,1.5405174851430847e-09,7.81946e-07,7.81946e-07,1.213746034816248e-07,False,False,False,0,False,,,-0.7995829663777206,3.0,False,False,,,weekly,10.0,sigma,computed,/home/lkoo/projects/AutomationDetection/DownloadedLC/incremental/quiescent_background_cache.csv,,,,,,False,not_in_flare_streak
4FGL J0841.3+7053,224,225,57098.00001157408,9.15e-08,4.37e-08,7.77e-08,1.3804070476190473e-07,1.213746034816248e-07,1.5405174851430847e-09,1.213746034816248e-07,1.5405174851430847e-09,7.81946e-07,7.81946e-07,1.213746034816248e-07,True,False,False,0,False,,,-0.6832049886746974,3.0,False,False,,,weekly,10.0,sigma,computed,/home/lkoo/projects/AutomationDetection/DownloadedLC/incremental/quiescent_background_cache.csv,,,,,,False,not_in_flare_streak
4FGL J0841.3+7053,225,226,57105.00001157408,7.87e-08,3.49e-08,9.15e-08,1.3804070476190473e-07,1.213746034816248e-07,1.5405174851430847e-09,1.213746034816248e-07,1.5405174851430847e-09,7.81946e-07,7.81946e-07,1.213746034816248e-07,False,False,False,0,False,,,-1.2215785136546198,3.0,False,False,,,weekly,10.0,sigma,computed,/home/lkoo/projects/AutomationDetection/DownloadedLC/incremental/quiescent_background_cache.csv,,,,,,False,not_in_flare_streak
4FGL J0841.3+7053,226,227,57112.00001157408,7.67e-08,3.02e-08,7.87e-08,1.3804070476190473e-07,1.213746034816248e-07,1.5405174851430847e-09,1.213746034816248e-07,1.5405174851430847e-09,7.81946e-07,7.81946e-07,1.213746034816248e-07,False,False,False,0,False,,,-1.4773706420645203,3.0,False,False,,,weekly,10.0,sigma,computed,/home/lkoo/projects/AutomationDetection/DownloadedLC/incremental/quiescent_background_cache.csv,,,,,,False,not_in_flare_streak
4FGL J0841.3+7053,227,228,57119.00001157408,5.76e-08,3.07e-08,7.67e-08,1.3804070476190473e-07,1.213746034816248e-07,1.5405174851430847e-09,1.213746034816248e-07,1.5405174851430847e-09,7.81946e-07,7.81946e-07,1.213746034816248e-07,False,False,False,0,False,,,-2.0747381897469794,3.0,False,False,,,weekly,10.0,sigma,computed,/home/lkoo/projects/AutomationDetection/DownloadedLC/incremental/quiescent_background_cache.csv,,,,,,False,not_in_flare_streak
4FGL J0841.3+7053,228,229,57126.00001157408,8.38e-08,3.12e-08,5.76e-08,1.3804070476190473e-07,1.213746034816248e-07,1.5405174851430847e-09,1.213746034816248e-07,1.5405174851430847e-09,7.81946e-07,7.81946e-07,1.213746034816248e-07,True,False,False,0,False,,,-1.2028488664492143,3.0,False,False,,,weekly,10.0,sigma,computed,/home/lkoo/projects/AutomationDetection/DownloadedLC/incremental/quiescent_background_cache.csv,,,,,,False,not_in_flare_streak
4FGL J0841.3+7053,229,230,57133.00001157408,1.25e-07,3.23e-08,8.38e-08,1.3804070476190473e-07,1.213746034816248e-07,1.5405174851430847e-09,1.213746034816248e-07,1.5405174851430847e-09,7.81946e-07,7.81946e-07,1.213746034816248e-07,True,True,False,0,False,,,0.11211393672290784,3.0,False,False,,,weekly,10.0,sigma,computed,/home/lkoo/projects/AutomationDetection/DownloadedLC/incremental/quiescent_background_cache.csv,,,,,,False,not_in_flare_streak
4FGL J0841.3+7053,230,231,57140.00001157408,1.16e-07,3.38e-08,1.25e-07,1.3804070476190473e-07,1.213746034816248e-07,1.5405174851430847e-09,1.213746034816248e-07,1.5405174851430847e-09,7.81946e-07,7.81946e-07,1.213746034816248e-07,False,False,False,0,False,,,-0.15884703620098206,3.0,False,False,,,weekly,10.0,sigma,computed,/home/lkoo/projects/AutomationDetection/DownloadedLC/incremental/quiescent_background_cache.csv,,,,,,False,not_in_flare_streak
4FGL J0841.3+7053,231,232,57147.00001157408,2.24e-07,4.22e-08,1.16e-07,1.3804070476190473e-07,1.213746034816248e-07,1.5405174851430847e-09,1.213746034816248e-07,1.5405174851430847e-09,7.81946e-07,7.81946e-07,1.213746034816248e-07,True,True,False,0,False,,,2.4302626573116592,3.0,False,False,,,weekly,10.0,sigma,computed,/home/lkoo/projects/AutomationDetection/DownloadedLC/incremental/quiescent_background_cache.csv,,,,,,False,not_in_flare_streak
4FGL J0841.3+7053,232,233,57154.00001157408,1.68e-07,3.45e-08,2.24e-07,1.3804070476190473e-07,1.213746034816248e-07,1.5405174851430847e-09,1.213746034816248e-07,1.5405174851430847e-09,7.81946e-07,7.81946e-07,1.213746034816248e-07,False,True,False,0,False,,,1.350115467008431,3.0,False,False,,,weekly,10.0,sigma,computed,/home/lkoo/projects/AutomationDetection/DownloadedLC/incremental/quiescent_background_cache.csv,,,,,,False,not_in_flare_streak
4FGL J0841.3+7053,233,234,57161.00001157408,1.75e-07,3.43e-08,1.68e-07,1.3804070476190473e-07,1.213746034816248e-07,1.5405174851430847e-09,1.213746034816248e-07,1.5405174851430847e-09,7.81946e-07,7.81946e-07,1.213746034816248e-07,True,True,False,0,False,,,1.561848166832853,3.0,False,False,,,weekly,10.0,sigma,computed,/home/lkoo/projects/AutomationDetection/DownloadedLC/incremental/quiescent_background_cache.csv,,,,,,False,not_in_flare_streak
4FGL J0841.3+7053,234,235,57168.00001157408,1e-07,3.11e-08,1.75e-07,1.3804070476190473e-07,1.213746034816248e-07,1.5405174851430847e-09,1.213746034816248e-07,1.5405174851430847e-09,7.81946e-07,7.81946e-07,1.213746034816248e-07,False,False,False,0,False,,,-0.6864446543168874,3.0,False,False,,,weekly,10.0,sigma,computed,/home/lkoo/projects/AutomationDetection/DownloadedLC/incremental/quiescent_background_cache.csv,,,,,,False,not_in_flare_streak
4FGL J0841.3+7053,235,236,57175.00001157408,1.06e-07,3.04e-08,1e-07,1.3804070476190473e-07,1.213746034816248e-07,1.5405174851430847e-09,1.213746034816248e-07,1.5405174851430847e-09,7.81946e-07,7.81946e-07,1.213746034816248e-07,True,False,False,0,False,,,-0.5050954221953552,3.0,False,False,,,weekly,10.0,sigma,computed,/home/lkoo/projects/AutomationDetection/DownloadedLC/incremental/quiescent_background_cache.csv,,,,,,False,not_in_flare_streak
4FGL J0841.3+7053,236,237,57182.00001157408,2.79e-07,3.89e-08,1.06e-07,1.3804070476190473e-07,1.213746034816248e-07,1.5405174851430847e-09,1.213746034816248e-07,1.5405174851430847e-09,7.81946e-07,7.81946e-07,1.213746034816248e-07,True,True,False,0,False,,,4.048893016992378,3.0,True,True,57182.00001157408,57182.00001157408,weekly,10.0,sigma,computed,/home/lkoo/projects/AutomationDetection/DownloadedLC/incremental/quiescent_background_cache.csv,,,,,,False,not_in_flare_streak
4FGL J0841.3+7053,237,238,57189.00001157408,2.81e-07,4.26e-08,2.79e-07,1.3804070476190473e-07,1.213746034816248e-07,1.5405174851430847e-09,1.213746034816248e-07,1.5405174851430847e-09,7.81946e-07,7.81946e-07,1.213746034816248e-07,True,True,False,0,False,,,3.744627377482201,3.0,True,True,57182.00001157408,57189.00001157408,weekly,10.0,sigma,computed,/home/lkoo/projects/AutomationDetection/DownloadedLC/incremental/quiescent_background_cache.csv,,,,,,False,not_in_flare_streak
4FGL J0841.3+7053,238,239,57196.00001157408,3.11e-07,4.5e-08,2.81e-07,1.3804070476190473e-07,1.213746034816248e-07,1.5405174851430847e-09,1.213746034816248e-07,1.5405174851430847e-09,7.81946e-07,7.81946e-07,1.213746034816248e-07,True,True,False,0,False,,,4.211430634760906,3.0,True,True,57182.00001157408,57196.00001157408,weekly,10.0,sigma,computed,/home/lkoo/projects/AutomationDetection/DownloadedLC/incremental/quiescent_background_cache.csv,,,,,,False,not_in_flare_streak
4FGL J0841.3+7053,239,240,57203.00001157408,2.44e-07,3.84e-08,3.11e-07,1.3804070476190473e-07,1.213746034816248e-07,1.5405174851430847e-09,1.213746034816248e-07,1.5405174851430847e-09,7.81946e-07,7.81946e-07,1.213746034816248e-07,False,True,False,0,False,,,3.190803053762178,3.0,True,True,57182.00001157408,57203.00001157408,weekly,10.0,sigma,computed,/home/lkoo/projects/AutomationDetection/DownloadedLC/incremental/quiescent_background_cache.csv,,,,,,False,not_in_flare_streak
4FGL J0841.3+7053,240,241,57210.00001157408,1.99e-07,3.7e-08,2.44e-07,1.3804070476190473e-07,1.213746034816248e-07,1.5405174851430847e-09,1.213746034816248e-07,1.5405174851430847e-09,7.81946e-07,7.81946e-07,1.213746034816248e-07,False,True,False,0,False,,,2.0961675981638996,3.0,False,True,57182.00001157408,57210.00001157408,weekly,10.0,sigma,computed,/home/lkoo/projects/AutomationDetection/DownloadedLC/incremental/quiescent_background_cache.csv,,,,,,False,not_in_flare_streak
4FGL J0841.3+7053,241,242,57217.00001157408,1.5e-07,3.45e-08,1.99e-07,1.3804070476190473e-07,1.213746034816248e-07,1.5405174851430847e-09,1.213746034816248e-07,1.5405174851430847e-09,7.81946e-07,7.81946e-07,1.213746034816248e-07,False,True,False,0,False,,,0.8288956979374218,3.0,False,True,57182.00001157408,57217.00001157408,weekly,10.0,sigma,computed,/home/lkoo/projects/AutomationDetection/DownloadedLC/incremental/quiescent_background_cache.csv,,,,,,False,not_in_flare_streak
4FGL J0841.3+7053,242,243,57224.00001157408,3.62e-07,4.27e-08,1.5e-07,1.3804070476190473e-07,1.213746034816248e-07,1.5405174851430847e-09,1.213746034816248e-07,1.5405174851430847e-09,7.81946e-07,7.81946e-07,1.213746034816248e-07,True,True,False,0,False,,,5.63159134018726,3.0,True,True,57182.00001157408,57224.00001157408,weekly,10.0,sigma,computed,/home/lkoo/projects/AutomationDetection/DownloadedLC/incremental/quiescent_background_cache.csv,,,,,,False,not_in_flare_streak
4FGL J0841.3+7053,243,244,57231.00001157408,1.66e-06,7.5e-08,3.62e-07,1.3804070476190473e-07,1.213746034816248e-07,1.5405174851430847e-09,1.213746034816248e-07,1.5405174851430847e-09,7.81946e-07,7.81946e-07,1.213746034816248e-07,True,True,False,0,False,,,20.510679003370722,3.0,True,True,57182.00001157408,57231.00001157408,weekly,10.0,sigma,computed,/home/lkoo/projects/AutomationDetection/DownloadedLC/incremental/quiescent_background_cache.csv,,,,,,False,not_in_flare_streak
4FGL J0841.3+7053,244,245,57238.00001157408,5.01e-07,5.12e-08,1.66e-06,1.3804070476190473e-07,1.213746034816248e-07,1.5405174851430847e-09,1.213746034816248e-07,1.5405174851430847e-09,7.81946e-07,7.81946e-07,1.213746034816248e-07,False,True,False,0,False,,,7.4112045965496325,3.0,True,True,57182.00001157408,57238.00001157408,weekly,10.0,sigma,computed,/home/lkoo/projects/AutomationDetection/DownloadedLC/incremental/quiescent_background_cache.csv,,,,,,False,not_in_flare_streak
4FGL J0841.3+7053,245,246,57245.00001157408,1.62e-07,3.56e-08,5.01e-07,1.3804070476190473e-07,1.213746034816248e-07,1.5405174851430847e-09,1.213746034816248e-07,1.5405174851430847e-09,7.81946e-07,7.81946e-07,1.213746034816248e-07,False,True,False,0,False,,,1.1400958799029675,3.0,False,True,57182.00001157408,57245.00001157408,weekly,10.0,sigma,computed,/home/lkoo/projects/AutomationDetection/DownloadedLC/incremental/quiescent_background_cache.csv,,,,,,False,not_in_flare_streak
4FGL J0841.3+7053,246,247,57252.00001157408,1.81e-07,3.59e-08,1.62e-07,1.3804070476190473e-07,1.213746034816248e-07,1.5405174851430847e-09,1.213746034816248e-07,1.5405174851430847e-09,7.81946e-07,7.81946e-07,1.213746034816248e-07,True,True,False,0,False,,,1.6593475094922991,3.0,False,True,57182.00001157408,57252.00001157408,weekly,10.0,sigma,computed,/home/lkoo/projects/AutomationDetection/DownloadedLC/incremental/quiescent_background_cache.csv,,,,,,False,not_in_flare_streak
4FGL J0841.3+7053,247,248,57259.00001157408,1.7e-07,3.56e-08,1.81e-07,1.3804070476190473e-07,1.213746034816248e-07,1.5405174851430847e-09,1.213746034816248e-07,1.5405174851430847e-09,7.81946e-07,7.81946e-07,1.213746034816248e-07,False,True,False,0,False,,,1.3646048772514199,3.0,False,True,57182.00001157408,57259.00001157408,weekly,10.0,sigma,computed,/home/lkoo/projects/AutomationDetection/DownloadedLC/incremental/quiescent_background_cache.csv,,,,,,False,not_in_flare_streak
4FGL J0841.3+7053,248,249,57266.00001157408,2.73e-07,3.92e-08,1.7e-07,1.3804070476190473e-07,1.213746034816248e-07,1.5405174851430847e-09,1.213746034816248e-07,1.5405174851430847e-09,7.81946e-07,7.81946e-07,1.213746034816248e-07,True,True,False,0,False,,,3.8650113896163862,3.0,True,True,57182.00001157408,57266.00001157408,weekly,10.0,sigma,computed,/home/lkoo/projects/AutomationDetection/DownloadedLC/incremental/quiescent_background_cache.csv,,,,,,False,not_in_flare_streak
4FGL J0841.3+7053,249,250,57273.00001157408,2.98e-07,4.35e-08,2.73e-07,1.3804070476190473e-07,1.213746034816248e-07,1.5405174851430847e-09,1.213746034816248e-07,1.5405174851430847e-09,7.81946e-07,7.81946e-07,1.213746034816248e-07,True,True,False,0,False,,,4.057810158114647,3.0,True,True,57182.00001157408,57273.00001157408,weekly,10.0,sigma,computed,/home/lkoo/projects/AutomationDetection/DownloadedLC/incremental/quiescent_background_cache.csv,,,,,,False,not_in_flare_streak
4FGL J0841.3+7053,250,251,57280.00001157408,2.96e-07,4.28e-08,2.98e-07,1.3804070476190473e-07,1.213746034816248e-07,1.5405174851430847e-09,1.213746034816248e-07,1.5405174851430847e-09,7.81946e-07,7.81946e-07,1.213746034816248e-07,False,True,False,0,False,,,4.077392302416485,3.0,True,True,57182.00001157408,57280.00001157408,weekly,10.0,sigma,computed,/home/lkoo/projects/AutomationDetection/DownloadedLC/incremental/quiescent_background_cache.csv,,,,,,False,not_in_flare_streak
4FGL J0841.3+7053,251,252,57287.00001157408,8.49e-08,3.04e-08,2.96e-07,1.3804070476190473e-07,1.213746034816248e-07,1.5405174851430847e-09,1.213746034816248e-07,1.5405174851430847e-09,7.81946e-07,7.81946e-07,1.213746034816248e-07,False,False,False,0,False,,,-1.1982849032157594,3.0,False,False,,,weekly,10.0,sigma,computed,/home/lkoo/projects/AutomationDetection/DownloadedLC/incremental/quiescent_background_cache.csv,,,,,,False,not_in_flare_streak
4FGL J0841.3+7053,252,253,57294.00001157408,2.45e-07,3.93e-08,8.49e-08,1.3804070476190473e-07,1.213746034816248e-07,1.5405174851430847e-09,1.213746034816248e-07,1.5405174851430847e-09,7.81946e-07,7.81946e-07,1.213746034816248e-07,True,True,False,0,False,,,3.1432704124974116,3.0,True,True,57294.00001157408,57294.00001157408,weekly,10.0,sigma,computed,/home/lkoo/projects/AutomationDetection/DownloadedLC/incremental/quiescent_background_cache.csv,,,,,,False,not_in_flare_streak
4FGL J0841.3+7053,253,254,57301.00001157408,3.81e-07,4.6e-08,2.45e-07,1.3804070476190473e-07,1.213746034816248e-07,1.5405174851430847e-09,1.213746034816248e-07,1.5405174851430847e-09,7.81946e-07,7.81946e-07,1.213746034816248e-07,True,True,False,0,False,,,5.6408679953498995,3.0,True,True,57294.00001157408,57301.00001157408,weekly,10.0,sigma,computed,/home/lkoo/projects/AutomationDetection/DownloadedLC/incremental/quiescent_background_cache.csv,,,,,,False,not_in_flare_streak
4FGL J0841.3+7053,254,255,57308.00001157408,4.56e-07,4.8e-08,3.81e-07,1.3804070476190473e-07,1.213746034816248e-07,1.5405174851430847e-09,1.213746034816248e-07,1.5405174851430847e-09,7.81946e-07,7.81946e-07,1.213746034816248e-07,True,True,False,0,False,,,6.967774834942098,3.0,True,True,57294.00001157408,57308.00001157408,weekly,10.0,sigma,computed,/home/lkoo/projects/AutomationDetection/DownloadedLC/incremental/quiescent_background_cache.csv,,,,,,False,not_in_flare_streak
4FGL J0841.3+7053,255,256,57315.00001157408,6.91e-07,5.46e-08,4.56e-07,1.3804070476190473e-07,1.213746034816248e-07,1.5405174851430847e-09,1.213746034816248e-07,1.5405174851430847e-09,7.81946e-07,7.81946e-07,1.213746034816248e-07,True,True,False,0,False,,,10.428549499341756,3.0,True,True,57294.00001157408,57315.00001157408,weekly,10.0,sigma,computed,/home/lkoo/projects/AutomationDetection/DownloadedLC/incremental/quiescent_background_cache.csv,,,,,,False,not_in_flare_streak
4FGL J0841.3+7053,256,257,57322.00001157408,1.01e-06,6.17e-08,6.91e-07,1.3804070476190473e-07,1.213746034816248e-07,1.5405174851430847e-09,1.213746034816248e-07,1.5405174851430847e-09,7.81946e-07,7.81946e-07,1.213746034816248e-07,True,True,False,0,False,,,14.397869430793534,3.0,True,True,57294.00001157408,57322.00001157408,weekly,10.0,sigma,computed,/home/lkoo/projects/AutomationDetection/DownloadedLC/incremental/quiescent_background_cache.csv,,,,,,False,not_in_flare_streak
4FGL J0841.3+7053,257,258,57329.00001157408,1.31e-06,6.69e-08,1.01e-06,1.3804070476190473e-07,1.213746034816248e-07,1.5405174851430847e-09,1.213746034816248e-07,1.5405174851430847e-09,7.81946e-07,7.81946e-07,1.213746034816248e-07,True,True,False,0,False,,,17.76248710351354,3.0,True,True,57294.00001157408,57329.00001157408,weekly,10.0,sigma,computed,/home/lkoo/projects/AutomationDetection/DownloadedLC/incremental/quiescent_background_cache.csv,,,,,,False,not_in_flare_streak
4FGL J0841.3+7053,258,259,57336.00001157408,2.6e-06,8.83e-08,1.31e-06,1.3804070476190473e-07,1.213746034816248e-07,1.5405174851430847e-09,1.213746034816248e-07,1.5405174851430847e-09,7.81946e-07,7.81946e-07,1.213746034816248e-07,True,True,False,0,False,,,28.06623175884981,3.0,True,True,57294.00001157408,57336.00001157408,weekly,10.0,sigma,computed,/home/lkoo/projects/AutomationDetection/DownloadedLC/incremental/quiescent_background_cache.csv,,,,,,False,not_in_flare_streak
4FGL J0841.3+7053,259,260,57343.00001157408,5.57e-07,5.06e-08,2.6e-06,1.3804070476190473e-07,1.213746034816248e-07,1.5405174851430847e-09,1.213746034816248e-07,1.5405174851430847e-09,7.81946e-07,7.81946e-07,1.213746034816248e-07,False,True,False,0,False,,,8.605210404583582,3.0,True,True,57294.00001157408,57343.00001157408,weekly,10.0,sigma,computed,/home/lkoo/projects/AutomationDetection/DownloadedLC/incremental/quiescent_background_cache.csv,,,,,,False,not_in_flare_streak
4FGL J0841.3+7053,260,261,57350.00001157408,7.42e-07,5.57e-08,5.57e-07,1.3804070476190473e-07,1.213746034816248e-07,1.5405174851430847e-09,1.213746034816248e-07,1.5405174851430847e-09,7.81946e-07,7.81946e-07,1.213746034816248e-07,True,True,False,0,False,,,11.138028087476826,3.0,True,True,57294.00001157408,57350.00001157408,weekly,10.0,sigma,computed,/home/lkoo/projects/AutomationDetection/DownloadedLC/incremental/quiescent_background_cache.csv,,,,,,False,not_in_flare_streak
4FGL J0841.3+7053,261,262,57357.00001157408,7.97e-07,5.76e-08,7.42e-07,1.3804070476190473e-07,1.213746034816248e-07,1.5405174851430847e-09,1.213746034816248e-07,1.5405174851430847e-09,7.81946e-07,7.81946e-07,1.213746034816248e-07,True,True,False,0,False,,,11.725414732820251,3.0,True,True,57294.00001157408,57357.00001157408,weekly,10.0,sigma,computed,/home/lkoo/projects/AutomationDetection/DownloadedLC/incremental/quiescent_background_cache.csv,,,,,,False,not_in_flare_streak
4FGL J0841.3+7053,262,263,57364.00001157408,4.14e-07,4.48e-08,7.97e-07,1.3804070476190473e-07,1.213746034816248e-07,1.5405174851430847e-09,1.213746034816248e-07,1.5405174851430847e-09,7.81946e-07,7.81946e-07,1.213746034816248e-07,False,True,False,0,False,,,6.527958583786243,3.0,True,True,57294.00001157408,57364.00001157408,weekly,10.0,sigma,computed,/home/lkoo/projects/AutomationDetection/DownloadedLC/incremental/quiescent_background_cache.csv,,,,,,False,not_in_flare_streak
4FGL J0841.3+7053,263,264,57371.00001157408,5.38e-07,4.71e-08,4.14e-07,1.3804070476190473e-07,1.213746034816248e-07,1.5405174851430847e-09,1.213746034816248e-07,1.5405174851430847e-09,7.81946e-07,7.81946e-07,1.213746034816248e-07,True,True,False,0,False,,,8.840822249461626,3.0,True,True,57294.00001157408,57371.00001157408,weekly,10.0,sigma,computed,/home/lkoo/projects/AutomationDetection/DownloadedLC/incremental/quiescent_background_cache.csv,,,,,,False,not_in_flare_streak
4FGL J0841.3+7053,264,265,57378.00001157408,2.04e-07,3.58e-08,5.38e-07,1.3804070476190473e-07,1.213746034816248e-07,1.5405174851430847e-09,1.213746034816248e-07,1.5405174851430847e-09,7.81946e-07,7.81946e-07,1.213746034816248e-07,False,True,False,0,False,,,2.3058381137113977,3.0,False,True,57294.00001157408,57378.00001157408,weekly,10.0,sigma,computed,/home/lkoo/projects/AutomationDetection/DownloadedLC/incremental/quiescent_background_cache.csv,,,,,,False,not_in_flare_streak
4FGL J0841.3+7053,265,266,57385.00001157408,1.97e-07,3.64e-08,2.04e-07,1.3804070476190473e-07,1.213746034816248e-07,1.5405174851430847e-09,1.213746034816248e-07,1.5405174851430847e-09,7.81946e-07,7.81946e-07,1.213746034816248e-07,False,True,False,0,False,,,2.0757626203028767,3.0,False,True,57294.00001157408,57385.00001157408,weekly,10.0,sigma,computed,/home/lkoo/projects/AutomationDetection/DownloadedLC/incremental/quiescent_background_cache.csv,,,,,,False,not_in_flare_streak
4FGL J0841.3+7053,266,267,57392.00001157408,2.52e-07,4.19e-08,1.97e-07,1.3804070476190473e-07,1.213746034816248e-07,1.5405174851430847e-09,1.213746034816248e-07,1.5405174851430847e-09,7.81946e-07,7.81946e-07,1.213746034816248e-07,True,True,False,0,False,,,3.1154462455917167,3.0,True,True,57294.00001157408,57392.00001157408,weekly,10.0,sigma,computed,/home/lkoo/projects/AutomationDetection/DownloadedLC/incremental/quiescent_background_cache.csv,,,,,,False,not_in_flare_streak
4FGL J0841.3+7053,267,268,57399.00001157408,2.13e-07,3.91e-08,2.52e-07,1.3804070476190473e-07,1.213746034816248e-07,1.5405174851430847e-09,1.213746034816248e-07,1.5405174851430847e-09,7.81946e-07,7.81946e-07,1.213746034816248e-07,False,True,False,0,False,,,2.341543823155334,3.0,False,True,57294.00001157408,57399.00001157408,weekly,10.0,sigma,computed,/home/lkoo/projects/AutomationDetection/DownloadedLC/incremental/quiescent_background_cache.csv,,,,,,False,not_in_flare_streak
4FGL J0841.3+7053,268,269,57406.00001157408,2.92e-07,4.17e-08,2.13e-07,1.3804070476190473e-07,1.213746034816248e-07,1.5405174851430847e-09,1.213746034816248e-07,1.5405174851430847e-09,7.81946e-07,7.81946e-07,1.213746034816248e-07,True,True,False,0,False,,,4.088946832084426,3.0,True,True,57294.00001157408,57406.00001157408,weekly,10.0,sigma,computed,/home/lkoo/projects/AutomationDetection/DownloadedLC/incremental/quiescent_background_cache.csv,,,,,,False,not_in_flare_streak
4FGL J0841.3+7053,269,270,57413.00001157408,4.34e-07,4.91e-08,2.92e-07,1.3804070476190473e-07,1.213746034816248e-07,1.5405174851430847e-09,1.213746034816248e-07,1.5405174851430847e-09,7.81946e-07,7.81946e-07,1.213746034816248e-07,True,True,False,0,False,,,6.363984445606835,3.0,True,True,57294.00001157408,57413.00001157408,weekly,10.0,sigma,computed,/home/lkoo/projects/AutomationDetection/DownloadedLC/incremental/quiescent_background_cache.csv,,,,,,False,not_in_flare_streak
4FGL J0841.3+7053,270,271,57420.00001157408,2.68e-07,3.96e-08,4.34e-07,1.3804070476190473e-07,1.213746034816248e-07,1.5405174851430847e-09,1.213746034816248e-07,1.5405174851430847e-09,7.81946e-07,7.81946e-07,1.213746034816248e-07,False,True,False,0,False,,,3.6998629702031125,3.0,True,True,57294.00001157408,57420.00001157408,weekly,10.0,sigma,computed,/home/lkoo/projects/AutomationDetection/DownloadedLC/incremental/quiescent_background_cache.csv,,,,,,False,not_in_flare_streak
4FGL J0841.3+7053,271,272,57427.00001157408,3.95e-07,4.61e-08,2.68e-07,1.3804070476190473e-07,1.213746034816248e-07,1.5405174851430847e-09,1.213746034816248e-07,1.5405174851430847e-09,7.81946e-07,7.81946e-07,1.213746034816248e-07,True,True,False,0,False,,,5.93216371816504,3.0,True,True,57294.00001157408,57427.00001157408,weekly,10.0,sigma,computed,/home/lkoo/projects/AutomationDetection/DownloadedLC/incremental/quiescent_background_cache.csv,,,,,,False,not_in_flare_streak
4FGL J0841.3+7053,272,273,57434.00001157408,3.62e-07,4.23e-08,3.95e-07,1.3804070476190473e-07,1.213746034816248e-07,1.5405174851430847e-09,1.213746034816248e-07,1.5405174851430847e-09,7.81946e-07,7.81946e-07,1.213746034816248e-07,False,True,False,0,False,,,5.684774950233686,3.0,True,True,57294.00001157408,57434.00001157408,weekly,10.0,sigma,computed,/home/lkoo/projects/AutomationDetection/DownloadedLC/incremental/quiescent_background_cache.csv,,,,,,False,not_in_flare_streak
4FGL J0841.3+7053,273,274,57441.00001157408,4.31e-07,4.47e-08,3.62e-07,1.3804070476190473e-07,1.213746034816248e-07,1.5405174851430847e-09,1.213746034816248e-07,1.5405174851430847e-09,7.81946e-07,7.81946e-07,1.213746034816248e-07,True,True,False,0,False,,,6.92263275746203,3.0,True,True,57294.00001157408,57441.00001157408,weekly,10.0,sigma,computed,/home/lkoo/projects/AutomationDetection/DownloadedLC/incremental/quiescent_background_cache.csv,,,,,,False,not_in_flare_streak
4FGL J0841.3+7053,274,275,57448.00001157408,3.29e-07,4.18e-08,4.31e-07,1.3804070476190473e-07,1.213746034816248e-07,1.5405174851430847e-09,1.213746034816248e-07,1.5405174851430847e-09,7.81946e-07,7.81946e-07,1.213746034816248e-07,False,True,False,0,False,,,4.963744882235923,3.0,True,True,57294.00001157408,57448.00001157408,weekly,10.0,sigma,computed,/home/lkoo/projects/AutomationDetection/DownloadedLC/incremental/quiescent_background_cache.csv,,,,,,False,not_in_flare_streak
4FGL J0841.3+7053,275,276,57455.00001157408,5.11e-07,4.83e-08,3.29e-07,1.3804070476190473e-07,1.213746034816248e-07,1.5405174851430847e-09,1.213746034816248e-07,1.5405174851430847e-09,7.81946e-07,7.81946e-07,1.213746034816248e-07,True,True,False,0,False,,,8.062678451686685,3.0,True,True,57294.00001157408,57455.00001157408,weekly,10.0,sigma,computed,/home/lkoo/projects/AutomationDetection/DownloadedLC/incremental/quiescent_background_cache.csv,,,,,,False,not_in_flare_streak
4FGL J0841.3+7053,276,277,57462.00001157408,4.8e-07,4.95e-08,5.11e-07,1.3804070476190473e-07,1.213746034816248e-07,1.5405174851430847e-09,1.213746034816248e-07,1.5405174851430847e-09,7.81946e-07,7.81946e-07,1.213746034816248e-07,False,True,False,0,False,,,7.2414514936059575,3.0,True,True,57294.00001157408,57462.00001157408,weekly,10.0,sigma,computed,/home/lkoo/projects/AutomationDetection/DownloadedLC/incremental/quiescent_background_cache.csv,,,,,,False,not_in_flare_streak
4FGL J0841.3+7053,277,278,57469.00001157408,2.5e-07,3.88e-08,4.8e-07,1.3804070476190473e-07,1.213746034816248e-07,1.5405174851430847e-09,1.213746034816248e-07,1.5405174851430847e-09,7.81946e-07,7.81946e-07,1.213746034816248e-07,False,True,False,0,False,,,3.31247765204775,3.0,True,True,57294.00001157408,57469.00001157408,weekly,10.0,sigma,computed,/home/lkoo/projects/AutomationDetection/DownloadedLC/incremental/quiescent_background_cache.csv,,,,,,False,not_in_flare_streak
4FGL J0841.3+7053,278,279,57476.00001157408,1.63e-07,3.37e-08,2.5e-07,1.3804070476190473e-07,1.213746034816248e-07,1.5405174851430847e-09,1.213746034816248e-07,1.5405174851430847e-09,7.81946e-07,7.81946e-07,1.213746034816248e-07,False,True,False,0,False,,,1.2338864485161196,3.0,False,True,57294.00001157408,57476.00001157408,weekly,10.0,sigma,computed,/home/lkoo/projects/AutomationDetection/DownloadedLC/incremental/quiescent_background_cache.csv,,,,,,False,not_in_flare_streak
4FGL J0841.3+7053,279,280,57483.00001157408,8.38e-08,3.06e-08,1.63e-07,1.3804070476190473e-07,1.213746034816248e-07,1.5405174851430847e-09,1.213746034816248e-07,1.5405174851430847e-09,7.81946e-07,7.81946e-07,1.213746034816248e-07,False,False,False,0,False,,,-1.226375084748614,3.0,False,False,,,weekly,10.0,sigma,computed,/home/lkoo/projects/AutomationDetection/DownloadedLC/incremental/quiescent_background_cache.csv,,,,,,False,not_in_flare_streak
4FGL J0841.3+7053,280,281,57490.00001157408,1.54e-07,3.56e-08,8.38e-08,1.3804070476190473e-07,1.213746034816248e-07,1.5405174851430847e-09,1.213746034816248e-07,1.5405174851430847e-09,7.81946e-07,7.81946e-07,1.213746034816248e-07,True,True,False,0,False,,,0.9155868825545149,3.0,False,False,,,weekly,10.0,sigma,computed,/home/lkoo/projects/AutomationDetection/DownloadedLC/incremental/quiescent_background_cache.csv,,,,,,False,not_in_flare_streak
4FGL J0841.3+7053,281,282,57497.00001157408,1.81e-07,3.46e-08,1.54e-07,1.3804070476190473e-07,1.213746034816248e-07,1.5405174851430847e-09,1.213746034816248e-07,1.5405174851430847e-09,7.81946e-07,7.81946e-07,1.213746034816248e-07,True,True,False,0,False,,,1.7215718190272011,3.0,False,False,,,weekly,10.0,sigma,computed,/home/lkoo/projects/AutomationDetection/DownloadedLC/incremental/quiescent_background_cache.csv,,,,,,False,not_in_flare_streak
4FGL J0841.3+7053,282,283,57504.00001157408,2.4e-07,3.7e-08,1.81e-07,1.3804070476190473e-07,1.213746034816248e-07,1.5405174851430847e-09,1.213746034816248e-07,1.5405174851430847e-09,7.81946e-07,7.81946e-07,1.213746034816248e-07,True,True,False,0,False,,,3.2033164873083924,3.0,True,True,57504.00001157408,57504.00001157408,weekly,10.0,sigma,computed,/home/lkoo/projects/AutomationDetection/DownloadedLC/incremental/quiescent_background_cache.csv,,,,,,False,not_in_flare_streak
4FGL J0841.3+7053,283,284,57511.00001157408,2.58e-07,4.06e-08,2.4e-07,1.3804070476190473e-07,1.213746034816248e-07,1.5405174851430847e-09,1.213746034816248e-07,1.5405174851430847e-09,7.81946e-07,7.81946e-07,1.213746034816248e-07,True,True,False,0,False,,,3.3627377024113985,3.0,True,True,57504.00001157408,57511.00001157408,weekly,10.0,sigma,computed,/home/lkoo/projects/AutomationDetection/DownloadedLC/incremental/quiescent_background_cache.csv,,,,,,False,not_in_flare_streak
4FGL J0841.3+7053,284,285,57518.00001157408,1.52e-07,3.42e-08,2.58e-07,1.3804070476190473e-07,1.213746034816248e-07,1.5405174851430847e-09,1.213746034816248e-07,1.5405174851430847e-09,7.81946e-07,7.81946e-07,1.213746034816248e-07,False,True,False,0,False,,,0.8945723486766424,3.0,False,True,57504.00001157408,57518.00001157408,weekly,10.0,sigma,computed,/home/lkoo/projects/AutomationDetection/DownloadedLC/incremental/quiescent_background_cache.csv,,,,,,False,not_in_flare_streak
4FGL J0841.3+7053,285,286,57525.00001157408,9.44e-08,2.86e-08,1.52e-07,1.3804070476190473e-07,1.213746034816248e-07,1.5405174851430847e-09,1.213746034816248e-07,1.5405174851430847e-09,7.81946e-07,7.81946e-07,1.213746034816248e-07,False,False,False,0,False,,,-0.9418026904641047,3.0,False,False,,,weekly,10.0,sigma,computed,/home/lkoo/projects/AutomationDetection/DownloadedLC/incremental/quiescent_background_cache.csv,,,,,,False,not_in_flare_streak
4FGL J0841.3+7053,286,287,57532.00001157408,1.45e-07,3.37e-08,9.44e-08,1.3804070476190473e-07,1.213746034816248e-07,1.5405174851430847e-09,1.213746034816248e-07,1.5405174851430847e-09,7.81946e-07,7.81946e-07,1.213746034816248e-07,True,True,False,0,False,,,0.7003190129846467,3.0,False,False,,,weekly,10.0,sigma,computed,/home/lkoo/projects/AutomationDetection/DownloadedLC/incremental/quiescent_background_cache.csv,,,,,,False,not_in_flare_streak
4FGL J0841.3+7053,287,288,57539.00001157408,1.52e-07,3.65e-08,1.45e-07,1.3804070476190473e-07,1.213746034816248e-07,1.5405174851430847e-09,1.213746034816248e-07,1.5405174851430847e-09,7.81946e-07,7.81946e-07,1.213746034816248e-07,True,True,False,0,False,,,0.8383056367131401,3.0,False,False,,,weekly,10.0,sigma,computed,/home/lkoo/projects/AutomationDetection/DownloadedLC/incremental/quiescent_background_cache.csv,,,,,,False,not_in_flare_streak
4FGL J0841.3+7053,288,289,57546.00001157408,2.09e-07,3.98e-08,1.52e-07,1.3804070476190473e-07,1.213746034816248e-07,1.5405174851430847e-09,1.213746034816248e-07,1.5405174851430847e-09,7.81946e-07,7.81946e-07,1.213746034816248e-07,True,True,False,0,False,,,2.199995738732411,3.0,False,False,,,weekly,10.0,sigma,computed,/home/lkoo/projects/AutomationDetection/DownloadedLC/incremental/quiescent_background_cache.csv,,,,,,False,not_in_flare_streak
4FGL J0841.3+7053,289,290,57553.00001157408,2.05e-07,3.91e-08,2.09e-07,1.3804070476190473e-07,1.213746034816248e-07,1.5405174851430847e-09,1.213746034816248e-07,1.5405174851430847e-09,7.81946e-07,7.81946e-07,1.213746034816248e-07,False,True,False,0,False,,,2.1370988625107605,3.0,False,False,,,weekly,10.0,sigma,computed,/home/lkoo/projects/AutomationDetection/DownloadedLC/incremental/quiescent_background_cache.csv,,,,,,False,not_in_flare_streak
4FGL J0841.3+7053,290,291,57560.00001157408,9.9e-08,3.88e-08,2.05e-07,1.3804070476190473e-07,1.213746034816248e-07,1.5405174851430847e-09,1.213746034816248e-07,1.5405174851430847e-09,7.81946e-07,7.81946e-07,1.213746034816248e-07,False,False,False,0,False,,,-0.5762110439498151,3.0,False,False,,,weekly,10.0,sigma,computed,/home/lkoo/projects/AutomationDetection/DownloadedLC/incremental/quiescent_background_cache.csv,,,,,,False,not_in_flare_streak
4FGL J0841.3+7053,291,292,57567.00001157408,1.12e-07,2.96e-08,9.9e-08,1.3804070476190473e-07,1.213746034816248e-07,1.5405174851430847e-09,1.213746034816248e-07,1.5405174851430847e-09,7.81946e-07,7.81946e-07,1.213746034816248e-07,True,False,False,0,False,,,-0.31628152178224544,3.0,False,False,,,weekly,10.0,sigma,computed,/home/lkoo/projects/AutomationDetection/DownloadedLC/incremental/quiescent_background_cache.csv,,,,,,False,not_in_flare_streak
4FGL J0841.3+7053,292,293,57574.00001157408,1.06e-07,3.05e-08,1.12e-07,1.3804070476190473e-07,1.213746034816248e-07,1.5405174851430847e-09,1.213746034816248e-07,1.5405174851430847e-09,7.81946e-07,7.81946e-07,1.213746034816248e-07,False,False,False,0,False,,,-0.5034435926034265,3.0,False,False,,,weekly,10.0,sigma,computed,/home/lkoo/projects/AutomationDetection/DownloadedLC/incremental/quiescent_background_cache.csv,,,,,,False,not_in_flare_streak
4FGL J0841.3+7053,293,294,57581.00001157408,1.13e-07,3.29e-08,1.06e-07,1.3804070476190473e-07,1.213746034816248e-07,1.5405174851430847e-09,1.213746034816248e-07,1.5405174851430847e-09,7.81946e-07,7.81946e-07,1.213746034816248e-07,True,False,False,0,False,,,-0.2542686277251314,3.0,False,False,,,weekly,10.0,sigma,computed,/home/lkoo/projects/AutomationDetection/DownloadedLC/incremental/quiescent_background_cache.csv,,,,,,False,not_in_flare_streak
4FGL J0841.3+7053,294,295,57588.00001157408,1.6e-07,3.54e-08,1.13e-07,1.3804070476190473e-07,1.213746034816248e-07,1.5405174851430847e-09,1.213746034816248e-07,1.5405174851430847e-09,7.81946e-07,7.81946e-07,1.213746034816248e-07,True,True,False,0,False,,,1.0900812038444023,3.0,False,False,,,weekly,10.0,sigma,computed,/home/lkoo/projects/AutomationDetection/DownloadedLC/incremental/quiescent_background_cache.csv,,,,,,False,not_in_flare_streak
4FGL J0841.3+7053,295,296,57595.00001157408,1.35e-07,3.6e-08,1.6e-07,1.3804070476190473e-07,1.213746034816248e-07,1.5405174851430847e-09,1.213746034816248e-07,1.5405174851430847e-09,7.81946e-07,7.81946e-07,1.213746034816248e-07,False,True,False,0,False,,,0.3781371785637303,3.0,False,False,,,weekly,10.0,sigma,computed,/home/lkoo/projects/AutomationDetection/DownloadedLC/incremental/quiescent_background_cache.csv,,,,,,False,not_in_flare_streak
4FGL J0841.3+7053,296,297,57609.00001157408,9.65e-08,3.33e-08,1.35e-07,1.3804070476190473e-07,1.213746034816248e-07,1.5405174851430847e-09,1.213746034816248e-07,1.5405174851430847e-09,7.81946e-07,7.81946e-07,1.213746034816248e-07,False,False,False,0,False,,,-0.7461870391288424,3.0,False,False,,,weekly,10.0,sigma,computed,/home/lkoo/projects/AutomationDetection/DownloadedLC/incremental/quiescent_background_cache.csv,,,,,,False,not_in_flare_streak
4FGL J0841.3+7053,297,298,57616.00001157408,1.04e-07,3.47e-08,9.65e-08,1.3804070476190473e-07,1.213746034816248e-07,1.5405174851430847e-09,1.213746034816248e-07,1.5405174851430847e-09,7.81946e-07,7.81946e-07,1.213746034816248e-07,True,False,False,0,False,,,-0.5002163274892187,3.0,False,False,,,weekly,10.0,sigma,computed,/home/lkoo/projects/AutomationDetection/DownloadedLC/incremental/quiescent_background_cache.csv,,,,,,False,not_in_flare_streak
4FGL J0841.3+7053,298,299,57623.00001157408,7.29e-08,3.68e-08,1.04e-07,1.3804070476190473e-07,1.213746034816248e-07,1.5405174851430847e-09,1.213746034816248e-07,1.5405174851430847e-09,7.81946e-07,7.81946e-07,1.213746034816248e-07,False,False,False,0,False,,,-1.3160919931539359,3.0,False,False,,,weekly,10.0,sigma,computed,/home/lkoo/projects/AutomationDetection/DownloadedLC/incremental/quiescent_background_cache.csv,,,,,,False,not_in_flare_streak
4FGL J0841.3+7053,299,300,57637.00001157408,3.75e-08,2.38e-08,7.29e-08,1.3804070476190473e-07,1.213746034816248e-07,1.5405174851430847e-09,1.213746034816248e-07,1.5405174851430847e-09,7.81946e-07,7.81946e-07,1.213746034816248e-07,False,False,False,0,False,,,-3.5167836301892588,3.0,False,False,,,weekly,10.0,sigma,computed,/home/lkoo/projects/AutomationDetection/DownloadedLC/incremental/quiescent_background_cache.csv,,,,,,False,not_in_flare_streak
4FGL J0841.3+7053,300,301,57644.00001157408,8.65e-08,3.44e-08,3.75e-08,1.3804070476190473e-07,1.213746034816248e-07,1.5405174851430847e-09,1.213746034816248e-07,1.5405174851430847e-09,7.81946e-07,7.81946e-07,1.213746034816248e-07,True,False,False,0,False,,,-1.0127815694769147,3.0,False,False,,,weekly,10.0,sigma,computed,/home/lkoo/projects/AutomationDetection/DownloadedLC/incremental/quiescent_background_cache.csv,,,,,,False,not_in_flare_streak
4FGL J0841.3+7053,301,302,57651.00001157408,1.07e-07,4.48e-08,8.65e-08,1.3804070476190473e-07,1.213746034816248e-07,1.5405174851430847e-09,1.213746034816248e-07,1.5405174851430847e-09,7.81946e-07,7.81946e-07,1.213746034816248e-07,True,False,False,0,False,,,-0.32067215389660725,3.0,False,False,,,weekly,10.0,sigma,computed,/home/lkoo/projects/AutomationDetection/DownloadedLC/incremental/quiescent_background_cache.csv,,,,,,False,not_in_flare_streak
4FGL J0841.3+7053,302,303,57658.00001157408,8.88e-08,3.2e-08,1.07e-07,1.3804070476190473e-07,1.213746034816248e-07,1.5405174851430847e-09,1.213746034816248e-07,1.5405174851430847e-09,7.81946e-07,7.81946e-07,1.213746034816248e-07,False,False,False,0,False,,,-1.0167788114213574,3.0,False,False,,,weekly,10.0,sigma,computed,/home/lkoo/projects/AutomationDetection/DownloadedLC/incremental/quiescent_background_cache.csv,,,,,,False,not_in_flare_streak
4FGL J0841.3+7053,303,304,57721.00001157408,6.02e-08,2.77e-08,8.88e-08,1.3804070476190473e-07,1.213746034816248e-07,1.5405174851430847e-09,1.213746034816248e-07,1.5405174851430847e-09,7.81946e-07,7.81946e-07,1.213746034816248e-07,False,False,False,0,False,,,-2.2050619927713524,3.0,False,False,,,weekly,10.0,sigma,computed,/home/lkoo/projects/AutomationDetection/DownloadedLC/incremental/quiescent_background_cache.csv,,,,,,False,not_in_flare_streak
4FGL J0841.3+7053,304,305,57735.00001157408,6.12e-08,2.68e-08,6.02e-08,1.3804070476190473e-07,1.213746034816248e-07,1.5405174851430847e-09,1.213746034816248e-07,1.5405174851430847e-09,7.81946e-07,7.81946e-07,1.213746034816248e-07,True,False,False,0,False,,,-2.2416207205440952,3.0,False,False,,,weekly,10.0,sigma,computed,/home/lkoo/projects/AutomationDetection/DownloadedLC/incremental/quiescent_background_cache.csv,,,,,,False,not_in_flare_streak
4FGL J0841.3+7053,305,306,57742.00001157408,9.38e-08,3.12e-08,6.12e-08,1.3804070476190473e-07,1.213746034816248e-07,1.5405174851430847e-09,1.213746034816248e-07,1.5405174851430847e-09,7.81946e-07,7.81946e-07,1.213746034816248e-07,True,False,False,0,False,,,-0.8827260294810351,3.0,False,False,,,weekly,10.0,sigma,computed,/home/lkoo/projects/AutomationDetection/DownloadedLC/incremental/quiescent_background_cache.csv,,,,,,False,not_in_flare_streak
4FGL J0841.3+7053,306,307,57749.00001157408,1.08e-07,3.12e-08,9.38e-08,1.3804070476190473e-07,1.213746034816248e-07,1.5405174851430847e-09,1.213746034816248e-07,1.5405174851430847e-09,7.81946e-07,7.81946e-07,1.213746034816248e-07,True,False,False,0,False,,,-0.42815160098622107,3.0,False,False,,,weekly,10.0,sigma,computed,/home/lkoo/projects/AutomationDetection/DownloadedLC/incremental/quiescent_background_cache.csv,,,,,,False,not_in_flare_streak
4FGL J0841.3+7053,307,308,57756.00001157408,5.75e-08,3.25e-08,1.08e-07,1.3804070476190473e-07,1.213746034816248e-07,1.5405174851430847e-09,1.213746034816248e-07,1.5405174851430847e-09,7.81946e-07,7.81946e-07,1.213746034816248e-07,False,False,False,0,False,,,-1.9631682182509758,3.0,False,False,,,weekly,10.0,sigma,computed,/home/lkoo/projects/AutomationDetection/DownloadedLC/incremental/quiescent_background_cache.csv,,,,,,False,not_in_flare_streak
4FGL J0841.3+7053,308,309,57763.00001157408,6.18e-08,2.96e-08,5.75e-08,1.3804070476190473e-07,1.213746034816248e-07,1.5405174851430847e-09,1.213746034816248e-07,1.5405174851430847e-09,7.81946e-07,7.81946e-07,1.213746034816248e-07,True,False,False,0,False,,,-2.009935277334676,3.0,False,False,,,weekly,10.0,sigma,computed,/home/lkoo/projects/AutomationDetection/DownloadedLC/incremental/quiescent_background_cache.csv,,,,,,False,not_in_flare_streak
4FGL J0841.3+7053,309,310,57770.00001157408,1.85e-08,1.52e-08,6.18e-08,1.3804070476190473e-07,1.213746034816248e-07,1.5405174851430847e-09,1.213746034816248e-07,1.5405174851430847e-09,7.81946e-07,7.81946e-07,1.213746034816248e-07,False,False,False,0,False,,,-6.733571459923948,3.0,False,False,,,weekly,10.0,sigma,computed,/home/lkoo/projects/AutomationDetection/DownloadedLC/incremental/quiescent_background_cache.csv,,,,,,False,not_in_flare_streak
4FGL J0841.3+7053,310,311,57777.00001157408,5.87e-08,3.07e-08,1.85e-08,1.3804070476190473e-07,1.213746034816248e-07,1.5405174851430847e-09,1.213746034816248e-07,1.5405174851430847e-09,7.81946e-07,7.81946e-07,1.213746034816248e-07,True,False,False,0,False,,,-2.038952596671842,3.0,False,False,,,weekly,10.0,sigma,computed,/home/lkoo/projects/AutomationDetection/DownloadedLC/incremental/quiescent_background_cache.csv,,,,,,False,not_in_flare_streak
4FGL J0841.3+7053,311,312,57791.00001157408,6.19e-08,2.6e-08,5.87e-08,1.3804070476190473e-07,1.213746034816248e-07,1.5405174851430847e-09,1.213746034816248e-07,1.5405174851430847e-09,7.81946e-07,7.81946e-07,1.213746034816248e-07,True,False,False,0,False,,,-2.2834800203540384,3.0,False,False,,,weekly,10.0,sigma,computed,/home/lkoo/projects/AutomationDetection/DownloadedLC/incremental/quiescent_background_cache.csv,,,,,,False,not_in_flare_streak
4FGL J0841.3+7053,312,313,57805.00001157408,5.51e-08,4.09e-08,6.19e-08,1.3804070476190473e-07,1.213746034816248e-07,1.5405174851430847e-09,1.213746034816248e-07,1.5405174851430847e-09,7.81946e-07,7.81946e-07,1.213746034816248e-07,False,False,False,0,False,,,-1.6192577500713878,3.0,False,False,,,weekly,10.0,sigma,computed,/home/lkoo/projects/AutomationDetection/DownloadedLC/incremental/quiescent_background_cache.csv,,,,,,False,not_in_flare_streak
4FGL J0841.3+7053,313,314,57826.00001157408,5.02e-08,2.8e-08,5.51e-08,1.3804070476190473e-07,1.213746034816248e-07,1.5405174851430847e-09,1.213746034816248e-07,1.5405174851430847e-09,7.81946e-07,7.81946e-07,1.213746034816248e-07,False,False,False,0,False,,,-2.538111552900811,3.0,False,False,,,weekly,10.0,sigma,computed,/home/lkoo/projects/AutomationDetection/DownloadedLC/incremental/quiescent_background_cache.csv,,,,,,False,not_in_flare_streak
4FGL J0841.3+7053,314,315,57854.00001157408,5.47e-08,2.94e-08,5.02e-08,1.3804070476190473e-07,1.213746034816248e-07,1.5405174851430847e-09,1.213746034816248e-07,1.5405174851430847e-09,7.81946e-07,7.81946e-07,1.213746034816248e-07,True,False,False,0,False,,,-2.264736746787337,3.0,False,False,,,weekly,10.0,sigma,computed,/home/lkoo/projects/AutomationDetection/DownloadedLC/incremental/quiescent_background_cache.csv,,,,,,False,not_in_flare_streak
4FGL J0841.3+7053,315,316,57875.00001157408,4.37e-08,2.45e-08,5.47e-08,1.3804070476190473e-07,1.213746034816248e-07,1.5405174851430847e-09,1.213746034816248e-07,1.5405174851430847e-09,7.81946e-07,7.81946e-07,1.213746034816248e-07,False,False,False,0,False,,,-3.164143150520895,3.0,False,False,,,weekly,10.0,sigma,computed,/home/lkoo/projects/AutomationDetection/DownloadedLC/incremental/quiescent_background_cache.csv,,,,,,False,not_in_flare_streak
4FGL J0841.3+7053,316,317,57917.00001157408,3.61e-08,2.44e-08,4.37e-08,1.3804070476190473e-07,1.213746034816248e-07,1.5405174851430847e-09,1.213746034816248e-07,1.5405174851430847e-09,7.81946e-07,7.81946e-07,1.213746034816248e-07,False,False,False,0,False,,,-3.4879160344270894,3.0,False,False,,,weekly,10.0,sigma,computed,/home/lkoo/projects/AutomationDetection/DownloadedLC/incremental/quiescent_background_cache.csv,,,,,,False,not_in_flare_streak
4FGL J0841.3+7053,317,318,57938.00001157408,2.44e-07,3.82e-08,3.61e-08,1.3804070476190473e-07,1.213746034816248e-07,1.5405174851430847e-09,1.213746034816248e-07,1.5405174851430847e-09,7.81946e-07,7.81946e-07,1.213746034816248e-07,True,True,False,0,False,,,3.2074817745803323,3.0,True,True,57938.00001157408,57938.00001157408,weekly,10.0,sigma,computed,/home/lkoo/projects/AutomationDetection/DownloadedLC/incremental/quiescent_background_cache.csv,,,,,,False,not_in_flare_streak
4FGL J0841.3+7053,318,319,57945.00001157408,8.57e-08,2.91e-08,2.44e-07,1.3804070476190473e-07,1.213746034816248e-07,1.5405174851430847e-09,1.213746034816248e-07,1.5405174851430847e-09,7.81946e-07,7.81946e-07,1.213746034816248e-07,False,False,False,0,False,,,-1.224217150467485,3.0,False,False,,,weekly,10.0,sigma,computed,/home/lkoo/projects/AutomationDetection/DownloadedLC/incremental/quiescent_background_cache.csv,,,,,,False,not_in_flare_streak
4FGL J0841.3+7053,319,320,57952.00001157408,1.36e-07,3.2e-08,8.57e-08,1.3804070476190473e-07,1.213746034816248e-07,1.5405174851430847e-09,1.213746034816248e-07,1.5405174851430847e-09,7.81946e-07,7.81946e-07,1.213746034816248e-07,True,True,False,0,False,,,0.45651494413149696,3.0,False,False,,,weekly,10.0,sigma,computed,/home/lkoo/projects/AutomationDetection/DownloadedLC/incremental/quiescent_background_cache.csv,,,,,,False,not_in_flare_streak
4FGL J0841.3+7053,320,321,57959.00001157408,8.49e-08,3.19e-08,1.36e-07,1.3804070476190473e-07,1.213746034816248e-07,1.5405174851430847e-09,1.213746034816248e-07,1.5405174851430847e-09,7.81946e-07,7.81946e-07,1.213746034816248e-07,False,False,False,0,False,,,-1.1420735440356364,3.0,False,False,,,weekly,10.0,sigma,computed,/home/lkoo/projects/AutomationDetection/DownloadedLC/incremental/quiescent_background_cache.csv,,,,,,False,not_in_flare_streak
4FGL J0841.3+7053,321,322,57966.00001157408,7.34e-08,3.17e-08,8.49e-08,1.3804070476190473e-07,1.213746034816248e-07,1.5405174851430847e-09,1.213746034816248e-07,1.5405174851430847e-09,7.81946e-07,7.81946e-07,1.213746034816248e-07,False,False,False,0,False,,,-1.511610539959134,3.0,False,False,,,weekly,10.0,sigma,computed,/home/lkoo/projects/AutomationDetection/DownloadedLC/incremental/quiescent_background_cache.csv,,,,,,False,not_in_flare_streak
4FGL J0841.3+7053,322,323,57973.00001157408,1.41e-07,3.59e-08,7.34e-08,1.3804070476190473e-07,1.213746034816248e-07,1.5405174851430847e-09,1.213746034816248e-07,1.5405174851430847e-09,7.81946e-07,7.81946e-07,1.213746034816248e-07,True,True,False,0,False,,,0.5461658074764978,3.0,False,False,,,weekly,10.0,sigma,computed,/home/lkoo/projects/AutomationDetection/DownloadedLC/incremental/quiescent_background_cache.csv,,,,,,False,not_in_flare_streak
4FGL J0841.3+7053,323,324,57980.00001157408,9.56e-08,3.13e-08,1.41e-07,1.3804070476190473e-07,1.213746034816248e-07,1.5405174851430847e-09,1.213746034816248e-07,1.5405174851430847e-09,7.81946e-07,7.81946e-07,1.213746034816248e-07,False,False,False,0,False,,,-0.8224741845285736,3.0,False,False,,,weekly,10.0,sigma,computed,/home/lkoo/projects/AutomationDetection/DownloadedLC/incremental/quiescent_background_cache.csv,,,,,,False,not_in_flare_streak
4FGL J0841.3+7053,324,325,57987.00001157408,1.38e-07,3.64e-08,9.56e-08,1.3804070476190473e-07,1.213746034816248e-07,1.5405174851430847e-09,1.213746034816248e-07,1.5405174851430847e-09,7.81946e-07,7.81946e-07,1.213746034816248e-07,True,True,False,0,False,,,0.4563331662290407,3.0,False,False,,,weekly,10.0,sigma,computed,/home/lkoo/projects/AutomationDetection/DownloadedLC/incremental/quiescent_background_cache.csv,,,,,,False,not_in_flare_streak
4FGL J0841.3+7053,325,326,57994.00001157408,1.04e-07,3.37e-08,1.38e-07,1.3804070476190473e-07,1.213746034816248e-07,1.5405174851430847e-09,1.213746034816248e-07,1.5405174851430847e-09,7.81946e-07,7.81946e-07,1.213746034816248e-07,False,False,False,0,False,,,-0.5150290346148186,3.0,False,False,,,weekly,10.0,sigma,computed,/home/lkoo/projects/AutomationDetection/DownloadedLC/incremental/quiescent_background_cache.csv,,,,,,False,not_in_flare_streak
4FGL J0841.3+7053,326,327,58008.00001157408,2.67e-07,4.27e-08,1.04e-07,1.3804070476190473e-07,1.213746034816248e-07,1.5405174851430847e-09,1.213746034816248e-07,1.5405174851430847e-09,7.81946e-07,7.81946e-07,1.213746034816248e-07,True,True,False,0,False,,,3.4082134878958676,3.0,True,True,58008.00001157408,58008.00001157408,weekly,10.0,sigma,computed,/home/lkoo/projects/AutomationDetection/DownloadedLC/incremental/quiescent_background_cache.csv,,,,,,False,not_in_flare_streak
4FGL J0841.3+7053,327,328,58015.00001157408,1.73e-07,3.61e-08,2.67e-07,1.3804070476190473e-07,1.213746034816248e-07,1.5405174851430847e-09,1.213746034816248e-07,1.5405174851430847e-09,7.81946e-07,7.81946e-07,1.213746034816248e-07,False,True,False,0,False,,,1.428766059067735,3.0,False,True,58008.00001157408,58015.00001157408,weekly,10.0,sigma,computed,/home/lkoo/projects/AutomationDetection/DownloadedLC/incremental/quiescent_background_cache.csv,,,,,,False,not_in_flare_streak
4FGL J0841.3+7053,328,329,58022.00001157408,1.69e-07,3.54e-08,1.73e-07,1.3804070476190473e-07,1.213746034816248e-07,1.5405174851430847e-09,1.213746034816248e-07,1.5405174851430847e-09,7.81946e-07,7.81946e-07,1.213746034816248e-07,False,True,False,0,False,,,1.3440781001593012,3.0,False,True,58008.00001157408,58022.00001157408,weekly,10.0,sigma,computed,/home/lkoo/projects/AutomationDetection/DownloadedLC/incremental/quiescent_background_cache.csv,,,,,,False,not_in_flare_streak
4FGL J0841.3+7053,329,330,58029.00001157408,1.55e-07,3.47e-08,1.69e-07,1.3804070476190473e-07,1.213746034816248e-07,1.5405174851430847e-09,1.213746034816248e-07,1.5405174851430847e-09,7.81946e-07,7.81946e-07,1.213746034816248e-07,False,True,False,0,False,,,0.9680780556850722,3.0,False,True,58008.00001157408,58029.00001157408,weekly,10.0,sigma,computed,/home/lkoo/projects/AutomationDetection/DownloadedLC/incremental/quiescent_background_cache.csv,,,,,,False,not_in_flare_streak
4FGL J0841.3+7053,330,331,58036.00001157408,8.71e-08,3.57e-08,1.55e-07,1.3804070476190473e-07,1.213746034816248e-07,1.5405174851430847e-09,1.213746034816248e-07,1.5405174851430847e-09,7.81946e-07,7.81946e-07,1.213746034816248e-07,False,False,False,0,False,,,-0.9591803098488729,3.0,False,False,,,weekly,10.0,sigma,computed,/home/lkoo/projects/AutomationDetection/DownloadedLC/incremental/quiescent_background_cache.csv,,,,,,False,not_in_flare_streak
4FGL J0841.3+7053,331,332,58043.00001157408,8.9e-08,3.23e-08,8.71e-08,1.3804070476190473e-07,1.213746034816248e-07,1.5405174851430847e-09,1.213746034816248e-07,1.5405174851430847e-09,7.81946e-07,7.81946e-07,1.213746034816248e-07,True,False,False,0,False,,,-1.0011716588161814,3.0,False,False,,,weekly,10.0,sigma,computed,/home/lkoo/projects/AutomationDetection/DownloadedLC/incremental/quiescent_background_cache.csv,,,,,,False,not_in_flare_streak
4FGL J0841.3+7053,332,333,58050.00001157408,1.24e-07,3.59e-08,8.9e-08,1.3804070476190473e-07,1.213746034816248e-07,1.5405174851430847e-09,1.213746034816248e-07,1.5405174851430847e-09,7.81946e-07,7.81946e-07,1.213746034816248e-07,True,True,False,0,False,,,0.0730635841197819,3.0,False,False,,,weekly,10.0,sigma,computed,/home/lkoo/projects/AutomationDetection/DownloadedLC/incremental/quiescent_background_cache.csv,,,,,,False,not_in_flare_streak
4FGL J0841.3+7053,333,334,58064.00001157408,5.98e-08,2.54e-08,1.24e-07,1.3804070476190473e-07,1.213746034816248e-07,1.5405174851430847e-09,1.213746034816248e-07,1.5405174851430847e-09,7.81946e-07,7.81946e-07,1.213746034816248e-07,False,False,False,0,False,,,-2.419750596909361,3.0,False,False,,,weekly,10.0,sigma,computed,/home/lkoo/projects/AutomationDetection/DownloadedLC/incremental/quiescent_background_cache.csv,,,,,,False,not_in_flare_streak
4FGL J0841.3+7053,334,335,58078.00001157408,6.46e-08,2.79e-08,5.98e-08,1.3804070476190473e-07,1.213746034816248e-07,1.5405174851430847e-09,1.213746034816248e-07,1.5405174851430847e-09,7.81946e-07,7.81946e-07,1.213746034816248e-07,True,False,False,0,False,,,-2.0318370782254247,3.0,False,False,,,weekly,10.0,sigma,computed,/home/lkoo/projects/AutomationDetection/DownloadedLC/incremental/quiescent_background_cache.csv,,,,,,False,not_in_flare_streak
4FGL J0841.3+7053,335,336,58092.00001157408,1.49e-07,3.41e-08,6.46e-08,1.3804070476190473e-07,1.213746034816248e-07,1.5405174851430847e-09,1.213746034816248e-07,1.5405174851430847e-09,7.81946e-07,7.81946e-07,1.213746034816248e-07,True,True,False,0,False,,,0.809303492069229,3.0,False,False,,,weekly,10.0,sigma,computed,/home/lkoo/projects/AutomationDetection/DownloadedLC/incremental/quiescent_background_cache.csv,,,,,,False,not_in_flare_streak
4FGL J0841.3+7053,336,337,58106.00001157408,1.53e-07,3.53e-08,1.49e-07,1.3804070476190473e-07,1.213746034816248e-07,1.5405174851430847e-09,1.213746034816248e-07,1.5405174851430847e-09,7.81946e-07,7.81946e-07,1.213746034816248e-07,True,True,False,0,False,,,0.8950516709185404,3.0,False,False,,,weekly,10.0,sigma,computed,/home/lkoo/projects/AutomationDetection/DownloadedLC/incremental/quiescent_background_cache.csv,,,,,,False,not_in_flare_streak
4FGL J0841.3+7053,337,338,58120.00001157408,5.91e-08,2.91e-08,1.53e-07,1.3804070476190473e-07,1.213746034816248e-07,1.5405174851430847e-09,1.213746034816248e-07,1.5405174851430847e-09,7.81946e-07,7.81946e-07,1.213746034816248e-07,False,False,False,0,False,,,-2.1370283109113064,3.0,False,False,,,weekly,10.0,sigma,computed,/home/lkoo/projects/AutomationDetection/DownloadedLC/incremental/quiescent_background_cache.csv,,,,,,False,not_in_flare_streak
4FGL J0841.3+7053,338,339,58127.00001157408,6.17e-08,4.23e-08,5.91e-08,1.3804070476190473e-07,1.213746034816248e-07,1.5405174851430847e-09,1.213746034816248e-07,1.5405174851430847e-09,7.81946e-07,7.81946e-07,1.213746034816248e-07,True,False,False,0,False,,,-1.409812496710267,3.0,False,False,,,weekly,10.0,sigma,computed,/home/lkoo/projects/AutomationDetection/DownloadedLC/incremental/quiescent_background_cache.csv,,,,,,False,not_in_flare_streak
4FGL J0841.3+7053,339,340,58134.00001157408,2.44e-07,4.21e-08,6.17e-08,1.3804070476190473e-07,1.213746034816248e-07,1.5405174851430847e-09,1.213746034816248e-07,1.5405174851430847e-09,7.81946e-07,7.81946e-07,1.213746034816248e-07,True,True,False,0,False,,,2.9107692004882737,3.0,False,False,,,weekly,10.0,sigma,computed,/home/lkoo/projects/AutomationDetection/DownloadedLC/incremental/quiescent_background_cache.csv,,,,,,False,not_in_flare_streak
4FGL J0841.3+7053,340,341,58141.00001157408,2.37e-07,3.94e-08,2.44e-07,1.3804070476190473e-07,1.213746034816248e-07,1.5405174851430847e-09,1.213746034816248e-07,1.5405174851430847e-09,7.81946e-07,7.81946e-07,1.213746034816248e-07,False,True,False,0,False,,,2.9324141035083064,3.0,False,False,,,weekly,10.0,sigma,computed,/home/lkoo/projects/AutomationDetection/DownloadedLC/incremental/quiescent_background_cache.csv,,,,,,False,not_in_flare_streak
4FGL J0841.3+7053,341,342,58148.00001157408,1.7e-07,3.71e-08,2.37e-07,1.3804070476190473e-07,1.213746034816248e-07,1.5405174851430847e-09,1.213746034816248e-07,1.5405174851430847e-09,7.81946e-07,7.81946e-07,1.213746034816248e-07,False,True,False,0,False,,,1.3095291349453528,3.0,False,False,,,weekly,10.0,sigma,computed,/home/lkoo/projects/AutomationDetection/DownloadedLC/incremental/quiescent_background_cache.csv,,,,,,False,not_in_flare_streak
4FGL J0841.3+7053,342,343,58155.00001157408,1.43e-07,3.84e-08,1.7e-07,1.3804070476190473e-07,1.213746034816248e-07,1.5405174851430847e-09,1.213746034816248e-07,1.5405174851430847e-09,7.81946e-07,7.81946e-07,1.213746034816248e-07,False,True,False,0,False,,,0.5627087308892794,3.0,False,False,,,weekly,10.0,sigma,computed,/home/lkoo/projects/AutomationDetection/DownloadedLC/incremental/quiescent_background_cache.csv,,,,,,False,not_in_flare_streak
4FGL J0841.3+7053,343,344,58162.00001157408,5.83e-08,2.78e-08,1.43e-07,1.3804070476190473e-07,1.213746034816248e-07,1.5405174851430847e-09,1.213746034816248e-07,1.5405174851430847e-09,7.81946e-07,7.81946e-07,1.213746034816248e-07,False,False,False,0,False,,,-2.2653950702861283,3.0,False,False,,,weekly,10.0,sigma,computed,/home/lkoo/projects/AutomationDetection/DownloadedLC/incremental/quiescent_background_cache.csv,,,,,,False,not_in_flare_streak
4FGL J0841.3+7053,344,345,58169.00001157408,9.54e-08,2.75e-08,5.83e-08,1.3804070476190473e-07,1.213746034816248e-07,1.5405174851430847e-09,1.213746034816248e-07,1.5405174851430847e-09,7.81946e-07,7.81946e-07,1.213746034816248e-07,True,False,False,0,False,,,-0.9430524944866705,3.0,False,False,,,weekly,10.0,sigma,computed,/home/lkoo/projects/AutomationDetection/DownloadedLC/incremental/quiescent_background_cache.csv,,,,,,False,not_in_flare_streak
4FGL J0841.3+7053,345,346,58176.00001157408,7.76e-08,3.03e-08,9.54e-08,1.3804070476190473e-07,1.213746034816248e-07,1.5405174851430847e-09,1.213746034816248e-07,1.5405174851430847e-09,7.81946e-07,7.81946e-07,1.213746034816248e-07,False,False,False,0,False,,,-1.442842768652303,3.0,False,False,,,weekly,10.0,sigma,computed,/home/lkoo/projects/AutomationDetection/DownloadedLC/incremental/quiescent_background_cache.csv,,,,,,False,not_in_flare_streak
4FGL J0841.3+7053,346,347,58183.00001157408,1.01e-07,3.08e-08,7.76e-08,1.3804070476190473e-07,1.213746034816248e-07,1.5405174851430847e-09,1.213746034816248e-07,1.5405174851430847e-09,7.81946e-07,7.81946e-07,1.213746034816248e-07,True,False,False,0,False,,,-0.6606872021416689,3.0,False,False,,,weekly,10.0,sigma,computed,/home/lkoo/projects/AutomationDetection/DownloadedLC/incremental/quiescent_background_cache.csv,,,,,,False,not_in_flare_streak
4FGL J0841.3+7053,347,348,58190.00001157408,1.56e-07,6.33e-08,1.01e-07,1.3804070476190473e-07,1.213746034816248e-07,1.5405174851430847e-09,1.213746034816248e-07,1.5405174851430847e-09,7.81946e-07,7.81946e-07,1.213746034816248e-07,True,True,False,0,False,,,0.546842766745416,3.0,False,False,,,weekly,10.0,sigma,computed,/home/lkoo/projects/AutomationDetection/DownloadedLC/incremental/quiescent_background_cache.csv,,,,,,False,not_in_flare_streak
4FGL J0841.3+7053,348,349,58239.00001157408,3.77e-08,1.56e-08,1.56e-07,1.3804070476190473e-07,1.213746034816248e-07,1.5405174851430847e-09,1.213746034816248e-07,1.5405174851430847e-09,7.81946e-07,7.81946e-07,1.213746034816248e-07,False,False,False,0,False,,,-5.337793273968571,3.0,False,False,,,weekly,10.0,sigma,computed,/home/lkoo/projects/AutomationDetection/DownloadedLC/incremental/quiescent_background_cache.csv,,,,,,False,not_in_flare_streak
4FGL J0841.3+7053,349,350,58246.00001157408,4.46e-08,1.95e-08,3.77e-08,1.3804070476190473e-07,1.213746034816248e-07,1.5405174851430847e-09,1.213746034816248e-07,1.5405174851430847e-09,7.81946e-07,7.81946e-07,1.213746034816248e-07,True,False,False,0,False,,,-3.9249301812478157,3.0,False,False,,,weekly,10.0,sigma,computed,/home/lkoo/projects/AutomationDetection/DownloadedLC/incremental/quiescent_background_cache.csv,,,,,,False,not_in_flare_streak
4FGL J0841.3+7053,350,351,58260.00001157408,3.77e-08,2.42e-08,4.46e-08,1.3804070476190473e-07,1.213746034816248e-07,1.5405174851430847e-09,1.213746034816248e-07,1.5405174851430847e-09,7.81946e-07,7.81946e-07,1.213746034816248e-07,False,False,False,0,False,,,-3.450643774637972,3.0,False,False,,,weekly,10.0,sigma,computed,/home/lkoo/projects/AutomationDetection/DownloadedLC/incremental/quiescent_background_cache.csv,,,,,,False,not_in_flare_streak
4FGL J0841.3+7053,351,352,58267.00001157408,8.33e-08,2.69e-08,3.77e-08,1.3804070476190473e-07,1.213746034816248e-07,1.5405174851430847e-09,1.213746034816248e-07,1.5405174851430847e-09,7.81946e-07,7.81946e-07,1.213746034816248e-07,True,False,False,0,False,,,-1.413097426744789,3.0,False,False,,,weekly,10.0,sigma,computed,/home/lkoo/projects/AutomationDetection/DownloadedLC/incremental/quiescent_background_cache.csv,,,,,,False,not_in_flare_streak
4FGL J0841.3+7053,352,353,58288.00001157408,4.68e-08,2.07e-08,8.33e-08,1.3804070476190473e-07,1.213746034816248e-07,1.5405174851430847e-09,1.213746034816248e-07,1.5405174851430847e-09,7.81946e-07,7.81946e-07,1.213746034816248e-07,False,False,False,0,False,,,-3.592702486301288,3.0,False,False,,,weekly,10.0,sigma,computed,/home/lkoo/projects/AutomationDetection/DownloadedLC/incremental/quiescent_background_cache.csv,,,,,,False,not_in_flare_streak
4FGL J0841.3+7053,353,354,58302.00001157408,8.51e-08,5.65e-08,4.68e-08,1.3804070476190473e-07,1.213746034816248e-07,1.5405174851430847e-09,1.213746034816248e-07,1.5405174851430847e-09,7.81946e-07,7.81946e-07,1.213746034816248e-07,True,False,False,0,False,,,-0.6417898636482223,3.0,False,False,,,weekly,10.0,sigma,computed,/home/lkoo/projects/AutomationDetection/DownloadedLC/incremental/quiescent_background_cache.csv,,,,,,False,not_in_flare_streak
4FGL J0841.3+7053,354,355,58309.00001157408,3.66e-08,2.22e-08,8.51e-08,1.3804070476190473e-07,1.213746034816248e-07,1.5405174851430847e-09,1.213746034816248e-07,1.5405174851430847e-09,7.81946e-07,7.81946e-07,1.213746034816248e-07,False,False,False,0,False,,,-3.8095147856338007,3.0,False,False,,,weekly,10.0,sigma,computed,/home/lkoo/projects/AutomationDetection/DownloadedLC/incremental/quiescent_background_cache.csv,,,,,,False,not_in_flare_streak
4FGL J0841.3+7053,355,356,58316.00001157408,8.03e-08,3.56e-08,3.66e-08,1.3804070476190473e-07,1.213746034816248e-07,1.5405174851430847e-09,1.213746034816248e-07,1.5405174851430847e-09,7.81946e-07,7.81946e-07,1.213746034816248e-07,True,False,False,0,False,,,-1.152702255518106,3.0,False,False,,,weekly,10.0,sigma,computed,/home/lkoo/projects/AutomationDetection/DownloadedLC/incremental/quiescent_background_cache.csv,,,,,,False,not_in_flare_streak
4FGL J0841.3+7053,356,357,58323.00001157408,2.32e-07,1.65e-07,8.03e-08,1.3804070476190473e-07,1.213746034816248e-07,1.5405174851430847e-09,1.213746034816248e-07,1.5405174851430847e-09,7.81946e-07,7.81946e-07,1.213746034816248e-07,True,True,False,0,False,,,0.670427728752803,3.0,False,False,,,weekly,10.0,sigma,computed,/home/lkoo/projects/AutomationDetection/DownloadedLC/incremental/quiescent_background_cache.csv,,,,,,False,not_in_flare_streak
4FGL J0841.3+7053,357,358,58330.00001157408,8.84e-08,2.68e-08,2.32e-07,1.3804070476190473e-07,1.213746034816248e-07,1.5405174851430847e-09,1.213746034816248e-07,1.5405174851430847e-09,7.81946e-07,7.81946e-07,1.213746034816248e-07,False,False,False,0,False,,,-1.2283679515845438,3.0,False,False,,,weekly,10.0,sigma,computed,/home/lkoo/projects/AutomationDetection/DownloadedLC/incremental/quiescent_background_cache.csv,,,,,,False,not_in_flare_streak
4FGL J0841.3+7053,358,359,58337.00001157408,6.64e-08,2.03e-08,8.84e-08,1.3804070476190473e-07,1.213746034816248e-07,1.5405174851430847e-09,1.213746034816248e-07,1.5405174851430847e-09,7.81946e-07,7.81946e-07,1.213746034816248e-07,False,False,False,0,False,,,-2.700344172864226,3.0,False,False,,,weekly,10.0,sigma,computed,/home/lkoo/projects/AutomationDetection/DownloadedLC/incremental/quiescent_background_cache.csv,,,,,,False,not_in_flare_streak
4FGL J0841.3+7053,359,360,58344.00001157408,1.16e-07,4.36e-08,6.64e-08,1.3804070476190473e-07,1.213746034816248e-07,1.5405174851430847e-09,1.213746034816248e-07,1.5405174851430847e-09,7.81946e-07,7.81946e-07,1.213746034816248e-07,True,False,False,0,False,,,-0.12319384728620124,3.0,False,False,,,weekly,10.0,sigma,computed,/home/lkoo/projects/AutomationDetection/DownloadedLC/incremental/quiescent_background_cache.csv,,,,,,False,not_in_flare_streak
4FGL J0841.3+7053,360,361,58351.00001157408,1.95e-07,5.14e-08,1.16e-07,1.3804070476190473e-07,1.213746034816248e-07,1.5405174851430847e-09,1.213746034816248e-07,1.5405174851430847e-09,7.81946e-07,7.81946e-07,1.213746034816248e-07,True,True,False,0,False,,,1.4317578020846,3.0,False,False,,,weekly,10.0,sigma,computed,/home/lkoo/projects/AutomationDetection/DownloadedLC/incremental/quiescent_background_cache.csv,,,,,,False,not_in_flare_streak
4FGL J0841.3+7053,361,362,58358.00001157408,1.81e-07,3.02e-08,1.95e-07,1.3804070476190473e-07,1.213746034816248e-07,1.5405174851430847e-09,1.213746034816248e-07,1.5405174851430847e-09,7.81946e-07,7.81946e-07,1.213746034816248e-07,False,True,False,0,False,,,1.971787178232832,3.0,False,False,,,weekly,10.0,sigma,computed,/home/lkoo/projects/AutomationDetection/DownloadedLC/incremental/quiescent_background_cache.csv,,,,,,False,not_in_flare_streak
4FGL J0841.3+7053,362,363,58365.00001157408,1.38e-07,6.75e-08,1.81e-07,1.3804070476190473e-07,1.213746034816248e-07,1.5405174851430847e-09,1.213746034816248e-07,1.5405174851430847e-09,7.81946e-07,7.81946e-07,1.213746034816248e-07,False,True,False,0,False,,,0.24623805051976763,3.0,False,False,,,weekly,10.0,sigma,computed,/home/lkoo/projects/AutomationDetection/DownloadedLC/incremental/quiescent_background_cache.csv,,,,,,False,not_in_flare_streak
4FGL J0841.3+7053,363,364,58372.00001157408,8.29e-08,2.58e-08,1.38e-07,1.3804070476190473e-07,1.213746034816248e-07,1.5405174851430847e-09,1.213746034816248e-07,1.5405174851430847e-09,7.81946e-07,7.81946e-07,1.213746034816248e-07,False,False,False,0,False,,,-1.4886124006059378,3.0,False,False,,,weekly,10.0,sigma,computed,/home/lkoo/projects/AutomationDetection/DownloadedLC/incremental/quiescent_background_cache.csv,,,,,,False,not_in_flare_streak
4FGL J0841.3+7053,364,365,58379.00001157408,1.09e-07,2.24e-08,8.29e-08,1.3804070476190473e-07,1.213746034816248e-07,1.5405174851430847e-09,1.213746034816248e-07,1.5405174851430847e-09,7.81946e-07,7.81946e-07,1.213746034816248e-07,True,False,False,0,False,,,-0.5511358284737755,3.0,False,False,,,weekly,10.0,sigma,computed,/home/lkoo/projects/AutomationDetection/DownloadedLC/incremental/quiescent_background_cache.csv,,,,,,False,not_in_flare_streak
4FGL J0841.3+7053,365,366,58386.00001157408,8.55e-08,2.03e-08,1.09e-07,1.3804070476190473e-07,1.213746034816248e-07,1.5405174851430847e-09,1.213746034816248e-07,1.5405174851430847e-09,7.81946e-07,7.81946e-07,1.213746034816248e-07,False,False,False,0,False,,,-1.7621550739843013,3.0,False,False,,,weekly,10.0,sigma,computed,/home/lkoo/projects/AutomationDetection/DownloadedLC/incremental/quiescent_background_cache.csv,,,,,,False,not_in_flare_streak
4FGL J0841.3+7053,366,367,58393.00001157408,1.81e-07,3.22e-08,8.55e-08,1.3804070476190473e-07,1.213746034816248e-07,1.5405174851430847e-09,1.213746034816248e-07,1.5405174851430847e-09,7.81946e-07,7.81946e-07,1.213746034816248e-07,True,True,False,0,False,,,1.8496048441915958,3.0,False,False,,,weekly,10.0,sigma,computed,/home/lkoo/projects/AutomationDetection/DownloadedLC/incremental/quiescent_background_cache.csv,,,,,,False,not_in_flare_streak
4FGL J0841.3+7053,367,368,58414.00001157408,2e-07,3.34e-08,1.81e-07,1.3804070476190473e-07,1.213746034816248e-07,1.5405174851430847e-09,1.213746034816248e-07,1.5405174851430847e-09,7.81946e-07,7.81946e-07,1.213746034816248e-07,True,True,False,0,False,,,2.351553819876693,3.0,False,False,,,weekly,10.0,sigma,computed,/home/lkoo/projects/AutomationDetection/DownloadedLC/incremental/quiescent_background_cache.csv,,,,,,False,not_in_flare_streak
4FGL J0841.3+7053,368,369,58421.00001157408,1.82e-07,2.84e-08,2e-07,1.3804070476190473e-07,1.213746034816248e-07,1.5405174851430847e-09,1.213746034816248e-07,1.5405174851430847e-09,7.81946e-07,7.81946e-07,1.213746034816248e-07,False,True,False,0,False,,,2.131563444761665,3.0,False,False,,,weekly,10.0,sigma,computed,/home/lkoo/projects/AutomationDetection/DownloadedLC/incremental/quiescent_background_cache.csv,,,,,,False,not_in_flare_streak
4FGL J0841.3+7053,369,370,58428.00001157408,7.24e-08,2.4e-08,1.82e-07,1.3804070476190473e-07,1.213746034816248e-07,1.5405174851430847e-09,1.213746034816248e-07,1.5405174851430847e-09,7.81946e-07,7.81946e-07,1.213746034816248e-07,False,False,False,0,False,,,-2.036417639298706,3.0,False,False,,,weekly,10.0,sigma,computed,/home/lkoo/projects/AutomationDetection/DownloadedLC/incremental/quiescent_background_cache.csv,,,,,,False,not_in_flare_streak
4FGL J0841.3+7053,370,371,58435.00001157408,4.86e-08,1.92e-08,7.24e-08,1.3804070476190473e-07,1.213746034816248e-07,1.5405174851430847e-09,1.213746034816248e-07,1.5405174851430847e-09,7.81946e-07,7.81946e-07,1.213746034816248e-07,False,False,False,0,False,,,-3.778201974113901,3.0,False,False,,,weekly,10.0,sigma,computed,/home/lkoo/projects/AutomationDetection/DownloadedLC/incremental/quiescent_background_cache.csv,,,,,,False,not_in_flare_streak
4FGL J0841.3+7053,371,372,58442.00001157408,9.77e-08,2.19e-08,4.86e-08,1.3804070476190473e-07,1.213746034816248e-07,1.5405174851430847e-09,1.213746034816248e-07,1.5405174851430847e-09,7.81946e-07,7.81946e-07,1.213746034816248e-07,True,False,False,0,False,,,-1.078367439408964,3.0,False,False,,,weekly,10.0,sigma,computed,/home/lkoo/projects/AutomationDetection/DownloadedLC/incremental/quiescent_background_cache.csv,,,,,,False,not_in_flare_streak
4FGL J0841.3+7053,372,373,58449.00001157408,4.09e-08,2.18e-08,9.77e-08,1.3804070476190473e-07,1.213746034816248e-07,1.5405174851430847e-09,1.213746034816248e-07,1.5405174851430847e-09,7.81946e-07,7.81946e-07,1.213746034816248e-07,False,False,False,0,False,,,-3.682312885158106,3.0,False,False,,,weekly,10.0,sigma,computed,/home/lkoo/projects/AutomationDetection/DownloadedLC/incremental/quiescent_background_cache.csv,,,,,,False,not_in_flare_streak
4FGL J0841.3+7053,373,374,58463.00001157408,1.04e-07,3.34e-08,4.09e-08,1.3804070476190473e-07,1.213746034816248e-07,1.5405174851430847e-09,1.213746034816248e-07,1.5405174851430847e-09,7.81946e-07,7.81946e-07,1.213746034816248e-07,True,False,False,0,False,,,-0.5196452672452859,3.0,False,False,,,weekly,10.0,sigma,computed,/home/lkoo/projects/AutomationDetection/DownloadedLC/incremental/quiescent_background_cache.csv,,,,,,False,not_in_flare_streak
4FGL J0841.3+7053,374,375,58470.00001157408,6.37e-08,2.94e-08,1.04e-07,1.3804070476190473e-07,1.213746034816248e-07,1.5405174851430847e-09,1.213746034816248e-07,1.5405174851430847e-09,7.81946e-07,7.81946e-07,1.213746034816248e-07,False,False,False,0,False,,,-1.9590336806010735,3.0,False,False,,,weekly,10.0,sigma,computed,/home/lkoo/projects/AutomationDetection/DownloadedLC/incremental/quiescent_background_cache.csv,,,,,,False,not_in_flare_streak
4FGL J0841.3+7053,375,376,58484.00001157408,1.53e-07,3.3e-08,6.37e-08,1.3804070476190473e-07,1.213746034816248e-07,1.5405174851430847e-09,1.213746034816248e-07,1.5405174851430847e-09,7.81946e-07,7.81946e-07,1.213746034816248e-07,True,True,False,0,False,,,0.9573028196406249,3.0,False,False,,,weekly,10.0,sigma,computed,/home/lkoo/projects/AutomationDetection/DownloadedLC/incremental/quiescent_background_cache.csv,,,,,,False,not_in_flare_streak
4FGL J0841.3+7053,376,377,58491.00001157408,1.15e-07,3.37e-08,1.53e-07,1.3804070476190473e-07,1.213746034816248e-07,1.5405174851430847e-09,1.213746034816248e-07,1.5405174851430847e-09,7.81946e-07,7.81946e-07,1.213746034816248e-07,False,False,False,0,False,,,-0.18896004623447435,3.0,False,False,,,weekly,10.0,sigma,computed,/home/lkoo/projects/AutomationDetection/DownloadedLC/incremental/quiescent_background_cache.csv,,,,,,False,not_in_flare_streak
4FGL J0841.3+7053,377,378,58498.00001157408,8.98e-08,3.06e-08,1.15e-07,1.3804070476190473e-07,1.213746034816248e-07,1.5405174851430847e-09,1.213746034816248e-07,1.5405174851430847e-09,7.81946e-07,7.81946e-07,1.213746034816248e-07,False,False,False,0,False,,,-1.030544661359313,3.0,False,False,,,weekly,10.0,sigma,computed,/home/lkoo/projects/AutomationDetection/DownloadedLC/incremental/quiescent_background_cache.csv,,,,,,False,not_in_flare_streak
4FGL J0841.3+7053,378,379,58505.00001157408,6.57e-08,2.2e-08,8.98e-08,1.3804070476190473e-07,1.213746034816248e-07,1.5405174851430847e-09,1.213746034816248e-07,1.5405174851430847e-09,7.81946e-07,7.81946e-07,1.213746034816248e-07,False,False,False,0,False,,,-2.524482224049787,3.0,False,False,,,weekly,10.0,sigma,computed,/home/lkoo/projects/AutomationDetection/DownloadedLC/incremental/quiescent_background_cache.csv,,,,,,False,not_in_flare_streak
4FGL J0841.3+7053,379,380,58512.00001157408,7.82e-08,3.32e-08,6.57e-08,1.3804070476190473e-07,1.213746034816248e-07,1.5405174851430847e-09,1.213746034816248e-07,1.5405174851430847e-09,7.81946e-07,7.81946e-07,1.213746034816248e-07,True,False,False,0,False,,,-1.2990421548842785,3.0,False,False,,,weekly,10.0,sigma,computed,/home/lkoo/projects/AutomationDetection/DownloadedLC/incremental/quiescent_background_cache.csv,,,,,,False,not_in_flare_streak
4FGL J0841.3+7053,380,381,58519.00001157408,2.24e-07,4.11e-08,7.82e-08,1.3804070476190473e-07,1.213746034816248e-07,1.5405174851430847e-09,1.213746034816248e-07,1.5405174851430847e-09,7.81946e-07,7.81946e-07,1.213746034816248e-07,True,True,False,0,False,,,2.495216118768505,3.0,False,False,,,weekly,10.0,sigma,computed,/home/lkoo/projects/AutomationDetection/DownloadedLC/incremental/quiescent_background_cache.csv,,,,,,False,not_in_flare_streak
4FGL J0841.3+7053,381,382,58533.00001157408,1.08e-07,3.34e-08,2.24e-07,1.3804070476190473e-07,1.213746034816248e-07,1.5405174851430847e-09,1.213746034816248e-07,1.5405174851430847e-09,7.81946e-07,7.81946e-07,1.213746034816248e-07,False,False,False,0,False,,,-0.4000119719485369,3.0,False,False,,,weekly,10.0,sigma,computed,/home/lkoo/projects/AutomationDetection/DownloadedLC/incremental/quiescent_background_cache.csv,,,,,,False,not_in_flare_streak
4FGL J0841.3+7053,382,383,58540.00001157408,1.25e-07,3.34e-08,1.08e-07,1.3804070476190473e-07,1.213746034816248e-07,1.5405174851430847e-09,1.213746034816248e-07,1.5405174851430847e-09,7.81946e-07,7.81946e-07,1.213746034816248e-07,True,True,False,0,False,,,0.1084295330626468,3.0,False,False,,,weekly,10.0,sigma,computed,/home/lkoo/projects/AutomationDetection/DownloadedLC/incremental/quiescent_background_cache.csv,,,,,,False,not_in_flare_streak
4FGL J0841.3+7053,383,384,58547.00001157408,7.97e-08,2.8e-08,1.25e-07,1.3804070476190473e-07,1.213746034816248e-07,1.5405174851430847e-09,1.213746034816248e-07,1.5405174851430847e-09,7.81946e-07,7.81946e-07,1.213746034816248e-07,False,False,False,0,False,,,-1.4861311111705766,3.0,False,False,,,weekly,10.0,sigma,computed,/home/lkoo/projects/AutomationDetection/DownloadedLC/incremental/quiescent_background_cache.csv,,,,,,False,not_in_flare_streak
4FGL J0841.3+7053,384,385,58554.00001157408,7e-08,2.92e-08,7.97e-08,1.3804070476190473e-07,1.213746034816248e-07,1.5405174851430847e-09,1.213746034816248e-07,1.5405174851430847e-09,7.81946e-07,7.81946e-07,1.213746034816248e-07,False,False,False,0,False,,,-1.7569608108907069,3.0,False,False,,,weekly,10.0,sigma,computed,/home/lkoo/projects/AutomationDetection/DownloadedLC/incremental/quiescent_background_cache.csv,,,,,,False,not_in_flare_streak
4FGL J0841.3+7053,385,386,58561.00001157408,1.11e-07,3.27e-08,7e-08,1.3804070476190473e-07,1.213746034816248e-07,1.5405174851430847e-09,1.213746034816248e-07,1.5405174851430847e-09,7.81946e-07,7.81946e-07,1.213746034816248e-07,True,False,False,0,False,,,-0.3169146744559535,3.0,False,False,,,weekly,10.0,sigma,computed,/home/lkoo/projects/AutomationDetection/DownloadedLC/incremental/quiescent_background_cache.csv,,,,,,False,not_in_flare_streak
4FGL J0841.3+7053,386,387,58568.00001157408,9.37e-08,3.59e-08,1.11e-07,1.3804070476190473e-07,1.213746034816248e-07,1.5405174851430847e-09,1.213746034816248e-07,1.5405174851430847e-09,7.81946e-07,7.81946e-07,1.213746034816248e-07,False,False,False,0,False,,,-0.7701715551571878,3.0,False,False,,,weekly,10.0,sigma,computed,/home/lkoo/projects/AutomationDetection/DownloadedLC/incremental/quiescent_background_cache.csv,,,,,,False,not_in_flare_streak
4FGL J0841.3+7053,387,388,58575.00001157408,7.97e-08,3.15e-08,9.37e-08,1.3804070476190473e-07,1.213746034816248e-07,1.5405174851430847e-09,1.213746034816248e-07,1.5405174851430847e-09,7.81946e-07,7.81946e-07,1.213746034816248e-07,False,False,False,0,False,,,-1.321423984169873,3.0,False,False,,,weekly,10.0,sigma,computed,/home/lkoo/projects/AutomationDetection/DownloadedLC/incremental/quiescent_background_cache.csv,,,,,,False,not_in_flare_streak
4FGL J0841.3+7053,388,389,58582.00001157408,2.94e-08,1.67e-08,7.97e-08,1.3804070476190473e-07,1.213746034816248e-07,1.5405174851430847e-09,1.213746034816248e-07,1.5405174851430847e-09,7.81946e-07,7.81946e-07,1.213746034816248e-07,False,False,False,0,False,,,-5.484177112487246,3.0,False,False,,,weekly,10.0,sigma,computed,/home/lkoo/projects/AutomationDetection/DownloadedLC/incremental/quiescent_background_cache.csv,,,,,,False,not_in_flare_streak
4FGL J0841.3+7053,389,390,58589.00001157408,1.01e-07,2.39e-08,2.94e-08,1.3804070476190473e-07,1.213746034816248e-07,1.5405174851430847e-09,1.213746034816248e-07,1.5405174851430847e-09,7.81946e-07,7.81946e-07,1.213746034816248e-07,True,False,False,0,False,,,-0.8507284495514384,3.0,False,False,,,weekly,10.0,sigma,computed,/home/lkoo/projects/AutomationDetection/DownloadedLC/incremental/quiescent_background_cache.csv,,,,,,False,not_in_flare_streak
4FGL J0841.3+7053,390,391,58603.00001157408,4.26e-08,2.6e-08,1.01e-07,1.3804070476190473e-07,1.213746034816248e-07,1.5405174851430847e-09,1.213746034816248e-07,1.5405174851430847e-09,7.81946e-07,7.81946e-07,1.213746034816248e-07,False,False,False,0,False,,,-3.024488145047953,3.0,False,False,,,weekly,10.0,sigma,computed,/home/lkoo/projects/AutomationDetection/DownloadedLC/incremental/quiescent_background_cache.csv,,,,,,False,not_in_flare_streak
4FGL J0841.3+7053,391,392,58610.00001157408,3.63e-08,2.01e-08,4.26e-08,1.3804070476190473e-07,1.213746034816248e-07,1.5405174851430847e-09,1.213746034816248e-07,1.5405174851430847e-09,7.81946e-07,7.81946e-07,1.213746034816248e-07,False,False,False,0,False,,,-4.220190580925839,3.0,False,False,,,weekly,10.0,sigma,computed,/home/lkoo/projects/AutomationDetection/DownloadedLC/incremental/quiescent_background_cache.csv,,,,,,False,not_in_flare_streak
4FGL J0841.3+7053,392,393,58638.00001157408,6.9e-08,2.53e-08,3.63e-08,1.3804070476190473e-07,1.213746034816248e-07,1.5405174851430847e-09,1.213746034816248e-07,1.5405174851430847e-09,7.81946e-07,7.81946e-07,1.213746034816248e-07,True,False,False,0,False,,,-2.066315444228589,3.0,False,False,,,weekly,10.0,sigma,computed,/home/lkoo/projects/AutomationDetection/DownloadedLC/incremental/quiescent_background_cache.csv,,,,,,False,not_in_flare_streak
4FGL J0841.3+7053,393,394,58659.00001157408,5.22e-08,2.49e-08,6.9e-08,1.3804070476190473e-07,1.213746034816248e-07,1.5405174851430847e-09,1.213746034816248e-07,1.5405174851430847e-09,7.81946e-07,7.81946e-07,1.213746034816248e-07,False,False,False,0,False,,,-2.772794920757304,3.0,False,False,,,weekly,10.0,sigma,computed,/home/lkoo/projects/AutomationDetection/DownloadedLC/incremental/quiescent_background_cache.csv,,,,,,False,not_in_flare_streak
4FGL J0841.3+7053,394,395,58666.00001157408,8.01e-08,2.96e-08,5.22e-08,1.3804070476190473e-07,1.213746034816248e-07,1.5405174851430847e-09,1.213746034816248e-07,1.5405174851430847e-09,7.81946e-07,7.81946e-07,1.213746034816248e-07,True,False,False,0,False,,,-1.3925276333783119,3.0,False,False,,,weekly,10.0,sigma,computed,/home/lkoo/projects/AutomationDetection/DownloadedLC/incremental/quiescent_background_cache.csv,,,,,,False,not_in_flare_streak
4FGL J0841.3+7053,395,396,58680.00001157408,7.43e-08,2.69e-08,8.01e-08,1.3804070476190473e-07,1.213746034816248e-07,1.5405174851430847e-09,1.213746034816248e-07,1.5405174851430847e-09,7.81946e-07,7.81946e-07,1.213746034816248e-07,False,False,False,0,False,,,-1.747122621435021,3.0,False,False,,,weekly,10.0,sigma,computed,/home/lkoo/projects/AutomationDetection/DownloadedLC/incremental/quiescent_background_cache.csv,,,,,,False,not_in_flare_streak
4FGL J0841.3+7053,396,397,58687.00001157408,7.89e-08,3.48e-08,7.43e-08,1.3804070476190473e-07,1.213746034816248e-07,1.5405174851430847e-09,1.213746034816248e-07,1.5405174851430847e-09,7.81946e-07,7.81946e-07,1.213746034816248e-07,True,False,False,0,False,,,-1.2193404375733246,3.0,False,False,,,weekly,10.0,sigma,computed,/home/lkoo/projects/AutomationDetection/DownloadedLC/incremental/quiescent_background_cache.csv,,,,,,False,not_in_flare_streak
4FGL J0841.3+7053,397,398,58701.00001157408,9.92e-08,4.75e-08,7.89e-08,1.3804070476190473e-07,1.213746034816248e-07,1.5405174851430847e-09,1.213746034816248e-07,1.5405174851430847e-09,7.81946e-07,7.81946e-07,1.213746034816248e-07,True,False,False,0,False,,,-0.4665884358653484,3.0,False,False,,,weekly,10.0,sigma,computed,/home/lkoo/projects/AutomationDetection/DownloadedLC/incremental/quiescent_background_cache.csv,,,,,,False,not_in_flare_streak
4FGL J0841.3+7053,398,399,58708.00001157408,1.15e-07,3.08e-08,9.92e-08,1.3804070476190473e-07,1.213746034816248e-07,1.5405174851430847e-09,1.213746034816248e-07,1.5405174851430847e-09,7.81946e-07,7.81946e-07,1.213746034816248e-07,True,False,False,0,False,,,-0.20670924677555327,3.0,False,False,,,weekly,10.0,sigma,computed,/home/lkoo/projects/AutomationDetection/DownloadedLC/incremental/quiescent_background_cache.csv,,,,,,False,not_in_flare_streak
4FGL J0841.3+7053,399,400,58715.00001157408,7.44e-09,6.35e-09,1.15e-07,1.3804070476190473e-07,1.213746034816248e-07,1.5405174851430847e-09,1.213746034816248e-07,1.5405174851430847e-09,7.81946e-07,7.81946e-07,1.213746034816248e-07,False,False,False,0,False,,,-17.436672315270588,3.0,False,False,,,weekly,10.0,sigma,computed,/home/lkoo/projects/AutomationDetection/DownloadedLC/incremental/quiescent_background_cache.csv,,,,,,False,not_in_flare_streak
4FGL J0841.3+7053,400,401,58722.00001157408,2.84e-08,1.74e-08,7.44e-09,1.3804070476190473e-07,1.213746034816248e-07,1.5405174851430847e-09,1.213746034816248e-07,1.5405174851430847e-09,7.81946e-07,7.81946e-07,1.213746034816248e-07,True,False,False,0,False,,,-5.322548251723095,3.0,False,False,,,weekly,10.0,sigma,computed,/home/lkoo/projects/AutomationDetection/DownloadedLC/incremental/quiescent_background_cache.csv,,,,,,False,not_in_flare_streak
4FGL J0841.3+7053,401,402,58729.00001157408,5.68e-08,2.53e-08,2.84e-08,1.3804070476190473e-07,1.213746034816248e-07,1.5405174851430847e-09,1.213746034816248e-07,1.5405174851430847e-09,7.81946e-07,7.81946e-07,1.213746034816248e-07,True,False,False,0,False,,,-2.5476374351136015,3.0,False,False,,,weekly,10.0,sigma,computed,/home/lkoo/projects/AutomationDetection/DownloadedLC/incremental/quiescent_background_cache.csv,,,,,,False,not_in_flare_streak
4FGL J0841.3+7053,402,403,58736.00001157408,7.67e-08,2.78e-08,5.68e-08,1.3804070476190473e-07,1.213746034816248e-07,1.5405174851430847e-09,1.213746034816248e-07,1.5405174851430847e-09,7.81946e-07,7.81946e-07,1.213746034816248e-07,True,False,False,0,False,,,-1.6045384498333632,3.0,False,False,,,weekly,10.0,sigma,computed,/home/lkoo/projects/AutomationDetection/DownloadedLC/incremental/quiescent_background_cache.csv,,,,,,False,not_in_flare_streak
4FGL J0841.3+7053,403,404,58750.00001157408,6.84e-08,2.68e-08,7.67e-08,1.3804070476190473e-07,1.213746034816248e-07,1.5405174851430847e-09,1.213746034816248e-07,1.5405174851430847e-09,7.81946e-07,7.81946e-07,1.213746034816248e-07,False,False,False,0,False,,,-1.9734067522900962,3.0,False,False,,,weekly,10.0,sigma,computed,/home/lkoo/projects/AutomationDetection/DownloadedLC/incremental/quiescent_background_cache.csv,,,,,,False,not_in_flare_streak
4FGL J0841.3+7053,404,405,58757.00001157408,4.59e-08,2.65e-08,6.84e-08,1.3804070476190473e-07,1.213746034816248e-07,1.5405174851430847e-09,1.213746034816248e-07,1.5405174851430847e-09,7.81946e-07,7.81946e-07,1.213746034816248e-07,False,False,False,0,False,,,-2.843297954957361,3.0,False,False,,,weekly,10.0,sigma,computed,/home/lkoo/projects/AutomationDetection/DownloadedLC/incremental/quiescent_background_cache.csv,,,,,,False,not_in_flare_streak
4FGL J0841.3+7053,405,406,58764.00001157408,9.55e-08,3.21e-08,4.59e-08,1.3804070476190473e-07,1.213746034816248e-07,1.5405174851430847e-09,1.213746034816248e-07,1.5405174851430847e-09,7.81946e-07,7.81946e-07,1.213746034816248e-07,True,False,False,0,False,,,-0.8051357706939071,3.0,False,False,,,weekly,10.0,sigma,computed,/home/lkoo/projects/AutomationDetection/DownloadedLC/incremental/quiescent_background_cache.csv,,,,,,False,not_in_flare_streak
4FGL J0841.3+7053,406,407,58771.00001157408,2.12e-08,1.53e-08,9.55e-08,1.3804070476190473e-07,1.213746034816248e-07,1.5405174851430847e-09,1.213746034816248e-07,1.5405174851430847e-09,7.81946e-07,7.81946e-07,1.213746034816248e-07,False,False,False,0,False,,,-6.5144215162641474,3.0,False,False,,,weekly,10.0,sigma,computed,/home/lkoo/projects/AutomationDetection/DownloadedLC/incremental/quiescent_background_cache.csv,,,,,,False,not_in_flare_streak
4FGL J0841.3+7053,407,408,58778.00001157408,6.87e-08,4.25e-08,2.12e-08,1.3804070476190473e-07,1.213746034816248e-07,1.5405174851430847e-09,1.213746034816248e-07,1.5405174851430847e-09,7.81946e-07,7.81946e-07,1.213746034816248e-07,True,False,False,0,False,,,-1.2385890238398387,3.0,False,False,,,weekly,10.0,sigma,computed,/home/lkoo/projects/AutomationDetection/DownloadedLC/incremental/quiescent_background_cache.csv,,,,,,False,not_in_flare_streak
4FGL J0841.3+7053,408,409,58799.00001157408,5.91e-08,2.52e-08,6.87e-08,1.3804070476190473e-07,1.213746034816248e-07,1.5405174851430847e-09,1.213746034816248e-07,1.5405174851430847e-09,7.81946e-07,7.81946e-07,1.213746034816248e-07,False,False,False,0,False,,,-2.4666097650993355,3.0,False,False,,,weekly,10.0,sigma,computed,/home/lkoo/projects/AutomationDetection/DownloadedLC/incremental/quiescent_background_cache.csv,,,,,,False,not_in_flare_streak
4FGL J0841.3+7053,409,410,58813.00001157408,6.34e-08,4.59e-08,5.91e-08,1.3804070476190473e-07,1.213746034816248e-07,1.5405174851430847e-09,1.213746034816248e-07,1.5405174851430847e-09,7.81946e-07,7.81946e-07,1.213746034816248e-07,True,False,False,0,False,,,-1.2623524749061286,3.0,False,False,,,weekly,10.0,sigma,computed,/home/lkoo/projects/AutomationDetection/DownloadedLC/incremental/quiescent_background_cache.csv,,,,,,False,not_in_flare_streak
4FGL J0841.3+7053,410,411,58820.00001157408,5.81e-08,3.53e-08,6.34e-08,1.3804070476190473e-07,1.213746034816248e-07,1.5405174851430847e-09,1.213746034816248e-07,1.5405174851430847e-09,7.81946e-07,7.81946e-07,1.213746034816248e-07,False,False,False,0,False,,,-1.7907772172921357,3.0,False,False,,,weekly,10.0,sigma,computed,/home/lkoo/projects/AutomationDetection/DownloadedLC/incremental/quiescent_background_cache.csv,,,,,,False,not_in_flare_streak
4FGL J0841.3+7053,411,412,58834.00001157408,7.45e-08,4.44e-08,5.81e-08,1.3804070476190473e-07,1.213746034816248e-07,1.5405174851430847e-09,1.213746034816248e-07,1.5405174851430847e-09,7.81946e-07,7.81946e-07,1.213746034816248e-07,True,False,False,0,False,,,-1.055099420339392,3.0,False,False,,,weekly,10.0,sigma,computed,/home/lkoo/projects/AutomationDetection/DownloadedLC/incremental/quiescent_background_cache.csv,,,,,,False,not_in_flare_streak
4FGL J0841.3+7053,412,413,58848.00001157408,1.94e-08,1.68e-08,7.45e-08,1.3804070476190473e-07,1.213746034816248e-07,1.5405174851430847e-09,1.213746034816248e-07,1.5405174851430847e-09,7.81946e-07,7.81946e-07,1.213746034816248e-07,False,False,False,0,False,,,-6.044557463772039,3.0,False,False,,,weekly,10.0,sigma,computed,/home/lkoo/projects/AutomationDetection/DownloadedLC/incremental/quiescent_background_cache.csv,,,,,,False,not_in_flare_streak
4FGL J0841.3+7053,413,414,58855.00001157408,5.34e-08,2.87e-08,1.94e-08,1.3804070476190473e-07,1.213746034816248e-07,1.5405174851430847e-09,1.213746034816248e-07,1.5405174851430847e-09,7.81946e-07,7.81946e-07,1.213746034816248e-07,True,False,False,0,False,,,-2.365048475577049,3.0,False,False,,,weekly,10.0,sigma,computed,/home/lkoo/projects/AutomationDetection/DownloadedLC/incremental/quiescent_background_cache.csv,,,,,,False,not_in_flare_streak
4FGL J0841.3+7053,414,415,58862.00001157408,7.05e-08,3.28e-08,5.34e-08,1.3804070476190473e-07,1.213746034816248e-07,1.5405174851430847e-09,1.213746034816248e-07,1.5405174851430847e-09,7.81946e-07,7.81946e-07,1.213746034816248e-07,True,False,False,0,False,,,-1.5493470741513022,3.0,False,False,,,weekly,10.0,sigma,computed,/home/lkoo/projects/AutomationDetection/DownloadedLC/incremental/quiescent_background_cache.csv,,,,,,False,not_in_flare_streak
4FGL J0841.3+7053,415,416,58869.00001157408,7.31e-08,2.81e-08,7.05e-08,1.3804070476190473e-07,1.213746034816248e-07,1.5405174851430847e-09,1.213746034816248e-07,1.5405174851430847e-09,7.81946e-07,7.81946e-07,1.213746034816248e-07,True,False,False,0,False,,,-1.71538154058021,3.0,False,False,,,weekly,10.0,sigma,computed,/home/lkoo/projects/AutomationDetection/DownloadedLC/incremental/quiescent_background_cache.csv,,,,,,False,not_in_flare_streak
4FGL J0841.3+7053,416,417,58918.00001157408,4.32e-08,2.53e-08,7.31e-08,1.3804070476190473e-07,1.213746034816248e-07,1.5405174851430847e-09,1.213746034816248e-07,1.5405174851430847e-09,7.81946e-07,7.81946e-07,1.213746034816248e-07,False,False,False,0,False,,,-3.08419309708378,3.0,False,False,,,weekly,10.0,sigma,computed,/home/lkoo/projects/AutomationDetection/DownloadedLC/incremental/quiescent_background_cache.csv,,,,,,False,not_in_flare_streak
4FGL J0841.3+7053,417,418,58953.00001157408,6.6e-08,2.46e-08,4.32e-08,1.3804070476190473e-07,1.213746034816248e-07,1.5405174851430847e-09,1.213746034816248e-07,1.5405174851430847e-09,7.81946e-07,7.81946e-07,1.213746034816248e-07,True,False,False,0,False,,,-2.2465993223931675,3.0,False,False,,,weekly,10.0,sigma,computed,/home/lkoo/projects/AutomationDetection/DownloadedLC/incremental/quiescent_background_cache.csv,,,,,,False,not_in_flare_streak
4FGL J0841.3+7053,418,419,58960.00001157408,2.8e-08,2.12e-08,6.6e-08,1.3804070476190473e-07,1.213746034816248e-07,1.5405174851430847e-09,1.213746034816248e-07,1.5405174851430847e-09,7.81946e-07,7.81946e-07,1.213746034816248e-07,False,False,False,0,False,,,-4.392879758217814,3.0,False,False,,,weekly,10.0,sigma,computed,/home/lkoo/projects/AutomationDetection/DownloadedLC/incremental/quiescent_background_cache.csv,,,,,,False,not_in_flare_streak
4FGL J0841.3+7053,419,420,58967.00001157408,4.17e-08,2.13e-08,2.8e-08,1.3804070476190473e-07,1.213746034816248e-07,1.5405174851430847e-09,1.213746034816248e-07,1.5405174851430847e-09,7.81946e-07,7.81946e-07,1.213746034816248e-07,True,False,False,0,False,,,-3.7308466500886226,3.0,False,False,,,weekly,10.0,sigma,computed,/home/lkoo/projects/AutomationDetection/DownloadedLC/incremental/quiescent_background_cache.csv,,,,,,False,not_in_flare_streak
4FGL J0841.3+7053,420,421,58974.00001157408,3.12e-08,2.27e-08,4.17e-08,1.3804070476190473e-07,1.213746034816248e-07,1.5405174851430847e-09,1.213746034816248e-07,1.5405174851430847e-09,7.81946e-07,7.81946e-07,1.213746034816248e-07,False,False,False,0,False,,,-3.96333331090921,3.0,False,False,,,weekly,10.0,sigma,computed,/home/lkoo/projects/AutomationDetection/DownloadedLC/incremental/quiescent_background_cache.csv,,,,,,False,not_in_flare_streak
4FGL J0841.3+7053,421,422,58981.00001157408,9.44e-08,3.3e-08,3.12e-08,1.3804070476190473e-07,1.213746034816248e-07,1.5405174851430847e-09,1.213746034816248e-07,1.5405174851430847e-09,7.81946e-07,7.81946e-07,1.213746034816248e-07,True,False,False,0,False,,,-0.8165230104433139,3.0,False,False,,,weekly,10.0,sigma,computed,/home/lkoo/projects/AutomationDetection/DownloadedLC/incremental/quiescent_background_cache.csv,,,,,,False,not_in_flare_streak
4FGL J0841.3+7053,422,423,58995.00001157408,5.36e-08,3.54e-08,9.44e-08,1.3804070476190473e-07,1.213746034816248e-07,1.5405174851430847e-09,1.213746034816248e-07,1.5405174851430847e-09,7.81946e-07,7.81946e-07,1.213746034816248e-07,False,False,False,0,False,,,-1.9127265481450735,3.0,False,False,,,weekly,10.0,sigma,computed,/home/lkoo/projects/AutomationDetection/DownloadedLC/incremental/quiescent_background_cache.csv,,,,,,False,not_in_flare_streak
4FGL J0841.3+7053,423,424,59009.00001157408,2.03e-08,1.78e-08,5.36e-08,1.3804070476190473e-07,1.213746034816248e-07,1.5405174851430847e-09,1.213746034816248e-07,1.5405174851430847e-09,7.81946e-07,7.81946e-07,1.213746034816248e-07,False,False,False,0,False,,,-5.657201258718501,3.0,False,False,,,weekly,10.0,sigma,computed,/home/lkoo/projects/AutomationDetection/DownloadedLC/incremental/quiescent_background_cache.csv,,,,,,False,not_in_flare_streak
4FGL J0841.3+7053,424,425,59079.00001157408,2.95e-09,2.95e-09,2.03e-08,1.3804070476190473e-07,1.213746034816248e-07,1.5405174851430847e-09,1.213746034816248e-07,1.5405174851430847e-09,7.81946e-07,7.81946e-07,1.213746034816248e-07,False,False,False,0,False,,,-35.584139047916175,3.0,False,False,,,weekly,10.0,sigma,computed,/home/lkoo/projects/AutomationDetection/DownloadedLC/incremental/quiescent_background_cache.csv,,,,,,False,not_in_flare_streak
4FGL J0841.3+7053,425,426,59121.00001157408,4.45e-08,2.37e-08,2.95e-09,1.3804070476190473e-07,1.213746034816248e-07,1.5405174851430847e-09,1.213746034816248e-07,1.5405174851430847e-09,7.81946e-07,7.81946e-07,1.213746034816248e-07,True,False,False,0,False,,,-3.2368234181738913,3.0,False,False,,,weekly,10.0,sigma,computed,/home/lkoo/projects/AutomationDetection/DownloadedLC/incremental/quiescent_background_cache.csv,,,,,,False,not_in_flare_streak
4FGL J0841.3+7053,426,427,59128.00001157408,5.28e-08,2.74e-08,4.45e-08,1.3804070476190473e-07,1.213746034816248e-07,1.5405174851430847e-09,1.213746034816248e-07,1.5405174851430847e-09,7.81946e-07,7.81946e-07,1.213746034816248e-07,True,False,False,0,False,,,-2.4987764852038694,3.0,False,False,,,weekly,10.0,sigma,computed,/home/lkoo/projects/AutomationDetection/DownloadedLC/incremental/quiescent_background_cache.csv,,,,,,False,not_in_flare_streak
4FGL J0841.3+7053,427,428,59135.00001157408,6.66e-08,3.25e-08,5.28e-08,1.3804070476190473e-07,1.213746034816248e-07,1.5405174851430847e-09,1.213746034816248e-07,1.5405174851430847e-09,7.81946e-07,7.81946e-07,1.213746034816248e-07,True,False,False,0,False,,,-1.6834822427251448,3.0,False,False,,,weekly,10.0,sigma,computed,/home/lkoo/projects/AutomationDetection/DownloadedLC/incremental/quiescent_background_cache.csv,,,,,,False,not_in_flare_streak
4FGL J0841.3+7053,428,429,59149.00001157408,4.43e-08,2.55e-08,6.66e-08,1.3804070476190473e-07,1.213746034816248e-07,1.5405174851430847e-09,1.213746034816248e-07,1.5405174851430847e-09,7.81946e-07,7.81946e-07,1.213746034816248e-07,False,False,False,0,False,,,-3.0170329056624654,3.0,False,False,,,weekly,10.0,sigma,computed,/home/lkoo/projects/AutomationDetection/DownloadedLC/incremental/quiescent_background_cache.csv,,,,,,False,not_in_flare_streak
4FGL J0841.3+7053,429,430,59163.00001157408,3.91e-08,2.55e-08,4.43e-08,1.3804070476190473e-07,1.213746034816248e-07,1.5405174851430847e-09,1.213746034816248e-07,1.5405174851430847e-09,7.81946e-07,7.81946e-07,1.213746034816248e-07,False,False,False,0,False,,,-3.2205833671732416,3.0,False,False,,,weekly,10.0,sigma,computed,/home/lkoo/projects/AutomationDetection/DownloadedLC/incremental/quiescent_background_cache.csv,,,,,,False,not_in_flare_streak
4FGL J0841.3+7053,430,431,59198.00001157408,7.15e-08,2.72e-08,3.91e-08,1.3804070476190473e-07,1.213746034816248e-07,1.5405174851430847e-09,1.213746034816248e-07,1.5405174851430847e-09,7.81946e-07,7.81946e-07,1.213746034816248e-07,True,False,False,0,False,,,-1.8306913129907578,3.0,False,False,,,weekly,10.0,sigma,computed,/home/lkoo/projects/AutomationDetection/DownloadedLC/incremental/quiescent_background_cache.csv,,,,,,False,not_in_flare_streak
4FGL J0841.3+7053,431,432,59324.00001157408,3.98e-08,2.03e-08,7.15e-08,1.3804070476190473e-07,1.213746034816248e-07,1.5405174851430847e-09,1.213746034816248e-07,1.5405174851430847e-09,7.81946e-07,7.81946e-07,1.213746034816248e-07,False,False,False,0,False,,,-4.006932132560875,3.0,False,False,,,weekly,10.0,sigma,computed,/home/lkoo/projects/AutomationDetection/DownloadedLC/incremental/quiescent_background_cache.csv,,,,,,False,not_in_flare_streak
4FGL J0841.3+7053,432,433,59359.00001157408,3.22e-08,1.95e-08,3.98e-08,1.3804070476190473e-07,1.213746034816248e-07,1.5405174851430847e-09,1.213746034816248e-07,1.5405174851430847e-09,7.81946e-07,7.81946e-07,1.213746034816248e-07,False,False,False,0,False,,,-4.5588524946222035,3.0,False,False,,,weekly,10.0,sigma,computed,/home/lkoo/projects/AutomationDetection/DownloadedLC/incremental/quiescent_background_cache.csv,,,,,,False,not_in_flare_streak
4FGL J0841.3+7053,433,434,59394.00001157408,2.79e-08,1.72e-08,3.22e-08,1.3804070476190473e-07,1.213746034816248e-07,1.5405174851430847e-09,1.213746034816248e-07,1.5405174851430847e-09,7.81946e-07,7.81946e-07,1.213746034816248e-07,False,False,False,0,False,,,-5.412902498944668,3.0,False,False,,,weekly,10.0,sigma,computed,/home/lkoo/projects/AutomationDetection/DownloadedLC/incremental/quiescent_background_cache.csv,,,,,,False,not_in_flare_streak
4FGL J0841.3+7053,434,435,59408.00001157408,5.32e-08,2.62e-08,2.79e-08,1.3804070476190473e-07,1.213746034816248e-07,1.5405174851430847e-09,1.213746034816248e-07,1.5405174851430847e-09,7.81946e-07,7.81946e-07,1.213746034816248e-07,True,False,False,0,False,,,-2.597597705395567,3.0,False,False,,,weekly,10.0,sigma,computed,/home/lkoo/projects/AutomationDetection/DownloadedLC/incremental/quiescent_background_cache.csv,,,,,,False,not_in_flare_streak
4FGL J0841.3+7053,435,436,59457.00001157408,5.9e-08,3.1e-08,5.32e-08,1.3804070476190473e-07,1.213746034816248e-07,1.5405174851430847e-09,1.213746034816248e-07,1.5405174851430847e-09,7.81946e-07,7.81946e-07,1.213746034816248e-07,True,False,False,0,False,,,-2.0096041497677546,3.0,False,False,,,weekly,10.0,sigma,computed,/home/lkoo/projects/AutomationDetection/DownloadedLC/incremental/quiescent_background_cache.csv,,,,,,False,not_in_flare_streak
4FGL J0841.3+7053,436,437,59471.00001157408,1.83e-08,1.44e-08,5.9e-08,1.3804070476190473e-07,1.213746034816248e-07,1.5405174851430847e-09,1.213746034816248e-07,1.5405174851430847e-09,7.81946e-07,7.81946e-07,1.213746034816248e-07,False,False,False,0,False,,,-7.117346136563739,3.0,False,False,,,weekly,10.0,sigma,computed,/home/lkoo/projects/AutomationDetection/DownloadedLC/incremental/quiescent_background_cache.csv,,,,,,False,not_in_flare_streak
4FGL J0841.3+7053,437,438,59499.00001157408,5.57e-08,2.73e-08,1.83e-08,1.3804070476190473e-07,1.213746034816248e-07,1.5405174851430847e-09,1.213746034816248e-07,1.5405174851430847e-09,7.81946e-07,7.81946e-07,1.213746034816248e-07,True,False,False,0,False,,,-2.401842130482905,3.0,False,False,,,weekly,10.0,sigma,computed,/home/lkoo/projects/AutomationDetection/DownloadedLC/incremental/quiescent_background_cache.csv,,,,,,False,not_in_flare_streak
4FGL J0841.3+7053,438,439,59513.00001157408,8.51e-08,2.96e-08,5.57e-08,1.3804070476190473e-07,1.213746034816248e-07,1.5405174851430847e-09,1.213746034816248e-07,1.5405174851430847e-09,7.81946e-07,7.81946e-07,1.213746034816248e-07,True,False,False,0,False,,,-1.22383702027548,3.0,False,False,,,weekly,10.0,sigma,computed,/home/lkoo/projects/AutomationDetection/DownloadedLC/incremental/quiescent_background_cache.csv,,,,,,False,not_in_flare_streak
4FGL J0841.3+7053,439,440,59569.00001157408,5.62e-08,2.91e-08,8.51e-08,1.3804070476190473e-07,1.213746034816248e-07,1.5405174851430847e-09,1.213746034816248e-07,1.5405174851430847e-09,7.81946e-07,7.81946e-07,1.213746034816248e-07,False,False,False,0,False,,,-2.236545317125106,3.0,False,False,,,weekly,10.0,sigma,computed,/home/lkoo/projects/AutomationDetection/DownloadedLC/incremental/quiescent_background_cache.csv,,,,,,False,not_in_flare_streak
4FGL J0841.3+7053,440,441,59597.00001157408,7.39e-08,3.22e-08,5.62e-08,1.3804070476190473e-07,1.213746034816248e-07,1.5405174851430847e-09,1.213746034816248e-07,1.5405174851430847e-09,7.81946e-07,7.81946e-07,1.213746034816248e-07,True,False,False,0,False,,,-1.4726821405477373,3.0,False,False,,,weekly,10.0,sigma,computed,/home/lkoo/projects/AutomationDetection/DownloadedLC/incremental/quiescent_background_cache.csv,,,,,,False,not_in_flare_streak
4FGL J0841.3+7053,441,442,59604.00001157408,2.74e-08,2.38e-08,7.39e-08,1.3804070476190473e-07,1.213746034816248e-07,1.5405174851430847e-09,1.213746034816248e-07,1.5405174851430847e-09,7.81946e-07,7.81946e-07,1.213746034816248e-07,False,False,False,0,False,,,-3.9402671781346523,3.0,False,False,,,weekly,10.0,sigma,computed,/home/lkoo/projects/AutomationDetection/DownloadedLC/incremental/quiescent_background_cache.csv,,,,,,False,not_in_flare_streak
4FGL J0841.3+7053,442,443,59611.00001157408,3.87e-08,2.51e-08,2.74e-08,1.3804070476190473e-07,1.213746034816248e-07,1.5405174851430847e-09,1.213746034816248e-07,1.5405174851430847e-09,7.81946e-07,7.81946e-07,1.213746034816248e-07,True,False,False,0,False,,,-3.287622626468954,3.0,False,False,,,weekly,10.0,sigma,computed,/home/lkoo/projects/AutomationDetection/DownloadedLC/incremental/quiescent_background_cache.csv,,,,,,False,not_in_flare_streak
4FGL J0841.3+7053,443,444,59646.00001157408,3.34e-08,2.35e-08,3.87e-08,1.3804070476190473e-07,1.213746034816248e-07,1.5405174851430847e-09,1.213746034816248e-07,1.5405174851430847e-09,7.81946e-07,7.81946e-07,1.213746034816248e-07,False,False,False,0,False,,,-3.735582259465566,3.0,False,False,,,weekly,10.0,sigma,computed,/home/lkoo/projects/AutomationDetection/DownloadedLC/incremental/quiescent_background_cache.csv,,,,,,False,not_in_flare_streak
4FGL J0841.3+7053,444,445,59653.00001157408,4.94e-08,2.69e-08,3.34e-08,1.3804070476190473e-07,1.213746034816248e-07,1.5405174851430847e-09,1.213746034816248e-07,1.5405174851430847e-09,7.81946e-07,7.81946e-07,1.213746034816248e-07,True,False,False,0,False,,,-2.6712589934113287,3.0,False,False,,,weekly,10.0,sigma,computed,/home/lkoo/projects/AutomationDetection/DownloadedLC/incremental/quiescent_background_cache.csv,,,,,,False,not_in_flare_streak
4FGL J0841.3+7053,445,446,59667.00001157408,1.08e-07,3.31e-08,4.94e-08,1.3804070476190473e-07,1.213746034816248e-07,1.5405174851430847e-09,1.213746034816248e-07,1.5405174851430847e-09,7.81946e-07,7.81946e-07,1.213746034816248e-07,True,False,False,0,False,,,-0.4036296570466166,3.0,False,False,,,weekly,10.0,sigma,computed,/home/lkoo/projects/AutomationDetection/DownloadedLC/incremental/quiescent_background_cache.csv,,,,,,False,not_in_flare_streak
4FGL J0841.3+7053,446,447,59674.00001157408,7.08e-08,3.08e-08,1.08e-07,1.3804070476190473e-07,1.213746034816248e-07,1.5405174851430847e-09,1.213746034816248e-07,1.5405174851430847e-09,7.81946e-07,7.81946e-07,1.213746034816248e-07,False,False,False,0,False,,,-1.6399825058600046,3.0,False,False,,,weekly,10.0,sigma,computed,/home/lkoo/projects/AutomationDetection/DownloadedLC/incremental/quiescent_background_cache.csv,,,,,,False,not_in_flare_streak
4FGL J0841.3+7053,447,448,59730.00001157408,1.53e-08,1.19e-08,7.08e-08,1.3804070476190473e-07,1.213746034816248e-07,1.5405174851430847e-09,1.213746034816248e-07,1.5405174851430847e-09,7.81946e-07,7.81946e-07,1.213746034816248e-07,False,False,False,0,False,,,-8.840066156135293,3.0,False,False,,,weekly,10.0,sigma,computed,/home/lkoo/projects/AutomationDetection/DownloadedLC/incremental/quiescent_background_cache.csv,,,,,,False,not_in_flare_streak
4FGL J0841.3+7053,448,449,59744.00001157408,1.8e-08,1.56e-08,1.53e-08,1.3804070476190473e-07,1.213746034816248e-07,1.5405174851430847e-09,1.213746034816248e-07,1.5405174851430847e-09,7.81946e-07,7.81946e-07,1.213746034816248e-07,True,False,False,0,False,,,-6.594501081616242,3.0,False,False,,,weekly,10.0,sigma,computed,/home/lkoo/projects/AutomationDetection/DownloadedLC/incremental/quiescent_background_cache.csv,,,,,,False,not_in_flare_streak
4FGL J0841.3+7053,449,450,59751.00001157408,8.07e-08,3.63e-08,1.8e-08,1.3804070476190473e-07,1.213746034816248e-07,1.5405174851430847e-09,1.213746034816248e-07,1.5405174851430847e-09,7.81946e-07,7.81946e-07,1.213746034816248e-07,True,False,False,0,False,,,-1.1195048174002489,3.0,False,False,,,weekly,10.0,sigma,computed,/home/lkoo/projects/AutomationDetection/DownloadedLC/incremental/quiescent_background_cache.csv,,,,,,False,not_in_flare_streak
4FGL J0841.3+7053,450,451,59772.00001157408,5.55e-08,2.92e-08,8.07e-08,1.3804070476190473e-07,1.213746034816248e-07,1.5405174851430847e-09,1.213746034816248e-07,1.5405174851430847e-09,7.81946e-07,7.81946e-07,1.213746034816248e-07,False,False,False,0,False,,,-2.2528465215614912,3.0,False,False,,,weekly,10.0,sigma,computed,/home/lkoo/projects/AutomationDetection/DownloadedLC/incremental/quiescent_background_cache.csv,,,,,,False,not_in_flare_streak
4FGL J0841.3+7053,451,452,59779.00001157408,5.24e-08,3.35e-08,5.55e-08,1.3804070476190473e-07,1.213746034816248e-07,1.5405174851430847e-09,1.213746034816248e-07,1.5405174851430847e-09,7.81946e-07,7.81946e-07,1.213746034816248e-07,False,False,False,0,False,,,-2.0567698360220024,3.0,False,False,,,weekly,10.0,sigma,computed,/home/lkoo/projects/AutomationDetection/DownloadedLC/incremental/quiescent_background_cache.csv,,,,,,False,not_in_flare_streak
4FGL J0841.3+7053,452,453,59786.00001157408,1.16e-07,2.95e-08,5.24e-08,1.3804070476190473e-07,1.213746034816248e-07,1.5405174851430847e-09,1.213746034816248e-07,1.5405174851430847e-09,7.81946e-07,7.81946e-07,1.213746034816248e-07,True,False,False,0,False,,,-0.18194203712351406,3.0,False,False,,,weekly,10.0,sigma,computed,/home/lkoo/projects/AutomationDetection/DownloadedLC/incremental/quiescent_background_cache.csv,,,,,,False,not_in_flare_streak
4FGL J0841.3+7053,453,454,59793.00001157408,8.65e-08,3.18e-08,1.16e-07,1.3804070476190473e-07,1.213746034816248e-07,1.5405174851430847e-09,1.213746034816248e-07,1.5405174851430847e-09,7.81946e-07,7.81946e-07,1.213746034816248e-07,False,False,False,0,False,,,-1.0954010450131775,3.0,False,False,,,weekly,10.0,sigma,computed,/home/lkoo/projects/AutomationDetection/DownloadedLC/incremental/quiescent_background_cache.csv,,,,,,False,not_in_flare_streak
4FGL J0841.3+7053,454,455,59800.00001157408,6.57e-08,2.32e-08,8.65e-08,1.3804070476190473e-07,1.213746034816248e-07,1.5405174851430847e-09,1.213746034816248e-07,1.5405174851430847e-09,7.81946e-07,7.81946e-07,1.213746034816248e-07,False,False,False,0,False,,,-2.394494325775269,3.0,False,False,,,weekly,10.0,sigma,computed,/home/lkoo/projects/AutomationDetection/DownloadedLC/incremental/quiescent_background_cache.csv,,,,,,False,not_in_flare_streak
4FGL J0841.3+7053,455,456,59807.00001157408,1.29e-07,3.49e-08,6.57e-08,1.3804070476190473e-07,1.213746034816248e-07,1.5405174851430847e-09,1.213746034816248e-07,1.5405174851430847e-09,7.81946e-07,7.81946e-07,1.213746034816248e-07,True,True,False,0,False,,,0.21828018973755317,3.0,False,False,,,weekly,10.0,sigma,computed,/home/lkoo/projects/AutomationDetection/DownloadedLC/incremental/quiescent_background_cache.csv,,,,,,False,not_in_flare_streak
4FGL J0841.3+7053,456,457,59814.00001157408,4.51e-08,2.8e-08,1.29e-07,1.3804070476190473e-07,1.213746034816248e-07,1.5405174851430847e-09,1.213746034816248e-07,1.5405174851430847e-09,7.81946e-07,7.81946e-07,1.213746034816248e-07,False,False,False,0,False,,,-2.7199793580812925,3.0,False,False,,,weekly,10.0,sigma,computed,/home/lkoo/projects/AutomationDetection/DownloadedLC/incremental/quiescent_background_cache.csv,,,,,,False,not_in_flare_streak
4FGL J0841.3+7053,457,458,59821.00001157408,1.11e-07,3.2e-08,4.51e-08,1.3804070476190473e-07,1.213746034816248e-07,1.5405174851430847e-09,1.213746034816248e-07,1.5405174851430847e-09,7.81946e-07,7.81946e-07,1.213746034816248e-07,True,False,False,0,False,,,-0.323831324699464,3.0,False,False,,,weekly,10.0,sigma,computed,/home/lkoo/projects/AutomationDetection/DownloadedLC/incremental/quiescent_background_cache.csv,,,,,,False,not_in_flare_streak
4FGL J0841.3+7053,458,459,59842.00001157408,4.66e-08,3.18e-08,1.11e-07,1.3804070476190473e-07,1.213746034816248e-07,1.5405174851430847e-09,1.213746034816248e-07,1.5405174851430847e-09,7.81946e-07,7.81946e-07,1.213746034816248e-07,False,False,False,0,False,,,-2.348648317603802,3.0,False,False,,,weekly,10.0,sigma,computed,/home/lkoo/projects/AutomationDetection/DownloadedLC/incremental/quiescent_background_cache.csv,,,,,,False,not_in_flare_streak
4FGL J0841.3+7053,459,460,59849.00001157408,9.3e-08,3.21e-08,4.66e-08,1.3804070476190473e-07,1.213746034816248e-07,1.5405174851430847e-09,1.213746034816248e-07,1.5405174851430847e-09,7.81946e-07,7.81946e-07,1.213746034816248e-07,True,False,False,0,False,,,-0.8829278585287685,3.0,False,False,,,weekly,10.0,sigma,computed,/home/lkoo/projects/AutomationDetection/DownloadedLC/incremental/quiescent_background_cache.csv,,,,,,False,not_in_flare_streak
4FGL J0841.3+7053,460,461,59863.00001157408,4.11e-08,2.07e-08,9.3e-08,1.3804070476190473e-07,1.213746034816248e-07,1.5405174851430847e-09,1.213746034816248e-07,1.5405174851430847e-09,7.81946e-07,7.81946e-07,1.213746034816248e-07,False,False,False,0,False,,,-3.867305410297569,3.0,False,False,,,weekly,10.0,sigma,computed,/home/lkoo/projects/AutomationDetection/DownloadedLC/incremental/quiescent_background_cache.csv,,,,,,False,not_in_flare_streak
4FGL J0841.3+7053,461,462,59877.00001157408,8.3e-08,3.44e-08,4.11e-08,1.3804070476190473e-07,1.213746034816248e-07,1.5405174851430847e-09,1.213746034816248e-07,1.5405174851430847e-09,7.81946e-07,7.81946e-07,1.213746034816248e-07,True,False,False,0,False,,,-1.1144238862142763,3.0,False,False,,,weekly,10.0,sigma,computed,/home/lkoo/projects/AutomationDetection/DownloadedLC/incremental/quiescent_background_cache.csv,,,,,,False,not_in_flare_streak
4FGL J0841.3+7053,462,463,59884.00001157408,3.82e-08,2.61e-08,8.3e-08,1.3804070476190473e-07,1.213746034816248e-07,1.5405174851430847e-09,1.213746034816248e-07,1.5405174851430847e-09,7.81946e-07,7.81946e-07,1.213746034816248e-07,False,False,False,0,False,,,-3.1812298628004183,3.0,False,False,,,weekly,10.0,sigma,computed,/home/lkoo/projects/AutomationDetection/DownloadedLC/incremental/quiescent_background_cache.csv,,,,,,False,not_in_flare_streak
4FGL J0841.3+7053,463,464,59891.00001157408,1.06e-07,3.31e-08,3.82e-08,1.3804070476190473e-07,1.213746034816248e-07,1.5405174851430847e-09,1.213746034816248e-07,1.5405174851430847e-09,7.81946e-07,7.81946e-07,1.213746034816248e-07,True,False,False,0,False,,,-0.46398728299061703,3.0,False,False,,,weekly,10.0,sigma,computed,/home/lkoo/projects/AutomationDetection/DownloadedLC/incremental/quiescent_background_cache.csv,,,,,,False,not_in_flare_streak
4FGL J0841.3+7053,464,465,59898.00001157408,6.02e-08,2.63e-08,1.06e-07,1.3804070476190473e-07,1.213746034816248e-07,1.5405174851430847e-09,1.213746034816248e-07,1.5405174851430847e-09,7.81946e-07,7.81946e-07,1.213746034816248e-07,False,False,False,0,False,,,-2.3220504744171846,3.0,False,False,,,weekly,10.0,sigma,computed,/home/lkoo/projects/AutomationDetection/DownloadedLC/incremental/quiescent_background_cache.csv,,,,,,False,not_in_flare_streak
4FGL J0841.3+7053,465,466,59905.00001157408,7.87e-08,2.95e-08,6.02e-08,1.3804070476190473e-07,1.213746034816248e-07,1.5405174851430847e-09,1.213746034816248e-07,1.5405174851430847e-09,7.81946e-07,7.81946e-07,1.213746034816248e-07,True,False,False,0,False,,,-1.4446283000095503,3.0,False,False,,,weekly,10.0,sigma,computed,/home/lkoo/projects/AutomationDetection/DownloadedLC/incremental/quiescent_background_cache.csv,,,,,,False,not_in_flare_streak
4FGL J0841.3+7053,466,467,59912.00001157408,7.38e-08,4.08e-08,7.87e-08,1.3804070476190473e-07,1.213746034816248e-07,1.5405174851430847e-09,1.213746034816248e-07,1.5405174851430847e-09,7.81946e-07,7.81946e-07,1.213746034816248e-07,False,False,False,0,False,,,-1.1652139051650765,3.0,False,False,,,weekly,10.0,sigma,computed,/home/lkoo/projects/AutomationDetection/DownloadedLC/incremental/quiescent_background_cache.csv,,,,,,False,not_in_flare_streak
4FGL J0841.3+7053,467,468,59919.00001157408,8.67e-08,3.11e-08,7.38e-08,1.3804070476190473e-07,1.213746034816248e-07,1.5405174851430847e-09,1.213746034816248e-07,1.5405174851430847e-09,7.81946e-07,7.81946e-07,1.213746034816248e-07,True,False,False,0,False,,,-1.1135736960445237,3.0,False,False,,,weekly,10.0,sigma,computed,/home/lkoo/projects/AutomationDetection/DownloadedLC/incremental/quiescent_background_cache.csv,,,,,,False,not_in_flare_streak
4FGL J0841.3+7053,468,469,59933.00001157408,7.77e-08,2.99e-08,8.67e-08,1.3804070476190473e-07,1.213746034816248e-07,1.5405174851430847e-09,1.213746034816248e-07,1.5405174851430847e-09,7.81946e-07,7.81946e-07,1.213746034816248e-07,False,False,False,0,False,,,-1.4587541949905094,3.0,False,False,,,weekly,10.0,sigma,computed,/home/lkoo/projects/AutomationDetection/DownloadedLC/incremental/quiescent_background_cache.csv,,,,,,False,not_in_flare_streak
4FGL J0841.3+7053,469,470,59940.00001157408,5.81e-08,2.64e-08,7.77e-08,1.3804070476190473e-07,1.213746034816248e-07,1.5405174851430847e-09,1.213746034816248e-07,1.5405174851430847e-09,7.81946e-07,7.81946e-07,1.213746034816248e-07,False,False,False,0,False,,,-2.3926951040458295,3.0,False,False,,,weekly,10.0,sigma,computed,/home/lkoo/projects/AutomationDetection/DownloadedLC/incremental/quiescent_background_cache.csv,,,,,,False,not_in_flare_streak
4FGL J0841.3+7053,470,471,59947.00001157408,5.61e-08,2.15e-08,5.81e-08,1.3804070476190473e-07,1.213746034816248e-07,1.5405174851430847e-09,1.213746034816248e-07,1.5405174851430847e-09,7.81946e-07,7.81946e-07,1.213746034816248e-07,False,False,False,0,False,,,-3.0282644573118516,3.0,False,False,,,weekly,10.0,sigma,computed,/home/lkoo/projects/AutomationDetection/DownloadedLC/incremental/quiescent_background_cache.csv,,,,,,False,not_in_flare_streak
4FGL J0841.3+7053,471,472,59954.00001157408,1.02e-07,3.88e-08,5.61e-08,1.3804070476190473e-07,1.213746034816248e-07,1.5405174851430847e-09,1.213746034816248e-07,1.5405174851430847e-09,7.81946e-07,7.81946e-07,1.213746034816248e-07,True,False,False,0,False,,,-0.498952328135294,3.0,False,False,,,weekly,10.0,sigma,computed,/home/lkoo/projects/AutomationDetection/DownloadedLC/incremental/quiescent_background_cache.csv,,,,,,False,not_in_flare_streak
4FGL J0841.3+7053,472,473,59975.00001157408,2.24e-08,2.08e-08,1.02e-07,1.3804070476190473e-07,1.213746034816248e-07,1.5405174851430847e-09,1.213746034816248e-07,1.5405174851430847e-09,7.81946e-07,7.81946e-07,1.213746034816248e-07,False,False,False,0,False,,,-4.745397048329995,3.0,False,False,,,weekly,10.0,sigma,computed,/home/lkoo/projects/AutomationDetection/DownloadedLC/incremental/quiescent_background_cache.csv,,,,,,False,not_in_flare_streak
4FGL J0841.3+7053,473,474,59982.00001157408,1.48e-07,3.21e-08,2.24e-08,1.3804070476190473e-07,1.213746034816248e-07,1.5405174851430847e-09,1.213746034816248e-07,1.5405174851430847e-09,7.81946e-07,7.81946e-07,1.213746034816248e-07,True,True,False,0,False,,,0.8284980738381836,3.0,False,False,,,weekly,10.0,sigma,computed,/home/lkoo/projects/AutomationDetection/DownloadedLC/incremental/quiescent_background_cache.csv,,,,,,False,not_in_flare_streak
4FGL J0841.3+7053,474,475,59989.00001157408,2.82e-07,4.57e-08,1.48e-07,1.3804070476190473e-07,1.213746034816248e-07,1.5405174851430847e-09,1.213746034816248e-07,1.5405174851430847e-09,7.81946e-07,7.81946e-07,1.213746034816248e-07,True,True,False,0,False,,,3.512783659759124,3.0,True,True,59989.00001157408,59989.00001157408,weekly,10.0,sigma,computed,/home/lkoo/projects/AutomationDetection/DownloadedLC/incremental/quiescent_background_cache.csv,,,,,,False,not_in_flare_streak
4FGL J0841.3+7053,475,476,59996.00001157408,4.59e-07,4.59e-08,2.82e-07,1.3804070476190473e-07,1.213746034816248e-07,1.5405174851430847e-09,1.213746034816248e-07,1.5405174851430847e-09,7.81946e-07,7.81946e-07,1.213746034816248e-07,True,True,False,0,False,,,7.351533762903957,3.0,True,True,59989.00001157408,59996.00001157408,weekly,10.0,sigma,computed,/home/lkoo/projects/AutomationDetection/DownloadedLC/incremental/quiescent_background_cache.csv,,,,,,False,not_in_flare_streak
4FGL J0841.3+7053,476,477,60003.00001157408,1.58e-07,3.79e-08,4.59e-07,1.3804070476190473e-07,1.213746034816248e-07,1.5405174851430847e-09,1.213746034816248e-07,1.5405174851430847e-09,7.81946e-07,7.81946e-07,1.213746034816248e-07,False,True,False,0,False,,,0.9655719857261342,3.0,False,True,59989.00001157408,60003.00001157408,weekly,10.0,sigma,computed,/home/lkoo/projects/AutomationDetection/DownloadedLC/incremental/quiescent_background_cache.csv,,,,,,False,not_in_flare_streak
4FGL J0841.3+7053,477,478,60010.00001157408,1.08e-07,2.77e-08,1.58e-07,1.3804070476190473e-07,1.213746034816248e-07,1.5405174851430847e-09,1.213746034816248e-07,1.5405174851430847e-09,7.81946e-07,7.81946e-07,1.213746034816248e-07,False,False,False,0,False,,,-0.4820927006838185,3.0,False,False,,,weekly,10.0,sigma,computed,/home/lkoo/projects/AutomationDetection/DownloadedLC/incremental/quiescent_background_cache.csv,,,,,,False,not_in_flare_streak
4FGL J0841.3+7053,478,479,60017.00001157408,1.01e-07,2.57e-08,1.08e-07,1.3804070476190473e-07,1.213746034816248e-07,1.5405174851430847e-09,1.213746034816248e-07,1.5405174851430847e-09,7.81946e-07,7.81946e-07,1.213746034816248e-07,False,False,False,0,False,,,-0.791365681960452,3.0,False,False,,,weekly,10.0,sigma,computed,/home/lkoo/projects/AutomationDetection/DownloadedLC/incremental/quiescent_background_cache.csv,,,,,,False,not_in_flare_streak
4FGL J0841.3+7053,479,480,60024.00001157408,8.1e-08,3.01e-08,1.01e-07,1.3804070476190473e-07,1.213746034816248e-07,1.5405174851430847e-09,1.213746034816248e-07,1.5405174851430847e-09,7.81946e-07,7.81946e-07,1.213746034816248e-07,False,False,False,0,False,,,-1.339595638136991,3.0,False,False,,,weekly,10.0,sigma,computed,/home/lkoo/projects/AutomationDetection/DownloadedLC/incremental/quiescent_background_cache.csv,,,,,,False,not_in_flare_streak
4FGL J0841.3+7053,480,481,60045.00001157408,4.13e-08,3.06e-08,8.1e-08,1.3804070476190473e-07,1.213746034816248e-07,1.5405174851430847e-09,1.213746034816248e-07,1.5405174851430847e-09,7.81946e-07,7.81946e-07,1.213746034816248e-07,False,False,False,0,False,,,-2.6135072504228285,3.0,False,False,,,weekly,10.0,sigma,computed,/home/lkoo/projects/AutomationDetection/DownloadedLC/incremental/quiescent_background_cache.csv,,,,,,False,not_in_flare_streak
4FGL J0841.3+7053,481,482,60052.00001157408,7.31e-08,3.61e-08,4.13e-08,1.3804070476190473e-07,1.213746034816248e-07,1.5405174851430847e-09,1.213746034816248e-07,1.5405174851430847e-09,7.81946e-07,7.81946e-07,1.213746034816248e-07,True,False,False,0,False,,,-1.3360307062232202,3.0,False,False,,,weekly,10.0,sigma,computed,/home/lkoo/projects/AutomationDetection/DownloadedLC/incremental/quiescent_background_cache.csv,,,,,,False,not_in_flare_streak
4FGL J0841.3+7053,482,483,60059.00001157408,1.05e-07,2.77e-08,7.31e-08,1.3804070476190473e-07,1.213746034816248e-07,1.5405174851430847e-09,1.213746034816248e-07,1.5405174851430847e-09,7.81946e-07,7.81946e-07,1.213746034816248e-07,True,False,False,0,False,,,-0.590228848722785,3.0,False,False,,,weekly,10.0,sigma,computed,/home/lkoo/projects/AutomationDetection/DownloadedLC/incremental/quiescent_background_cache.csv,,,,,,False,not_in_flare_streak
4FGL J0841.3+7053,483,484,60066.00001157408,7.85e-08,2.23e-08,1.05e-07,1.3804070476190473e-07,1.213746034816248e-07,1.5405174851430847e-09,1.213746034816248e-07,1.5405174851430847e-09,7.81946e-07,7.81946e-07,1.213746034816248e-07,False,False,False,0,False,,,-1.9180566794562661,3.0,False,False,,,weekly,10.0,sigma,computed,/home/lkoo/projects/AutomationDetection/DownloadedLC/incremental/quiescent_background_cache.csv,,,,,,False,not_in_flare_streak
4FGL J0841.3+7053,484,485,60080.00001157408,6.79e-08,3.11e-08,7.85e-08,1.3804070476190473e-07,1.213746034816248e-07,1.5405174851430847e-09,1.213746034816248e-07,1.5405174851430847e-09,7.81946e-07,7.81946e-07,1.213746034816248e-07,False,False,False,0,False,,,-1.7173350482610326,3.0,False,False,,,weekly,10.0,sigma,computed,/home/lkoo/projects/AutomationDetection/DownloadedLC/incremental/quiescent_background_cache.csv,,,,,,False,not_in_flare_streak
4FGL J0841.3+7053,485,486,60087.00001157408,8.03e-08,2.53e-08,6.79e-08,1.3804070476190473e-07,1.213746034816248e-07,1.5405174851430847e-09,1.213746034816248e-07,1.5405174851430847e-09,7.81946e-07,7.81946e-07,1.213746034816248e-07,True,False,False,0,False,,,-1.6205008133268963,3.0,False,False,,,weekly,10.0,sigma,computed,/home/lkoo/projects/AutomationDetection/DownloadedLC/incremental/quiescent_background_cache.csv,,,,,,False,not_in_flare_streak
4FGL J0841.3+7053,486,487,60094.00001157408,1.43e-07,3.16e-08,8.03e-08,1.3804070476190473e-07,1.213746034816248e-07,1.5405174851430847e-09,1.213746034816248e-07,1.5405174851430847e-09,7.81946e-07,7.81946e-07,1.213746034816248e-07,True,True,False,0,False,,,0.683536221404005,3.0,False,False,,,weekly,10.0,sigma,computed,/home/lkoo/projects/AutomationDetection/DownloadedLC/incremental/quiescent_background_cache.csv,,,,,,False,not_in_flare_streak
4FGL J0841.3+7053,487,488,60101.00001157408,1.15e-07,3.77e-08,1.43e-07,1.3804070476190473e-07,1.213746034816248e-07,1.5405174851430847e-09,1.213746034816248e-07,1.5405174851430847e-09,7.81946e-07,7.81946e-07,1.213746034816248e-07,False,False,False,0,False,,,-0.16894663530365114,3.0,False,False,,,weekly,10.0,sigma,computed,/home/lkoo/projects/AutomationDetection/DownloadedLC/incremental/quiescent_background_cache.csv,,,,,,False,not_in_flare_streak
4FGL J0841.3+7053,488,489,60108.00001157408,4.6e-08,2.18e-08,1.15e-07,1.3804070476190473e-07,1.213746034816248e-07,1.5405174851430847e-09,1.213746034816248e-07,1.5405174851430847e-09,7.81946e-07,7.81946e-07,1.213746034816248e-07,False,False,False,0,False,,,-3.448949874943406,3.0,False,False,,,weekly,10.0,sigma,computed,/home/lkoo/projects/AutomationDetection/DownloadedLC/incremental/quiescent_background_cache.csv,,,,,,False,not_in_flare_streak
4FGL J0841.3+7053,489,490,60115.00001157408,5.41e-08,2.6e-08,4.6e-08,1.3804070476190473e-07,1.213746034816248e-07,1.5405174851430847e-09,1.213746034816248e-07,1.5405174851430847e-09,7.81946e-07,7.81946e-07,1.213746034816248e-07,True,False,False,0,False,,,-2.5829548064997656,3.0,False,False,,,weekly,10.0,sigma,computed,/home/lkoo/projects/AutomationDetection/DownloadedLC/incremental/quiescent_background_cache.csv,,,,,,False,not_in_flare_streak
4FGL J0841.3+7053,490,491,60129.00001157408,1.14e-07,3.34e-08,5.41e-08,1.3804070476190473e-07,1.213746034816248e-07,1.5405174851430847e-09,1.213746034816248e-07,1.5405174851430847e-09,7.81946e-07,7.81946e-07,1.213746034816248e-07,True,False,False,0,False,,,-0.22056202900341315,3.0,False,False,,,weekly,10.0,sigma,computed,/home/lkoo/projects/AutomationDetection/DownloadedLC/incremental/quiescent_background_cache.csv,,,,,,False,not_in_flare_streak
4FGL J0841.3+7053,491,492,60157.00001157408,6.51e-08,2.76e-08,1.14e-07,1.3804070476190473e-07,1.213746034816248e-07,1.5405174851430847e-09,1.213746034816248e-07,1.5405174851430847e-09,7.81946e-07,7.81946e-07,1.213746034816248e-07,False,False,False,0,False,,,-2.035766252281908,3.0,False,False,,,weekly,10.0,sigma,computed,/home/lkoo/projects/AutomationDetection/DownloadedLC/incremental/quiescent_background_cache.csv,,,,,,False,not_in_flare_streak
4FGL J0841.3+7053,492,493,60164.00001157408,1e-07,5.51e-08,6.51e-08,1.3804070476190473e-07,1.213746034816248e-07,1.5405174851430847e-09,1.213746034816248e-07,1.5405174851430847e-09,7.81946e-07,7.81946e-07,1.213746034816248e-07,True,False,False,0,False,,,-0.3877723104460148,3.0,False,False,,,weekly,10.0,sigma,computed,/home/lkoo/projects/AutomationDetection/DownloadedLC/incremental/quiescent_background_cache.csv,,,,,,False,not_in_flare_streak
4FGL J0841.3+7053,493,494,60192.00001157408,6.87e-08,2.52e-08,1e-07,1.3804070476190473e-07,1.213746034816248e-07,1.5405174851430847e-09,1.213746034816248e-07,1.5405174851430847e-09,7.81946e-07,7.81946e-07,1.213746034816248e-07,False,False,False,0,False,,,-2.086367219645944,3.0,False,False,,,weekly,10.0,sigma,computed,/home/lkoo/projects/AutomationDetection/DownloadedLC/incremental/quiescent_background_cache.csv,,,,,,False,not_in_flare_streak
4FGL J0841.3+7053,494,495,60199.00001157408,5.19e-08,2.13e-08,6.87e-08,1.3804070476190473e-07,1.213746034816248e-07,1.5405174851430847e-09,1.213746034816248e-07,1.5405174851430847e-09,7.81946e-07,7.81946e-07,1.213746034816248e-07,False,False,False,0,False,,,-3.2532209805780057,3.0,False,False,,,weekly,10.0,sigma,computed,/home/lkoo/projects/AutomationDetection/DownloadedLC/incremental/quiescent_background_cache.csv,,,,,,False,not_in_flare_streak
4FGL J0841.3+7053,495,496,60206.00001157408,4.4e-08,2.31e-08,5.19e-08,1.3804070476190473e-07,1.213746034816248e-07,1.5405174851430847e-09,1.213746034816248e-07,1.5405174851430847e-09,7.81946e-07,7.81946e-07,1.213746034816248e-07,False,False,False,0,False,,,-3.3421262398240987,3.0,False,False,,,weekly,10.0,sigma,computed,/home/lkoo/projects/AutomationDetection/DownloadedLC/incremental/quiescent_background_cache.csv,,,,,,False,not_in_flare_streak
4FGL J0841.3+7053,496,497,60227.00001157408,1.36e-08,1.12e-08,4.4e-08,1.3804070476190473e-07,1.213746034816248e-07,1.5405174851430847e-09,1.213746034816248e-07,1.5405174851430847e-09,7.81946e-07,7.81946e-07,1.213746034816248e-07,False,False,False,0,False,,,-9.532977973844934,3.0,False,False,,,weekly,10.0,sigma,computed,/home/lkoo/projects/AutomationDetection/DownloadedLC/incremental/quiescent_background_cache.csv,,,,,,False,not_in_flare_streak
4FGL J0841.3+7053,497,498,60234.00001157408,4.68e-08,2.59e-08,1.36e-08,1.3804070476190473e-07,1.213746034816248e-07,1.5405174851430847e-09,1.213746034816248e-07,1.5405174851430847e-09,7.81946e-07,7.81946e-07,1.213746034816248e-07,True,False,False,0,False,,,-2.8742485449829456,3.0,False,False,,,weekly,10.0,sigma,computed,/home/lkoo/projects/AutomationDetection/DownloadedLC/incremental/quiescent_background_cache.csv,,,,,,False,not_in_flare_streak
4FGL J0841.3+7053,498,499,60241.00001157408,9.31e-08,3.23e-08,4.68e-08,1.3804070476190473e-07,1.213746034816248e-07,1.5405174851430847e-09,1.213746034816248e-07,1.5405174851430847e-09,7.81946e-07,7.81946e-07,1.213746034816248e-07,True,False,False,0,False,,,-0.8743807993242295,3.0,False,False,,,weekly,10.0,sigma,computed,/home/lkoo/projects/AutomationDetection/DownloadedLC/incremental/quiescent_background_cache.csv,,,,,,False,not_in_flare_streak
4FGL J0841.3+7053,499,500,60248.00001157408,4.34e-08,2.63e-08,9.31e-08,1.3804070476190473e-07,1.213746034816248e-07,1.5405174851430847e-09,1.213746034816248e-07,1.5405174851430847e-09,7.81946e-07,7.81946e-07,1.213746034816248e-07,False,False,False,0,False,,,-2.9597407208595072,3.0,False,False,,,weekly,10.0,sigma,computed,/home/lkoo/projects/AutomationDetection/DownloadedLC/incremental/quiescent_background_cache.csv,,,,,,False,not_in_flare_streak
4FGL J0841.3+7053,500,501,60255.00001157408,5.03e-08,2.82e-08,4.34e-08,1.3804070476190473e-07,1.213746034816248e-07,1.5405174851430847e-09,1.213746034816248e-07,1.5405174851430847e-09,7.81946e-07,7.81946e-07,1.213746034816248e-07,True,False,False,0,False,,,-2.516623691580228,3.0,False,False,,,weekly,10.0,sigma,computed,/home/lkoo/projects/AutomationDetection/DownloadedLC/incremental/quiescent_background_cache.csv,,,,,,False,not_in_flare_streak
4FGL J0841.3+7053,501,502,60269.00001157408,5.58e-08,3.37e-08,5.03e-08,1.3804070476190473e-07,1.213746034816248e-07,1.5405174851430847e-09,1.213746034816248e-07,1.5405174851430847e-09,7.81946e-07,7.81946e-07,1.213746034816248e-07,True,False,False,0,False,,,-1.9438040564268737,3.0,False,False,,,weekly,10.0,sigma,computed,/home/lkoo/projects/AutomationDetection/DownloadedLC/incremental/quiescent_background_cache.csv,,,,,,False,not_in_flare_streak
4FGL J0841.3+7053,502,503,60304.00001157408,7.07e-08,2.9e-08,5.58e-08,1.3804070476190473e-07,1.213746034816248e-07,1.5405174851430847e-09,1.213746034816248e-07,1.5405174851430847e-09,7.81946e-07,7.81946e-07,1.213746034816248e-07,True,False,False,0,False,,,-1.7449398562480936,3.0,False,False,,,weekly,10.0,sigma,computed,/home/lkoo/projects/AutomationDetection/DownloadedLC/incremental/quiescent_background_cache.csv,,,,,,False,not_in_flare_streak
4FGL J0841.3+7053,503,504,60311.00001157408,1.46e-07,5.93e-08,7.07e-08,1.3804070476190473e-07,1.213746034816248e-07,1.5405174851430847e-09,1.213746034816248e-07,1.5405174851430847e-09,7.81946e-07,7.81946e-07,1.213746034816248e-07,True,True,False,0,False,,,0.4151280131439288,3.0,False,False,,,weekly,10.0,sigma,computed,/home/lkoo/projects/AutomationDetection/DownloadedLC/incremental/quiescent_background_cache.csv,,,,,,False,not_in_flare_streak
4FGL J0841.3+7053,504,505,60332.00001157408,5.78e-08,3.11e-08,1.46e-07,1.3804070476190473e-07,1.213746034816248e-07,1.5405174851430847e-09,1.213746034816248e-07,1.5405174851430847e-09,7.81946e-07,7.81946e-07,1.213746034816248e-07,False,False,False,0,False,,,-2.041696200249689,3.0,False,False,,,weekly,10.0,sigma,computed,/home/lkoo/projects/AutomationDetection/DownloadedLC/incremental/quiescent_background_cache.csv,,,,,,False,not_in_flare_streak
4FGL J0841.3+7053,505,506,60339.00001157408,1.28e-07,3.73e-08,5.78e-08,1.3804070476190473e-07,1.213746034816248e-07,1.5405174851430847e-09,1.213746034816248e-07,1.5405174851430847e-09,7.81946e-07,7.81946e-07,1.213746034816248e-07,True,True,False,0,False,,,0.17747327343503116,3.0,False,False,,,weekly,10.0,sigma,computed,/home/lkoo/projects/AutomationDetection/DownloadedLC/incremental/quiescent_background_cache.csv,,,,,,False,not_in_flare_streak
4FGL J0841.3+7053,506,507,60374.00001157408,1.49e-07,3.63e-08,1.28e-07,1.3804070476190473e-07,1.213746034816248e-07,1.5405174851430847e-09,1.213746034816248e-07,1.5405174851430847e-09,7.81946e-07,7.81946e-07,1.213746034816248e-07,True,True,False,0,False,,,0.7603458137922506,3.0,False,False,,,weekly,10.0,sigma,computed,/home/lkoo/projects/AutomationDetection/DownloadedLC/incremental/quiescent_background_cache.csv,,,,,,False,not_in_flare_streak
4FGL J0841.3+7053,507,508,60381.00001157408,4.6e-08,2.71e-08,1.49e-07,1.3804070476190473e-07,1.213746034816248e-07,1.5405174851430847e-09,1.213746034816248e-07,1.5405174851430847e-09,7.81946e-07,7.81946e-07,1.213746034816248e-07,False,False,False,0,False,,,-2.776867674659743,3.0,False,False,,,weekly,10.0,sigma,computed,/home/lkoo/projects/AutomationDetection/DownloadedLC/incremental/quiescent_background_cache.csv,,,,,,False,not_in_flare_streak
4FGL J0841.3+7053,508,509,60423.00001157408,4.65e-08,3.72e-08,4.6e-08,1.3804070476190473e-07,1.213746034816248e-07,1.5405174851430847e-09,1.213746034816248e-07,1.5405174851430847e-09,7.81946e-07,7.81946e-07,1.213746034816248e-07,True,False,False,0,False,,,-2.011034501165469,3.0,False,False,,,weekly,10.0,sigma,computed,/home/lkoo/projects/AutomationDetection/DownloadedLC/incremental/quiescent_background_cache.csv,,,,,,False,not_in_flare_streak
4FGL J0841.3+7053,509,510,60437.00001157408,3.36e-08,2.68e-08,4.65e-08,1.3804070476190473e-07,1.213746034816248e-07,1.5405174851430847e-09,1.213746034816248e-07,1.5405174851430847e-09,7.81946e-07,7.81946e-07,1.213746034816248e-07,False,False,False,0,False,,,-3.2697742655177575,3.0,False,False,,,weekly,10.0,sigma,computed,/home/lkoo/projects/AutomationDetection/DownloadedLC/incremental/quiescent_background_cache.csv,,,,,,False,not_in_flare_streak
4FGL J0841.3+7053,510,511,60451.00001157408,1.04e-07,3.22e-08,3.36e-08,1.3804070476190473e-07,1.213746034816248e-07,1.5405174851430847e-09,1.213746034816248e-07,1.5405174851430847e-09,7.81946e-07,7.81946e-07,1.213746034816248e-07,True,False,False,0,False,,,-0.5389674977778592,3.0,False,False,,,weekly,10.0,sigma,computed,/home/lkoo/projects/AutomationDetection/DownloadedLC/incremental/quiescent_background_cache.csv,,,,,,False,not_in_flare_streak
4FGL J0841.3+7053,511,512,60458.00001157408,4.78e-08,2.33e-08,1.04e-07,1.3804070476190473e-07,1.213746034816248e-07,1.5405174851430847e-09,1.213746034816248e-07,1.5405174851430847e-09,7.81946e-07,7.81946e-07,1.213746034816248e-07,False,False,False,0,False,,,-3.1508290328839488,3.0,False,False,,,weekly,10.0,sigma,computed,/home/lkoo/projects/AutomationDetection/DownloadedLC/incremental/quiescent_background_cache.csv,,,,,,False,not_in_flare_streak
4FGL J0841.3+7053,512,513,60493.00001157408,7.17e-08,2.63e-08,4.78e-08,1.3804070476190473e-07,1.213746034816248e-07,1.5405174851430847e-09,1.213746034816248e-07,1.5405174851430847e-09,7.81946e-07,7.81946e-07,1.213746034816248e-07,True,False,False,0,False,,,-1.8855363176263085,3.0,False,False,,,weekly,10.0,sigma,computed,/home/lkoo/projects/AutomationDetection/DownloadedLC/incremental/quiescent_background_cache.csv,,,,,,False,not_in_flare_streak
4FGL J0841.3+7053,513,514,60507.00001157408,1.88e-08,1.42e-08,7.17e-08,1.3804070476190473e-07,1.213746034816248e-07,1.5405174851430847e-09,1.213746034816248e-07,1.5405174851430847e-09,7.81946e-07,7.81946e-07,1.213746034816248e-07,False,False,False,0,False,,,-7.181426486067049,3.0,False,False,,,weekly,10.0,sigma,computed,/home/lkoo/projects/AutomationDetection/DownloadedLC/incremental/quiescent_background_cache.csv,,,,,,False,not_in_flare_streak
4FGL J0841.3+7053,514,515,60521.00001157408,6.47e-08,2.96e-08,1.88e-08,1.3804070476190473e-07,1.213746034816248e-07,1.5405174851430847e-09,1.213746034816248e-07,1.5405174851430847e-09,7.81946e-07,7.81946e-07,1.213746034816248e-07,True,False,False,0,False,,,-1.9120947217350333,3.0,False,False,,,weekly,10.0,sigma,computed,/home/lkoo/projects/AutomationDetection/DownloadedLC/incremental/quiescent_background_cache.csv,,,,,,False,not_in_flare_streak
4FGL J0841.3+7053,515,516,60528.00001157408,7.2e-08,2.52e-08,6.47e-08,1.3804070476190473e-07,1.213746034816248e-07,1.5405174851430847e-09,1.213746034816248e-07,1.5405174851430847e-09,7.81946e-07,7.81946e-07,1.213746034816248e-07,True,False,False,0,False,,,-1.9556588446463412,3.0,False,False,,,weekly,10.0,sigma,computed,/home/lkoo/projects/AutomationDetection/DownloadedLC/incremental/quiescent_background_cache.csv,,,,,,False,not_in_flare_streak
4FGL J0841.3+7053,516,517,60570.00001157408,4.77e-08,2.11e-08,7.2e-08,1.3804070476190473e-07,1.213746034816248e-07,1.5405174851430847e-09,1.213746034816248e-07,1.5405174851430847e-09,7.81946e-07,7.81946e-07,1.213746034816248e-07,False,False,False,0,False,,,-3.4824181810152104,3.0,False,False,,,weekly,10.0,sigma,computed,/home/lkoo/projects/AutomationDetection/DownloadedLC/incremental/quiescent_background_cache.csv,,,,,,False,not_in_flare_streak
4FGL J0841.3+7053,517,518,60612.00001157408,7.36e-08,2.76e-08,4.77e-08,1.3804070476190473e-07,1.213746034816248e-07,1.5405174851430847e-09,1.213746034816248e-07,1.5405174851430847e-09,7.81946e-07,7.81946e-07,1.213746034816248e-07,True,False,False,0,False,,,-1.7282738476477917,3.0,False,False,,,weekly,10.0,sigma,computed,/home/lkoo/projects/AutomationDetection/DownloadedLC/incremental/quiescent_background_cache.csv,,,,,,False,not_in_flare_streak
4FGL J0841.3+7053,518,519,60647.00001157408,7.22e-08,3.51e-08,7.36e-08,1.3804070476190473e-07,1.213746034816248e-07,1.5405174851430847e-09,1.213746034816248e-07,1.5405174851430847e-09,7.81946e-07,7.81946e-07,1.213746034816248e-07,False,False,False,0,False,,,-1.3996384561417206,3.0,False,False,,,weekly,10.0,sigma,computed,/home/lkoo/projects/AutomationDetection/DownloadedLC/incremental/quiescent_background_cache.csv,,,,,,False,not_in_flare_streak
4FGL J0841.3+7053,519,520,60654.00001157408,8.45e-08,3.36e-08,7.22e-08,1.3804070476190473e-07,1.213746034816248e-07,1.5405174851430847e-09,1.213746034816248e-07,1.5405174851430847e-09,7.81946e-07,7.81946e-07,1.213746034816248e-07,True,False,False,0,False,,,-1.0963067650967877,3.0,False,False,,,weekly,10.0,sigma,computed,/home/lkoo/projects/AutomationDetection/DownloadedLC/incremental/quiescent_background_cache.csv,,,,,,False,not_in_flare_streak
4FGL J0841.3+7053,520,521,60661.00001157408,6.01e-08,3.61e-08,8.45e-08,1.3804070476190473e-07,1.213746034816248e-07,1.5405174851430847e-09,1.213746034816248e-07,1.5405174851430847e-09,7.81946e-07,7.81946e-07,1.213746034816248e-07,False,False,False,0,False,,,-1.695814069073895,3.0,False,False,,,weekly,10.0,sigma,computed,/home/lkoo/projects/AutomationDetection/DownloadedLC/incremental/quiescent_background_cache.csv,,,,,,False,not_in_flare_streak
4FGL J0841.3+7053,521,522,60717.00001157408,4.21e-08,2.47e-08,6.01e-08,1.3804070476190473e-07,1.213746034816248e-07,1.5405174851430847e-09,1.213746034816248e-07,1.5405174851430847e-09,7.81946e-07,7.81946e-07,1.213746034816248e-07,False,False,False,0,False,,,-3.2032739427936985,3.0,False,False,,,weekly,10.0,sigma,computed,/home/lkoo/projects/AutomationDetection/DownloadedLC/incremental/quiescent_background_cache.csv,,,,,,False,not_in_flare_streak
4FGL J0841.3+7053,522,523,60724.00001157408,7.59e-08,4.39e-08,4.21e-08,1.3804070476190473e-07,1.213746034816248e-07,1.5405174851430847e-09,1.213746034816248e-07,1.5405174851430847e-09,7.81946e-07,7.81946e-07,1.213746034816248e-07,True,False,False,0,False,,,-1.0352307579369815,3.0,False,False,,,weekly,10.0,sigma,computed,/home/lkoo/projects/AutomationDetection/DownloadedLC/incremental/quiescent_background_cache.csv,,,,,,False,not_in_flare_streak
4FGL J0841.3+7053,523,524,60822.00001157408,8.45e-09,5.75e-09,7.59e-08,1.3804070476190473e-07,1.213746034816248e-07,1.5405174851430847e-09,1.213746034816248e-07,1.5405174851430847e-09,7.81946e-07,7.81946e-07,1.213746034816248e-07,False,False,False,0,False,,,-18.970033689039266,3.0,False,False,,,weekly,10.0,sigma,computed,/home/lkoo/projects/AutomationDetection/DownloadedLC/incremental/quiescent_background_cache.csv,,,,,,False,not_in_flare_streak
4FGL J0841.3+7053,524,525,60843.00001157408,7.27e-08,2.7e-08,8.45e-09,1.3804070476190473e-07,1.213746034816248e-07,1.5405174851430847e-09,1.213746034816248e-07,1.5405174851430847e-09,7.81946e-07,7.81946e-07,1.213746034816248e-07,True,False,False,0,False,,,-1.7998358701717896,3.0,False,False,,,weekly,10.0,sigma,computed,/home/lkoo/projects/AutomationDetection/DownloadedLC/incremental/quiescent_background_cache.csv,,,,,,False,not_in_flare_streak
