Name,previous_bin_count,current_bin_count,new_point_mjd,new_point_flux,new_point_flux_error,previous_point_flux,average_flux_full_series,previous_quiescent_background,previous_quiescent_background_error,current_quiescent_background,current_quiescent_background_error,previous_detection_threshold,current_detection_threshold,flare_flux_threshold,above_previous_flux,above_flare_flux_threshold,potential_flare_point,consecutive_potential_flare_points,flare_active,flare_start_mjd,flare_end_mjd,confirmed_sigma_delta,confirmed_sigma_threshold,confirmed_start_trigger,confirmed_flare_active,confirmed_flare_start_mjd,confirmed_flare_end_mjd,cadence,lookback_weeks,detection_method,quiescent_background_origin,quiescent_background_cache_path,flare_duration_seconds,streak_mean_flux,source_counts_0p2_5MeV,background_counts,mdp99_percent,mdp99_available,mdp99_reason
4FGL J1512.8-0906,1,2,54690.00001157408,2.37e-07,4.68e-08,1.65e-07,5.976789537712895e-07,4.602754498714653e-07,2.5837095017900364e-09,4.602754498714653e-07,2.5837095017900364e-09,1.9647499999999997e-06,1.9647499999999997e-06,4.602754498714653e-07,True,False,False,0,False,,,-4.763589081886177,3.0,False,False,,,weekly,10.0,sigma,computed,/home/lkoo/projects/AutomationDetection/DownloadedLC/incremental/quiescent_background_cache.csv,,,,,,False,not_in_flare_streak
4FGL J1512.8-0906,2,3,54697.00001157408,4.98e-07,5.36e-08,2.37e-07,5.976789537712895e-07,4.602754498714653e-07,2.5837095017900364e-09,4.602754498714653e-07,2.5837095017900364e-09,1.9647499999999997e-06,1.9647499999999997e-06,4.602754498714653e-07,True,True,False,0,False,,,0.7029999690037272,3.0,False,False,,,weekly,10.0,sigma,computed,/home/lkoo/projects/AutomationDetection/DownloadedLC/incremental/quiescent_background_cache.csv,,,,,,False,not_in_flare_streak
4FGL J1512.8-0906,3,4,54704.00001157408,5.44e-07,5.47e-08,4.98e-07,5.976789537712895e-07,4.602754498714653e-07,2.5837095017900364e-09,4.602754498714653e-07,2.5837095017900364e-09,1.9647499999999997e-06,1.9647499999999997e-06,4.602754498714653e-07,True,True,False,0,False,,,1.5289087487915025,3.0,False,False,,,weekly,10.0,sigma,computed,/home/lkoo/projects/AutomationDetection/DownloadedLC/incremental/quiescent_background_cache.csv,,,,,,False,not_in_flare_streak
4FGL J1512.8-0906,4,5,54711.00001157408,1.09e-06,7.02e-08,5.44e-07,5.976789537712895e-07,4.602754498714653e-07,2.5837095017900364e-09,4.602754498714653e-07,2.5837095017900364e-09,1.9647499999999997e-06,1.9647499999999997e-06,4.602754498714653e-07,True,True,False,0,False,,,8.964365647998271,3.0,True,True,54711.00001157408,54711.00001157408,weekly,10.0,sigma,computed,/home/lkoo/projects/AutomationDetection/DownloadedLC/incremental/quiescent_background_cache.csv,,,,,,False,not_in_flare_streak
4FGL J1512.8-0906,5,6,54718.00001157408,1.79e-06,8.52e-08,1.09e-06,5.976789537712895e-07,4.602754498714653e-07,2.5837095017900364e-09,4.602754498714653e-07,2.5837095017900364e-09,1.9647499999999997e-06,1.9647499999999997e-06,4.602754498714653e-07,True,True,False,0,False,,,15.599924309779544,3.0,True,True,54711.00001157408,54718.00001157408,weekly,10.0,sigma,computed,/home/lkoo/projects/AutomationDetection/DownloadedLC/incremental/quiescent_background_cache.csv,,,,,,False,not_in_flare_streak
4FGL J1512.8-0906,6,7,54725.00001157408,1.48e-06,8.93e-08,1.79e-06,5.976789537712895e-07,4.602754498714653e-07,2.5837095017900364e-09,4.602754498714653e-07,2.5837095017900364e-09,1.9647499999999997e-06,1.9647499999999997e-06,4.602754498714653e-07,False,True,False,0,False,,,11.414311368608972,3.0,True,True,54711.00001157408,54725.00001157408,weekly,10.0,sigma,computed,/home/lkoo/projects/AutomationDetection/DownloadedLC/incremental/quiescent_background_cache.csv,,,,,,False,not_in_flare_streak
4FGL J1512.8-0906,7,8,54732.00001157408,5.99e-07,6.94e-08,1.48e-06,5.976789537712895e-07,4.602754498714653e-07,2.5837095017900364e-09,4.602754498714653e-07,2.5837095017900364e-09,1.9647499999999997e-06,1.9647499999999997e-06,4.602754498714653e-07,False,True,False,0,False,,,1.997529001242511,3.0,False,True,54711.00001157408,54732.00001157408,weekly,10.0,sigma,computed,/home/lkoo/projects/AutomationDetection/DownloadedLC/incremental/quiescent_background_cache.csv,,,,,,False,not_in_flare_streak
4FGL J1512.8-0906,8,9,54739.00001157408,3.58e-07,6e-08,5.99e-07,5.976789537712895e-07,4.602754498714653e-07,2.5837095017900364e-09,4.602754498714653e-07,2.5837095017900364e-09,1.9647499999999997e-06,1.9647499999999997e-06,4.602754498714653e-07,False,False,False,0,False,,,-1.7030125966715315,3.0,False,False,,,weekly,10.0,sigma,computed,/home/lkoo/projects/AutomationDetection/DownloadedLC/incremental/quiescent_background_cache.csv,,,,,,False,not_in_flare_streak
4FGL J1512.8-0906,9,10,54746.00001157408,2.39e-07,4.51e-08,3.58e-07,5.976789537712895e-07,4.602754498714653e-07,2.5837095017900364e-09,4.602754498714653e-07,2.5837095017900364e-09,1.9647499999999997e-06,1.9647499999999997e-06,4.602754498714653e-07,False,False,False,0,False,,,-4.898297822558681,3.0,False,False,,,weekly,10.0,sigma,computed,/home/lkoo/projects/AutomationDetection/DownloadedLC/incremental/quiescent_background_cache.csv,,,,,,False,not_in_flare_streak
4FGL J1512.8-0906,10,11,54760.00001157408,3.1e-07,4.82e-08,2.39e-07,5.976789537712895e-07,4.602754498714653e-07,2.5837095017900364e-09,4.602754498714653e-07,2.5837095017900364e-09,1.9647499999999997e-06,1.9647499999999997e-06,4.602754498714653e-07,True,False,False,0,False,,,-3.1132783129415675,3.0,False,False,,,weekly,10.0,sigma,computed,/home/lkoo/projects/AutomationDetection/DownloadedLC/incremental/quiescent_background_cache.csv,,,,,,False,not_in_flare_streak
4FGL J1512.8-0906,11,12,54767.00001157408,2.8e-07,4.56e-08,3.1e-07,5.976789537712895e-07,4.602754498714653e-07,2.5837095017900364e-09,4.602754498714653e-07,2.5837095017900364e-09,1.9647499999999997e-06,1.9647499999999997e-06,4.602754498714653e-07,False,False,False,0,False,,,-3.947078236802728,3.0,False,False,,,weekly,10.0,sigma,computed,/home/lkoo/projects/AutomationDetection/DownloadedLC/incremental/quiescent_background_cache.csv,,,,,,False,not_in_flare_streak
4FGL J1512.8-0906,12,13,54774.00001157408,2.47e-07,5e-08,2.8e-07,5.976789537712895e-07,4.602754498714653e-07,2.5837095017900364e-09,4.602754498714653e-07,2.5837095017900364e-09,1.9647499999999997e-06,1.9647499999999997e-06,4.602754498714653e-07,False,False,False,0,False,,,-4.259825449347299,3.0,False,False,,,weekly,10.0,sigma,computed,/home/lkoo/projects/AutomationDetection/DownloadedLC/incremental/quiescent_background_cache.csv,,,,,,False,not_in_flare_streak
4FGL J1512.8-0906,13,14,54781.00001157408,2.9e-07,6.31e-08,2.47e-07,5.976789537712895e-07,4.602754498714653e-07,2.5837095017900364e-09,4.602754498714653e-07,2.5837095017900364e-09,1.9647499999999997e-06,1.9647499999999997e-06,4.602754498714653e-07,True,False,False,0,False,,,-2.6962422736866887,3.0,False,False,,,weekly,10.0,sigma,computed,/home/lkoo/projects/AutomationDetection/DownloadedLC/incremental/quiescent_background_cache.csv,,,,,,False,not_in_flare_streak
4FGL J1512.8-0906,14,15,54788.00001157408,2.07e-07,5.44e-08,2.9e-07,5.976789537712895e-07,4.602754498714653e-07,2.5837095017900364e-09,4.602754498714653e-07,2.5837095017900364e-09,1.9647499999999997e-06,1.9647499999999997e-06,4.602754498714653e-07,False,False,False,0,False,,,-4.650556436089878,3.0,False,False,,,weekly,10.0,sigma,computed,/home/lkoo/projects/AutomationDetection/DownloadedLC/incremental/quiescent_background_cache.csv,,,,,,False,not_in_flare_streak
4FGL J1512.8-0906,15,16,54795.00001157408,1.39e-07,4.72e-08,2.07e-07,5.976789537712895e-07,4.602754498714653e-07,2.5837095017900364e-09,4.602754498714653e-07,2.5837095017900364e-09,1.9647499999999997e-06,1.9647499999999997e-06,4.602754498714653e-07,False,False,False,0,False,,,-6.796508263843435,3.0,False,False,,,weekly,10.0,sigma,computed,/home/lkoo/projects/AutomationDetection/DownloadedLC/incremental/quiescent_background_cache.csv,,,,,,False,not_in_flare_streak
4FGL J1512.8-0906,16,17,54802.00001157408,2.51e-07,4.77e-08,1.39e-07,5.976789537712895e-07,4.602754498714653e-07,2.5837095017900364e-09,4.602754498714653e-07,2.5837095017900364e-09,1.9647499999999997e-06,1.9647499999999997e-06,4.602754498714653e-07,True,False,False,0,False,,,-4.380904054427538,3.0,False,False,,,weekly,10.0,sigma,computed,/home/lkoo/projects/AutomationDetection/DownloadedLC/incremental/quiescent_background_cache.csv,,,,,,False,not_in_flare_streak
4FGL J1512.8-0906,17,18,54809.00001157408,1.95e-07,4.25e-08,2.51e-07,5.976789537712895e-07,4.602754498714653e-07,2.5837095017900364e-09,4.602754498714653e-07,2.5837095017900364e-09,1.9647499999999997e-06,1.9647499999999997e-06,4.602754498714653e-07,False,False,False,0,False,,,-6.230272959831385,3.0,False,False,,,weekly,10.0,sigma,computed,/home/lkoo/projects/AutomationDetection/DownloadedLC/incremental/quiescent_background_cache.csv,,,,,,False,not_in_flare_streak
4FGL J1512.8-0906,18,19,54816.00001157408,2.22e-07,4.36e-08,1.95e-07,5.976789537712895e-07,4.602754498714653e-07,2.5837095017900364e-09,4.602754498714653e-07,2.5837095017900364e-09,1.9647499999999997e-06,1.9647499999999997e-06,4.602754498714653e-07,True,False,False,0,False,,,-5.455462741090524,3.0,False,False,,,weekly,10.0,sigma,computed,/home/lkoo/projects/AutomationDetection/DownloadedLC/incremental/quiescent_background_cache.csv,,,,,,False,not_in_flare_streak
4FGL J1512.8-0906,19,20,54823.00001157408,4.54e-07,5.51e-08,2.22e-07,5.976789537712895e-07,4.602754498714653e-07,2.5837095017900364e-09,4.602754498714653e-07,2.5837095017900364e-09,1.9647499999999997e-06,1.9647499999999997e-06,4.602754498714653e-07,True,False,False,0,False,,,-0.11376700586768639,3.0,False,False,,,weekly,10.0,sigma,computed,/home/lkoo/projects/AutomationDetection/DownloadedLC/incremental/quiescent_background_cache.csv,,,,,,False,not_in_flare_streak
4FGL J1512.8-0906,20,21,54830.00001157408,4.45e-07,5.73e-08,4.54e-07,5.976789537712895e-07,4.602754498714653e-07,2.5837095017900364e-09,4.602754498714653e-07,2.5837095017900364e-09,1.9647499999999997e-06,1.9647499999999997e-06,4.602754498714653e-07,False,False,False,0,False,,,-0.2663166589855639,3.0,False,False,,,weekly,10.0,sigma,computed,/home/lkoo/projects/AutomationDetection/DownloadedLC/incremental/quiescent_background_cache.csv,,,,,,False,not_in_flare_streak
4FGL J1512.8-0906,21,22,54837.00001157408,2.29e-06,1.11e-07,4.45e-07,5.976789537712895e-07,4.602754498714653e-07,2.5837095017900364e-09,4.602754498714653e-07,2.5837095017900364e-09,1.9647499999999997e-06,1.9647499999999997e-06,4.602754498714653e-07,True,True,False,0,False,,,16.479541228190506,3.0,True,True,54837.00001157408,54837.00001157408,weekly,10.0,sigma,computed,/home/lkoo/projects/AutomationDetection/DownloadedLC/incremental/quiescent_background_cache.csv,,,,,,False,not_in_flare_streak
4FGL J1512.8-0906,22,23,54844.00001157408,2.85e-06,1.14e-07,2.29e-06,5.976789537712895e-07,4.602754498714653e-07,2.5837095017900364e-09,4.602754498714653e-07,2.5837095017900364e-09,1.9647499999999997e-06,1.9647499999999997e-06,4.602754498714653e-07,True,True,False,0,False,,,20.957114305374713,3.0,True,True,54837.00001157408,54844.00001157408,weekly,10.0,sigma,computed,/home/lkoo/projects/AutomationDetection/DownloadedLC/incremental/quiescent_background_cache.csv,,,,,,False,not_in_flare_streak
4FGL J1512.8-0906,23,24,54851.00001157408,1.38e-06,7.74e-08,2.85e-06,5.976789537712895e-07,4.602754498714653e-07,2.5837095017900364e-09,4.602754498714653e-07,2.5837095017900364e-09,1.9647499999999997e-06,1.9647499999999997e-06,4.602754498714653e-07,False,True,False,0,False,,,11.876131131031393,3.0,True,True,54837.00001157408,54851.00001157408,weekly,10.0,sigma,computed,/home/lkoo/projects/AutomationDetection/DownloadedLC/incremental/quiescent_background_cache.csv,,,,,,False,not_in_flare_streak
4FGL J1512.8-0906,24,25,54858.00001157408,7.42e-07,6.17e-08,1.38e-06,5.976789537712895e-07,4.602754498714653e-07,2.5837095017900364e-09,4.602754498714653e-07,2.5837095017900364e-09,1.9647499999999997e-06,1.9647499999999997e-06,4.602754498714653e-07,False,True,False,0,False,,,4.5620399692510905,3.0,True,True,54837.00001157408,54858.00001157408,weekly,10.0,sigma,computed,/home/lkoo/projects/AutomationDetection/DownloadedLC/incremental/quiescent_background_cache.csv,,,,,,False,not_in_flare_streak
4FGL J1512.8-0906,25,26,54865.00001157408,6.14e-07,5.48e-08,7.42e-07,5.976789537712895e-07,4.602754498714653e-07,2.5837095017900364e-09,4.602754498714653e-07,2.5837095017900364e-09,1.9647499999999997e-06,1.9647499999999997e-06,4.602754498714653e-07,False,True,False,0,False,,,2.802079832491955,3.0,False,True,54837.00001157408,54865.00001157408,weekly,10.0,sigma,computed,/home/lkoo/projects/AutomationDetection/DownloadedLC/incremental/quiescent_background_cache.csv,,,,,,False,not_in_flare_streak
4FGL J1512.8-0906,26,27,54872.00001157408,8.25e-07,6.35e-08,6.14e-07,5.976789537712895e-07,4.602754498714653e-07,2.5837095017900364e-09,4.602754498714653e-07,2.5837095017900364e-09,1.9647499999999997e-06,1.9647499999999997e-06,4.602754498714653e-07,True,True,False,0,False,,,5.738945138163133,3.0,True,True,54837.00001157408,54872.00001157408,weekly,10.0,sigma,computed,/home/lkoo/projects/AutomationDetection/DownloadedLC/incremental/quiescent_background_cache.csv,,,,,,False,not_in_flare_streak
4FGL J1512.8-0906,27,28,54879.00001157408,4.57e-07,5.79e-08,8.25e-07,5.976789537712895e-07,4.602754498714653e-07,2.5837095017900364e-09,4.602754498714653e-07,2.5837095017900364e-09,1.9647499999999997e-06,1.9647499999999997e-06,4.602754498714653e-07,False,False,False,0,False,,,-0.05651456961301996,3.0,False,False,,,weekly,10.0,sigma,computed,/home/lkoo/projects/AutomationDetection/DownloadedLC/incremental/quiescent_background_cache.csv,,,,,,False,not_in_flare_streak
4FGL J1512.8-0906,28,29,54886.00001157408,4.55e-07,6.34e-08,4.57e-07,5.976789537712895e-07,4.602754498714653e-07,2.5837095017900364e-09,4.602754498714653e-07,2.5837095017900364e-09,1.9647499999999997e-06,1.9647499999999997e-06,4.602754498714653e-07,False,False,False,0,False,,,-0.08313997905977298,3.0,False,False,,,weekly,10.0,sigma,computed,/home/lkoo/projects/AutomationDetection/DownloadedLC/incremental/quiescent_background_cache.csv,,,,,,False,not_in_flare_streak
4FGL J1512.8-0906,29,30,54893.00001157408,8.87e-07,7.79e-08,4.55e-07,5.976789537712895e-07,4.602754498714653e-07,2.5837095017900364e-09,4.602754498714653e-07,2.5837095017900364e-09,1.9647499999999997e-06,1.9647499999999997e-06,4.602754498714653e-07,True,True,False,0,False,,,5.4748399796073945,3.0,True,True,54893.00001157408,54893.00001157408,weekly,10.0,sigma,computed,/home/lkoo/projects/AutomationDetection/DownloadedLC/incremental/quiescent_background_cache.csv,,,,,,False,not_in_flare_streak
4FGL J1512.8-0906,30,31,54900.00001157408,1.78e-06,1.19e-07,8.87e-07,5.976789537712895e-07,4.602754498714653e-07,2.5837095017900364e-09,4.602754498714653e-07,2.5837095017900364e-09,1.9647499999999997e-06,1.9647499999999997e-06,4.602754498714653e-07,True,True,False,0,False,,,11.087509228725963,3.0,True,True,54893.00001157408,54900.00001157408,weekly,10.0,sigma,computed,/home/lkoo/projects/AutomationDetection/DownloadedLC/incremental/quiescent_background_cache.csv,,,,,,False,not_in_flare_streak
4FGL J1512.8-0906,31,32,54907.00001157408,3.28e-06,1.07e-07,1.78e-06,5.976789537712895e-07,4.602754498714653e-07,2.5837095017900364e-09,4.602754498714653e-07,2.5837095017900364e-09,1.9647499999999997e-06,1.9647499999999997e-06,4.602754498714653e-07,True,True,False,0,False,,,26.344886567470045,3.0,True,True,54893.00001157408,54907.00001157408,weekly,10.0,sigma,computed,/home/lkoo/projects/AutomationDetection/DownloadedLC/incremental/quiescent_background_cache.csv,,,,,,False,not_in_flare_streak
4FGL J1512.8-0906,32,33,54914.00001157408,4.52e-06,1.22e-07,3.28e-06,5.976789537712895e-07,4.602754498714653e-07,2.5837095017900364e-09,4.602754498714653e-07,2.5837095017900364e-09,1.9647499999999997e-06,1.9647499999999997e-06,4.602754498714653e-07,True,True,False,0,False,,,33.26897091808765,3.0,True,True,54893.00001157408,54914.00001157408,weekly,10.0,sigma,computed,/home/lkoo/projects/AutomationDetection/DownloadedLC/incremental/quiescent_background_cache.csv,,,,,,False,not_in_flare_streak
4FGL J1512.8-0906,33,34,54921.00001157408,2.28e-06,9.05e-08,4.52e-06,5.976789537712895e-07,4.602754498714653e-07,2.5837095017900364e-09,4.602754498714653e-07,2.5837095017900364e-09,1.9647499999999997e-06,1.9647499999999997e-06,4.602754498714653e-07,False,True,False,0,False,,,20.099264196007947,3.0,True,True,54893.00001157408,54921.00001157408,weekly,10.0,sigma,computed,/home/lkoo/projects/AutomationDetection/DownloadedLC/incremental/quiescent_background_cache.csv,,,,,,False,not_in_flare_streak
4FGL J1512.8-0906,34,35,54928.00001157408,1.36e-06,7.51e-08,2.28e-06,5.976789537712895e-07,4.602754498714653e-07,2.5837095017900364e-09,4.602754498714653e-07,2.5837095017900364e-09,1.9647499999999997e-06,1.9647499999999997e-06,4.602754498714653e-07,False,True,False,0,False,,,11.973269803389869,3.0,True,True,54893.00001157408,54928.00001157408,weekly,10.0,sigma,computed,/home/lkoo/projects/AutomationDetection/DownloadedLC/incremental/quiescent_background_cache.csv,,,,,,False,not_in_flare_streak
4FGL J1512.8-0906,35,36,54935.00001157408,9.88e-07,7.36e-08,1.36e-06,5.976789537712895e-07,4.602754498714653e-07,2.5837095017900364e-09,4.602754498714653e-07,2.5837095017900364e-09,1.9647499999999997e-06,1.9647499999999997e-06,4.602754498714653e-07,False,True,False,0,False,,,7.16575654120173,3.0,True,True,54893.00001157408,54935.00001157408,weekly,10.0,sigma,computed,/home/lkoo/projects/AutomationDetection/DownloadedLC/incremental/quiescent_background_cache.csv,,,,,,False,not_in_flare_streak
4FGL J1512.8-0906,36,37,54942.00001157408,4.05e-06,1.39e-07,9.88e-07,5.976789537712895e-07,4.602754498714653e-07,2.5837095017900364e-09,4.602754498714653e-07,2.5837095017900364e-09,1.9647499999999997e-06,1.9647499999999997e-06,4.602754498714653e-07,True,True,False,0,False,,,25.820896201401062,3.0,True,True,54893.00001157408,54942.00001157408,weekly,10.0,sigma,computed,/home/lkoo/projects/AutomationDetection/DownloadedLC/incremental/quiescent_background_cache.csv,,,,,,False,not_in_flare_streak
4FGL J1512.8-0906,37,38,54949.00001157408,3.32e-06,1.36e-07,4.05e-06,5.976789537712895e-07,4.602754498714653e-07,2.5837095017900364e-09,4.602754498714653e-07,2.5837095017900364e-09,1.9647499999999997e-06,1.9647499999999997e-06,4.602754498714653e-07,False,True,False,0,False,,,21.023592834938455,3.0,True,True,54893.00001157408,54949.00001157408,weekly,10.0,sigma,computed,/home/lkoo/projects/AutomationDetection/DownloadedLC/incremental/quiescent_background_cache.csv,,,,,,False,not_in_flare_streak
4FGL J1512.8-0906,38,39,54956.00001157408,2.4e-06,1.09e-07,3.32e-06,5.976789537712895e-07,4.602754498714653e-07,2.5837095017900364e-09,4.602754498714653e-07,2.5837095017900364e-09,1.9647499999999997e-06,1.9647499999999997e-06,4.602754498714653e-07,False,True,False,0,False,,,17.790640779743622,3.0,True,True,54893.00001157408,54956.00001157408,weekly,10.0,sigma,computed,/home/lkoo/projects/AutomationDetection/DownloadedLC/incremental/quiescent_background_cache.csv,,,,,,False,not_in_flare_streak
4FGL J1512.8-0906,39,40,54963.00001157408,1.97e-06,9.04e-08,2.4e-06,5.976789537712895e-07,4.602754498714653e-07,2.5837095017900364e-09,4.602754498714653e-07,2.5837095017900364e-09,1.9647499999999997e-06,1.9647499999999997e-06,4.602754498714653e-07,False,True,False,0,False,,,16.693675959796227,3.0,True,True,54893.00001157408,54963.00001157408,weekly,10.0,sigma,computed,/home/lkoo/projects/AutomationDetection/DownloadedLC/incremental/quiescent_background_cache.csv,,,,,,False,not_in_flare_streak
4FGL J1512.8-0906,40,41,54970.00001157408,1.36e-06,7.51e-08,1.97e-06,5.976789537712895e-07,4.602754498714653e-07,2.5837095017900364e-09,4.602754498714653e-07,2.5837095017900364e-09,1.9647499999999997e-06,1.9647499999999997e-06,4.602754498714653e-07,False,True,False,0,False,,,11.973269803389869,3.0,True,True,54893.00001157408,54970.00001157408,weekly,10.0,sigma,computed,/home/lkoo/projects/AutomationDetection/DownloadedLC/incremental/quiescent_background_cache.csv,,,,,,False,not_in_flare_streak
4FGL J1512.8-0906,41,42,54977.00001157408,1.69e-06,8.07e-08,1.36e-06,5.976789537712895e-07,4.602754498714653e-07,2.5837095017900364e-09,4.602754498714653e-07,2.5837095017900364e-09,1.9647499999999997e-06,1.9647499999999997e-06,4.602754498714653e-07,True,True,False,0,False,,,15.230418544845465,3.0,True,True,54893.00001157408,54977.00001157408,weekly,10.0,sigma,computed,/home/lkoo/projects/AutomationDetection/DownloadedLC/incremental/quiescent_background_cache.csv,,,,,,False,not_in_flare_streak
4FGL J1512.8-0906,42,43,54984.00001157408,1.79e-06,8.49e-08,1.69e-06,5.976789537712895e-07,4.602754498714653e-07,2.5837095017900364e-09,4.602754498714653e-07,2.5837095017900364e-09,1.9647499999999997e-06,1.9647499999999997e-06,4.602754498714653e-07,True,True,False,0,False,,,15.654996802739392,3.0,True,True,54893.00001157408,54984.00001157408,weekly,10.0,sigma,computed,/home/lkoo/projects/AutomationDetection/DownloadedLC/incremental/quiescent_background_cache.csv,,,,,,False,not_in_flare_streak
4FGL J1512.8-0906,43,44,54991.00001157408,1.45e-06,8.45e-08,1.79e-06,5.976789537712895e-07,4.602754498714653e-07,2.5837095017900364e-09,4.602754498714653e-07,2.5837095017900364e-09,1.9647499999999997e-06,1.9647499999999997e-06,4.602754498714653e-07,False,True,False,0,False,,,11.707245185605926,3.0,True,True,54893.00001157408,54991.00001157408,weekly,10.0,sigma,computed,/home/lkoo/projects/AutomationDetection/DownloadedLC/incremental/quiescent_background_cache.csv,,,,,,False,not_in_flare_streak
4FGL J1512.8-0906,44,45,54998.00001157408,1.37e-06,9.01e-08,1.45e-06,5.976789537712895e-07,4.602754498714653e-07,2.5837095017900364e-09,4.602754498714653e-07,2.5837095017900364e-09,1.9647499999999997e-06,1.9647499999999997e-06,4.602754498714653e-07,False,True,False,0,False,,,10.092683029439156,3.0,True,True,54893.00001157408,54998.00001157408,weekly,10.0,sigma,computed,/home/lkoo/projects/AutomationDetection/DownloadedLC/incremental/quiescent_background_cache.csv,,,,,,False,not_in_flare_streak
4FGL J1512.8-0906,45,46,55005.00001157408,1.55e-06,9.66e-08,1.37e-06,5.976789537712895e-07,4.602754498714653e-07,2.5837095017900364e-09,4.602754498714653e-07,2.5837095017900364e-09,1.9647499999999997e-06,1.9647499999999997e-06,4.602754498714653e-07,True,True,False,0,False,,,11.276759615565243,3.0,True,True,54893.00001157408,55005.00001157408,weekly,10.0,sigma,computed,/home/lkoo/projects/AutomationDetection/DownloadedLC/incremental/quiescent_background_cache.csv,,,,,,False,not_in_flare_streak
4FGL J1512.8-0906,46,47,55012.00001157408,1.66e-06,8.41e-08,1.55e-06,5.976789537712895e-07,4.602754498714653e-07,2.5837095017900364e-09,4.602754498714653e-07,2.5837095017900364e-09,1.9647499999999997e-06,1.9647499999999997e-06,4.602754498714653e-07,True,True,False,0,False,,,14.258725095124673,3.0,True,True,54893.00001157408,55012.00001157408,weekly,10.0,sigma,computed,/home/lkoo/projects/AutomationDetection/DownloadedLC/incremental/quiescent_background_cache.csv,,,,,,False,not_in_flare_streak
4FGL J1512.8-0906,47,48,55019.00001157408,1.28e-06,7.2e-08,1.66e-06,5.976789537712895e-07,4.602754498714653e-07,2.5837095017900364e-09,4.602754498714653e-07,2.5837095017900364e-09,1.9647499999999997e-06,1.9647499999999997e-06,4.602754498714653e-07,False,True,False,0,False,,,11.377739865782738,3.0,True,True,54893.00001157408,55019.00001157408,weekly,10.0,sigma,computed,/home/lkoo/projects/AutomationDetection/DownloadedLC/incremental/quiescent_background_cache.csv,,,,,,False,not_in_flare_streak
4FGL J1512.8-0906,48,49,55026.00001157408,1.42e-06,7.43e-08,1.28e-06,5.976789537712895e-07,4.602754498714653e-07,2.5837095017900364e-09,4.602754498714653e-07,2.5837095017900364e-09,1.9647499999999997e-06,1.9647499999999997e-06,4.602754498714653e-07,True,True,False,0,False,,,12.909082246234206,3.0,True,True,54893.00001157408,55026.00001157408,weekly,10.0,sigma,computed,/home/lkoo/projects/AutomationDetection/DownloadedLC/incremental/quiescent_background_cache.csv,,,,,,False,not_in_flare_streak
4FGL J1512.8-0906,49,50,55033.00001157408,1e-06,6.68e-08,1.42e-06,5.976789537712895e-07,4.602754498714653e-07,2.5837095017900364e-09,4.602754498714653e-07,2.5837095017900364e-09,1.9647499999999997e-06,1.9647499999999997e-06,4.602754498714653e-07,False,True,False,0,False,,,8.073671945033384,3.0,True,True,54893.00001157408,55033.00001157408,weekly,10.0,sigma,computed,/home/lkoo/projects/AutomationDetection/DownloadedLC/incremental/quiescent_background_cache.csv,,,,,,False,not_in_flare_streak
4FGL J1512.8-0906,50,51,55040.00001157408,3.02e-07,4.86e-08,1e-06,5.976789537712895e-07,4.602754498714653e-07,2.5837095017900364e-09,4.602754498714653e-07,2.5837095017900364e-09,1.9647499999999997e-06,1.9647499999999997e-06,4.602754498714653e-07,False,False,False,0,False,,,-3.252104067453034,3.0,False,False,,,weekly,10.0,sigma,computed,/home/lkoo/projects/AutomationDetection/DownloadedLC/incremental/quiescent_background_cache.csv,,,,,,False,not_in_flare_streak
4FGL J1512.8-0906,51,52,55047.00001157408,3.2e-07,5.87e-08,3.02e-07,5.976789537712895e-07,4.602754498714653e-07,2.5837095017900364e-09,4.602754498714653e-07,2.5837095017900364e-09,1.9647499999999997e-06,1.9647499999999997e-06,4.602754498714653e-07,True,False,False,0,False,,,-2.387389518053516,3.0,False,False,,,weekly,10.0,sigma,computed,/home/lkoo/projects/AutomationDetection/DownloadedLC/incremental/quiescent_background_cache.csv,,,,,,False,not_in_flare_streak
4FGL J1512.8-0906,52,53,55054.00001157408,5.8e-07,7.16e-08,3.2e-07,5.976789537712895e-07,4.602754498714653e-07,2.5837095017900364e-09,4.602754498714653e-07,2.5837095017900364e-09,1.9647499999999997e-06,1.9647499999999997e-06,4.602754498714653e-07,True,True,False,0,False,,,1.6710429672703015,3.0,False,False,,,weekly,10.0,sigma,computed,/home/lkoo/projects/AutomationDetection/DownloadedLC/incremental/quiescent_background_cache.csv,,,,,,False,not_in_flare_streak
4FGL J1512.8-0906,53,54,55061.00001157408,7.03e-07,7.29e-08,5.8e-07,5.976789537712895e-07,4.602754498714653e-07,2.5837095017900364e-09,4.602754498714653e-07,2.5837095017900364e-09,1.9647499999999997e-06,1.9647499999999997e-06,4.602754498714653e-07,True,True,False,0,False,,,3.3274656735568886,3.0,True,True,55061.00001157408,55061.00001157408,weekly,10.0,sigma,computed,/home/lkoo/projects/AutomationDetection/DownloadedLC/incremental/quiescent_background_cache.csv,,,,,,False,not_in_flare_streak
4FGL J1512.8-0906,54,55,55068.00001157408,4.67e-07,5.47e-08,7.03e-07,5.976789537712895e-07,4.602754498714653e-07,2.5837095017900364e-09,4.602754498714653e-07,2.5837095017900364e-09,1.9647499999999997e-06,1.9647499999999997e-06,4.602754498714653e-07,False,True,False,0,False,,,0.12279819368894651,3.0,False,True,55061.00001157408,55068.00001157408,weekly,10.0,sigma,computed,/home/lkoo/projects/AutomationDetection/DownloadedLC/incremental/quiescent_background_cache.csv,,,,,,False,not_in_flare_streak
4FGL J1512.8-0906,55,56,55075.00001157408,2.35e-07,4.48e-08,4.67e-07,5.976789537712895e-07,4.602754498714653e-07,2.5837095017900364e-09,4.602754498714653e-07,2.5837095017900364e-09,1.9647499999999997e-06,1.9647499999999997e-06,4.602754498714653e-07,False,False,False,0,False,,,-5.020128145845863,3.0,False,False,,,weekly,10.0,sigma,computed,/home/lkoo/projects/AutomationDetection/DownloadedLC/incremental/quiescent_background_cache.csv,,,,,,False,not_in_flare_streak
4FGL J1512.8-0906,56,57,55082.00001157408,2.01e-07,4.38e-08,2.35e-07,5.976789537712895e-07,4.602754498714653e-07,2.5837095017900364e-09,4.602754498714653e-07,2.5837095017900364e-09,1.9647499999999997e-06,1.9647499999999997e-06,4.602754498714653e-07,False,False,False,0,False,,,-5.909258586645736,3.0,False,False,,,weekly,10.0,sigma,computed,/home/lkoo/projects/AutomationDetection/DownloadedLC/incremental/quiescent_background_cache.csv,,,,,,False,not_in_flare_streak
4FGL J1512.8-0906,57,58,55089.00001157408,4.31e-07,5.7e-08,2.01e-07,5.976789537712895e-07,4.602754498714653e-07,2.5837095017900364e-09,4.602754498714653e-07,2.5837095017900364e-09,1.9647499999999997e-06,1.9647499999999997e-06,4.602754498714653e-07,True,False,False,0,False,,,-0.5130775570224229,3.0,False,False,,,weekly,10.0,sigma,computed,/home/lkoo/projects/AutomationDetection/DownloadedLC/incremental/quiescent_background_cache.csv,,,,,,False,not_in_flare_streak
4FGL J1512.8-0906,58,59,55096.00001157408,2.64e-07,5.85e-08,4.31e-07,5.976789537712895e-07,4.602754498714653e-07,2.5837095017900364e-09,4.602754498714653e-07,2.5837095017900364e-09,1.9647499999999997e-06,1.9647499999999997e-06,4.602754498714653e-07,False,False,False,0,False,,,-3.351868354900948,3.0,False,False,,,weekly,10.0,sigma,computed,/home/lkoo/projects/AutomationDetection/DownloadedLC/incremental/quiescent_background_cache.csv,,,,,,False,not_in_flare_streak
4FGL J1512.8-0906,59,60,55103.00001157408,4.53e-07,8.21e-08,2.64e-07,5.976789537712895e-07,4.602754498714653e-07,2.5837095017900364e-09,4.602754498714653e-07,2.5837095017900364e-09,1.9647499999999997e-06,1.9647499999999997e-06,4.602754498714653e-07,True,False,False,0,False,,,-0.08857307943981066,3.0,False,False,,,weekly,10.0,sigma,computed,/home/lkoo/projects/AutomationDetection/DownloadedLC/incremental/quiescent_background_cache.csv,,,,,,False,not_in_flare_streak
4FGL J1512.8-0906,60,61,55110.00001157408,6.1e-07,8.96e-08,4.53e-07,5.976789537712895e-07,4.602754498714653e-07,2.5837095017900364e-09,4.602754498714653e-07,2.5837095017900364e-09,1.9647499999999997e-06,1.9647499999999997e-06,4.602754498714653e-07,True,True,False,0,False,,,1.6703386120290302,3.0,False,False,,,weekly,10.0,sigma,computed,/home/lkoo/projects/AutomationDetection/DownloadedLC/incremental/quiescent_background_cache.csv,,,,,,False,not_in_flare_streak
4FGL J1512.8-0906,61,62,55117.00001157408,4.32e-07,7.45e-08,6.1e-07,5.976789537712895e-07,4.602754498714653e-07,2.5837095017900364e-09,4.602754498714653e-07,2.5837095017900364e-09,1.9647499999999997e-06,1.9647499999999997e-06,4.602754498714653e-07,False,False,False,0,False,,,-0.37930820224964545,3.0,False,False,,,weekly,10.0,sigma,computed,/home/lkoo/projects/AutomationDetection/DownloadedLC/incremental/quiescent_background_cache.csv,,,,,,False,not_in_flare_streak
4FGL J1512.8-0906,62,63,55124.00001157408,3.85e-07,5.95e-08,4.32e-07,5.976789537712895e-07,4.602754498714653e-07,2.5837095017900364e-09,4.602754498714653e-07,2.5837095017900364e-09,1.9647499999999997e-06,1.9647499999999997e-06,4.602754498714653e-07,False,False,False,0,False,,,-1.2639425169009812,3.0,False,False,,,weekly,10.0,sigma,computed,/home/lkoo/projects/AutomationDetection/DownloadedLC/incremental/quiescent_background_cache.csv,,,,,,False,not_in_flare_streak
4FGL J1512.8-0906,63,64,55131.00001157408,3.1e-07,4.69e-08,3.85e-07,5.976789537712895e-07,4.602754498714653e-07,2.5837095017900364e-09,4.602754498714653e-07,2.5837095017900364e-09,1.9647499999999997e-06,1.9647499999999997e-06,4.602754498714653e-07,False,False,False,0,False,,,-3.199316280256941,3.0,False,False,,,weekly,10.0,sigma,computed,/home/lkoo/projects/AutomationDetection/DownloadedLC/incremental/quiescent_background_cache.csv,,,,,,False,not_in_flare_streak
4FGL J1512.8-0906,64,65,55138.00001157408,3.22e-07,5.51e-08,3.1e-07,5.976789537712895e-07,4.602754498714653e-07,2.5837095017900364e-09,4.602754498714653e-07,2.5837095017900364e-09,1.9647499999999997e-06,1.9647499999999997e-06,4.602754498714653e-07,True,False,False,0,False,,,-2.506781862510653,3.0,False,False,,,weekly,10.0,sigma,computed,/home/lkoo/projects/AutomationDetection/DownloadedLC/incremental/quiescent_background_cache.csv,,,,,,False,not_in_flare_streak
4FGL J1512.8-0906,65,66,55145.00001157408,6.13e-07,7.95e-08,3.22e-07,5.976789537712895e-07,4.602754498714653e-07,2.5837095017900364e-09,4.602754498714653e-07,2.5837095017900364e-09,1.9647499999999997e-06,1.9647499999999997e-06,4.602754498714653e-07,True,True,False,0,False,,,1.9200497967265449,3.0,False,False,,,weekly,10.0,sigma,computed,/home/lkoo/projects/AutomationDetection/DownloadedLC/incremental/quiescent_background_cache.csv,,,,,,False,not_in_flare_streak
4FGL J1512.8-0906,66,67,55152.00001157408,5.06e-07,8.13e-08,6.13e-07,5.976789537712895e-07,4.602754498714653e-07,2.5837095017900364e-09,4.602754498714653e-07,2.5837095017900364e-09,1.9647499999999997e-06,1.9647499999999997e-06,4.602754498714653e-07,False,True,False,0,False,,,0.5621337946986276,3.0,False,False,,,weekly,10.0,sigma,computed,/home/lkoo/projects/AutomationDetection/DownloadedLC/incremental/quiescent_background_cache.csv,,,,,,False,not_in_flare_streak
4FGL J1512.8-0906,67,68,55159.00001157408,4.45e-07,7.61e-08,5.06e-07,5.976789537712895e-07,4.602754498714653e-07,2.5837095017900364e-09,4.602754498714653e-07,2.5837095017900364e-09,1.9647499999999997e-06,1.9647499999999997e-06,4.602754498714653e-07,False,False,False,0,False,,,-0.20061305432764337,3.0,False,False,,,weekly,10.0,sigma,computed,/home/lkoo/projects/AutomationDetection/DownloadedLC/incremental/quiescent_background_cache.csv,,,,,,False,not_in_flare_streak
4FGL J1512.8-0906,68,69,55166.00001157408,5.76e-07,8.88e-08,4.45e-07,5.976789537712895e-07,4.602754498714653e-07,2.5837095017900364e-09,4.602754498714653e-07,2.5837095017900364e-09,1.9647499999999997e-06,1.9647499999999997e-06,4.602754498714653e-07,True,True,False,0,False,,,1.3026531182919934,3.0,False,False,,,weekly,10.0,sigma,computed,/home/lkoo/projects/AutomationDetection/DownloadedLC/incremental/quiescent_background_cache.csv,,,,,,False,not_in_flare_streak
4FGL J1512.8-0906,69,70,55173.00001157408,1.53e-06,1.15e-07,5.76e-07,5.976789537712895e-07,4.602754498714653e-07,2.5837095017900364e-09,4.602754498714653e-07,2.5837095017900364e-09,1.9647499999999997e-06,1.9647499999999997e-06,4.602754498714653e-07,True,True,False,0,False,,,9.299605834907902,3.0,True,True,55173.00001157408,55173.00001157408,weekly,10.0,sigma,computed,/home/lkoo/projects/AutomationDetection/DownloadedLC/incremental/quiescent_background_cache.csv,,,,,,False,not_in_flare_streak
4FGL J1512.8-0906,70,71,55180.00001157408,1.72e-06,8.67e-08,1.53e-06,5.976789537712895e-07,4.602754498714653e-07,2.5837095017900364e-09,4.602754498714653e-07,2.5837095017900364e-09,1.9647499999999997e-06,1.9647499999999997e-06,4.602754498714653e-07,True,True,False,0,False,,,14.52324749818044,3.0,True,True,55173.00001157408,55180.00001157408,weekly,10.0,sigma,computed,/home/lkoo/projects/AutomationDetection/DownloadedLC/incremental/quiescent_background_cache.csv,,,,,,False,not_in_flare_streak
4FGL J1512.8-0906,71,72,55187.00001157408,1.75e-06,8.32e-08,1.72e-06,5.976789537712895e-07,4.602754498714653e-07,2.5837095017900364e-09,4.602754498714653e-07,2.5837095017900364e-09,1.9647499999999997e-06,1.9647499999999997e-06,4.602754498714653e-07,True,True,False,0,False,,,15.494027860475795,3.0,True,True,55173.00001157408,55187.00001157408,weekly,10.0,sigma,computed,/home/lkoo/projects/AutomationDetection/DownloadedLC/incremental/quiescent_background_cache.csv,,,,,,False,not_in_flare_streak
4FGL J1512.8-0906,72,73,55194.00001157408,1.43e-06,8.66e-08,1.75e-06,5.976789537712895e-07,4.602754498714653e-07,2.5837095017900364e-09,4.602754498714653e-07,2.5837095017900364e-09,1.9647499999999997e-06,1.9647499999999997e-06,4.602754498714653e-07,False,True,False,0,False,,,11.192762695500477,3.0,True,True,55173.00001157408,55194.00001157408,weekly,10.0,sigma,computed,/home/lkoo/projects/AutomationDetection/DownloadedLC/incremental/quiescent_background_cache.csv,,,,,,False,not_in_flare_streak
4FGL J1512.8-0906,73,74,55201.00001157408,1.73e-06,1.11e-07,1.43e-06,5.976789537712895e-07,4.602754498714653e-07,2.5837095017900364e-09,4.602754498714653e-07,2.5837095017900364e-09,1.9647499999999997e-06,1.9647499999999997e-06,4.602754498714653e-07,True,True,False,0,False,,,11.435862338306016,3.0,True,True,55173.00001157408,55201.00001157408,weekly,10.0,sigma,computed,/home/lkoo/projects/AutomationDetection/DownloadedLC/incremental/quiescent_background_cache.csv,,,,,,False,not_in_flare_streak
4FGL J1512.8-0906,74,75,55208.00001157408,2.11e-06,1.35e-07,1.73e-06,5.976789537712895e-07,4.602754498714653e-07,2.5837095017900364e-09,4.602754498714653e-07,2.5837095017900364e-09,1.9647499999999997e-06,1.9647499999999997e-06,4.602754498714653e-07,True,True,False,0,False,,,12.21794442920682,3.0,True,True,55173.00001157408,55208.00001157408,weekly,10.0,sigma,computed,/home/lkoo/projects/AutomationDetection/DownloadedLC/incremental/quiescent_background_cache.csv,,,,,,False,not_in_flare_streak
4FGL J1512.8-0906,75,76,55215.00001157408,7.65e-07,9.8e-08,2.11e-06,5.976789537712895e-07,4.602754498714653e-07,2.5837095017900364e-09,4.602754498714653e-07,2.5837095017900364e-09,1.9647499999999997e-06,1.9647499999999997e-06,4.602754498714653e-07,False,True,False,0,False,,,3.108354094211142,3.0,True,True,55173.00001157408,55215.00001157408,weekly,10.0,sigma,computed,/home/lkoo/projects/AutomationDetection/DownloadedLC/incremental/quiescent_background_cache.csv,,,,,,False,not_in_flare_streak
4FGL J1512.8-0906,76,77,55222.00001157408,6.55e-07,9.59e-08,7.65e-07,5.976789537712895e-07,4.602754498714653e-07,2.5837095017900364e-09,4.602754498714653e-07,2.5837095017900364e-09,1.9647499999999997e-06,1.9647499999999997e-06,4.602754498714653e-07,False,True,False,0,False,,,2.029759308014633,3.0,False,True,55173.00001157408,55222.00001157408,weekly,10.0,sigma,computed,/home/lkoo/projects/AutomationDetection/DownloadedLC/incremental/quiescent_background_cache.csv,,,,,,False,not_in_flare_streak
4FGL J1512.8-0906,77,78,55229.00001157408,6.06e-07,7.45e-08,6.55e-07,5.976789537712895e-07,4.602754498714653e-07,2.5837095017900364e-09,4.602754498714653e-07,2.5837095017900364e-09,1.9647499999999997e-06,1.9647499999999997e-06,4.602754498714653e-07,False,True,False,0,False,,,1.9548589813481332,3.0,False,True,55173.00001157408,55229.00001157408,weekly,10.0,sigma,computed,/home/lkoo/projects/AutomationDetection/DownloadedLC/incremental/quiescent_background_cache.csv,,,,,,False,not_in_flare_streak
4FGL J1512.8-0906,78,79,55236.00001157408,7.11e-07,6.28e-08,6.06e-07,5.976789537712895e-07,4.602754498714653e-07,2.5837095017900364e-09,4.602754498714653e-07,2.5837095017900364e-09,1.9647499999999997e-06,1.9647499999999997e-06,4.602754498714653e-07,True,True,False,0,False,,,3.9890545259255874,3.0,True,True,55173.00001157408,55236.00001157408,weekly,10.0,sigma,computed,/home/lkoo/projects/AutomationDetection/DownloadedLC/incremental/quiescent_background_cache.csv,,,,,,False,not_in_flare_streak
4FGL J1512.8-0906,79,80,55243.00001157408,2.7e-07,4.74e-08,7.11e-07,5.976789537712895e-07,4.602754498714653e-07,2.5837095017900364e-09,4.602754498714653e-07,2.5837095017900364e-09,1.9647499999999997e-06,1.9647499999999997e-06,4.602754498714653e-07,False,False,False,0,False,,,-4.008299700365797,3.0,False,False,,,weekly,10.0,sigma,computed,/home/lkoo/projects/AutomationDetection/DownloadedLC/incremental/quiescent_background_cache.csv,,,,,,False,not_in_flare_streak
4FGL J1512.8-0906,80,81,55250.00001157408,1.81e-07,5.33e-08,2.7e-07,5.976789537712895e-07,4.602754498714653e-07,2.5837095017900364e-09,4.602754498714653e-07,2.5837095017900364e-09,1.9647499999999997e-06,1.9647499999999997e-06,4.602754498714653e-07,False,False,False,0,False,,,-5.233544178943201,3.0,False,False,,,weekly,10.0,sigma,computed,/home/lkoo/projects/AutomationDetection/DownloadedLC/incremental/quiescent_background_cache.csv,,,,,,False,not_in_flare_streak
4FGL J1512.8-0906,81,82,55257.00001157408,2.63e-07,6.57e-08,1.81e-07,5.976789537712895e-07,4.602754498714653e-07,2.5837095017900364e-09,4.602754498714653e-07,2.5837095017900364e-09,1.9647499999999997e-06,1.9647499999999997e-06,4.602754498714653e-07,True,False,False,0,False,,,-3.0003513087501514,3.0,False,False,,,weekly,10.0,sigma,computed,/home/lkoo/projects/AutomationDetection/DownloadedLC/incremental/quiescent_background_cache.csv,,,,,,False,not_in_flare_streak
4FGL J1512.8-0906,82,83,55264.00001157408,1.61e-07,5.85e-08,2.63e-07,5.976789537712895e-07,4.602754498714653e-07,2.5837095017900364e-09,4.602754498714653e-07,2.5837095017900364e-09,1.9647499999999997e-06,1.9647499999999997e-06,4.602754498714653e-07,False,False,False,0,False,,,-5.110837399582217,3.0,False,False,,,weekly,10.0,sigma,computed,/home/lkoo/projects/AutomationDetection/DownloadedLC/incremental/quiescent_background_cache.csv,,,,,,False,not_in_flare_streak
4FGL J1512.8-0906,83,84,55271.00001157408,1.22e-06,1.05e-07,1.61e-07,5.976789537712895e-07,4.602754498714653e-07,2.5837095017900364e-09,4.602754498714653e-07,2.5837095017900364e-09,1.9647499999999997e-06,1.9647499999999997e-06,4.602754498714653e-07,True,True,False,0,False,,,7.233282388259291,3.0,True,True,55271.00001157408,55271.00001157408,weekly,10.0,sigma,computed,/home/lkoo/projects/AutomationDetection/DownloadedLC/incremental/quiescent_background_cache.csv,,,,,,False,not_in_flare_streak
4FGL J1512.8-0906,84,85,55278.00001157408,7.11e-07,8.25e-08,1.22e-06,5.976789537712895e-07,4.602754498714653e-07,2.5837095017900364e-09,4.602754498714653e-07,2.5837095017900364e-09,1.9647499999999997e-06,1.9647499999999997e-06,4.602754498714653e-07,False,True,False,0,False,,,3.0375961874056587,3.0,True,True,55271.00001157408,55278.00001157408,weekly,10.0,sigma,computed,/home/lkoo/projects/AutomationDetection/DownloadedLC/incremental/quiescent_background_cache.csv,,,,,,False,not_in_flare_streak
4FGL J1512.8-0906,85,86,55285.00001157408,6.9e-07,7.24e-08,7.11e-07,5.976789537712895e-07,4.602754498714653e-07,2.5837095017900364e-09,4.602754498714653e-07,2.5837095017900364e-09,1.9647499999999997e-06,1.9647499999999997e-06,4.602754498714653e-07,False,True,False,0,False,,,3.1709724971402653,3.0,True,True,55271.00001157408,55285.00001157408,weekly,10.0,sigma,computed,/home/lkoo/projects/AutomationDetection/DownloadedLC/incremental/quiescent_background_cache.csv,,,,,,False,not_in_flare_streak
4FGL J1512.8-0906,86,87,55292.00001157408,7.55e-07,7.38e-08,6.9e-07,5.976789537712895e-07,4.602754498714653e-07,2.5837095017900364e-09,4.602754498714653e-07,2.5837095017900364e-09,1.9647499999999997e-06,1.9647499999999997e-06,4.602754498714653e-07,True,True,False,0,False,,,3.9911124393255193,3.0,True,True,55271.00001157408,55292.00001157408,weekly,10.0,sigma,computed,/home/lkoo/projects/AutomationDetection/DownloadedLC/incremental/quiescent_background_cache.csv,,,,,,False,not_in_flare_streak
4FGL J1512.8-0906,87,88,55299.00001157408,6.67e-07,6.58e-08,7.55e-07,5.976789537712895e-07,4.602754498714653e-07,2.5837095017900364e-09,4.602754498714653e-07,2.5837095017900364e-09,1.9647499999999997e-06,1.9647499999999997e-06,4.602754498714653e-07,False,True,False,0,False,,,3.1392912987518318,3.0,True,True,55271.00001157408,55299.00001157408,weekly,10.0,sigma,computed,/home/lkoo/projects/AutomationDetection/DownloadedLC/incremental/quiescent_background_cache.csv,,,,,,False,not_in_flare_streak
4FGL J1512.8-0906,88,89,55306.00001157408,6.27e-07,7.69e-08,6.67e-07,5.976789537712895e-07,4.602754498714653e-07,2.5837095017900364e-09,4.602754498714653e-07,2.5837095017900364e-09,1.9647499999999997e-06,1.9647499999999997e-06,4.602754498714653e-07,False,True,False,0,False,,,2.166846899307832,3.0,False,True,55271.00001157408,55306.00001157408,weekly,10.0,sigma,computed,/home/lkoo/projects/AutomationDetection/DownloadedLC/incremental/quiescent_background_cache.csv,,,,,,False,not_in_flare_streak
4FGL J1512.8-0906,89,90,55313.00001157408,5.24e-07,7.58e-08,6.27e-07,5.976789537712895e-07,4.602754498714653e-07,2.5837095017900364e-09,4.602754498714653e-07,2.5837095017900364e-09,1.9647499999999997e-06,1.9647499999999997e-06,4.602754498714653e-07,False,True,False,0,False,,,0.8402053201247943,3.0,False,True,55271.00001157408,55313.00001157408,weekly,10.0,sigma,computed,/home/lkoo/projects/AutomationDetection/DownloadedLC/incremental/quiescent_background_cache.csv,,,,,,False,not_in_flare_streak
4FGL J1512.8-0906,90,91,55320.00001157408,4.75e-07,7.56e-08,5.24e-07,5.976789537712895e-07,4.602754498714653e-07,2.5837095017900364e-09,4.602754498714653e-07,2.5837095017900364e-09,1.9647499999999997e-06,1.9647499999999997e-06,4.602754498714653e-07,False,True,False,0,False,,,0.19465553569283883,3.0,False,True,55271.00001157408,55320.00001157408,weekly,10.0,sigma,computed,/home/lkoo/projects/AutomationDetection/DownloadedLC/incremental/quiescent_background_cache.csv,,,,,,False,not_in_flare_streak
4FGL J1512.8-0906,91,92,55327.00001157408,4.35e-07,6.88e-08,4.75e-07,5.976789537712895e-07,4.602754498714653e-07,2.5837095017900364e-09,4.602754498714653e-07,2.5837095017900364e-09,1.9647499999999997e-06,1.9647499999999997e-06,4.602754498714653e-07,False,False,False,0,False,,,-0.36711694417660434,3.0,False,False,,,weekly,10.0,sigma,computed,/home/lkoo/projects/AutomationDetection/DownloadedLC/incremental/quiescent_background_cache.csv,,,,,,False,not_in_flare_streak
4FGL J1512.8-0906,92,93,55334.00001157408,6.07e-07,7.11e-08,4.35e-07,5.976789537712895e-07,4.602754498714653e-07,2.5837095017900364e-09,4.602754498714653e-07,2.5837095017900364e-09,1.9647499999999997e-06,1.9647499999999997e-06,4.602754498714653e-07,True,True,False,0,False,,,2.0622752307878542,3.0,False,False,,,weekly,10.0,sigma,computed,/home/lkoo/projects/AutomationDetection/DownloadedLC/incremental/quiescent_background_cache.csv,,,,,,False,not_in_flare_streak
4FGL J1512.8-0906,93,94,55341.00001157408,3.97e-07,5.28e-08,6.07e-07,5.976789537712895e-07,4.602754498714653e-07,2.5837095017900364e-09,4.602754498714653e-07,2.5837095017900364e-09,1.9647499999999997e-06,1.9647499999999997e-06,4.602754498714653e-07,False,False,False,0,False,,,-1.1969664451575686,3.0,False,False,,,weekly,10.0,sigma,computed,/home/lkoo/projects/AutomationDetection/DownloadedLC/incremental/quiescent_background_cache.csv,,,,,,False,not_in_flare_streak
4FGL J1512.8-0906,94,95,55348.00001157408,4.32e-07,5.47e-08,3.97e-07,5.976789537712895e-07,4.602754498714653e-07,2.5837095017900364e-09,4.602754498714653e-07,2.5837095017900364e-09,1.9647499999999997e-06,1.9647499999999997e-06,4.602754498714653e-07,True,False,False,0,False,,,-0.5163429677213058,3.0,False,False,,,weekly,10.0,sigma,computed,/home/lkoo/projects/AutomationDetection/DownloadedLC/incremental/quiescent_background_cache.csv,,,,,,False,not_in_flare_streak
4FGL J1512.8-0906,95,96,55355.00001157408,4.21e-07,5.93e-08,4.32e-07,5.976789537712895e-07,4.602754498714653e-07,2.5837095017900364e-09,4.602754498714653e-07,2.5837095017900364e-09,1.9647499999999997e-06,1.9647499999999997e-06,4.602754498714653e-07,False,False,False,0,False,,,-0.66169010867737,3.0,False,False,,,weekly,10.0,sigma,computed,/home/lkoo/projects/AutomationDetection/DownloadedLC/incremental/quiescent_background_cache.csv,,,,,,False,not_in_flare_streak
4FGL J1512.8-0906,96,97,55362.00001157408,3.17e-07,6.51e-08,4.21e-07,5.976789537712895e-07,4.602754498714653e-07,2.5837095017900364e-09,4.602754498714653e-07,2.5837095017900364e-09,1.9647499999999997e-06,1.9647499999999997e-06,4.602754498714653e-07,False,False,False,0,False,,,-2.1991204599070446,3.0,False,False,,,weekly,10.0,sigma,computed,/home/lkoo/projects/AutomationDetection/DownloadedLC/incremental/quiescent_background_cache.csv,,,,,,False,not_in_flare_streak
4FGL J1512.8-0906,97,98,55369.00001157408,2.86e-07,6.71e-08,3.17e-07,5.976789537712895e-07,4.602754498714653e-07,2.5837095017900364e-09,4.602754498714653e-07,2.5837095017900364e-09,1.9647499999999997e-06,1.9647499999999997e-06,4.602754498714653e-07,False,False,False,0,False,,,-2.595326341523416,3.0,False,False,,,weekly,10.0,sigma,computed,/home/lkoo/projects/AutomationDetection/DownloadedLC/incremental/quiescent_background_cache.csv,,,,,,False,not_in_flare_streak
4FGL J1512.8-0906,98,99,55376.00001157408,3.04e-07,7.64e-08,2.86e-07,5.976789537712895e-07,4.602754498714653e-07,2.5837095017900364e-09,4.602754498714653e-07,2.5837095017900364e-09,1.9647499999999997e-06,1.9647499999999997e-06,4.602754498714653e-07,True,False,False,0,False,,,-2.044321501248145,3.0,False,False,,,weekly,10.0,sigma,computed,/home/lkoo/projects/AutomationDetection/DownloadedLC/incremental/quiescent_background_cache.csv,,,,,,False,not_in_flare_streak
4FGL J1512.8-0906,99,100,55383.00001157408,5.01e-07,7.49e-08,3.04e-07,5.976789537712895e-07,4.602754498714653e-07,2.5837095017900364e-09,4.602754498714653e-07,2.5837095017900364e-09,1.9647499999999997e-06,1.9647499999999997e-06,4.602754498714653e-07,True,True,False,0,False,,,0.5433957532699204,3.0,False,False,,,weekly,10.0,sigma,computed,/home/lkoo/projects/AutomationDetection/DownloadedLC/incremental/quiescent_background_cache.csv,,,,,,False,not_in_flare_streak
4FGL J1512.8-0906,100,101,55390.00001157408,5.1e-07,6.37e-08,5.01e-07,5.976789537712895e-07,4.602754498714653e-07,2.5837095017900364e-09,4.602754498714653e-07,2.5837095017900364e-09,1.9647499999999997e-06,1.9647499999999997e-06,4.602754498714653e-07,True,True,False,0,False,,,0.7799638630077792,3.0,False,False,,,weekly,10.0,sigma,computed,/home/lkoo/projects/AutomationDetection/DownloadedLC/incremental/quiescent_background_cache.csv,,,,,,False,not_in_flare_streak
4FGL J1512.8-0906,101,102,55397.00001157408,9.39e-07,6.52e-08,5.1e-07,5.976789537712895e-07,4.602754498714653e-07,2.5837095017900364e-09,4.602754498714653e-07,2.5837095017900364e-09,1.9647499999999997e-06,1.9647499999999997e-06,4.602754498714653e-07,True,True,False,0,False,,,7.33664284359165,3.0,True,True,55397.00001157408,55397.00001157408,weekly,10.0,sigma,computed,/home/lkoo/projects/AutomationDetection/DownloadedLC/incremental/quiescent_background_cache.csv,,,,,,False,not_in_flare_streak
4FGL J1512.8-0906,102,103,55404.00001157408,6.27e-07,5.92e-08,9.39e-07,5.976789537712895e-07,4.602754498714653e-07,2.5837095017900364e-09,4.602754498714653e-07,2.5837095017900364e-09,1.9647499999999997e-06,1.9647499999999997e-06,4.602754498714653e-07,False,True,False,0,False,,,2.813614698188877,3.0,False,True,55397.00001157408,55404.00001157408,weekly,10.0,sigma,computed,/home/lkoo/projects/AutomationDetection/DownloadedLC/incremental/quiescent_background_cache.csv,,,,,,False,not_in_flare_streak
4FGL J1512.8-0906,103,104,55411.00001157408,6.5e-07,6.85e-08,6.27e-07,5.976789537712895e-07,4.602754498714653e-07,2.5837095017900364e-09,4.602754498714653e-07,2.5837095017900364e-09,1.9647499999999997e-06,1.9647499999999997e-06,4.602754498714653e-07,True,True,False,0,False,,,2.767733366573217,3.0,False,True,55397.00001157408,55411.00001157408,weekly,10.0,sigma,computed,/home/lkoo/projects/AutomationDetection/DownloadedLC/incremental/quiescent_background_cache.csv,,,,,,False,not_in_flare_streak
4FGL J1512.8-0906,104,105,55418.00001157408,6.83e-07,8.01e-08,6.5e-07,5.976789537712895e-07,4.602754498714653e-07,2.5837095017900364e-09,4.602754498714653e-07,2.5837095017900364e-09,1.9647499999999997e-06,1.9647499999999997e-06,4.602754498714653e-07,True,True,False,0,False,,,2.779135746424168,3.0,False,True,55397.00001157408,55418.00001157408,weekly,10.0,sigma,computed,/home/lkoo/projects/AutomationDetection/DownloadedLC/incremental/quiescent_background_cache.csv,,,,,,False,not_in_flare_streak
4FGL J1512.8-0906,105,106,55425.00001157408,7.5e-07,8.08e-08,6.83e-07,5.976789537712895e-07,4.602754498714653e-07,2.5837095017900364e-09,4.602754498714653e-07,2.5837095017900364e-09,1.9647499999999997e-06,1.9647499999999997e-06,4.602754498714653e-07,True,True,False,0,False,,,3.583868087805227,3.0,True,True,55397.00001157408,55425.00001157408,weekly,10.0,sigma,computed,/home/lkoo/projects/AutomationDetection/DownloadedLC/incremental/quiescent_background_cache.csv,,,,,,False,not_in_flare_streak
4FGL J1512.8-0906,106,107,55432.00001157408,5.38e-07,7.71e-08,7.5e-07,5.976789537712895e-07,4.602754498714653e-07,2.5837095017900364e-09,4.602754498714653e-07,2.5837095017900364e-09,1.9647499999999997e-06,1.9647499999999997e-06,4.602754498714653e-07,False,True,False,0,False,,,1.0075349498334714,3.0,False,True,55397.00001157408,55432.00001157408,weekly,10.0,sigma,computed,/home/lkoo/projects/AutomationDetection/DownloadedLC/incremental/quiescent_background_cache.csv,,,,,,False,not_in_flare_streak
4FGL J1512.8-0906,107,108,55439.00001157408,6.25e-07,7.74e-08,5.38e-07,5.976789537712895e-07,4.602754498714653e-07,2.5837095017900364e-09,4.602754498714653e-07,2.5837095017900364e-09,1.9647499999999997e-06,1.9647499999999997e-06,4.602754498714653e-07,True,True,False,0,False,,,2.1270394027790545,3.0,False,True,55397.00001157408,55439.00001157408,weekly,10.0,sigma,computed,/home/lkoo/projects/AutomationDetection/DownloadedLC/incremental/quiescent_background_cache.csv,,,,,,False,not_in_flare_streak
4FGL J1512.8-0906,108,109,55446.00001157408,4.8e-07,5.58e-08,6.25e-07,5.976789537712895e-07,4.602754498714653e-07,2.5837095017900364e-09,4.602754498714653e-07,2.5837095017900364e-09,1.9647499999999997e-06,1.9647499999999997e-06,4.602754498714653e-07,False,True,False,0,False,,,0.35310823715118894,3.0,False,True,55397.00001157408,55446.00001157408,weekly,10.0,sigma,computed,/home/lkoo/projects/AutomationDetection/DownloadedLC/incremental/quiescent_background_cache.csv,,,,,,False,not_in_flare_streak
4FGL J1512.8-0906,109,110,55453.00001157408,3.17e-07,4.67e-08,4.8e-07,5.976789537712895e-07,4.602754498714653e-07,2.5837095017900364e-09,4.602754498714653e-07,2.5837095017900364e-09,1.9647499999999997e-06,1.9647499999999997e-06,4.602754498714653e-07,False,False,False,0,False,,,-3.063312073279795,3.0,False,False,,,weekly,10.0,sigma,computed,/home/lkoo/projects/AutomationDetection/DownloadedLC/incremental/quiescent_background_cache.csv,,,,,,False,not_in_flare_streak
4FGL J1512.8-0906,110,111,55460.00001157408,2.66e-07,8.38e-08,3.17e-07,5.976789537712895e-07,4.602754498714653e-07,2.5837095017900364e-09,4.602754498714653e-07,2.5837095017900364e-09,1.9647499999999997e-06,1.9647499999999997e-06,4.602754498714653e-07,False,False,False,0,False,,,-2.3172216731386466,3.0,False,False,,,weekly,10.0,sigma,computed,/home/lkoo/projects/AutomationDetection/DownloadedLC/incremental/quiescent_background_cache.csv,,,,,,False,not_in_flare_streak
4FGL J1512.8-0906,111,112,55467.00001157408,3.47e-07,6.41e-08,2.66e-07,5.976789537712895e-07,4.602754498714653e-07,2.5837095017900364e-09,4.602754498714653e-07,2.5837095017900364e-09,1.9647499999999997e-06,1.9647499999999997e-06,4.602754498714653e-07,True,False,False,0,False,,,-1.7657338990992724,3.0,False,False,,,weekly,10.0,sigma,computed,/home/lkoo/projects/AutomationDetection/DownloadedLC/incremental/quiescent_background_cache.csv,,,,,,False,not_in_flare_streak
4FGL J1512.8-0906,112,113,55474.00001157408,2.58e-07,6.83e-08,3.47e-07,5.976789537712895e-07,4.602754498714653e-07,2.5837095017900364e-09,4.602754498714653e-07,2.5837095017900364e-09,1.9647499999999997e-06,1.9647499999999997e-06,4.602754498714653e-07,False,False,False,0,False,,,-2.9594564396583705,3.0,False,False,,,weekly,10.0,sigma,computed,/home/lkoo/projects/AutomationDetection/DownloadedLC/incremental/quiescent_background_cache.csv,,,,,,False,not_in_flare_streak
4FGL J1512.8-0906,113,114,55481.00001157408,2.53e-07,7.61e-08,2.58e-07,5.976789537712895e-07,4.602754498714653e-07,2.5837095017900364e-09,4.602754498714653e-07,2.5837095017900364e-09,1.9647499999999997e-06,1.9647499999999997e-06,4.602754498714653e-07,False,False,False,0,False,,,-2.7221562334165257,3.0,False,False,,,weekly,10.0,sigma,computed,/home/lkoo/projects/AutomationDetection/DownloadedLC/incremental/quiescent_background_cache.csv,,,,,,False,not_in_flare_streak
4FGL J1512.8-0906,114,115,55488.00001157408,4.43e-07,7.81e-08,2.53e-07,5.976789537712895e-07,4.602754498714653e-07,2.5837095017900364e-09,4.602754498714653e-07,2.5837095017900364e-09,1.9647499999999997e-06,1.9647499999999997e-06,4.602754498714653e-07,True,False,False,0,False,,,-0.22107559919528152,3.0,False,False,,,weekly,10.0,sigma,computed,/home/lkoo/projects/AutomationDetection/DownloadedLC/incremental/quiescent_background_cache.csv,,,,,,False,not_in_flare_streak
4FGL J1512.8-0906,115,116,55495.00001157408,2.18e-07,6.22e-08,4.43e-07,5.976789537712895e-07,4.602754498714653e-07,2.5837095017900364e-09,4.602754498714653e-07,2.5837095017900364e-09,1.9647499999999997e-06,1.9647499999999997e-06,4.602754498714653e-07,False,False,False,0,False,,,-3.89174760221787,3.0,False,False,,,weekly,10.0,sigma,computed,/home/lkoo/projects/AutomationDetection/DownloadedLC/incremental/quiescent_background_cache.csv,,,,,,False,not_in_flare_streak
4FGL J1512.8-0906,116,117,55502.00001157408,1.06e-07,3.86e-08,2.18e-07,5.976789537712895e-07,4.602754498714653e-07,2.5837095017900364e-09,4.602754498714653e-07,2.5837095017900364e-09,1.9647499999999997e-06,1.9647499999999997e-06,4.602754498714653e-07,False,False,False,0,False,,,-9.157628660783967,3.0,False,False,,,weekly,10.0,sigma,computed,/home/lkoo/projects/AutomationDetection/DownloadedLC/incremental/quiescent_background_cache.csv,,,,,,False,not_in_flare_streak
4FGL J1512.8-0906,117,118,55509.00001157408,2.36e-07,4.68e-08,1.06e-07,5.976789537712895e-07,4.602754498714653e-07,2.5837095017900364e-09,4.602754498714653e-07,2.5837095017900364e-09,1.9647499999999997e-06,1.9647499999999997e-06,4.602754498714653e-07,True,False,False,0,False,,,-4.784924114844921,3.0,False,False,,,weekly,10.0,sigma,computed,/home/lkoo/projects/AutomationDetection/DownloadedLC/incremental/quiescent_background_cache.csv,,,,,,False,not_in_flare_streak
4FGL J1512.8-0906,118,119,55516.00001157408,4.26e-07,6.93e-08,2.36e-07,5.976789537712895e-07,4.602754498714653e-07,2.5837095017900364e-09,4.602754498714653e-07,2.5837095017900364e-09,1.9647499999999997e-06,1.9647499999999997e-06,4.602754498714653e-07,True,False,False,0,False,,,-0.4942518456751242,3.0,False,False,,,weekly,10.0,sigma,computed,/home/lkoo/projects/AutomationDetection/DownloadedLC/incremental/quiescent_background_cache.csv,,,,,,False,not_in_flare_streak
4FGL J1512.8-0906,119,120,55523.00001157408,3.61e-07,7.52e-08,4.26e-07,5.976789537712895e-07,4.602754498714653e-07,2.5837095017900364e-09,4.602754498714653e-07,2.5837095017900364e-09,1.9647499999999997e-06,1.9647499999999997e-06,4.602754498714653e-07,False,False,False,0,False,,,-1.319373753907684,3.0,False,False,,,weekly,10.0,sigma,computed,/home/lkoo/projects/AutomationDetection/DownloadedLC/incremental/quiescent_background_cache.csv,,,,,,False,not_in_flare_streak
4FGL J1512.8-0906,120,121,55530.00001157408,4.21e-07,8.09e-08,3.61e-07,5.976789537712895e-07,4.602754498714653e-07,2.5837095017900364e-09,4.602754498714653e-07,2.5837095017900364e-09,1.9647499999999997e-06,1.9647499999999997e-06,4.602754498714653e-07,True,False,False,0,False,,,-0.485234056315791,3.0,False,False,,,weekly,10.0,sigma,computed,/home/lkoo/projects/AutomationDetection/DownloadedLC/incremental/quiescent_background_cache.csv,,,,,,False,not_in_flare_streak
4FGL J1512.8-0906,121,122,55537.00001157408,4.13e-07,7.52e-08,4.21e-07,5.976789537712895e-07,4.602754498714653e-07,2.5837095017900364e-09,4.602754498714653e-07,2.5837095017900364e-09,1.9647499999999997e-06,1.9647499999999997e-06,4.602754498714653e-07,False,False,False,0,False,,,-0.6282921693666164,3.0,False,False,,,weekly,10.0,sigma,computed,/home/lkoo/projects/AutomationDetection/DownloadedLC/incremental/quiescent_background_cache.csv,,,,,,False,not_in_flare_streak
4FGL J1512.8-0906,122,123,55544.00001157408,2.94e-07,6.33e-08,4.13e-07,5.976789537712895e-07,4.602754498714653e-07,2.5837095017900364e-09,4.602754498714653e-07,2.5837095017900364e-09,1.9647499999999997e-06,1.9647499999999997e-06,4.602754498714653e-07,False,False,False,0,False,,,-2.624598952177932,3.0,False,False,,,weekly,10.0,sigma,computed,/home/lkoo/projects/AutomationDetection/DownloadedLC/incremental/quiescent_background_cache.csv,,,,,,False,not_in_flare_streak
4FGL J1512.8-0906,123,124,55551.00001157408,3.11e-07,6e-08,2.94e-07,5.976789537712895e-07,4.602754498714653e-07,2.5837095017900364e-09,4.602754498714653e-07,2.5837095017900364e-09,1.9647499999999997e-06,1.9647499999999997e-06,4.602754498714653e-07,True,False,False,0,False,,,-2.485620662870744,3.0,False,False,,,weekly,10.0,sigma,computed,/home/lkoo/projects/AutomationDetection/DownloadedLC/incremental/quiescent_background_cache.csv,,,,,,False,not_in_flare_streak
4FGL J1512.8-0906,124,125,55558.00001157408,5.03e-07,4.73e-08,3.11e-07,5.976789537712895e-07,4.602754498714653e-07,2.5837095017900364e-09,4.602754498714653e-07,2.5837095017900364e-09,1.9647499999999997e-06,1.9647499999999997e-06,4.602754498714653e-07,True,True,False,0,False,,,0.9019228823819497,3.0,False,False,,,weekly,10.0,sigma,computed,/home/lkoo/projects/AutomationDetection/DownloadedLC/incremental/quiescent_background_cache.csv,,,,,,False,not_in_flare_streak
4FGL J1512.8-0906,125,126,55565.00001157408,3.87e-07,5.22e-08,5.03e-07,5.976789537712895e-07,4.602754498714653e-07,2.5837095017900364e-09,4.602754498714653e-07,2.5837095017900364e-09,1.9647499999999997e-06,1.9647499999999997e-06,4.602754498714653e-07,False,False,False,0,False,,,-1.40202789482335,3.0,False,False,,,weekly,10.0,sigma,computed,/home/lkoo/projects/AutomationDetection/DownloadedLC/incremental/quiescent_background_cache.csv,,,,,,False,not_in_flare_streak
4FGL J1512.8-0906,126,127,55572.00001157408,5.22e-07,7.32e-08,3.87e-07,5.976789537712895e-07,4.602754498714653e-07,2.5837095017900364e-09,4.602754498714653e-07,2.5837095017900364e-09,1.9647499999999997e-06,1.9647499999999997e-06,4.602754498714653e-07,True,True,False,0,False,,,0.8427067800794582,3.0,False,False,,,weekly,10.0,sigma,computed,/home/lkoo/projects/AutomationDetection/DownloadedLC/incremental/quiescent_background_cache.csv,,,,,,False,not_in_flare_streak
4FGL J1512.8-0906,127,128,55579.00001157408,2.65e-07,6.04e-08,5.22e-07,5.976789537712895e-07,4.602754498714653e-07,2.5837095017900364e-09,4.602754498714653e-07,2.5837095017900364e-09,1.9647499999999997e-06,1.9647499999999997e-06,4.602754498714653e-07,False,False,False,0,False,,,-3.2300833298497866,3.0,False,False,,,weekly,10.0,sigma,computed,/home/lkoo/projects/AutomationDetection/DownloadedLC/incremental/quiescent_background_cache.csv,,,,,,False,not_in_flare_streak
4FGL J1512.8-0906,128,129,55586.00001157408,2.45e-07,7.28e-08,2.65e-07,5.976789537712895e-07,4.602754498714653e-07,2.5837095017900364e-09,4.602754498714653e-07,2.5837095017900364e-09,1.9647499999999997e-06,1.9647499999999997e-06,4.602754498714653e-07,False,False,False,0,False,,,-2.9552197781422875,3.0,False,False,,,weekly,10.0,sigma,computed,/home/lkoo/projects/AutomationDetection/DownloadedLC/incremental/quiescent_background_cache.csv,,,,,,False,not_in_flare_streak
4FGL J1512.8-0906,129,130,55593.00001157408,1.84e-07,5.9e-08,2.45e-07,5.976789537712895e-07,4.602754498714653e-07,2.5837095017900364e-09,4.602754498714653e-07,2.5837095017900364e-09,1.9647499999999997e-06,1.9647499999999997e-06,4.602754498714653e-07,False,False,False,0,False,,,-4.678151219174625,3.0,False,False,,,weekly,10.0,sigma,computed,/home/lkoo/projects/AutomationDetection/DownloadedLC/incremental/quiescent_background_cache.csv,,,,,,False,not_in_flare_streak
4FGL J1512.8-0906,130,131,55600.00001157408,2.97e-07,7.21e-08,1.84e-07,5.976789537712895e-07,4.602754498714653e-07,2.5837095017900364e-09,4.602754498714653e-07,2.5837095017900364e-09,1.9647499999999997e-06,1.9647499999999997e-06,4.602754498714653e-07,True,False,False,0,False,,,-2.26311671826681,3.0,False,False,,,weekly,10.0,sigma,computed,/home/lkoo/projects/AutomationDetection/DownloadedLC/incremental/quiescent_background_cache.csv,,,,,,False,not_in_flare_streak
4FGL J1512.8-0906,131,132,55607.00001157408,3.16e-07,5.51e-08,2.97e-07,5.976789537712895e-07,4.602754498714653e-07,2.5837095017900364e-09,4.602754498714653e-07,2.5837095017900364e-09,1.9647499999999997e-06,1.9647499999999997e-06,4.602754498714653e-07,True,False,False,0,False,,,-2.615555265085333,3.0,False,False,,,weekly,10.0,sigma,computed,/home/lkoo/projects/AutomationDetection/DownloadedLC/incremental/quiescent_background_cache.csv,,,,,,False,not_in_flare_streak
4FGL J1512.8-0906,132,133,55614.00001157408,7.65e-07,6.29e-08,3.16e-07,5.976789537712895e-07,4.602754498714653e-07,2.5837095017900364e-09,4.602754498714653e-07,2.5837095017900364e-09,1.9647499999999997e-06,1.9647499999999997e-06,4.602754498714653e-07,True,True,False,0,False,,,4.840505529643155,3.0,True,True,55614.00001157408,55614.00001157408,weekly,10.0,sigma,computed,/home/lkoo/projects/AutomationDetection/DownloadedLC/incremental/quiescent_background_cache.csv,,,,,,False,not_in_flare_streak
4FGL J1512.8-0906,133,134,55621.00001157408,5.36e-07,5.84e-08,7.65e-07,5.976789537712895e-07,4.602754498714653e-07,2.5837095017900364e-09,4.602754498714653e-07,2.5837095017900364e-09,1.9647499999999997e-06,1.9647499999999997e-06,4.602754498714653e-07,False,True,False,0,False,,,1.2953861332466703,3.0,False,True,55614.00001157408,55621.00001157408,weekly,10.0,sigma,computed,/home/lkoo/projects/AutomationDetection/DownloadedLC/incremental/quiescent_background_cache.csv,,,,,,False,not_in_flare_streak
4FGL J1512.8-0906,134,135,55628.00001157408,1.17e-07,6.65e-08,5.36e-07,5.976789537712895e-07,4.602754498714653e-07,2.5837095017900364e-09,4.602754498714653e-07,2.5837095017900364e-09,1.9647499999999997e-06,1.9647499999999997e-06,4.602754498714653e-07,False,False,False,0,False,,,-5.158145100066728,3.0,False,False,,,weekly,10.0,sigma,computed,/home/lkoo/projects/AutomationDetection/DownloadedLC/incremental/quiescent_background_cache.csv,,,,,,False,not_in_flare_streak
4FGL J1512.8-0906,135,136,55635.00001157408,1.05e-07,4.19e-08,1.17e-07,5.976789537712895e-07,4.602754498714653e-07,2.5837095017900364e-09,4.602754498714653e-07,2.5837095017900364e-09,1.9647499999999997e-06,1.9647499999999997e-06,4.602754498714653e-07,False,False,False,0,False,,,-8.463052935642626,3.0,False,False,,,weekly,10.0,sigma,computed,/home/lkoo/projects/AutomationDetection/DownloadedLC/incremental/quiescent_background_cache.csv,,,,,,False,not_in_flare_streak
4FGL J1512.8-0906,136,137,55642.00001157408,1.61e-07,8.43e-08,1.05e-07,5.976789537712895e-07,4.602754498714653e-07,2.5837095017900364e-09,4.602754498714653e-07,2.5837095017900364e-09,1.9647499999999997e-06,1.9647499999999997e-06,4.602754498714653e-07,True,False,False,0,False,,,-3.548457711522835,3.0,False,False,,,weekly,10.0,sigma,computed,/home/lkoo/projects/AutomationDetection/DownloadedLC/incremental/quiescent_background_cache.csv,,,,,,False,not_in_flare_streak
4FGL J1512.8-0906,137,138,55649.00001157408,1.43e-07,5.83e-08,1.61e-07,5.976789537712895e-07,4.602754498714653e-07,2.5837095017900364e-09,4.602754498714653e-07,2.5837095017900364e-09,1.9647499999999997e-06,1.9647499999999997e-06,4.602754498714653e-07,False,False,False,0,False,,,-5.436781085589894,3.0,False,False,,,weekly,10.0,sigma,computed,/home/lkoo/projects/AutomationDetection/DownloadedLC/incremental/quiescent_background_cache.csv,,,,,,False,not_in_flare_streak
4FGL J1512.8-0906,138,139,55656.00001157408,7.64e-07,7.69e-08,1.43e-07,5.976789537712895e-07,4.602754498714653e-07,2.5837095017900364e-09,4.602754498714653e-07,2.5837095017900364e-09,1.9647499999999997e-06,1.9647499999999997e-06,4.602754498714653e-07,True,True,False,0,False,,,3.947376671175941,3.0,True,True,55656.00001157408,55656.00001157408,weekly,10.0,sigma,computed,/home/lkoo/projects/AutomationDetection/DownloadedLC/incremental/quiescent_background_cache.csv,,,,,,False,not_in_flare_streak
4FGL J1512.8-0906,139,140,55663.00001157408,8.97e-07,1.21e-07,7.64e-07,5.976789537712895e-07,4.602754498714653e-07,2.5837095017900364e-09,4.602754498714653e-07,2.5837095017900364e-09,1.9647499999999997e-06,1.9647499999999997e-06,4.602754498714653e-07,True,True,False,0,False,,,3.6084712563585306,3.0,True,True,55656.00001157408,55663.00001157408,weekly,10.0,sigma,computed,/home/lkoo/projects/AutomationDetection/DownloadedLC/incremental/quiescent_background_cache.csv,,,,,,False,not_in_flare_streak
4FGL J1512.8-0906,140,141,55670.00001157408,5.3e-07,5.72e-08,8.97e-07,5.976789537712895e-07,4.602754498714653e-07,2.5837095017900364e-09,4.602754498714653e-07,2.5837095017900364e-09,1.9647499999999997e-06,1.9647499999999997e-06,4.602754498714653e-07,False,True,False,0,False,,,1.2177190398517876,3.0,False,True,55656.00001157408,55670.00001157408,weekly,10.0,sigma,computed,/home/lkoo/projects/AutomationDetection/DownloadedLC/incremental/quiescent_background_cache.csv,,,,,,False,not_in_flare_streak
4FGL J1512.8-0906,141,142,55677.00001157408,6.01e-07,6.99e-08,5.3e-07,5.976789537712895e-07,4.602754498714653e-07,2.5837095017900364e-09,4.602754498714653e-07,2.5837095017900364e-09,1.9647499999999997e-06,1.9647499999999997e-06,4.602754498714653e-07,True,True,False,0,False,,,2.011852867481528,3.0,False,True,55656.00001157408,55677.00001157408,weekly,10.0,sigma,computed,/home/lkoo/projects/AutomationDetection/DownloadedLC/incremental/quiescent_background_cache.csv,,,,,,False,not_in_flare_streak
4FGL J1512.8-0906,142,143,55684.00001157408,3.25e-07,6.95e-08,6.01e-07,5.976789537712895e-07,4.602754498714653e-07,2.5837095017900364e-09,4.602754498714653e-07,2.5837095017900364e-09,1.9647499999999997e-06,1.9647499999999997e-06,4.602754498714653e-07,False,False,False,0,False,,,-1.9450657442471124,3.0,False,False,,,weekly,10.0,sigma,computed,/home/lkoo/projects/AutomationDetection/DownloadedLC/incremental/quiescent_background_cache.csv,,,,,,False,not_in_flare_streak
4FGL J1512.8-0906,143,144,55691.00001157408,2.21e-07,6.47e-08,3.25e-07,5.976789537712895e-07,4.602754498714653e-07,2.5837095017900364e-09,4.602754498714653e-07,2.5837095017900364e-09,1.9647499999999997e-06,1.9647499999999997e-06,4.602754498714653e-07,False,False,False,0,False,,,-3.6952842590029205,3.0,False,False,,,weekly,10.0,sigma,computed,/home/lkoo/projects/AutomationDetection/DownloadedLC/incremental/quiescent_background_cache.csv,,,,,,False,not_in_flare_streak
4FGL J1512.8-0906,144,145,55698.00001157408,2.22e-07,7.21e-08,2.21e-07,5.976789537712895e-07,4.602754498714653e-07,2.5837095017900364e-09,4.602754498714653e-07,2.5837095017900364e-09,1.9647499999999997e-06,1.9647499999999997e-06,4.602754498714653e-07,True,False,False,0,False,,,-3.3026713727089185,3.0,False,False,,,weekly,10.0,sigma,computed,/home/lkoo/projects/AutomationDetection/DownloadedLC/incremental/quiescent_background_cache.csv,,,,,,False,not_in_flare_streak
4FGL J1512.8-0906,145,146,55705.00001157408,2.43e-07,6.77e-08,2.22e-07,5.976789537712895e-07,4.602754498714653e-07,2.5837095017900364e-09,4.602754498714653e-07,2.5837095017900364e-09,1.9647499999999997e-06,1.9647499999999997e-06,4.602754498714653e-07,True,False,False,0,False,,,-3.2070515780030315,3.0,False,False,,,weekly,10.0,sigma,computed,/home/lkoo/projects/AutomationDetection/DownloadedLC/incremental/quiescent_background_cache.csv,,,,,,False,not_in_flare_streak
4FGL J1512.8-0906,146,147,55712.00001157408,2.2e-07,5.45e-08,2.43e-07,5.976789537712895e-07,4.602754498714653e-07,2.5837095017900364e-09,4.602754498714653e-07,2.5837095017900364e-09,1.9647499999999997e-06,1.9647499999999997e-06,4.602754498714653e-07,False,False,False,0,False,,,-4.40377794362728,3.0,False,False,,,weekly,10.0,sigma,computed,/home/lkoo/projects/AutomationDetection/DownloadedLC/incremental/quiescent_background_cache.csv,,,,,,False,not_in_flare_streak
4FGL J1512.8-0906,147,148,55719.00001157408,4.65e-07,5.14e-08,2.2e-07,5.976789537712895e-07,4.602754498714653e-07,2.5837095017900364e-09,4.602754498714653e-07,2.5837095017900364e-09,1.9647499999999997e-06,1.9647499999999997e-06,4.602754498714653e-07,True,True,False,0,False,,,0.0918014115440117,3.0,False,False,,,weekly,10.0,sigma,computed,/home/lkoo/projects/AutomationDetection/DownloadedLC/incremental/quiescent_background_cache.csv,,,,,,False,not_in_flare_streak
4FGL J1512.8-0906,148,149,55726.00001157408,2.88e-07,5.26e-08,4.65e-07,5.976789537712895e-07,4.602754498714653e-07,2.5837095017900364e-09,4.602754498714653e-07,2.5837095017900364e-09,1.9647499999999997e-06,1.9647499999999997e-06,4.602754498714653e-07,False,False,False,0,False,,,-3.2712546522155876,3.0,False,False,,,weekly,10.0,sigma,computed,/home/lkoo/projects/AutomationDetection/DownloadedLC/incremental/quiescent_background_cache.csv,,,,,,False,not_in_flare_streak
4FGL J1512.8-0906,149,150,55733.00001157408,8.47e-07,8.46e-08,2.88e-07,5.976789537712895e-07,4.602754498714653e-07,2.5837095017900364e-09,4.602754498714653e-07,2.5837095017900364e-09,1.9647499999999997e-06,1.9647499999999997e-06,4.602754498714653e-07,True,True,False,0,False,,,4.569081858888811,3.0,True,True,55733.00001157408,55733.00001157408,weekly,10.0,sigma,computed,/home/lkoo/projects/AutomationDetection/DownloadedLC/incremental/quiescent_background_cache.csv,,,,,,False,not_in_flare_streak
4FGL J1512.8-0906,150,151,55740.00001157408,3.26e-06,1.46e-07,8.47e-07,5.976789537712895e-07,4.602754498714653e-07,2.5837095017900364e-09,4.602754498714653e-07,2.5837095017900364e-09,1.9647499999999997e-06,1.9647499999999997e-06,4.602754498714653e-07,True,True,False,0,False,,,19.17319353895728,3.0,True,True,55733.00001157408,55740.00001157408,weekly,10.0,sigma,computed,/home/lkoo/projects/AutomationDetection/DownloadedLC/incremental/quiescent_background_cache.csv,,,,,,False,not_in_flare_streak
4FGL J1512.8-0906,151,152,55747.00001157408,8.62e-07,9.3e-08,3.26e-06,5.976789537712895e-07,4.602754498714653e-07,2.5837095017900364e-09,4.602754498714653e-07,2.5837095017900364e-09,1.9647499999999997e-06,1.9647499999999997e-06,4.602754498714653e-07,False,True,False,0,False,,,4.3179527779719695,3.0,True,True,55733.00001157408,55747.00001157408,weekly,10.0,sigma,computed,/home/lkoo/projects/AutomationDetection/DownloadedLC/incremental/quiescent_background_cache.csv,,,,,,False,not_in_flare_streak
4FGL J1512.8-0906,152,153,55754.00001157408,7.63e-07,9.1e-08,8.62e-07,5.976789537712895e-07,4.602754498714653e-07,2.5837095017900364e-09,4.602754498714653e-07,2.5837095017900364e-09,1.9647499999999997e-06,1.9647499999999997e-06,4.602754498714653e-07,False,True,False,0,False,,,3.32530336616596,3.0,True,True,55733.00001157408,55754.00001157408,weekly,10.0,sigma,computed,/home/lkoo/projects/AutomationDetection/DownloadedLC/incremental/quiescent_background_cache.csv,,,,,,False,not_in_flare_streak
4FGL J1512.8-0906,153,154,55761.00001157408,1.93e-06,1.08e-07,7.63e-07,5.976789537712895e-07,4.602754498714653e-07,2.5837095017900364e-09,4.602754498714653e-07,2.5837095017900364e-09,1.9647499999999997e-06,1.9647499999999997e-06,4.602754498714653e-07,True,True,False,0,False,,,13.604668086043022,3.0,True,True,55733.00001157408,55761.00001157408,weekly,10.0,sigma,computed,/home/lkoo/projects/AutomationDetection/DownloadedLC/incremental/quiescent_background_cache.csv,,,,,,False,not_in_flare_streak
4FGL J1512.8-0906,154,155,55768.00001157408,9.96e-07,7.26e-08,1.93e-06,5.976789537712895e-07,4.602754498714653e-07,2.5837095017900364e-09,4.602754498714653e-07,2.5837095017900364e-09,1.9647499999999997e-06,1.9647499999999997e-06,4.602754498714653e-07,False,True,False,0,False,,,7.374457541299911,3.0,True,True,55733.00001157408,55768.00001157408,weekly,10.0,sigma,computed,/home/lkoo/projects/AutomationDetection/DownloadedLC/incremental/quiescent_background_cache.csv,,,,,,False,not_in_flare_streak
4FGL J1512.8-0906,155,156,55775.00001157408,6.24e-07,5.95e-08,9.96e-07,5.976789537712895e-07,4.602754498714653e-07,2.5837095017900364e-09,4.602754498714653e-07,2.5837095017900364e-09,1.9647499999999997e-06,1.9647499999999997e-06,4.602754498714653e-07,False,True,False,0,False,,,2.7490824740508835,3.0,False,True,55733.00001157408,55775.00001157408,weekly,10.0,sigma,computed,/home/lkoo/projects/AutomationDetection/DownloadedLC/incremental/quiescent_background_cache.csv,,,,,,False,not_in_flare_streak
4FGL J1512.8-0906,156,157,55782.00001157408,1.48e-06,9.02e-08,6.24e-07,5.976789537712895e-07,4.602754498714653e-07,2.5837095017900364e-09,4.602754498714653e-07,2.5837095017900364e-09,1.9647499999999997e-06,1.9647499999999997e-06,4.602754498714653e-07,True,True,False,0,False,,,11.300515183215076,3.0,True,True,55733.00001157408,55782.00001157408,weekly,10.0,sigma,computed,/home/lkoo/projects/AutomationDetection/DownloadedLC/incremental/quiescent_background_cache.csv,,,,,,False,not_in_flare_streak
4FGL J1512.8-0906,157,158,55789.00001157408,1.15e-06,9.85e-08,1.48e-06,5.976789537712895e-07,4.602754498714653e-07,2.5837095017900364e-09,4.602754498714653e-07,2.5837095017900364e-09,1.9647499999999997e-06,1.9647499999999997e-06,4.602754498714653e-07,False,True,False,0,False,,,6.9998720080990315,3.0,True,True,55733.00001157408,55789.00001157408,weekly,10.0,sigma,computed,/home/lkoo/projects/AutomationDetection/DownloadedLC/incremental/quiescent_background_cache.csv,,,,,,False,not_in_flare_streak
4FGL J1512.8-0906,158,159,55796.00001157408,7.37e-07,1.01e-07,1.15e-06,5.976789537712895e-07,4.602754498714653e-07,2.5837095017900364e-09,4.602754498714653e-07,2.5837095017900364e-09,1.9647499999999997e-06,1.9647499999999997e-06,4.602754498714653e-07,False,True,False,0,False,,,2.7389509900431266,3.0,False,True,55733.00001157408,55796.00001157408,weekly,10.0,sigma,computed,/home/lkoo/projects/AutomationDetection/DownloadedLC/incremental/quiescent_background_cache.csv,,,,,,False,not_in_flare_streak
4FGL J1512.8-0906,159,160,55803.00001157408,3.09e-07,6.24e-08,7.37e-07,5.976789537712895e-07,4.602754498714653e-07,2.5837095017900364e-09,4.602754498714653e-07,2.5837095017900364e-09,1.9647499999999997e-06,1.9647499999999997e-06,4.602754498714653e-07,False,False,False,0,False,,,-2.422210597065332,3.0,False,False,,,weekly,10.0,sigma,computed,/home/lkoo/projects/AutomationDetection/DownloadedLC/incremental/quiescent_background_cache.csv,,,,,,False,not_in_flare_streak
4FGL J1512.8-0906,160,161,55810.00001157408,5.83e-07,8.71e-08,3.09e-07,5.976789537712895e-07,4.602754498714653e-07,2.5837095017900364e-09,4.602754498714653e-07,2.5837095017900364e-09,1.9647499999999997e-06,1.9647499999999997e-06,4.602754498714653e-07,True,True,False,0,False,,,1.4083879548273026,3.0,False,False,,,weekly,10.0,sigma,computed,/home/lkoo/projects/AutomationDetection/DownloadedLC/incremental/quiescent_background_cache.csv,,,,,,False,not_in_flare_streak
4FGL J1512.8-0906,161,162,55817.00001157408,5.07e-07,7.36e-08,5.83e-07,5.976789537712895e-07,4.602754498714653e-07,2.5837095017900364e-09,4.602754498714653e-07,2.5837095017900364e-09,1.9647499999999997e-06,1.9647499999999997e-06,4.602754498714653e-07,False,True,False,0,False,,,0.6344536191024394,3.0,False,False,,,weekly,10.0,sigma,computed,/home/lkoo/projects/AutomationDetection/DownloadedLC/incremental/quiescent_background_cache.csv,,,,,,False,not_in_flare_streak
4FGL J1512.8-0906,162,163,55824.00001157408,3.68e-07,5.13e-08,5.07e-07,5.976789537712895e-07,4.602754498714653e-07,2.5837095017900364e-09,4.602754498714653e-07,2.5837095017900364e-09,1.9647499999999997e-06,1.9647499999999997e-06,4.602754498714653e-07,False,False,False,0,False,,,-1.7964646963860924,3.0,False,False,,,weekly,10.0,sigma,computed,/home/lkoo/projects/AutomationDetection/DownloadedLC/incremental/quiescent_background_cache.csv,,,,,,False,not_in_flare_streak
4FGL J1512.8-0906,163,164,55831.00001157408,3.97e-07,5.4e-08,3.68e-07,5.976789537712895e-07,4.602754498714653e-07,2.5837095017900364e-09,4.602754498714653e-07,2.5837095017900364e-09,1.9647499999999997e-06,1.9647499999999997e-06,4.602754498714653e-07,True,False,False,0,False,,,-1.1704286337842418,3.0,False,False,,,weekly,10.0,sigma,computed,/home/lkoo/projects/AutomationDetection/DownloadedLC/incremental/quiescent_background_cache.csv,,,,,,False,not_in_flare_streak
4FGL J1512.8-0906,164,165,55838.00001157408,9.8e-07,8.87e-08,3.97e-07,5.976789537712895e-07,4.602754498714653e-07,2.5837095017900364e-09,4.602754498714653e-07,2.5837095017900364e-09,1.9647499999999997e-06,1.9647499999999997e-06,4.602754498714653e-07,True,True,False,0,False,,,5.856868130200417,3.0,True,True,55838.00001157408,55838.00001157408,weekly,10.0,sigma,computed,/home/lkoo/projects/AutomationDetection/DownloadedLC/incremental/quiescent_background_cache.csv,,,,,,False,not_in_flare_streak
4FGL J1512.8-0906,165,166,55845.00001157408,2.79e-06,1.43e-07,9.8e-07,5.976789537712895e-07,4.602754498714653e-07,2.5837095017900364e-09,4.602754498714653e-07,2.5837095017900364e-09,1.9647499999999997e-06,1.9647499999999997e-06,4.602754498714653e-07,True,True,False,0,False,,,16.28912150439293,3.0,True,True,55838.00001157408,55845.00001157408,weekly,10.0,sigma,computed,/home/lkoo/projects/AutomationDetection/DownloadedLC/incremental/quiescent_background_cache.csv,,,,,,False,not_in_flare_streak
4FGL J1512.8-0906,166,167,55852.00001157408,5.62e-06,1.9e-07,2.79e-06,5.976789537712895e-07,4.602754498714653e-07,2.5837095017900364e-09,4.602754498714653e-07,2.5837095017900364e-09,1.9647499999999997e-06,1.9647499999999997e-06,4.602754498714653e-07,True,True,False,0,False,,,27.15393448546516,3.0,True,True,55838.00001157408,55852.00001157408,weekly,10.0,sigma,computed,/home/lkoo/projects/AutomationDetection/DownloadedLC/incremental/quiescent_background_cache.csv,,,,,,False,not_in_flare_streak
4FGL J1512.8-0906,167,168,55859.00001157408,1.12e-06,1.1e-07,5.62e-06,5.976789537712895e-07,4.602754498714653e-07,2.5837095017900364e-09,4.602754498714653e-07,2.5837095017900364e-09,1.9647499999999997e-06,1.9647499999999997e-06,4.602754498714653e-07,False,True,False,0,False,,,5.995842189017649,3.0,True,True,55838.00001157408,55859.00001157408,weekly,10.0,sigma,computed,/home/lkoo/projects/AutomationDetection/DownloadedLC/incremental/quiescent_background_cache.csv,,,,,,False,not_in_flare_streak
4FGL J1512.8-0906,168,169,55866.00001157408,6.52e-06,1.84e-07,1.12e-06,5.976789537712895e-07,4.602754498714653e-07,2.5837095017900364e-09,4.602754498714653e-07,2.5837095017900364e-09,1.9647499999999997e-06,1.9647499999999997e-06,4.602754498714653e-07,True,True,False,0,False,,,32.93003926927168,3.0,True,True,55838.00001157408,55866.00001157408,weekly,10.0,sigma,computed,/home/lkoo/projects/AutomationDetection/DownloadedLC/incremental/quiescent_background_cache.csv,,,,,,False,not_in_flare_streak
4FGL J1512.8-0906,169,170,55873.00001157408,3.3e-06,1.19e-07,6.52e-06,5.976789537712895e-07,4.602754498714653e-07,2.5837095017900364e-09,4.602754498714653e-07,2.5837095017900364e-09,1.9647499999999997e-06,1.9647499999999997e-06,4.602754498714653e-07,False,True,False,0,False,,,23.857608887796534,3.0,True,True,55838.00001157408,55873.00001157408,weekly,10.0,sigma,computed,/home/lkoo/projects/AutomationDetection/DownloadedLC/incremental/quiescent_background_cache.csv,,,,,,False,not_in_flare_streak
4FGL J1512.8-0906,170,171,55880.00001157408,2.14e-06,9.33e-08,3.3e-06,5.976789537712895e-07,4.602754498714653e-07,2.5837095017900364e-09,4.602754498714653e-07,2.5837095017900364e-09,1.9647499999999997e-06,1.9647499999999997e-06,4.602754498714653e-07,False,True,False,0,False,,,17.996579332209645,3.0,True,True,55838.00001157408,55880.00001157408,weekly,10.0,sigma,computed,/home/lkoo/projects/AutomationDetection/DownloadedLC/incremental/quiescent_background_cache.csv,,,,,,False,not_in_flare_streak
4FGL J1512.8-0906,171,172,55887.00001157408,5.7e-07,6.1e-08,2.14e-06,5.976789537712895e-07,4.602754498714653e-07,2.5837095017900364e-09,4.602754498714653e-07,2.5837095017900364e-09,1.9647499999999997e-06,1.9647499999999997e-06,4.602754498714653e-07,False,True,False,0,False,,,1.7971517745816339,3.0,False,True,55838.00001157408,55887.00001157408,weekly,10.0,sigma,computed,/home/lkoo/projects/AutomationDetection/DownloadedLC/incremental/quiescent_background_cache.csv,,,,,,False,not_in_flare_streak
4FGL J1512.8-0906,172,173,55894.00001157408,7.15e-07,8.27e-08,5.7e-07,5.976789537712895e-07,4.602754498714653e-07,2.5837095017900364e-09,4.602754498714653e-07,2.5837095017900364e-09,1.9647499999999997e-06,1.9647499999999997e-06,4.602754498714653e-07,True,True,False,0,False,,,3.0786013045192533,3.0,True,True,55838.00001157408,55894.00001157408,weekly,10.0,sigma,computed,/home/lkoo/projects/AutomationDetection/DownloadedLC/incremental/quiescent_background_cache.csv,,,,,,False,not_in_flare_streak
4FGL J1512.8-0906,173,174,55901.00001157408,3.92e-07,7.18e-08,7.15e-07,5.976789537712895e-07,4.602754498714653e-07,2.5837095017900364e-09,4.602754498714653e-07,2.5837095017900364e-09,1.9647499999999997e-06,1.9647499999999997e-06,4.602754498714653e-07,False,False,False,0,False,,,-0.9502964845097622,3.0,False,False,,,weekly,10.0,sigma,computed,/home/lkoo/projects/AutomationDetection/DownloadedLC/incremental/quiescent_background_cache.csv,,,,,,False,not_in_flare_streak
4FGL J1512.8-0906,174,175,55908.00001157408,5.8e-07,8.97e-08,3.92e-07,5.976789537712895e-07,4.602754498714653e-07,2.5837095017900364e-09,4.602754498714653e-07,2.5837095017900364e-09,1.9647499999999997e-06,1.9647499999999997e-06,4.602754498714653e-07,True,True,False,0,False,,,1.3341685107061056,3.0,False,False,,,weekly,10.0,sigma,computed,/home/lkoo/projects/AutomationDetection/DownloadedLC/incremental/quiescent_background_cache.csv,,,,,,False,not_in_flare_streak
4FGL J1512.8-0906,175,176,55915.00001157408,3.67e-07,6.83e-08,5.8e-07,5.976789537712895e-07,4.602754498714653e-07,2.5837095017900364e-09,4.602754498714653e-07,2.5837095017900364e-09,1.9647499999999997e-06,1.9647499999999997e-06,4.602754498714653e-07,False,False,False,0,False,,,-1.3646966597258856,3.0,False,False,,,weekly,10.0,sigma,computed,/home/lkoo/projects/AutomationDetection/DownloadedLC/incremental/quiescent_background_cache.csv,,,,,,False,not_in_flare_streak
4FGL J1512.8-0906,176,177,55922.00001157408,4.37e-07,6.22e-08,3.67e-07,5.976789537712895e-07,4.602754498714653e-07,2.5837095017900364e-09,4.602754498714653e-07,2.5837095017900364e-09,1.9647499999999997e-06,1.9647499999999997e-06,4.602754498714653e-07,True,False,False,0,False,,,-0.37388095358350976,3.0,False,False,,,weekly,10.0,sigma,computed,/home/lkoo/projects/AutomationDetection/DownloadedLC/incremental/quiescent_background_cache.csv,,,,,,False,not_in_flare_streak
4FGL J1512.8-0906,177,178,55929.00001157408,5.42e-07,5.6e-08,4.37e-07,5.976789537712895e-07,4.602754498714653e-07,2.5837095017900364e-09,4.602754498714653e-07,2.5837095017900364e-09,1.9647499999999997e-06,1.9647499999999997e-06,4.602754498714653e-07,True,True,False,0,False,,,1.4578161760334007,3.0,False,False,,,weekly,10.0,sigma,computed,/home/lkoo/projects/AutomationDetection/DownloadedLC/incremental/quiescent_background_cache.csv,,,,,,False,not_in_flare_streak
4FGL J1512.8-0906,178,179,55936.00001157408,9.3e-07,6.58e-08,5.42e-07,5.976789537712895e-07,4.602754498714653e-07,2.5837095017900364e-09,4.602754498714653e-07,2.5837095017900364e-09,1.9647499999999997e-06,1.9647499999999997e-06,4.602754498714653e-07,True,True,False,0,False,,,7.1331740333296985,3.0,True,True,55936.00001157408,55936.00001157408,weekly,10.0,sigma,computed,/home/lkoo/projects/AutomationDetection/DownloadedLC/incremental/quiescent_background_cache.csv,,,,,,False,not_in_flare_streak
4FGL J1512.8-0906,179,180,55943.00001157408,8.1e-07,6.94e-08,9.3e-07,5.976789537712895e-07,4.602754498714653e-07,2.5837095017900364e-09,4.602754498714653e-07,2.5837095017900364e-09,1.9647499999999997e-06,1.9647499999999997e-06,4.602754498714653e-07,False,True,False,0,False,,,5.03577002542785,3.0,True,True,55936.00001157408,55943.00001157408,weekly,10.0,sigma,computed,/home/lkoo/projects/AutomationDetection/DownloadedLC/incremental/quiescent_background_cache.csv,,,,,,False,not_in_flare_streak
4FGL J1512.8-0906,180,181,55950.00001157408,1.39e-06,9.38e-08,8.1e-07,5.976789537712895e-07,4.602754498714653e-07,2.5837095017900364e-09,4.602754498714653e-07,2.5837095017900364e-09,1.9647499999999997e-06,1.9647499999999997e-06,4.602754498714653e-07,True,True,False,0,False,,,9.908017593504121,3.0,True,True,55936.00001157408,55950.00001157408,weekly,10.0,sigma,computed,/home/lkoo/projects/AutomationDetection/DownloadedLC/incremental/quiescent_background_cache.csv,,,,,,False,not_in_flare_streak
4FGL J1512.8-0906,181,182,55957.00001157408,3.64e-06,1.43e-07,1.39e-06,5.976789537712895e-07,4.602754498714653e-07,2.5837095017900364e-09,4.602754498714653e-07,2.5837095017900364e-09,1.9647499999999997e-06,1.9647499999999997e-06,4.602754498714653e-07,True,True,False,0,False,,,22.232207470487122,3.0,True,True,55936.00001157408,55957.00001157408,weekly,10.0,sigma,computed,/home/lkoo/projects/AutomationDetection/DownloadedLC/incremental/quiescent_background_cache.csv,,,,,,False,not_in_flare_streak
4FGL J1512.8-0906,182,183,55964.00001157408,2.41e-06,1.28e-07,3.64e-06,5.976789537712895e-07,4.602754498714653e-07,2.5837095017900364e-09,4.602754498714653e-07,2.5837095017900364e-09,1.9647499999999997e-06,1.9647499999999997e-06,4.602754498714653e-07,False,True,False,0,False,,,15.229120860460183,3.0,True,True,55936.00001157408,55964.00001157408,weekly,10.0,sigma,computed,/home/lkoo/projects/AutomationDetection/DownloadedLC/incremental/quiescent_background_cache.csv,,,,,,False,not_in_flare_streak
4FGL J1512.8-0906,183,184,55971.00001157408,3.03e-06,1.26e-07,2.41e-06,5.976789537712895e-07,4.602754498714653e-07,2.5837095017900364e-09,4.602754498714653e-07,2.5837095017900364e-09,1.9647499999999997e-06,1.9647499999999997e-06,4.602754498714653e-07,True,True,False,0,False,,,20.39035286030251,3.0,True,True,55936.00001157408,55971.00001157408,weekly,10.0,sigma,computed,/home/lkoo/projects/AutomationDetection/DownloadedLC/incremental/quiescent_background_cache.csv,,,,,,False,not_in_flare_streak
4FGL J1512.8-0906,184,185,55978.00001157408,4.97e-06,1.38e-07,3.03e-06,5.976789537712895e-07,4.602754498714653e-07,2.5837095017900364e-09,4.602754498714653e-07,2.5837095017900364e-09,1.9647499999999997e-06,1.9647499999999997e-06,4.602754498714653e-07,True,True,False,0,False,,,32.67343734575064,3.0,True,True,55936.00001157408,55978.00001157408,weekly,10.0,sigma,computed,/home/lkoo/projects/AutomationDetection/DownloadedLC/incremental/quiescent_background_cache.csv,,,,,,False,not_in_flare_streak
4FGL J1512.8-0906,185,186,55985.00001157408,5.35e-06,1.28e-07,4.97e-06,5.976789537712895e-07,4.602754498714653e-07,2.5837095017900364e-09,4.602754498714653e-07,2.5837095017900364e-09,1.9647499999999997e-06,1.9647499999999997e-06,4.602754498714653e-07,True,True,False,0,False,,,38.19319305558193,3.0,True,True,55936.00001157408,55985.00001157408,weekly,10.0,sigma,computed,/home/lkoo/projects/AutomationDetection/DownloadedLC/incremental/quiescent_background_cache.csv,,,,,,False,not_in_flare_streak
4FGL J1512.8-0906,186,187,55992.00001157408,2.85e-06,1.22e-07,5.35e-06,5.976789537712895e-07,4.602754498714653e-07,2.5837095017900364e-09,4.602754498714653e-07,2.5837095017900364e-09,1.9647499999999997e-06,1.9647499999999997e-06,4.602754498714653e-07,False,True,False,0,False,,,19.58351498452011,3.0,True,True,55936.00001157408,55992.00001157408,weekly,10.0,sigma,computed,/home/lkoo/projects/AutomationDetection/DownloadedLC/incremental/quiescent_background_cache.csv,,,,,,False,not_in_flare_streak
4FGL J1512.8-0906,187,188,55999.00001157408,4.11e-06,1.38e-07,2.85e-06,5.976789537712895e-07,4.602754498714653e-07,2.5837095017900364e-09,4.602754498714653e-07,2.5837095017900364e-09,1.9647499999999997e-06,1.9647499999999997e-06,4.602754498714653e-07,True,True,False,0,False,,,26.442645241930315,3.0,True,True,55936.00001157408,55999.00001157408,weekly,10.0,sigma,computed,/home/lkoo/projects/AutomationDetection/DownloadedLC/incremental/quiescent_background_cache.csv,,,,,,False,not_in_flare_streak
4FGL J1512.8-0906,188,189,56006.00001157408,9.38e-07,9.53e-08,4.11e-06,5.976789537712895e-07,4.602754498714653e-07,2.5837095017900364e-09,4.602754498714653e-07,2.5837095017900364e-09,1.9647499999999997e-06,1.9647499999999997e-06,4.602754498714653e-07,False,True,False,0,False,,,5.011008156691336,3.0,True,True,55936.00001157408,56006.00001157408,weekly,10.0,sigma,computed,/home/lkoo/projects/AutomationDetection/DownloadedLC/incremental/quiescent_background_cache.csv,,,,,,False,not_in_flare_streak
4FGL J1512.8-0906,189,190,56013.00001157408,5.74e-07,8.24e-08,9.38e-07,5.976789537712895e-07,4.602754498714653e-07,2.5837095017900364e-09,4.602754498714653e-07,2.5837095017900364e-09,1.9647499999999997e-06,1.9647499999999997e-06,4.602754498714653e-07,False,True,False,0,False,,,1.3794743383425794,3.0,False,True,55936.00001157408,56013.00001157408,weekly,10.0,sigma,computed,/home/lkoo/projects/AutomationDetection/DownloadedLC/incremental/quiescent_background_cache.csv,,,,,,False,not_in_flare_streak
4FGL J1512.8-0906,190,191,56020.00001157408,8.69e-07,9.94e-08,5.74e-07,5.976789537712895e-07,4.602754498714653e-07,2.5837095017900364e-09,4.602754498714653e-07,2.5837095017900364e-09,1.9647499999999997e-06,1.9647499999999997e-06,4.602754498714653e-07,True,True,False,0,False,,,4.110528621419322,3.0,True,True,55936.00001157408,56020.00001157408,weekly,10.0,sigma,computed,/home/lkoo/projects/AutomationDetection/DownloadedLC/incremental/quiescent_background_cache.csv,,,,,,False,not_in_flare_streak
4FGL J1512.8-0906,191,192,56027.00001157408,1.06e-06,9.61e-08,8.69e-07,5.976789537712895e-07,4.602754498714653e-07,2.5837095017900364e-09,4.602754498714653e-07,2.5837095017900364e-09,1.9647499999999997e-06,1.9647499999999997e-06,4.602754498714653e-07,True,True,False,0,False,,,6.238375815926213,3.0,True,True,55936.00001157408,56027.00001157408,weekly,10.0,sigma,computed,/home/lkoo/projects/AutomationDetection/DownloadedLC/incremental/quiescent_background_cache.csv,,,,,,False,not_in_flare_streak
4FGL J1512.8-0906,192,193,56034.00001157408,7.06e-07,7.08e-08,1.06e-06,5.976789537712895e-07,4.602754498714653e-07,2.5837095017900364e-09,4.602754498714653e-07,2.5837095017900364e-09,1.9647499999999997e-06,1.9647499999999997e-06,4.602754498714653e-07,False,True,False,0,False,,,3.468377009011171,3.0,True,True,55936.00001157408,56034.00001157408,weekly,10.0,sigma,computed,/home/lkoo/projects/AutomationDetection/DownloadedLC/incremental/quiescent_background_cache.csv,,,,,,False,not_in_flare_streak
4FGL J1512.8-0906,193,194,56041.00001157408,8.98e-07,6.68e-08,7.06e-07,5.976789537712895e-07,4.602754498714653e-07,2.5837095017900364e-09,4.602754498714653e-07,2.5837095017900364e-09,1.9647499999999997e-06,1.9647499999999997e-06,4.602754498714653e-07,True,True,False,0,False,,,6.547866720503045,3.0,True,True,55936.00001157408,56041.00001157408,weekly,10.0,sigma,computed,/home/lkoo/projects/AutomationDetection/DownloadedLC/incremental/quiescent_background_cache.csv,,,,,,False,not_in_flare_streak
4FGL J1512.8-0906,194,195,56048.00001157408,3.56e-07,5.73e-08,8.98e-07,5.976789537712895e-07,4.602754498714653e-07,2.5837095017900364e-09,4.602754498714653e-07,2.5837095017900364e-09,1.9647499999999997e-06,1.9647499999999997e-06,4.602754498714653e-07,False,False,False,0,False,,,-1.8179686790017517,3.0,False,False,,,weekly,10.0,sigma,computed,/home/lkoo/projects/AutomationDetection/DownloadedLC/incremental/quiescent_background_cache.csv,,,,,,False,not_in_flare_streak
4FGL J1512.8-0906,195,196,56055.00001157408,4.8e-07,7.91e-08,3.56e-07,5.976789537712895e-07,4.602754498714653e-07,2.5837095017900364e-09,4.602754498714653e-07,2.5837095017900364e-09,1.9647499999999997e-06,1.9647499999999997e-06,4.602754498714653e-07,True,True,False,0,False,,,0.24922928218550305,3.0,False,False,,,weekly,10.0,sigma,computed,/home/lkoo/projects/AutomationDetection/DownloadedLC/incremental/quiescent_background_cache.csv,,,,,,False,not_in_flare_streak
4FGL J1512.8-0906,196,197,56062.00001157408,4.42e-07,8.05e-08,4.8e-07,5.976789537712895e-07,4.602754498714653e-07,2.5837095017900364e-09,4.602754498714653e-07,2.5837095017900364e-09,1.9647499999999997e-06,1.9647499999999997e-06,4.602754498714653e-07,False,False,False,0,False,,,-0.22690737907950956,3.0,False,False,,,weekly,10.0,sigma,computed,/home/lkoo/projects/AutomationDetection/DownloadedLC/incremental/quiescent_background_cache.csv,,,,,,False,not_in_flare_streak
4FGL J1512.8-0906,197,198,56069.00001157408,3.96e-07,7.91e-08,4.42e-07,5.976789537712895e-07,4.602754498714653e-07,2.5837095017900364e-09,4.602754498714653e-07,2.5837095017900364e-09,1.9647499999999997e-06,1.9647499999999997e-06,4.602754498714653e-07,False,False,False,0,False,,,-0.8121515638747627,3.0,False,False,,,weekly,10.0,sigma,computed,/home/lkoo/projects/AutomationDetection/DownloadedLC/incremental/quiescent_background_cache.csv,,,,,,False,not_in_flare_streak
4FGL J1512.8-0906,198,199,56076.00001157408,3.39e-07,7.53e-08,3.96e-07,5.976789537712895e-07,4.602754498714653e-07,2.5837095017900364e-09,4.602754498714653e-07,2.5837095017900364e-09,1.9647499999999997e-06,1.9647499999999997e-06,4.602754498714653e-07,False,False,False,0,False,,,-1.6096164988805381,3.0,False,False,,,weekly,10.0,sigma,computed,/home/lkoo/projects/AutomationDetection/DownloadedLC/incremental/quiescent_background_cache.csv,,,,,,False,not_in_flare_streak
4FGL J1512.8-0906,199,200,56083.00001157408,3.43e-07,6.35e-08,3.39e-07,5.976789537712895e-07,4.602754498714653e-07,2.5837095017900364e-09,4.602754498714653e-07,2.5837095017900364e-09,1.9647499999999997e-06,1.9647499999999997e-06,4.602754498714653e-07,True,False,False,0,False,,,-1.8453305998418559,3.0,False,False,,,weekly,10.0,sigma,computed,/home/lkoo/projects/AutomationDetection/DownloadedLC/incremental/quiescent_background_cache.csv,,,,,,False,not_in_flare_streak
4FGL J1512.8-0906,200,201,56090.00001157408,4.64e-07,5.46e-08,3.43e-07,5.976789537712895e-07,4.602754498714653e-07,2.5837095017900364e-09,4.602754498714653e-07,2.5837095017900364e-09,1.9647499999999997e-06,1.9647499999999997e-06,4.602754498714653e-07,True,True,False,0,False,,,0.06813895648890819,3.0,False,False,,,weekly,10.0,sigma,computed,/home/lkoo/projects/AutomationDetection/DownloadedLC/incremental/quiescent_background_cache.csv,,,,,,False,not_in_flare_streak
4FGL J1512.8-0906,201,202,56097.00001157408,3.61e-07,5.2e-08,4.64e-07,5.976789537712895e-07,4.602754498714653e-07,2.5837095017900364e-09,4.602754498714653e-07,2.5837095017900364e-09,1.9647499999999997e-06,1.9647499999999997e-06,4.602754498714653e-07,False,False,False,0,False,,,-1.9067910032008963,3.0,False,False,,,weekly,10.0,sigma,computed,/home/lkoo/projects/AutomationDetection/DownloadedLC/incremental/quiescent_background_cache.csv,,,,,,False,not_in_flare_streak
4FGL J1512.8-0906,202,203,56104.00001157408,2.48e-07,6.31e-08,3.61e-07,5.976789537712895e-07,4.602754498714653e-07,2.5837095017900364e-09,4.602754498714653e-07,2.5837095017900364e-09,1.9647499999999997e-06,1.9647499999999997e-06,4.602754498714653e-07,False,False,False,0,False,,,-3.3612951370344186,3.0,False,False,,,weekly,10.0,sigma,computed,/home/lkoo/projects/AutomationDetection/DownloadedLC/incremental/quiescent_background_cache.csv,,,,,,False,not_in_flare_streak
4FGL J1512.8-0906,203,204,56111.00001157408,3.54e-07,8.82e-08,2.48e-07,5.976789537712895e-07,4.602754498714653e-07,2.5837095017900364e-09,4.602754498714653e-07,2.5837095017900364e-09,1.9647499999999997e-06,1.9647499999999997e-06,4.602754498714653e-07,True,False,False,0,False,,,-1.2044204129836211,3.0,False,False,,,weekly,10.0,sigma,computed,/home/lkoo/projects/AutomationDetection/DownloadedLC/incremental/quiescent_background_cache.csv,,,,,,False,not_in_flare_streak
4FGL J1512.8-0906,204,205,56118.00001157408,3.01e-07,6.86e-08,3.54e-07,5.976789537712895e-07,4.602754498714653e-07,2.5837095017900364e-09,4.602754498714653e-07,2.5837095017900364e-09,1.9647499999999997e-06,1.9647499999999997e-06,4.602754498714653e-07,False,False,False,0,False,,,-2.320154537268447,3.0,False,False,,,weekly,10.0,sigma,computed,/home/lkoo/projects/AutomationDetection/DownloadedLC/incremental/quiescent_background_cache.csv,,,,,,False,not_in_flare_streak
4FGL J1512.8-0906,205,206,56125.00001157408,3.98e-07,7.96e-08,3.01e-07,5.976789537712895e-07,4.602754498714653e-07,2.5837095017900364e-09,4.602754498714653e-07,2.5837095017900364e-09,1.9647499999999997e-06,1.9647499999999997e-06,4.602754498714653e-07,True,False,False,0,False,,,-0.7819430924829813,3.0,False,False,,,weekly,10.0,sigma,computed,/home/lkoo/projects/AutomationDetection/DownloadedLC/incremental/quiescent_background_cache.csv,,,,,,False,not_in_flare_streak
4FGL J1512.8-0906,206,207,56132.00001157408,3.05e-07,6.7e-08,3.98e-07,5.976789537712895e-07,4.602754498714653e-07,2.5837095017900364e-09,4.602754498714653e-07,2.5837095017900364e-09,1.9647499999999997e-06,1.9647499999999997e-06,4.602754498714653e-07,False,False,False,0,False,,,-2.315822747188907,3.0,False,False,,,weekly,10.0,sigma,computed,/home/lkoo/projects/AutomationDetection/DownloadedLC/incremental/quiescent_background_cache.csv,,,,,,False,not_in_flare_streak
4FGL J1512.8-0906,207,208,56139.00001157408,2.08e-07,4.93e-08,3.05e-07,5.976789537712895e-07,4.602754498714653e-07,2.5837095017900364e-09,4.602754498714653e-07,2.5837095017900364e-09,1.9647499999999997e-06,1.9647499999999997e-06,4.602754498714653e-07,False,False,False,0,False,,,-5.110136177224752,3.0,False,False,,,weekly,10.0,sigma,computed,/home/lkoo/projects/AutomationDetection/DownloadedLC/incremental/quiescent_background_cache.csv,,,,,,False,not_in_flare_streak
4FGL J1512.8-0906,208,209,56146.00001157408,4.71e-07,5.63e-08,2.08e-07,5.976789537712895e-07,4.602754498714653e-07,2.5837095017900364e-09,4.602754498714653e-07,2.5837095017900364e-09,1.9647499999999997e-06,1.9647499999999997e-06,4.602754498714653e-07,True,True,False,0,False,,,0.19028907045765503,3.0,False,False,,,weekly,10.0,sigma,computed,/home/lkoo/projects/AutomationDetection/DownloadedLC/incremental/quiescent_background_cache.csv,,,,,,False,not_in_flare_streak
4FGL J1512.8-0906,209,210,56153.00001157408,3.34e-07,5.39e-08,4.71e-07,5.976789537712895e-07,4.602754498714653e-07,2.5837095017900364e-09,4.602754498714653e-07,2.5837095017900364e-09,1.9647499999999997e-06,1.9647499999999997e-06,4.602754498714653e-07,False,False,False,0,False,,,-2.3400857577950216,3.0,False,False,,,weekly,10.0,sigma,computed,/home/lkoo/projects/AutomationDetection/DownloadedLC/incremental/quiescent_background_cache.csv,,,,,,False,not_in_flare_streak
4FGL J1512.8-0906,210,211,56160.00001157408,7.95e-07,8.58e-08,3.34e-07,5.976789537712895e-07,4.602754498714653e-07,2.5837095017900364e-09,4.602754498714653e-07,2.5837095017900364e-09,1.9647499999999997e-06,1.9647499999999997e-06,4.602754498714653e-07,True,True,False,0,False,,,3.8994509173485006,3.0,True,True,56160.00001157408,56160.00001157408,weekly,10.0,sigma,computed,/home/lkoo/projects/AutomationDetection/DownloadedLC/incremental/quiescent_background_cache.csv,,,,,,False,not_in_flare_streak
4FGL J1512.8-0906,211,212,56167.00001157408,6.55e-07,8.46e-08,7.95e-07,5.976789537712895e-07,4.602754498714653e-07,2.5837095017900364e-09,4.602754498714653e-07,2.5837095017900364e-09,1.9647499999999997e-06,1.9647499999999997e-06,4.602754498714653e-07,False,True,False,0,False,,,2.3006359673231533,3.0,False,True,56160.00001157408,56167.00001157408,weekly,10.0,sigma,computed,/home/lkoo/projects/AutomationDetection/DownloadedLC/incremental/quiescent_background_cache.csv,,,,,,False,not_in_flare_streak
4FGL J1512.8-0906,212,213,56174.00001157408,5.86e-07,8.52e-08,6.55e-07,5.976789537712895e-07,4.602754498714653e-07,2.5837095017900364e-09,4.602754498714653e-07,2.5837095017900364e-09,1.9647499999999997e-06,1.9647499999999997e-06,4.602754498714653e-07,False,True,False,0,False,,,1.474962213562682,3.0,False,True,56160.00001157408,56174.00001157408,weekly,10.0,sigma,computed,/home/lkoo/projects/AutomationDetection/DownloadedLC/incremental/quiescent_background_cache.csv,,,,,,False,not_in_flare_streak
4FGL J1512.8-0906,213,214,56181.00001157408,3.47e-07,7.65e-08,5.86e-07,5.976789537712895e-07,4.602754498714653e-07,2.5837095017900364e-09,4.602754498714653e-07,2.5837095017900364e-09,1.9647499999999997e-06,1.9647499999999997e-06,4.602754498714653e-07,False,False,False,0,False,,,-1.4798810388293524,3.0,False,False,,,weekly,10.0,sigma,computed,/home/lkoo/projects/AutomationDetection/DownloadedLC/incremental/quiescent_background_cache.csv,,,,,,False,not_in_flare_streak
4FGL J1512.8-0906,214,215,56188.00001157408,4.01e-07,7.22e-08,3.47e-07,5.976789537712895e-07,4.602754498714653e-07,2.5837095017900364e-09,4.602754498714653e-07,2.5837095017900364e-09,1.9647499999999997e-06,1.9647499999999997e-06,4.602754498714653e-07,True,False,False,0,False,,,-0.820464435749137,3.0,False,False,,,weekly,10.0,sigma,computed,/home/lkoo/projects/AutomationDetection/DownloadedLC/incremental/quiescent_background_cache.csv,,,,,,False,not_in_flare_streak
4FGL J1512.8-0906,215,216,56195.00001157408,5.89e-07,1.61e-07,4.01e-07,5.976789537712895e-07,4.602754498714653e-07,2.5837095017900364e-09,4.602754498714653e-07,2.5837095017900364e-09,1.9647499999999997e-06,1.9647499999999997e-06,4.602754498714653e-07,True,True,False,0,False,,,0.7994284336373294,3.0,False,False,,,weekly,10.0,sigma,computed,/home/lkoo/projects/AutomationDetection/DownloadedLC/incremental/quiescent_background_cache.csv,,,,,,False,not_in_flare_streak
4FGL J1512.8-0906,216,217,56202.00001157408,4.56e-07,5.51e-08,5.89e-07,5.976789537712895e-07,4.602754498714653e-07,2.5837095017900364e-09,4.602754498714653e-07,2.5837095017900364e-09,1.9647499999999997e-06,1.9647499999999997e-06,4.602754498714653e-07,False,False,False,0,False,,,-0.07750920500945978,3.0,False,False,,,weekly,10.0,sigma,computed,/home/lkoo/projects/AutomationDetection/DownloadedLC/incremental/quiescent_background_cache.csv,,,,,,False,not_in_flare_streak
4FGL J1512.8-0906,217,218,56209.00001157408,4.05e-07,6.12e-08,4.56e-07,5.976789537712895e-07,4.602754498714653e-07,2.5837095017900364e-09,4.602754498714653e-07,2.5837095017900364e-09,1.9647499999999997e-06,1.9647499999999997e-06,4.602754498714653e-07,False,False,False,0,False,,,-0.9023898117969315,3.0,False,False,,,weekly,10.0,sigma,computed,/home/lkoo/projects/AutomationDetection/DownloadedLC/incremental/quiescent_background_cache.csv,,,,,,False,not_in_flare_streak
4FGL J1512.8-0906,218,219,56216.00001157408,3.94e-07,7.51e-08,4.05e-07,5.976789537712895e-07,4.602754498714653e-07,2.5837095017900364e-09,4.602754498714653e-07,2.5837095017900364e-09,1.9647499999999997e-06,1.9647499999999997e-06,4.602754498714653e-07,False,False,False,0,False,,,-0.8819742025920377,3.0,False,False,,,weekly,10.0,sigma,computed,/home/lkoo/projects/AutomationDetection/DownloadedLC/incremental/quiescent_background_cache.csv,,,,,,False,not_in_flare_streak
4FGL J1512.8-0906,219,220,56223.00001157408,3.07e-07,7.13e-08,3.94e-07,5.976789537712895e-07,4.602754498714653e-07,2.5837095017900364e-09,4.602754498714653e-07,2.5837095017900364e-09,1.9647499999999997e-06,1.9647499999999997e-06,4.602754498714653e-07,False,False,False,0,False,,,-2.1483157565680755,3.0,False,False,,,weekly,10.0,sigma,computed,/home/lkoo/projects/AutomationDetection/DownloadedLC/incremental/quiescent_background_cache.csv,,,,,,False,not_in_flare_streak
4FGL J1512.8-0906,220,221,56230.00001157408,3.99e-07,7.61e-08,3.07e-07,5.976789537712895e-07,4.602754498714653e-07,2.5837095017900364e-09,4.602754498714653e-07,2.5837095017900364e-09,1.9647499999999997e-06,1.9647499999999997e-06,4.602754498714653e-07,True,False,False,0,False,,,-0.8047327743176877,3.0,False,False,,,weekly,10.0,sigma,computed,/home/lkoo/projects/AutomationDetection/DownloadedLC/incremental/quiescent_background_cache.csv,,,,,,False,not_in_flare_streak
4FGL J1512.8-0906,221,222,56237.00001157408,3.54e-07,8.03e-08,3.99e-07,5.976789537712895e-07,4.602754498714653e-07,2.5837095017900364e-09,4.602754498714653e-07,2.5837095017900364e-09,1.9647499999999997e-06,1.9647499999999997e-06,4.602754498714653e-07,False,False,False,0,False,,,-1.322795520818935,3.0,False,False,,,weekly,10.0,sigma,computed,/home/lkoo/projects/AutomationDetection/DownloadedLC/incremental/quiescent_background_cache.csv,,,,,,False,not_in_flare_streak
4FGL J1512.8-0906,222,223,56244.00001157408,4.35e-07,6.62e-08,3.54e-07,5.976789537712895e-07,4.602754498714653e-07,2.5837095017900364e-09,4.602754498714653e-07,2.5837095017900364e-09,1.9647499999999997e-06,1.9647499999999997e-06,4.602754498714653e-07,True,False,False,0,False,,,-0.3815139186203911,3.0,False,False,,,weekly,10.0,sigma,computed,/home/lkoo/projects/AutomationDetection/DownloadedLC/incremental/quiescent_background_cache.csv,,,,,,False,not_in_flare_streak
4FGL J1512.8-0906,223,224,56251.00001157408,3.64e-07,5.14e-08,4.35e-07,5.976789537712895e-07,4.602754498714653e-07,2.5837095017900364e-09,4.602754498714653e-07,2.5837095017900364e-09,1.9647499999999997e-06,1.9647499999999997e-06,4.602754498714653e-07,False,False,False,0,False,,,-1.8707013270650574,3.0,False,False,,,weekly,10.0,sigma,computed,/home/lkoo/projects/AutomationDetection/DownloadedLC/incremental/quiescent_background_cache.csv,,,,,,False,not_in_flare_streak
4FGL J1512.8-0906,224,225,56258.00001157408,5.58e-07,5.99e-08,3.64e-07,5.976789537712895e-07,4.602754498714653e-07,2.5837095017900364e-09,4.602754498714653e-07,2.5837095017900364e-09,1.9647499999999997e-06,1.9647499999999997e-06,4.602754498714653e-07,True,True,False,0,False,,,1.6299460379976072,3.0,False,False,,,weekly,10.0,sigma,computed,/home/lkoo/projects/AutomationDetection/DownloadedLC/incremental/quiescent_background_cache.csv,,,,,,False,not_in_flare_streak
4FGL J1512.8-0906,225,226,56265.00001157408,5.03e-07,6.81e-08,5.58e-07,5.976789537712895e-07,4.602754498714653e-07,2.5837095017900364e-09,4.602754498714653e-07,2.5837095017900364e-09,1.9647499999999997e-06,1.9647499999999997e-06,4.602754498714653e-07,False,True,False,0,False,,,0.6269285404173517,3.0,False,False,,,weekly,10.0,sigma,computed,/home/lkoo/projects/AutomationDetection/DownloadedLC/incremental/quiescent_background_cache.csv,,,,,,False,not_in_flare_streak
4FGL J1512.8-0906,226,227,56272.00001157408,1.18e-06,9.36e-08,5.03e-07,5.976789537712895e-07,4.602754498714653e-07,2.5837095017900364e-09,4.602754498714653e-07,2.5837095017900364e-09,1.9647499999999997e-06,1.9647499999999997e-06,4.602754498714653e-07,True,True,False,0,False,,,7.6864370070926435,3.0,True,True,56272.00001157408,56272.00001157408,weekly,10.0,sigma,computed,/home/lkoo/projects/AutomationDetection/DownloadedLC/incremental/quiescent_background_cache.csv,,,,,,False,not_in_flare_streak
4FGL J1512.8-0906,227,228,56279.00001157408,4.47e-07,7.42e-08,1.18e-06,5.976789537712895e-07,4.602754498714653e-07,2.5837095017900364e-09,4.602754498714653e-07,2.5837095017900364e-09,1.9647499999999997e-06,1.9647499999999997e-06,4.602754498714653e-07,False,False,False,0,False,,,-0.1788060509707709,3.0,False,False,,,weekly,10.0,sigma,computed,/home/lkoo/projects/AutomationDetection/DownloadedLC/incremental/quiescent_background_cache.csv,,,,,,False,not_in_flare_streak
4FGL J1512.8-0906,228,229,56286.00001157408,4.59e-07,7.59e-08,4.47e-07,5.976789537712895e-07,4.602754498714653e-07,2.5837095017900364e-09,4.602754498714653e-07,2.5837095017900364e-09,1.9647499999999997e-06,1.9647499999999997e-06,4.602754498714653e-07,True,False,False,0,False,,,-0.016794618252833095,3.0,False,False,,,weekly,10.0,sigma,computed,/home/lkoo/projects/AutomationDetection/DownloadedLC/incremental/quiescent_background_cache.csv,,,,,,False,not_in_flare_streak
4FGL J1512.8-0906,229,230,56293.00001157408,4.24e-07,6.78e-08,4.59e-07,5.976789537712895e-07,4.602754498714653e-07,2.5837095017900364e-09,4.602754498714653e-07,2.5837095017900364e-09,1.9647499999999997e-06,1.9647499999999997e-06,4.602754498714653e-07,False,False,False,0,False,,,-0.5346480652942035,3.0,False,False,,,weekly,10.0,sigma,computed,/home/lkoo/projects/AutomationDetection/DownloadedLC/incremental/quiescent_background_cache.csv,,,,,,False,not_in_flare_streak
4FGL J1512.8-0906,230,231,56300.00001157408,8.43e-07,6.64e-08,4.24e-07,5.976789537712895e-07,4.602754498714653e-07,2.5837095017900364e-09,4.602754498714653e-07,2.5837095017900364e-09,1.9647499999999997e-06,1.9647499999999997e-06,4.602754498714653e-07,True,True,False,0,False,,,5.759565351638586,3.0,True,True,56300.00001157408,56300.00001157408,weekly,10.0,sigma,computed,/home/lkoo/projects/AutomationDetection/DownloadedLC/incremental/quiescent_background_cache.csv,,,,,,False,not_in_flare_streak
4FGL J1512.8-0906,231,232,56307.00001157408,5.36e-07,5.71e-08,8.43e-07,5.976789537712895e-07,4.602754498714653e-07,2.5837095017900364e-09,4.602754498714653e-07,2.5837095017900364e-09,1.9647499999999997e-06,1.9647499999999997e-06,4.602754498714653e-07,False,True,False,0,False,,,1.3248186956764385,3.0,False,True,56300.00001157408,56307.00001157408,weekly,10.0,sigma,computed,/home/lkoo/projects/AutomationDetection/DownloadedLC/incremental/quiescent_background_cache.csv,,,,,,False,not_in_flare_streak
4FGL J1512.8-0906,232,233,56314.00001157408,6.28e-07,5.99e-08,5.36e-07,5.976789537712895e-07,4.602754498714653e-07,2.5837095017900364e-09,4.602754498714653e-07,2.5837095017900364e-09,1.9647499999999997e-06,1.9647499999999997e-06,4.602754498714653e-07,True,True,False,0,False,,,2.797474796224322,3.0,False,True,56300.00001157408,56314.00001157408,weekly,10.0,sigma,computed,/home/lkoo/projects/AutomationDetection/DownloadedLC/incremental/quiescent_background_cache.csv,,,,,,False,not_in_flare_streak
4FGL J1512.8-0906,233,234,56321.00001157408,9.14e-07,7.96e-08,6.28e-07,5.976789537712895e-07,4.602754498714653e-07,2.5837095017900364e-09,4.602754498714653e-07,2.5837095017900364e-09,1.9647499999999997e-06,1.9647499999999997e-06,4.602754498714653e-07,True,True,False,0,False,,,5.697056843350396,3.0,True,True,56300.00001157408,56321.00001157408,weekly,10.0,sigma,computed,/home/lkoo/projects/AutomationDetection/DownloadedLC/incremental/quiescent_background_cache.csv,,,,,,False,not_in_flare_streak
4FGL J1512.8-0906,234,235,56328.00001157408,1.07e-06,9.14e-08,9.14e-07,5.976789537712895e-07,4.602754498714653e-07,2.5837095017900364e-09,4.602754498714653e-07,2.5837095017900364e-09,1.9647499999999997e-06,1.9647499999999997e-06,4.602754498714653e-07,True,True,False,0,False,,,6.668283195207934,3.0,True,True,56300.00001157408,56328.00001157408,weekly,10.0,sigma,computed,/home/lkoo/projects/AutomationDetection/DownloadedLC/incremental/quiescent_background_cache.csv,,,,,,False,not_in_flare_streak
4FGL J1512.8-0906,235,236,56335.00001157408,6.81e-07,8.12e-08,1.07e-06,5.976789537712895e-07,4.602754498714653e-07,2.5837095017900364e-09,4.602754498714653e-07,2.5837095017900364e-09,1.9647499999999997e-06,1.9647499999999997e-06,4.602754498714653e-07,False,True,False,0,False,,,2.716907612991721,3.0,False,True,56300.00001157408,56335.00001157408,weekly,10.0,sigma,computed,/home/lkoo/projects/AutomationDetection/DownloadedLC/incremental/quiescent_background_cache.csv,,,,,,False,not_in_flare_streak
4FGL J1512.8-0906,236,237,56342.00001157408,6.44e-07,7.54e-08,6.81e-07,5.976789537712895e-07,4.602754498714653e-07,2.5837095017900364e-09,4.602754498714653e-07,2.5837095017900364e-09,1.9647499999999997e-06,1.9647499999999997e-06,4.602754498714653e-07,False,True,False,0,False,,,2.4352358050327485,3.0,False,True,56300.00001157408,56342.00001157408,weekly,10.0,sigma,computed,/home/lkoo/projects/AutomationDetection/DownloadedLC/incremental/quiescent_background_cache.csv,,,,,,False,not_in_flare_streak
4FGL J1512.8-0906,237,238,56349.00001157408,5.59e-07,6.67e-08,6.44e-07,5.976789537712895e-07,4.602754498714653e-07,2.5837095017900364e-09,4.602754498714653e-07,2.5837095017900364e-09,1.9647499999999997e-06,1.9647499999999997e-06,4.602754498714653e-07,False,True,False,0,False,,,1.4790189705641346,3.0,False,True,56300.00001157408,56349.00001157408,weekly,10.0,sigma,computed,/home/lkoo/projects/AutomationDetection/DownloadedLC/incremental/quiescent_background_cache.csv,,,,,,False,not_in_flare_streak
4FGL J1512.8-0906,238,239,56356.00001157408,1.79e-06,1.3e-07,5.59e-07,5.976789537712895e-07,4.602754498714653e-07,2.5837095017900364e-09,4.602754498714653e-07,2.5837095017900364e-09,1.9647499999999997e-06,1.9647499999999997e-06,4.602754498714653e-07,True,True,False,0,False,,,10.226630808857195,3.0,True,True,56300.00001157408,56356.00001157408,weekly,10.0,sigma,computed,/home/lkoo/projects/AutomationDetection/DownloadedLC/incremental/quiescent_background_cache.csv,,,,,,False,not_in_flare_streak
4FGL J1512.8-0906,239,240,56363.00001157408,1.08e-06,7.07e-08,1.79e-06,5.976789537712895e-07,4.602754498714653e-07,2.5837095017900364e-09,4.602754498714653e-07,2.5837095017900364e-09,1.9647499999999997e-06,1.9647499999999997e-06,4.602754498714653e-07,False,True,False,0,False,,,8.7597049317676,3.0,True,True,56300.00001157408,56363.00001157408,weekly,10.0,sigma,computed,/home/lkoo/projects/AutomationDetection/DownloadedLC/incremental/quiescent_background_cache.csv,,,,,,False,not_in_flare_streak
4FGL J1512.8-0906,240,241,56370.00001157408,5.38e-07,7.03e-08,1.08e-06,5.976789537712895e-07,4.602754498714653e-07,2.5837095017900364e-09,4.602754498714653e-07,2.5837095017900364e-09,1.9647499999999997e-06,1.9647499999999997e-06,4.602754498714653e-07,False,True,False,0,False,,,1.1048664270257205,3.0,False,True,56300.00001157408,56370.00001157408,weekly,10.0,sigma,computed,/home/lkoo/projects/AutomationDetection/DownloadedLC/incremental/quiescent_background_cache.csv,,,,,,False,not_in_flare_streak
4FGL J1512.8-0906,241,242,56377.00001157408,2.44e-07,5.63e-08,5.38e-07,5.976789537712895e-07,4.602754498714653e-07,2.5837095017900364e-09,4.602754498714653e-07,2.5837095017900364e-09,1.9647499999999997e-06,1.9647499999999997e-06,4.602754498714653e-07,False,False,False,0,False,,,-3.837443419594066,3.0,False,False,,,weekly,10.0,sigma,computed,/home/lkoo/projects/AutomationDetection/DownloadedLC/incremental/quiescent_background_cache.csv,,,,,,False,not_in_flare_streak
4FGL J1512.8-0906,242,243,56384.00001157408,2.78e-07,6.65e-08,2.44e-07,5.976789537712895e-07,4.602754498714653e-07,2.5837095017900364e-09,4.602754498714653e-07,2.5837095017900364e-09,1.9647499999999997e-06,1.9647499999999997e-06,4.602754498714653e-07,True,False,False,0,False,,,-2.7389177378370735,3.0,False,False,,,weekly,10.0,sigma,computed,/home/lkoo/projects/AutomationDetection/DownloadedLC/incremental/quiescent_background_cache.csv,,,,,,False,not_in_flare_streak
4FGL J1512.8-0906,243,244,56391.00001157408,3.19e-07,6.25e-08,2.78e-07,5.976789537712895e-07,4.602754498714653e-07,2.5837095017900364e-09,4.602754498714653e-07,2.5837095017900364e-09,1.9647499999999997e-06,1.9647499999999997e-06,4.602754498714653e-07,True,False,False,0,False,,,-2.2584782175500084,3.0,False,False,,,weekly,10.0,sigma,computed,/home/lkoo/projects/AutomationDetection/DownloadedLC/incremental/quiescent_background_cache.csv,,,,,,False,not_in_flare_streak
4FGL J1512.8-0906,244,245,56398.00001157408,6.27e-07,8.39e-08,3.19e-07,5.976789537712895e-07,4.602754498714653e-07,2.5837095017900364e-09,4.602754498714653e-07,2.5837095017900364e-09,1.9647499999999997e-06,1.9647499999999997e-06,4.602754498714653e-07,True,True,False,0,False,,,1.9862401745745355,3.0,False,False,,,weekly,10.0,sigma,computed,/home/lkoo/projects/AutomationDetection/DownloadedLC/incremental/quiescent_background_cache.csv,,,,,,False,not_in_flare_streak
4FGL J1512.8-0906,245,246,56405.00001157408,6.55e-07,7.39e-08,6.27e-07,5.976789537712895e-07,4.602754498714653e-07,2.5837095017900364e-09,4.602754498714653e-07,2.5837095017900364e-09,1.9647499999999997e-06,1.9647499999999997e-06,4.602754498714653e-07,True,True,False,0,False,,,2.6333646488354128,3.0,False,False,,,weekly,10.0,sigma,computed,/home/lkoo/projects/AutomationDetection/DownloadedLC/incremental/quiescent_background_cache.csv,,,,,,False,not_in_flare_streak
4FGL J1512.8-0906,246,247,56412.00001157408,7.91e-07,6.6e-08,6.55e-07,5.976789537712895e-07,4.602754498714653e-07,2.5837095017900364e-09,4.602754498714653e-07,2.5837095017900364e-09,1.9647499999999997e-06,1.9647499999999997e-06,4.602754498714653e-07,True,True,False,0,False,,,5.007142786644878,3.0,True,True,56412.00001157408,56412.00001157408,weekly,10.0,sigma,computed,/home/lkoo/projects/AutomationDetection/DownloadedLC/incremental/quiescent_background_cache.csv,,,,,,False,not_in_flare_streak
4FGL J1512.8-0906,247,248,56419.00001157408,5.51e-07,6.49e-08,7.91e-07,5.976789537712895e-07,4.602754498714653e-07,2.5837095017900364e-09,4.602754498714653e-07,2.5837095017900364e-09,1.9647499999999997e-06,1.9647499999999997e-06,4.602754498714653e-07,False,True,False,0,False,,,1.3968064938152265,3.0,False,True,56412.00001157408,56419.00001157408,weekly,10.0,sigma,computed,/home/lkoo/projects/AutomationDetection/DownloadedLC/incremental/quiescent_background_cache.csv,,,,,,False,not_in_flare_streak
4FGL J1512.8-0906,248,249,56426.00001157408,4.26e-07,9.19e-08,5.51e-07,5.976789537712895e-07,4.602754498714653e-07,2.5837095017900364e-09,4.602754498714653e-07,2.5837095017900364e-09,1.9647499999999997e-06,1.9647499999999997e-06,4.602754498714653e-07,False,False,False,0,False,,,-0.372817322579883,3.0,False,False,,,weekly,10.0,sigma,computed,/home/lkoo/projects/AutomationDetection/DownloadedLC/incremental/quiescent_background_cache.csv,,,,,,False,not_in_flare_streak
4FGL J1512.8-0906,249,250,56433.00001157408,3.18e-07,7.21e-08,4.26e-07,5.976789537712895e-07,4.602754498714653e-07,2.5837095017900364e-09,4.602754498714653e-07,2.5837095017900364e-09,1.9647499999999997e-06,1.9647499999999997e-06,4.602754498714653e-07,False,False,False,0,False,,,-1.97204141502302,3.0,False,False,,,weekly,10.0,sigma,computed,/home/lkoo/projects/AutomationDetection/DownloadedLC/incremental/quiescent_background_cache.csv,,,,,,False,not_in_flare_streak
4FGL J1512.8-0906,250,251,56440.00001157408,4.72e-07,7.75e-08,3.18e-07,5.976789537712895e-07,4.602754498714653e-07,2.5837095017900364e-09,4.602754498714653e-07,2.5837095017900364e-09,1.9647499999999997e-06,1.9647499999999997e-06,4.602754498714653e-07,True,True,False,0,False,,,0.15120051636976492,3.0,False,False,,,weekly,10.0,sigma,computed,/home/lkoo/projects/AutomationDetection/DownloadedLC/incremental/quiescent_background_cache.csv,,,,,,False,not_in_flare_streak
4FGL J1512.8-0906,251,252,56447.00001157408,5.82e-07,7.92e-08,4.72e-07,5.976789537712895e-07,4.602754498714653e-07,2.5837095017900364e-09,4.602754498714653e-07,2.5837095017900364e-09,1.9647499999999997e-06,1.9647499999999997e-06,4.602754498714653e-07,True,True,False,0,False,,,1.5361089658906368,3.0,False,False,,,weekly,10.0,sigma,computed,/home/lkoo/projects/AutomationDetection/DownloadedLC/incremental/quiescent_background_cache.csv,,,,,,False,not_in_flare_streak
4FGL J1512.8-0906,252,253,56454.00001157408,7.51e-07,7.93e-08,5.82e-07,5.976789537712895e-07,4.602754498714653e-07,2.5837095017900364e-09,4.602754498714653e-07,2.5837095017900364e-09,1.9647499999999997e-06,1.9647499999999997e-06,4.602754498714653e-07,True,True,False,0,False,,,3.6641912151603337,3.0,True,True,56454.00001157408,56454.00001157408,weekly,10.0,sigma,computed,/home/lkoo/projects/AutomationDetection/DownloadedLC/incremental/quiescent_background_cache.csv,,,,,,False,not_in_flare_streak
4FGL J1512.8-0906,253,254,56461.00001157408,5.88e-07,5.82e-08,7.51e-07,5.976789537712895e-07,4.602754498714653e-07,2.5837095017900364e-09,4.602754498714653e-07,2.5837095017900364e-09,1.9647499999999997e-06,1.9647499999999997e-06,4.602754498714653e-07,False,True,False,0,False,,,2.1924205570415087,3.0,False,True,56454.00001157408,56461.00001157408,weekly,10.0,sigma,computed,/home/lkoo/projects/AutomationDetection/DownloadedLC/incremental/quiescent_background_cache.csv,,,,,,False,not_in_flare_streak
4FGL J1512.8-0906,254,255,56468.00001157408,1.79e-07,4.39e-08,5.88e-07,5.976789537712895e-07,4.602754498714653e-07,2.5837095017900364e-09,4.602754498714653e-07,2.5837095017900364e-09,1.9647499999999997e-06,1.9647499999999997e-06,4.602754498714653e-07,False,False,False,0,False,,,-6.396117645590651,3.0,False,False,,,weekly,10.0,sigma,computed,/home/lkoo/projects/AutomationDetection/DownloadedLC/incremental/quiescent_background_cache.csv,,,,,,False,not_in_flare_streak
4FGL J1512.8-0906,255,256,56475.00001157408,7.52e-07,7.42e-08,1.79e-07,5.976789537712895e-07,4.602754498714653e-07,2.5837095017900364e-09,4.602754498714653e-07,2.5837095017900364e-09,1.9647499999999997e-06,1.9647499999999997e-06,4.602754498714653e-07,True,True,False,0,False,,,3.929216356865396,3.0,True,True,56475.00001157408,56475.00001157408,weekly,10.0,sigma,computed,/home/lkoo/projects/AutomationDetection/DownloadedLC/incremental/quiescent_background_cache.csv,,,,,,False,not_in_flare_streak
4FGL J1512.8-0906,256,257,56482.00001157408,9.25e-07,9.4e-08,7.52e-07,5.976789537712895e-07,4.602754498714653e-07,2.5837095017900364e-09,4.602754498714653e-07,2.5837095017900364e-09,1.9647499999999997e-06,1.9647499999999997e-06,4.602754498714653e-07,True,True,False,0,False,,,4.942011712478872,3.0,True,True,56475.00001157408,56482.00001157408,weekly,10.0,sigma,computed,/home/lkoo/projects/AutomationDetection/DownloadedLC/incremental/quiescent_background_cache.csv,,,,,,False,not_in_flare_streak
4FGL J1512.8-0906,257,258,56489.00001157408,4.94e-07,8.91e-08,9.25e-07,5.976789537712895e-07,4.602754498714653e-07,2.5837095017900364e-09,4.602754498714653e-07,2.5837095017900364e-09,1.9647499999999997e-06,1.9647499999999997e-06,4.602754498714653e-07,False,True,False,0,False,,,0.37834320967475504,3.0,False,True,56475.00001157408,56489.00001157408,weekly,10.0,sigma,computed,/home/lkoo/projects/AutomationDetection/DownloadedLC/incremental/quiescent_background_cache.csv,,,,,,False,not_in_flare_streak
4FGL J1512.8-0906,258,259,56496.00001157408,2.55e-07,7.11e-08,4.94e-07,5.976789537712895e-07,4.602754498714653e-07,2.5837095017900364e-09,4.602754498714653e-07,2.5837095017900364e-09,1.9647499999999997e-06,1.9647499999999997e-06,4.602754498714653e-07,False,False,False,0,False,,,-2.8852327397692084,3.0,False,False,,,weekly,10.0,sigma,computed,/home/lkoo/projects/AutomationDetection/DownloadedLC/incremental/quiescent_background_cache.csv,,,,,,False,not_in_flare_streak
4FGL J1512.8-0906,259,260,56503.00001157408,6.32e-07,9.39e-08,2.55e-07,5.976789537712895e-07,4.602754498714653e-07,2.5837095017900364e-09,4.602754498714653e-07,2.5837095017900364e-09,1.9647499999999997e-06,1.9647499999999997e-06,4.602754498714653e-07,True,True,False,0,False,,,1.82811054579718,3.0,False,False,,,weekly,10.0,sigma,computed,/home/lkoo/projects/AutomationDetection/DownloadedLC/incremental/quiescent_background_cache.csv,,,,,,False,not_in_flare_streak
4FGL J1512.8-0906,260,261,56510.00001157408,1.08e-06,8.16e-08,6.32e-07,5.976789537712895e-07,4.602754498714653e-07,2.5837095017900364e-09,4.602754498714653e-07,2.5837095017900364e-09,1.9647499999999997e-06,1.9647499999999997e-06,4.602754498714653e-07,True,True,False,0,False,,,7.590859440866304,3.0,True,True,56510.00001157408,56510.00001157408,weekly,10.0,sigma,computed,/home/lkoo/projects/AutomationDetection/DownloadedLC/incremental/quiescent_background_cache.csv,,,,,,False,not_in_flare_streak
4FGL J1512.8-0906,261,262,56517.00001157408,7.38e-07,7.86e-08,1.08e-06,5.976789537712895e-07,4.602754498714653e-07,2.5837095017900364e-09,4.602754498714653e-07,2.5837095017900364e-09,1.9647499999999997e-06,1.9647499999999997e-06,4.602754498714653e-07,False,True,False,0,False,,,3.5314837771427277,3.0,True,True,56510.00001157408,56517.00001157408,weekly,10.0,sigma,computed,/home/lkoo/projects/AutomationDetection/DownloadedLC/incremental/quiescent_background_cache.csv,,,,,,False,not_in_flare_streak
4FGL J1512.8-0906,262,263,56524.00001157408,1.17e-06,9.9e-08,7.38e-07,5.976789537712895e-07,4.602754498714653e-07,2.5837095017900364e-09,4.602754498714653e-07,2.5837095017900364e-09,1.9647499999999997e-06,1.9647499999999997e-06,4.602754498714653e-07,True,True,False,0,False,,,7.166494681201357,3.0,True,True,56510.00001157408,56524.00001157408,weekly,10.0,sigma,computed,/home/lkoo/projects/AutomationDetection/DownloadedLC/incremental/quiescent_background_cache.csv,,,,,,False,not_in_flare_streak
4FGL J1512.8-0906,263,264,56531.00001157408,1.52e-06,1.15e-07,1.17e-06,5.976789537712895e-07,4.602754498714653e-07,2.5837095017900364e-09,4.602754498714653e-07,2.5837095017900364e-09,1.9647499999999997e-06,1.9647499999999997e-06,4.602754498714653e-07,True,True,False,0,False,,,9.21267125129205,3.0,True,True,56510.00001157408,56531.00001157408,weekly,10.0,sigma,computed,/home/lkoo/projects/AutomationDetection/DownloadedLC/incremental/quiescent_background_cache.csv,,,,,,False,not_in_flare_streak
4FGL J1512.8-0906,264,265,56538.00001157408,2.18e-06,1.39e-07,1.52e-06,5.976789537712895e-07,4.602754498714653e-07,2.5837095017900364e-09,4.602754498714653e-07,2.5837095017900364e-09,1.9647499999999997e-06,1.9647499999999997e-06,4.602754498714653e-07,True,True,False,0,False,,,12.369982287994787,3.0,True,True,56510.00001157408,56538.00001157408,weekly,10.0,sigma,computed,/home/lkoo/projects/AutomationDetection/DownloadedLC/incremental/quiescent_background_cache.csv,,,,,,False,not_in_flare_streak
4FGL J1512.8-0906,265,266,56545.00001157408,1.28e-06,1.12e-07,2.18e-06,5.976789537712895e-07,4.602754498714653e-07,2.5837095017900364e-09,4.602754498714653e-07,2.5837095017900364e-09,1.9647499999999997e-06,1.9647499999999997e-06,4.602754498714653e-07,False,True,False,0,False,,,7.317022502429473,3.0,True,True,56510.00001157408,56545.00001157408,weekly,10.0,sigma,computed,/home/lkoo/projects/AutomationDetection/DownloadedLC/incremental/quiescent_background_cache.csv,,,,,,False,not_in_flare_streak
4FGL J1512.8-0906,266,267,56552.00001157408,3.32e-06,1.54e-07,1.28e-06,5.976789537712895e-07,4.602754498714653e-07,2.5837095017900364e-09,4.602754498714653e-07,2.5837095017900364e-09,1.9647499999999997e-06,1.9647499999999997e-06,4.602754498714653e-07,True,True,False,0,False,,,18.567027006120192,3.0,True,True,56510.00001157408,56552.00001157408,weekly,10.0,sigma,computed,/home/lkoo/projects/AutomationDetection/DownloadedLC/incremental/quiescent_background_cache.csv,,,,,,False,not_in_flare_streak
4FGL J1512.8-0906,267,268,56559.00001157408,2.05e-06,1.19e-07,3.32e-06,5.976789537712895e-07,4.602754498714653e-07,2.5837095017900364e-09,4.602754498714653e-07,2.5837095017900364e-09,1.9647499999999997e-06,1.9647499999999997e-06,4.602754498714653e-07,False,True,False,0,False,,,13.35588219448192,3.0,True,True,56510.00001157408,56559.00001157408,weekly,10.0,sigma,computed,/home/lkoo/projects/AutomationDetection/DownloadedLC/incremental/quiescent_background_cache.csv,,,,,,False,not_in_flare_streak
4FGL J1512.8-0906,268,269,56566.00001157408,1.84e-06,9.46e-08,2.05e-06,5.976789537712895e-07,4.602754498714653e-07,2.5837095017900364e-09,4.602754498714653e-07,2.5837095017900364e-09,1.9647499999999997e-06,1.9647499999999997e-06,4.602754498714653e-07,False,True,False,0,False,,,14.579389435118893,3.0,True,True,56510.00001157408,56566.00001157408,weekly,10.0,sigma,computed,/home/lkoo/projects/AutomationDetection/DownloadedLC/incremental/quiescent_background_cache.csv,,,,,,False,not_in_flare_streak
4FGL J1512.8-0906,269,270,56573.00001157408,2.23e-06,9.44e-08,1.84e-06,5.976789537712895e-07,4.602754498714653e-07,2.5837095017900364e-09,4.602754498714653e-07,2.5837095017900364e-09,1.9647499999999997e-06,1.9647499999999997e-06,4.602754498714653e-07,True,True,False,0,False,,,18.740064263933764,3.0,True,True,56510.00001157408,56573.00001157408,weekly,10.0,sigma,computed,/home/lkoo/projects/AutomationDetection/DownloadedLC/incremental/quiescent_background_cache.csv,,,,,,False,not_in_flare_streak
4FGL J1512.8-0906,270,271,56580.00001157408,1.46e-06,1.13e-07,2.23e-06,5.976789537712895e-07,4.602754498714653e-07,2.5837095017900364e-09,4.602754498714653e-07,2.5837095017900364e-09,1.9647499999999997e-06,1.9647499999999997e-06,4.602754498714653e-07,False,True,False,0,False,,,8.844808209029269,3.0,True,True,56510.00001157408,56580.00001157408,weekly,10.0,sigma,computed,/home/lkoo/projects/AutomationDetection/DownloadedLC/incremental/quiescent_background_cache.csv,,,,,,False,not_in_flare_streak
4FGL J1512.8-0906,271,272,56587.00001157408,2.43e-06,8.28e-08,1.46e-06,5.976789537712895e-07,4.602754498714653e-07,2.5837095017900364e-09,4.602754498714653e-07,2.5837095017900364e-09,1.9647499999999997e-06,1.9647499999999997e-06,4.602754498714653e-07,True,True,False,0,False,,,23.77737060524649,3.0,True,True,56510.00001157408,56587.00001157408,weekly,10.0,sigma,computed,/home/lkoo/projects/AutomationDetection/DownloadedLC/incremental/quiescent_background_cache.csv,,,,,,False,not_in_flare_streak
4FGL J1512.8-0906,272,273,56594.00001157408,1.63e-06,9.4e-08,2.43e-06,5.976789537712895e-07,4.602754498714653e-07,2.5837095017900364e-09,4.602754498714653e-07,2.5837095017900364e-09,1.9647499999999997e-06,1.9647499999999997e-06,4.602754498714653e-07,False,True,False,0,False,,,12.439180210106034,3.0,True,True,56510.00001157408,56594.00001157408,weekly,10.0,sigma,computed,/home/lkoo/projects/AutomationDetection/DownloadedLC/incremental/quiescent_background_cache.csv,,,,,,False,not_in_flare_streak
4FGL J1512.8-0906,273,274,56601.00001157408,7.21e-07,9.28e-08,1.63e-06,5.976789537712895e-07,4.602754498714653e-07,2.5837095017900364e-09,4.602754498714653e-07,2.5837095017900364e-09,1.9647499999999997e-06,1.9647499999999997e-06,4.602754498714653e-07,False,True,False,0,False,,,2.8084435043568647,3.0,False,True,56510.00001157408,56601.00001157408,weekly,10.0,sigma,computed,/home/lkoo/projects/AutomationDetection/DownloadedLC/incremental/quiescent_background_cache.csv,,,,,,False,not_in_flare_streak
4FGL J1512.8-0906,274,275,56608.00001157408,1.14e-06,1.01e-07,7.21e-07,5.976789537712895e-07,4.602754498714653e-07,2.5837095017900364e-09,4.602754498714653e-07,2.5837095017900364e-09,1.9647499999999997e-06,1.9647499999999997e-06,4.602754498714653e-07,True,True,False,0,False,,,6.727745075984117,3.0,True,True,56510.00001157408,56608.00001157408,weekly,10.0,sigma,computed,/home/lkoo/projects/AutomationDetection/DownloadedLC/incremental/quiescent_background_cache.csv,,,,,,False,not_in_flare_streak
4FGL J1512.8-0906,275,276,56615.00001157408,6.44e-07,7.42e-08,1.14e-06,5.976789537712895e-07,4.602754498714653e-07,2.5837095017900364e-09,4.602754498714653e-07,2.5837095017900364e-09,1.9647499999999997e-06,1.9647499999999997e-06,4.602754498714653e-07,False,True,False,0,False,,,2.4745723567135736,3.0,False,True,56510.00001157408,56615.00001157408,weekly,10.0,sigma,computed,/home/lkoo/projects/AutomationDetection/DownloadedLC/incremental/quiescent_background_cache.csv,,,,,,False,not_in_flare_streak
4FGL J1512.8-0906,276,277,56622.00001157408,5.95e-07,6.12e-08,6.44e-07,5.976789537712895e-07,4.602754498714653e-07,2.5837095017900364e-09,4.602754498714653e-07,2.5837095017900364e-09,1.9647499999999997e-06,1.9647499999999997e-06,4.602754498714653e-07,False,True,False,0,False,,,2.199422378607805,3.0,False,True,56510.00001157408,56622.00001157408,weekly,10.0,sigma,computed,/home/lkoo/projects/AutomationDetection/DownloadedLC/incremental/quiescent_background_cache.csv,,,,,,False,not_in_flare_streak
4FGL J1512.8-0906,277,278,56629.00001157408,6.66e-07,4.89e-08,5.95e-07,5.976789537712895e-07,4.602754498714653e-07,2.5837095017900364e-09,4.602754498714653e-07,2.5837095017900364e-09,1.9647499999999997e-06,1.9647499999999997e-06,4.602754498714653e-07,True,True,False,0,False,,,4.201185864561318,3.0,True,True,56510.00001157408,56629.00001157408,weekly,10.0,sigma,computed,/home/lkoo/projects/AutomationDetection/DownloadedLC/incremental/quiescent_background_cache.csv,,,,,,False,not_in_flare_streak
4FGL J1512.8-0906,278,279,56636.00001157408,4.86e-07,4.86e-08,6.66e-07,5.976789537712895e-07,4.602754498714653e-07,2.5837095017900364e-09,4.602754498714653e-07,2.5837095017900364e-09,1.9647499999999997e-06,1.9647499999999997e-06,4.602754498714653e-07,False,True,False,0,False,,,0.5285653218761729,3.0,False,True,56510.00001157408,56636.00001157408,weekly,10.0,sigma,computed,/home/lkoo/projects/AutomationDetection/DownloadedLC/incremental/quiescent_background_cache.csv,,,,,,False,not_in_flare_streak
4FGL J1512.8-0906,279,280,56643.00001157408,3.49e-07,4.97e-08,4.86e-07,5.976789537712895e-07,4.602754498714653e-07,2.5837095017900364e-09,4.602754498714653e-07,2.5837095017900364e-09,1.9647499999999997e-06,1.9647499999999997e-06,4.602754498714653e-07,False,False,False,0,False,,,-2.23592333871862,3.0,False,False,,,weekly,10.0,sigma,computed,/home/lkoo/projects/AutomationDetection/DownloadedLC/incremental/quiescent_background_cache.csv,,,,,,False,not_in_flare_streak
4FGL J1512.8-0906,280,281,56650.00001157408,5.77e-07,5.08e-08,3.49e-07,5.976789537712895e-07,4.602754498714653e-07,2.5837095017900364e-09,4.602754498714653e-07,2.5837095017900364e-09,1.9647499999999997e-06,1.9647499999999997e-06,4.602754498714653e-07,True,True,False,0,False,,,2.294761257356414,3.0,False,False,,,weekly,10.0,sigma,computed,/home/lkoo/projects/AutomationDetection/DownloadedLC/incremental/quiescent_background_cache.csv,,,,,,False,not_in_flare_streak
4FGL J1512.8-0906,281,282,56657.00001157408,3.94e-07,4.29e-08,5.77e-07,5.976789537712895e-07,4.602754498714653e-07,2.5837095017900364e-09,4.602754498714653e-07,2.5837095017900364e-09,1.9647499999999997e-06,1.9647499999999997e-06,4.602754498714653e-07,False,False,False,0,False,,,-1.542088073729848,3.0,False,False,,,weekly,10.0,sigma,computed,/home/lkoo/projects/AutomationDetection/DownloadedLC/incremental/quiescent_background_cache.csv,,,,,,False,not_in_flare_streak
4FGL J1512.8-0906,282,283,56664.00001157408,3.72e-07,3.53e-08,3.94e-07,5.976789537712895e-07,4.602754498714653e-07,2.5837095017900364e-09,4.602754498714653e-07,2.5837095017900364e-09,1.9647499999999997e-06,1.9647499999999997e-06,4.602754498714653e-07,False,False,False,0,False,,,-2.49404932097004,3.0,False,False,,,weekly,10.0,sigma,computed,/home/lkoo/projects/AutomationDetection/DownloadedLC/incremental/quiescent_background_cache.csv,,,,,,False,not_in_flare_streak
4FGL J1512.8-0906,283,284,56671.00001157408,5.83e-07,4.39e-08,3.72e-07,5.976789537712895e-07,4.602754498714653e-07,2.5837095017900364e-09,4.602754498714653e-07,2.5837095017900364e-09,1.9647499999999997e-06,1.9647499999999997e-06,4.602754498714653e-07,True,True,False,0,False,,,2.7907187100153936,3.0,False,False,,,weekly,10.0,sigma,computed,/home/lkoo/projects/AutomationDetection/DownloadedLC/incremental/quiescent_background_cache.csv,,,,,,False,not_in_flare_streak
4FGL J1512.8-0906,284,285,56678.00001157408,8.67e-07,9.47e-08,5.83e-07,5.976789537712895e-07,4.602754498714653e-07,2.5837095017900364e-09,4.602754498714653e-07,2.5837095017900364e-09,1.9647499999999997e-06,1.9647499999999997e-06,4.602754498714653e-07,True,True,False,0,False,,,4.293276222980598,3.0,True,True,56678.00001157408,56678.00001157408,weekly,10.0,sigma,computed,/home/lkoo/projects/AutomationDetection/DownloadedLC/incremental/quiescent_background_cache.csv,,,,,,False,not_in_flare_streak
4FGL J1512.8-0906,285,286,56692.00001157408,5.59e-07,5.55e-08,8.67e-07,5.976789537712895e-07,4.602754498714653e-07,2.5837095017900364e-09,4.602754498714653e-07,2.5837095017900364e-09,1.9647499999999997e-06,1.9647499999999997e-06,4.602754498714653e-07,False,True,False,0,False,,,1.776896309615168,3.0,False,True,56678.00001157408,56692.00001157408,weekly,10.0,sigma,computed,/home/lkoo/projects/AutomationDetection/DownloadedLC/incremental/quiescent_background_cache.csv,,,,,,False,not_in_flare_streak
4FGL J1512.8-0906,286,287,56699.00001157408,4.53e-07,4.83e-08,5.59e-07,5.976789537712895e-07,4.602754498714653e-07,2.5837095017900364e-09,4.602754498714653e-07,2.5837095017900364e-09,1.9647499999999997e-06,1.9647499999999997e-06,4.602754498714653e-07,False,False,False,0,False,,,-0.15041537937125157,3.0,False,False,,,weekly,10.0,sigma,computed,/home/lkoo/projects/AutomationDetection/DownloadedLC/incremental/quiescent_background_cache.csv,,,,,,False,not_in_flare_streak
4FGL J1512.8-0906,287,288,56706.00001157408,3.04e-07,3.88e-08,4.53e-07,5.976789537712895e-07,4.602754498714653e-07,2.5837095017900364e-09,4.602754498714653e-07,2.5837095017900364e-09,1.9647499999999997e-06,1.9647499999999997e-06,4.602754498714653e-07,False,False,False,0,False,,,-4.018817338957778,3.0,False,False,,,weekly,10.0,sigma,computed,/home/lkoo/projects/AutomationDetection/DownloadedLC/incremental/quiescent_background_cache.csv,,,,,,False,not_in_flare_streak
4FGL J1512.8-0906,288,289,56713.00001157408,2.49e-07,4.35e-08,3.04e-07,5.976789537712895e-07,4.602754498714653e-07,2.5837095017900364e-09,4.602754498714653e-07,2.5837095017900364e-09,1.9647499999999997e-06,1.9647499999999997e-06,4.602754498714653e-07,False,False,False,0,False,,,-4.848362300299374,3.0,False,False,,,weekly,10.0,sigma,computed,/home/lkoo/projects/AutomationDetection/DownloadedLC/incremental/quiescent_background_cache.csv,,,,,,False,not_in_flare_streak
4FGL J1512.8-0906,289,290,56720.00001157408,3.47e-07,3.64e-08,2.49e-07,5.976789537712895e-07,4.602754498714653e-07,2.5837095017900364e-09,4.602754498714653e-07,2.5837095017900364e-09,1.9647499999999997e-06,1.9647499999999997e-06,4.602754498714653e-07,True,False,False,0,False,,,-3.1041528964033023,3.0,False,False,,,weekly,10.0,sigma,computed,/home/lkoo/projects/AutomationDetection/DownloadedLC/incremental/quiescent_background_cache.csv,,,,,,False,not_in_flare_streak
4FGL J1512.8-0906,290,291,56727.00001157408,2.93e-07,4.79e-08,3.47e-07,5.976789537712895e-07,4.602754498714653e-07,2.5837095017900364e-09,4.602754498714653e-07,2.5837095017900364e-09,1.9647499999999997e-06,1.9647499999999997e-06,4.602754498714653e-07,False,False,False,0,False,,,-3.4871114146649522,3.0,False,False,,,weekly,10.0,sigma,computed,/home/lkoo/projects/AutomationDetection/DownloadedLC/incremental/quiescent_background_cache.csv,,,,,,False,not_in_flare_streak
4FGL J1512.8-0906,291,292,56734.00001157408,3.33e-07,4.98e-08,2.93e-07,5.976789537712895e-07,4.602754498714653e-07,2.5837095017900364e-09,4.602754498714653e-07,2.5837095017900364e-09,1.9647499999999997e-06,1.9647499999999997e-06,4.602754498714653e-07,True,False,False,0,False,,,-2.552299205650862,3.0,False,False,,,weekly,10.0,sigma,computed,/home/lkoo/projects/AutomationDetection/DownloadedLC/incremental/quiescent_background_cache.csv,,,,,,False,not_in_flare_streak
4FGL J1512.8-0906,292,293,56741.00001157408,3.92e-07,5.07e-08,3.33e-07,5.976789537712895e-07,4.602754498714653e-07,2.5837095017900364e-09,4.602754498714653e-07,2.5837095017900364e-09,1.9647499999999997e-06,1.9647499999999997e-06,4.602754498714653e-07,True,False,False,0,False,,,-1.3449105839927074,3.0,False,False,,,weekly,10.0,sigma,computed,/home/lkoo/projects/AutomationDetection/DownloadedLC/incremental/quiescent_background_cache.csv,,,,,,False,not_in_flare_streak
4FGL J1512.8-0906,293,294,56748.00001157408,5.08e-07,4.54e-08,3.92e-07,5.976789537712895e-07,4.602754498714653e-07,2.5837095017900364e-09,4.602754498714653e-07,2.5837095017900364e-09,1.9647499999999997e-06,1.9647499999999997e-06,4.602754498714653e-07,True,True,False,0,False,,,1.0495033859114313,3.0,False,False,,,weekly,10.0,sigma,computed,/home/lkoo/projects/AutomationDetection/DownloadedLC/incremental/quiescent_background_cache.csv,,,,,,False,not_in_flare_streak
4FGL J1512.8-0906,294,295,56755.00001157408,5.95e-07,5.42e-08,5.08e-07,5.976789537712895e-07,4.602754498714653e-07,2.5837095017900364e-09,4.602754498714653e-07,2.5837095017900364e-09,1.9647499999999997e-06,1.9647499999999997e-06,4.602754498714653e-07,True,True,False,0,False,,,2.4828733408994244,3.0,False,False,,,weekly,10.0,sigma,computed,/home/lkoo/projects/AutomationDetection/DownloadedLC/incremental/quiescent_background_cache.csv,,,,,,False,not_in_flare_streak
4FGL J1512.8-0906,295,296,56762.00001157408,2.9e-07,3.93e-08,5.95e-07,5.976789537712895e-07,4.602754498714653e-07,2.5837095017900364e-09,4.602754498714653e-07,2.5837095017900364e-09,1.9647499999999997e-06,1.9647499999999997e-06,4.602754498714653e-07,False,False,False,0,False,,,-4.323375531062727,3.0,False,False,,,weekly,10.0,sigma,computed,/home/lkoo/projects/AutomationDetection/DownloadedLC/incremental/quiescent_background_cache.csv,,,,,,False,not_in_flare_streak
4FGL J1512.8-0906,296,297,56769.00001157408,4.18e-07,5.77e-08,2.9e-07,5.976789537712895e-07,4.602754498714653e-07,2.5837095017900364e-09,4.602754498714653e-07,2.5837095017900364e-09,1.9647499999999997e-06,1.9647499999999997e-06,4.602754498714653e-07,True,False,False,0,False,,,-0.7319433323904473,3.0,False,False,,,weekly,10.0,sigma,computed,/home/lkoo/projects/AutomationDetection/DownloadedLC/incremental/quiescent_background_cache.csv,,,,,,False,not_in_flare_streak
4FGL J1512.8-0906,297,298,56776.00001157408,7.02e-07,7.64e-08,4.18e-07,5.976789537712895e-07,4.602754498714653e-07,2.5837095017900364e-09,4.602754498714653e-07,2.5837095017900364e-09,1.9647499999999997e-06,1.9647499999999997e-06,4.602754498714653e-07,True,True,False,0,False,,,3.1621262048117065,3.0,True,True,56776.00001157408,56776.00001157408,weekly,10.0,sigma,computed,/home/lkoo/projects/AutomationDetection/DownloadedLC/incremental/quiescent_background_cache.csv,,,,,,False,not_in_flare_streak
4FGL J1512.8-0906,298,299,56783.00001157408,6.58e-07,6.17e-08,7.02e-07,5.976789537712895e-07,4.602754498714653e-07,2.5837095017900364e-09,4.602754498714653e-07,2.5837095017900364e-09,1.9647499999999997e-06,1.9647499999999997e-06,4.602754498714653e-07,False,True,False,0,False,,,3.2018058070445874,3.0,True,True,56776.00001157408,56783.00001157408,weekly,10.0,sigma,computed,/home/lkoo/projects/AutomationDetection/DownloadedLC/incremental/quiescent_background_cache.csv,,,,,,False,not_in_flare_streak
4FGL J1512.8-0906,299,300,56790.00001157408,7.53e-07,6.59e-08,6.58e-07,5.976789537712895e-07,4.602754498714653e-07,2.5837095017900364e-09,4.602754498714653e-07,2.5837095017900364e-09,1.9647499999999997e-06,1.9647499999999997e-06,4.602754498714653e-07,True,True,False,0,False,,,4.438540641117294,3.0,True,True,56776.00001157408,56790.00001157408,weekly,10.0,sigma,computed,/home/lkoo/projects/AutomationDetection/DownloadedLC/incremental/quiescent_background_cache.csv,,,,,,False,not_in_flare_streak
4FGL J1512.8-0906,300,301,56797.00001157408,6.87e-07,7.88e-08,7.53e-07,5.976789537712895e-07,4.602754498714653e-07,2.5837095017900364e-09,4.602754498714653e-07,2.5837095017900364e-09,1.9647499999999997e-06,1.9647499999999997e-06,4.602754498714653e-07,False,True,False,0,False,,,2.875669751694704,3.0,False,True,56776.00001157408,56797.00001157408,weekly,10.0,sigma,computed,/home/lkoo/projects/AutomationDetection/DownloadedLC/incremental/quiescent_background_cache.csv,,,,,,False,not_in_flare_streak
4FGL J1512.8-0906,301,302,56804.00001157408,6.97e-07,8.56e-08,6.87e-07,5.976789537712895e-07,4.602754498714653e-07,2.5837095017900364e-09,4.602754498714653e-07,2.5837095017900364e-09,1.9647499999999997e-06,1.9647499999999997e-06,4.602754498714653e-07,True,True,False,0,False,,,2.764214841039117,3.0,False,True,56776.00001157408,56804.00001157408,weekly,10.0,sigma,computed,/home/lkoo/projects/AutomationDetection/DownloadedLC/incremental/quiescent_background_cache.csv,,,,,,False,not_in_flare_streak
4FGL J1512.8-0906,302,303,56811.00001157408,5.13e-07,6.31e-08,6.97e-07,5.976789537712895e-07,4.602754498714653e-07,2.5837095017900364e-09,4.602754498714653e-07,2.5837095017900364e-09,1.9647499999999997e-06,1.9647499999999997e-06,4.602754498714653e-07,False,True,False,0,False,,,0.8348717388500702,3.0,False,True,56776.00001157408,56811.00001157408,weekly,10.0,sigma,computed,/home/lkoo/projects/AutomationDetection/DownloadedLC/incremental/quiescent_background_cache.csv,,,,,,False,not_in_flare_streak
4FGL J1512.8-0906,303,304,56818.00001157408,1.07e-06,8.05e-08,5.13e-07,5.976789537712895e-07,4.602754498714653e-07,2.5837095017900364e-09,4.602754498714653e-07,2.5837095017900364e-09,1.9647499999999997e-06,1.9647499999999997e-06,4.602754498714653e-07,True,True,False,0,False,,,7.57031977889178,3.0,True,True,56776.00001157408,56818.00001157408,weekly,10.0,sigma,computed,/home/lkoo/projects/AutomationDetection/DownloadedLC/incremental/quiescent_background_cache.csv,,,,,,False,not_in_flare_streak
4FGL J1512.8-0906,304,305,56825.00001157408,1.03e-06,8.54e-08,1.07e-06,5.976789537712895e-07,4.602754498714653e-07,2.5837095017900364e-09,4.602754498714653e-07,2.5837095017900364e-09,1.9647499999999997e-06,1.9647499999999997e-06,4.602754498714653e-07,False,True,False,0,False,,,6.66819660007665,3.0,True,True,56776.00001157408,56825.00001157408,weekly,10.0,sigma,computed,/home/lkoo/projects/AutomationDetection/DownloadedLC/incremental/quiescent_background_cache.csv,,,,,,False,not_in_flare_streak
4FGL J1512.8-0906,305,306,56832.00001157408,1.16e-06,8.13e-08,1.03e-06,5.976789537712895e-07,4.602754498714653e-07,2.5837095017900364e-09,4.602754498714653e-07,2.5837095017900364e-09,1.9647499999999997e-06,1.9647499999999997e-06,4.602754498714653e-07,True,True,False,0,False,,,8.602355091561142,3.0,True,True,56776.00001157408,56832.00001157408,weekly,10.0,sigma,computed,/home/lkoo/projects/AutomationDetection/DownloadedLC/incremental/quiescent_background_cache.csv,,,,,,False,not_in_flare_streak
4FGL J1512.8-0906,306,307,56839.00001157408,8.34e-07,6.42e-08,1.16e-06,5.976789537712895e-07,4.602754498714653e-07,2.5837095017900364e-09,4.602754498714653e-07,2.5837095017900364e-09,1.9647499999999997e-06,1.9647499999999997e-06,4.602754498714653e-07,False,True,False,0,False,,,5.816546237997689,3.0,True,True,56776.00001157408,56839.00001157408,weekly,10.0,sigma,computed,/home/lkoo/projects/AutomationDetection/DownloadedLC/incremental/quiescent_background_cache.csv,,,,,,False,not_in_flare_streak
4FGL J1512.8-0906,307,308,56846.00001157408,7.26e-07,6.05e-08,8.34e-07,5.976789537712895e-07,4.602754498714653e-07,2.5837095017900364e-09,4.602754498714653e-07,2.5837095017900364e-09,1.9647499999999997e-06,1.9647499999999997e-06,4.602754498714653e-07,False,True,False,0,False,,,4.388141606436869,3.0,True,True,56776.00001157408,56846.00001157408,weekly,10.0,sigma,computed,/home/lkoo/projects/AutomationDetection/DownloadedLC/incremental/quiescent_background_cache.csv,,,,,,False,not_in_flare_streak
4FGL J1512.8-0906,308,309,56853.00001157408,8.67e-07,5.93e-08,7.26e-07,5.976789537712895e-07,4.602754498714653e-07,2.5837095017900364e-09,4.602754498714653e-07,2.5837095017900364e-09,1.9647499999999997e-06,1.9647499999999997e-06,4.602754498714653e-07,True,True,False,0,False,,,6.852260449137006,3.0,True,True,56776.00001157408,56853.00001157408,weekly,10.0,sigma,computed,/home/lkoo/projects/AutomationDetection/DownloadedLC/incremental/quiescent_background_cache.csv,,,,,,False,not_in_flare_streak
4FGL J1512.8-0906,309,310,56860.00001157408,1.04e-06,7.42e-08,8.67e-07,5.976789537712895e-07,4.602754498714653e-07,2.5837095017900364e-09,4.602754498714653e-07,2.5837095017900364e-09,1.9647499999999997e-06,1.9647499999999997e-06,4.602754498714653e-07,True,True,False,0,False,,,7.808267023936927,3.0,True,True,56776.00001157408,56860.00001157408,weekly,10.0,sigma,computed,/home/lkoo/projects/AutomationDetection/DownloadedLC/incremental/quiescent_background_cache.csv,,,,,,False,not_in_flare_streak
4FGL J1512.8-0906,310,311,56867.00001157408,9.01e-07,5.64e-08,1.04e-06,5.976789537712895e-07,4.602754498714653e-07,2.5837095017900364e-09,4.602754498714653e-07,2.5837095017900364e-09,1.9647499999999997e-06,1.9647499999999997e-06,4.602754498714653e-07,False,True,False,0,False,,,7.806078457579223,3.0,True,True,56776.00001157408,56867.00001157408,weekly,10.0,sigma,computed,/home/lkoo/projects/AutomationDetection/DownloadedLC/incremental/quiescent_background_cache.csv,,,,,,False,not_in_flare_streak
4FGL J1512.8-0906,311,312,56874.00001157408,1.09e-06,5.19e-08,9.01e-07,5.976789537712895e-07,4.602754498714653e-07,2.5837095017900364e-09,4.602754498714653e-07,2.5837095017900364e-09,1.9647499999999997e-06,1.9647499999999997e-06,4.602754498714653e-07,True,True,False,0,False,,,12.118413806694475,3.0,True,True,56776.00001157408,56874.00001157408,weekly,10.0,sigma,computed,/home/lkoo/projects/AutomationDetection/DownloadedLC/incremental/quiescent_background_cache.csv,,,,,,False,not_in_flare_streak
4FGL J1512.8-0906,312,313,56881.00001157408,7.31e-07,4.48e-08,1.09e-06,5.976789537712895e-07,4.602754498714653e-07,2.5837095017900364e-09,4.602754498714653e-07,2.5837095017900364e-09,1.9647499999999997e-06,1.9647499999999997e-06,4.602754498714653e-07,False,True,False,0,False,,,6.032934057604402,3.0,True,True,56776.00001157408,56881.00001157408,weekly,10.0,sigma,computed,/home/lkoo/projects/AutomationDetection/DownloadedLC/incremental/quiescent_background_cache.csv,,,,,,False,not_in_flare_streak
4FGL J1512.8-0906,313,314,56888.00001157408,4.69e-07,6.3e-08,7.31e-07,5.976789537712895e-07,4.602754498714653e-07,2.5837095017900364e-09,4.602754498714653e-07,2.5837095017900364e-09,1.9647499999999997e-06,1.9647499999999997e-06,4.602754498714653e-07,False,True,False,0,False,,,0.13836860884761903,3.0,False,True,56776.00001157408,56888.00001157408,weekly,10.0,sigma,computed,/home/lkoo/projects/AutomationDetection/DownloadedLC/incremental/quiescent_background_cache.csv,,,,,,False,not_in_flare_streak
4FGL J1512.8-0906,314,315,56895.00001157408,3.78e-07,5.26e-08,4.69e-07,5.976789537712895e-07,4.602754498714653e-07,2.5837095017900364e-09,4.602754498714653e-07,2.5837095017900364e-09,1.9647499999999997e-06,1.9647499999999997e-06,4.602754498714653e-07,False,False,False,0,False,,,-1.562288465106139,3.0,False,False,,,weekly,10.0,sigma,computed,/home/lkoo/projects/AutomationDetection/DownloadedLC/incremental/quiescent_background_cache.csv,,,,,,False,not_in_flare_streak
4FGL J1512.8-0906,315,316,56902.00001157408,5.64e-07,4.97e-08,3.78e-07,5.976789537712895e-07,4.602754498714653e-07,2.5837095017900364e-09,4.602754498714653e-07,2.5837095017900364e-09,1.9647499999999997e-06,1.9647499999999997e-06,4.602754498714653e-07,True,True,False,0,False,,,2.0841986502716647,3.0,False,False,,,weekly,10.0,sigma,computed,/home/lkoo/projects/AutomationDetection/DownloadedLC/incremental/quiescent_background_cache.csv,,,,,,False,not_in_flare_streak
4FGL J1512.8-0906,316,317,56909.00001157408,6.28e-07,5.37e-08,5.64e-07,5.976789537712895e-07,4.602754498714653e-07,2.5837095017900364e-09,4.602754498714653e-07,2.5837095017900364e-09,1.9647499999999997e-06,1.9647499999999997e-06,4.602754498714653e-07,True,True,False,0,False,,,3.1197532742283762,3.0,True,True,56909.00001157408,56909.00001157408,weekly,10.0,sigma,computed,/home/lkoo/projects/AutomationDetection/DownloadedLC/incremental/quiescent_background_cache.csv,,,,,,False,not_in_flare_streak
4FGL J1512.8-0906,317,318,56916.00001157408,1.23e-06,6.63e-08,6.28e-07,5.976789537712895e-07,4.602754498714653e-07,2.5837095017900364e-09,4.602754498714653e-07,2.5837095017900364e-09,1.9647499999999997e-06,1.9647499999999997e-06,4.602754498714653e-07,True,True,False,0,False,,,11.600916144634285,3.0,True,True,56909.00001157408,56916.00001157408,weekly,10.0,sigma,computed,/home/lkoo/projects/AutomationDetection/DownloadedLC/incremental/quiescent_background_cache.csv,,,,,,False,not_in_flare_streak
4FGL J1512.8-0906,318,319,56923.00001157408,7.58e-07,5.01e-08,1.23e-06,5.976789537712895e-07,4.602754498714653e-07,2.5837095017900364e-09,4.602754498714653e-07,2.5837095017900364e-09,1.9647499999999997e-06,1.9647499999999997e-06,4.602754498714653e-07,False,True,False,0,False,,,5.934719121972723,3.0,True,True,56909.00001157408,56923.00001157408,weekly,10.0,sigma,computed,/home/lkoo/projects/AutomationDetection/DownloadedLC/incremental/quiescent_background_cache.csv,,,,,,False,not_in_flare_streak
4FGL J1512.8-0906,319,320,56930.00001157408,5.83e-07,4.2e-08,7.58e-07,5.976789537712895e-07,4.602754498714653e-07,2.5837095017900364e-09,4.602754498714653e-07,2.5837095017900364e-09,1.9647499999999997e-06,1.9647499999999997e-06,4.602754498714653e-07,False,True,False,0,False,,,2.9164998132767788,3.0,False,True,56909.00001157408,56930.00001157408,weekly,10.0,sigma,computed,/home/lkoo/projects/AutomationDetection/DownloadedLC/incremental/quiescent_background_cache.csv,,,,,,False,not_in_flare_streak
4FGL J1512.8-0906,320,321,56937.00001157408,8.14e-07,5.16e-08,5.83e-07,5.976789537712895e-07,4.602754498714653e-07,2.5837095017900364e-09,4.602754498714653e-07,2.5837095017900364e-09,1.9647499999999997e-06,1.9647499999999997e-06,4.602754498714653e-07,True,True,False,0,False,,,6.84654949909692,3.0,True,True,56909.00001157408,56937.00001157408,weekly,10.0,sigma,computed,/home/lkoo/projects/AutomationDetection/DownloadedLC/incremental/quiescent_background_cache.csv,,,,,,False,not_in_flare_streak
4FGL J1512.8-0906,321,322,56944.00001157408,1.13e-06,7.17e-08,8.14e-07,5.976789537712895e-07,4.602754498714653e-07,2.5837095017900364e-09,4.602754498714653e-07,2.5837095017900364e-09,1.9647499999999997e-06,1.9647499999999997e-06,4.602754498714653e-07,True,True,False,0,False,,,9.334590618848821,3.0,True,True,56909.00001157408,56944.00001157408,weekly,10.0,sigma,computed,/home/lkoo/projects/AutomationDetection/DownloadedLC/incremental/quiescent_background_cache.csv,,,,,,False,not_in_flare_streak
4FGL J1512.8-0906,322,323,56951.00001157408,8.87e-07,6.76e-08,1.13e-06,5.976789537712895e-07,4.602754498714653e-07,2.5837095017900364e-09,4.602754498714653e-07,2.5837095017900364e-09,1.9647499999999997e-06,1.9647499999999997e-06,4.602754498714653e-07,False,True,False,0,False,,,6.307887711206444,3.0,True,True,56909.00001157408,56951.00001157408,weekly,10.0,sigma,computed,/home/lkoo/projects/AutomationDetection/DownloadedLC/incremental/quiescent_background_cache.csv,,,,,,False,not_in_flare_streak
4FGL J1512.8-0906,323,324,56958.00001157408,1.46e-06,7.11e-08,8.87e-07,5.976789537712895e-07,4.602754498714653e-07,2.5837095017900364e-09,4.602754498714653e-07,2.5837095017900364e-09,1.9647499999999997e-06,1.9647499999999997e-06,4.602754498714653e-07,True,True,False,0,False,,,14.051548807166192,3.0,True,True,56909.00001157408,56958.00001157408,weekly,10.0,sigma,computed,/home/lkoo/projects/AutomationDetection/DownloadedLC/incremental/quiescent_background_cache.csv,,,,,,False,not_in_flare_streak
4FGL J1512.8-0906,324,325,56965.00001157408,6.54e-07,5.57e-08,1.46e-06,5.976789537712895e-07,4.602754498714653e-07,2.5837095017900364e-09,4.602754498714653e-07,2.5837095017900364e-09,1.9647499999999997e-06,1.9647499999999997e-06,4.602754498714653e-07,False,True,False,0,False,,,3.4742633676840833,3.0,True,True,56909.00001157408,56965.00001157408,weekly,10.0,sigma,computed,/home/lkoo/projects/AutomationDetection/DownloadedLC/incremental/quiescent_background_cache.csv,,,,,,False,not_in_flare_streak
4FGL J1512.8-0906,325,326,56972.00001157408,2.87e-07,4.48e-08,6.54e-07,5.976789537712895e-07,4.602754498714653e-07,2.5837095017900364e-09,4.602754498714653e-07,2.5837095017900364e-09,1.9647499999999997e-06,1.9647499999999997e-06,4.602754498714653e-07,False,False,False,0,False,,,-3.861339366451883,3.0,False,False,,,weekly,10.0,sigma,computed,/home/lkoo/projects/AutomationDetection/DownloadedLC/incremental/quiescent_background_cache.csv,,,,,,False,not_in_flare_streak
4FGL J1512.8-0906,326,327,56979.00001157408,4.34e-07,4.27e-08,2.87e-07,5.976789537712895e-07,4.602754498714653e-07,2.5837095017900364e-09,4.602754498714653e-07,2.5837095017900364e-09,1.9647499999999997e-06,1.9647499999999997e-06,4.602754498714653e-07,True,False,False,0,False,,,-0.6142267168540255,3.0,False,False,,,weekly,10.0,sigma,computed,/home/lkoo/projects/AutomationDetection/DownloadedLC/incremental/quiescent_background_cache.csv,,,,,,False,not_in_flare_streak
4FGL J1512.8-0906,327,328,56986.00001157408,3.42e-07,3.66e-08,4.34e-07,5.976789537712895e-07,4.602754498714653e-07,2.5837095017900364e-09,4.602754498714653e-07,2.5837095017900364e-09,1.9647499999999997e-06,1.9647499999999997e-06,4.602754498714653e-07,False,False,False,0,False,,,-3.223547547366574,3.0,False,False,,,weekly,10.0,sigma,computed,/home/lkoo/projects/AutomationDetection/DownloadedLC/incremental/quiescent_background_cache.csv,,,,,,False,not_in_flare_streak
4FGL J1512.8-0906,328,329,56993.00001157408,4.51e-07,5.75e-08,3.42e-07,5.976789537712895e-07,4.602754498714653e-07,2.5837095017900364e-09,4.602754498714653e-07,2.5837095017900364e-09,1.9647499999999997e-06,1.9647499999999997e-06,4.602754498714653e-07,True,False,False,0,False,,,-0.16114956747288856,3.0,False,False,,,weekly,10.0,sigma,computed,/home/lkoo/projects/AutomationDetection/DownloadedLC/incremental/quiescent_background_cache.csv,,,,,,False,not_in_flare_streak
4FGL J1512.8-0906,329,330,57000.00001157408,3.5e-07,5.27e-08,4.51e-07,5.976789537712895e-07,4.602754498714653e-07,2.5837095017900364e-09,4.602754498714653e-07,2.5837095017900364e-09,1.9647499999999997e-06,1.9647499999999997e-06,4.602754498714653e-07,False,False,False,0,False,,,-2.090002999443526,3.0,False,False,,,weekly,10.0,sigma,computed,/home/lkoo/projects/AutomationDetection/DownloadedLC/incremental/quiescent_background_cache.csv,,,,,,False,not_in_flare_streak
4FGL J1512.8-0906,330,331,57007.00001157408,3.57e-07,5.84e-08,3.5e-07,5.976789537712895e-07,4.602754498714653e-07,2.5837095017900364e-09,4.602754498714653e-07,2.5837095017900364e-09,1.9647499999999997e-06,1.9647499999999997e-06,4.602754498714653e-07,True,False,False,0,False,,,-1.7666870973974373,3.0,False,False,,,weekly,10.0,sigma,computed,/home/lkoo/projects/AutomationDetection/DownloadedLC/incremental/quiescent_background_cache.csv,,,,,,False,not_in_flare_streak
4FGL J1512.8-0906,331,332,57021.00001157408,7.48e-08,4.31e-08,3.57e-07,5.976789537712895e-07,4.602754498714653e-07,2.5837095017900364e-09,4.602754498714653e-07,2.5837095017900364e-09,1.9647499999999997e-06,1.9647499999999997e-06,4.602754498714653e-07,False,False,False,0,False,,,-8.92771888317039,3.0,False,False,,,weekly,10.0,sigma,computed,/home/lkoo/projects/AutomationDetection/DownloadedLC/incremental/quiescent_background_cache.csv,,,,,,False,not_in_flare_streak
4FGL J1512.8-0906,332,333,57028.00001157408,1.39e-07,5.44e-08,7.48e-08,5.976789537712895e-07,4.602754498714653e-07,2.5837095017900364e-09,4.602754498714653e-07,2.5837095017900364e-09,1.9647499999999997e-06,1.9647499999999997e-06,4.602754498714653e-07,True,False,False,0,False,,,-5.899148977588074,3.0,False,False,,,weekly,10.0,sigma,computed,/home/lkoo/projects/AutomationDetection/DownloadedLC/incremental/quiescent_background_cache.csv,,,,,,False,not_in_flare_streak
4FGL J1512.8-0906,333,334,57035.00001157408,1.91e-07,4.87e-08,1.39e-07,5.976789537712895e-07,4.602754498714653e-07,2.5837095017900364e-09,4.602754498714653e-07,2.5837095017900364e-09,1.9647499999999997e-06,1.9647499999999997e-06,4.602754498714653e-07,True,False,False,0,False,,,-5.521504836142472,3.0,False,False,,,weekly,10.0,sigma,computed,/home/lkoo/projects/AutomationDetection/DownloadedLC/incremental/quiescent_background_cache.csv,,,,,,False,not_in_flare_streak
4FGL J1512.8-0906,334,335,57042.00001157408,4.8e-07,5.42e-08,1.91e-07,5.976789537712895e-07,4.602754498714653e-07,2.5837095017900364e-09,4.602754498714653e-07,2.5837095017900364e-09,1.9647499999999997e-06,1.9647499999999997e-06,4.602754498714653e-07,True,True,False,0,False,,,0.3635088009471884,3.0,False,False,,,weekly,10.0,sigma,computed,/home/lkoo/projects/AutomationDetection/DownloadedLC/incremental/quiescent_background_cache.csv,,,,,,False,not_in_flare_streak
4FGL J1512.8-0906,335,336,57049.00001157408,9.53e-07,6.52e-08,4.8e-07,5.976789537712895e-07,4.602754498714653e-07,2.5837095017900364e-09,4.602754498714653e-07,2.5837095017900364e-09,1.9647499999999997e-06,1.9647499999999997e-06,4.602754498714653e-07,True,True,False,0,False,,,7.551198374079287,3.0,True,True,57049.00001157408,57049.00001157408,weekly,10.0,sigma,computed,/home/lkoo/projects/AutomationDetection/DownloadedLC/incremental/quiescent_background_cache.csv,,,,,,False,not_in_flare_streak
4FGL J1512.8-0906,336,337,57056.00001157408,9.6e-07,6.69e-08,9.53e-07,5.976789537712895e-07,4.602754498714653e-07,2.5837095017900364e-09,4.602754498714653e-07,2.5837095017900364e-09,1.9647499999999997e-06,1.9647499999999997e-06,4.602754498714653e-07,True,True,False,0,False,,,7.464159742017336,3.0,True,True,57049.00001157408,57056.00001157408,weekly,10.0,sigma,computed,/home/lkoo/projects/AutomationDetection/DownloadedLC/incremental/quiescent_background_cache.csv,,,,,,False,not_in_flare_streak
4FGL J1512.8-0906,337,338,57063.00001157408,9.04e-07,7.66e-08,9.6e-07,5.976789537712895e-07,4.602754498714653e-07,2.5837095017900364e-09,4.602754498714653e-07,2.5837095017900364e-09,1.9647499999999997e-06,1.9647499999999997e-06,4.602754498714653e-07,False,True,False,0,False,,,5.789456284492672,3.0,True,True,57049.00001157408,57063.00001157408,weekly,10.0,sigma,computed,/home/lkoo/projects/AutomationDetection/DownloadedLC/incremental/quiescent_background_cache.csv,,,,,,False,not_in_flare_streak
4FGL J1512.8-0906,338,339,57070.00001157408,5.53e-07,7.33e-08,9.04e-07,5.976789537712895e-07,4.602754498714653e-07,2.5837095017900364e-09,4.602754498714653e-07,2.5837095017900364e-09,1.9647499999999997e-06,1.9647499999999997e-06,4.602754498714653e-07,False,True,False,0,False,,,1.2642155644650328,3.0,False,True,57049.00001157408,57070.00001157408,weekly,10.0,sigma,computed,/home/lkoo/projects/AutomationDetection/DownloadedLC/incremental/quiescent_background_cache.csv,,,,,,False,not_in_flare_streak
4FGL J1512.8-0906,339,340,57077.00001157408,3.5e-07,6.93e-08,5.53e-07,5.976789537712895e-07,4.602754498714653e-07,2.5837095017900364e-09,4.602754498714653e-07,2.5837095017900364e-09,1.9647499999999997e-06,1.9647499999999997e-06,4.602754498714653e-07,False,False,False,0,False,,,-1.590171531986263,3.0,False,False,,,weekly,10.0,sigma,computed,/home/lkoo/projects/AutomationDetection/DownloadedLC/incremental/quiescent_background_cache.csv,,,,,,False,not_in_flare_streak
4FGL J1512.8-0906,340,341,57084.00001157408,7.42e-07,8.33e-08,3.5e-07,5.976789537712895e-07,4.602754498714653e-07,2.5837095017900364e-09,4.602754498714653e-07,2.5837095017900364e-09,1.9647499999999997e-06,1.9647499999999997e-06,4.602754498714653e-07,True,True,False,0,False,,,3.380421745097602,3.0,True,True,57084.00001157408,57084.00001157408,weekly,10.0,sigma,computed,/home/lkoo/projects/AutomationDetection/DownloadedLC/incremental/quiescent_background_cache.csv,,,,,,False,not_in_flare_streak
4FGL J1512.8-0906,341,342,57091.00001157408,7.95e-07,7.74e-08,7.42e-07,5.976789537712895e-07,4.602754498714653e-07,2.5837095017900364e-09,4.602754498714653e-07,2.5837095017900364e-09,1.9647499999999997e-06,1.9647499999999997e-06,4.602754498714653e-07,True,True,False,0,False,,,4.3221991296703095,3.0,True,True,57084.00001157408,57091.00001157408,weekly,10.0,sigma,computed,/home/lkoo/projects/AutomationDetection/DownloadedLC/incremental/quiescent_background_cache.csv,,,,,,False,not_in_flare_streak
4FGL J1512.8-0906,342,343,57098.00001157408,1.91e-06,7.37e-08,7.95e-07,5.976789537712895e-07,4.602754498714653e-07,2.5837095017900364e-09,4.602754498714653e-07,2.5837095017900364e-09,1.9647499999999997e-06,1.9647499999999997e-06,4.602754498714653e-07,True,True,False,0,False,,,19.658541569367458,3.0,True,True,57084.00001157408,57098.00001157408,weekly,10.0,sigma,computed,/home/lkoo/projects/AutomationDetection/DownloadedLC/incremental/quiescent_background_cache.csv,,,,,,False,not_in_flare_streak
4FGL J1512.8-0906,343,344,57105.00001157408,2.05e-06,7.4e-08,1.91e-06,5.976789537712895e-07,4.602754498714653e-07,2.5837095017900364e-09,4.602754498714653e-07,2.5837095017900364e-09,1.9647499999999997e-06,1.9647499999999997e-06,4.602754498714653e-07,True,True,False,0,False,,,21.469681796447734,3.0,True,True,57084.00001157408,57105.00001157408,weekly,10.0,sigma,computed,/home/lkoo/projects/AutomationDetection/DownloadedLC/incremental/quiescent_background_cache.csv,,,,,,False,not_in_flare_streak
4FGL J1512.8-0906,344,345,57112.00001157408,4.29e-06,1.09e-07,2.05e-06,5.976789537712895e-07,4.602754498714653e-07,2.5837095017900364e-09,4.602754498714653e-07,2.5837095017900364e-09,1.9647499999999997e-06,1.9647499999999997e-06,4.602754498714653e-07,True,True,False,0,False,,,35.12522113110709,3.0,True,True,57084.00001157408,57112.00001157408,weekly,10.0,sigma,computed,/home/lkoo/projects/AutomationDetection/DownloadedLC/incremental/quiescent_background_cache.csv,,,,,,False,not_in_flare_streak
4FGL J1512.8-0906,345,346,57119.00001157408,2.69e-06,1.34e-07,4.29e-06,5.976789537712895e-07,4.602754498714653e-07,2.5837095017900364e-09,4.602754498714653e-07,2.5837095017900364e-09,1.9647499999999997e-06,1.9647499999999997e-06,4.602754498714653e-07,False,True,False,0,False,,,16.636643209273664,3.0,True,True,57084.00001157408,57119.00001157408,weekly,10.0,sigma,computed,/home/lkoo/projects/AutomationDetection/DownloadedLC/incremental/quiescent_background_cache.csv,,,,,,False,not_in_flare_streak
4FGL J1512.8-0906,346,347,57126.00001157408,2.45e-06,1.37e-07,2.69e-06,5.976789537712895e-07,4.602754498714653e-07,2.5837095017900364e-09,4.602754498714653e-07,2.5837095017900364e-09,1.9647499999999997e-06,1.9647499999999997e-06,4.602754498714653e-07,False,True,False,0,False,,,14.5209547638073,3.0,True,True,57084.00001157408,57126.00001157408,weekly,10.0,sigma,computed,/home/lkoo/projects/AutomationDetection/DownloadedLC/incremental/quiescent_background_cache.csv,,,,,,False,not_in_flare_streak
4FGL J1512.8-0906,347,348,57133.00001157408,1.99e-06,1.2e-07,2.45e-06,5.976789537712895e-07,4.602754498714653e-07,2.5837095017900364e-09,4.602754498714653e-07,2.5837095017900364e-09,1.9647499999999997e-06,1.9647499999999997e-06,4.602754498714653e-07,False,True,False,0,False,,,12.744750819664521,3.0,True,True,57084.00001157408,57133.00001157408,weekly,10.0,sigma,computed,/home/lkoo/projects/AutomationDetection/DownloadedLC/incremental/quiescent_background_cache.csv,,,,,,False,not_in_flare_streak
4FGL J1512.8-0906,348,349,57140.00001157408,1.46e-06,1.15e-07,1.99e-06,5.976789537712895e-07,4.602754498714653e-07,2.5837095017900364e-09,4.602754498714653e-07,2.5837095017900364e-09,1.9647499999999997e-06,1.9647499999999997e-06,4.602754498714653e-07,False,True,False,0,False,,,8.691063749596937,3.0,True,True,57084.00001157408,57140.00001157408,weekly,10.0,sigma,computed,/home/lkoo/projects/AutomationDetection/DownloadedLC/incremental/quiescent_background_cache.csv,,,,,,False,not_in_flare_streak
4FGL J1512.8-0906,349,350,57147.00001157408,1.7e-06,1.02e-07,1.46e-06,5.976789537712895e-07,4.602754498714653e-07,2.5837095017900364e-09,4.602754498714653e-07,2.5837095017900364e-09,1.9647499999999997e-06,1.9647499999999997e-06,4.602754498714653e-07,True,True,False,0,False,,,12.150264872830922,3.0,True,True,57084.00001157408,57147.00001157408,weekly,10.0,sigma,computed,/home/lkoo/projects/AutomationDetection/DownloadedLC/incremental/quiescent_background_cache.csv,,,,,,False,not_in_flare_streak
4FGL J1512.8-0906,350,351,57154.00001157408,4e-06,1.17e-07,1.7e-06,5.976789537712895e-07,4.602754498714653e-07,2.5837095017900364e-09,4.602754498714653e-07,2.5837095017900364e-09,1.9647499999999997e-06,1.9647499999999997e-06,4.602754498714653e-07,True,True,False,0,False,,,30.246681859825483,3.0,True,True,57084.00001157408,57154.00001157408,weekly,10.0,sigma,computed,/home/lkoo/projects/AutomationDetection/DownloadedLC/incremental/quiescent_background_cache.csv,,,,,,False,not_in_flare_streak
4FGL J1512.8-0906,351,352,57161.00001157408,3.45e-06,1.09e-07,4e-06,5.976789537712895e-07,4.602754498714653e-07,2.5837095017900364e-09,4.602754498714653e-07,2.5837095017900364e-09,1.9647499999999997e-06,1.9647499999999997e-06,4.602754498714653e-07,False,True,False,0,False,,,27.420963197167776,3.0,True,True,57084.00001157408,57161.00001157408,weekly,10.0,sigma,computed,/home/lkoo/projects/AutomationDetection/DownloadedLC/incremental/quiescent_background_cache.csv,,,,,,False,not_in_flare_streak
4FGL J1512.8-0906,352,353,57168.00001157408,2.37e-06,1.17e-07,3.45e-06,5.976789537712895e-07,4.602754498714653e-07,2.5837095017900364e-09,4.602754498714653e-07,2.5837095017900364e-09,1.9647499999999997e-06,1.9647499999999997e-06,4.602754498714653e-07,False,True,False,0,False,,,16.318453622482757,3.0,True,True,57084.00001157408,57168.00001157408,weekly,10.0,sigma,computed,/home/lkoo/projects/AutomationDetection/DownloadedLC/incremental/quiescent_background_cache.csv,,,,,,False,not_in_flare_streak
4FGL J1512.8-0906,353,354,57175.00001157408,1.18e-06,1.1e-07,2.37e-06,5.976789537712895e-07,4.602754498714653e-07,2.5837095017900364e-09,4.602754498714653e-07,2.5837095017900364e-09,1.9647499999999997e-06,1.9647499999999997e-06,4.602754498714653e-07,False,True,False,0,False,,,6.541146333407861,3.0,True,True,57084.00001157408,57175.00001157408,weekly,10.0,sigma,computed,/home/lkoo/projects/AutomationDetection/DownloadedLC/incremental/quiescent_background_cache.csv,,,,,,False,not_in_flare_streak
4FGL J1512.8-0906,354,355,57182.00001157408,9.03e-07,1e-07,1.18e-06,5.976789537712895e-07,4.602754498714653e-07,2.5837095017900364e-09,4.602754498714653e-07,2.5837095017900364e-09,1.9647499999999997e-06,1.9647499999999997e-06,4.602754498714653e-07,False,True,False,0,False,,,4.425768524721522,3.0,True,True,57084.00001157408,57182.00001157408,weekly,10.0,sigma,computed,/home/lkoo/projects/AutomationDetection/DownloadedLC/incremental/quiescent_background_cache.csv,,,,,,False,not_in_flare_streak
4FGL J1512.8-0906,355,356,57189.00001157408,1.4e-06,6.85e-08,9.03e-07,5.976789537712895e-07,4.602754498714653e-07,2.5837095017900364e-09,4.602754498714653e-07,2.5837095017900364e-09,1.9647499999999997e-06,1.9647499999999997e-06,4.602754498714653e-07,True,True,False,0,False,,,13.708858400331886,3.0,True,True,57084.00001157408,57189.00001157408,weekly,10.0,sigma,computed,/home/lkoo/projects/AutomationDetection/DownloadedLC/incremental/quiescent_background_cache.csv,,,,,,False,not_in_flare_streak
4FGL J1512.8-0906,356,357,57196.00001157408,1.42e-06,1.02e-07,1.4e-06,5.976789537712895e-07,4.602754498714653e-07,2.5837095017900364e-09,4.602754498714653e-07,2.5837095017900364e-09,1.9647499999999997e-06,1.9647499999999997e-06,4.602754498714653e-07,True,True,False,0,False,,,9.406047083451877,3.0,True,True,57084.00001157408,57196.00001157408,weekly,10.0,sigma,computed,/home/lkoo/projects/AutomationDetection/DownloadedLC/incremental/quiescent_background_cache.csv,,,,,,False,not_in_flare_streak
4FGL J1512.8-0906,357,358,57203.00001157408,1.28e-06,8.54e-08,1.42e-06,5.976789537712895e-07,4.602754498714653e-07,2.5837095017900364e-09,4.602754498714653e-07,2.5837095017900364e-09,1.9647499999999997e-06,1.9647499999999997e-06,4.602754498714653e-07,False,True,False,0,False,,,9.59425823748206,3.0,True,True,57084.00001157408,57203.00001157408,weekly,10.0,sigma,computed,/home/lkoo/projects/AutomationDetection/DownloadedLC/incremental/quiescent_background_cache.csv,,,,,,False,not_in_flare_streak
4FGL J1512.8-0906,358,359,57210.00001157408,2.08e-06,9.17e-08,1.28e-06,5.976789537712895e-07,4.602754498714653e-07,2.5837095017900364e-09,4.602754498714653e-07,2.5837095017900364e-09,1.9647499999999997e-06,1.9647499999999997e-06,4.602754498714653e-07,True,True,False,0,False,,,17.656292348323166,3.0,True,True,57084.00001157408,57210.00001157408,weekly,10.0,sigma,computed,/home/lkoo/projects/AutomationDetection/DownloadedLC/incremental/quiescent_background_cache.csv,,,,,,False,not_in_flare_streak
4FGL J1512.8-0906,359,360,57217.00001157408,2.73e-06,1.07e-07,2.08e-06,5.976789537712895e-07,4.602754498714653e-07,2.5837095017900364e-09,4.602754498714653e-07,2.5837095017900364e-09,1.9647499999999997e-06,1.9647499999999997e-06,4.602754498714653e-07,True,True,False,0,False,,,21.206197537916424,3.0,True,True,57084.00001157408,57217.00001157408,weekly,10.0,sigma,computed,/home/lkoo/projects/AutomationDetection/DownloadedLC/incremental/quiescent_background_cache.csv,,,,,,False,not_in_flare_streak
4FGL J1512.8-0906,360,361,57224.00001157408,1.4e-06,1.05e-07,2.73e-06,5.976789537712895e-07,4.602754498714653e-07,2.5837095017900364e-09,4.602754498714653e-07,2.5837095017900364e-09,1.9647499999999997e-06,1.9647499999999997e-06,4.602754498714653e-07,False,True,False,0,False,,,8.947049344541531,3.0,True,True,57084.00001157408,57224.00001157408,weekly,10.0,sigma,computed,/home/lkoo/projects/AutomationDetection/DownloadedLC/incremental/quiescent_background_cache.csv,,,,,,False,not_in_flare_streak
4FGL J1512.8-0906,361,362,57231.00001157408,6.63e-07,9.54e-08,1.4e-06,5.976789537712895e-07,4.602754498714653e-07,2.5837095017900364e-09,4.602754498714653e-07,2.5837095017900364e-09,1.9647499999999997e-06,1.9647499999999997e-06,4.602754498714653e-07,False,True,False,0,False,,,2.124216387853246,3.0,False,True,57084.00001157408,57231.00001157408,weekly,10.0,sigma,computed,/home/lkoo/projects/AutomationDetection/DownloadedLC/incremental/quiescent_background_cache.csv,,,,,,False,not_in_flare_streak
4FGL J1512.8-0906,362,363,57238.00001157408,2.57e-06,1.26e-07,6.63e-07,5.976789537712895e-07,4.602754498714653e-07,2.5837095017900364e-09,4.602754498714653e-07,2.5837095017900364e-09,1.9647499999999997e-06,1.9647499999999997e-06,4.602754498714653e-07,True,True,False,0,False,,,16.74032651204273,3.0,True,True,57084.00001157408,57238.00001157408,weekly,10.0,sigma,computed,/home/lkoo/projects/AutomationDetection/DownloadedLC/incremental/quiescent_background_cache.csv,,,,,,False,not_in_flare_streak
4FGL J1512.8-0906,363,364,57245.00001157408,4.1e-06,1.5e-07,2.57e-06,5.976789537712895e-07,4.602754498714653e-07,2.5837095017900364e-09,4.602754498714653e-07,2.5837095017900364e-09,1.9647499999999997e-06,1.9647499999999997e-06,4.602754498714653e-07,True,True,False,0,False,,,24.261231552646827,3.0,True,True,57084.00001157408,57245.00001157408,weekly,10.0,sigma,computed,/home/lkoo/projects/AutomationDetection/DownloadedLC/incremental/quiescent_background_cache.csv,,,,,,False,not_in_flare_streak
4FGL J1512.8-0906,364,365,57252.00001157408,6.88e-07,8.13e-08,4.1e-06,5.976789537712895e-07,4.602754498714653e-07,2.5837095017900364e-09,4.602754498714653e-07,2.5837095017900364e-09,1.9647499999999997e-06,1.9647499999999997e-06,4.602754498714653e-07,False,True,False,0,False,,,2.7996265715013458,3.0,False,True,57084.00001157408,57252.00001157408,weekly,10.0,sigma,computed,/home/lkoo/projects/AutomationDetection/DownloadedLC/incremental/quiescent_background_cache.csv,,,,,,False,not_in_flare_streak
4FGL J1512.8-0906,365,366,57259.00001157408,6.71e-07,6.8e-08,6.88e-07,5.976789537712895e-07,4.602754498714653e-07,2.5837095017900364e-09,4.602754498714653e-07,2.5837095017900364e-09,1.9647499999999997e-06,1.9647499999999997e-06,4.602754498714653e-07,False,True,False,0,False,,,3.0966559663072153,3.0,True,True,57084.00001157408,57259.00001157408,weekly,10.0,sigma,computed,/home/lkoo/projects/AutomationDetection/DownloadedLC/incremental/quiescent_background_cache.csv,,,,,,False,not_in_flare_streak
4FGL J1512.8-0906,366,367,57266.00001157408,5.52e-07,6.03e-08,6.71e-07,5.976789537712895e-07,4.602754498714653e-07,2.5837095017900364e-09,4.602754498714653e-07,2.5837095017900364e-09,1.9647499999999997e-06,1.9647499999999997e-06,4.602754498714653e-07,False,True,False,0,False,,,1.5197423982882554,3.0,False,True,57084.00001157408,57266.00001157408,weekly,10.0,sigma,computed,/home/lkoo/projects/AutomationDetection/DownloadedLC/incremental/quiescent_background_cache.csv,,,,,,False,not_in_flare_streak
4FGL J1512.8-0906,367,368,57273.00001157408,1.19e-06,8.95e-08,5.52e-07,5.976789537712895e-07,4.602754498714653e-07,2.5837095017900364e-09,4.602754498714653e-07,2.5837095017900364e-09,1.9647499999999997e-06,1.9647499999999997e-06,4.602754498714653e-07,True,True,False,0,False,,,8.149951646614891,3.0,True,True,57084.00001157408,57273.00001157408,weekly,10.0,sigma,computed,/home/lkoo/projects/AutomationDetection/DownloadedLC/incremental/quiescent_background_cache.csv,,,,,,False,not_in_flare_streak
4FGL J1512.8-0906,368,369,57280.00001157408,1e-06,9.88e-08,1.19e-06,5.976789537712895e-07,4.602754498714653e-07,2.5837095017900364e-09,4.602754498714653e-07,2.5837095017900364e-09,1.9647499999999997e-06,1.9647499999999997e-06,4.602754498714653e-07,False,True,False,0,False,,,5.46093212600985,3.0,True,True,57084.00001157408,57280.00001157408,weekly,10.0,sigma,computed,/home/lkoo/projects/AutomationDetection/DownloadedLC/incremental/quiescent_background_cache.csv,,,,,,False,not_in_flare_streak
4FGL J1512.8-0906,369,370,57287.00001157408,7.97e-07,9.3e-08,1e-06,5.976789537712895e-07,4.602754498714653e-07,2.5837095017900364e-09,4.602754498714653e-07,2.5837095017900364e-09,1.9647499999999997e-06,1.9647499999999997e-06,4.602754498714653e-07,False,True,False,0,False,,,3.6192976161742236,3.0,True,True,57084.00001157408,57287.00001157408,weekly,10.0,sigma,computed,/home/lkoo/projects/AutomationDetection/DownloadedLC/incremental/quiescent_background_cache.csv,,,,,,False,not_in_flare_streak
4FGL J1512.8-0906,370,371,57294.00001157408,9.35e-07,9.38e-08,7.97e-07,5.976789537712895e-07,4.602754498714653e-07,2.5837095017900364e-09,4.602754498714653e-07,2.5837095017900364e-09,1.9647499999999997e-06,1.9647499999999997e-06,4.602754498714653e-07,True,True,False,0,False,,,5.059110458136853,3.0,True,True,57084.00001157408,57294.00001157408,weekly,10.0,sigma,computed,/home/lkoo/projects/AutomationDetection/DownloadedLC/incremental/quiescent_background_cache.csv,,,,,,False,not_in_flare_streak
4FGL J1512.8-0906,371,372,57301.00001157408,3.82e-07,7.42e-08,9.35e-07,5.976789537712895e-07,4.602754498714653e-07,2.5837095017900364e-09,4.602754498714653e-07,2.5837095017900364e-09,1.9647499999999997e-06,1.9647499999999997e-06,4.602754498714653e-07,False,False,False,0,False,,,-1.0542862362473315,3.0,False,False,,,weekly,10.0,sigma,computed,/home/lkoo/projects/AutomationDetection/DownloadedLC/incremental/quiescent_background_cache.csv,,,,,,False,not_in_flare_streak
4FGL J1512.8-0906,372,373,57308.00001157408,2.86e-07,4.98e-08,3.82e-07,5.976789537712895e-07,4.602754498714653e-07,2.5837095017900364e-09,4.602754498714653e-07,2.5837095017900364e-09,1.9647499999999997e-06,1.9647499999999997e-06,4.602754498714653e-07,False,False,False,0,False,,,-3.4948066789046233,3.0,False,False,,,weekly,10.0,sigma,computed,/home/lkoo/projects/AutomationDetection/DownloadedLC/incremental/quiescent_background_cache.csv,,,,,,False,not_in_flare_streak
4FGL J1512.8-0906,373,374,57315.00001157408,3.2e-07,4.61e-08,2.86e-07,5.976789537712895e-07,4.602754498714653e-07,2.5837095017900364e-09,4.602754498714653e-07,2.5837095017900364e-09,1.9647499999999997e-06,1.9647499999999997e-06,4.602754498714653e-07,True,False,False,0,False,,,-3.0380836448103903,3.0,False,False,,,weekly,10.0,sigma,computed,/home/lkoo/projects/AutomationDetection/DownloadedLC/incremental/quiescent_background_cache.csv,,,,,,False,not_in_flare_streak
4FGL J1512.8-0906,374,375,57322.00001157408,2.11e-07,4.77e-08,3.2e-07,5.976789537712895e-07,4.602754498714653e-07,2.5837095017900364e-09,4.602754498714653e-07,2.5837095017900364e-09,1.9647499999999997e-06,1.9647499999999997e-06,4.602754498714653e-07,False,False,False,0,False,,,-5.218251016456432,3.0,False,False,,,weekly,10.0,sigma,computed,/home/lkoo/projects/AutomationDetection/DownloadedLC/incremental/quiescent_background_cache.csv,,,,,,False,not_in_flare_streak
4FGL J1512.8-0906,375,376,57329.00001157408,3e-07,6.6e-08,2.11e-07,5.976789537712895e-07,4.602754498714653e-07,2.5837095017900364e-09,4.602754498714653e-07,2.5837095017900364e-09,1.9647499999999997e-06,1.9647499999999997e-06,4.602754498714653e-07,True,False,False,0,False,,,-2.4265572736837147,3.0,False,False,,,weekly,10.0,sigma,computed,/home/lkoo/projects/AutomationDetection/DownloadedLC/incremental/quiescent_background_cache.csv,,,,,,False,not_in_flare_streak
4FGL J1512.8-0906,376,377,57336.00001157408,2.45e-07,7.73e-08,3e-07,5.976789537712895e-07,4.602754498714653e-07,2.5837095017900364e-09,4.602754498714653e-07,2.5837095017900364e-09,1.9647499999999997e-06,1.9647499999999997e-06,4.602754498714653e-07,False,False,False,0,False,,,-2.7833803153461583,3.0,False,False,,,weekly,10.0,sigma,computed,/home/lkoo/projects/AutomationDetection/DownloadedLC/incremental/quiescent_background_cache.csv,,,,,,False,not_in_flare_streak
4FGL J1512.8-0906,377,378,57343.00001157408,1.67e-07,6.08e-08,2.45e-07,5.976789537712895e-07,4.602754498714653e-07,2.5837095017900364e-09,4.602754498714653e-07,2.5837095017900364e-09,1.9647499999999997e-06,1.9647499999999997e-06,4.602754498714653e-07,False,False,False,0,False,,,-4.819259920047067,3.0,False,False,,,weekly,10.0,sigma,computed,/home/lkoo/projects/AutomationDetection/DownloadedLC/incremental/quiescent_background_cache.csv,,,,,,False,not_in_flare_streak
4FGL J1512.8-0906,378,379,57350.00001157408,4.83e-07,8e-08,1.67e-07,5.976789537712895e-07,4.602754498714653e-07,2.5837095017900364e-09,4.602754498714653e-07,2.5837095017900364e-09,1.9647499999999997e-06,1.9647499999999997e-06,4.602754498714653e-07,True,True,False,0,False,,,0.2839088488628583,3.0,False,False,,,weekly,10.0,sigma,computed,/home/lkoo/projects/AutomationDetection/DownloadedLC/incremental/quiescent_background_cache.csv,,,,,,False,not_in_flare_streak
4FGL J1512.8-0906,379,380,57357.00001157408,1.51e-07,5.65e-08,4.83e-07,5.976789537712895e-07,4.602754498714653e-07,2.5837095017900364e-09,4.602754498714653e-07,2.5837095017900364e-09,1.9647499999999997e-06,1.9647499999999997e-06,4.602754498714653e-07,False,False,False,0,False,,,-5.4681872841057695,3.0,False,False,,,weekly,10.0,sigma,computed,/home/lkoo/projects/AutomationDetection/DownloadedLC/incremental/quiescent_background_cache.csv,,,,,,False,not_in_flare_streak
4FGL J1512.8-0906,380,381,57364.00001157408,2.03e-07,4.63e-08,1.51e-07,5.976789537712895e-07,4.602754498714653e-07,2.5837095017900364e-09,4.602754498714653e-07,2.5837095017900364e-09,1.9647499999999997e-06,1.9647499999999997e-06,4.602754498714653e-07,True,False,False,0,False,,,-5.548073410474978,3.0,False,False,,,weekly,10.0,sigma,computed,/home/lkoo/projects/AutomationDetection/DownloadedLC/incremental/quiescent_background_cache.csv,,,,,,False,not_in_flare_streak
4FGL J1512.8-0906,381,382,57371.00001157408,2.16e-07,4.22e-08,2.03e-07,5.976789537712895e-07,4.602754498714653e-07,2.5837095017900364e-09,4.602754498714653e-07,2.5837095017900364e-09,1.9647499999999997e-06,1.9647499999999997e-06,4.602754498714653e-07,True,False,False,0,False,,,-5.777698923136109,3.0,False,False,,,weekly,10.0,sigma,computed,/home/lkoo/projects/AutomationDetection/DownloadedLC/incremental/quiescent_background_cache.csv,,,,,,False,not_in_flare_streak
4FGL J1512.8-0906,382,383,57378.00001157408,4.54e-07,5.7e-08,2.16e-07,5.976789537712895e-07,4.602754498714653e-07,2.5837095017900364e-09,4.602754498714653e-07,2.5837095017900364e-09,1.9647499999999997e-06,1.9647499999999997e-06,4.602754498714653e-07,True,False,False,0,False,,,-0.10998268185133522,3.0,False,False,,,weekly,10.0,sigma,computed,/home/lkoo/projects/AutomationDetection/DownloadedLC/incremental/quiescent_background_cache.csv,,,,,,False,not_in_flare_streak
4FGL J1512.8-0906,383,384,57385.00001157408,4.75e-07,6.33e-08,4.54e-07,5.976789537712895e-07,4.602754498714653e-07,2.5837095017900364e-09,4.602754498714653e-07,2.5837095017900364e-09,1.9647499999999997e-06,1.9647499999999997e-06,4.602754498714653e-07,True,True,False,0,False,,,0.23242179689495898,3.0,False,False,,,weekly,10.0,sigma,computed,/home/lkoo/projects/AutomationDetection/DownloadedLC/incremental/quiescent_background_cache.csv,,,,,,False,not_in_flare_streak
4FGL J1512.8-0906,384,385,57392.00001157408,2.05e-07,6.67e-08,4.75e-07,5.976789537712895e-07,4.602754498714653e-07,2.5837095017900364e-09,4.602754498714653e-07,2.5837095017900364e-09,1.9647499999999997e-06,1.9647499999999997e-06,4.602754498714653e-07,False,False,False,0,False,,,-3.824349997924826,3.0,False,False,,,weekly,10.0,sigma,computed,/home/lkoo/projects/AutomationDetection/DownloadedLC/incremental/quiescent_background_cache.csv,,,,,,False,not_in_flare_streak
4FGL J1512.8-0906,385,386,57399.00001157408,1.51e-07,5.74e-08,2.05e-07,5.976789537712895e-07,4.602754498714653e-07,2.5837095017900364e-09,4.602754498714653e-07,2.5837095017900364e-09,1.9647499999999997e-06,1.9647499999999997e-06,4.602754498714653e-07,False,False,False,0,False,,,-5.38262389774337,3.0,False,False,,,weekly,10.0,sigma,computed,/home/lkoo/projects/AutomationDetection/DownloadedLC/incremental/quiescent_background_cache.csv,,,,,,False,not_in_flare_streak
4FGL J1512.8-0906,386,387,57406.00001157408,2.15e-07,5.45e-08,1.51e-07,5.976789537712895e-07,4.602754498714653e-07,2.5837095017900364e-09,4.602754498714653e-07,2.5837095017900364e-09,1.9647499999999997e-06,1.9647499999999997e-06,4.602754498714653e-07,True,False,False,0,False,,,-4.49541814128341,3.0,False,False,,,weekly,10.0,sigma,computed,/home/lkoo/projects/AutomationDetection/DownloadedLC/incremental/quiescent_background_cache.csv,,,,,,False,not_in_flare_streak
4FGL J1512.8-0906,387,388,57413.00001157408,1.13e-07,3.89e-08,2.15e-07,5.976789537712895e-07,4.602754498714653e-07,2.5837095017900364e-09,4.602754498714653e-07,2.5837095017900364e-09,1.9647499999999997e-06,1.9647499999999997e-06,4.602754498714653e-07,False,False,False,0,False,,,-8.907762696431316,3.0,False,False,,,weekly,10.0,sigma,computed,/home/lkoo/projects/AutomationDetection/DownloadedLC/incremental/quiescent_background_cache.csv,,,,,,False,not_in_flare_streak
4FGL J1512.8-0906,388,389,57420.00001157408,1.76e-07,3.72e-08,1.13e-07,5.976789537712895e-07,4.602754498714653e-07,2.5837095017900364e-09,4.602754498714653e-07,2.5837095017900364e-09,1.9647499999999997e-06,1.9647499999999997e-06,4.602754498714653e-07,True,False,False,0,False,,,-7.623447780423234,3.0,False,False,,,weekly,10.0,sigma,computed,/home/lkoo/projects/AutomationDetection/DownloadedLC/incremental/quiescent_background_cache.csv,,,,,,False,not_in_flare_streak
4FGL J1512.8-0906,389,390,57427.00001157408,1.79e-07,4.22e-08,1.76e-07,5.976789537712895e-07,4.602754498714653e-07,2.5837095017900364e-09,4.602754498714653e-07,2.5837095017900364e-09,1.9647499999999997e-06,1.9647499999999997e-06,4.602754498714653e-07,True,False,False,0,False,,,-6.65283746148911,3.0,False,False,,,weekly,10.0,sigma,computed,/home/lkoo/projects/AutomationDetection/DownloadedLC/incremental/quiescent_background_cache.csv,,,,,,False,not_in_flare_streak
4FGL J1512.8-0906,390,391,57434.00001157408,1.92e-07,4.48e-08,1.79e-07,5.976789537712895e-07,4.602754498714653e-07,2.5837095017900364e-09,4.602754498714653e-07,2.5837095017900364e-09,1.9647499999999997e-06,1.9647499999999997e-06,4.602754498714653e-07,True,False,False,0,False,,,-5.978357328806269,3.0,False,False,,,weekly,10.0,sigma,computed,/home/lkoo/projects/AutomationDetection/DownloadedLC/incremental/quiescent_background_cache.csv,,,,,,False,not_in_flare_streak
4FGL J1512.8-0906,391,392,57441.00001157408,3.74e-07,6.26e-08,1.92e-07,5.976789537712895e-07,4.602754498714653e-07,2.5837095017900364e-09,4.602754498714653e-07,2.5837095017900364e-09,1.9647499999999997e-06,1.9647499999999997e-06,4.602754498714653e-07,True,False,False,0,False,,,-1.377029697937516,3.0,False,False,,,weekly,10.0,sigma,computed,/home/lkoo/projects/AutomationDetection/DownloadedLC/incremental/quiescent_background_cache.csv,,,,,,False,not_in_flare_streak
4FGL J1512.8-0906,392,393,57448.00001157408,1.01e-07,5.01e-08,3.74e-07,5.976789537712895e-07,4.602754498714653e-07,2.5837095017900364e-09,4.602754498714653e-07,2.5837095017900364e-09,1.9647499999999997e-06,1.9647499999999997e-06,4.602754498714653e-07,False,False,False,0,False,,,-7.161649522980275,3.0,False,False,,,weekly,10.0,sigma,computed,/home/lkoo/projects/AutomationDetection/DownloadedLC/incremental/quiescent_background_cache.csv,,,,,,False,not_in_flare_streak
4FGL J1512.8-0906,393,394,57455.00001157408,2.01e-07,5.45e-08,1.01e-07,5.976789537712895e-07,4.602754498714653e-07,2.5837095017900364e-09,4.602754498714653e-07,2.5837095017900364e-09,1.9647499999999997e-06,1.9647499999999997e-06,4.602754498714653e-07,True,False,False,0,False,,,-4.752010694720571,3.0,False,False,,,weekly,10.0,sigma,computed,/home/lkoo/projects/AutomationDetection/DownloadedLC/incremental/quiescent_background_cache.csv,,,,,,False,not_in_flare_streak
4FGL J1512.8-0906,394,395,57462.00001157408,2.86e-07,5.87e-08,2.01e-07,5.976789537712895e-07,4.602754498714653e-07,2.5837095017900364e-09,4.602754498714653e-07,2.5837095017900364e-09,1.9647499999999997e-06,1.9647499999999997e-06,4.602754498714653e-07,True,False,False,0,False,,,-2.9660456099655144,3.0,False,False,,,weekly,10.0,sigma,computed,/home/lkoo/projects/AutomationDetection/DownloadedLC/incremental/quiescent_background_cache.csv,,,,,,False,not_in_flare_streak
4FGL J1512.8-0906,395,396,57469.00001157408,2.43e-07,5.35e-08,2.86e-07,5.976789537712895e-07,4.602754498714653e-07,2.5837095017900364e-09,4.602754498714653e-07,2.5837095017900364e-09,1.9647499999999997e-06,1.9647499999999997e-06,4.602754498714653e-07,False,False,False,0,False,,,-4.056495684827144,3.0,False,False,,,weekly,10.0,sigma,computed,/home/lkoo/projects/AutomationDetection/DownloadedLC/incremental/quiescent_background_cache.csv,,,,,,False,not_in_flare_streak
4FGL J1512.8-0906,396,397,57476.00001157408,2.78e-07,4.9e-08,2.43e-07,5.976789537712895e-07,4.602754498714653e-07,2.5837095017900364e-09,4.602754498714653e-07,2.5837095017900364e-09,1.9647499999999997e-06,1.9647499999999997e-06,4.602754498714653e-07,True,False,False,0,False,,,-3.7147466275403036,3.0,False,False,,,weekly,10.0,sigma,computed,/home/lkoo/projects/AutomationDetection/DownloadedLC/incremental/quiescent_background_cache.csv,,,,,,False,not_in_flare_streak
4FGL J1512.8-0906,397,398,57483.00001157408,4.53e-07,6.47e-08,2.78e-07,5.976789537712895e-07,4.602754498714653e-07,2.5837095017900364e-09,4.602754498714653e-07,2.5837095017900364e-09,1.9647499999999997e-06,1.9647499999999997e-06,4.602754498714653e-07,True,False,False,0,False,,,-0.11235943930575676,3.0,False,False,,,weekly,10.0,sigma,computed,/home/lkoo/projects/AutomationDetection/DownloadedLC/incremental/quiescent_background_cache.csv,,,,,,False,not_in_flare_streak
4FGL J1512.8-0906,398,399,57490.00001157408,3.34e-07,6.54e-08,4.53e-07,5.976789537712895e-07,4.602754498714653e-07,2.5837095017900364e-09,4.602754498714653e-07,2.5837095017900364e-09,1.9647499999999997e-06,1.9647499999999997e-06,4.602754498714653e-07,False,False,False,0,False,,,-1.9293122813650554,3.0,False,False,,,weekly,10.0,sigma,computed,/home/lkoo/projects/AutomationDetection/DownloadedLC/incremental/quiescent_background_cache.csv,,,,,,False,not_in_flare_streak
4FGL J1512.8-0906,399,400,57497.00001157408,5.36e-07,8.42e-08,3.34e-07,5.976789537712895e-07,4.602754498714653e-07,2.5837095017900364e-09,4.602754498714653e-07,2.5837095017900364e-09,1.9647499999999997e-06,1.9647499999999997e-06,4.602754498714653e-07,True,True,False,0,False,,,0.8989183424621527,3.0,False,False,,,weekly,10.0,sigma,computed,/home/lkoo/projects/AutomationDetection/DownloadedLC/incremental/quiescent_background_cache.csv,,,,,,False,not_in_flare_streak
4FGL J1512.8-0906,400,401,57504.00001157408,3.1e-07,7.46e-08,5.36e-07,5.976789537712895e-07,4.602754498714653e-07,2.5837095017900364e-09,4.602754498714653e-07,2.5837095017900364e-09,1.9647499999999997e-06,1.9647499999999997e-06,4.602754498714653e-07,False,False,False,0,False,,,-2.013209131520119,3.0,False,False,,,weekly,10.0,sigma,computed,/home/lkoo/projects/AutomationDetection/DownloadedLC/incremental/quiescent_background_cache.csv,,,,,,False,not_in_flare_streak
4FGL J1512.8-0906,401,402,57511.00001157408,3.72e-07,7.63e-08,3.1e-07,5.976789537712895e-07,4.602754498714653e-07,2.5837095017900364e-09,4.602754498714653e-07,2.5837095017900364e-09,1.9647499999999997e-06,1.9647499999999997e-06,4.602754498714653e-07,True,False,False,0,False,,,-1.156289409824226,3.0,False,False,,,weekly,10.0,sigma,computed,/home/lkoo/projects/AutomationDetection/DownloadedLC/incremental/quiescent_background_cache.csv,,,,,,False,not_in_flare_streak
4FGL J1512.8-0906,402,403,57518.00001157408,2.45e-07,5.86e-08,3.72e-07,5.976789537712895e-07,4.602754498714653e-07,2.5837095017900364e-09,4.602754498714653e-07,2.5837095017900364e-09,1.9647499999999997e-06,1.9647499999999997e-06,4.602754498714653e-07,False,False,False,0,False,,,-3.6700769403936233,3.0,False,False,,,weekly,10.0,sigma,computed,/home/lkoo/projects/AutomationDetection/DownloadedLC/incremental/quiescent_background_cache.csv,,,,,,False,not_in_flare_streak
4FGL J1512.8-0906,403,404,57525.00001157408,3.75e-07,5.4e-08,2.45e-07,5.976789537712895e-07,4.602754498714653e-07,2.5837095017900364e-09,4.602754498714653e-07,2.5837095017900364e-09,1.9647499999999997e-06,1.9647499999999997e-06,4.602754498714653e-07,True,False,False,0,False,,,-1.5773705045344222,3.0,False,False,,,weekly,10.0,sigma,computed,/home/lkoo/projects/AutomationDetection/DownloadedLC/incremental/quiescent_background_cache.csv,,,,,,False,not_in_flare_streak
4FGL J1512.8-0906,404,405,57532.00001157408,4.46e-07,5.2e-08,3.75e-07,5.976789537712895e-07,4.602754498714653e-07,2.5837095017900364e-09,4.602754498714653e-07,2.5837095017900364e-09,1.9647499999999997e-06,1.9647499999999997e-06,4.602754498714653e-07,True,False,False,0,False,,,-0.27418963516960443,3.0,False,False,,,weekly,10.0,sigma,computed,/home/lkoo/projects/AutomationDetection/DownloadedLC/incremental/quiescent_background_cache.csv,,,,,,False,not_in_flare_streak
4FGL J1512.8-0906,405,406,57539.00001157408,5.39e-07,7.24e-08,4.46e-07,5.976789537712895e-07,4.602754498714653e-07,2.5837095017900364e-09,4.602754498714653e-07,2.5837095017900364e-09,1.9647499999999997e-06,1.9647499999999997e-06,4.602754498714653e-07,True,True,False,0,False,,,1.086663933687757,3.0,False,False,,,weekly,10.0,sigma,computed,/home/lkoo/projects/AutomationDetection/DownloadedLC/incremental/quiescent_background_cache.csv,,,,,,False,not_in_flare_streak
4FGL J1512.8-0906,406,407,57546.00001157408,7.21e-07,9.36e-08,5.39e-07,5.976789537712895e-07,4.602754498714653e-07,2.5837095017900364e-09,4.602754498714653e-07,2.5837095017900364e-09,1.9647499999999997e-06,1.9647499999999997e-06,4.602754498714653e-07,True,True,False,0,False,,,2.784458068587004,3.0,False,False,,,weekly,10.0,sigma,computed,/home/lkoo/projects/AutomationDetection/DownloadedLC/incremental/quiescent_background_cache.csv,,,,,,False,not_in_flare_streak
4FGL J1512.8-0906,407,408,57553.00001157408,5.9e-07,5.83e-08,7.21e-07,5.976789537712895e-07,4.602754498714653e-07,2.5837095017900364e-09,4.602754498714653e-07,2.5837095017900364e-09,1.9647499999999997e-06,1.9647499999999997e-06,4.602754498714653e-07,False,True,False,0,False,,,2.222939029039909,3.0,False,False,,,weekly,10.0,sigma,computed,/home/lkoo/projects/AutomationDetection/DownloadedLC/incremental/quiescent_background_cache.csv,,,,,,False,not_in_flare_streak
4FGL J1512.8-0906,408,409,57560.00001157408,6.02e-07,7.39e-08,5.9e-07,5.976789537712895e-07,4.602754498714653e-07,2.5837095017900364e-09,4.602754498714653e-07,2.5837095017900364e-09,1.9647499999999997e-06,1.9647499999999997e-06,4.602754498714653e-07,True,True,False,0,False,,,1.9166171904581826,3.0,False,False,,,weekly,10.0,sigma,computed,/home/lkoo/projects/AutomationDetection/DownloadedLC/incremental/quiescent_background_cache.csv,,,,,,False,not_in_flare_streak
4FGL J1512.8-0906,409,410,57567.00001157408,4.54e-07,7.64e-08,6.02e-07,5.976789537712895e-07,4.602754498714653e-07,2.5837095017900364e-09,4.602754498714653e-07,2.5837095017900364e-09,1.9647499999999997e-06,1.9647499999999997e-06,4.602754498714653e-07,False,False,False,0,False,,,-0.08209246630096478,3.0,False,False,,,weekly,10.0,sigma,computed,/home/lkoo/projects/AutomationDetection/DownloadedLC/incremental/quiescent_background_cache.csv,,,,,,False,not_in_flare_streak
4FGL J1512.8-0906,410,411,57574.00001157408,4.01e-07,5.91e-08,4.54e-07,5.976789537712895e-07,4.602754498714653e-07,2.5837095017900364e-09,4.602754498714653e-07,2.5837095017900364e-09,1.9647499999999997e-06,1.9647499999999997e-06,4.602754498714653e-07,False,False,False,0,False,,,-1.00201161591343,3.0,False,False,,,weekly,10.0,sigma,computed,/home/lkoo/projects/AutomationDetection/DownloadedLC/incremental/quiescent_background_cache.csv,,,,,,False,not_in_flare_streak
4FGL J1512.8-0906,411,412,57581.00001157408,3.84e-07,4.93e-08,4.01e-07,5.976789537712895e-07,4.602754498714653e-07,2.5837095017900364e-09,4.602754498714653e-07,2.5837095017900364e-09,1.9647499999999997e-06,1.9647499999999997e-06,4.602754498714653e-07,False,False,False,0,False,,,-1.5450490169410473,3.0,False,False,,,weekly,10.0,sigma,computed,/home/lkoo/projects/AutomationDetection/DownloadedLC/incremental/quiescent_background_cache.csv,,,,,,False,not_in_flare_streak
4FGL J1512.8-0906,412,413,57588.00001157408,4.7e-07,4.96e-08,3.84e-07,5.976789537712895e-07,4.602754498714653e-07,2.5837095017900364e-09,4.602754498714653e-07,2.5837095017900364e-09,1.9647499999999997e-06,1.9647499999999997e-06,4.602754498714653e-07,True,True,False,0,False,,,0.1957940183767911,3.0,False,False,,,weekly,10.0,sigma,computed,/home/lkoo/projects/AutomationDetection/DownloadedLC/incremental/quiescent_background_cache.csv,,,,,,False,not_in_flare_streak
4FGL J1512.8-0906,413,414,57595.00001157408,4.47e-07,8.04e-08,4.7e-07,5.976789537712895e-07,4.602754498714653e-07,2.5837095017900364e-09,4.602754498714653e-07,2.5837095017900364e-09,1.9647499999999997e-06,1.9647499999999997e-06,4.602754498714653e-07,False,False,False,0,False,,,-0.16503234303949804,3.0,False,False,,,weekly,10.0,sigma,computed,/home/lkoo/projects/AutomationDetection/DownloadedLC/incremental/quiescent_background_cache.csv,,,,,,False,not_in_flare_streak
4FGL J1512.8-0906,414,415,57602.00001157408,1.19e-06,1.9e-07,4.47e-07,5.976789537712895e-07,4.602754498714653e-07,2.5837095017900364e-09,4.602754498714653e-07,2.5837095017900364e-09,1.9647499999999997e-06,1.9647499999999997e-06,4.602754498714653e-07,True,True,False,0,False,,,3.840300472266908,3.0,True,True,57602.00001157408,57602.00001157408,weekly,10.0,sigma,computed,/home/lkoo/projects/AutomationDetection/DownloadedLC/incremental/quiescent_background_cache.csv,,,,,,False,not_in_flare_streak
4FGL J1512.8-0906,415,416,57609.00001157408,1.12e-06,1.05e-07,1.19e-06,5.976789537712895e-07,4.602754498714653e-07,2.5837095017900364e-09,4.602754498714653e-07,2.5837095017900364e-09,1.9647499999999997e-06,1.9647499999999997e-06,4.602754498714653e-07,False,True,False,0,False,,,6.281189634769159,3.0,True,True,57602.00001157408,57609.00001157408,weekly,10.0,sigma,computed,/home/lkoo/projects/AutomationDetection/DownloadedLC/incremental/quiescent_background_cache.csv,,,,,,False,not_in_flare_streak
4FGL J1512.8-0906,416,417,57616.00001157408,5.57e-07,8.02e-08,1.12e-06,5.976789537712895e-07,4.602754498714653e-07,2.5837095017900364e-09,4.602754498714653e-07,2.5837095017900364e-09,1.9647499999999997e-06,1.9647499999999997e-06,4.602754498714653e-07,False,True,False,0,False,,,1.2054164078680683,3.0,False,True,57602.00001157408,57616.00001157408,weekly,10.0,sigma,computed,/home/lkoo/projects/AutomationDetection/DownloadedLC/incremental/quiescent_background_cache.csv,,,,,,False,not_in_flare_streak
4FGL J1512.8-0906,417,418,57623.00001157408,1.04e-06,8.6e-08,5.57e-07,5.976789537712895e-07,4.602754498714653e-07,2.5837095017900364e-09,4.602754498714653e-07,2.5837095017900364e-09,1.9647499999999997e-06,1.9647499999999997e-06,4.602754498714653e-07,True,True,False,0,False,,,6.737943027257598,3.0,True,True,57602.00001157408,57623.00001157408,weekly,10.0,sigma,computed,/home/lkoo/projects/AutomationDetection/DownloadedLC/incremental/quiescent_background_cache.csv,,,,,,False,not_in_flare_streak
4FGL J1512.8-0906,418,419,57630.00001157408,2.6e-06,9.86e-08,1.04e-06,5.976789537712895e-07,4.602754498714653e-07,2.5837095017900364e-09,4.602754498714653e-07,2.5837095017900364e-09,1.9647499999999997e-06,1.9647499999999997e-06,4.602754498714653e-07,True,True,False,0,False,,,21.693613696699142,3.0,True,True,57602.00001157408,57630.00001157408,weekly,10.0,sigma,computed,/home/lkoo/projects/AutomationDetection/DownloadedLC/incremental/quiescent_background_cache.csv,,,,,,False,not_in_flare_streak
4FGL J1512.8-0906,419,420,57637.00001157408,1.74e-06,8.52e-08,2.6e-06,5.976789537712895e-07,4.602754498714653e-07,2.5837095017900364e-09,4.602754498714653e-07,2.5837095017900364e-09,1.9647499999999997e-06,1.9647499999999997e-06,4.602754498714653e-07,False,True,False,0,False,,,15.013339505119376,3.0,True,True,57602.00001157408,57637.00001157408,weekly,10.0,sigma,computed,/home/lkoo/projects/AutomationDetection/DownloadedLC/incremental/quiescent_background_cache.csv,,,,,,False,not_in_flare_streak
4FGL J1512.8-0906,420,421,57644.00001157408,2.63e-06,1.17e-07,1.74e-06,5.976789537712895e-07,4.602754498714653e-07,2.5837095017900364e-09,4.602754498714653e-07,2.5837095017900364e-09,1.9647499999999997e-06,1.9647499999999997e-06,4.602754498714653e-07,True,True,False,0,False,,,18.540134200218404,3.0,True,True,57602.00001157408,57644.00001157408,weekly,10.0,sigma,computed,/home/lkoo/projects/AutomationDetection/DownloadedLC/incremental/quiescent_background_cache.csv,,,,,,False,not_in_flare_streak
4FGL J1512.8-0906,421,422,57651.00001157408,1.98e-06,1.26e-07,2.63e-06,5.976789537712895e-07,4.602754498714653e-07,2.5837095017900364e-09,4.602754498714653e-07,2.5837095017900364e-09,1.9647499999999997e-06,1.9647499999999997e-06,4.602754498714653e-07,False,True,False,0,False,,,12.058770978405194,3.0,True,True,57602.00001157408,57651.00001157408,weekly,10.0,sigma,computed,/home/lkoo/projects/AutomationDetection/DownloadedLC/incremental/quiescent_background_cache.csv,,,,,,False,not_in_flare_streak
4FGL J1512.8-0906,422,423,57658.00001157408,7.19e-07,4.99e-08,1.98e-06,5.976789537712895e-07,4.602754498714653e-07,2.5837095017900364e-09,4.602754498714653e-07,2.5837095017900364e-09,1.9647499999999997e-06,1.9647499999999997e-06,4.602754498714653e-07,False,True,False,0,False,,,5.177924530404006,3.0,True,True,57602.00001157408,57658.00001157408,weekly,10.0,sigma,computed,/home/lkoo/projects/AutomationDetection/DownloadedLC/incremental/quiescent_background_cache.csv,,,,,,False,not_in_flare_streak
4FGL J1512.8-0906,423,424,57665.00001157408,5.92e-07,9.72e-08,7.19e-07,5.976789537712895e-07,4.602754498714653e-07,2.5837095017900364e-09,4.602754498714653e-07,2.5837095017900364e-09,1.9647499999999997e-06,1.9647499999999997e-06,4.602754498714653e-07,False,True,False,0,False,,,1.3547123303048798,3.0,False,True,57602.00001157408,57665.00001157408,weekly,10.0,sigma,computed,/home/lkoo/projects/AutomationDetection/DownloadedLC/incremental/quiescent_background_cache.csv,,,,,,False,not_in_flare_streak
4FGL J1512.8-0906,424,425,57672.00001157408,8.89e-07,9.82e-08,5.92e-07,5.976789537712895e-07,4.602754498714653e-07,2.5837095017900364e-09,4.602754498714653e-07,2.5837095017900364e-09,1.9647499999999997e-06,1.9647499999999997e-06,4.602754498714653e-07,True,True,False,0,False,,,4.364320105461458,3.0,True,True,57602.00001157408,57672.00001157408,weekly,10.0,sigma,computed,/home/lkoo/projects/AutomationDetection/DownloadedLC/incremental/quiescent_background_cache.csv,,,,,,False,not_in_flare_streak
4FGL J1512.8-0906,425,426,57679.00001157408,4.42e-07,6.43e-08,8.89e-07,5.976789537712895e-07,4.602754498714653e-07,2.5837095017900364e-09,4.602754498714653e-07,2.5837095017900364e-09,1.9647499999999997e-06,1.9647499999999997e-06,4.602754498714653e-07,False,False,False,0,False,,,-0.28399244054284234,3.0,False,False,,,weekly,10.0,sigma,computed,/home/lkoo/projects/AutomationDetection/DownloadedLC/incremental/quiescent_background_cache.csv,,,,,,False,not_in_flare_streak
4FGL J1512.8-0906,426,427,57686.00001157408,6.08e-07,5.88e-08,4.42e-07,5.976789537712895e-07,4.602754498714653e-07,2.5837095017900364e-09,4.602754498714653e-07,2.5837095017900364e-09,1.9647499999999997e-06,1.9647499999999997e-06,4.602754498714653e-07,True,True,False,0,False,,,2.5099004172318553,3.0,False,False,,,weekly,10.0,sigma,computed,/home/lkoo/projects/AutomationDetection/DownloadedLC/incremental/quiescent_background_cache.csv,,,,,,False,not_in_flare_streak
4FGL J1512.8-0906,427,428,57693.00001157408,3.88e-07,5.05e-08,6.08e-07,5.976789537712895e-07,4.602754498714653e-07,2.5837095017900364e-09,4.602754498714653e-07,2.5837095017900364e-09,1.9647499999999997e-06,1.9647499999999997e-06,4.602754498714653e-07,False,False,False,0,False,,,-1.4293275401558105,3.0,False,False,,,weekly,10.0,sigma,computed,/home/lkoo/projects/AutomationDetection/DownloadedLC/incremental/quiescent_background_cache.csv,,,,,,False,not_in_flare_streak
4FGL J1512.8-0906,428,429,57700.00001157408,2.4e-07,4.34e-08,3.88e-07,5.976789537712895e-07,4.602754498714653e-07,2.5837095017900364e-09,4.602754498714653e-07,2.5837095017900364e-09,1.9647499999999997e-06,1.9647499999999997e-06,4.602754498714653e-07,False,False,False,0,False,,,-5.066501002843274,3.0,False,False,,,weekly,10.0,sigma,computed,/home/lkoo/projects/AutomationDetection/DownloadedLC/incremental/quiescent_background_cache.csv,,,,,,False,not_in_flare_streak
4FGL J1512.8-0906,429,430,57707.00001157408,2.2e-07,6e-08,2.4e-07,5.976789537712895e-07,4.602754498714653e-07,2.5837095017900364e-09,4.602754498714653e-07,2.5837095017900364e-09,1.9647499999999997e-06,1.9647499999999997e-06,4.602754498714653e-07,False,False,False,0,False,,,-4.000883088916028,3.0,False,False,,,weekly,10.0,sigma,computed,/home/lkoo/projects/AutomationDetection/DownloadedLC/incremental/quiescent_background_cache.csv,,,,,,False,not_in_flare_streak
4FGL J1512.8-0906,430,431,57714.00001157408,4.05e-07,8.21e-08,2.2e-07,5.976789537712895e-07,4.602754498714653e-07,2.5837095017900364e-09,4.602754498714653e-07,2.5837095017900364e-09,1.9647499999999997e-06,1.9647499999999997e-06,4.602754498714653e-07,True,False,False,0,False,,,-0.6729366429612296,3.0,False,False,,,weekly,10.0,sigma,computed,/home/lkoo/projects/AutomationDetection/DownloadedLC/incremental/quiescent_background_cache.csv,,,,,,False,not_in_flare_streak
4FGL J1512.8-0906,431,432,57721.00001157408,3.58e-07,8.14e-08,4.05e-07,5.976789537712895e-07,4.602754498714653e-07,2.5837095017900364e-09,4.602754498714653e-07,2.5837095017900364e-09,1.9647499999999997e-06,1.9647499999999997e-06,4.602754498714653e-07,False,False,False,0,False,,,-1.2558227061622715,3.0,False,False,,,weekly,10.0,sigma,computed,/home/lkoo/projects/AutomationDetection/DownloadedLC/incremental/quiescent_background_cache.csv,,,,,,False,not_in_flare_streak
4FGL J1512.8-0906,432,433,57728.00001157408,3.71e-07,6.45e-08,3.58e-07,5.976789537712895e-07,4.602754498714653e-07,2.5837095017900364e-09,4.602754498714653e-07,2.5837095017900364e-09,1.9647499999999997e-06,1.9647499999999997e-06,4.602754498714653e-07,True,False,False,0,False,,,-1.3830063577064113,3.0,False,False,,,weekly,10.0,sigma,computed,/home/lkoo/projects/AutomationDetection/DownloadedLC/incremental/quiescent_background_cache.csv,,,,,,False,not_in_flare_streak
4FGL J1512.8-0906,433,434,57735.00001157408,3.25e-07,5.97e-08,3.71e-07,5.976789537712895e-07,4.602754498714653e-07,2.5837095017900364e-09,4.602754498714653e-07,2.5837095017900364e-09,1.9647499999999997e-06,1.9647499999999997e-06,4.602754498714653e-07,False,False,False,0,False,,,-2.263801370647364,3.0,False,False,,,weekly,10.0,sigma,computed,/home/lkoo/projects/AutomationDetection/DownloadedLC/incremental/quiescent_background_cache.csv,,,,,,False,not_in_flare_streak
4FGL J1512.8-0906,434,435,57742.00001157408,2.8e-07,4.92e-08,3.25e-07,5.976789537712895e-07,4.602754498714653e-07,2.5837095017900364e-09,4.602754498714653e-07,2.5837095017900364e-09,1.9647499999999997e-06,1.9647499999999997e-06,4.602754498714653e-07,False,False,False,0,False,,,-3.659093175320522,3.0,False,False,,,weekly,10.0,sigma,computed,/home/lkoo/projects/AutomationDetection/DownloadedLC/incremental/quiescent_background_cache.csv,,,,,,False,not_in_flare_streak
4FGL J1512.8-0906,435,436,57749.00001157408,5.47e-07,7.29e-08,2.8e-07,5.976789537712895e-07,4.602754498714653e-07,2.5837095017900364e-09,4.602754498714653e-07,2.5837095017900364e-09,1.9647499999999997e-06,1.9647499999999997e-06,4.602754498714653e-07,True,True,False,0,False,,,1.188890713586859,3.0,False,False,,,weekly,10.0,sigma,computed,/home/lkoo/projects/AutomationDetection/DownloadedLC/incremental/quiescent_background_cache.csv,,,,,,False,not_in_flare_streak
4FGL J1512.8-0906,436,437,57756.00001157408,4.33e-07,7.29e-08,5.47e-07,5.976789537712895e-07,4.602754498714653e-07,2.5837095017900364e-09,4.602754498714653e-07,2.5837095017900364e-09,1.9647499999999997e-06,1.9647499999999997e-06,4.602754498714653e-07,False,False,False,0,False,,,-0.37391406485277817,3.0,False,False,,,weekly,10.0,sigma,computed,/home/lkoo/projects/AutomationDetection/DownloadedLC/incremental/quiescent_background_cache.csv,,,,,,False,not_in_flare_streak
4FGL J1512.8-0906,437,438,57763.00001157408,8.3e-07,8.97e-08,4.33e-07,5.976789537712895e-07,4.602754498714653e-07,2.5837095017900364e-09,4.602754498714653e-07,2.5837095017900364e-09,1.9647499999999997e-06,1.9647499999999997e-06,4.602754498714653e-07,True,True,False,0,False,,,4.120081068476757,3.0,True,True,57763.00001157408,57763.00001157408,weekly,10.0,sigma,computed,/home/lkoo/projects/AutomationDetection/DownloadedLC/incremental/quiescent_background_cache.csv,,,,,,False,not_in_flare_streak
4FGL J1512.8-0906,438,439,57770.00001157408,2.26e-07,5.63e-08,8.3e-07,5.976789537712895e-07,4.602754498714653e-07,2.5837095017900364e-09,4.602754498714653e-07,2.5837095017900364e-09,1.9647499999999997e-06,1.9647499999999997e-06,4.602754498714653e-07,False,False,False,0,False,,,-4.15682308840874,3.0,False,False,,,weekly,10.0,sigma,computed,/home/lkoo/projects/AutomationDetection/DownloadedLC/incremental/quiescent_background_cache.csv,,,,,,False,not_in_flare_streak
4FGL J1512.8-0906,439,440,57777.00001157408,2.63e-07,6.14e-08,2.26e-07,5.976789537712895e-07,4.602754498714653e-07,2.5837095017900364e-09,4.602754498714653e-07,2.5837095017900364e-09,1.9647499999999997e-06,1.9647499999999997e-06,4.602754498714653e-07,True,False,False,0,False,,,-3.210114355046762,3.0,False,False,,,weekly,10.0,sigma,computed,/home/lkoo/projects/AutomationDetection/DownloadedLC/incremental/quiescent_background_cache.csv,,,,,,False,not_in_flare_streak
4FGL J1512.8-0906,440,441,57784.00001157408,4.52e-07,5.8e-08,2.63e-07,5.976789537712895e-07,4.602754498714653e-07,2.5837095017900364e-09,4.602754498714653e-07,2.5837095017900364e-09,1.9647499999999997e-06,1.9647499999999997e-06,4.602754498714653e-07,True,False,False,0,False,,,-0.14253881257779236,3.0,False,False,,,weekly,10.0,sigma,computed,/home/lkoo/projects/AutomationDetection/DownloadedLC/incremental/quiescent_background_cache.csv,,,,,,False,not_in_flare_streak
4FGL J1512.8-0906,441,442,57791.00001157408,6.55e-07,5.85e-08,4.52e-07,5.976789537712895e-07,4.602754498714653e-07,2.5837095017900364e-09,4.602754498714653e-07,2.5837095017900364e-09,1.9647499999999997e-06,1.9647499999999997e-06,4.602754498714653e-07,True,True,False,0,False,,,3.325383067141539,3.0,True,True,57791.00001157408,57791.00001157408,weekly,10.0,sigma,computed,/home/lkoo/projects/AutomationDetection/DownloadedLC/incremental/quiescent_background_cache.csv,,,,,,False,not_in_flare_streak
4FGL J1512.8-0906,442,443,57798.00001157408,7.17e-07,6.64e-08,6.55e-07,5.976789537712895e-07,4.602754498714653e-07,2.5837095017900364e-09,4.602754498714653e-07,2.5837095017900364e-09,1.9647499999999997e-06,1.9647499999999997e-06,4.602754498714653e-07,True,True,False,0,False,,,3.863409920630201,3.0,True,True,57791.00001157408,57798.00001157408,weekly,10.0,sigma,computed,/home/lkoo/projects/AutomationDetection/DownloadedLC/incremental/quiescent_background_cache.csv,,,,,,False,not_in_flare_streak
4FGL J1512.8-0906,443,444,57805.00001157408,6.24e-07,7.36e-08,7.17e-07,5.976789537712895e-07,4.602754498714653e-07,2.5837095017900364e-09,4.602754498714653e-07,2.5837095017900364e-09,1.9647499999999997e-06,1.9647499999999997e-06,4.602754498714653e-07,False,True,False,0,False,,,2.2231489244779423,3.0,False,True,57791.00001157408,57805.00001157408,weekly,10.0,sigma,computed,/home/lkoo/projects/AutomationDetection/DownloadedLC/incremental/quiescent_background_cache.csv,,,,,,False,not_in_flare_streak
4FGL J1512.8-0906,444,445,57812.00001157408,4.59e-07,8.05e-08,6.24e-07,5.976789537712895e-07,4.602754498714653e-07,2.5837095017900364e-09,4.602754498714653e-07,2.5837095017900364e-09,1.9647499999999997e-06,1.9647499999999997e-06,4.602754498714653e-07,False,False,False,0,False,,,-0.015835943274554162,3.0,False,False,,,weekly,10.0,sigma,computed,/home/lkoo/projects/AutomationDetection/DownloadedLC/incremental/quiescent_background_cache.csv,,,,,,False,not_in_flare_streak
4FGL J1512.8-0906,445,446,57819.00001157408,3.66e-07,7.84e-08,4.59e-07,5.976789537712895e-07,4.602754498714653e-07,2.5837095017900364e-09,4.602754498714653e-07,2.5837095017900364e-09,1.9647499999999997e-06,1.9647499999999997e-06,4.602754498714653e-07,False,False,False,0,False,,,-1.2018405225659432,3.0,False,False,,,weekly,10.0,sigma,computed,/home/lkoo/projects/AutomationDetection/DownloadedLC/incremental/quiescent_background_cache.csv,,,,,,False,not_in_flare_streak
4FGL J1512.8-0906,446,447,57826.00001157408,4.55e-07,8.86e-08,3.66e-07,5.976789537712895e-07,4.602754498714653e-07,2.5837095017900364e-09,4.602754498714653e-07,2.5837095017900364e-09,1.9647499999999997e-06,1.9647499999999997e-06,4.602754498714653e-07,True,False,False,0,False,,,-0.05951702253961508,3.0,False,False,,,weekly,10.0,sigma,computed,/home/lkoo/projects/AutomationDetection/DownloadedLC/incremental/quiescent_background_cache.csv,,,,,,False,not_in_flare_streak
4FGL J1512.8-0906,447,448,57833.00001157408,3.11e-07,5.85e-08,4.55e-07,5.976789537712895e-07,4.602754498714653e-07,2.5837095017900364e-09,4.602754498714653e-07,2.5837095017900364e-09,1.9647499999999997e-06,1.9647499999999997e-06,4.602754498714653e-07,False,False,False,0,False,,,-2.549231994706582,3.0,False,False,,,weekly,10.0,sigma,computed,/home/lkoo/projects/AutomationDetection/DownloadedLC/incremental/quiescent_background_cache.csv,,,,,,False,not_in_flare_streak
4FGL J1512.8-0906,448,449,57840.00001157408,4.65e-07,5.56e-08,3.11e-07,5.976789537712895e-07,4.602754498714653e-07,2.5837095017900364e-09,4.602754498714653e-07,2.5837095017900364e-09,1.9647499999999997e-06,1.9647499999999997e-06,4.602754498714653e-07,True,True,False,0,False,,,0.08488232416471318,3.0,False,False,,,weekly,10.0,sigma,computed,/home/lkoo/projects/AutomationDetection/DownloadedLC/incremental/quiescent_background_cache.csv,,,,,,False,not_in_flare_streak
4FGL J1512.8-0906,449,450,57847.00001157408,2.27e-07,3.82e-08,4.65e-07,5.976789537712895e-07,4.602754498714653e-07,2.5837095017900364e-09,4.602754498714653e-07,2.5837095017900364e-09,1.9647499999999997e-06,1.9647499999999997e-06,4.602754498714653e-07,False,False,False,0,False,,,-6.092766844800964,3.0,False,False,,,weekly,10.0,sigma,computed,/home/lkoo/projects/AutomationDetection/DownloadedLC/incremental/quiescent_background_cache.csv,,,,,,False,not_in_flare_streak
4FGL J1512.8-0906,450,451,57854.00001157408,4.08e-07,6.27e-08,2.27e-07,5.976789537712895e-07,4.602754498714653e-07,2.5837095017900364e-09,4.602754498714653e-07,2.5837095017900364e-09,1.9647499999999997e-06,1.9647499999999997e-06,4.602754498714653e-07,True,False,False,0,False,,,-0.8330322642264848,3.0,False,False,,,weekly,10.0,sigma,computed,/home/lkoo/projects/AutomationDetection/DownloadedLC/incremental/quiescent_background_cache.csv,,,,,,False,not_in_flare_streak
4FGL J1512.8-0906,451,452,57861.00001157408,4.22e-07,7.48e-08,4.08e-07,5.976789537712895e-07,4.602754498714653e-07,2.5837095017900364e-09,4.602754498714653e-07,2.5837095017900364e-09,1.9647499999999997e-06,1.9647499999999997e-06,4.602754498714653e-07,True,False,False,0,False,,,-0.5113988860821742,3.0,False,False,,,weekly,10.0,sigma,computed,/home/lkoo/projects/AutomationDetection/DownloadedLC/incremental/quiescent_background_cache.csv,,,,,,False,not_in_flare_streak
4FGL J1512.8-0906,452,453,57868.00001157408,7.15e-07,8.63e-08,4.22e-07,5.976789537712895e-07,4.602754498714653e-07,2.5837095017900364e-09,4.602754498714653e-07,2.5837095017900364e-09,1.9647499999999997e-06,1.9647499999999997e-06,4.602754498714653e-07,True,True,False,0,False,,,2.950295118805156,3.0,False,False,,,weekly,10.0,sigma,computed,/home/lkoo/projects/AutomationDetection/DownloadedLC/incremental/quiescent_background_cache.csv,,,,,,False,not_in_flare_streak
4FGL J1512.8-0906,453,454,57875.00001157408,1.86e-07,6.82e-08,7.15e-07,5.976789537712895e-07,4.602754498714653e-07,2.5837095017900364e-09,4.602754498714653e-07,2.5837095017900364e-09,1.9647499999999997e-06,1.9647499999999997e-06,4.602754498714653e-07,False,False,False,0,False,,,-4.01875129931892,3.0,False,False,,,weekly,10.0,sigma,computed,/home/lkoo/projects/AutomationDetection/DownloadedLC/incremental/quiescent_background_cache.csv,,,,,,False,not_in_flare_streak
4FGL J1512.8-0906,454,455,57882.00001157408,2.74e-07,6.84e-08,1.86e-07,5.976789537712895e-07,4.602754498714653e-07,2.5837095017900364e-09,4.602754498714653e-07,2.5837095017900364e-09,1.9647499999999997e-06,1.9647499999999997e-06,4.602754498714653e-07,True,False,False,0,False,,,-2.7213844929605617,3.0,False,False,,,weekly,10.0,sigma,computed,/home/lkoo/projects/AutomationDetection/DownloadedLC/incremental/quiescent_background_cache.csv,,,,,,False,not_in_flare_streak
4FGL J1512.8-0906,455,456,57889.00001157408,1.75e-07,4.98e-08,2.74e-07,5.976789537712895e-07,4.602754498714653e-07,2.5837095017900364e-09,4.602754498714653e-07,2.5837095017900364e-09,1.9647499999999997e-06,1.9647499999999997e-06,4.602754498714653e-07,False,False,False,0,False,,,-5.720728583823082,3.0,False,False,,,weekly,10.0,sigma,computed,/home/lkoo/projects/AutomationDetection/DownloadedLC/incremental/quiescent_background_cache.csv,,,,,,False,not_in_flare_streak
4FGL J1512.8-0906,456,457,57896.00001157408,1.31e-07,3.96e-08,1.75e-07,5.976789537712895e-07,4.602754498714653e-07,2.5837095017900364e-09,4.602754498714653e-07,2.5837095017900364e-09,1.9647499999999997e-06,1.9647499999999997e-06,4.602754498714653e-07,False,False,False,0,False,,,-8.297394634408953,3.0,False,False,,,weekly,10.0,sigma,computed,/home/lkoo/projects/AutomationDetection/DownloadedLC/incremental/quiescent_background_cache.csv,,,,,,False,not_in_flare_streak
4FGL J1512.8-0906,457,458,57903.00001157408,1.67e-07,3.97e-08,1.31e-07,5.976789537712895e-07,4.602754498714653e-07,2.5837095017900364e-09,4.602754498714653e-07,2.5837095017900364e-09,1.9647499999999997e-06,1.9647499999999997e-06,4.602754498714653e-07,True,False,False,0,False,,,-7.37169595552881,3.0,False,False,,,weekly,10.0,sigma,computed,/home/lkoo/projects/AutomationDetection/DownloadedLC/incremental/quiescent_background_cache.csv,,,,,,False,not_in_flare_streak
4FGL J1512.8-0906,458,459,57910.00001157408,2.1e-07,5.67e-08,1.67e-07,5.976789537712895e-07,4.602754498714653e-07,2.5837095017900364e-09,4.602754498714653e-07,2.5837095017900364e-09,1.9647499999999997e-06,1.9647499999999997e-06,4.602754498714653e-07,True,False,False,0,False,,,-4.40945346990138,3.0,False,False,,,weekly,10.0,sigma,computed,/home/lkoo/projects/AutomationDetection/DownloadedLC/incremental/quiescent_background_cache.csv,,,,,,False,not_in_flare_streak
4FGL J1512.8-0906,459,460,57917.00001157408,2.8e-07,6.37e-08,2.1e-07,5.976789537712895e-07,4.602754498714653e-07,2.5837095017900364e-09,4.602754498714653e-07,2.5837095017900364e-09,1.9647499999999997e-06,1.9647499999999997e-06,4.602754498714653e-07,True,False,False,0,False,,,-2.8277447643819804,3.0,False,False,,,weekly,10.0,sigma,computed,/home/lkoo/projects/AutomationDetection/DownloadedLC/incremental/quiescent_background_cache.csv,,,,,,False,not_in_flare_streak
4FGL J1512.8-0906,460,461,57924.00001157408,1.38e-07,6.49e-08,2.8e-07,5.976789537712895e-07,4.602754498714653e-07,2.5837095017900364e-09,4.602754498714653e-07,2.5837095017900364e-09,1.9647499999999997e-06,1.9647499999999997e-06,4.602754498714653e-07,False,False,False,0,False,,,-4.961793037716072,3.0,False,False,,,weekly,10.0,sigma,computed,/home/lkoo/projects/AutomationDetection/DownloadedLC/incremental/quiescent_background_cache.csv,,,,,,False,not_in_flare_streak
4FGL J1512.8-0906,461,462,57931.00001157408,2.03e-07,4.87e-08,1.38e-07,5.976789537712895e-07,4.602754498714653e-07,2.5837095017900364e-09,4.602754498714653e-07,2.5837095017900364e-09,1.9647499999999997e-06,1.9647499999999997e-06,4.602754498714653e-07,True,False,False,0,False,,,-5.2754443131154485,3.0,False,False,,,weekly,10.0,sigma,computed,/home/lkoo/projects/AutomationDetection/DownloadedLC/incremental/quiescent_background_cache.csv,,,,,,False,not_in_flare_streak
4FGL J1512.8-0906,462,463,57938.00001157408,2.16e-07,6.34e-08,2.03e-07,5.976789537712895e-07,4.602754498714653e-07,2.5837095017900364e-09,4.602754498714653e-07,2.5837095017900364e-09,1.9647499999999997e-06,1.9647499999999997e-06,4.602754498714653e-07,True,False,False,0,False,,,-3.8497296499737588,3.0,False,False,,,weekly,10.0,sigma,computed,/home/lkoo/projects/AutomationDetection/DownloadedLC/incremental/quiescent_background_cache.csv,,,,,,False,not_in_flare_streak
4FGL J1512.8-0906,463,464,57945.00001157408,3.74e-07,5.76e-08,2.16e-07,5.976789537712895e-07,4.602754498714653e-07,2.5837095017900364e-09,4.602754498714653e-07,2.5837095017900364e-09,1.9647499999999997e-06,1.9647499999999997e-06,4.602754498714653e-07,True,False,False,0,False,,,-1.496333066788055,3.0,False,False,,,weekly,10.0,sigma,computed,/home/lkoo/projects/AutomationDetection/DownloadedLC/incremental/quiescent_background_cache.csv,,,,,,False,not_in_flare_streak
4FGL J1512.8-0906,464,465,57952.00001157408,2.08e-07,4.22e-08,3.74e-07,5.976789537712895e-07,4.602754498714653e-07,2.5837095017900364e-09,4.602754498714653e-07,2.5837095017900364e-09,1.9647499999999997e-06,1.9647499999999997e-06,4.602754498714653e-07,False,False,False,0,False,,,-5.966918066563784,3.0,False,False,,,weekly,10.0,sigma,computed,/home/lkoo/projects/AutomationDetection/DownloadedLC/incremental/quiescent_background_cache.csv,,,,,,False,not_in_flare_streak
4FGL J1512.8-0906,465,466,57959.00001157408,1.77e-07,4.94e-08,2.08e-07,5.976789537712895e-07,4.602754498714653e-07,2.5837095017900364e-09,4.602754498714653e-07,2.5837095017900364e-09,1.9647499999999997e-06,1.9647499999999997e-06,4.602754498714653e-07,False,False,False,0,False,,,-5.726493843296435,3.0,False,False,,,weekly,10.0,sigma,computed,/home/lkoo/projects/AutomationDetection/DownloadedLC/incremental/quiescent_background_cache.csv,,,,,,False,not_in_flare_streak
4FGL J1512.8-0906,466,467,57966.00001157408,1.32e-07,5.88e-08,1.77e-07,5.976789537712895e-07,4.602754498714653e-07,2.5837095017900364e-09,4.602754498714653e-07,2.5837095017900364e-09,1.9647499999999997e-06,1.9647499999999997e-06,4.602754498714653e-07,False,False,False,0,False,,,-5.577533916214053,3.0,False,False,,,weekly,10.0,sigma,computed,/home/lkoo/projects/AutomationDetection/DownloadedLC/incremental/quiescent_background_cache.csv,,,,,,False,not_in_flare_streak
4FGL J1512.8-0906,467,468,57973.00001157408,1.3e-07,5.24e-08,1.32e-07,5.976789537712895e-07,4.602754498714653e-07,2.5837095017900364e-09,4.602754498714653e-07,2.5837095017900364e-09,1.9647499999999997e-06,1.9647499999999997e-06,4.602754498714653e-07,False,False,False,0,False,,,-6.295318584704572,3.0,False,False,,,weekly,10.0,sigma,computed,/home/lkoo/projects/AutomationDetection/DownloadedLC/incremental/quiescent_background_cache.csv,,,,,,False,not_in_flare_streak
4FGL J1512.8-0906,468,469,57980.00001157408,2.07e-07,7.21e-08,1.3e-07,5.976789537712895e-07,4.602754498714653e-07,2.5837095017900364e-09,4.602754498714653e-07,2.5837095017900364e-09,1.9647499999999997e-06,1.9647499999999997e-06,4.602754498714653e-07,True,False,False,0,False,,,-3.51058230359734,3.0,False,False,,,weekly,10.0,sigma,computed,/home/lkoo/projects/AutomationDetection/DownloadedLC/incremental/quiescent_background_cache.csv,,,,,,False,not_in_flare_streak
4FGL J1512.8-0906,469,470,57987.00001157408,2.86e-07,6.69e-08,2.07e-07,5.976789537712895e-07,4.602754498714653e-07,2.5837095017900364e-09,4.602754498714653e-07,2.5837095017900364e-09,1.9647499999999997e-06,1.9647499999999997e-06,4.602754498714653e-07,True,False,False,0,False,,,-2.6030736264967698,3.0,False,False,,,weekly,10.0,sigma,computed,/home/lkoo/projects/AutomationDetection/DownloadedLC/incremental/quiescent_background_cache.csv,,,,,,False,not_in_flare_streak
4FGL J1512.8-0906,470,471,57994.00001157408,5.46e-07,6.55e-08,2.86e-07,5.976789537712895e-07,4.602754498714653e-07,2.5837095017900364e-09,4.602754498714653e-07,2.5837095017900364e-09,1.9647499999999997e-06,1.9647499999999997e-06,4.602754498714653e-07,True,True,False,0,False,,,1.3077547312821225,3.0,False,False,,,weekly,10.0,sigma,computed,/home/lkoo/projects/AutomationDetection/DownloadedLC/incremental/quiescent_background_cache.csv,,,,,,False,not_in_flare_streak
4FGL J1512.8-0906,471,472,58001.00001157408,5.41e-07,5.95e-08,5.46e-07,5.976789537712895e-07,4.602754498714653e-07,2.5837095017900364e-09,4.602754498714653e-07,2.5837095017900364e-09,1.9647499999999997e-06,1.9647499999999997e-06,4.602754498714653e-07,False,True,False,0,False,,,1.3554378119211563,3.0,False,False,,,weekly,10.0,sigma,computed,/home/lkoo/projects/AutomationDetection/DownloadedLC/incremental/quiescent_background_cache.csv,,,,,,False,not_in_flare_streak
4FGL J1512.8-0906,472,473,58008.00001157408,3.38e-07,4.67e-08,5.41e-07,5.976789537712895e-07,4.602754498714653e-07,2.5837095017900364e-09,4.602754498714653e-07,2.5837095017900364e-09,1.9647499999999997e-06,1.9647499999999997e-06,4.602754498714653e-07,False,False,False,0,False,,,-2.6143199144934384,3.0,False,False,,,weekly,10.0,sigma,computed,/home/lkoo/projects/AutomationDetection/DownloadedLC/incremental/quiescent_background_cache.csv,,,,,,False,not_in_flare_streak
4FGL J1512.8-0906,473,474,58015.00001157408,5.91e-07,7.2e-08,3.38e-07,5.976789537712895e-07,4.602754498714653e-07,2.5837095017900364e-09,4.602754498714653e-07,2.5837095017900364e-09,1.9647499999999997e-06,1.9647499999999997e-06,4.602754498714653e-07,True,True,False,0,False,,,1.8144508727971165,3.0,False,False,,,weekly,10.0,sigma,computed,/home/lkoo/projects/AutomationDetection/DownloadedLC/incremental/quiescent_background_cache.csv,,,,,,False,not_in_flare_streak
4FGL J1512.8-0906,474,475,58022.00001157408,2.84e-07,7.11e-08,5.91e-07,5.976789537712895e-07,4.602754498714653e-07,2.5837095017900364e-09,4.602754498714653e-07,2.5837095017900364e-09,1.9647499999999997e-06,1.9647499999999997e-06,4.602754498714653e-07,False,False,False,0,False,,,-2.4776255490130867,3.0,False,False,,,weekly,10.0,sigma,computed,/home/lkoo/projects/AutomationDetection/DownloadedLC/incremental/quiescent_background_cache.csv,,,,,,False,not_in_flare_streak
4FGL J1512.8-0906,475,476,58029.00001157408,2.47e-07,7.13e-08,2.84e-07,5.976789537712895e-07,4.602754498714653e-07,2.5837095017900364e-09,4.602754498714653e-07,2.5837095017900364e-09,1.9647499999999997e-06,1.9647499999999997e-06,4.602754498714653e-07,False,False,False,0,False,,,-2.9892785167633806,3.0,False,False,,,weekly,10.0,sigma,computed,/home/lkoo/projects/AutomationDetection/DownloadedLC/incremental/quiescent_background_cache.csv,,,,,,False,not_in_flare_streak
4FGL J1512.8-0906,476,477,58036.00001157408,2.06e-07,5.82e-08,2.47e-07,5.976789537712895e-07,4.602754498714653e-07,2.5837095017900364e-09,4.602754498714653e-07,2.5837095017900364e-09,1.9647499999999997e-06,1.9647499999999997e-06,4.602754498714653e-07,False,False,False,0,False,,,-4.36469514191409,3.0,False,False,,,weekly,10.0,sigma,computed,/home/lkoo/projects/AutomationDetection/DownloadedLC/incremental/quiescent_background_cache.csv,,,,,,False,not_in_flare_streak
4FGL J1512.8-0906,477,478,58043.00001157408,1.11e-07,3.91e-08,2.06e-07,5.976789537712895e-07,4.602754498714653e-07,2.5837095017900364e-09,4.602754498714653e-07,2.5837095017900364e-09,1.9647499999999997e-06,1.9647499999999997e-06,4.602754498714653e-07,False,False,False,0,False,,,-8.913436874556126,3.0,False,False,,,weekly,10.0,sigma,computed,/home/lkoo/projects/AutomationDetection/DownloadedLC/incremental/quiescent_background_cache.csv,,,,,,False,not_in_flare_streak
4FGL J1512.8-0906,478,479,58050.00001157408,3e-07,5.27e-08,1.11e-07,5.976789537712895e-07,4.602754498714653e-07,2.5837095017900364e-09,4.602754498714653e-07,2.5837095017900364e-09,1.9647499999999997e-06,1.9647499999999997e-06,4.602754498714653e-07,True,False,False,0,False,,,-3.0376314162305755,3.0,False,False,,,weekly,10.0,sigma,computed,/home/lkoo/projects/AutomationDetection/DownloadedLC/incremental/quiescent_background_cache.csv,,,,,,False,not_in_flare_streak
4FGL J1512.8-0906,479,480,58057.00001157408,3.2e-07,5.07e-08,3e-07,5.976789537712895e-07,4.602754498714653e-07,2.5837095017900364e-09,4.602754498714653e-07,2.5837095017900364e-09,1.9647499999999997e-06,1.9647499999999997e-06,4.602754498714653e-07,True,False,False,0,False,,,-2.763188489590882,3.0,False,False,,,weekly,10.0,sigma,computed,/home/lkoo/projects/AutomationDetection/DownloadedLC/incremental/quiescent_background_cache.csv,,,,,,False,not_in_flare_streak
4FGL J1512.8-0906,480,481,58064.00001157408,1.18e-07,4.02e-08,3.2e-07,5.976789537712895e-07,4.602754498714653e-07,2.5837095017900364e-09,4.602754498714653e-07,2.5837095017900364e-09,1.9647499999999997e-06,1.9647499999999997e-06,4.602754498714653e-07,False,False,False,0,False,,,-8.4967834586828,3.0,False,False,,,weekly,10.0,sigma,computed,/home/lkoo/projects/AutomationDetection/DownloadedLC/incremental/quiescent_background_cache.csv,,,,,,False,not_in_flare_streak
4FGL J1512.8-0906,481,482,58071.00001157408,2.38e-07,7.53e-08,1.18e-07,5.976789537712895e-07,4.602754498714653e-07,2.5837095017900364e-09,4.602754498714653e-07,2.5837095017900364e-09,1.9647499999999997e-06,1.9647499999999997e-06,4.602754498714653e-07,True,False,False,0,False,,,-2.950129080439599,3.0,False,False,,,weekly,10.0,sigma,computed,/home/lkoo/projects/AutomationDetection/DownloadedLC/incremental/quiescent_background_cache.csv,,,,,,False,not_in_flare_streak
4FGL J1512.8-0906,482,483,58078.00001157408,1.6e-07,5.69e-08,2.38e-07,5.976789537712895e-07,4.602754498714653e-07,2.5837095017900364e-09,4.602754498714653e-07,2.5837095017900364e-09,1.9647499999999997e-06,1.9647499999999997e-06,4.602754498714653e-07,False,False,False,0,False,,,-5.271816558660343,3.0,False,False,,,weekly,10.0,sigma,computed,/home/lkoo/projects/AutomationDetection/DownloadedLC/incremental/quiescent_background_cache.csv,,,,,,False,not_in_flare_streak
4FGL J1512.8-0906,483,484,58085.00001157408,3.39e-07,8.2e-08,1.6e-07,5.976789537712895e-07,4.602754498714653e-07,2.5837095017900364e-09,4.602754498714653e-07,2.5837095017900364e-09,1.9647499999999997e-06,1.9647499999999997e-06,4.602754498714653e-07,True,False,False,0,False,,,-1.4782352904720064,3.0,False,False,,,weekly,10.0,sigma,computed,/home/lkoo/projects/AutomationDetection/DownloadedLC/incremental/quiescent_background_cache.csv,,,,,,False,not_in_flare_streak
4FGL J1512.8-0906,484,485,58092.00001157408,4.72e-07,7.89e-08,3.39e-07,5.976789537712895e-07,4.602754498714653e-07,2.5837095017900364e-09,4.602754498714653e-07,2.5837095017900364e-09,1.9647499999999997e-06,1.9647499999999997e-06,4.602754498714653e-07,True,True,False,0,False,,,0.148520517306639,3.0,False,False,,,weekly,10.0,sigma,computed,/home/lkoo/projects/AutomationDetection/DownloadedLC/incremental/quiescent_background_cache.csv,,,,,,False,not_in_flare_streak
4FGL J1512.8-0906,485,486,58099.00001157408,4.75e-07,7.29e-08,4.72e-07,5.976789537712895e-07,4.602754498714653e-07,2.5837095017900364e-09,4.602754498714653e-07,2.5837095017900364e-09,1.9647499999999997e-06,1.9647499999999997e-06,4.602754498714653e-07,True,True,False,0,False,,,0.20185611667761424,3.0,False,False,,,weekly,10.0,sigma,computed,/home/lkoo/projects/AutomationDetection/DownloadedLC/incremental/quiescent_background_cache.csv,,,,,,False,not_in_flare_streak
4FGL J1512.8-0906,486,487,58106.00001157408,3.46e-07,5.14e-08,4.75e-07,5.976789537712895e-07,4.602754498714653e-07,2.5837095017900364e-09,4.602754498714653e-07,2.5837095017900364e-09,1.9647499999999997e-06,1.9647499999999997e-06,4.602754498714653e-07,False,False,False,0,False,,,-2.2204542903815248,3.0,False,False,,,weekly,10.0,sigma,computed,/home/lkoo/projects/AutomationDetection/DownloadedLC/incremental/quiescent_background_cache.csv,,,,,,False,not_in_flare_streak
4FGL J1512.8-0906,487,488,58113.00001157408,2.48e-07,4.62e-08,3.46e-07,5.976789537712895e-07,4.602754498714653e-07,2.5837095017900364e-09,4.602754498714653e-07,2.5837095017900364e-09,1.9647499999999997e-06,1.9647499999999997e-06,4.602754498714653e-07,False,False,False,0,False,,,-4.587538443639322,3.0,False,False,,,weekly,10.0,sigma,computed,/home/lkoo/projects/AutomationDetection/DownloadedLC/incremental/quiescent_background_cache.csv,,,,,,False,not_in_flare_streak
4FGL J1512.8-0906,488,489,58120.00001157408,2.69e-07,5.3e-08,2.48e-07,5.976789537712895e-07,4.602754498714653e-07,2.5837095017900364e-09,4.602754498714653e-07,2.5837095017900364e-09,1.9647499999999997e-06,1.9647499999999997e-06,4.602754498714653e-07,True,False,False,0,False,,,-3.6046900427326833,3.0,False,False,,,weekly,10.0,sigma,computed,/home/lkoo/projects/AutomationDetection/DownloadedLC/incremental/quiescent_background_cache.csv,,,,,,False,not_in_flare_streak
4FGL J1512.8-0906,489,490,58127.00001157408,2.93e-07,5.97e-08,2.69e-07,5.976789537712895e-07,4.602754498714653e-07,2.5837095017900364e-09,4.602754498714653e-07,2.5837095017900364e-09,1.9647499999999997e-06,1.9647499999999997e-06,4.602754498714653e-07,True,False,False,0,False,,,-2.799313497419425,3.0,False,False,,,weekly,10.0,sigma,computed,/home/lkoo/projects/AutomationDetection/DownloadedLC/incremental/quiescent_background_cache.csv,,,,,,False,not_in_flare_streak
4FGL J1512.8-0906,490,491,58134.00001157408,4.08e-07,7.15e-08,2.93e-07,5.976789537712895e-07,4.602754498714653e-07,2.5837095017900364e-09,4.602754498714653e-07,2.5837095017900364e-09,1.9647499999999997e-06,1.9647499999999997e-06,4.602754498714653e-07,True,False,False,0,False,,,-0.7306482899054957,3.0,False,False,,,weekly,10.0,sigma,computed,/home/lkoo/projects/AutomationDetection/DownloadedLC/incremental/quiescent_background_cache.csv,,,,,,False,not_in_flare_streak
4FGL J1512.8-0906,491,492,58141.00001157408,2.25e-07,6.33e-08,4.08e-07,5.976789537712895e-07,4.602754498714653e-07,2.5837095017900364e-09,4.602754498714653e-07,2.5837095017900364e-09,1.9647499999999997e-06,1.9647499999999997e-06,4.602754498714653e-07,False,False,False,0,False,,,-3.7137394587305814,3.0,False,False,,,weekly,10.0,sigma,computed,/home/lkoo/projects/AutomationDetection/DownloadedLC/incremental/quiescent_background_cache.csv,,,,,,False,not_in_flare_streak
4FGL J1512.8-0906,492,493,58148.00001157408,3.8e-07,5.92e-08,2.25e-07,5.976789537712895e-07,4.602754498714653e-07,2.5837095017900364e-09,4.602754498714653e-07,2.5837095017900364e-09,1.9647499999999997e-06,1.9647499999999997e-06,4.602754498714653e-07,True,False,False,0,False,,,-1.3547146205399943,3.0,False,False,,,weekly,10.0,sigma,computed,/home/lkoo/projects/AutomationDetection/DownloadedLC/incremental/quiescent_background_cache.csv,,,,,,False,not_in_flare_streak
4FGL J1512.8-0906,493,494,58155.00001157408,2.56e-07,5e-08,3.8e-07,5.976789537712895e-07,4.602754498714653e-07,2.5837095017900364e-09,4.602754498714653e-07,2.5837095017900364e-09,1.9647499999999997e-06,1.9647499999999997e-06,4.602754498714653e-07,False,False,False,0,False,,,-4.080065289107425,3.0,False,False,,,weekly,10.0,sigma,computed,/home/lkoo/projects/AutomationDetection/DownloadedLC/incremental/quiescent_background_cache.csv,,,,,,False,not_in_flare_streak
4FGL J1512.8-0906,494,495,58162.00001157408,1.94e-07,4.57e-08,2.56e-07,5.976789537712895e-07,4.602754498714653e-07,2.5837095017900364e-09,4.602754498714653e-07,2.5837095017900364e-09,1.9647499999999997e-06,1.9647499999999997e-06,4.602754498714653e-07,False,False,False,0,False,,,-5.817306607018067,3.0,False,False,,,weekly,10.0,sigma,computed,/home/lkoo/projects/AutomationDetection/DownloadedLC/incremental/quiescent_background_cache.csv,,,,,,False,not_in_flare_streak
4FGL J1512.8-0906,495,496,58169.00001157408,3.07e-07,4.92e-08,1.94e-07,5.976789537712895e-07,4.602754498714653e-07,2.5837095017900364e-09,4.602754498714653e-07,2.5837095017900364e-09,1.9647499999999997e-06,1.9647499999999997e-06,4.602754498714653e-07,True,False,False,0,False,,,-3.111067829639264,3.0,False,False,,,weekly,10.0,sigma,computed,/home/lkoo/projects/AutomationDetection/DownloadedLC/incremental/quiescent_background_cache.csv,,,,,,False,not_in_flare_streak
4FGL J1512.8-0906,496,497,58176.00001157408,2.84e-07,5.67e-08,3.07e-07,5.976789537712895e-07,4.602754498714653e-07,2.5837095017900364e-09,4.602754498714653e-07,2.5837095017900364e-09,1.9647499999999997e-06,1.9647499999999997e-06,4.602754498714653e-07,False,False,False,0,False,,,-3.1056917268287747,3.0,False,False,,,weekly,10.0,sigma,computed,/home/lkoo/projects/AutomationDetection/DownloadedLC/incremental/quiescent_background_cache.csv,,,,,,False,not_in_flare_streak
4FGL J1512.8-0906,497,498,58183.00001157408,4.16e-07,7.91e-08,2.84e-07,5.976789537712895e-07,4.602754498714653e-07,2.5837095017900364e-09,4.602754498714653e-07,2.5837095017900364e-09,1.9647499999999997e-06,1.9647499999999997e-06,4.602754498714653e-07,True,False,False,0,False,,,-0.5594418386223181,3.0,False,False,,,weekly,10.0,sigma,computed,/home/lkoo/projects/AutomationDetection/DownloadedLC/incremental/quiescent_background_cache.csv,,,,,,False,not_in_flare_streak
4FGL J1512.8-0906,498,499,58190.00001157408,1.32e-07,9.22e-08,4.16e-07,5.976789537712895e-07,4.602754498714653e-07,2.5837095017900364e-09,4.602754498714653e-07,2.5837095017900364e-09,1.9647499999999997e-06,1.9647499999999997e-06,4.602754498714653e-07,False,False,False,0,False,,,-3.5590740929541567,3.0,False,False,,,weekly,10.0,sigma,computed,/home/lkoo/projects/AutomationDetection/DownloadedLC/incremental/quiescent_background_cache.csv,,,,,,False,not_in_flare_streak
4FGL J1512.8-0906,499,500,58211.00001157408,2.33e-07,3.58e-08,1.32e-07,5.976789537712895e-07,4.602754498714653e-07,2.5837095017900364e-09,4.602754498714653e-07,2.5837095017900364e-09,1.9647499999999997e-06,1.9647499999999997e-06,4.602754498714653e-07,True,False,False,0,False,,,-6.332007212757827,3.0,False,False,,,weekly,10.0,sigma,computed,/home/lkoo/projects/AutomationDetection/DownloadedLC/incremental/quiescent_background_cache.csv,,,,,,False,not_in_flare_streak
4FGL J1512.8-0906,500,501,58218.00001157408,5.02e-07,4.01e-08,2.33e-07,5.976789537712895e-07,4.602754498714653e-07,2.5837095017900364e-09,4.602754498714653e-07,2.5837095017900364e-09,1.9647499999999997e-06,1.9647499999999997e-06,4.602754498714653e-07,True,True,False,0,False,,,1.038359361775462,3.0,False,False,,,weekly,10.0,sigma,computed,/home/lkoo/projects/AutomationDetection/DownloadedLC/incremental/quiescent_background_cache.csv,,,,,,False,not_in_flare_streak
4FGL J1512.8-0906,501,502,58225.00001157408,1.11e-06,6.38e-08,5.02e-07,5.976789537712895e-07,4.602754498714653e-07,2.5837095017900364e-09,4.602754498714653e-07,2.5837095017900364e-09,1.9647499999999997e-06,1.9647499999999997e-06,4.602754498714653e-07,True,True,False,0,False,,,10.175429902397093,3.0,True,True,58225.00001157408,58225.00001157408,weekly,10.0,sigma,computed,/home/lkoo/projects/AutomationDetection/DownloadedLC/incremental/quiescent_background_cache.csv,,,,,,False,not_in_flare_streak
4FGL J1512.8-0906,502,503,58232.00001157408,1.01e-06,1.05e-07,1.11e-06,5.976789537712895e-07,4.602754498714653e-07,2.5837095017900364e-09,4.602754498714653e-07,2.5837095017900364e-09,1.9647499999999997e-06,1.9647499999999997e-06,4.602754498714653e-07,False,True,False,0,False,,,5.233887605930014,3.0,True,True,58225.00001157408,58232.00001157408,weekly,10.0,sigma,computed,/home/lkoo/projects/AutomationDetection/DownloadedLC/incremental/quiescent_background_cache.csv,,,,,,False,not_in_flare_streak
4FGL J1512.8-0906,503,504,58239.00001157408,6.2e-07,6.78e-08,1.01e-06,5.976789537712895e-07,4.602754498714653e-07,2.5837095017900364e-09,4.602754498714653e-07,2.5837095017900364e-09,1.9647499999999997e-06,1.9647499999999997e-06,4.602754498714653e-07,False,True,False,0,False,,,2.354110617753687,3.0,False,True,58225.00001157408,58239.00001157408,weekly,10.0,sigma,computed,/home/lkoo/projects/AutomationDetection/DownloadedLC/incremental/quiescent_background_cache.csv,,,,,,False,not_in_flare_streak
4FGL J1512.8-0906,504,505,58246.00001157408,5.3e-07,6.82e-08,6.2e-07,5.976789537712895e-07,4.602754498714653e-07,2.5837095017900364e-09,4.602754498714653e-07,2.5837095017900364e-09,1.9647499999999997e-06,1.9647499999999997e-06,4.602754498714653e-07,False,True,False,0,False,,,1.0216212444635122,3.0,False,True,58225.00001157408,58246.00001157408,weekly,10.0,sigma,computed,/home/lkoo/projects/AutomationDetection/DownloadedLC/incremental/quiescent_background_cache.csv,,,,,,False,not_in_flare_streak
4FGL J1512.8-0906,505,506,58253.00001157408,4.29e-07,8.17e-08,5.3e-07,5.976789537712895e-07,4.602754498714653e-07,2.5837095017900364e-09,4.602754498714653e-07,2.5837095017900364e-09,1.9647499999999997e-06,1.9647499999999997e-06,4.602754498714653e-07,False,False,False,0,False,,,-0.38261716413639035,3.0,False,False,,,weekly,10.0,sigma,computed,/home/lkoo/projects/AutomationDetection/DownloadedLC/incremental/quiescent_background_cache.csv,,,,,,False,not_in_flare_streak
4FGL J1512.8-0906,506,507,58274.00001157408,2.28e-07,6e-08,4.29e-07,5.976789537712895e-07,4.602754498714653e-07,2.5837095017900364e-09,4.602754498714653e-07,2.5837095017900364e-09,1.9647499999999997e-06,1.9647499999999997e-06,4.602754498714653e-07,False,False,False,0,False,,,-3.867673205307652,3.0,False,False,,,weekly,10.0,sigma,computed,/home/lkoo/projects/AutomationDetection/DownloadedLC/incremental/quiescent_background_cache.csv,,,,,,False,not_in_flare_streak
4FGL J1512.8-0906,507,508,58281.00001157408,1.28e-07,4.31e-08,2.28e-07,5.976789537712895e-07,4.602754498714653e-07,2.5837095017900364e-09,4.602754498714653e-07,2.5837095017900364e-09,1.9647499999999997e-06,1.9647499999999997e-06,4.602754498714653e-07,False,False,False,0,False,,,-7.69559205189479,3.0,False,False,,,weekly,10.0,sigma,computed,/home/lkoo/projects/AutomationDetection/DownloadedLC/incremental/quiescent_background_cache.csv,,,,,,False,not_in_flare_streak
4FGL J1512.8-0906,508,509,58288.00001157408,2.91e-07,5.86e-08,1.28e-07,5.976789537712895e-07,4.602754498714653e-07,2.5837095017900364e-09,4.602754498714653e-07,2.5837095017900364e-09,1.9647499999999997e-06,1.9647499999999997e-06,4.602754498714653e-07,True,False,False,0,False,,,-2.885855890762064,3.0,False,False,,,weekly,10.0,sigma,computed,/home/lkoo/projects/AutomationDetection/DownloadedLC/incremental/quiescent_background_cache.csv,,,,,,False,not_in_flare_streak
4FGL J1512.8-0906,509,510,58295.00001157408,3.63e-07,1.21e-07,2.91e-07,5.976789537712895e-07,4.602754498714653e-07,2.5837095017900364e-09,4.602754498714653e-07,2.5837095017900364e-09,1.9647499999999997e-06,1.9647499999999997e-06,4.602754498714653e-07,True,False,False,0,False,,,-0.8037461248908914,3.0,False,False,,,weekly,10.0,sigma,computed,/home/lkoo/projects/AutomationDetection/DownloadedLC/incremental/quiescent_background_cache.csv,,,,,,False,not_in_flare_streak
4FGL J1512.8-0906,510,511,58302.00001157408,1.87e-07,6.78e-08,3.63e-07,5.976789537712895e-07,4.602754498714653e-07,2.5837095017900364e-09,4.602754498714653e-07,2.5837095017900364e-09,1.9647499999999997e-06,1.9647499999999997e-06,4.602754498714653e-07,False,False,False,0,False,,,-4.027687901428641,3.0,False,False,,,weekly,10.0,sigma,computed,/home/lkoo/projects/AutomationDetection/DownloadedLC/incremental/quiescent_background_cache.csv,,,,,,False,not_in_flare_streak
4FGL J1512.8-0906,511,512,58309.00001157408,2.31e-07,6.27e-08,1.87e-07,5.976789537712895e-07,4.602754498714653e-07,2.5837095017900364e-09,4.602754498714653e-07,2.5837095017900364e-09,1.9647499999999997e-06,1.9647499999999997e-06,4.602754498714653e-07,True,False,False,0,False,,,-3.653605040369575,3.0,False,False,,,weekly,10.0,sigma,computed,/home/lkoo/projects/AutomationDetection/DownloadedLC/incremental/quiescent_background_cache.csv,,,,,,False,not_in_flare_streak
4FGL J1512.8-0906,512,513,58316.00001157408,2.83e-07,5.73e-08,2.31e-07,5.976789537712895e-07,4.602754498714653e-07,2.5837095017900364e-09,4.602754498714653e-07,2.5837095017900364e-09,1.9647499999999997e-06,1.9647499999999997e-06,4.602754498714653e-07,True,False,False,0,False,,,-3.0906720212622214,3.0,False,False,,,weekly,10.0,sigma,computed,/home/lkoo/projects/AutomationDetection/DownloadedLC/incremental/quiescent_background_cache.csv,,,,,,False,not_in_flare_streak
4FGL J1512.8-0906,513,514,58323.00001157408,3.21e-07,3.78e-08,2.83e-07,5.976789537712895e-07,4.602754498714653e-07,2.5837095017900364e-09,4.602754498714653e-07,2.5837095017900364e-09,1.9647499999999997e-06,1.9647499999999997e-06,4.602754498714653e-07,True,False,False,0,False,,,-3.675958659393668,3.0,False,False,,,weekly,10.0,sigma,computed,/home/lkoo/projects/AutomationDetection/DownloadedLC/incremental/quiescent_background_cache.csv,,,,,,False,not_in_flare_streak
4FGL J1512.8-0906,514,515,58330.00001157408,2.87e-07,6.46e-08,3.21e-07,5.976789537712895e-07,4.602754498714653e-07,2.5837095017900364e-09,4.602754498714653e-07,2.5837095017900364e-09,1.9647499999999997e-06,1.9647499999999997e-06,4.602754498714653e-07,False,False,False,0,False,,,-2.680139732601471,3.0,False,False,,,weekly,10.0,sigma,computed,/home/lkoo/projects/AutomationDetection/DownloadedLC/incremental/quiescent_background_cache.csv,,,,,,False,not_in_flare_streak
4FGL J1512.8-0906,515,516,58337.00001157408,1e-06,9.57e-08,2.87e-07,5.976789537712895e-07,4.602754498714653e-07,2.5837095017900364e-09,4.602754498714653e-07,2.5837095017900364e-09,1.9647499999999997e-06,1.9647499999999997e-06,4.602754498714653e-07,True,True,False,0,False,,,5.637700700121931,3.0,True,True,58337.00001157408,58337.00001157408,weekly,10.0,sigma,computed,/home/lkoo/projects/AutomationDetection/DownloadedLC/incremental/quiescent_background_cache.csv,,,,,,False,not_in_flare_streak
4FGL J1512.8-0906,516,517,58344.00001157408,8.85e-07,1.31e-07,1e-06,5.976789537712895e-07,4.602754498714653e-07,2.5837095017900364e-09,4.602754498714653e-07,2.5837095017900364e-09,1.9647499999999997e-06,1.9647499999999997e-06,4.602754498714653e-07,False,True,False,0,False,,,3.2415417268295728,3.0,True,True,58337.00001157408,58344.00001157408,weekly,10.0,sigma,computed,/home/lkoo/projects/AutomationDetection/DownloadedLC/incremental/quiescent_background_cache.csv,,,,,,False,not_in_flare_streak
4FGL J1512.8-0906,517,518,58351.00001157408,2.4e-07,7.98e-08,8.85e-07,5.976789537712895e-07,4.602754498714653e-07,2.5837095017900364e-09,4.602754498714653e-07,2.5837095017900364e-09,1.9647499999999997e-06,1.9647499999999997e-06,4.602754498714653e-07,False,False,False,0,False,,,-2.7588982989146826,3.0,False,False,,,weekly,10.0,sigma,computed,/home/lkoo/projects/AutomationDetection/DownloadedLC/incremental/quiescent_background_cache.csv,,,,,,False,not_in_flare_streak
4FGL J1512.8-0906,518,519,58358.00001157408,2.89e-07,4.96e-08,2.4e-07,5.976789537712895e-07,4.602754498714653e-07,2.5837095017900364e-09,4.602754498714653e-07,2.5837095017900364e-09,1.9647499999999997e-06,1.9647499999999997e-06,4.602754498714653e-07,True,False,False,0,False,,,-3.448458605938601,3.0,False,False,,,weekly,10.0,sigma,computed,/home/lkoo/projects/AutomationDetection/DownloadedLC/incremental/quiescent_background_cache.csv,,,,,,False,not_in_flare_streak
4FGL J1512.8-0906,519,520,58365.00001157408,3.62e-07,4e-08,2.89e-07,5.976789537712895e-07,4.602754498714653e-07,2.5837095017900364e-09,4.602754498714653e-07,2.5837095017900364e-09,1.9647499999999997e-06,1.9647499999999997e-06,4.602754498714653e-07,True,False,False,0,False,,,-2.4517768921496796,3.0,False,False,,,weekly,10.0,sigma,computed,/home/lkoo/projects/AutomationDetection/DownloadedLC/incremental/quiescent_background_cache.csv,,,,,,False,not_in_flare_streak
4FGL J1512.8-0906,520,521,58372.00001157408,4e-07,7.17e-08,3.62e-07,5.976789537712895e-07,4.602754498714653e-07,2.5837095017900364e-09,4.602754498714653e-07,2.5837095017900364e-09,1.9647499999999997e-06,1.9647499999999997e-06,4.602754498714653e-07,True,False,False,0,False,,,-0.8401165058218164,3.0,False,False,,,weekly,10.0,sigma,computed,/home/lkoo/projects/AutomationDetection/DownloadedLC/incremental/quiescent_background_cache.csv,,,,,,False,not_in_flare_streak
4FGL J1512.8-0906,521,522,58386.00001157408,2.38e-07,1.04e-07,4e-07,5.976789537712895e-07,4.602754498714653e-07,2.5837095017900364e-09,4.602754498714653e-07,2.5837095017900364e-09,1.9647499999999997e-06,1.9647499999999997e-06,4.602754498714653e-07,False,False,False,0,False,,,-2.1366046945100607,3.0,False,False,,,weekly,10.0,sigma,computed,/home/lkoo/projects/AutomationDetection/DownloadedLC/incremental/quiescent_background_cache.csv,,,,,,False,not_in_flare_streak
4FGL J1512.8-0906,522,523,58393.00001157408,2.44e-07,6.68e-08,2.38e-07,5.976789537712895e-07,4.602754498714653e-07,2.5837095017900364e-09,4.602754498714653e-07,2.5837095017900364e-09,1.9647499999999997e-06,1.9647499999999997e-06,4.602754498714653e-07,True,False,False,0,False,,,-3.2352373661914817,3.0,False,False,,,weekly,10.0,sigma,computed,/home/lkoo/projects/AutomationDetection/DownloadedLC/incremental/quiescent_background_cache.csv,,,,,,False,not_in_flare_streak
4FGL J1512.8-0906,523,524,58400.00001157408,1.21e-07,8.63e-08,2.44e-07,5.976789537712895e-07,4.602754498714653e-07,2.5837095017900364e-09,4.602754498714653e-07,2.5837095017900364e-09,1.9647499999999997e-06,1.9647499999999997e-06,4.602754498714653e-07,False,False,False,0,False,,,-3.929588660304312,3.0,False,False,,,weekly,10.0,sigma,computed,/home/lkoo/projects/AutomationDetection/DownloadedLC/incremental/quiescent_background_cache.csv,,,,,,False,not_in_flare_streak
4FGL J1512.8-0906,524,525,58407.00001157408,1.19e-06,1.43e-07,1.21e-07,5.976789537712895e-07,4.602754498714653e-07,2.5837095017900364e-09,4.602754498714653e-07,2.5837095017900364e-09,1.9647499999999997e-06,1.9647499999999997e-06,4.602754498714653e-07,True,True,False,0,False,,,5.10213615645093,3.0,True,True,58407.00001157408,58407.00001157408,weekly,10.0,sigma,computed,/home/lkoo/projects/AutomationDetection/DownloadedLC/incremental/quiescent_background_cache.csv,,,,,,False,not_in_flare_streak
4FGL J1512.8-0906,525,526,58414.00001157408,1.04e-06,1.27e-07,1.19e-06,5.976789537712895e-07,4.602754498714653e-07,2.5837095017900364e-09,4.602754498714653e-07,2.5837095017900364e-09,1.9647499999999997e-06,1.9647499999999997e-06,4.602754498714653e-07,False,True,False,0,False,,,4.563815886953611,3.0,True,True,58407.00001157408,58414.00001157408,weekly,10.0,sigma,computed,/home/lkoo/projects/AutomationDetection/DownloadedLC/incremental/quiescent_background_cache.csv,,,,,,False,not_in_flare_streak
4FGL J1512.8-0906,526,527,58442.00001157408,4.44e-07,8.4e-08,1.04e-06,5.976789537712895e-07,4.602754498714653e-07,2.5837095017900364e-09,4.602754498714653e-07,2.5837095017900364e-09,1.9647499999999997e-06,1.9647499999999997e-06,4.602754498714653e-07,False,False,False,0,False,,,-0.19366376636587807,3.0,False,False,,,weekly,10.0,sigma,computed,/home/lkoo/projects/AutomationDetection/DownloadedLC/incremental/quiescent_background_cache.csv,,,,,,False,not_in_flare_streak
4FGL J1512.8-0906,527,528,58449.00001157408,3.24e-07,7.18e-08,4.44e-07,5.976789537712895e-07,4.602754498714653e-07,2.5837095017900364e-09,4.602754498714653e-07,2.5837095017900364e-09,1.9647499999999997e-06,1.9647499999999997e-06,4.602754498714653e-07,False,False,False,0,False,,,-1.896759101282221,3.0,False,False,,,weekly,10.0,sigma,computed,/home/lkoo/projects/AutomationDetection/DownloadedLC/incremental/quiescent_background_cache.csv,,,,,,False,not_in_flare_streak
4FGL J1512.8-0906,528,529,58456.00001157408,3.1e-07,6.47e-08,3.24e-07,5.976789537712895e-07,4.602754498714653e-07,2.5837095017900364e-09,4.602754498714653e-07,2.5837095017900364e-09,1.9647499999999997e-06,1.9647499999999997e-06,4.602754498714653e-07,False,False,False,0,False,,,-2.3208001686880606,3.0,False,False,,,weekly,10.0,sigma,computed,/home/lkoo/projects/AutomationDetection/DownloadedLC/incremental/quiescent_background_cache.csv,,,,,,False,not_in_flare_streak
4FGL J1512.8-0906,529,530,58463.00001157408,3.19e-07,5.97e-08,3.1e-07,5.976789537712895e-07,4.602754498714653e-07,2.5837095017900364e-09,4.602754498714653e-07,2.5837095017900364e-09,1.9647499999999997e-06,1.9647499999999997e-06,4.602754498714653e-07,True,False,False,0,False,,,-2.364209894417126,3.0,False,False,,,weekly,10.0,sigma,computed,/home/lkoo/projects/AutomationDetection/DownloadedLC/incremental/quiescent_background_cache.csv,,,,,,False,not_in_flare_streak
4FGL J1512.8-0906,530,531,58470.00001157408,1.52e-07,6.12e-08,3.19e-07,5.976789537712895e-07,4.602754498714653e-07,2.5837095017900364e-09,4.602754498714653e-07,2.5837095017900364e-09,1.9647499999999997e-06,1.9647499999999997e-06,4.602754498714653e-07,False,False,False,0,False,,,-5.032697623230605,3.0,False,False,,,weekly,10.0,sigma,computed,/home/lkoo/projects/AutomationDetection/DownloadedLC/incremental/quiescent_background_cache.csv,,,,,,False,not_in_flare_streak
4FGL J1512.8-0906,531,532,58477.00001157408,3.91e-07,5.47e-08,1.52e-07,5.976789537712895e-07,4.602754498714653e-07,2.5837095017900364e-09,4.602754498714653e-07,2.5837095017900364e-09,1.9647499999999997e-06,1.9647499999999997e-06,4.602754498714653e-07,True,False,False,0,False,,,-1.2650511853733162,3.0,False,False,,,weekly,10.0,sigma,computed,/home/lkoo/projects/AutomationDetection/DownloadedLC/incremental/quiescent_background_cache.csv,,,,,,False,not_in_flare_streak
4FGL J1512.8-0906,532,533,58484.00001157408,4.32e-07,7.52e-08,3.91e-07,5.976789537712895e-07,4.602754498714653e-07,2.5837095017900364e-09,4.602754498714653e-07,2.5837095017900364e-09,1.9647499999999997e-06,1.9647499999999997e-06,4.602754498714653e-07,True,False,False,0,False,,,-0.3757815903996878,3.0,False,False,,,weekly,10.0,sigma,computed,/home/lkoo/projects/AutomationDetection/DownloadedLC/incremental/quiescent_background_cache.csv,,,,,,False,not_in_flare_streak
4FGL J1512.8-0906,533,534,58491.00001157408,3.18e-07,5.33e-08,4.32e-07,5.976789537712895e-07,4.602754498714653e-07,2.5837095017900364e-09,4.602754498714653e-07,2.5837095017900364e-09,1.9647499999999997e-06,1.9647499999999997e-06,4.602754498714653e-07,False,False,False,0,False,,,-2.666202320411736,3.0,False,False,,,weekly,10.0,sigma,computed,/home/lkoo/projects/AutomationDetection/DownloadedLC/incremental/quiescent_background_cache.csv,,,,,,False,not_in_flare_streak
4FGL J1512.8-0906,534,535,58498.00001157408,5.99e-07,7.31e-08,3.18e-07,5.976789537712895e-07,4.602754498714653e-07,2.5837095017900364e-09,4.602754498714653e-07,2.5837095017900364e-09,1.9647499999999997e-06,1.9647499999999997e-06,4.602754498714653e-07,True,True,False,0,False,,,1.8965523907061528,3.0,False,False,,,weekly,10.0,sigma,computed,/home/lkoo/projects/AutomationDetection/DownloadedLC/incremental/quiescent_background_cache.csv,,,,,,False,not_in_flare_streak
4FGL J1512.8-0906,535,536,58505.00001157408,8.22e-07,7.73e-08,5.99e-07,5.976789537712895e-07,4.602754498714653e-07,2.5837095017900364e-09,4.602754498714653e-07,2.5837095017900364e-09,1.9647499999999997e-06,1.9647499999999997e-06,4.602754498714653e-07,True,True,False,0,False,,,4.67687789298013,3.0,True,True,58505.00001157408,58505.00001157408,weekly,10.0,sigma,computed,/home/lkoo/projects/AutomationDetection/DownloadedLC/incremental/quiescent_background_cache.csv,,,,,,False,not_in_flare_streak
4FGL J1512.8-0906,536,537,58512.00001157408,1.31e-06,8.36e-08,8.22e-07,5.976789537712895e-07,4.602754498714653e-07,2.5837095017900364e-09,4.602754498714653e-07,2.5837095017900364e-09,1.9647499999999997e-06,1.9647499999999997e-06,4.602754498714653e-07,True,True,False,0,False,,,10.159318545295564,3.0,True,True,58505.00001157408,58512.00001157408,weekly,10.0,sigma,computed,/home/lkoo/projects/AutomationDetection/DownloadedLC/incremental/quiescent_background_cache.csv,,,,,,False,not_in_flare_streak
4FGL J1512.8-0906,537,538,58519.00001157408,1.1e-06,6.96e-08,1.31e-06,5.976789537712895e-07,4.602754498714653e-07,2.5837095017900364e-09,4.602754498714653e-07,2.5837095017900364e-09,1.9647499999999997e-06,1.9647499999999997e-06,4.602754498714653e-07,False,True,False,0,False,,,9.185118031703626,3.0,True,True,58505.00001157408,58519.00001157408,weekly,10.0,sigma,computed,/home/lkoo/projects/AutomationDetection/DownloadedLC/incremental/quiescent_background_cache.csv,,,,,,False,not_in_flare_streak
4FGL J1512.8-0906,538,539,58526.00001157408,1.38e-06,6.28e-08,1.1e-06,5.976789537712895e-07,4.602754498714653e-07,2.5837095017900364e-09,4.602754498714653e-07,2.5837095017900364e-09,1.9647499999999997e-06,1.9647499999999997e-06,4.602754498714653e-07,True,True,False,0,False,,,14.632916391371603,3.0,True,True,58505.00001157408,58526.00001157408,weekly,10.0,sigma,computed,/home/lkoo/projects/AutomationDetection/DownloadedLC/incremental/quiescent_background_cache.csv,,,,,,False,not_in_flare_streak
4FGL J1512.8-0906,539,540,58533.00001157408,1.08e-06,6.4e-08,1.38e-06,5.976789537712895e-07,4.602754498714653e-07,2.5837095017900364e-09,4.602754498714653e-07,2.5837095017900364e-09,1.9647499999999997e-06,1.9647499999999997e-06,4.602754498714653e-07,False,True,False,0,False,,,9.675315016544351,3.0,True,True,58505.00001157408,58533.00001157408,weekly,10.0,sigma,computed,/home/lkoo/projects/AutomationDetection/DownloadedLC/incremental/quiescent_background_cache.csv,,,,,,False,not_in_flare_streak
4FGL J1512.8-0906,540,541,58540.00001157408,3.45e-07,4.66e-08,1.08e-06,5.976789537712895e-07,4.602754498714653e-07,2.5837095017900364e-09,4.602754498714653e-07,2.5837095017900364e-09,1.9647499999999997e-06,1.9647499999999997e-06,4.602754498714653e-07,False,False,False,0,False,,,-2.4699286310664146,3.0,False,False,,,weekly,10.0,sigma,computed,/home/lkoo/projects/AutomationDetection/DownloadedLC/incremental/quiescent_background_cache.csv,,,,,,False,not_in_flare_streak
4FGL J1512.8-0906,541,542,58547.00001157408,6.28e-07,8.02e-08,3.45e-07,5.976789537712895e-07,4.602754498714653e-07,2.5837095017900364e-09,4.602754498714653e-07,2.5837095017900364e-09,1.9647499999999997e-06,1.9647499999999997e-06,4.602754498714653e-07,True,True,False,0,False,,,2.0902441464814987,3.0,False,False,,,weekly,10.0,sigma,computed,/home/lkoo/projects/AutomationDetection/DownloadedLC/incremental/quiescent_background_cache.csv,,,,,,False,not_in_flare_streak
4FGL J1512.8-0906,542,543,58554.00001157408,3.87e-07,6.68e-08,6.28e-07,5.976789537712895e-07,4.602754498714653e-07,2.5837095017900364e-09,4.602754498714653e-07,2.5837095017900364e-09,1.9647499999999997e-06,1.9647499999999997e-06,4.602754498714653e-07,False,False,False,0,False,,,-1.096118276898948,3.0,False,False,,,weekly,10.0,sigma,computed,/home/lkoo/projects/AutomationDetection/DownloadedLC/incremental/quiescent_background_cache.csv,,,,,,False,not_in_flare_streak
4FGL J1512.8-0906,543,544,58561.00001157408,6.5e-07,8.38e-08,3.87e-07,5.976789537712895e-07,4.602754498714653e-07,2.5837095017900364e-09,4.602754498714653e-07,2.5837095017900364e-09,1.9647499999999997e-06,1.9647499999999997e-06,4.602754498714653e-07,True,True,False,0,False,,,2.2629407872954963,3.0,False,False,,,weekly,10.0,sigma,computed,/home/lkoo/projects/AutomationDetection/DownloadedLC/incremental/quiescent_background_cache.csv,,,,,,False,not_in_flare_streak
4FGL J1512.8-0906,544,545,58568.00001157408,8.41e-07,9.26e-08,6.5e-07,5.976789537712895e-07,4.602754498714653e-07,2.5837095017900364e-09,4.602754498714653e-07,2.5837095017900364e-09,1.9647499999999997e-06,1.9647499999999997e-06,4.602754498714653e-07,True,True,False,0,False,,,4.109896730678496,3.0,True,True,58568.00001157408,58568.00001157408,weekly,10.0,sigma,computed,/home/lkoo/projects/AutomationDetection/DownloadedLC/incremental/quiescent_background_cache.csv,,,,,,False,not_in_flare_streak
4FGL J1512.8-0906,545,546,58575.00001157408,1.38e-06,9.34e-08,8.41e-07,5.976789537712895e-07,4.602754498714653e-07,2.5837095017900364e-09,4.602754498714653e-07,2.5837095017900364e-09,1.9647499999999997e-06,1.9647499999999997e-06,4.602754498714653e-07,True,True,False,0,False,,,9.843392400854576,3.0,True,True,58568.00001157408,58575.00001157408,weekly,10.0,sigma,computed,/home/lkoo/projects/AutomationDetection/DownloadedLC/incremental/quiescent_background_cache.csv,,,,,,False,not_in_flare_streak
4FGL J1512.8-0906,546,547,58582.00001157408,1.4e-06,1.1e-07,1.38e-06,5.976789537712895e-07,4.602754498714653e-07,2.5837095017900364e-09,4.602754498714653e-07,2.5837095017900364e-09,1.9647499999999997e-06,1.9647499999999997e-06,4.602754498714653e-07,True,True,False,0,False,,,8.540594862838642,3.0,True,True,58568.00001157408,58582.00001157408,weekly,10.0,sigma,computed,/home/lkoo/projects/AutomationDetection/DownloadedLC/incremental/quiescent_background_cache.csv,,,,,,False,not_in_flare_streak
4FGL J1512.8-0906,547,548,58589.00001157408,2.32e-06,5.3e-07,1.4e-06,5.976789537712895e-07,4.602754498714653e-07,2.5837095017900364e-09,4.602754498714653e-07,2.5837095017900364e-09,1.9647499999999997e-06,1.9647499999999997e-06,4.602754498714653e-07,True,True,False,0,False,,,3.5088725518056973,3.0,True,True,58568.00001157408,58589.00001157408,weekly,10.0,sigma,computed,/home/lkoo/projects/AutomationDetection/DownloadedLC/incremental/quiescent_background_cache.csv,,,,,,False,not_in_flare_streak
4FGL J1512.8-0906,548,549,58596.00001157408,1.03e-06,1.4e-07,2.32e-06,5.976789537712895e-07,4.602754498714653e-07,2.5837095017900364e-09,4.602754498714653e-07,2.5837095017900364e-09,1.9647499999999997e-06,1.9647499999999997e-06,4.602754498714653e-07,False,True,False,0,False,,,4.068768241402717,3.0,True,True,58568.00001157408,58596.00001157408,weekly,10.0,sigma,computed,/home/lkoo/projects/AutomationDetection/DownloadedLC/incremental/quiescent_background_cache.csv,,,,,,False,not_in_flare_streak
4FGL J1512.8-0906,549,550,58603.00001157408,1.63e-06,1.13e-07,1.03e-06,5.976789537712895e-07,4.602754498714653e-07,2.5837095017900364e-09,4.602754498714653e-07,2.5837095017900364e-09,1.9647499999999997e-06,1.9647499999999997e-06,4.602754498714653e-07,True,True,False,0,False,,,10.348839889897421,3.0,True,True,58568.00001157408,58603.00001157408,weekly,10.0,sigma,computed,/home/lkoo/projects/AutomationDetection/DownloadedLC/incremental/quiescent_background_cache.csv,,,,,,False,not_in_flare_streak
4FGL J1512.8-0906,550,551,58610.00001157408,1.63e-06,1.16e-07,1.63e-06,5.976789537712895e-07,4.602754498714653e-07,2.5837095017900364e-09,4.602754498714653e-07,2.5837095017900364e-09,1.9647499999999997e-06,1.9647499999999997e-06,4.602754498714653e-07,False,True,False,0,False,,,10.081331951942945,3.0,True,True,58568.00001157408,58610.00001157408,weekly,10.0,sigma,computed,/home/lkoo/projects/AutomationDetection/DownloadedLC/incremental/quiescent_background_cache.csv,,,,,,False,not_in_flare_streak
4FGL J1512.8-0906,551,552,58617.00001157408,1.07e-06,1.03e-07,1.63e-06,5.976789537712895e-07,4.602754498714653e-07,2.5837095017900364e-09,4.602754498714653e-07,2.5837095017900364e-09,1.9647499999999997e-06,1.9647499999999997e-06,4.602754498714653e-07,False,True,False,0,False,,,5.917794277453312,3.0,True,True,58568.00001157408,58617.00001157408,weekly,10.0,sigma,computed,/home/lkoo/projects/AutomationDetection/DownloadedLC/incremental/quiescent_background_cache.csv,,,,,,False,not_in_flare_streak
4FGL J1512.8-0906,552,553,58624.00001157408,1.27e-06,1.31e-07,1.07e-06,5.976789537712895e-07,4.602754498714653e-07,2.5837095017900364e-09,4.602754498714653e-07,2.5837095017900364e-09,1.9647499999999997e-06,1.9647499999999997e-06,4.602754498714653e-07,True,True,False,0,False,,,6.179901575469602,3.0,True,True,58568.00001157408,58624.00001157408,weekly,10.0,sigma,computed,/home/lkoo/projects/AutomationDetection/DownloadedLC/incremental/quiescent_background_cache.csv,,,,,,False,not_in_flare_streak
4FGL J1512.8-0906,553,554,58631.00001157408,5.31e-07,3.2e-07,1.27e-06,5.976789537712895e-07,4.602754498714653e-07,2.5837095017900364e-09,4.602754498714653e-07,2.5837095017900364e-09,1.9647499999999997e-06,1.9647499999999997e-06,4.602754498714653e-07,False,True,False,0,False,,,0.22100701543879755,3.0,False,True,58568.00001157408,58631.00001157408,weekly,10.0,sigma,computed,/home/lkoo/projects/AutomationDetection/DownloadedLC/incremental/quiescent_background_cache.csv,,,,,,False,not_in_flare_streak
4FGL J1512.8-0906,554,555,58645.00001157408,1.02e-07,5.72e-08,5.31e-07,5.976789537712895e-07,4.602754498714653e-07,2.5837095017900364e-09,4.602754498714653e-07,2.5837095017900364e-09,1.9647499999999997e-06,1.9647499999999997e-06,4.602754498714653e-07,False,False,False,0,False,,,-6.257176790896227,3.0,False,False,,,weekly,10.0,sigma,computed,/home/lkoo/projects/AutomationDetection/DownloadedLC/incremental/quiescent_background_cache.csv,,,,,,False,not_in_flare_streak
4FGL J1512.8-0906,555,556,58652.00001157408,1.59e-07,6.09e-08,1.02e-07,5.976789537712895e-07,4.602754498714653e-07,2.5837095017900364e-09,4.602754498714653e-07,2.5837095017900364e-09,1.9647499999999997e-06,1.9647499999999997e-06,4.602754498714653e-07,True,False,False,0,False,,,-4.9426055788196175,3.0,False,False,,,weekly,10.0,sigma,computed,/home/lkoo/projects/AutomationDetection/DownloadedLC/incremental/quiescent_background_cache.csv,,,,,,False,not_in_flare_streak
4FGL J1512.8-0906,556,557,58659.00001157408,3.01e-07,6.98e-08,1.59e-07,5.976789537712895e-07,4.602754498714653e-07,2.5837095017900364e-09,4.602754498714653e-07,2.5837095017900364e-09,1.9647499999999997e-06,1.9647499999999997e-06,4.602754498714653e-07,True,False,False,0,False,,,-2.280321549227338,3.0,False,False,,,weekly,10.0,sigma,computed,/home/lkoo/projects/AutomationDetection/DownloadedLC/incremental/quiescent_background_cache.csv,,,,,,False,not_in_flare_streak
4FGL J1512.8-0906,557,558,58666.00001157408,4.16e-07,7.87e-08,3.01e-07,5.976789537712895e-07,4.602754498714653e-07,2.5837095017900364e-09,4.602754498714653e-07,2.5837095017900364e-09,1.9647499999999997e-06,1.9647499999999997e-06,4.602754498714653e-07,True,False,False,0,False,,,-0.5622821997052493,3.0,False,False,,,weekly,10.0,sigma,computed,/home/lkoo/projects/AutomationDetection/DownloadedLC/incremental/quiescent_background_cache.csv,,,,,,False,not_in_flare_streak
4FGL J1512.8-0906,558,559,58673.00001157408,2.31e-07,5.48e-08,4.16e-07,5.976789537712895e-07,4.602754498714653e-07,2.5837095017900364e-09,4.602754498714653e-07,2.5837095017900364e-09,1.9647499999999997e-06,1.9647499999999997e-06,4.602754498714653e-07,False,False,False,0,False,,,-4.179216095497947,3.0,False,False,,,weekly,10.0,sigma,computed,/home/lkoo/projects/AutomationDetection/DownloadedLC/incremental/quiescent_background_cache.csv,,,,,,False,not_in_flare_streak
4FGL J1512.8-0906,559,560,58680.00001157408,2.88e-07,5.85e-08,2.31e-07,5.976789537712895e-07,4.602754498714653e-07,2.5837095017900364e-09,4.602754498714653e-07,2.5837095017900364e-09,1.9647499999999997e-06,1.9647499999999997e-06,4.602754498714653e-07,True,False,False,0,False,,,-2.9420114901208465,3.0,False,False,,,weekly,10.0,sigma,computed,/home/lkoo/projects/AutomationDetection/DownloadedLC/incremental/quiescent_background_cache.csv,,,,,,False,not_in_flare_streak
4FGL J1512.8-0906,560,561,58687.00001157408,7.13e-07,5.88e-08,2.88e-07,5.976789537712895e-07,4.602754498714653e-07,2.5837095017900364e-09,4.602754498714653e-07,2.5837095017900364e-09,1.9647499999999997e-06,1.9647499999999997e-06,4.602754498714653e-07,True,True,False,0,False,,,4.293893284903746,3.0,True,True,58687.00001157408,58687.00001157408,weekly,10.0,sigma,computed,/home/lkoo/projects/AutomationDetection/DownloadedLC/incremental/quiescent_background_cache.csv,,,,,,False,not_in_flare_streak
4FGL J1512.8-0906,561,562,58694.00001157408,9.4e-07,7.27e-08,7.13e-07,5.976789537712895e-07,4.602754498714653e-07,2.5837095017900364e-09,4.602754498714653e-07,2.5837095017900364e-09,1.9647499999999997e-06,1.9647499999999997e-06,4.602754498714653e-07,True,True,False,0,False,,,6.594523798642447,3.0,True,True,58687.00001157408,58694.00001157408,weekly,10.0,sigma,computed,/home/lkoo/projects/AutomationDetection/DownloadedLC/incremental/quiescent_background_cache.csv,,,,,,False,not_in_flare_streak
4FGL J1512.8-0906,562,563,58701.00001157408,8.74e-07,7.92e-08,9.4e-07,5.976789537712895e-07,4.602754498714653e-07,2.5837095017900364e-09,4.602754498714653e-07,2.5837095017900364e-09,1.9647499999999997e-06,1.9647499999999997e-06,4.602754498714653e-07,False,True,False,0,False,,,5.221017372341327,3.0,True,True,58687.00001157408,58701.00001157408,weekly,10.0,sigma,computed,/home/lkoo/projects/AutomationDetection/DownloadedLC/incremental/quiescent_background_cache.csv,,,,,,False,not_in_flare_streak
4FGL J1512.8-0906,563,564,58708.00001157408,6.54e-07,8.39e-08,8.74e-07,5.976789537712895e-07,4.602754498714653e-07,2.5837095017900364e-09,4.602754498714653e-07,2.5837095017900364e-09,1.9647499999999997e-06,1.9647499999999997e-06,4.602754498714653e-07,False,True,False,0,False,,,2.307899370368845,3.0,False,True,58687.00001157408,58708.00001157408,weekly,10.0,sigma,computed,/home/lkoo/projects/AutomationDetection/DownloadedLC/incremental/quiescent_background_cache.csv,,,,,,False,not_in_flare_streak
4FGL J1512.8-0906,564,565,58715.00001157408,6.96e-07,9.36e-08,6.54e-07,5.976789537712895e-07,4.602754498714653e-07,2.5837095017900364e-09,4.602754498714653e-07,2.5837095017900364e-09,1.9647499999999997e-06,1.9647499999999997e-06,4.602754498714653e-07,True,True,False,0,False,,,2.517465751674932,3.0,False,True,58687.00001157408,58715.00001157408,weekly,10.0,sigma,computed,/home/lkoo/projects/AutomationDetection/DownloadedLC/incremental/quiescent_background_cache.csv,,,,,,False,not_in_flare_streak
4FGL J1512.8-0906,565,566,58722.00001157408,5.78e-07,6.88e-08,6.96e-07,5.976789537712895e-07,4.602754498714653e-07,2.5837095017900364e-09,4.602754498714653e-07,2.5837095017900364e-09,1.9647499999999997e-06,1.9647499999999997e-06,4.602754498714653e-07,False,True,False,0,False,,,1.7099073336987318,3.0,False,True,58687.00001157408,58722.00001157408,weekly,10.0,sigma,computed,/home/lkoo/projects/AutomationDetection/DownloadedLC/incremental/quiescent_background_cache.csv,,,,,,False,not_in_flare_streak
4FGL J1512.8-0906,566,567,58729.00001157408,2.72e-07,4.87e-08,5.78e-07,5.976789537712895e-07,4.602754498714653e-07,2.5837095017900364e-09,4.602754498714653e-07,2.5837095017900364e-09,1.9647499999999997e-06,1.9647499999999997e-06,4.602754498714653e-07,False,False,False,0,False,,,-3.8605963057100667,3.0,False,False,,,weekly,10.0,sigma,computed,/home/lkoo/projects/AutomationDetection/DownloadedLC/incremental/quiescent_background_cache.csv,,,,,,False,not_in_flare_streak
4FGL J1512.8-0906,567,568,58736.00001157408,1.81e-07,5.27e-08,2.72e-07,5.976789537712895e-07,4.602754498714653e-07,2.5837095017900364e-09,4.602754498714653e-07,2.5837095017900364e-09,1.9647499999999997e-06,1.9647499999999997e-06,4.602754498714653e-07,False,False,False,0,False,,,-5.292987048183753,3.0,False,False,,,weekly,10.0,sigma,computed,/home/lkoo/projects/AutomationDetection/DownloadedLC/incremental/quiescent_background_cache.csv,,,,,,False,not_in_flare_streak
4FGL J1512.8-0906,568,569,58743.00001157408,4.87e-07,5.64e-08,1.81e-07,5.976789537712895e-07,4.602754498714653e-07,2.5837095017900364e-09,4.602754498714653e-07,2.5837095017900364e-09,1.9647499999999997e-06,1.9647499999999997e-06,4.602754498714653e-07,True,True,False,0,False,,,0.47334312324105704,3.0,False,False,,,weekly,10.0,sigma,computed,/home/lkoo/projects/AutomationDetection/DownloadedLC/incremental/quiescent_background_cache.csv,,,,,,False,not_in_flare_streak
4FGL J1512.8-0906,569,570,58750.00001157408,5.58e-07,6.52e-08,4.87e-07,5.976789537712895e-07,4.602754498714653e-07,2.5837095017900364e-09,4.602754498714653e-07,2.5837095017900364e-09,1.9647499999999997e-06,1.9647499999999997e-06,4.602754498714653e-07,True,True,False,0,False,,,1.497667335320959,3.0,False,False,,,weekly,10.0,sigma,computed,/home/lkoo/projects/AutomationDetection/DownloadedLC/incremental/quiescent_background_cache.csv,,,,,,False,not_in_flare_streak
4FGL J1512.8-0906,570,571,58757.00001157408,2.19e-07,6.43e-08,5.58e-07,5.976789537712895e-07,4.602754498714653e-07,2.5837095017900364e-09,4.602754498714653e-07,2.5837095017900364e-09,1.9647499999999997e-06,1.9647499999999997e-06,4.602754498714653e-07,False,False,False,0,False,,,-3.749314207529046,3.0,False,False,,,weekly,10.0,sigma,computed,/home/lkoo/projects/AutomationDetection/DownloadedLC/incremental/quiescent_background_cache.csv,,,,,,False,not_in_flare_streak
4FGL J1512.8-0906,571,572,58764.00001157408,8.38e-08,6.51e-08,2.19e-07,5.976789537712895e-07,4.602754498714653e-07,2.5837095017900364e-09,4.602754498714653e-07,2.5837095017900364e-09,1.9647499999999997e-06,1.9647499999999997e-06,4.602754498714653e-07,False,False,False,0,False,,,-5.7784837891472955,3.0,False,False,,,weekly,10.0,sigma,computed,/home/lkoo/projects/AutomationDetection/DownloadedLC/incremental/quiescent_background_cache.csv,,,,,,False,not_in_flare_streak
4FGL J1512.8-0906,572,573,58771.00001157408,2.83e-07,7.98e-08,8.38e-08,5.976789537712895e-07,4.602754498714653e-07,2.5837095017900364e-09,4.602754498714653e-07,2.5837095017900364e-09,1.9647499999999997e-06,1.9647499999999997e-06,4.602754498714653e-07,True,False,False,0,False,,,-2.220333393372301,3.0,False,False,,,weekly,10.0,sigma,computed,/home/lkoo/projects/AutomationDetection/DownloadedLC/incremental/quiescent_background_cache.csv,,,,,,False,not_in_flare_streak
4FGL J1512.8-0906,573,574,58778.00001157408,4.58e-07,8.39e-08,2.83e-07,5.976789537712895e-07,4.602754498714653e-07,2.5837095017900364e-09,4.602754498714653e-07,2.5837095017900364e-09,1.9647499999999997e-06,1.9647499999999997e-06,4.602754498714653e-07,True,False,False,0,False,,,-0.027108125026881143,3.0,False,False,,,weekly,10.0,sigma,computed,/home/lkoo/projects/AutomationDetection/DownloadedLC/incremental/quiescent_background_cache.csv,,,,,,False,not_in_flare_streak
4FGL J1512.8-0906,574,575,58785.00001157408,6.29e-07,8.3e-08,4.58e-07,5.976789537712895e-07,4.602754498714653e-07,2.5837095017900364e-09,4.602754498714653e-07,2.5837095017900364e-09,1.9647499999999997e-06,1.9647499999999997e-06,4.602754498714653e-07,True,True,False,0,False,,,2.0318416994492936,3.0,False,False,,,weekly,10.0,sigma,computed,/home/lkoo/projects/AutomationDetection/DownloadedLC/incremental/quiescent_background_cache.csv,,,,,,False,not_in_flare_streak
4FGL J1512.8-0906,575,576,58792.00001157408,8.12e-08,7.07e-08,6.29e-07,5.976789537712895e-07,4.602754498714653e-07,2.5837095017900364e-09,4.602754498714653e-07,2.5837095017900364e-09,1.9647499999999997e-06,1.9647499999999997e-06,4.602754498714653e-07,False,False,False,0,False,,,-5.3581693464659175,3.0,False,False,,,weekly,10.0,sigma,computed,/home/lkoo/projects/AutomationDetection/DownloadedLC/incremental/quiescent_background_cache.csv,,,,,,False,not_in_flare_streak
4FGL J1512.8-0906,576,577,58806.00001157408,2.69e-07,9.17e-08,8.12e-08,5.976789537712895e-07,4.602754498714653e-07,2.5837095017900364e-09,4.602754498714653e-07,2.5837095017900364e-09,1.9647499999999997e-06,1.9647499999999997e-06,4.602754498714653e-07,True,False,False,0,False,,,-2.085055302594273,3.0,False,False,,,weekly,10.0,sigma,computed,/home/lkoo/projects/AutomationDetection/DownloadedLC/incremental/quiescent_background_cache.csv,,,,,,False,not_in_flare_streak
4FGL J1512.8-0906,577,578,58813.00001157408,1.72e-07,6.16e-08,2.69e-07,5.976789537712895e-07,4.602754498714653e-07,2.5837095017900364e-09,4.602754498714653e-07,2.5837095017900364e-09,1.9647499999999997e-06,1.9647499999999997e-06,4.602754498714653e-07,False,False,False,0,False,,,-4.675685237135307,3.0,False,False,,,weekly,10.0,sigma,computed,/home/lkoo/projects/AutomationDetection/DownloadedLC/incremental/quiescent_background_cache.csv,,,,,,False,not_in_flare_streak
4FGL J1512.8-0906,578,579,58820.00001157408,1.31e-07,5.32e-08,1.72e-07,5.976789537712895e-07,4.602754498714653e-07,2.5837095017900364e-09,4.602754498714653e-07,2.5837095017900364e-09,1.9647499999999997e-06,1.9647499999999997e-06,4.602754498714653e-07,False,False,False,0,False,,,-6.182101732296453,3.0,False,False,,,weekly,10.0,sigma,computed,/home/lkoo/projects/AutomationDetection/DownloadedLC/incremental/quiescent_background_cache.csv,,,,,,False,not_in_flare_streak
4FGL J1512.8-0906,579,580,58827.00001157408,1.51e-07,5.46e-08,1.31e-07,5.976789537712895e-07,4.602754498714653e-07,2.5837095017900364e-09,4.602754498714653e-07,2.5837095017900364e-09,1.9647499999999997e-06,1.9647499999999997e-06,4.602754498714653e-07,True,False,False,0,False,,,-5.658054179598288,3.0,False,False,,,weekly,10.0,sigma,computed,/home/lkoo/projects/AutomationDetection/DownloadedLC/incremental/quiescent_background_cache.csv,,,,,,False,not_in_flare_streak
4FGL J1512.8-0906,580,581,58834.00001157408,2.86e-07,6.42e-08,1.51e-07,5.976789537712895e-07,4.602754498714653e-07,2.5837095017900364e-09,4.602754498714653e-07,2.5837095017900364e-09,1.9647499999999997e-06,1.9647499999999997e-06,4.602754498714653e-07,True,False,False,0,False,,,-2.7123752292339156,3.0,False,False,,,weekly,10.0,sigma,computed,/home/lkoo/projects/AutomationDetection/DownloadedLC/incremental/quiescent_background_cache.csv,,,,,,False,not_in_flare_streak
4FGL J1512.8-0906,581,582,58841.00001157408,3.43e-07,6.21e-08,2.86e-07,5.976789537712895e-07,4.602754498714653e-07,2.5837095017900364e-09,4.602754498714653e-07,2.5837095017900364e-09,1.9647499999999997e-06,1.9647499999999997e-06,4.602754498714653e-07,True,False,False,0,False,,,-1.8868611578157912,3.0,False,False,,,weekly,10.0,sigma,computed,/home/lkoo/projects/AutomationDetection/DownloadedLC/incremental/quiescent_background_cache.csv,,,,,,False,not_in_flare_streak
4FGL J1512.8-0906,582,583,58848.00001157408,2.41e-07,4.73e-08,3.43e-07,5.976789537712895e-07,4.602754498714653e-07,2.5837095017900364e-09,4.602754498714653e-07,2.5837095017900364e-09,1.9647499999999997e-06,1.9647499999999997e-06,4.602754498714653e-07,False,False,False,0,False,,,-4.628943902011626,3.0,False,False,,,weekly,10.0,sigma,computed,/home/lkoo/projects/AutomationDetection/DownloadedLC/incremental/quiescent_background_cache.csv,,,,,,False,not_in_flare_streak
4FGL J1512.8-0906,583,584,58855.00001157408,1.54e-07,3.99e-08,2.41e-07,5.976789537712895e-07,4.602754498714653e-07,2.5837095017900364e-09,4.602754498714653e-07,2.5837095017900364e-09,1.9647499999999997e-06,1.9647499999999997e-06,4.602754498714653e-07,False,False,False,0,False,,,-7.660033360205563,3.0,False,False,,,weekly,10.0,sigma,computed,/home/lkoo/projects/AutomationDetection/DownloadedLC/incremental/quiescent_background_cache.csv,,,,,,False,not_in_flare_streak
4FGL J1512.8-0906,584,585,58862.00001157408,5.97e-07,6.49e-08,1.54e-07,5.976789537712895e-07,4.602754498714653e-07,2.5837095017900364e-09,4.602754498714653e-07,2.5837095017900364e-09,1.9647499999999997e-06,1.9647499999999997e-06,4.602754498714653e-07,True,True,False,0,False,,,2.1050282334046684,3.0,False,False,,,weekly,10.0,sigma,computed,/home/lkoo/projects/AutomationDetection/DownloadedLC/incremental/quiescent_background_cache.csv,,,,,,False,not_in_flare_streak
4FGL J1512.8-0906,585,586,58869.00001157408,7.88e-07,7.88e-08,5.97e-07,5.976789537712895e-07,4.602754498714653e-07,2.5837095017900364e-09,4.602754498714653e-07,2.5837095017900364e-09,1.9647499999999997e-06,1.9647499999999997e-06,4.602754498714653e-07,True,True,False,0,False,,,4.1567072253891375,3.0,True,True,58869.00001157408,58869.00001157408,weekly,10.0,sigma,computed,/home/lkoo/projects/AutomationDetection/DownloadedLC/incremental/quiescent_background_cache.csv,,,,,,False,not_in_flare_streak
4FGL J1512.8-0906,586,587,58876.00001157408,5.31e-07,7.94e-08,7.88e-07,5.976789537712895e-07,4.602754498714653e-07,2.5837095017900364e-09,4.602754498714653e-07,2.5837095017900364e-09,1.9647499999999997e-06,1.9647499999999997e-06,4.602754498714653e-07,False,True,False,0,False,,,0.8902661897549397,3.0,False,True,58869.00001157408,58876.00001157408,weekly,10.0,sigma,computed,/home/lkoo/projects/AutomationDetection/DownloadedLC/incremental/quiescent_background_cache.csv,,,,,,False,not_in_flare_streak
4FGL J1512.8-0906,587,588,58883.00001157408,4.93e-07,6.19e-08,5.31e-07,5.976789537712895e-07,4.602754498714653e-07,2.5837095017900364e-09,4.602754498714653e-07,2.5837095017900364e-09,1.9647499999999997e-06,1.9647499999999997e-06,4.602754498714653e-07,False,True,False,0,False,,,0.5282080846407045,3.0,False,True,58869.00001157408,58883.00001157408,weekly,10.0,sigma,computed,/home/lkoo/projects/AutomationDetection/DownloadedLC/incremental/quiescent_background_cache.csv,,,,,,False,not_in_flare_streak
4FGL J1512.8-0906,588,589,58890.00001157408,4.8e-07,5.31e-08,4.93e-07,5.976789537712895e-07,4.602754498714653e-07,2.5837095017900364e-09,4.602754498714653e-07,2.5837095017900364e-09,1.9647499999999997e-06,1.9647499999999997e-06,4.602754498714653e-07,False,True,False,0,False,,,0.37102150891004354,3.0,False,True,58869.00001157408,58890.00001157408,weekly,10.0,sigma,computed,/home/lkoo/projects/AutomationDetection/DownloadedLC/incremental/quiescent_background_cache.csv,,,,,,False,not_in_flare_streak
4FGL J1512.8-0906,589,590,58897.00001157408,8.31e-07,6.09e-08,4.8e-07,5.976789537712895e-07,4.602754498714653e-07,2.5837095017900364e-09,4.602754498714653e-07,2.5837095017900364e-09,1.9647499999999997e-06,1.9647499999999997e-06,4.602754498714653e-07,True,True,False,0,False,,,6.081959981978059,3.0,True,True,58869.00001157408,58897.00001157408,weekly,10.0,sigma,computed,/home/lkoo/projects/AutomationDetection/DownloadedLC/incremental/quiescent_background_cache.csv,,,,,,False,not_in_flare_streak
4FGL J1512.8-0906,590,591,58904.00001157408,5.08e-07,5.14e-08,8.31e-07,5.976789537712895e-07,4.602754498714653e-07,2.5837095017900364e-09,4.602754498714653e-07,2.5837095017900364e-09,1.9647499999999997e-06,1.9647499999999997e-06,4.602754498714653e-07,False,True,False,0,False,,,0.9273223794666856,3.0,False,True,58869.00001157408,58904.00001157408,weekly,10.0,sigma,computed,/home/lkoo/projects/AutomationDetection/DownloadedLC/incremental/quiescent_background_cache.csv,,,,,,False,not_in_flare_streak
4FGL J1512.8-0906,591,592,58911.00001157408,5.72e-07,6.3e-08,5.08e-07,5.976789537712895e-07,4.602754498714653e-07,2.5837095017900364e-09,4.602754498714653e-07,2.5837095017900364e-09,1.9647499999999997e-06,1.9647499999999997e-06,4.602754498714653e-07,True,True,False,0,False,,,1.771916069901456,3.0,False,True,58869.00001157408,58911.00001157408,weekly,10.0,sigma,computed,/home/lkoo/projects/AutomationDetection/DownloadedLC/incremental/quiescent_background_cache.csv,,,,,,False,not_in_flare_streak
4FGL J1512.8-0906,592,593,58918.00001157408,3.59e-07,6.98e-08,5.72e-07,5.976789537712895e-07,4.602754498714653e-07,2.5837095017900364e-09,4.602754498714653e-07,2.5837095017900364e-09,1.9647499999999997e-06,1.9647499999999997e-06,4.602754498714653e-07,False,False,False,0,False,,,-1.449944677198925,3.0,False,False,,,weekly,10.0,sigma,computed,/home/lkoo/projects/AutomationDetection/DownloadedLC/incremental/quiescent_background_cache.csv,,,,,,False,not_in_flare_streak
4FGL J1512.8-0906,593,594,58925.00001157408,4.64e-07,7.28e-08,3.59e-07,5.976789537712895e-07,4.602754498714653e-07,2.5837095017900364e-09,4.602754498714653e-07,2.5837095017900364e-09,1.9647499999999997e-06,1.9647499999999997e-06,4.602754498714653e-07,True,True,False,0,False,,,0.051129212416465133,3.0,False,False,,,weekly,10.0,sigma,computed,/home/lkoo/projects/AutomationDetection/DownloadedLC/incremental/quiescent_background_cache.csv,,,,,,False,not_in_flare_streak
4FGL J1512.8-0906,594,595,58932.00001157408,4.1e-07,7.57e-08,4.64e-07,5.976789537712895e-07,4.602754498714653e-07,2.5837095017900364e-09,4.602754498714653e-07,2.5837095017900364e-09,1.9647499999999997e-06,1.9647499999999997e-06,4.602754498714653e-07,False,False,False,0,False,,,-0.6637541879279031,3.0,False,False,,,weekly,10.0,sigma,computed,/home/lkoo/projects/AutomationDetection/DownloadedLC/incremental/quiescent_background_cache.csv,,,,,,False,not_in_flare_streak
4FGL J1512.8-0906,595,596,58939.00001157408,2.01e-07,6.07e-08,4.1e-07,5.976789537712895e-07,4.602754498714653e-07,2.5837095017900364e-09,4.602754498714653e-07,2.5837095017900364e-09,1.9647499999999997e-06,1.9647499999999997e-06,4.602754498714653e-07,False,False,False,0,False,,,-4.267559984693252,3.0,False,False,,,weekly,10.0,sigma,computed,/home/lkoo/projects/AutomationDetection/DownloadedLC/incremental/quiescent_background_cache.csv,,,,,,False,not_in_flare_streak
4FGL J1512.8-0906,596,597,58946.00001157408,1.03e-07,5.21e-08,2.01e-07,5.976789537712895e-07,4.602754498714653e-07,2.5837095017900364e-09,4.602754498714653e-07,2.5837095017900364e-09,1.9647499999999997e-06,1.9647499999999997e-06,4.602754498714653e-07,False,False,False,0,False,,,-6.849077435077624,3.0,False,False,,,weekly,10.0,sigma,computed,/home/lkoo/projects/AutomationDetection/DownloadedLC/incremental/quiescent_background_cache.csv,,,,,,False,not_in_flare_streak
4FGL J1512.8-0906,597,598,58953.00001157408,1.14e-07,9.81e-08,1.03e-07,5.976789537712895e-07,4.602754498714653e-07,2.5837095017900364e-09,4.602754498714653e-07,2.5837095017900364e-09,1.9647499999999997e-06,1.9647499999999997e-06,4.602754498714653e-07,True,False,False,0,False,,,-3.5285974806973703,3.0,False,False,,,weekly,10.0,sigma,computed,/home/lkoo/projects/AutomationDetection/DownloadedLC/incremental/quiescent_background_cache.csv,,,,,,False,not_in_flare_streak
4FGL J1512.8-0906,598,599,58981.00001157408,9.27e-08,5.03e-08,1.14e-07,5.976789537712895e-07,4.602754498714653e-07,2.5837095017900364e-09,4.602754498714653e-07,2.5837095017900364e-09,1.9647499999999997e-06,1.9647499999999997e-06,4.602754498714653e-07,False,False,False,0,False,,,-7.298041546752362,3.0,False,False,,,weekly,10.0,sigma,computed,/home/lkoo/projects/AutomationDetection/DownloadedLC/incremental/quiescent_background_cache.csv,,,,,,False,not_in_flare_streak
4FGL J1512.8-0906,599,600,58995.00001157408,6.32e-08,3.09e-08,9.27e-08,5.976789537712895e-07,4.602754498714653e-07,2.5837095017900364e-09,4.602754498714653e-07,2.5837095017900364e-09,1.9647499999999997e-06,1.9647499999999997e-06,4.602754498714653e-07,False,False,False,0,False,,,-12.805650797169854,3.0,False,False,,,weekly,10.0,sigma,computed,/home/lkoo/projects/AutomationDetection/DownloadedLC/incremental/quiescent_background_cache.csv,,,,,,False,not_in_flare_streak
4FGL J1512.8-0906,600,601,59009.00001157408,4.34e-08,3.09e-08,6.32e-08,5.976789537712895e-07,4.602754498714653e-07,2.5837095017900364e-09,4.602754498714653e-07,2.5837095017900364e-09,1.9647499999999997e-06,1.9647499999999997e-06,4.602754498714653e-07,False,False,False,0,False,,,-13.444199178506546,3.0,False,False,,,weekly,10.0,sigma,computed,/home/lkoo/projects/AutomationDetection/DownloadedLC/incremental/quiescent_background_cache.csv,,,,,,False,not_in_flare_streak
4FGL J1512.8-0906,601,602,59016.00001157408,3.84e-07,6.58e-08,4.34e-08,5.976789537712895e-07,4.602754498714653e-07,2.5837095017900364e-09,4.602754498714653e-07,2.5837095017900364e-09,1.9647499999999997e-06,1.9647499999999997e-06,4.602754498714653e-07,True,False,False,0,False,,,-1.1583087540448855,3.0,False,False,,,weekly,10.0,sigma,computed,/home/lkoo/projects/AutomationDetection/DownloadedLC/incremental/quiescent_background_cache.csv,,,,,,False,not_in_flare_streak
4FGL J1512.8-0906,602,603,59023.00001157408,7.46e-07,8.91e-08,3.84e-07,5.976789537712895e-07,4.602754498714653e-07,2.5837095017900364e-09,4.602754498714653e-07,2.5837095017900364e-09,1.9647499999999997e-06,1.9647499999999997e-06,4.602754498714653e-07,True,True,False,0,False,,,3.20543766978345,3.0,True,True,59023.00001157408,59023.00001157408,weekly,10.0,sigma,computed,/home/lkoo/projects/AutomationDetection/DownloadedLC/incremental/quiescent_background_cache.csv,,,,,,False,not_in_flare_streak
4FGL J1512.8-0906,603,604,59030.00001157408,4.97e-07,8.62e-08,7.46e-07,5.976789537712895e-07,4.602754498714653e-07,2.5837095017900364e-09,4.602754498714653e-07,2.5837095017900364e-09,1.9647499999999997e-06,1.9647499999999997e-06,4.602754498714653e-07,False,True,False,0,False,,,0.42584761543558175,3.0,False,True,59023.00001157408,59030.00001157408,weekly,10.0,sigma,computed,/home/lkoo/projects/AutomationDetection/DownloadedLC/incremental/quiescent_background_cache.csv,,,,,,False,not_in_flare_streak
4FGL J1512.8-0906,604,605,59037.00001157408,7.54e-07,1.04e-07,4.97e-07,5.976789537712895e-07,4.602754498714653e-07,2.5837095017900364e-09,4.602754498714653e-07,2.5837095017900364e-09,1.9647499999999997e-06,1.9647499999999997e-06,4.602754498714653e-07,True,True,False,0,False,,,2.823403363081205,3.0,False,True,59023.00001157408,59037.00001157408,weekly,10.0,sigma,computed,/home/lkoo/projects/AutomationDetection/DownloadedLC/incremental/quiescent_background_cache.csv,,,,,,False,not_in_flare_streak
4FGL J1512.8-0906,605,606,59044.00001157408,7.33e-07,7.2e-08,7.54e-07,5.976789537712895e-07,4.602754498714653e-07,2.5837095017900364e-09,4.602754498714653e-07,2.5837095017900364e-09,1.9647499999999997e-06,1.9647499999999997e-06,4.602754498714653e-07,False,True,False,0,False,,,3.785404482381961,3.0,True,True,59023.00001157408,59044.00001157408,weekly,10.0,sigma,computed,/home/lkoo/projects/AutomationDetection/DownloadedLC/incremental/quiescent_background_cache.csv,,,,,,False,not_in_flare_streak
4FGL J1512.8-0906,606,607,59051.00001157408,4.73e-07,5.72e-08,7.33e-07,5.976789537712895e-07,4.602754498714653e-07,2.5837095017900364e-09,4.602754498714653e-07,2.5837095017900364e-09,1.9647499999999997e-06,1.9647499999999997e-06,4.602754498714653e-07,False,True,False,0,False,,,0.2222305764110474,3.0,False,True,59023.00001157408,59051.00001157408,weekly,10.0,sigma,computed,/home/lkoo/projects/AutomationDetection/DownloadedLC/incremental/quiescent_background_cache.csv,,,,,,False,not_in_flare_streak
4FGL J1512.8-0906,607,608,59058.00001157408,3.34e-07,4.55e-08,4.73e-07,5.976789537712895e-07,4.602754498714653e-07,2.5837095017900364e-09,4.602754498714653e-07,2.5837095017900364e-09,1.9647499999999997e-06,1.9647499999999997e-06,4.602754498714653e-07,False,False,False,0,False,,,-2.7708209293965993,3.0,False,False,,,weekly,10.0,sigma,computed,/home/lkoo/projects/AutomationDetection/DownloadedLC/incremental/quiescent_background_cache.csv,,,,,,False,not_in_flare_streak
4FGL J1512.8-0906,608,609,59065.00001157408,3.04e-07,4.94e-08,3.34e-07,5.976789537712895e-07,4.602754498714653e-07,2.5837095017900364e-09,4.602754498714653e-07,2.5837095017900364e-09,1.9647499999999997e-06,1.9647499999999997e-06,4.602754498714653e-07,False,False,False,0,False,,,-3.159152697324768,3.0,False,False,,,weekly,10.0,sigma,computed,/home/lkoo/projects/AutomationDetection/DownloadedLC/incremental/quiescent_background_cache.csv,,,,,,False,not_in_flare_streak
4FGL J1512.8-0906,609,610,59072.00001157408,3.07e-07,5.93e-08,3.04e-07,5.976789537712895e-07,4.602754498714653e-07,2.5837095017900364e-09,4.602754498714653e-07,2.5837095017900364e-09,1.9647499999999997e-06,1.9647499999999997e-06,4.602754498714653e-07,True,False,False,0,False,,,-2.582296305069386,3.0,False,False,,,weekly,10.0,sigma,computed,/home/lkoo/projects/AutomationDetection/DownloadedLC/incremental/quiescent_background_cache.csv,,,,,,False,not_in_flare_streak
4FGL J1512.8-0906,610,611,59079.00001157408,4.56e-07,8.28e-08,3.07e-07,5.976789537712895e-07,4.602754498714653e-07,2.5837095017900364e-09,4.602754498714653e-07,2.5837095017900364e-09,1.9647499999999997e-06,1.9647499999999997e-06,4.602754498714653e-07,True,False,False,0,False,,,-0.051610747346043796,3.0,False,False,,,weekly,10.0,sigma,computed,/home/lkoo/projects/AutomationDetection/DownloadedLC/incremental/quiescent_background_cache.csv,,,,,,False,not_in_flare_streak
4FGL J1512.8-0906,611,612,59086.00001157408,1.44e-07,1.04e-07,4.56e-07,5.976789537712895e-07,4.602754498714653e-07,2.5837095017900364e-09,4.602754498714653e-07,2.5837095017900364e-09,1.9647499999999997e-06,1.9647499999999997e-06,4.602754498714653e-07,False,False,False,0,False,,,-3.0401720538387025,3.0,False,False,,,weekly,10.0,sigma,computed,/home/lkoo/projects/AutomationDetection/DownloadedLC/incremental/quiescent_background_cache.csv,,,,,,False,not_in_flare_streak
4FGL J1512.8-0906,612,613,59093.00001157408,1.22e-07,4.17e-08,1.44e-07,5.976789537712895e-07,4.602754498714653e-07,2.5837095017900364e-09,4.602754498714653e-07,2.5837095017900364e-09,1.9647499999999997e-06,1.9647499999999997e-06,4.602754498714653e-07,False,False,False,0,False,,,-8.096594675918766,3.0,False,False,,,weekly,10.0,sigma,computed,/home/lkoo/projects/AutomationDetection/DownloadedLC/incremental/quiescent_background_cache.csv,,,,,,False,not_in_flare_streak
4FGL J1512.8-0906,613,614,59100.00001157408,2.39e-07,5.23e-08,1.22e-07,5.976789537712895e-07,4.602754498714653e-07,2.5837095017900364e-09,4.602754498714653e-07,2.5837095017900364e-09,1.9647499999999997e-06,1.9647499999999997e-06,4.602754498714653e-07,True,False,False,0,False,,,-4.225734770882112,3.0,False,False,,,weekly,10.0,sigma,computed,/home/lkoo/projects/AutomationDetection/DownloadedLC/incremental/quiescent_background_cache.csv,,,,,,False,not_in_flare_streak
4FGL J1512.8-0906,614,615,59107.00001157408,2.72e-07,5.46e-08,2.39e-07,5.976789537712895e-07,4.602754498714653e-07,2.5837095017900364e-09,4.602754498714653e-07,2.5837095017900364e-09,1.9647499999999997e-06,1.9647499999999997e-06,4.602754498714653e-07,True,False,False,0,False,,,-3.4444140215581895,3.0,False,False,,,weekly,10.0,sigma,computed,/home/lkoo/projects/AutomationDetection/DownloadedLC/incremental/quiescent_background_cache.csv,,,,,,False,not_in_flare_streak
4FGL J1512.8-0906,615,616,59114.00001157408,5.52e-07,5.84e-08,2.72e-07,5.976789537712895e-07,4.602754498714653e-07,2.5837095017900364e-09,4.602754498714653e-07,2.5837095017900364e-09,1.9647499999999997e-06,1.9647499999999997e-06,4.602754498714653e-07,True,True,False,0,False,,,1.5690910030249132,3.0,False,False,,,weekly,10.0,sigma,computed,/home/lkoo/projects/AutomationDetection/DownloadedLC/incremental/quiescent_background_cache.csv,,,,,,False,not_in_flare_streak
4FGL J1512.8-0906,616,617,59121.00001157408,4.5e-07,7.44e-08,5.52e-07,5.976789537712895e-07,4.602754498714653e-07,2.5837095017900364e-09,4.602754498714653e-07,2.5837095017900364e-09,1.9647499999999997e-06,1.9647499999999997e-06,4.602754498714653e-07,False,False,False,0,False,,,-0.1380276808701077,3.0,False,False,,,weekly,10.0,sigma,computed,/home/lkoo/projects/AutomationDetection/DownloadedLC/incremental/quiescent_background_cache.csv,,,,,,False,not_in_flare_streak
4FGL J1512.8-0906,617,618,59128.00001157408,2.67e-07,7.3e-08,4.5e-07,5.976789537712895e-07,4.602754498714653e-07,2.5837095017900364e-09,4.602754498714653e-07,2.5837095017900364e-09,1.9647499999999997e-06,1.9647499999999997e-06,4.602754498714653e-07,False,False,False,0,False,,,-2.6459521496368272,3.0,False,False,,,weekly,10.0,sigma,computed,/home/lkoo/projects/AutomationDetection/DownloadedLC/incremental/quiescent_background_cache.csv,,,,,,False,not_in_flare_streak
4FGL J1512.8-0906,618,619,59135.00001157408,2.65e-07,6.77e-08,2.67e-07,5.976789537712895e-07,4.602754498714653e-07,2.5837095017900364e-09,4.602754498714653e-07,2.5837095017900364e-09,1.9647499999999997e-06,1.9647499999999997e-06,4.602754498714653e-07,False,False,False,0,False,,,-2.8823249015294334,3.0,False,False,,,weekly,10.0,sigma,computed,/home/lkoo/projects/AutomationDetection/DownloadedLC/incremental/quiescent_background_cache.csv,,,,,,False,not_in_flare_streak
4FGL J1512.8-0906,619,620,59142.00001157408,1.47e-07,5.6e-08,2.65e-07,5.976789537712895e-07,4.602754498714653e-07,2.5837095017900364e-09,4.602754498714653e-07,2.5837095017900364e-09,1.9647499999999997e-06,1.9647499999999997e-06,4.602754498714653e-07,False,False,False,0,False,,,-5.588259802696715,3.0,False,False,,,weekly,10.0,sigma,computed,/home/lkoo/projects/AutomationDetection/DownloadedLC/incremental/quiescent_background_cache.csv,,,,,,False,not_in_flare_streak
4FGL J1512.8-0906,620,621,59149.00001157408,2.03e-07,6.41e-08,1.47e-07,5.976789537712895e-07,4.602754498714653e-07,2.5837095017900364e-09,4.602754498714653e-07,2.5837095017900364e-09,1.9647499999999997e-06,1.9647499999999997e-06,4.602754498714653e-07,True,False,False,0,False,,,-4.010401051238707,3.0,False,False,,,weekly,10.0,sigma,computed,/home/lkoo/projects/AutomationDetection/DownloadedLC/incremental/quiescent_background_cache.csv,,,,,,False,not_in_flare_streak
4FGL J1512.8-0906,621,622,59156.00001157408,7.49e-08,6.42e-08,2.03e-07,5.976789537712895e-07,4.602754498714653e-07,2.5837095017900364e-09,4.602754498714653e-07,2.5837095017900364e-09,1.9647499999999997e-06,1.9647499999999997e-06,4.602754498714653e-07,False,False,False,0,False,,,-5.9978776411547035,3.0,False,False,,,weekly,10.0,sigma,computed,/home/lkoo/projects/AutomationDetection/DownloadedLC/incremental/quiescent_background_cache.csv,,,,,,False,not_in_flare_streak
4FGL J1512.8-0906,622,623,59177.00001157408,4.73e-08,2.97e-08,7.49e-08,5.976789537712895e-07,4.602754498714653e-07,2.5837095017900364e-09,4.602754498714653e-07,2.5837095017900364e-09,1.9647499999999997e-06,1.9647499999999997e-06,4.602754498714653e-07,False,False,False,0,False,,,-13.852578746224088,3.0,False,False,,,weekly,10.0,sigma,computed,/home/lkoo/projects/AutomationDetection/DownloadedLC/incremental/quiescent_background_cache.csv,,,,,,False,not_in_flare_streak
4FGL J1512.8-0906,623,624,59205.00001157408,9.4e-08,4.11e-08,4.73e-08,5.976789537712895e-07,4.602754498714653e-07,2.5837095017900364e-09,4.602754498714653e-07,2.5837095017900364e-09,1.9647499999999997e-06,1.9647499999999997e-06,4.602754498714653e-07,True,False,False,0,False,,,-8.89425424963825,3.0,False,False,,,weekly,10.0,sigma,computed,/home/lkoo/projects/AutomationDetection/DownloadedLC/incremental/quiescent_background_cache.csv,,,,,,False,not_in_flare_streak
4FGL J1512.8-0906,624,625,59212.00001157408,9.44e-08,4.12e-08,9.4e-08,5.976789537712895e-07,4.602754498714653e-07,2.5837095017900364e-09,4.602754498714653e-07,2.5837095017900364e-09,1.9647499999999997e-06,1.9647499999999997e-06,4.602754498714653e-07,True,False,False,0,False,,,-8.863061220188616,3.0,False,False,,,weekly,10.0,sigma,computed,/home/lkoo/projects/AutomationDetection/DownloadedLC/incremental/quiescent_background_cache.csv,,,,,,False,not_in_flare_streak
4FGL J1512.8-0906,625,626,59219.00001157408,8.89e-08,3.57e-08,9.44e-08,5.976789537712895e-07,4.602754498714653e-07,2.5837095017900364e-09,4.602754498714653e-07,2.5837095017900364e-09,1.9647499999999997e-06,1.9647499999999997e-06,4.602754498714653e-07,False,False,False,0,False,,,-10.375536535246608,3.0,False,False,,,weekly,10.0,sigma,computed,/home/lkoo/projects/AutomationDetection/DownloadedLC/incremental/quiescent_background_cache.csv,,,,,,False,not_in_flare_streak
4FGL J1512.8-0906,626,627,59226.00001157408,6.07e-08,4.14e-08,8.89e-08,5.976789537712895e-07,4.602754498714653e-07,2.5837095017900364e-09,4.602754498714653e-07,2.5837095017900364e-09,1.9647499999999997e-06,1.9647499999999997e-06,4.602754498714653e-07,False,False,False,0,False,,,-9.63284008655482,3.0,False,False,,,weekly,10.0,sigma,computed,/home/lkoo/projects/AutomationDetection/DownloadedLC/incremental/quiescent_background_cache.csv,,,,,,False,not_in_flare_streak
4FGL J1512.8-0906,627,628,59233.00001157408,1.39e-07,4.88e-08,6.07e-08,5.976789537712895e-07,4.602754498714653e-07,2.5837095017900364e-09,4.602754498714653e-07,2.5837095017900364e-09,1.9647499999999997e-06,1.9647499999999997e-06,4.602754498714653e-07,True,False,False,0,False,,,-6.5743053540050065,3.0,False,False,,,weekly,10.0,sigma,computed,/home/lkoo/projects/AutomationDetection/DownloadedLC/incremental/quiescent_background_cache.csv,,,,,,False,not_in_flare_streak
4FGL J1512.8-0906,628,629,59240.00001157408,1.35e-07,5.48e-08,1.39e-07,5.976789537712895e-07,4.602754498714653e-07,2.5837095017900364e-09,4.602754498714653e-07,2.5837095017900364e-09,1.9647499999999997e-06,1.9647499999999997e-06,4.602754498714653e-07,False,False,False,0,False,,,-5.929097059171655,3.0,False,False,,,weekly,10.0,sigma,computed,/home/lkoo/projects/AutomationDetection/DownloadedLC/incremental/quiescent_background_cache.csv,,,,,,False,not_in_flare_streak
4FGL J1512.8-0906,629,630,59247.00001157408,1.66e-07,6e-08,1.35e-07,5.976789537712895e-07,4.602754498714653e-07,2.5837095017900364e-09,4.602754498714653e-07,2.5837095017900364e-09,1.9647499999999997e-06,1.9647499999999997e-06,4.602754498714653e-07,True,False,False,0,False,,,-4.90004980327257,3.0,False,False,,,weekly,10.0,sigma,computed,/home/lkoo/projects/AutomationDetection/DownloadedLC/incremental/quiescent_background_cache.csv,,,,,,False,not_in_flare_streak
4FGL J1512.8-0906,630,631,59261.00001157408,1.2e-07,3.51e-08,1.66e-07,5.976789537712895e-07,4.602754498714653e-07,2.5837095017900364e-09,4.602754498714653e-07,2.5837095017900364e-09,1.9647499999999997e-06,1.9647499999999997e-06,4.602754498714653e-07,False,False,False,0,False,,,-9.668299166449563,3.0,False,False,,,weekly,10.0,sigma,computed,/home/lkoo/projects/AutomationDetection/DownloadedLC/incremental/quiescent_background_cache.csv,,,,,,False,not_in_flare_streak
4FGL J1512.8-0906,631,632,59268.00001157408,1.54e-07,4.56e-08,1.2e-07,5.976789537712895e-07,4.602754498714653e-07,2.5837095017900364e-09,4.602754498714653e-07,2.5837095017900364e-09,1.9647499999999997e-06,1.9647499999999997e-06,4.602754498714653e-07,True,False,False,0,False,,,-6.705811376516078,3.0,False,False,,,weekly,10.0,sigma,computed,/home/lkoo/projects/AutomationDetection/DownloadedLC/incremental/quiescent_background_cache.csv,,,,,,False,not_in_flare_streak
4FGL J1512.8-0906,632,633,59275.00001157408,1.91e-07,4.49e-08,1.54e-07,5.976789537712895e-07,4.602754498714653e-07,2.5837095017900364e-09,4.602754498714653e-07,2.5837095017900364e-09,1.9647499999999997e-06,1.9647499999999997e-06,4.602754498714653e-07,True,False,False,0,False,,,-5.987321426568913,3.0,False,False,,,weekly,10.0,sigma,computed,/home/lkoo/projects/AutomationDetection/DownloadedLC/incremental/quiescent_background_cache.csv,,,,,,False,not_in_flare_streak
4FGL J1512.8-0906,633,634,59282.00001157408,2.82e-07,6.08e-08,1.91e-07,5.976789537712895e-07,4.602754498714653e-07,2.5837095017900364e-09,4.602754498714653e-07,2.5837095017900364e-09,1.9647499999999997e-06,1.9647499999999997e-06,4.602754498714653e-07,True,False,False,0,False,,,-2.9295180713914424,3.0,False,False,,,weekly,10.0,sigma,computed,/home/lkoo/projects/AutomationDetection/DownloadedLC/incremental/quiescent_background_cache.csv,,,,,,False,not_in_flare_streak
4FGL J1512.8-0906,634,635,59289.00001157408,3.8e-07,7.06e-08,2.82e-07,5.976789537712895e-07,4.602754498714653e-07,2.5837095017900364e-09,4.602754498714653e-07,2.5837095017900364e-09,1.9647499999999997e-06,1.9647499999999997e-06,4.602754498714653e-07,True,False,False,0,False,,,-1.1362853731118059,3.0,False,False,,,weekly,10.0,sigma,computed,/home/lkoo/projects/AutomationDetection/DownloadedLC/incremental/quiescent_background_cache.csv,,,,,,False,not_in_flare_streak
4FGL J1512.8-0906,635,636,59296.00001157408,5.81e-07,7.49e-08,3.8e-07,5.976789537712895e-07,4.602754498714653e-07,2.5837095017900364e-09,4.602754498714653e-07,2.5837095017900364e-09,1.9647499999999997e-06,1.9647499999999997e-06,4.602754498714653e-07,True,True,False,0,False,,,1.6108516275371239,3.0,False,False,,,weekly,10.0,sigma,computed,/home/lkoo/projects/AutomationDetection/DownloadedLC/incremental/quiescent_background_cache.csv,,,,,,False,not_in_flare_streak
4FGL J1512.8-0906,636,637,59303.00001157408,6e-07,8.77e-08,5.81e-07,5.976789537712895e-07,4.602754498714653e-07,2.5837095017900364e-09,4.602754498714653e-07,2.5837095017900364e-09,1.9647499999999997e-06,1.9647499999999997e-06,4.602754498714653e-07,True,True,False,0,False,,,1.5925194244152767,3.0,False,False,,,weekly,10.0,sigma,computed,/home/lkoo/projects/AutomationDetection/DownloadedLC/incremental/quiescent_background_cache.csv,,,,,,False,not_in_flare_streak
4FGL J1512.8-0906,637,638,59310.00001157408,4.79e-07,7.7e-08,6e-07,5.976789537712895e-07,4.602754498714653e-07,2.5837095017900364e-09,4.602754498714653e-07,2.5837095017900364e-09,1.9647499999999997e-06,1.9647499999999997e-06,4.602754498714653e-07,False,True,False,0,False,,,0.24303919335163368,3.0,False,False,,,weekly,10.0,sigma,computed,/home/lkoo/projects/AutomationDetection/DownloadedLC/incremental/quiescent_background_cache.csv,,,,,,False,not_in_flare_streak
4FGL J1512.8-0906,638,639,59317.00001157408,7.06e-07,7.02e-08,4.79e-07,5.976789537712895e-07,4.602754498714653e-07,2.5837095017900364e-09,4.602754498714653e-07,2.5837095017900364e-09,1.9647499999999997e-06,1.9647499999999997e-06,4.602754498714653e-07,True,True,False,0,False,,,3.497981324679899,3.0,True,True,59317.00001157408,59317.00001157408,weekly,10.0,sigma,computed,/home/lkoo/projects/AutomationDetection/DownloadedLC/incremental/quiescent_background_cache.csv,,,,,,False,not_in_flare_streak
4FGL J1512.8-0906,639,640,59338.00001157408,2.94e-07,7.5e-08,7.06e-07,5.976789537712895e-07,4.602754498714653e-07,2.5837095017900364e-09,4.602754498714653e-07,2.5837095017900364e-09,1.9647499999999997e-06,1.9647499999999997e-06,4.602754498714653e-07,False,False,False,0,False,,,-2.215691635161158,3.0,False,False,,,weekly,10.0,sigma,computed,/home/lkoo/projects/AutomationDetection/DownloadedLC/incremental/quiescent_background_cache.csv,,,,,,False,not_in_flare_streak
4FGL J1512.8-0906,640,641,59345.00001157408,4.15e-07,7.71e-08,2.94e-07,5.976789537712895e-07,4.602754498714653e-07,2.5837095017900364e-09,4.602754498714653e-07,2.5837095017900364e-09,1.9647499999999997e-06,1.9647499999999997e-06,4.602754498714653e-07,True,False,False,0,False,,,-0.5869007673829894,3.0,False,False,,,weekly,10.0,sigma,computed,/home/lkoo/projects/AutomationDetection/DownloadedLC/incremental/quiescent_background_cache.csv,,,,,,False,not_in_flare_streak
4FGL J1512.8-0906,641,642,59352.00001157408,4e-07,7.02e-08,4.15e-07,5.976789537712895e-07,4.602754498714653e-07,2.5837095017900364e-09,4.602754498714653e-07,2.5837095017900364e-09,1.9647499999999997e-06,1.9647499999999997e-06,4.602754498714653e-07,False,False,False,0,False,,,-0.8580436829644279,3.0,False,False,,,weekly,10.0,sigma,computed,/home/lkoo/projects/AutomationDetection/DownloadedLC/incremental/quiescent_background_cache.csv,,,,,,False,not_in_flare_streak
4FGL J1512.8-0906,642,643,59359.00001157408,3.96e-07,7.94e-08,4e-07,5.976789537712895e-07,4.602754498714653e-07,2.5837095017900364e-09,4.602754498714653e-07,2.5837095017900364e-09,1.9647499999999997e-06,1.9647499999999997e-06,4.602754498714653e-07,False,False,False,0,False,,,-0.8090862331094137,3.0,False,False,,,weekly,10.0,sigma,computed,/home/lkoo/projects/AutomationDetection/DownloadedLC/incremental/quiescent_background_cache.csv,,,,,,False,not_in_flare_streak
4FGL J1512.8-0906,643,644,59366.00001157408,7.15e-07,1.38e-07,3.96e-07,5.976789537712895e-07,4.602754498714653e-07,2.5837095017900364e-09,4.602754498714653e-07,2.5837095017900364e-09,1.9647499999999997e-06,1.9647499999999997e-06,4.602754498714653e-07,True,True,False,0,False,,,1.845506646034953,3.0,False,False,,,weekly,10.0,sigma,computed,/home/lkoo/projects/AutomationDetection/DownloadedLC/incremental/quiescent_background_cache.csv,,,,,,False,not_in_flare_streak
4FGL J1512.8-0906,644,645,59373.00001157408,4.83e-07,2.06e-07,7.15e-07,5.976789537712895e-07,4.602754498714653e-07,2.5837095017900364e-09,4.602754498714653e-07,2.5837095017900364e-09,1.9647499999999997e-06,1.9647499999999997e-06,4.602754498714653e-07,False,True,False,0,False,,,0.1103046745335798,3.0,False,False,,,weekly,10.0,sigma,computed,/home/lkoo/projects/AutomationDetection/DownloadedLC/incremental/quiescent_background_cache.csv,,,,,,False,not_in_flare_streak
4FGL J1512.8-0906,645,646,59380.00001157408,3.97e-07,1e-07,4.83e-07,5.976789537712895e-07,4.602754498714653e-07,2.5837095017900364e-09,4.602754498714653e-07,2.5837095017900364e-09,1.9647499999999997e-06,1.9647499999999997e-06,4.602754498714653e-07,False,False,False,0,False,,,-0.6325434050301066,3.0,False,False,,,weekly,10.0,sigma,computed,/home/lkoo/projects/AutomationDetection/DownloadedLC/incremental/quiescent_background_cache.csv,,,,,,False,not_in_flare_streak
4FGL J1512.8-0906,646,647,59387.00001157408,6.21e-07,6.97e-08,3.97e-07,5.976789537712895e-07,4.602754498714653e-07,2.5837095017900364e-09,4.602754498714653e-07,2.5837095017900364e-09,1.9647499999999997e-06,1.9647499999999997e-06,4.602754498714653e-07,True,True,False,0,False,,,2.304364951478783,3.0,False,False,,,weekly,10.0,sigma,computed,/home/lkoo/projects/AutomationDetection/DownloadedLC/incremental/quiescent_background_cache.csv,,,,,,False,not_in_flare_streak
4FGL J1512.8-0906,647,648,59394.00001157408,9.24e-07,9.49e-08,6.21e-07,5.976789537712895e-07,4.602754498714653e-07,2.5837095017900364e-09,4.602754498714653e-07,2.5837095017900364e-09,1.9647499999999997e-06,1.9647499999999997e-06,4.602754498714653e-07,True,True,False,0,False,,,4.8846446951173865,3.0,True,True,59394.00001157408,59394.00001157408,weekly,10.0,sigma,computed,/home/lkoo/projects/AutomationDetection/DownloadedLC/incremental/quiescent_background_cache.csv,,,,,,False,not_in_flare_streak
4FGL J1512.8-0906,648,649,59401.00001157408,6.56e-07,8.77e-08,9.24e-07,5.976789537712895e-07,4.602754498714653e-07,2.5837095017900364e-09,4.602754498714653e-07,2.5837095017900364e-09,1.9647499999999997e-06,1.9647499999999997e-06,4.602754498714653e-07,False,True,False,0,False,,,2.230782977135372,3.0,False,True,59394.00001157408,59401.00001157408,weekly,10.0,sigma,computed,/home/lkoo/projects/AutomationDetection/DownloadedLC/incremental/quiescent_background_cache.csv,,,,,,False,not_in_flare_streak
4FGL J1512.8-0906,649,650,59408.00001157408,4.98e-07,7.25e-08,6.56e-07,5.976789537712895e-07,4.602754498714653e-07,2.5837095017900364e-09,4.602754498714653e-07,2.5837095017900364e-09,1.9647499999999997e-06,1.9647499999999997e-06,4.602754498714653e-07,False,True,False,0,False,,,0.5200085160304277,3.0,False,True,59394.00001157408,59408.00001157408,weekly,10.0,sigma,computed,/home/lkoo/projects/AutomationDetection/DownloadedLC/incremental/quiescent_background_cache.csv,,,,,,False,not_in_flare_streak
4FGL J1512.8-0906,650,651,59415.00001157408,1.55e-07,4.52e-08,4.98e-07,5.976789537712895e-07,4.602754498714653e-07,2.5837095017900364e-09,4.602754498714653e-07,2.5837095017900364e-09,1.9647499999999997e-06,1.9647499999999997e-06,4.602754498714653e-07,False,False,False,0,False,,,-6.742874576330829,3.0,False,False,,,weekly,10.0,sigma,computed,/home/lkoo/projects/AutomationDetection/DownloadedLC/incremental/quiescent_background_cache.csv,,,,,,False,not_in_flare_streak
4FGL J1512.8-0906,651,652,59422.00001157408,1.7e-07,4.08e-08,1.55e-07,5.976789537712895e-07,4.602754498714653e-07,2.5837095017900364e-09,4.602754498714653e-07,2.5837095017900364e-09,1.9647499999999997e-06,1.9647499999999997e-06,4.602754498714653e-07,True,False,False,0,False,,,-7.100371616269342,3.0,False,False,,,weekly,10.0,sigma,computed,/home/lkoo/projects/AutomationDetection/DownloadedLC/incremental/quiescent_background_cache.csv,,,,,,False,not_in_flare_streak
4FGL J1512.8-0906,652,653,59429.00001157408,1.9e-07,4.24e-08,1.7e-07,5.976789537712895e-07,4.602754498714653e-07,2.5837095017900364e-09,4.602754498714653e-07,2.5837095017900364e-09,1.9647499999999997e-06,1.9647499999999997e-06,4.602754498714653e-07,True,False,False,0,False,,,-6.362618896377656,3.0,False,False,,,weekly,10.0,sigma,computed,/home/lkoo/projects/AutomationDetection/DownloadedLC/incremental/quiescent_background_cache.csv,,,,,,False,not_in_flare_streak
4FGL J1512.8-0906,653,654,59436.00001157408,1.12e-07,4.24e-08,1.9e-07,5.976789537712895e-07,4.602754498714653e-07,2.5837095017900364e-09,4.602754498714653e-07,2.5837095017900364e-09,1.9647499999999997e-06,1.9647499999999997e-06,4.602754498714653e-07,False,False,False,0,False,,,-8.198835519653928,3.0,False,False,,,weekly,10.0,sigma,computed,/home/lkoo/projects/AutomationDetection/DownloadedLC/incremental/quiescent_background_cache.csv,,,,,,False,not_in_flare_streak
4FGL J1512.8-0906,654,655,59443.00001157408,5.45e-08,2.91e-08,1.12e-07,5.976789537712895e-07,4.602754498714653e-07,2.5837095017900364e-09,4.602754498714653e-07,2.5837095017900364e-09,1.9647499999999997e-06,1.9647499999999997e-06,4.602754498714653e-07,False,False,False,0,False,,,-13.889534164831689,3.0,False,False,,,weekly,10.0,sigma,computed,/home/lkoo/projects/AutomationDetection/DownloadedLC/incremental/quiescent_background_cache.csv,,,,,,False,not_in_flare_streak
4FGL J1512.8-0906,655,656,59450.00001157408,1.31e-07,5.92e-08,5.45e-08,5.976789537712895e-07,4.602754498714653e-07,2.5837095017900364e-09,4.602754498714653e-07,2.5837095017900364e-09,1.9647499999999997e-06,1.9647499999999997e-06,4.602754498714653e-07,True,False,False,0,False,,,-5.55679559367153,3.0,False,False,,,weekly,10.0,sigma,computed,/home/lkoo/projects/AutomationDetection/DownloadedLC/incremental/quiescent_background_cache.csv,,,,,,False,not_in_flare_streak
4FGL J1512.8-0906,656,657,59457.00001157408,1.45e-07,5.46e-08,1.31e-07,5.976789537712895e-07,4.602754498714653e-07,2.5837095017900364e-09,4.602754498714653e-07,2.5837095017900364e-09,1.9647499999999997e-06,1.9647499999999997e-06,4.602754498714653e-07,True,False,False,0,False,,,-5.767821460162259,3.0,False,False,,,weekly,10.0,sigma,computed,/home/lkoo/projects/AutomationDetection/DownloadedLC/incremental/quiescent_background_cache.csv,,,,,,False,not_in_flare_streak
4FGL J1512.8-0906,657,658,59464.00001157408,1.46e-07,1.29e-07,1.45e-07,5.976789537712895e-07,4.602754498714653e-07,2.5837095017900364e-09,4.602754498714653e-07,2.5837095017900364e-09,1.9647499999999997e-06,1.9647499999999997e-06,4.602754498714653e-07,True,False,False,0,False,,,-2.43575529353031,3.0,False,False,,,weekly,10.0,sigma,computed,/home/lkoo/projects/AutomationDetection/DownloadedLC/incremental/quiescent_background_cache.csv,,,,,,False,not_in_flare_streak
4FGL J1512.8-0906,658,659,59471.00001157408,8.13e-08,5.85e-08,1.46e-07,5.976789537712895e-07,4.602754498714653e-07,2.5837095017900364e-09,4.602754498714653e-07,2.5837095017900364e-09,1.9647499999999997e-06,1.9647499999999997e-06,4.602754498714653e-07,False,False,False,0,False,,,-6.47190373803947,3.0,False,False,,,weekly,10.0,sigma,computed,/home/lkoo/projects/AutomationDetection/DownloadedLC/incremental/quiescent_background_cache.csv,,,,,,False,not_in_flare_streak
4FGL J1512.8-0906,659,660,59478.00001157408,1.78e-07,4.65e-08,8.13e-08,5.976789537712895e-07,4.602754498714653e-07,2.5837095017900364e-09,4.602754498714653e-07,2.5837095017900364e-09,1.9647499999999997e-06,1.9647499999999997e-06,4.602754498714653e-07,True,False,False,0,False,,,-6.061090733210359,3.0,False,False,,,weekly,10.0,sigma,computed,/home/lkoo/projects/AutomationDetection/DownloadedLC/incremental/quiescent_background_cache.csv,,,,,,False,not_in_flare_streak
4FGL J1512.8-0906,660,661,59485.00001157408,2.81e-08,1.35e-08,1.78e-07,5.976789537712895e-07,4.602754498714653e-07,2.5837095017900364e-09,4.602754498714653e-07,2.5837095017900364e-09,1.9647499999999997e-06,1.9647499999999997e-06,4.602754498714653e-07,False,False,False,0,False,,,-31.44233131412016,3.0,False,False,,,weekly,10.0,sigma,computed,/home/lkoo/projects/AutomationDetection/DownloadedLC/incremental/quiescent_background_cache.csv,,,,,,False,not_in_flare_streak
4FGL J1512.8-0906,661,662,59492.00001157408,9.77e-08,5.91e-08,2.81e-08,5.976789537712895e-07,4.602754498714653e-07,2.5837095017900364e-09,4.602754498714653e-07,2.5837095017900364e-09,1.9647499999999997e-06,1.9647499999999997e-06,4.602754498714653e-07,True,False,False,0,False,,,-6.1290941393789025,3.0,False,False,,,weekly,10.0,sigma,computed,/home/lkoo/projects/AutomationDetection/DownloadedLC/incremental/quiescent_background_cache.csv,,,,,,False,not_in_flare_streak
4FGL J1512.8-0906,662,663,59506.00001157408,7.82e-08,4.31e-08,9.77e-08,5.976789537712895e-07,4.602754498714653e-07,2.5837095017900364e-09,4.602754498714653e-07,2.5837095017900364e-09,1.9647499999999997e-06,1.9647499999999997e-06,4.602754498714653e-07,False,False,False,0,False,,,-8.848973935306912,3.0,False,False,,,weekly,10.0,sigma,computed,/home/lkoo/projects/AutomationDetection/DownloadedLC/incremental/quiescent_background_cache.csv,,,,,,False,not_in_flare_streak
4FGL J1512.8-0906,663,664,59513.00001157408,1.13e-07,6.08e-08,7.82e-08,5.976789537712895e-07,4.602754498714653e-07,2.5837095017900364e-09,4.602754498714653e-07,2.5837095017900364e-09,1.9647499999999997e-06,1.9647499999999997e-06,4.602754498714653e-07,True,False,False,0,False,,,-5.70661696202449,3.0,False,False,,,weekly,10.0,sigma,computed,/home/lkoo/projects/AutomationDetection/DownloadedLC/incremental/quiescent_background_cache.csv,,,,,,False,not_in_flare_streak
4FGL J1512.8-0906,664,665,59527.00001157408,1.56e-07,9.09e-08,1.13e-07,5.976789537712895e-07,4.602754498714653e-07,2.5837095017900364e-09,4.602754498714653e-07,2.5837095017900364e-09,1.9647499999999997e-06,1.9647499999999997e-06,4.602754498714653e-07,True,False,False,0,False,,,-3.3460133296624384,3.0,False,False,,,weekly,10.0,sigma,computed,/home/lkoo/projects/AutomationDetection/DownloadedLC/incremental/quiescent_background_cache.csv,,,,,,False,not_in_flare_streak
4FGL J1512.8-0906,665,666,59548.00001157408,6.47e-08,3.28e-08,1.56e-07,5.976789537712895e-07,4.602754498714653e-07,2.5837095017900364e-09,4.602754498714653e-07,2.5837095017900364e-09,1.9647499999999997e-06,1.9647499999999997e-06,4.602754498714653e-07,False,False,False,0,False,,,-12.022983688697682,3.0,False,False,,,weekly,10.0,sigma,computed,/home/lkoo/projects/AutomationDetection/DownloadedLC/incremental/quiescent_background_cache.csv,,,,,,False,not_in_flare_streak
4FGL J1512.8-0906,666,667,59555.00001157408,5.97e-08,4.22e-08,6.47e-08,5.976789537712895e-07,4.602754498714653e-07,2.5837095017900364e-09,4.602754498714653e-07,2.5837095017900364e-09,1.9647499999999997e-06,1.9647499999999997e-06,4.602754498714653e-07,False,False,False,0,False,,,-9.474567937854328,3.0,False,False,,,weekly,10.0,sigma,computed,/home/lkoo/projects/AutomationDetection/DownloadedLC/incremental/quiescent_background_cache.csv,,,,,,False,not_in_flare_streak
4FGL J1512.8-0906,667,668,59569.00001157408,9.57e-08,5.28e-08,5.97e-08,5.976789537712895e-07,4.602754498714653e-07,2.5837095017900364e-09,4.602754498714653e-07,2.5837095017900364e-09,1.9647499999999997e-06,1.9647499999999997e-06,4.602754498714653e-07,True,False,False,0,False,,,-6.896585976248608,3.0,False,False,,,weekly,10.0,sigma,computed,/home/lkoo/projects/AutomationDetection/DownloadedLC/incremental/quiescent_background_cache.csv,,,,,,False,not_in_flare_streak
4FGL J1512.8-0906,668,669,59576.00001157408,1.02e-07,3.59e-08,9.57e-08,5.976789537712895e-07,4.602754498714653e-07,2.5837095017900364e-09,4.602754498714653e-07,2.5837095017900364e-09,1.9647499999999997e-06,1.9647499999999997e-06,4.602754498714653e-07,True,False,False,0,False,,,-9.95407165258777,3.0,False,False,,,weekly,10.0,sigma,computed,/home/lkoo/projects/AutomationDetection/DownloadedLC/incremental/quiescent_background_cache.csv,,,,,,False,not_in_flare_streak
4FGL J1512.8-0906,669,670,59583.00001157408,8.71e-08,3.87e-08,1.02e-07,5.976789537712895e-07,4.602754498714653e-07,2.5837095017900364e-09,4.602754498714653e-07,2.5837095017900364e-09,1.9647499999999997e-06,1.9647499999999997e-06,4.602754498714653e-07,False,False,False,0,False,,,-9.621358000723122,3.0,False,False,,,weekly,10.0,sigma,computed,/home/lkoo/projects/AutomationDetection/DownloadedLC/incremental/quiescent_background_cache.csv,,,,,,False,not_in_flare_streak
4FGL J1512.8-0906,670,671,59590.00001157408,9.32e-08,3.51e-08,8.71e-08,5.976789537712895e-07,4.602754498714653e-07,2.5837095017900364e-09,4.602754498714653e-07,2.5837095017900364e-09,1.9647499999999997e-06,1.9647499999999997e-06,4.602754498714653e-07,True,False,False,0,False,,,-10.429771725691564,3.0,False,False,,,weekly,10.0,sigma,computed,/home/lkoo/projects/AutomationDetection/DownloadedLC/incremental/quiescent_background_cache.csv,,,,,,False,not_in_flare_streak
4FGL J1512.8-0906,671,672,59597.00001157408,9.45e-08,3.89e-08,9.32e-08,5.976789537712895e-07,4.602754498714653e-07,2.5837095017900364e-09,4.602754498714653e-07,2.5837095017900364e-09,1.9647499999999997e-06,1.9647499999999997e-06,4.602754498714653e-07,True,False,False,0,False,,,-9.382295549084658,3.0,False,False,,,weekly,10.0,sigma,computed,/home/lkoo/projects/AutomationDetection/DownloadedLC/incremental/quiescent_background_cache.csv,,,,,,False,not_in_flare_streak
4FGL J1512.8-0906,672,673,59604.00001157408,4.59e-08,3.22e-08,9.45e-08,5.976789537712895e-07,4.602754498714653e-07,2.5837095017900364e-09,4.602754498714653e-07,2.5837095017900364e-09,1.9647499999999997e-06,1.9647499999999997e-06,4.602754498714653e-07,False,False,False,0,False,,,-12.827574738154764,3.0,False,False,,,weekly,10.0,sigma,computed,/home/lkoo/projects/AutomationDetection/DownloadedLC/incremental/quiescent_background_cache.csv,,,,,,False,not_in_flare_streak
4FGL J1512.8-0906,673,674,59611.00001157408,9.18e-08,3.83e-08,4.59e-08,5.976789537712895e-07,4.602754498714653e-07,2.5837095017900364e-09,4.602754498714653e-07,2.5837095017900364e-09,1.9647499999999997e-06,1.9647499999999997e-06,4.602754498714653e-07,True,False,False,0,False,,,-9.598952159311068,3.0,False,False,,,weekly,10.0,sigma,computed,/home/lkoo/projects/AutomationDetection/DownloadedLC/incremental/quiescent_background_cache.csv,,,,,,False,not_in_flare_streak
4FGL J1512.8-0906,674,675,59625.00001157408,1.69e-07,4.82e-08,9.18e-08,5.976789537712895e-07,4.602754498714653e-07,2.5837095017900364e-09,4.602754498714653e-07,2.5837095017900364e-09,1.9647499999999997e-06,1.9647499999999997e-06,4.602754498714653e-07,True,False,False,0,False,,,-6.034395784226637,3.0,False,False,,,weekly,10.0,sigma,computed,/home/lkoo/projects/AutomationDetection/DownloadedLC/incremental/quiescent_background_cache.csv,,,,,,False,not_in_flare_streak
4FGL J1512.8-0906,675,676,59632.00001157408,2.37e-08,1.59e-08,1.69e-07,5.976789537712895e-07,4.602754498714653e-07,2.5837095017900364e-09,4.602754498714653e-07,2.5837095017900364e-09,1.9647499999999997e-06,1.9647499999999997e-06,4.602754498714653e-07,False,False,False,0,False,,,-27.10208587629618,3.0,False,False,,,weekly,10.0,sigma,computed,/home/lkoo/projects/AutomationDetection/DownloadedLC/incremental/quiescent_background_cache.csv,,,,,,False,not_in_flare_streak
4FGL J1512.8-0906,676,677,59639.00001157408,1.96e-07,4.58e-08,2.37e-08,5.976789537712895e-07,4.602754498714653e-07,2.5837095017900364e-09,4.602754498714653e-07,2.5837095017900364e-09,1.9647499999999997e-06,1.9647499999999997e-06,4.602754498714653e-07,True,False,False,0,False,,,-5.7610465987647554,3.0,False,False,,,weekly,10.0,sigma,computed,/home/lkoo/projects/AutomationDetection/DownloadedLC/incremental/quiescent_background_cache.csv,,,,,,False,not_in_flare_streak
4FGL J1512.8-0906,677,678,59646.00001157408,6.82e-08,3.58e-08,1.96e-07,5.976789537712895e-07,4.602754498714653e-07,2.5837095017900364e-09,4.602754498714653e-07,2.5837095017900364e-09,1.9647499999999997e-06,1.9647499999999997e-06,4.602754498714653e-07,False,False,False,0,False,,,-10.923417280376858,3.0,False,False,,,weekly,10.0,sigma,computed,/home/lkoo/projects/AutomationDetection/DownloadedLC/incremental/quiescent_background_cache.csv,,,,,,False,not_in_flare_streak
4FGL J1512.8-0906,678,679,59653.00001157408,7.93e-08,4.04e-08,6.82e-08,5.976789537712895e-07,4.602754498714653e-07,2.5837095017900364e-09,4.602754498714653e-07,2.5837095017900364e-09,1.9647499999999997e-06,1.9647499999999997e-06,4.602754498714653e-07,True,False,False,0,False,,,-9.41085976406415,3.0,False,False,,,weekly,10.0,sigma,computed,/home/lkoo/projects/AutomationDetection/DownloadedLC/incremental/quiescent_background_cache.csv,,,,,,False,not_in_flare_streak
4FGL J1512.8-0906,679,680,59667.00001157408,5.55e-08,2.97e-08,7.93e-08,5.976789537712895e-07,4.602754498714653e-07,2.5837095017900364e-09,4.602754498714653e-07,2.5837095017900364e-09,1.9647499999999997e-06,1.9647499999999997e-06,4.602754498714653e-07,False,False,False,0,False,,,-13.577523302239726,3.0,False,False,,,weekly,10.0,sigma,computed,/home/lkoo/projects/AutomationDetection/DownloadedLC/incremental/quiescent_background_cache.csv,,,,,,False,not_in_flare_streak
4FGL J1512.8-0906,680,681,59674.00001157408,7.4e-08,4.05e-08,5.55e-08,5.976789537712895e-07,4.602754498714653e-07,2.5837095017900364e-09,4.602754498714653e-07,2.5837095017900364e-09,1.9647499999999997e-06,1.9647499999999997e-06,4.602754498714653e-07,True,False,False,0,False,,,-9.518316085133828,3.0,False,False,,,weekly,10.0,sigma,computed,/home/lkoo/projects/AutomationDetection/DownloadedLC/incremental/quiescent_background_cache.csv,,,,,,False,not_in_flare_streak
4FGL J1512.8-0906,681,682,59681.00001157408,1.42e-07,7.87e-08,7.4e-08,5.976789537712895e-07,4.602754498714653e-07,2.5837095017900364e-09,4.602754498714653e-07,2.5837095017900364e-09,1.9647499999999997e-06,1.9647499999999997e-06,4.602754498714653e-07,True,False,False,0,False,,,-4.041983098657167,3.0,False,False,,,weekly,10.0,sigma,computed,/home/lkoo/projects/AutomationDetection/DownloadedLC/incremental/quiescent_background_cache.csv,,,,,,False,not_in_flare_streak
4FGL J1512.8-0906,682,683,59709.00001157408,4.9e-08,2.76e-08,1.42e-07,5.976789537712895e-07,4.602754498714653e-07,2.5837095017900364e-09,4.602754498714653e-07,2.5837095017900364e-09,1.9647499999999997e-06,1.9647499999999997e-06,4.602754498714653e-07,False,False,False,0,False,,,-14.836417998493864,3.0,False,False,,,weekly,10.0,sigma,computed,/home/lkoo/projects/AutomationDetection/DownloadedLC/incremental/quiescent_background_cache.csv,,,,,,False,not_in_flare_streak
4FGL J1512.8-0906,683,684,59716.00001157408,9.63e-08,4.17e-08,4.9e-08,5.976789537712895e-07,4.602754498714653e-07,2.5837095017900364e-09,4.602754498714653e-07,2.5837095017900364e-09,1.9647499999999997e-06,1.9647499999999997e-06,4.602754498714653e-07,True,False,False,0,False,,,-8.711722032190638,3.0,False,False,,,weekly,10.0,sigma,computed,/home/lkoo/projects/AutomationDetection/DownloadedLC/incremental/quiescent_background_cache.csv,,,,,,False,not_in_flare_streak
4FGL J1512.8-0906,684,685,59723.00001157408,4.35e-08,2.81e-08,9.63e-08,5.976789537712895e-07,4.602754498714653e-07,2.5837095017900364e-09,4.602754498714653e-07,2.5837095017900364e-09,1.9647499999999997e-06,1.9647499999999997e-06,4.602754498714653e-07,False,False,False,0,False,,,-14.769565197655353,3.0,False,False,,,weekly,10.0,sigma,computed,/home/lkoo/projects/AutomationDetection/DownloadedLC/incremental/quiescent_background_cache.csv,,,,,,False,not_in_flare_streak
4FGL J1512.8-0906,685,686,59730.00001157408,6.66e-08,4.14e-08,4.35e-08,5.976789537712895e-07,4.602754498714653e-07,2.5837095017900364e-09,4.602754498714653e-07,2.5837095017900364e-09,1.9647499999999997e-06,1.9647499999999997e-06,4.602754498714653e-07,True,False,False,0,False,,,-9.490604730181062,3.0,False,False,,,weekly,10.0,sigma,computed,/home/lkoo/projects/AutomationDetection/DownloadedLC/incremental/quiescent_background_cache.csv,,,,,,False,not_in_flare_streak
4FGL J1512.8-0906,686,687,59737.00001157408,4.95e-08,3.67e-08,6.66e-08,5.976789537712895e-07,4.602754498714653e-07,2.5837095017900364e-09,4.602754498714653e-07,2.5837095017900364e-09,1.9647499999999997e-06,1.9647499999999997e-06,4.602754498714653e-07,False,False,False,0,False,,,-11.165156964414901,3.0,False,False,,,weekly,10.0,sigma,computed,/home/lkoo/projects/AutomationDetection/DownloadedLC/incremental/quiescent_background_cache.csv,,,,,,False,not_in_flare_streak
4FGL J1512.8-0906,687,688,59751.00001157408,9.45e-08,5.16e-08,4.95e-08,5.976789537712895e-07,4.602754498714653e-07,2.5837095017900364e-09,4.602754498714653e-07,2.5837095017900364e-09,1.9647499999999997e-06,1.9647499999999997e-06,4.602754498714653e-07,True,False,False,0,False,,,-7.079801846350306,3.0,False,False,,,weekly,10.0,sigma,computed,/home/lkoo/projects/AutomationDetection/DownloadedLC/incremental/quiescent_background_cache.csv,,,,,,False,not_in_flare_streak
4FGL J1512.8-0906,688,689,59758.00001157408,4.08e-08,2.49e-08,9.45e-08,5.976789537712895e-07,4.602754498714653e-07,2.5837095017900364e-09,4.602754498714653e-07,2.5837095017900364e-09,1.9647499999999997e-06,1.9647499999999997e-06,4.602754498714653e-07,False,False,False,0,False,,,-16.75643809288512,3.0,False,False,,,weekly,10.0,sigma,computed,/home/lkoo/projects/AutomationDetection/DownloadedLC/incremental/quiescent_background_cache.csv,,,,,,False,not_in_flare_streak
4FGL J1512.8-0906,689,690,59765.00001157408,1.05e-07,9.11e-08,4.08e-08,5.976789537712895e-07,4.602754498714653e-07,2.5837095017900364e-09,4.602754498714653e-07,2.5837095017900364e-09,1.9647499999999997e-06,1.9647499999999997e-06,4.602754498714653e-07,True,False,False,0,False,,,-3.898272791257729,3.0,False,False,,,weekly,10.0,sigma,computed,/home/lkoo/projects/AutomationDetection/DownloadedLC/incremental/quiescent_background_cache.csv,,,,,,False,not_in_flare_streak
4FGL J1512.8-0906,690,691,59772.00001157408,7.21e-08,5.51e-08,1.05e-07,5.976789537712895e-07,4.602754498714653e-07,2.5837095017900364e-09,4.602754498714653e-07,2.5837095017900364e-09,1.9647499999999997e-06,1.9647499999999997e-06,4.602754498714653e-07,False,False,False,0,False,,,-7.037194079746087,3.0,False,False,,,weekly,10.0,sigma,computed,/home/lkoo/projects/AutomationDetection/DownloadedLC/incremental/quiescent_background_cache.csv,,,,,,False,not_in_flare_streak
4FGL J1512.8-0906,691,692,59779.00001157408,7.93e-08,4.11e-08,7.21e-08,5.976789537712895e-07,4.602754498714653e-07,2.5837095017900364e-09,4.602754498714653e-07,2.5837095017900364e-09,1.9647499999999997e-06,1.9647499999999997e-06,4.602754498714653e-07,True,False,False,0,False,,,-9.25121384798306,3.0,False,False,,,weekly,10.0,sigma,computed,/home/lkoo/projects/AutomationDetection/DownloadedLC/incremental/quiescent_background_cache.csv,,,,,,False,not_in_flare_streak
4FGL J1512.8-0906,692,693,59786.00001157408,5.54e-08,3.7e-08,7.93e-08,5.976789537712895e-07,4.602754498714653e-07,2.5837095017900364e-09,4.602754498714653e-07,2.5837095017900364e-09,1.9647499999999997e-06,1.9647499999999997e-06,4.602754498714653e-07,False,False,False,0,False,,,-10.91599765056315,3.0,False,False,,,weekly,10.0,sigma,computed,/home/lkoo/projects/AutomationDetection/DownloadedLC/incremental/quiescent_background_cache.csv,,,,,,False,not_in_flare_streak
4FGL J1512.8-0906,693,694,59793.00001157408,9.73e-08,2.99e-08,5.54e-08,5.976789537712895e-07,4.602754498714653e-07,2.5837095017900364e-09,4.602754498714653e-07,2.5837095017900364e-09,1.9647499999999997e-06,1.9647499999999997e-06,4.602754498714653e-07,True,False,False,0,False,,,-12.094576153356215,3.0,False,False,,,weekly,10.0,sigma,computed,/home/lkoo/projects/AutomationDetection/DownloadedLC/incremental/quiescent_background_cache.csv,,,,,,False,not_in_flare_streak
4FGL J1512.8-0906,694,695,59800.00001157408,1.09e-07,3.32e-08,9.73e-08,5.976789537712895e-07,4.602754498714653e-07,2.5837095017900364e-09,4.602754498714653e-07,2.5837095017900364e-09,1.9647499999999997e-06,1.9647499999999997e-06,4.602754498714653e-07,True,False,False,0,False,,,-10.548690759867664,3.0,False,False,,,weekly,10.0,sigma,computed,/home/lkoo/projects/AutomationDetection/DownloadedLC/incremental/quiescent_background_cache.csv,,,,,,False,not_in_flare_streak
4FGL J1512.8-0906,695,696,59807.00001157408,8.75e-08,3.28e-08,1.09e-07,5.976789537712895e-07,4.602754498714653e-07,2.5837095017900364e-09,4.602754498714653e-07,2.5837095017900364e-09,1.9647499999999997e-06,1.9647499999999997e-06,4.602754498714653e-07,False,False,False,0,False,,,-11.330008358223107,3.0,False,False,,,weekly,10.0,sigma,computed,/home/lkoo/projects/AutomationDetection/DownloadedLC/incremental/quiescent_background_cache.csv,,,,,,False,not_in_flare_streak
4FGL J1512.8-0906,696,697,59814.00001157408,1.47e-07,6.94e-08,8.75e-08,5.976789537712895e-07,4.602754498714653e-07,2.5837095017900364e-09,4.602754498714653e-07,2.5837095017900364e-09,1.9647499999999997e-06,1.9647499999999997e-06,4.602754498714653e-07,True,False,False,0,False,,,-4.510930443931772,3.0,False,False,,,weekly,10.0,sigma,computed,/home/lkoo/projects/AutomationDetection/DownloadedLC/incremental/quiescent_background_cache.csv,,,,,,False,not_in_flare_streak
4FGL J1512.8-0906,697,698,59821.00001157408,4.38e-08,2.81e-08,1.47e-07,5.976789537712895e-07,4.602754498714653e-07,2.5837095017900364e-09,4.602754498714653e-07,2.5837095017900364e-09,1.9647499999999997e-06,1.9647499999999997e-06,4.602754498714653e-07,False,False,False,0,False,,,-14.758933886332521,3.0,False,False,,,weekly,10.0,sigma,computed,/home/lkoo/projects/AutomationDetection/DownloadedLC/incremental/quiescent_background_cache.csv,,,,,,False,not_in_flare_streak
4FGL J1512.8-0906,698,699,59828.00001157408,9.4e-08,5.27e-08,4.38e-08,5.976789537712895e-07,4.602754498714653e-07,2.5837095017900364e-09,4.602754498714653e-07,2.5837095017900364e-09,1.9647499999999997e-06,1.9647499999999997e-06,4.602754498714653e-07,True,False,False,0,False,,,-6.941860493393218,3.0,False,False,,,weekly,10.0,sigma,computed,/home/lkoo/projects/AutomationDetection/DownloadedLC/incremental/quiescent_background_cache.csv,,,,,,False,not_in_flare_streak
4FGL J1512.8-0906,699,700,59835.00001157408,5.33e-08,2.6e-08,9.4e-08,5.976789537712895e-07,4.602754498714653e-07,2.5837095017900364e-09,4.602754498714653e-07,2.5837095017900364e-09,1.9647499999999997e-06,1.9647499999999997e-06,4.602754498714653e-07,False,False,False,0,False,,,-15.576182820763934,3.0,False,False,,,weekly,10.0,sigma,computed,/home/lkoo/projects/AutomationDetection/DownloadedLC/incremental/quiescent_background_cache.csv,,,,,,False,not_in_flare_streak
4FGL J1512.8-0906,700,701,59849.00001157408,1.82e-07,4.72e-08,5.33e-08,5.976789537712895e-07,4.602754498714653e-07,2.5837095017900364e-09,4.602754498714653e-07,2.5837095017900364e-09,1.9647499999999997e-06,1.9647499999999997e-06,4.602754498714653e-07,True,False,False,0,False,,,-5.886853151813588,3.0,False,False,,,weekly,10.0,sigma,computed,/home/lkoo/projects/AutomationDetection/DownloadedLC/incremental/quiescent_background_cache.csv,,,,,,False,not_in_flare_streak
4FGL J1512.8-0906,701,702,59856.00001157408,2.01e-07,6.79e-08,1.82e-07,5.976789537712895e-07,4.602754498714653e-07,2.5837095017900364e-09,4.602754498714653e-07,2.5837095017900364e-09,1.9647499999999997e-06,1.9647499999999997e-06,4.602754498714653e-07,True,False,False,0,False,,,-3.81572823278799,3.0,False,False,,,weekly,10.0,sigma,computed,/home/lkoo/projects/AutomationDetection/DownloadedLC/incremental/quiescent_background_cache.csv,,,,,,False,not_in_flare_streak
4FGL J1512.8-0906,702,703,59863.00001157408,1.44e-07,8.08e-08,2.01e-07,5.976789537712895e-07,4.602754498714653e-07,2.5837095017900364e-09,4.602754498714653e-07,2.5837095017900364e-09,1.9647499999999997e-06,1.9647499999999997e-06,4.602754498714653e-07,False,False,False,0,False,,,-3.9123004634840917,3.0,False,False,,,weekly,10.0,sigma,computed,/home/lkoo/projects/AutomationDetection/DownloadedLC/incremental/quiescent_background_cache.csv,,,,,,False,not_in_flare_streak
4FGL J1512.8-0906,703,704,59870.00001157408,5.46e-08,3.09e-08,1.44e-07,5.976789537712895e-07,4.602754498714653e-07,2.5837095017900364e-09,4.602754498714653e-07,2.5837095017900364e-09,1.9647499999999997e-06,1.9647499999999997e-06,4.602754498714653e-07,False,False,False,0,False,,,-13.083000094114073,3.0,False,False,,,weekly,10.0,sigma,computed,/home/lkoo/projects/AutomationDetection/DownloadedLC/incremental/quiescent_background_cache.csv,,,,,,False,not_in_flare_streak
4FGL J1512.8-0906,704,705,59877.00001157408,3.88e-08,2.58e-08,5.46e-08,5.976789537712895e-07,4.602754498714653e-07,2.5837095017900364e-09,4.602754498714653e-07,2.5837095017900364e-09,1.9647499999999997e-06,1.9647499999999997e-06,4.602754498714653e-07,False,False,False,0,False,,,-16.254952444051717,3.0,False,False,,,weekly,10.0,sigma,computed,/home/lkoo/projects/AutomationDetection/DownloadedLC/incremental/quiescent_background_cache.csv,,,,,,False,not_in_flare_streak
4FGL J1512.8-0906,705,706,59884.00001157408,8.54e-08,3.5e-08,3.88e-08,5.976789537712895e-07,4.602754498714653e-07,2.5837095017900364e-09,4.602754498714653e-07,2.5837095017900364e-09,1.9647499999999997e-06,1.9647499999999997e-06,4.602754498714653e-07,True,False,False,0,False,,,-10.68166218383438,3.0,False,False,,,weekly,10.0,sigma,computed,/home/lkoo/projects/AutomationDetection/DownloadedLC/incremental/quiescent_background_cache.csv,,,,,,False,not_in_flare_streak
4FGL J1512.8-0906,706,707,59891.00001157408,2.54e-07,8.44e-08,8.54e-08,5.976789537712895e-07,4.602754498714653e-07,2.5837095017900364e-09,4.602754498714653e-07,2.5837095017900364e-09,1.9647499999999997e-06,1.9647499999999997e-06,4.602754498714653e-07,True,False,False,0,False,,,-2.4428775321129286,3.0,False,False,,,weekly,10.0,sigma,computed,/home/lkoo/projects/AutomationDetection/DownloadedLC/incremental/quiescent_background_cache.csv,,,,,,False,not_in_flare_streak
4FGL J1512.8-0906,707,708,59905.00001157408,1.98e-07,1.2e-07,2.54e-07,5.976789537712895e-07,4.602754498714653e-07,2.5837095017900364e-09,4.602754498714653e-07,2.5837095017900364e-09,1.9647499999999997e-06,1.9647499999999997e-06,4.602754498714653e-07,False,False,False,0,False,,,-2.1851223179012025,3.0,False,False,,,weekly,10.0,sigma,computed,/home/lkoo/projects/AutomationDetection/DownloadedLC/incremental/quiescent_background_cache.csv,,,,,,False,not_in_flare_streak
4FGL J1512.8-0906,708,709,59912.00001157408,1.35e-07,6.5e-08,1.98e-07,5.976789537712895e-07,4.602754498714653e-07,2.5837095017900364e-09,4.602754498714653e-07,2.5837095017900364e-09,1.9647499999999997e-06,1.9647499999999997e-06,4.602754498714653e-07,False,False,False,0,False,,,-5.000288988741659,3.0,False,False,,,weekly,10.0,sigma,computed,/home/lkoo/projects/AutomationDetection/DownloadedLC/incremental/quiescent_background_cache.csv,,,,,,False,not_in_flare_streak
4FGL J1512.8-0906,709,710,59919.00001157408,1.41e-07,7.87e-08,1.35e-07,5.976789537712895e-07,4.602754498714653e-07,2.5837095017900364e-09,4.602754498714653e-07,2.5837095017900364e-09,1.9647499999999997e-06,1.9647499999999997e-06,4.602754498714653e-07,True,False,False,0,False,,,-4.05468273697451,3.0,False,False,,,weekly,10.0,sigma,computed,/home/lkoo/projects/AutomationDetection/DownloadedLC/incremental/quiescent_background_cache.csv,,,,,,False,not_in_flare_streak
4FGL J1512.8-0906,710,711,59926.00001157408,1.61e-07,5.81e-08,1.41e-07,5.976789537712895e-07,4.602754498714653e-07,2.5837095017900364e-09,4.602754498714653e-07,2.5837095017900364e-09,1.9647499999999997e-06,1.9647499999999997e-06,4.602754498714653e-07,True,False,False,0,False,,,-5.145954677738813,3.0,False,False,,,weekly,10.0,sigma,computed,/home/lkoo/projects/AutomationDetection/DownloadedLC/incremental/quiescent_background_cache.csv,,,,,,False,not_in_flare_streak
4FGL J1512.8-0906,711,712,59933.00001157408,9.63e-08,4.52e-08,1.61e-07,5.976789537712895e-07,4.602754498714653e-07,2.5837095017900364e-09,4.602754498714653e-07,2.5837095017900364e-09,1.9647499999999997e-06,1.9647499999999997e-06,4.602754498714653e-07,False,False,False,0,False,,,-8.03943064658565,3.0,False,False,,,weekly,10.0,sigma,computed,/home/lkoo/projects/AutomationDetection/DownloadedLC/incremental/quiescent_background_cache.csv,,,,,,False,not_in_flare_streak
4FGL J1512.8-0906,712,713,59940.00001157408,8.88e-08,4.35e-08,9.63e-08,5.976789537712895e-07,4.602754498714653e-07,2.5837095017900364e-09,4.602754498714653e-07,2.5837095017900364e-09,1.9647499999999997e-06,1.9647499999999997e-06,4.602754498714653e-07,False,False,False,0,False,,,-8.524641967342985,3.0,False,False,,,weekly,10.0,sigma,computed,/home/lkoo/projects/AutomationDetection/DownloadedLC/incremental/quiescent_background_cache.csv,,,,,,False,not_in_flare_streak
4FGL J1512.8-0906,713,714,59954.00001157408,3.7e-08,1.96e-08,8.88e-08,5.976789537712895e-07,4.602754498714653e-07,2.5837095017900364e-09,4.602754498714653e-07,2.5837095017900364e-09,1.9647499999999997e-06,1.9647499999999997e-06,4.602754498714653e-07,False,False,False,0,False,,,-21.41046242846438,3.0,False,False,,,weekly,10.0,sigma,computed,/home/lkoo/projects/AutomationDetection/DownloadedLC/incremental/quiescent_background_cache.csv,,,,,,False,not_in_flare_streak
4FGL J1512.8-0906,714,715,59961.00001157408,6.26e-08,4.66e-08,3.7e-08,5.976789537712895e-07,4.602754498714653e-07,2.5837095017900364e-09,4.602754498714653e-07,2.5837095017900364e-09,1.9647499999999997e-06,1.9647499999999997e-06,4.602754498714653e-07,True,False,False,0,False,,,-8.520721286318615,3.0,False,False,,,weekly,10.0,sigma,computed,/home/lkoo/projects/AutomationDetection/DownloadedLC/incremental/quiescent_background_cache.csv,,,,,,False,not_in_flare_streak
4FGL J1512.8-0906,715,716,59968.00001157408,1.01e-07,3.99e-08,6.26e-08,5.976789537712895e-07,4.602754498714653e-07,2.5837095017900364e-09,4.602754498714653e-07,2.5837095017900364e-09,1.9647499999999997e-06,1.9647499999999997e-06,4.602754498714653e-07,True,False,False,0,False,,,-8.98557795825047,3.0,False,False,,,weekly,10.0,sigma,computed,/home/lkoo/projects/AutomationDetection/DownloadedLC/incremental/quiescent_background_cache.csv,,,,,,False,not_in_flare_streak
4FGL J1512.8-0906,716,717,59975.00001157408,1.94e-07,6.14e-08,1.01e-07,5.976789537712895e-07,4.602754498714653e-07,2.5837095017900364e-09,4.602754498714653e-07,2.5837095017900364e-09,1.9647499999999997e-06,1.9647499999999997e-06,4.602754498714653e-07,True,False,False,0,False,,,-4.332899225858328,3.0,False,False,,,weekly,10.0,sigma,computed,/home/lkoo/projects/AutomationDetection/DownloadedLC/incremental/quiescent_background_cache.csv,,,,,,False,not_in_flare_streak
4FGL J1512.8-0906,717,718,59982.00001157408,3.21e-08,2.81e-08,1.94e-07,5.976789537712895e-07,4.602754498714653e-07,2.5837095017900364e-09,4.602754498714653e-07,2.5837095017900364e-09,1.9647499999999997e-06,1.9647499999999997e-06,4.602754498714653e-07,False,False,False,0,False,,,-15.17355502792294,3.0,False,False,,,weekly,10.0,sigma,computed,/home/lkoo/projects/AutomationDetection/DownloadedLC/incremental/quiescent_background_cache.csv,,,,,,False,not_in_flare_streak
4FGL J1512.8-0906,718,719,59989.00001157408,9.07e-08,3.95e-08,3.21e-08,5.976789537712895e-07,4.602754498714653e-07,2.5837095017900364e-09,4.602754498714653e-07,2.5837095017900364e-09,1.9647499999999997e-06,1.9647499999999997e-06,4.602754498714653e-07,True,False,False,0,False,,,-9.336388875942333,3.0,False,False,,,weekly,10.0,sigma,computed,/home/lkoo/projects/AutomationDetection/DownloadedLC/incremental/quiescent_background_cache.csv,,,,,,False,not_in_flare_streak
4FGL J1512.8-0906,719,720,59996.00001157408,8.72e-08,3.35e-08,9.07e-08,5.976789537712895e-07,4.602754498714653e-07,2.5837095017900364e-09,4.602754498714653e-07,2.5837095017900364e-09,1.9647499999999997e-06,1.9647499999999997e-06,4.602754498714653e-07,False,False,False,0,False,,,-11.103605398022744,3.0,False,False,,,weekly,10.0,sigma,computed,/home/lkoo/projects/AutomationDetection/DownloadedLC/incremental/quiescent_background_cache.csv,,,,,,False,not_in_flare_streak
4FGL J1512.8-0906,720,721,60003.00001157408,6.47e-08,2.82e-08,8.72e-08,5.976789537712895e-07,4.602754498714653e-07,2.5837095017900364e-09,4.602754498714653e-07,2.5837095017900364e-09,1.9647499999999997e-06,1.9647499999999997e-06,4.602754498714653e-07,False,False,False,0,False,,,-13.968990174167859,3.0,False,False,,,weekly,10.0,sigma,computed,/home/lkoo/projects/AutomationDetection/DownloadedLC/incremental/quiescent_background_cache.csv,,,,,,False,not_in_flare_streak
4FGL J1512.8-0906,721,722,60010.00001157408,6.31e-08,3.22e-08,6.47e-08,5.976789537712895e-07,4.602754498714653e-07,2.5837095017900364e-09,4.602754498714653e-07,2.5837095017900364e-09,1.9647499999999997e-06,1.9647499999999997e-06,4.602754498714653e-07,False,False,False,0,False,,,-12.295124551820846,3.0,False,False,,,weekly,10.0,sigma,computed,/home/lkoo/projects/AutomationDetection/DownloadedLC/incremental/quiescent_background_cache.csv,,,,,,False,not_in_flare_streak
4FGL J1512.8-0906,722,723,60017.00001157408,1.17e-07,5.32e-08,6.31e-08,5.976789537712895e-07,4.602754498714653e-07,2.5837095017900364e-09,4.602754498714653e-07,2.5837095017900364e-09,1.9647499999999997e-06,1.9647499999999997e-06,4.602754498714653e-07,True,False,False,0,False,,,-6.444949825848327,3.0,False,False,,,weekly,10.0,sigma,computed,/home/lkoo/projects/AutomationDetection/DownloadedLC/incremental/quiescent_background_cache.csv,,,,,,False,not_in_flare_streak
4FGL J1512.8-0906,723,724,60024.00001157408,8.11e-08,3.98e-08,1.17e-07,5.976789537712895e-07,4.602754498714653e-07,2.5837095017900364e-09,4.602754498714653e-07,2.5837095017900364e-09,1.9647499999999997e-06,1.9647499999999997e-06,4.602754498714653e-07,False,False,False,0,False,,,-9.507009913799852,3.0,False,False,,,weekly,10.0,sigma,computed,/home/lkoo/projects/AutomationDetection/DownloadedLC/incremental/quiescent_background_cache.csv,,,,,,False,not_in_flare_streak
4FGL J1512.8-0906,724,725,60031.00001157408,1.37e-07,5.65e-08,8.11e-08,5.976789537712895e-07,4.602754498714653e-07,2.5837095017900364e-09,4.602754498714653e-07,2.5837095017900364e-09,1.9647499999999997e-06,1.9647499999999997e-06,4.602754498714653e-07,True,False,False,0,False,,,-5.715716216678002,3.0,False,False,,,weekly,10.0,sigma,computed,/home/lkoo/projects/AutomationDetection/DownloadedLC/incremental/quiescent_background_cache.csv,,,,,,False,not_in_flare_streak
4FGL J1512.8-0906,725,726,60038.00001157408,9.05e-08,4.3e-08,1.37e-07,5.976789537712895e-07,4.602754498714653e-07,2.5837095017900364e-09,4.602754498714653e-07,2.5837095017900364e-09,1.9647499999999997e-06,1.9647499999999997e-06,4.602754498714653e-07,False,False,False,0,False,,,-8.583947459429874,3.0,False,False,,,weekly,10.0,sigma,computed,/home/lkoo/projects/AutomationDetection/DownloadedLC/incremental/quiescent_background_cache.csv,,,,,,False,not_in_flare_streak
4FGL J1512.8-0906,726,727,60045.00001157408,7.69e-08,4.19e-08,9.05e-08,5.976789537712895e-07,4.602754498714653e-07,2.5837095017900364e-09,4.602754498714653e-07,2.5837095017900364e-09,1.9647499999999997e-06,1.9647499999999997e-06,4.602754498714653e-07,False,False,False,0,False,,,-9.13242591814844,3.0,False,False,,,weekly,10.0,sigma,computed,/home/lkoo/projects/AutomationDetection/DownloadedLC/incremental/quiescent_background_cache.csv,,,,,,False,not_in_flare_streak
4FGL J1512.8-0906,727,728,60052.00001157408,2.64e-07,7.01e-08,7.69e-08,5.976789537712895e-07,4.602754498714653e-07,2.5837095017900364e-09,4.602754498714653e-07,2.5837095017900364e-09,1.9647499999999997e-06,1.9647499999999997e-06,4.602754498714653e-07,True,False,False,0,False,,,-2.7980352068769005,3.0,False,False,,,weekly,10.0,sigma,computed,/home/lkoo/projects/AutomationDetection/DownloadedLC/incremental/quiescent_background_cache.csv,,,,,,False,not_in_flare_streak
4FGL J1512.8-0906,728,729,60059.00001157408,1.08e-07,7.8e-08,2.64e-07,5.976789537712895e-07,4.602754498714653e-07,2.5837095017900364e-09,4.602754498714653e-07,2.5837095017900364e-09,1.9647499999999997e-06,1.9647499999999997e-06,4.602754498714653e-07,False,False,False,0,False,,,-4.513876217375855,3.0,False,False,,,weekly,10.0,sigma,computed,/home/lkoo/projects/AutomationDetection/DownloadedLC/incremental/quiescent_background_cache.csv,,,,,,False,not_in_flare_streak
4FGL J1512.8-0906,729,730,60073.00001157408,3.36e-07,1.32e-07,1.08e-07,5.976789537712895e-07,4.602754498714653e-07,2.5837095017900364e-09,4.602754498714653e-07,2.5837095017900364e-09,1.9647499999999997e-06,1.9647499999999997e-06,4.602754498714653e-07,True,False,False,0,False,,,-0.9413003806688015,3.0,False,False,,,weekly,10.0,sigma,computed,/home/lkoo/projects/AutomationDetection/DownloadedLC/incremental/quiescent_background_cache.csv,,,,,,False,not_in_flare_streak
4FGL J1512.8-0906,730,731,60080.00001157408,1.26e-07,5.83e-08,3.36e-07,5.976789537712895e-07,4.602754498714653e-07,2.5837095017900364e-09,4.602754498714653e-07,2.5837095017900364e-09,1.9647499999999997e-06,1.9647499999999997e-06,4.602754498714653e-07,False,False,False,0,False,,,-5.728090351694384,3.0,False,False,,,weekly,10.0,sigma,computed,/home/lkoo/projects/AutomationDetection/DownloadedLC/incremental/quiescent_background_cache.csv,,,,,,False,not_in_flare_streak
4FGL J1512.8-0906,731,732,60087.00001157408,1.65e-07,6.57e-08,1.26e-07,5.976789537712895e-07,4.602754498714653e-07,2.5837095017900364e-09,4.602754498714653e-07,2.5837095017900364e-09,1.9647499999999997e-06,1.9647499999999997e-06,4.602754498714653e-07,True,False,False,0,False,,,-4.4908278401639325,3.0,False,False,,,weekly,10.0,sigma,computed,/home/lkoo/projects/AutomationDetection/DownloadedLC/incremental/quiescent_background_cache.csv,,,,,,False,not_in_flare_streak
4FGL J1512.8-0906,732,733,60094.00001157408,1.5e-07,5.51e-08,1.65e-07,5.976789537712895e-07,4.602754498714653e-07,2.5837095017900364e-09,4.602754498714653e-07,2.5837095017900364e-09,1.9647499999999997e-06,1.9647499999999997e-06,4.602754498714653e-07,False,False,False,0,False,,,-5.624952736318154,3.0,False,False,,,weekly,10.0,sigma,computed,/home/lkoo/projects/AutomationDetection/DownloadedLC/incremental/quiescent_background_cache.csv,,,,,,False,not_in_flare_streak
4FGL J1512.8-0906,733,734,60101.00001157408,2.27e-07,5.82e-08,1.5e-07,5.976789537712895e-07,4.602754498714653e-07,2.5837095017900364e-09,4.602754498714653e-07,2.5837095017900364e-09,1.9647499999999997e-06,1.9647499999999997e-06,4.602754498714653e-07,True,False,False,0,False,,,-4.00422543071496,3.0,False,False,,,weekly,10.0,sigma,computed,/home/lkoo/projects/AutomationDetection/DownloadedLC/incremental/quiescent_background_cache.csv,,,,,,False,not_in_flare_streak
4FGL J1512.8-0906,734,735,60108.00001157408,1.33e-07,7.32e-08,2.27e-07,5.976789537712895e-07,4.602754498714653e-07,2.5837095017900364e-09,4.602754498714653e-07,2.5837095017900364e-09,1.9647499999999997e-06,1.9647499999999997e-06,4.602754498714653e-07,False,False,False,0,False,,,-4.4681936115519765,3.0,False,False,,,weekly,10.0,sigma,computed,/home/lkoo/projects/AutomationDetection/DownloadedLC/incremental/quiescent_background_cache.csv,,,,,,False,not_in_flare_streak
4FGL J1512.8-0906,735,736,60115.00001157408,2.26e-07,7.05e-08,1.33e-07,5.976789537712895e-07,4.602754498714653e-07,2.5837095017900364e-09,4.602754498714653e-07,2.5837095017900364e-09,1.9647499999999997e-06,1.9647499999999997e-06,4.602754498714653e-07,True,False,False,0,False,,,-3.320826669694301,3.0,False,False,,,weekly,10.0,sigma,computed,/home/lkoo/projects/AutomationDetection/DownloadedLC/incremental/quiescent_background_cache.csv,,,,,,False,not_in_flare_streak
4FGL J1512.8-0906,736,737,60122.00001157408,1.62e-07,5.4e-08,2.26e-07,5.976789537712895e-07,4.602754498714653e-07,2.5837095017900364e-09,4.602754498714653e-07,2.5837095017900364e-09,1.9647499999999997e-06,1.9647499999999997e-06,4.602754498714653e-07,False,False,False,0,False,,,-5.517307707706621,3.0,False,False,,,weekly,10.0,sigma,computed,/home/lkoo/projects/AutomationDetection/DownloadedLC/incremental/quiescent_background_cache.csv,,,,,,False,not_in_flare_streak
4FGL J1512.8-0906,737,738,60129.00001157408,9.53e-08,5.33e-08,1.62e-07,5.976789537712895e-07,4.602754498714653e-07,2.5837095017900364e-09,4.602754498714653e-07,2.5837095017900364e-09,1.9647499999999997e-06,1.9647499999999997e-06,4.602754498714653e-07,False,False,False,0,False,,,-6.8395383196449995,3.0,False,False,,,weekly,10.0,sigma,computed,/home/lkoo/projects/AutomationDetection/DownloadedLC/incremental/quiescent_background_cache.csv,,,,,,False,not_in_flare_streak
4FGL J1512.8-0906,738,739,60150.00001157408,2.15e-07,4.54e-08,9.53e-08,5.976789537712895e-07,4.602754498714653e-07,2.5837095017900364e-09,4.602754498714653e-07,2.5837095017900364e-09,1.9647499999999997e-06,1.9647499999999997e-06,4.602754498714653e-07,True,False,False,0,False,,,-5.3938154351955045,3.0,False,False,,,weekly,10.0,sigma,computed,/home/lkoo/projects/AutomationDetection/DownloadedLC/incremental/quiescent_background_cache.csv,,,,,,False,not_in_flare_streak
4FGL J1512.8-0906,739,740,60157.00001157408,1.67e-07,3.81e-08,2.15e-07,5.976789537712895e-07,4.602754498714653e-07,2.5837095017900364e-09,4.602754498714653e-07,2.5837095017900364e-09,1.9647499999999997e-06,1.9647499999999997e-06,4.602754498714653e-07,False,False,False,0,False,,,-7.679879798267967,3.0,False,False,,,weekly,10.0,sigma,computed,/home/lkoo/projects/AutomationDetection/DownloadedLC/incremental/quiescent_background_cache.csv,,,,,,False,not_in_flare_streak
4FGL J1512.8-0906,740,741,60164.00001157408,1.76e-07,3.89e-08,1.67e-07,5.976789537712895e-07,4.602754498714653e-07,2.5837095017900364e-09,4.602754498714653e-07,2.5837095017900364e-09,1.9647499999999997e-06,1.9647499999999997e-06,4.602754498714653e-07,True,False,False,0,False,,,-7.291785954963176,3.0,False,False,,,weekly,10.0,sigma,computed,/home/lkoo/projects/AutomationDetection/DownloadedLC/incremental/quiescent_background_cache.csv,,,,,,False,not_in_flare_streak
4FGL J1512.8-0906,741,742,60171.00001157408,1.79e-07,3.96e-08,1.76e-07,5.976789537712895e-07,4.602754498714653e-07,2.5837095017900364e-09,4.602754498714653e-07,2.5837095017900364e-09,1.9647499999999997e-06,1.9647499999999997e-06,4.602754498714653e-07,True,False,False,0,False,,,-7.087845174808795,3.0,False,False,,,weekly,10.0,sigma,computed,/home/lkoo/projects/AutomationDetection/DownloadedLC/incremental/quiescent_background_cache.csv,,,,,,False,not_in_flare_streak
4FGL J1512.8-0906,742,743,60178.00001157408,1.16e-07,4.5e-08,1.79e-07,5.976789537712895e-07,4.602754498714653e-07,2.5837095017900364e-09,4.602754498714653e-07,2.5837095017900364e-09,1.9647499999999997e-06,1.9647499999999997e-06,4.602754498714653e-07,False,False,False,0,False,,,-7.637986331921805,3.0,False,False,,,weekly,10.0,sigma,computed,/home/lkoo/projects/AutomationDetection/DownloadedLC/incremental/quiescent_background_cache.csv,,,,,,False,not_in_flare_streak
4FGL J1512.8-0906,743,744,60185.00001157408,2.01e-07,6.64e-08,1.16e-07,5.976789537712895e-07,4.602754498714653e-07,2.5837095017900364e-09,4.602754498714653e-07,2.5837095017900364e-09,1.9647499999999997e-06,1.9647499999999997e-06,4.602754498714653e-07,True,False,False,0,False,,,-3.901798034927945,3.0,False,False,,,weekly,10.0,sigma,computed,/home/lkoo/projects/AutomationDetection/DownloadedLC/incremental/quiescent_background_cache.csv,,,,,,False,not_in_flare_streak
4FGL J1512.8-0906,744,745,60192.00001157408,2.45e-07,6.41e-08,2.01e-07,5.976789537712895e-07,4.602754498714653e-07,2.5837095017900364e-09,4.602754498714653e-07,2.5837095017900364e-09,1.9647499999999997e-06,1.9647499999999997e-06,4.602754498714653e-07,True,False,False,0,False,,,-3.3557064651980393,3.0,False,False,,,weekly,10.0,sigma,computed,/home/lkoo/projects/AutomationDetection/DownloadedLC/incremental/quiescent_background_cache.csv,,,,,,False,not_in_flare_streak
4FGL J1512.8-0906,745,746,60199.00001157408,1.29e-07,4.41e-08,2.45e-07,5.976789537712895e-07,4.602754498714653e-07,2.5837095017900364e-09,4.602754498714653e-07,2.5837095017900364e-09,1.9647499999999997e-06,1.9647499999999997e-06,4.602754498714653e-07,False,False,False,0,False,,,-7.499055744676577,3.0,False,False,,,weekly,10.0,sigma,computed,/home/lkoo/projects/AutomationDetection/DownloadedLC/incremental/quiescent_background_cache.csv,,,,,,False,not_in_flare_streak
4FGL J1512.8-0906,746,747,60206.00001157408,2.08e-07,4.67e-08,1.29e-07,5.976789537712895e-07,4.602754498714653e-07,2.5837095017900364e-09,4.602754498714653e-07,2.5837095017900364e-09,1.9647499999999997e-06,1.9647499999999997e-06,4.602754498714653e-07,True,False,False,0,False,,,-5.393795183170886,3.0,False,False,,,weekly,10.0,sigma,computed,/home/lkoo/projects/AutomationDetection/DownloadedLC/incremental/quiescent_background_cache.csv,,,,,,False,not_in_flare_streak
4FGL J1512.8-0906,747,748,60213.00001157408,2.66e-07,5.8e-08,2.08e-07,5.976789537712895e-07,4.602754498714653e-07,2.5837095017900364e-09,4.602754498714653e-07,2.5837095017900364e-09,1.9647499999999997e-06,1.9647499999999997e-06,4.602754498714653e-07,True,False,False,0,False,,,-3.346258193549049,3.0,False,False,,,weekly,10.0,sigma,computed,/home/lkoo/projects/AutomationDetection/DownloadedLC/incremental/quiescent_background_cache.csv,,,,,,False,not_in_flare_streak
4FGL J1512.8-0906,748,749,60220.00001157408,1.38e-07,4.37e-08,2.66e-07,5.976789537712895e-07,4.602754498714653e-07,2.5837095017900364e-09,4.602754498714653e-07,2.5837095017900364e-09,1.9647499999999997e-06,1.9647499999999997e-06,4.602754498714653e-07,False,False,False,0,False,,,-7.3618683231884505,3.0,False,False,,,weekly,10.0,sigma,computed,/home/lkoo/projects/AutomationDetection/DownloadedLC/incremental/quiescent_background_cache.csv,,,,,,False,not_in_flare_streak
4FGL J1512.8-0906,749,750,60227.00001157408,1.76e-07,7.24e-08,1.38e-07,5.976789537712895e-07,4.602754498714653e-07,2.5837095017900364e-09,4.602754498714653e-07,2.5837095017900364e-09,1.9647499999999997e-06,1.9647499999999997e-06,4.602754498714653e-07,True,False,False,0,False,,,-3.923958639380196,3.0,False,False,,,weekly,10.0,sigma,computed,/home/lkoo/projects/AutomationDetection/DownloadedLC/incremental/quiescent_background_cache.csv,,,,,,False,not_in_flare_streak
4FGL J1512.8-0906,750,751,60234.00001157408,2.76e-08,2.41e-08,1.76e-07,5.976789537712895e-07,4.602754498714653e-07,2.5837095017900364e-09,4.602754498714653e-07,2.5837095017900364e-09,1.9647499999999997e-06,1.9647499999999997e-06,4.602754498714653e-07,False,False,False,0,False,,,-17.851045527742443,3.0,False,False,,,weekly,10.0,sigma,computed,/home/lkoo/projects/AutomationDetection/DownloadedLC/incremental/quiescent_background_cache.csv,,,,,,False,not_in_flare_streak
4FGL J1512.8-0906,751,752,60241.00001157408,8.52e-08,4.26e-08,2.76e-08,5.976789537712895e-07,4.602754498714653e-07,2.5837095017900364e-09,4.602754498714653e-07,2.5837095017900364e-09,1.9647499999999997e-06,1.9647499999999997e-06,4.602754498714653e-07,True,False,False,0,False,,,-8.788438823076564,3.0,False,False,,,weekly,10.0,sigma,computed,/home/lkoo/projects/AutomationDetection/DownloadedLC/incremental/quiescent_background_cache.csv,,,,,,False,not_in_flare_streak
4FGL J1512.8-0906,752,753,60248.00001157408,2.34e-07,6.51e-08,8.52e-08,5.976789537712895e-07,4.602754498714653e-07,2.5837095017900364e-09,4.602754498714653e-07,2.5837095017900364e-09,1.9647499999999997e-06,1.9647499999999997e-06,4.602754498714653e-07,True,False,False,0,False,,,-3.4730791062489863,3.0,False,False,,,weekly,10.0,sigma,computed,/home/lkoo/projects/AutomationDetection/DownloadedLC/incremental/quiescent_background_cache.csv,,,,,,False,not_in_flare_streak
4FGL J1512.8-0906,753,754,60255.00001157408,1.22e-07,5.34e-08,2.34e-07,5.976789537712895e-07,4.602754498714653e-07,2.5837095017900364e-09,4.602754498714653e-07,2.5837095017900364e-09,1.9647499999999997e-06,1.9647499999999997e-06,4.602754498714653e-07,False,False,False,0,False,,,-6.327344366537147,3.0,False,False,,,weekly,10.0,sigma,computed,/home/lkoo/projects/AutomationDetection/DownloadedLC/incremental/quiescent_background_cache.csv,,,,,,False,not_in_flare_streak
4FGL J1512.8-0906,754,755,60290.00001157408,2e-08,1.52e-08,1.22e-07,5.976789537712895e-07,4.602754498714653e-07,2.5837095017900364e-09,4.602754498714653e-07,2.5837095017900364e-09,1.9647499999999997e-06,1.9647499999999997e-06,4.602754498714653e-07,False,False,False,0,False,,,-28.555887956526732,3.0,False,False,,,weekly,10.0,sigma,computed,/home/lkoo/projects/AutomationDetection/DownloadedLC/incremental/quiescent_background_cache.csv,,,,,,False,not_in_flare_streak
4FGL J1512.8-0906,755,756,60297.00001157408,1.53e-07,6.32e-08,2e-08,5.976789537712895e-07,4.602754498714653e-07,2.5837095017900364e-09,4.602754498714653e-07,2.5837095017900364e-09,1.9647499999999997e-06,1.9647499999999997e-06,4.602754498714653e-07,True,False,False,0,False,,,-4.857895526353551,3.0,False,False,,,weekly,10.0,sigma,computed,/home/lkoo/projects/AutomationDetection/DownloadedLC/incremental/quiescent_background_cache.csv,,,,,,False,not_in_flare_streak
4FGL J1512.8-0906,756,757,60304.00001157408,2.08e-07,5.37e-08,1.53e-07,5.976789537712895e-07,4.602754498714653e-07,2.5837095017900364e-09,4.602754498714653e-07,2.5837095017900364e-09,1.9647499999999997e-06,1.9647499999999997e-06,4.602754498714653e-07,True,False,False,0,False,,,-4.692438645033177,3.0,False,False,,,weekly,10.0,sigma,computed,/home/lkoo/projects/AutomationDetection/DownloadedLC/incremental/quiescent_background_cache.csv,,,,,,False,not_in_flare_streak
4FGL J1512.8-0906,757,758,60311.00001157408,1.6e-07,4.56e-08,2.08e-07,5.976789537712895e-07,4.602754498714653e-07,2.5837095017900364e-09,4.602754498714653e-07,2.5837095017900364e-09,1.9647499999999997e-06,1.9647499999999997e-06,4.602754498714653e-07,False,False,False,0,False,,,-6.574443131767822,3.0,False,False,,,weekly,10.0,sigma,computed,/home/lkoo/projects/AutomationDetection/DownloadedLC/incremental/quiescent_background_cache.csv,,,,,,False,not_in_flare_streak
4FGL J1512.8-0906,758,759,60318.00001157408,1.49e-07,3.48e-08,1.6e-07,5.976789537712895e-07,4.602754498714653e-07,2.5837095017900364e-09,4.602754498714653e-07,2.5837095017900364e-09,1.9647499999999997e-06,1.9647499999999997e-06,4.602754498714653e-07,False,False,False,0,False,,,-8.920145587444047,3.0,False,False,,,weekly,10.0,sigma,computed,/home/lkoo/projects/AutomationDetection/DownloadedLC/incremental/quiescent_background_cache.csv,,,,,,False,not_in_flare_streak
4FGL J1512.8-0906,759,760,60332.00001157408,1.49e-07,3.64e-08,1.49e-07,5.976789537712895e-07,4.602754498714653e-07,2.5837095017900364e-09,4.602754498714653e-07,2.5837095017900364e-09,1.9647499999999997e-06,1.9647499999999997e-06,4.602754498714653e-07,False,False,False,0,False,,,-8.530061812989125,3.0,False,False,,,weekly,10.0,sigma,computed,/home/lkoo/projects/AutomationDetection/DownloadedLC/incremental/quiescent_background_cache.csv,,,,,,False,not_in_flare_streak
4FGL J1512.8-0906,760,761,60339.00001157408,9.51e-08,3.88e-08,1.49e-07,5.976789537712895e-07,4.602754498714653e-07,2.5837095017900364e-09,4.602754498714653e-07,2.5837095017900364e-09,1.9647499999999997e-06,1.9647499999999997e-06,4.602754498714653e-07,False,False,False,0,False,,,-9.39094036147209,3.0,False,False,,,weekly,10.0,sigma,computed,/home/lkoo/projects/AutomationDetection/DownloadedLC/incremental/quiescent_background_cache.csv,,,,,,False,not_in_flare_streak
4FGL J1512.8-0906,761,762,60346.00001157408,1.09e-07,3.59e-08,9.51e-08,5.976789537712895e-07,4.602754498714653e-07,2.5837095017900364e-09,4.602754498714653e-07,2.5837095017900364e-09,1.9647499999999997e-06,1.9647499999999997e-06,4.602754498714653e-07,True,False,False,0,False,,,-9.75958860443833,3.0,False,False,,,weekly,10.0,sigma,computed,/home/lkoo/projects/AutomationDetection/DownloadedLC/incremental/quiescent_background_cache.csv,,,,,,False,not_in_flare_streak
4FGL J1512.8-0906,762,763,60353.00001157408,1.09e-07,5.03e-08,1.09e-07,5.976789537712895e-07,4.602754498714653e-07,2.5837095017900364e-09,4.602754498714653e-07,2.5837095017900364e-09,1.9647499999999997e-06,1.9647499999999997e-06,4.602754498714653e-07,False,False,False,0,False,,,-6.97441254145927,3.0,False,False,,,weekly,10.0,sigma,computed,/home/lkoo/projects/AutomationDetection/DownloadedLC/incremental/quiescent_background_cache.csv,,,,,,False,not_in_flare_streak
4FGL J1512.8-0906,763,764,60360.00001157408,1.19e-07,4.49e-08,1.09e-07,5.976789537712895e-07,4.602754498714653e-07,2.5837095017900364e-09,4.602754498714653e-07,2.5837095017900364e-09,1.9647499999999997e-06,1.9647499999999997e-06,4.602754498714653e-07,True,False,False,0,False,,,-7.588236559822743,3.0,False,False,,,weekly,10.0,sigma,computed,/home/lkoo/projects/AutomationDetection/DownloadedLC/incremental/quiescent_background_cache.csv,,,,,,False,not_in_flare_streak
4FGL J1512.8-0906,764,765,60367.00001157408,4.69e-08,3.42e-08,1.19e-07,5.976789537712895e-07,4.602754498714653e-07,2.5837095017900364e-09,4.602754498714653e-07,2.5837095017900364e-09,1.9647499999999997e-06,1.9647499999999997e-06,4.602754498714653e-07,False,False,False,0,False,,,-12.052655979751075,3.0,False,False,,,weekly,10.0,sigma,computed,/home/lkoo/projects/AutomationDetection/DownloadedLC/incremental/quiescent_background_cache.csv,,,,,,False,not_in_flare_streak
4FGL J1512.8-0906,765,766,60374.00001157408,5.33e-08,2.67e-08,4.69e-08,5.976789537712895e-07,4.602754498714653e-07,2.5837095017900364e-09,4.602754498714653e-07,2.5837095017900364e-09,1.9647499999999997e-06,1.9647499999999997e-06,4.602754498714653e-07,True,False,False,0,False,,,-15.171657468453093,3.0,False,False,,,weekly,10.0,sigma,computed,/home/lkoo/projects/AutomationDetection/DownloadedLC/incremental/quiescent_background_cache.csv,,,,,,False,not_in_flare_streak
4FGL J1512.8-0906,766,767,60381.00001157408,1.94e-07,4.58e-08,5.33e-08,5.976789537712895e-07,4.602754498714653e-07,2.5837095017900364e-09,4.602754498714653e-07,2.5837095017900364e-09,1.9647499999999997e-06,1.9647499999999997e-06,4.602754498714653e-07,True,False,False,0,False,,,-5.804645401465247,3.0,False,False,,,weekly,10.0,sigma,computed,/home/lkoo/projects/AutomationDetection/DownloadedLC/incremental/quiescent_background_cache.csv,,,,,,False,not_in_flare_streak
4FGL J1512.8-0906,767,768,60388.00001157408,2.27e-07,7.06e-08,1.94e-07,5.976789537712895e-07,4.602754498714653e-07,2.5837095017900364e-09,4.602754498714653e-07,2.5837095017900364e-09,1.9647499999999997e-06,1.9647499999999997e-06,4.602754498714653e-07,True,False,False,0,False,,,-3.3019744145867844,3.0,False,False,,,weekly,10.0,sigma,computed,/home/lkoo/projects/AutomationDetection/DownloadedLC/incremental/quiescent_background_cache.csv,,,,,,False,not_in_flare_streak
4FGL J1512.8-0906,768,769,60395.00001157408,1.22e-07,5.23e-08,2.27e-07,5.976789537712895e-07,4.602754498714653e-07,2.5837095017900364e-09,4.602754498714653e-07,2.5837095017900364e-09,1.9647499999999997e-06,1.9647499999999997e-06,4.602754498714653e-07,False,False,False,0,False,,,-6.460103601587918,3.0,False,False,,,weekly,10.0,sigma,computed,/home/lkoo/projects/AutomationDetection/DownloadedLC/incremental/quiescent_background_cache.csv,,,,,,False,not_in_flare_streak
4FGL J1512.8-0906,769,770,60402.00001157408,1.9e-07,1.4e-07,1.22e-07,5.976789537712895e-07,4.602754498714653e-07,2.5837095017900364e-09,4.602754498714653e-07,2.5837095017900364e-09,1.9647499999999997e-06,1.9647499999999997e-06,4.602754498714653e-07,True,False,False,0,False,,,-1.9302102509357382,3.0,False,False,,,weekly,10.0,sigma,computed,/home/lkoo/projects/AutomationDetection/DownloadedLC/incremental/quiescent_background_cache.csv,,,,,,False,not_in_flare_streak
4FGL J1512.8-0906,770,771,60409.00001157408,1.27e-07,4.91e-08,1.9e-07,5.976789537712895e-07,4.602754498714653e-07,2.5837095017900364e-09,4.602754498714653e-07,2.5837095017900364e-09,1.9647499999999997e-06,1.9647499999999997e-06,4.602754498714653e-07,False,False,False,0,False,,,-6.7783092576685595,3.0,False,False,,,weekly,10.0,sigma,computed,/home/lkoo/projects/AutomationDetection/DownloadedLC/incremental/quiescent_background_cache.csv,,,,,,False,not_in_flare_streak
4FGL J1512.8-0906,771,772,60416.00001157408,1.41e-07,4.76e-08,1.27e-07,5.976789537712895e-07,4.602754498714653e-07,2.5837095017900364e-09,4.602754498714653e-07,2.5837095017900364e-09,1.9647499999999997e-06,1.9647499999999997e-06,4.602754498714653e-07,True,False,False,0,False,,,-6.697608189106498,3.0,False,False,,,weekly,10.0,sigma,computed,/home/lkoo/projects/AutomationDetection/DownloadedLC/incremental/quiescent_background_cache.csv,,,,,,False,not_in_flare_streak
4FGL J1512.8-0906,772,773,60423.00001157408,1.38e-07,4.44e-08,1.41e-07,5.976789537712895e-07,4.602754498714653e-07,2.5837095017900364e-09,4.602754498714653e-07,2.5837095017900364e-09,1.9647499999999997e-06,1.9647499999999997e-06,4.602754498714653e-07,False,False,False,0,False,,,-7.246197660593674,3.0,False,False,,,weekly,10.0,sigma,computed,/home/lkoo/projects/AutomationDetection/DownloadedLC/incremental/quiescent_background_cache.csv,,,,,,False,not_in_flare_streak
4FGL J1512.8-0906,773,774,60451.00001157408,4.46e-08,4.21e-08,1.38e-07,5.976789537712895e-07,4.602754498714653e-07,2.5837095017900364e-09,4.602754498714653e-07,2.5837095017900364e-09,1.9647499999999997e-06,1.9647499999999997e-06,4.602754498714653e-07,False,False,False,0,False,,,-9.854984799468713,3.0,False,False,,,weekly,10.0,sigma,computed,/home/lkoo/projects/AutomationDetection/DownloadedLC/incremental/quiescent_background_cache.csv,,,,,,False,not_in_flare_streak
4FGL J1512.8-0906,774,775,60458.00001157408,1.43e-07,5.66e-08,4.46e-08,5.976789537712895e-07,4.602754498714653e-07,2.5837095017900364e-09,4.602754498714653e-07,2.5837095017900364e-09,1.9647499999999997e-06,1.9647499999999997e-06,4.602754498714653e-07,True,False,False,0,False,,,-5.599742004892796,3.0,False,False,,,weekly,10.0,sigma,computed,/home/lkoo/projects/AutomationDetection/DownloadedLC/incremental/quiescent_background_cache.csv,,,,,,False,not_in_flare_streak
4FGL J1512.8-0906,775,776,60465.00001157408,1.67e-07,7.73e-08,1.43e-07,5.976789537712895e-07,4.602754498714653e-07,2.5837095017900364e-09,4.602754498714653e-07,2.5837095017900364e-09,1.9647499999999997e-06,1.9647499999999997e-06,4.602754498714653e-07,True,False,False,0,False,,,-3.791872759452658,3.0,False,False,,,weekly,10.0,sigma,computed,/home/lkoo/projects/AutomationDetection/DownloadedLC/incremental/quiescent_background_cache.csv,,,,,,False,not_in_flare_streak
4FGL J1512.8-0906,776,777,60472.00001157408,3.71e-08,3.49e-08,1.67e-07,5.976789537712895e-07,4.602754498714653e-07,2.5837095017900364e-09,4.602754498714653e-07,2.5837095017900364e-09,1.9647499999999997e-06,1.9647499999999997e-06,4.602754498714653e-07,False,False,False,0,False,,,-12.09227922217327,3.0,False,False,,,weekly,10.0,sigma,computed,/home/lkoo/projects/AutomationDetection/DownloadedLC/incremental/quiescent_background_cache.csv,,,,,,False,not_in_flare_streak
4FGL J1512.8-0906,777,778,60486.00001157408,1.23e-07,4.57e-08,3.71e-08,5.976789537712895e-07,4.602754498714653e-07,2.5837095017900364e-09,4.602754498714653e-07,2.5837095017900364e-09,1.9647499999999997e-06,1.9647499999999997e-06,4.602754498714653e-07,True,False,False,0,False,,,-7.368440101666776,3.0,False,False,,,weekly,10.0,sigma,computed,/home/lkoo/projects/AutomationDetection/DownloadedLC/incremental/quiescent_background_cache.csv,,,,,,False,not_in_flare_streak
4FGL J1512.8-0906,778,779,60493.00001157408,1.66e-07,4.23e-08,1.23e-07,5.976789537712895e-07,4.602754498714653e-07,2.5837095017900364e-09,4.602754498714653e-07,2.5837095017900364e-09,1.9647499999999997e-06,1.9647499999999997e-06,4.602754498714653e-07,True,False,False,0,False,,,-6.943925149424293,3.0,False,False,,,weekly,10.0,sigma,computed,/home/lkoo/projects/AutomationDetection/DownloadedLC/incremental/quiescent_background_cache.csv,,,,,,False,not_in_flare_streak
4FGL J1512.8-0906,779,780,60500.00001157408,1.46e-07,5.61e-08,1.66e-07,5.976789537712895e-07,4.602754498714653e-07,2.5837095017900364e-09,4.602754498714653e-07,2.5837095017900364e-09,1.9647499999999997e-06,1.9647499999999997e-06,4.602754498714653e-07,False,False,False,0,False,,,-5.596126095474015,3.0,False,False,,,weekly,10.0,sigma,computed,/home/lkoo/projects/AutomationDetection/DownloadedLC/incremental/quiescent_background_cache.csv,,,,,,False,not_in_flare_streak
4FGL J1512.8-0906,780,781,60507.00001157408,1.49e-08,1.37e-08,1.46e-07,5.976789537712895e-07,4.602754498714653e-07,2.5837095017900364e-09,4.602754498714653e-07,2.5837095017900364e-09,1.9647499999999997e-06,1.9647499999999997e-06,4.602754498714653e-07,False,False,False,0,False,,,-31.946009971570763,3.0,False,False,,,weekly,10.0,sigma,computed,/home/lkoo/projects/AutomationDetection/DownloadedLC/incremental/quiescent_background_cache.csv,,,,,,False,not_in_flare_streak
4FGL J1512.8-0906,781,782,60514.00001157408,5.37e-08,3.79e-08,1.49e-08,5.976789537712895e-07,4.602754498714653e-07,2.5837095017900364e-09,4.602754498714653e-07,2.5837095017900364e-09,1.9647499999999997e-06,1.9647499999999997e-06,4.602754498714653e-07,True,False,False,0,False,,,-10.702743356160806,3.0,False,False,,,weekly,10.0,sigma,computed,/home/lkoo/projects/AutomationDetection/DownloadedLC/incremental/quiescent_background_cache.csv,,,,,,False,not_in_flare_streak
4FGL J1512.8-0906,782,783,60521.00001157408,5.04e-08,3.41e-08,5.37e-08,5.976789537712895e-07,4.602754498714653e-07,2.5837095017900364e-09,4.602754498714653e-07,2.5837095017900364e-09,1.9647499999999997e-06,1.9647499999999997e-06,4.602754498714653e-07,False,False,False,0,False,,,-11.985453613173213,3.0,False,False,,,weekly,10.0,sigma,computed,/home/lkoo/projects/AutomationDetection/DownloadedLC/incremental/quiescent_background_cache.csv,,,,,,False,not_in_flare_streak
4FGL J1512.8-0906,783,784,60528.00001157408,1.08e-07,3.29e-08,5.04e-08,5.976789537712895e-07,4.602754498714653e-07,2.5837095017900364e-09,4.602754498714653e-07,2.5837095017900364e-09,1.9647499999999997e-06,1.9647499999999997e-06,4.602754498714653e-07,True,False,False,0,False,,,-10.674594328182213,3.0,False,False,,,weekly,10.0,sigma,computed,/home/lkoo/projects/AutomationDetection/DownloadedLC/incremental/quiescent_background_cache.csv,,,,,,False,not_in_flare_streak
4FGL J1512.8-0906,784,785,60535.00001157408,8.46e-08,3.97e-08,1.08e-07,5.976789537712895e-07,4.602754498714653e-07,2.5837095017900364e-09,4.602754498714653e-07,2.5837095017900364e-09,1.9647499999999997e-06,1.9647499999999997e-06,4.602754498714653e-07,False,False,False,0,False,,,-9.442881071779738,3.0,False,False,,,weekly,10.0,sigma,computed,/home/lkoo/projects/AutomationDetection/DownloadedLC/incremental/quiescent_background_cache.csv,,,,,,False,not_in_flare_streak
4FGL J1512.8-0906,785,786,60542.00001157408,9.54e-08,3.55e-08,8.46e-08,5.976789537712895e-07,4.602754498714653e-07,2.5837095017900364e-09,4.602754498714653e-07,2.5837095017900364e-09,1.9647499999999997e-06,1.9647499999999997e-06,4.602754498714653e-07,True,False,False,0,False,,,-10.251067549778288,3.0,False,False,,,weekly,10.0,sigma,computed,/home/lkoo/projects/AutomationDetection/DownloadedLC/incremental/quiescent_background_cache.csv,,,,,,False,not_in_flare_streak
4FGL J1512.8-0906,786,787,60549.00001157408,1.52e-07,5.02e-08,9.54e-08,5.976789537712895e-07,4.602754498714653e-07,2.5837095017900364e-09,4.602754498714653e-07,2.5837095017900364e-09,1.9647499999999997e-06,1.9647499999999997e-06,4.602754498714653e-07,True,False,False,0,False,,,-6.132827696454743,3.0,False,False,,,weekly,10.0,sigma,computed,/home/lkoo/projects/AutomationDetection/DownloadedLC/incremental/quiescent_background_cache.csv,,,,,,False,not_in_flare_streak
4FGL J1512.8-0906,787,788,60570.00001157408,1.9e-07,5.49e-08,1.52e-07,5.976789537712895e-07,4.602754498714653e-07,2.5837095017900364e-09,4.602754498714653e-07,2.5837095017900364e-09,1.9647499999999997e-06,1.9647499999999997e-06,4.602754498714653e-07,True,False,False,0,False,,,-4.917607240236312,3.0,False,False,,,weekly,10.0,sigma,computed,/home/lkoo/projects/AutomationDetection/DownloadedLC/incremental/quiescent_background_cache.csv,,,,,,False,not_in_flare_streak
4FGL J1512.8-0906,788,789,60577.00001157408,8.83e-08,4.52e-08,1.9e-07,5.976789537712895e-07,4.602754498714653e-07,2.5837095017900364e-09,4.602754498714653e-07,2.5837095017900364e-09,1.9647499999999997e-06,1.9647499999999997e-06,4.602754498714653e-07,False,False,False,0,False,,,-8.216133347812882,3.0,False,False,,,weekly,10.0,sigma,computed,/home/lkoo/projects/AutomationDetection/DownloadedLC/incremental/quiescent_background_cache.csv,,,,,,False,not_in_flare_streak
4FGL J1512.8-0906,789,790,60584.00001157408,1.72e-07,4.22e-08,8.83e-08,5.976789537712895e-07,4.602754498714653e-07,2.5837095017900364e-09,4.602754498714653e-07,2.5837095017900364e-09,1.9647499999999997e-06,1.9647499999999997e-06,4.602754498714653e-07,True,False,False,0,False,,,-6.818404211988326,3.0,False,False,,,weekly,10.0,sigma,computed,/home/lkoo/projects/AutomationDetection/DownloadedLC/incremental/quiescent_background_cache.csv,,,,,,False,not_in_flare_streak
4FGL J1512.8-0906,790,791,60591.00001157408,1.12e-07,7.55e-08,1.72e-07,5.976789537712895e-07,4.602754498714653e-07,2.5837095017900364e-09,4.602754498714653e-07,2.5837095017900364e-09,1.9647499999999997e-06,1.9647499999999997e-06,4.602754498714653e-07,False,False,False,0,False,,,-4.610221143971711,3.0,False,False,,,weekly,10.0,sigma,computed,/home/lkoo/projects/AutomationDetection/DownloadedLC/incremental/quiescent_background_cache.csv,,,,,,False,not_in_flare_streak
4FGL J1512.8-0906,791,792,60598.00001157408,7.38e-08,3.8e-08,1.12e-07,5.976789537712895e-07,4.602754498714653e-07,2.5837095017900364e-09,4.602754498714653e-07,2.5837095017900364e-09,1.9647499999999997e-06,1.9647499999999997e-06,4.602754498714653e-07,False,False,False,0,False,,,-10.146979079307428,3.0,False,False,,,weekly,10.0,sigma,computed,/home/lkoo/projects/AutomationDetection/DownloadedLC/incremental/quiescent_background_cache.csv,,,,,,False,not_in_flare_streak
4FGL J1512.8-0906,792,793,60605.00001157408,1.93e-07,5.95e-08,7.38e-08,5.976789537712895e-07,4.602754498714653e-07,2.5837095017900364e-09,4.602754498714653e-07,2.5837095017900364e-09,1.9647499999999997e-06,1.9647499999999997e-06,4.602754498714653e-07,True,False,False,0,False,,,-4.487795229297459,3.0,False,False,,,weekly,10.0,sigma,computed,/home/lkoo/projects/AutomationDetection/DownloadedLC/incremental/quiescent_background_cache.csv,,,,,,False,not_in_flare_streak
4FGL J1512.8-0906,793,794,60612.00001157408,1.72e-07,6.12e-08,1.93e-07,5.976789537712895e-07,4.602754498714653e-07,2.5837095017900364e-09,4.602754498714653e-07,2.5837095017900364e-09,1.9647499999999997e-06,1.9647499999999997e-06,4.602754498714653e-07,False,False,False,0,False,,,-4.706191076872212,3.0,False,False,,,weekly,10.0,sigma,computed,/home/lkoo/projects/AutomationDetection/DownloadedLC/incremental/quiescent_background_cache.csv,,,,,,False,not_in_flare_streak
4FGL J1512.8-0906,794,795,60619.00001157408,1.25e-07,5.75e-08,1.72e-07,5.976789537712895e-07,4.602754498714653e-07,2.5837095017900364e-09,4.602754498714653e-07,2.5837095017900364e-09,1.9647499999999997e-06,1.9647499999999997e-06,4.602754498714653e-07,False,False,False,0,False,,,-5.824999809149897,3.0,False,False,,,weekly,10.0,sigma,computed,/home/lkoo/projects/AutomationDetection/DownloadedLC/incremental/quiescent_background_cache.csv,,,,,,False,not_in_flare_streak
4FGL J1512.8-0906,795,796,60626.00001157408,1.21e-07,5.41e-08,1.25e-07,5.976789537712895e-07,4.602754498714653e-07,2.5837095017900364e-09,4.602754498714653e-07,2.5837095017900364e-09,1.9647499999999997e-06,1.9647499999999997e-06,4.602754498714653e-07,False,False,False,0,False,,,-6.264125614453257,3.0,False,False,,,weekly,10.0,sigma,computed,/home/lkoo/projects/AutomationDetection/DownloadedLC/incremental/quiescent_background_cache.csv,,,,,,False,not_in_flare_streak
4FGL J1512.8-0906,796,797,60633.00001157408,2.87e-07,1.44e-07,1.21e-07,5.976789537712895e-07,4.602754498714653e-07,2.5837095017900364e-09,4.602754498714653e-07,2.5837095017900364e-09,1.9647499999999997e-06,1.9647499999999997e-06,4.602754498714653e-07,True,False,False,0,False,,,-1.2031080920930028,3.0,False,False,,,weekly,10.0,sigma,computed,/home/lkoo/projects/AutomationDetection/DownloadedLC/incremental/quiescent_background_cache.csv,,,,,,False,not_in_flare_streak
4FGL J1512.8-0906,797,798,60647.00001157408,1.57e-07,7.83e-08,2.87e-07,5.976789537712895e-07,4.602754498714653e-07,2.5837095017900364e-09,4.602754498714653e-07,2.5837095017900364e-09,1.9647499999999997e-06,1.9647499999999997e-06,4.602754498714653e-07,False,False,False,0,False,,,-3.8711427260261013,3.0,False,False,,,weekly,10.0,sigma,computed,/home/lkoo/projects/AutomationDetection/DownloadedLC/incremental/quiescent_background_cache.csv,,,,,,False,not_in_flare_streak
4FGL J1512.8-0906,798,799,60654.00001157408,1.41e-07,8.2e-08,1.57e-07,5.976789537712895e-07,4.602754498714653e-07,2.5837095017900364e-09,4.602754498714653e-07,2.5837095017900364e-09,1.9647499999999997e-06,1.9647499999999997e-06,4.602754498714653e-07,False,False,False,0,False,,,-3.891671709991931,3.0,False,False,,,weekly,10.0,sigma,computed,/home/lkoo/projects/AutomationDetection/DownloadedLC/incremental/quiescent_background_cache.csv,,,,,,False,not_in_flare_streak
4FGL J1512.8-0906,799,800,60661.00001157408,2.18e-07,1.14e-07,1.41e-07,5.976789537712895e-07,4.602754498714653e-07,2.5837095017900364e-09,4.602754498714653e-07,2.5837095017900364e-09,1.9647499999999997e-06,1.9647499999999997e-06,4.602754498714653e-07,True,False,False,0,False,,,-2.1246776311810853,3.0,False,False,,,weekly,10.0,sigma,computed,/home/lkoo/projects/AutomationDetection/DownloadedLC/incremental/quiescent_background_cache.csv,,,,,,False,not_in_flare_streak
4FGL J1512.8-0906,800,801,60675.00001157408,2.09e-07,6.52e-08,2.18e-07,5.976789537712895e-07,4.602754498714653e-07,2.5837095017900364e-09,4.602754498714653e-07,2.5837095017900364e-09,1.9647499999999997e-06,1.9647499999999997e-06,4.602754498714653e-07,False,False,False,0,False,,,-3.8508955318351323,3.0,False,False,,,weekly,10.0,sigma,computed,/home/lkoo/projects/AutomationDetection/DownloadedLC/incremental/quiescent_background_cache.csv,,,,,,False,not_in_flare_streak
4FGL J1512.8-0906,801,802,60682.00001157408,1.85e-07,4.47e-08,2.09e-07,5.976789537712895e-07,4.602754498714653e-07,2.5837095017900364e-09,4.602754498714653e-07,2.5837095017900364e-09,1.9647499999999997e-06,1.9647499999999997e-06,4.602754498714653e-07,False,False,False,0,False,,,-6.148025854065329,3.0,False,False,,,weekly,10.0,sigma,computed,/home/lkoo/projects/AutomationDetection/DownloadedLC/incremental/quiescent_background_cache.csv,,,,,,False,not_in_flare_streak
4FGL J1512.8-0906,802,803,60689.00001157408,1.42e-07,3.27e-08,1.85e-07,5.976789537712895e-07,4.602754498714653e-07,2.5837095017900364e-09,4.602754498714653e-07,2.5837095017900364e-09,1.9647499999999997e-06,1.9647499999999997e-06,4.602754498714653e-07,False,False,False,0,False,,,-9.702953643109671,3.0,False,False,,,weekly,10.0,sigma,computed,/home/lkoo/projects/AutomationDetection/DownloadedLC/incremental/quiescent_background_cache.csv,,,,,,False,not_in_flare_streak
4FGL J1512.8-0906,803,804,60696.00001157408,2.44e-07,4.35e-08,1.42e-07,5.976789537712895e-07,4.602754498714653e-07,2.5837095017900364e-09,4.602754498714653e-07,2.5837095017900364e-09,1.9647499999999997e-06,1.9647499999999997e-06,4.602754498714653e-07,True,False,False,0,False,,,-4.963102614501733,3.0,False,False,,,weekly,10.0,sigma,computed,/home/lkoo/projects/AutomationDetection/DownloadedLC/incremental/quiescent_background_cache.csv,,,,,,False,not_in_flare_streak
4FGL J1512.8-0906,804,805,60703.00001157408,1.77e-07,4.3e-08,2.44e-07,5.976789537712895e-07,4.602754498714653e-07,2.5837095017900364e-09,4.602754498714653e-07,2.5837095017900364e-09,1.9647499999999997e-06,1.9647499999999997e-06,4.602754498714653e-07,False,False,False,0,False,,,-6.575941099086636,3.0,False,False,,,weekly,10.0,sigma,computed,/home/lkoo/projects/AutomationDetection/DownloadedLC/incremental/quiescent_background_cache.csv,,,,,,False,not_in_flare_streak
4FGL J1512.8-0906,805,806,60710.00001157408,2.35e-07,5.29e-08,1.77e-07,5.976789537712895e-07,4.602754498714653e-07,2.5837095017900364e-09,4.602754498714653e-07,2.5837095017900364e-09,1.9647499999999997e-06,1.9647499999999997e-06,4.602754498714653e-07,True,False,False,0,False,,,-4.2534448857129705,3.0,False,False,,,weekly,10.0,sigma,computed,/home/lkoo/projects/AutomationDetection/DownloadedLC/incremental/quiescent_background_cache.csv,,,,,,False,not_in_flare_streak
4FGL J1512.8-0906,806,807,60717.00001157408,1.64e-07,5.26e-08,2.35e-07,5.976789537712895e-07,4.602754498714653e-07,2.5837095017900364e-09,4.602754498714653e-07,2.5837095017900364e-09,1.9647499999999997e-06,1.9647499999999997e-06,4.602754498714653e-07,False,False,False,0,False,,,-5.625830287788605,3.0,False,False,,,weekly,10.0,sigma,computed,/home/lkoo/projects/AutomationDetection/DownloadedLC/incremental/quiescent_background_cache.csv,,,,,,False,not_in_flare_streak
4FGL J1512.8-0906,807,808,60724.00001157408,1.85e-07,5.38e-08,1.64e-07,5.976789537712895e-07,4.602754498714653e-07,2.5837095017900364e-09,4.602754498714653e-07,2.5837095017900364e-09,1.9647499999999997e-06,1.9647499999999997e-06,4.602754498714653e-07,True,False,False,0,False,,,-5.110753882849761,3.0,False,False,,,weekly,10.0,sigma,computed,/home/lkoo/projects/AutomationDetection/DownloadedLC/incremental/quiescent_background_cache.csv,,,,,,False,not_in_flare_streak
4FGL J1512.8-0906,808,809,60731.00001157408,2.31e-07,4.38e-08,1.85e-07,5.976789537712895e-07,4.602754498714653e-07,2.5837095017900364e-09,4.602754498714653e-07,2.5837095017900364e-09,1.9647499999999997e-06,1.9647499999999997e-06,4.602754498714653e-07,True,False,False,0,False,,,-5.22551564959845,3.0,False,False,,,weekly,10.0,sigma,computed,/home/lkoo/projects/AutomationDetection/DownloadedLC/incremental/quiescent_background_cache.csv,,,,,,False,not_in_flare_streak
4FGL J1512.8-0906,809,810,60738.00001157408,2.02e-07,4.2e-08,2.31e-07,5.976789537712895e-07,4.602754498714653e-07,2.5837095017900364e-09,4.602754498714653e-07,2.5837095017900364e-09,1.9647499999999997e-06,1.9647499999999997e-06,4.602754498714653e-07,False,False,False,0,False,,,-6.137812691390459,3.0,False,False,,,weekly,10.0,sigma,computed,/home/lkoo/projects/AutomationDetection/DownloadedLC/incremental/quiescent_background_cache.csv,,,,,,False,not_in_flare_streak
4FGL J1512.8-0906,810,811,60745.00001157408,2.85e-07,4.69e-08,2.02e-07,5.976789537712895e-07,4.602754498714653e-07,2.5837095017900364e-09,4.602754498714653e-07,2.5837095017900364e-09,1.9647499999999997e-06,1.9647499999999997e-06,4.602754498714653e-07,True,False,False,0,False,,,-3.731558287017426,3.0,False,False,,,weekly,10.0,sigma,computed,/home/lkoo/projects/AutomationDetection/DownloadedLC/incremental/quiescent_background_cache.csv,,,,,,False,not_in_flare_streak
4FGL J1512.8-0906,811,812,60752.00001157408,1.84e-07,5.67e-08,2.85e-07,5.976789537712895e-07,4.602754498714653e-07,2.5837095017900364e-09,4.602754498714653e-07,2.5837095017900364e-09,1.9647499999999997e-06,1.9647499999999997e-06,4.602754498714653e-07,False,False,False,0,False,,,-4.8675319201701335,3.0,False,False,,,weekly,10.0,sigma,computed,/home/lkoo/projects/AutomationDetection/DownloadedLC/incremental/quiescent_background_cache.csv,,,,,,False,not_in_flare_streak
4FGL J1512.8-0906,812,813,60759.00001157408,1.03e-07,5.81e-08,1.84e-07,5.976789537712895e-07,4.602754498714653e-07,2.5837095017900364e-09,4.602754498714653e-07,2.5837095017900364e-09,1.9647499999999997e-06,1.9647499999999997e-06,4.602754498714653e-07,False,False,False,0,False,,,-6.143247878490956,3.0,False,False,,,weekly,10.0,sigma,computed,/home/lkoo/projects/AutomationDetection/DownloadedLC/incremental/quiescent_background_cache.csv,,,,,,False,not_in_flare_streak
4FGL J1512.8-0906,813,814,60766.00001157408,8.76e-08,4.98e-08,1.03e-07,5.976789537712895e-07,4.602754498714653e-07,2.5837095017900364e-09,4.602754498714653e-07,2.5837095017900364e-09,1.9647499999999997e-06,1.9647499999999997e-06,4.602754498714653e-07,False,False,False,0,False,,,-7.473391417065181,3.0,False,False,,,weekly,10.0,sigma,computed,/home/lkoo/projects/AutomationDetection/DownloadedLC/incremental/quiescent_background_cache.csv,,,,,,False,not_in_flare_streak
4FGL J1512.8-0906,814,815,60773.00001157408,9.66e-08,4.45e-08,8.76e-08,5.976789537712895e-07,4.602754498714653e-07,2.5837095017900364e-09,4.602754498714653e-07,2.5837095017900364e-09,1.9647499999999997e-06,1.9647499999999997e-06,4.602754498714653e-07,True,False,False,0,False,,,-8.158741758435704,3.0,False,False,,,weekly,10.0,sigma,computed,/home/lkoo/projects/AutomationDetection/DownloadedLC/incremental/quiescent_background_cache.csv,,,,,,False,not_in_flare_streak
4FGL J1512.8-0906,815,816,60780.00001157408,7.73e-08,4.45e-08,9.66e-08,5.976789537712895e-07,4.602754498714653e-07,2.5837095017900364e-09,4.602754498714653e-07,2.5837095017900364e-09,1.9647499999999997e-06,1.9647499999999997e-06,4.602754498714653e-07,False,False,False,0,False,,,-8.591720437621946,3.0,False,False,,,weekly,10.0,sigma,computed,/home/lkoo/projects/AutomationDetection/DownloadedLC/incremental/quiescent_background_cache.csv,,,,,,False,not_in_flare_streak
4FGL J1512.8-0906,816,817,60787.00001157408,1.26e-07,5.31e-08,7.73e-08,5.976789537712895e-07,4.602754498714653e-07,2.5837095017900364e-09,4.602754498714653e-07,2.5837095017900364e-09,1.9647499999999997e-06,1.9647499999999997e-06,4.602754498714653e-07,True,False,False,0,False,,,-6.2877673252215445,3.0,False,False,,,weekly,10.0,sigma,computed,/home/lkoo/projects/AutomationDetection/DownloadedLC/incremental/quiescent_background_cache.csv,,,,,,False,not_in_flare_streak
4FGL J1512.8-0906,817,818,60815.00001157408,1.25e-08,7.21e-09,1.26e-07,5.976789537712895e-07,4.602754498714653e-07,2.5837095017900364e-09,4.602754498714653e-07,2.5837095017900364e-09,1.9647499999999997e-06,1.9647499999999997e-06,4.602754498714653e-07,False,False,False,0,False,,,-58.46426947869585,3.0,False,False,,,weekly,10.0,sigma,computed,/home/lkoo/projects/AutomationDetection/DownloadedLC/incremental/quiescent_background_cache.csv,,,,,,False,not_in_flare_streak
4FGL J1512.8-0906,818,819,60822.00001157408,1.92e-07,5.33e-08,1.25e-08,5.976789537712895e-07,4.602754498714653e-07,2.5837095017900364e-09,4.602754498714653e-07,2.5837095017900364e-09,1.9647499999999997e-06,1.9647499999999997e-06,4.602754498714653e-07,True,False,False,0,False,,,-5.027407241396879,3.0,False,False,,,weekly,10.0,sigma,computed,/home/lkoo/projects/AutomationDetection/DownloadedLC/incremental/quiescent_background_cache.csv,,,,,,False,not_in_flare_streak
4FGL J1512.8-0906,819,820,60829.00001157408,1.45e-07,5.25e-08,1.92e-07,5.976789537712895e-07,4.602754498714653e-07,2.5837095017900364e-09,4.602754498714653e-07,2.5837095017900364e-09,1.9647499999999997e-06,1.9647499999999997e-06,4.602754498714653e-07,False,False,False,0,False,,,-5.997987583909513,3.0,False,False,,,weekly,10.0,sigma,computed,/home/lkoo/projects/AutomationDetection/DownloadedLC/incremental/quiescent_background_cache.csv,,,,,,False,not_in_flare_streak
4FGL J1512.8-0906,820,821,60843.00001157408,1.13e-07,5.46e-08,1.45e-07,5.976789537712895e-07,4.602754498714653e-07,2.5837095017900364e-09,4.602754498714653e-07,2.5837095017900364e-09,1.9647499999999997e-06,1.9647499999999997e-06,4.602754498714653e-07,False,False,False,0,False,,,-6.353246956503442,3.0,False,False,,,weekly,10.0,sigma,computed,/home/lkoo/projects/AutomationDetection/DownloadedLC/incremental/quiescent_background_cache.csv,,,,,,False,not_in_flare_streak
4FGL J1512.8-0906,821,822,60850.00001157408,8.78e-08,2.64e-08,1.13e-07,5.976789537712895e-07,4.602754498714653e-07,2.5837095017900364e-09,4.602754498714653e-07,2.5837095017900364e-09,1.9647499999999997e-06,1.9647499999999997e-06,4.602754498714653e-07,False,False,False,0,False,,,-14.041831757301935,3.0,False,False,,,weekly,10.0,sigma,computed,/home/lkoo/projects/AutomationDetection/DownloadedLC/incremental/quiescent_background_cache.csv,,,,,,False,not_in_flare_streak
