Name,previous_bin_count,current_bin_count,new_point_mjd,new_point_flux,new_point_flux_error,previous_point_flux,average_flux_full_series,previous_quiescent_background,previous_quiescent_background_error,current_quiescent_background,current_quiescent_background_error,previous_detection_threshold,current_detection_threshold,flare_flux_threshold,above_previous_flux,above_flare_flux_threshold,potential_flare_point,consecutive_potential_flare_points,flare_active,flare_start_mjd,flare_end_mjd,confirmed_sigma_delta,confirmed_sigma_threshold,confirmed_start_trigger,confirmed_flare_active,confirmed_flare_start_mjd,confirmed_flare_end_mjd,cadence,lookback_weeks,detection_method,quiescent_background_origin,quiescent_background_cache_path,flare_duration_seconds,streak_mean_flux,source_counts_0p2_5MeV,background_counts,mdp99_percent,mdp99_available,mdp99_reason
4FGL J2327.5+0939,1,2,54690.00001157408,4.16e-08,3.1e-08,9.19e-08,9.259306569343065e-08,8.600152671755726e-08,2.685925441583016e-09,8.600152671755726e-08,2.685925441583016e-09,1.75084e-07,1.75084e-07,8.600152671755726e-08,False,False,False,0,False,,,-1.4269612522298476,3.0,False,False,,,weekly,10.0,sigma,computed,/home/lkoo/projects/AutomationDetection/DownloadedLC/incremental/quiescent_background_cache.csv,,,,,,False,not_in_flare_streak
4FGL J2327.5+0939,2,3,54704.00001157408,4.42e-08,2.86e-08,4.16e-08,9.259306569343065e-08,8.600152671755726e-08,2.685925441583016e-09,8.600152671755726e-08,2.685925441583016e-09,1.75084e-07,1.75084e-07,8.600152671755726e-08,True,False,False,0,False,,,-1.4551887367160647,3.0,False,False,,,weekly,10.0,sigma,computed,/home/lkoo/projects/AutomationDetection/DownloadedLC/incremental/quiescent_background_cache.csv,,,,,,False,not_in_flare_streak
4FGL J2327.5+0939,3,4,54711.00001157408,6.72e-08,4.26e-08,4.42e-08,9.259306569343065e-08,8.600152671755726e-08,2.685925441583016e-09,8.600152671755726e-08,2.685925441583016e-09,1.75084e-07,1.75084e-07,8.600152671755726e-08,True,False,False,0,False,,,-0.4404757515997674,3.0,False,False,,,weekly,10.0,sigma,computed,/home/lkoo/projects/AutomationDetection/DownloadedLC/incremental/quiescent_background_cache.csv,,,,,,False,not_in_flare_streak
4FGL J2327.5+0939,4,5,54718.00001157408,8.56e-08,3.85e-08,6.72e-08,9.259306569343065e-08,8.600152671755726e-08,2.685925441583016e-09,8.600152671755726e-08,2.685925441583016e-09,1.75084e-07,1.75084e-07,8.600152671755726e-08,True,False,False,0,False,,,-0.010403977745655737,3.0,False,False,,,weekly,10.0,sigma,computed,/home/lkoo/projects/AutomationDetection/DownloadedLC/incremental/quiescent_background_cache.csv,,,,,,False,not_in_flare_streak
4FGL J2327.5+0939,5,6,54725.00001157408,1.32e-07,4.65e-08,8.56e-08,9.259306569343065e-08,8.600152671755726e-08,2.685925441583016e-09,8.600152671755726e-08,2.685925441583016e-09,1.75084e-07,1.75084e-07,8.600152671755726e-08,True,True,False,0,False,,,0.9875683747668215,3.0,False,False,,,weekly,10.0,sigma,computed,/home/lkoo/projects/AutomationDetection/DownloadedLC/incremental/quiescent_background_cache.csv,,,,,,False,not_in_flare_streak
4FGL J2327.5+0939,6,7,54732.00001157408,2.15e-07,4.08e-08,1.32e-07,9.259306569343065e-08,8.600152671755726e-08,2.685925441583016e-09,8.600152671755726e-08,2.685925441583016e-09,1.75084e-07,1.75084e-07,8.600152671755726e-08,True,True,False,0,False,,,3.154898348131895,3.0,True,True,54732.00001157408,54732.00001157408,weekly,10.0,sigma,computed,/home/lkoo/projects/AutomationDetection/DownloadedLC/incremental/quiescent_background_cache.csv,,,,,,False,not_in_flare_streak
4FGL J2327.5+0939,7,8,54739.00001157408,4.61e-08,2.07e-08,2.15e-07,9.259306569343065e-08,8.600152671755726e-08,2.685925441583016e-09,8.600152671755726e-08,2.685925441583016e-09,1.75084e-07,1.75084e-07,8.600152671755726e-08,False,False,False,0,False,,,-1.9115851237206178,3.0,False,False,,,weekly,10.0,sigma,computed,/home/lkoo/projects/AutomationDetection/DownloadedLC/incremental/quiescent_background_cache.csv,,,,,,False,not_in_flare_streak
4FGL J2327.5+0939,8,9,54746.00001157408,1.4e-07,3.76e-08,4.61e-08,9.259306569343065e-08,8.600152671755726e-08,2.685925441583016e-09,8.600152671755726e-08,2.685925441583016e-09,1.75084e-07,1.75084e-07,8.600152671755726e-08,True,True,False,0,False,,,1.4324794004394215,3.0,False,False,,,weekly,10.0,sigma,computed,/home/lkoo/projects/AutomationDetection/DownloadedLC/incremental/quiescent_background_cache.csv,,,,,,False,not_in_flare_streak
4FGL J2327.5+0939,9,10,54753.00001157408,1.58e-07,3.94e-08,1.4e-07,9.259306569343065e-08,8.600152671755726e-08,2.685925441583016e-09,8.600152671755726e-08,2.685925441583016e-09,1.75084e-07,1.75084e-07,8.600152671755726e-08,True,True,False,0,False,,,1.8231410382042363,3.0,False,False,,,weekly,10.0,sigma,computed,/home/lkoo/projects/AutomationDetection/DownloadedLC/incremental/quiescent_background_cache.csv,,,,,,False,not_in_flare_streak
4FGL J2327.5+0939,10,11,54760.00001157408,2.9e-07,5.4e-08,1.58e-07,9.259306569343065e-08,8.600152671755726e-08,2.685925441583016e-09,8.600152671755726e-08,2.685925441583016e-09,1.75084e-07,1.75084e-07,8.600152671755726e-08,True,True,False,0,False,,,3.773085074740003,3.0,True,True,54760.00001157408,54760.00001157408,weekly,10.0,sigma,computed,/home/lkoo/projects/AutomationDetection/DownloadedLC/incremental/quiescent_background_cache.csv,,,,,,False,not_in_flare_streak
4FGL J2327.5+0939,11,12,54767.00001157408,2.34e-07,4.75e-08,2.9e-07,9.259306569343065e-08,8.600152671755726e-08,2.685925441583016e-09,8.600152671755726e-08,2.685925441583016e-09,1.75084e-07,1.75084e-07,8.600152671755726e-08,False,True,False,0,False,,,3.1107880419320257,3.0,True,True,54760.00001157408,54767.00001157408,weekly,10.0,sigma,computed,/home/lkoo/projects/AutomationDetection/DownloadedLC/incremental/quiescent_background_cache.csv,,,,,,False,not_in_flare_streak
4FGL J2327.5+0939,12,13,54774.00001157408,2.18e-07,4.79e-08,2.34e-07,9.259306569343065e-08,8.600152671755726e-08,2.685925441583016e-09,8.600152671755726e-08,2.685925441583016e-09,1.75084e-07,1.75084e-07,8.600152671755726e-08,False,True,False,0,False,,,2.751387126536644,3.0,False,True,54760.00001157408,54774.00001157408,weekly,10.0,sigma,computed,/home/lkoo/projects/AutomationDetection/DownloadedLC/incremental/quiescent_background_cache.csv,,,,,,False,not_in_flare_streak
4FGL J2327.5+0939,13,14,54781.00001157408,5.67e-07,5.61e-08,2.18e-07,9.259306569343065e-08,8.600152671755726e-08,2.685925441583016e-09,8.600152671755726e-08,2.685925441583016e-09,1.75084e-07,1.75084e-07,8.600152671755726e-08,True,True,False,0,False,,,8.564137871767269,3.0,True,True,54760.00001157408,54781.00001157408,weekly,10.0,sigma,computed,/home/lkoo/projects/AutomationDetection/DownloadedLC/incremental/quiescent_background_cache.csv,,,,,,False,not_in_flare_streak
4FGL J2327.5+0939,14,15,54788.00001157408,2.51e-07,4.2e-08,5.67e-07,9.259306569343065e-08,8.600152671755726e-08,2.685925441583016e-09,8.600152671755726e-08,2.685925441583016e-09,1.75084e-07,1.75084e-07,8.600152671755726e-08,False,True,False,0,False,,,3.920526408847386,3.0,True,True,54760.00001157408,54788.00001157408,weekly,10.0,sigma,computed,/home/lkoo/projects/AutomationDetection/DownloadedLC/incremental/quiescent_background_cache.csv,,,,,,False,not_in_flare_streak
4FGL J2327.5+0939,15,16,54795.00001157408,2.18e-07,4.23e-08,2.51e-07,9.259306569343065e-08,8.600152671755726e-08,2.685925441583016e-09,8.600152671755726e-08,2.685925441583016e-09,1.75084e-07,1.75084e-07,8.600152671755726e-08,False,True,False,0,False,,,3.114259444715275,3.0,True,True,54760.00001157408,54795.00001157408,weekly,10.0,sigma,computed,/home/lkoo/projects/AutomationDetection/DownloadedLC/incremental/quiescent_background_cache.csv,,,,,,False,not_in_flare_streak
4FGL J2327.5+0939,16,17,54802.00001157408,1.56e-07,3.91e-08,2.18e-07,9.259306569343065e-08,8.600152671755726e-08,2.685925441583016e-09,8.600152671755726e-08,2.685925441583016e-09,1.75084e-07,1.75084e-07,8.600152671755726e-08,False,True,False,0,False,,,1.786033248811486,3.0,False,True,54760.00001157408,54802.00001157408,weekly,10.0,sigma,computed,/home/lkoo/projects/AutomationDetection/DownloadedLC/incremental/quiescent_background_cache.csv,,,,,,False,not_in_flare_streak
4FGL J2327.5+0939,17,18,54809.00001157408,4.7e-08,3.73e-08,1.56e-07,9.259306569343065e-08,8.600152671755726e-08,2.685925441583016e-09,8.600152671755726e-08,2.685925441583016e-09,1.75084e-07,1.75084e-07,8.600152671755726e-08,False,False,False,0,False,,,-1.0429169384100423,3.0,False,False,,,weekly,10.0,sigma,computed,/home/lkoo/projects/AutomationDetection/DownloadedLC/incremental/quiescent_background_cache.csv,,,,,,False,not_in_flare_streak
4FGL J2327.5+0939,18,19,54823.00001157408,1.17e-07,4.32e-08,4.7e-08,9.259306569343065e-08,8.600152671755726e-08,2.685925441583016e-09,8.600152671755726e-08,2.685925441583016e-09,1.75084e-07,1.75084e-07,8.600152671755726e-08,True,True,False,0,False,,,0.7161743541164115,3.0,False,False,,,weekly,10.0,sigma,computed,/home/lkoo/projects/AutomationDetection/DownloadedLC/incremental/quiescent_background_cache.csv,,,,,,False,not_in_flare_streak
4FGL J2327.5+0939,19,20,54830.00001157408,1.12e-07,3.95e-08,1.17e-07,9.259306569343065e-08,8.600152671755726e-08,2.685925441583016e-09,8.600152671755726e-08,2.685925441583016e-09,1.75084e-07,1.75084e-07,8.600152671755726e-08,False,True,False,0,False,,,0.6566728046156238,3.0,False,False,,,weekly,10.0,sigma,computed,/home/lkoo/projects/AutomationDetection/DownloadedLC/incremental/quiescent_background_cache.csv,,,,,,False,not_in_flare_streak
4FGL J2327.5+0939,20,21,54837.00001157408,6.94e-08,3.44e-08,1.12e-07,9.259306569343065e-08,8.600152671755726e-08,2.685925441583016e-09,8.600152671755726e-08,2.685925441583016e-09,1.75084e-07,1.75084e-07,8.600152671755726e-08,False,False,False,0,False,,,-0.4811381522026393,3.0,False,False,,,weekly,10.0,sigma,computed,/home/lkoo/projects/AutomationDetection/DownloadedLC/incremental/quiescent_background_cache.csv,,,,,,False,not_in_flare_streak
4FGL J2327.5+0939,21,22,54844.00001157408,1.35e-08,1.27e-08,6.94e-08,9.259306569343065e-08,8.600152671755726e-08,2.685925441583016e-09,8.600152671755726e-08,2.685925441583016e-09,1.75084e-07,1.75084e-07,8.600152671755726e-08,False,False,False,0,False,,,-5.585239395325565,3.0,False,False,,,weekly,10.0,sigma,computed,/home/lkoo/projects/AutomationDetection/DownloadedLC/incremental/quiescent_background_cache.csv,,,,,,False,not_in_flare_streak
4FGL J2327.5+0939,22,23,54851.00001157408,1.6e-07,3.57e-08,1.35e-08,9.259306569343065e-08,8.600152671755726e-08,2.685925441583016e-09,8.600152671755726e-08,2.685925441583016e-09,1.75084e-07,1.75084e-07,8.600152671755726e-08,True,True,False,0,False,,,2.0669446959295037,3.0,False,False,,,weekly,10.0,sigma,computed,/home/lkoo/projects/AutomationDetection/DownloadedLC/incremental/quiescent_background_cache.csv,,,,,,False,not_in_flare_streak
4FGL J2327.5+0939,23,24,54858.00001157408,1.48e-07,4.24e-08,1.6e-07,9.259306569343065e-08,8.600152671755726e-08,2.685925441583016e-09,8.600152671755726e-08,2.685925441583016e-09,1.75084e-07,1.75084e-07,8.600152671755726e-08,False,True,False,0,False,,,1.459303070820367,3.0,False,False,,,weekly,10.0,sigma,computed,/home/lkoo/projects/AutomationDetection/DownloadedLC/incremental/quiescent_background_cache.csv,,,,,,False,not_in_flare_streak
4FGL J2327.5+0939,24,25,54865.00001157408,9.55e-08,3.69e-08,1.48e-07,9.259306569343065e-08,8.600152671755726e-08,2.685925441583016e-09,8.600152671755726e-08,2.685925441583016e-09,1.75084e-07,1.75084e-07,8.600152671755726e-08,False,True,False,0,False,,,0.2567319791792664,3.0,False,False,,,weekly,10.0,sigma,computed,/home/lkoo/projects/AutomationDetection/DownloadedLC/incremental/quiescent_background_cache.csv,,,,,,False,not_in_flare_streak
4FGL J2327.5+0939,25,26,54872.00001157408,2.36e-07,5.17e-08,9.55e-08,9.259306569343065e-08,8.600152671755726e-08,2.685925441583016e-09,8.600152671755726e-08,2.685925441583016e-09,1.75084e-07,1.75084e-07,8.600152671755726e-08,True,True,False,0,False,,,2.8974169700421784,3.0,False,False,,,weekly,10.0,sigma,computed,/home/lkoo/projects/AutomationDetection/DownloadedLC/incremental/quiescent_background_cache.csv,,,,,,False,not_in_flare_streak
4FGL J2327.5+0939,26,27,54879.00001157408,1.71e-07,4.64e-08,2.36e-07,9.259306569343065e-08,8.600152671755726e-08,2.685925441583016e-09,8.600152671755726e-08,2.685925441583016e-09,1.75084e-07,1.75084e-07,8.600152671755726e-08,False,True,False,0,False,,,1.8288022112895017,3.0,False,False,,,weekly,10.0,sigma,computed,/home/lkoo/projects/AutomationDetection/DownloadedLC/incremental/quiescent_background_cache.csv,,,,,,False,not_in_flare_streak
4FGL J2327.5+0939,27,28,54886.00001157408,1.02e-07,3.54e-08,1.71e-07,9.259306569343065e-08,8.600152671755726e-08,2.685925441583016e-09,8.600152671755726e-08,2.685925441583016e-09,1.75084e-07,1.75084e-07,8.600152671755726e-08,False,True,False,0,False,,,0.4506390149194566,3.0,False,False,,,weekly,10.0,sigma,computed,/home/lkoo/projects/AutomationDetection/DownloadedLC/incremental/quiescent_background_cache.csv,,,,,,False,not_in_flare_streak
4FGL J2327.5+0939,28,29,54893.00001157408,8.69e-08,4.19e-08,1.02e-07,9.259306569343065e-08,8.600152671755726e-08,2.685925441583016e-09,8.600152671755726e-08,2.685925441583016e-09,1.75084e-07,1.75084e-07,8.600152671755726e-08,False,True,False,0,False,,,0.02139935413175436,3.0,False,False,,,weekly,10.0,sigma,computed,/home/lkoo/projects/AutomationDetection/DownloadedLC/incremental/quiescent_background_cache.csv,,,,,,False,not_in_flare_streak
4FGL J2327.5+0939,29,30,54921.00001157408,1.28e-07,4.62e-08,8.69e-08,9.259306569343065e-08,8.600152671755726e-08,2.685925441583016e-09,8.600152671755726e-08,2.685925441583016e-09,1.75084e-07,1.75084e-07,8.600152671755726e-08,True,True,False,0,False,,,0.9075254839290271,3.0,False,False,,,weekly,10.0,sigma,computed,/home/lkoo/projects/AutomationDetection/DownloadedLC/incremental/quiescent_background_cache.csv,,,,,,False,not_in_flare_streak
4FGL J2327.5+0939,30,31,54935.00001157408,1.45e-07,4.22e-08,1.28e-07,9.259306569343065e-08,8.600152671755726e-08,2.685925441583016e-09,8.600152671755726e-08,2.685925441583016e-09,1.75084e-07,1.75084e-07,8.600152671755726e-08,True,True,False,0,False,,,1.395244870154801,3.0,False,False,,,weekly,10.0,sigma,computed,/home/lkoo/projects/AutomationDetection/DownloadedLC/incremental/quiescent_background_cache.csv,,,,,,False,not_in_flare_streak
4FGL J2327.5+0939,31,32,54942.00001157408,1.67e-07,4e-08,1.45e-07,9.259306569343065e-08,8.600152671755726e-08,2.685925441583016e-09,8.600152671755726e-08,2.685925441583016e-09,1.75084e-07,1.75084e-07,8.600152671755726e-08,True,True,False,0,False,,,2.0204120650030206,3.0,False,False,,,weekly,10.0,sigma,computed,/home/lkoo/projects/AutomationDetection/DownloadedLC/incremental/quiescent_background_cache.csv,,,,,,False,not_in_flare_streak
4FGL J2327.5+0939,32,33,54949.00001157408,7.81e-08,3.24e-08,1.67e-07,9.259306569343065e-08,8.600152671755726e-08,2.685925441583016e-09,8.600152671755726e-08,2.685925441583016e-09,1.75084e-07,1.75084e-07,8.600152671755726e-08,False,False,False,0,False,,,-0.2430405954555937,3.0,False,False,,,weekly,10.0,sigma,computed,/home/lkoo/projects/AutomationDetection/DownloadedLC/incremental/quiescent_background_cache.csv,,,,,,False,not_in_flare_streak
4FGL J2327.5+0939,33,34,54956.00001157408,3.88e-08,2.14e-08,7.81e-08,9.259306569343065e-08,8.600152671755726e-08,2.685925441583016e-09,8.600152671755726e-08,2.685925441583016e-09,1.75084e-07,1.75084e-07,8.600152671755726e-08,False,False,False,0,False,,,-2.1885085033166027,3.0,False,False,,,weekly,10.0,sigma,computed,/home/lkoo/projects/AutomationDetection/DownloadedLC/incremental/quiescent_background_cache.csv,,,,,,False,not_in_flare_streak
4FGL J2327.5+0939,34,35,54963.00001157408,9.15e-08,3.23e-08,3.88e-08,9.259306569343065e-08,8.600152671755726e-08,2.685925441583016e-09,8.600152671755726e-08,2.685925441583016e-09,1.75084e-07,1.75084e-07,8.600152671755726e-08,True,True,False,0,False,,,0.16964584352614404,3.0,False,False,,,weekly,10.0,sigma,computed,/home/lkoo/projects/AutomationDetection/DownloadedLC/incremental/quiescent_background_cache.csv,,,,,,False,not_in_flare_streak
4FGL J2327.5+0939,35,36,54970.00001157408,9.18e-08,3.58e-08,9.15e-08,9.259306569343065e-08,8.600152671755726e-08,2.685925441583016e-09,8.600152671755726e-08,2.685925441583016e-09,1.75084e-07,1.75084e-07,8.600152671755726e-08,True,True,False,0,False,,,0.16151459234720872,3.0,False,False,,,weekly,10.0,sigma,computed,/home/lkoo/projects/AutomationDetection/DownloadedLC/incremental/quiescent_background_cache.csv,,,,,,False,not_in_flare_streak
4FGL J2327.5+0939,36,37,54977.00001157408,7.4e-08,3.88e-08,9.18e-08,9.259306569343065e-08,8.600152671755726e-08,2.685925441583016e-09,8.600152671755726e-08,2.685925441583016e-09,1.75084e-07,1.75084e-07,8.600152671755726e-08,False,False,False,0,False,,,-0.3085792137576012,3.0,False,False,,,weekly,10.0,sigma,computed,/home/lkoo/projects/AutomationDetection/DownloadedLC/incremental/quiescent_background_cache.csv,,,,,,False,not_in_flare_streak
4FGL J2327.5+0939,37,38,54991.00001157408,2.07e-08,1.87e-08,7.4e-08,9.259306569343065e-08,8.600152671755726e-08,2.685925441583016e-09,8.600152671755726e-08,2.685925441583016e-09,1.75084e-07,1.75084e-07,8.600152671755726e-08,False,False,False,0,False,,,-3.456587128337345,3.0,False,False,,,weekly,10.0,sigma,computed,/home/lkoo/projects/AutomationDetection/DownloadedLC/incremental/quiescent_background_cache.csv,,,,,,False,not_in_flare_streak
4FGL J2327.5+0939,38,39,54998.00001157408,4.23e-08,2.5e-08,2.07e-08,9.259306569343065e-08,8.600152671755726e-08,2.685925441583016e-09,8.600152671755726e-08,2.685925441583016e-09,1.75084e-07,1.75084e-07,8.600152671755726e-08,True,False,False,0,False,,,-1.7380588916770248,3.0,False,False,,,weekly,10.0,sigma,computed,/home/lkoo/projects/AutomationDetection/DownloadedLC/incremental/quiescent_background_cache.csv,,,,,,False,not_in_flare_streak
4FGL J2327.5+0939,39,40,55005.00001157408,4.39e-08,2.34e-08,4.23e-08,9.259306569343065e-08,8.600152671755726e-08,2.685925441583016e-09,8.600152671755726e-08,2.685925441583016e-09,1.75084e-07,1.75084e-07,8.600152671755726e-08,True,False,False,0,False,,,-1.7874739394017662,3.0,False,False,,,weekly,10.0,sigma,computed,/home/lkoo/projects/AutomationDetection/DownloadedLC/incremental/quiescent_background_cache.csv,,,,,,False,not_in_flare_streak
4FGL J2327.5+0939,40,41,55019.00001157408,1.48e-07,4.07e-08,4.39e-08,9.259306569343065e-08,8.600152671755726e-08,2.685925441583016e-09,8.600152671755726e-08,2.685925441583016e-09,1.75084e-07,1.75084e-07,8.600152671755726e-08,True,True,False,0,False,,,1.5199977294074976,3.0,False,False,,,weekly,10.0,sigma,computed,/home/lkoo/projects/AutomationDetection/DownloadedLC/incremental/quiescent_background_cache.csv,,,,,,False,not_in_flare_streak
4FGL J2327.5+0939,41,42,55040.00001157408,7.56e-08,3.68e-08,1.48e-07,9.259306569343065e-08,8.600152671755726e-08,2.685925441583016e-09,8.600152671755726e-08,2.685925441583016e-09,1.75084e-07,1.75084e-07,8.600152671755726e-08,False,False,False,0,False,,,-0.2819003218091834,3.0,False,False,,,weekly,10.0,sigma,computed,/home/lkoo/projects/AutomationDetection/DownloadedLC/incremental/quiescent_background_cache.csv,,,,,,False,not_in_flare_streak
4FGL J2327.5+0939,42,43,55061.00001157408,1.85e-07,4.44e-08,7.56e-08,9.259306569343065e-08,8.600152671755726e-08,2.685925441583016e-09,8.600152671755726e-08,2.685925441583016e-09,1.75084e-07,1.75084e-07,8.600152671755726e-08,True,True,False,0,False,,,2.225626720583519,3.0,False,False,,,weekly,10.0,sigma,computed,/home/lkoo/projects/AutomationDetection/DownloadedLC/incremental/quiescent_background_cache.csv,,,,,,False,not_in_flare_streak
4FGL J2327.5+0939,43,44,55068.00001157408,6.76e-08,3.43e-08,1.85e-07,9.259306569343065e-08,8.600152671755726e-08,2.685925441583016e-09,8.600152671755726e-08,2.685925441583016e-09,1.75084e-07,1.75084e-07,8.600152671755726e-08,False,False,False,0,False,,,-0.5348503238615929,3.0,False,False,,,weekly,10.0,sigma,computed,/home/lkoo/projects/AutomationDetection/DownloadedLC/incremental/quiescent_background_cache.csv,,,,,,False,not_in_flare_streak
4FGL J2327.5+0939,44,45,55089.00001157408,6.43e-08,3.79e-08,6.76e-08,9.259306569343065e-08,8.600152671755726e-08,2.685925441583016e-09,8.600152671755726e-08,2.685925441583016e-09,1.75084e-07,1.75084e-07,8.600152671755726e-08,False,False,False,0,False,,,-0.5711671370134478,3.0,False,False,,,weekly,10.0,sigma,computed,/home/lkoo/projects/AutomationDetection/DownloadedLC/incremental/quiescent_background_cache.csv,,,,,,False,not_in_flare_streak
4FGL J2327.5+0939,45,46,55110.00001157408,1.23e-07,5.37e-08,6.43e-08,9.259306569343065e-08,8.600152671755726e-08,2.685925441583016e-09,8.600152671755726e-08,2.685925441583016e-09,1.75084e-07,1.75084e-07,8.600152671755726e-08,True,True,False,0,False,,,0.6881243940176273,3.0,False,False,,,weekly,10.0,sigma,computed,/home/lkoo/projects/AutomationDetection/DownloadedLC/incremental/quiescent_background_cache.csv,,,,,,False,not_in_flare_streak
4FGL J2327.5+0939,46,47,55117.00001157408,1.16e-07,4.64e-08,1.23e-07,9.259306569343065e-08,8.600152671755726e-08,2.685925441583016e-09,8.600152671755726e-08,2.685925441583016e-09,1.75084e-07,1.75084e-07,8.600152671755726e-08,False,True,False,0,False,,,0.6454383491329422,3.0,False,False,,,weekly,10.0,sigma,computed,/home/lkoo/projects/AutomationDetection/DownloadedLC/incremental/quiescent_background_cache.csv,,,,,,False,not_in_flare_streak
4FGL J2327.5+0939,47,48,55124.00001157408,8.92e-08,4.91e-08,1.16e-07,9.259306569343065e-08,8.600152671755726e-08,2.685925441583016e-09,8.600152671755726e-08,2.685925441583016e-09,1.75084e-07,1.75084e-07,8.600152671755726e-08,False,True,False,0,False,,,0.06504477357138197,3.0,False,False,,,weekly,10.0,sigma,computed,/home/lkoo/projects/AutomationDetection/DownloadedLC/incremental/quiescent_background_cache.csv,,,,,,False,not_in_flare_streak
4FGL J2327.5+0939,48,49,55131.00001157408,1.16e-07,5.38e-08,8.92e-08,9.259306569343065e-08,8.600152671755726e-08,2.685925441583016e-09,8.600152671755726e-08,2.685925441583016e-09,1.75084e-07,1.75084e-07,8.600152671755726e-08,True,True,False,0,False,,,0.5568988557810325,3.0,False,False,,,weekly,10.0,sigma,computed,/home/lkoo/projects/AutomationDetection/DownloadedLC/incremental/quiescent_background_cache.csv,,,,,,False,not_in_flare_streak
4FGL J2327.5+0939,49,50,55138.00001157408,6.7e-08,3.07e-08,1.16e-07,9.259306569343065e-08,8.600152671755726e-08,2.685925441583016e-09,8.600152671755726e-08,2.685925441583016e-09,1.75084e-07,1.75084e-07,8.600152671755726e-08,False,False,False,0,False,,,-0.6165869353467465,3.0,False,False,,,weekly,10.0,sigma,computed,/home/lkoo/projects/AutomationDetection/DownloadedLC/incremental/quiescent_background_cache.csv,,,,,,False,not_in_flare_streak
4FGL J2327.5+0939,50,51,55159.00001157408,5.54e-08,3.41e-08,6.7e-08,9.259306569343065e-08,8.600152671755726e-08,2.685925441583016e-09,8.600152671755726e-08,2.685925441583016e-09,1.75084e-07,1.75084e-07,8.600152671755726e-08,False,False,False,0,False,,,-0.8946345632622452,3.0,False,False,,,weekly,10.0,sigma,computed,/home/lkoo/projects/AutomationDetection/DownloadedLC/incremental/quiescent_background_cache.csv,,,,,,False,not_in_flare_streak
4FGL J2327.5+0939,51,52,55180.00001157408,9.46e-08,4.2e-08,5.54e-08,9.259306569343065e-08,8.600152671755726e-08,2.685925441583016e-09,8.600152671755726e-08,2.685925441583016e-09,1.75084e-07,1.75084e-07,8.600152671755726e-08,True,True,False,0,False,,,0.20430820303337033,3.0,False,False,,,weekly,10.0,sigma,computed,/home/lkoo/projects/AutomationDetection/DownloadedLC/incremental/quiescent_background_cache.csv,,,,,,False,not_in_flare_streak
4FGL J2327.5+0939,52,53,55201.00001157408,7.71e-08,4.43e-08,9.46e-08,9.259306569343065e-08,8.600152671755726e-08,2.685925441583016e-09,8.600152671755726e-08,2.685925441583016e-09,1.75084e-07,1.75084e-07,8.600152671755726e-08,False,False,False,0,False,,,-0.20056908567774073,3.0,False,False,,,weekly,10.0,sigma,computed,/home/lkoo/projects/AutomationDetection/DownloadedLC/incremental/quiescent_background_cache.csv,,,,,,False,not_in_flare_streak
4FGL J2327.5+0939,53,54,55222.00001157408,8.96e-08,4.25e-08,7.71e-08,9.259306569343065e-08,8.600152671755726e-08,2.685925441583016e-09,8.600152671755726e-08,2.685925441583016e-09,1.75084e-07,1.75084e-07,8.600152671755726e-08,True,True,False,0,False,,,0.08450137772618786,3.0,False,False,,,weekly,10.0,sigma,computed,/home/lkoo/projects/AutomationDetection/DownloadedLC/incremental/quiescent_background_cache.csv,,,,,,False,not_in_flare_streak
4FGL J2327.5+0939,54,55,55229.00001157408,1.21e-07,4.35e-08,8.96e-08,9.259306569343065e-08,8.600152671755726e-08,2.685925441583016e-09,8.600152671755726e-08,2.685925441583016e-09,1.75084e-07,1.75084e-07,8.600152671755726e-08,True,True,False,0,False,,,0.8030332798760247,3.0,False,False,,,weekly,10.0,sigma,computed,/home/lkoo/projects/AutomationDetection/DownloadedLC/incremental/quiescent_background_cache.csv,,,,,,False,not_in_flare_streak
4FGL J2327.5+0939,55,56,55243.00001157408,1.16e-07,4.58e-08,1.21e-07,9.259306569343065e-08,8.600152671755726e-08,2.685925441583016e-09,8.600152671755726e-08,2.685925441583016e-09,1.75084e-07,1.75084e-07,8.600152671755726e-08,False,True,False,0,False,,,0.6538650795607219,3.0,False,False,,,weekly,10.0,sigma,computed,/home/lkoo/projects/AutomationDetection/DownloadedLC/incremental/quiescent_background_cache.csv,,,,,,False,not_in_flare_streak
4FGL J2327.5+0939,56,57,55334.00001157408,2.62e-08,2.3e-08,1.16e-07,9.259306569343065e-08,8.600152671755726e-08,2.685925441583016e-09,8.600152671755726e-08,2.685925441583016e-09,1.75084e-07,1.75084e-07,8.600152671755726e-08,False,False,False,0,False,,,-2.5825165775761167,3.0,False,False,,,weekly,10.0,sigma,computed,/home/lkoo/projects/AutomationDetection/DownloadedLC/incremental/quiescent_background_cache.csv,,,,,,False,not_in_flare_streak
4FGL J2327.5+0939,57,58,55362.00001157408,5.91e-08,3.4e-08,2.62e-08,9.259306569343065e-08,8.600152671755726e-08,2.685925441583016e-09,8.600152671755726e-08,2.685925441583016e-09,1.75084e-07,1.75084e-07,8.600152671755726e-08,True,False,False,0,False,,,-0.7887640005657639,3.0,False,False,,,weekly,10.0,sigma,computed,/home/lkoo/projects/AutomationDetection/DownloadedLC/incremental/quiescent_background_cache.csv,,,,,,False,not_in_flare_streak
4FGL J2327.5+0939,58,59,55369.00001157408,1.14e-07,4.57e-08,5.91e-08,9.259306569343065e-08,8.600152671755726e-08,2.685925441583016e-09,8.600152671755726e-08,2.685925441583016e-09,1.75084e-07,1.75084e-07,8.600152671755726e-08,True,True,False,0,False,,,0.6116026508660609,3.0,False,False,,,weekly,10.0,sigma,computed,/home/lkoo/projects/AutomationDetection/DownloadedLC/incremental/quiescent_background_cache.csv,,,,,,False,not_in_flare_streak
4FGL J2327.5+0939,59,60,55404.00001157408,5.64e-08,3.88e-08,1.14e-07,9.259306569343065e-08,8.600152671755726e-08,2.685925441583016e-09,8.600152671755726e-08,2.685925441583016e-09,1.75084e-07,1.75084e-07,8.600152671755726e-08,False,False,False,0,False,,,-0.7611044874120504,3.0,False,False,,,weekly,10.0,sigma,computed,/home/lkoo/projects/AutomationDetection/DownloadedLC/incremental/quiescent_background_cache.csv,,,,,,False,not_in_flare_streak
4FGL J2327.5+0939,60,61,55453.00001157408,9.07e-08,5.39e-08,5.64e-08,9.259306569343065e-08,8.600152671755726e-08,2.685925441583016e-09,8.600152671755726e-08,2.685925441583016e-09,1.75084e-07,1.75084e-07,8.600152671755726e-08,True,True,False,0,False,,,0.08706216174105613,3.0,False,False,,,weekly,10.0,sigma,computed,/home/lkoo/projects/AutomationDetection/DownloadedLC/incremental/quiescent_background_cache.csv,,,,,,False,not_in_flare_streak
4FGL J2327.5+0939,61,62,55495.00001157408,8.46e-08,4.91e-08,9.07e-08,9.259306569343065e-08,8.600152671755726e-08,2.685925441583016e-09,8.600152671755726e-08,2.685925441583016e-09,1.75084e-07,1.75084e-07,8.600152671755726e-08,False,False,False,0,False,,,-0.028501719397865746,3.0,False,False,,,weekly,10.0,sigma,computed,/home/lkoo/projects/AutomationDetection/DownloadedLC/incremental/quiescent_background_cache.csv,,,,,,False,not_in_flare_streak
4FGL J2327.5+0939,62,63,55502.00001157408,1.61e-07,5.22e-08,8.46e-08,9.259306569343065e-08,8.600152671755726e-08,2.685925441583016e-09,8.600152671755726e-08,2.685925441583016e-09,1.75084e-07,1.75084e-07,8.600152671755726e-08,True,True,False,0,False,,,1.4348541812616333,3.0,False,False,,,weekly,10.0,sigma,computed,/home/lkoo/projects/AutomationDetection/DownloadedLC/incremental/quiescent_background_cache.csv,,,,,,False,not_in_flare_streak
4FGL J2327.5+0939,63,64,55509.00001157408,4.55e-08,3.24e-08,1.61e-07,9.259306569343065e-08,8.600152671755726e-08,2.685925441583016e-09,8.600152671755726e-08,2.685925441583016e-09,1.75084e-07,1.75084e-07,8.600152671755726e-08,False,False,False,0,False,,,-1.2457738260155962,3.0,False,False,,,weekly,10.0,sigma,computed,/home/lkoo/projects/AutomationDetection/DownloadedLC/incremental/quiescent_background_cache.csv,,,,,,False,not_in_flare_streak
4FGL J2327.5+0939,64,65,55523.00001157408,4.98e-08,2.97e-08,4.55e-08,9.259306569343065e-08,8.600152671755726e-08,2.685925441583016e-09,8.600152671755726e-08,2.685925441583016e-09,1.75084e-07,1.75084e-07,8.600152671755726e-08,True,False,False,0,False,,,-1.2139525611584665,3.0,False,False,,,weekly,10.0,sigma,computed,/home/lkoo/projects/AutomationDetection/DownloadedLC/incremental/quiescent_background_cache.csv,,,,,,False,not_in_flare_streak
4FGL J2327.5+0939,65,66,55544.00001157408,4.41e-08,3.32e-08,4.98e-08,9.259306569343065e-08,8.600152671755726e-08,2.685925441583016e-09,8.600152671755726e-08,2.685925441583016e-09,1.75084e-07,1.75084e-07,8.600152671755726e-08,False,False,False,0,False,,,-1.2579841195672465,3.0,False,False,,,weekly,10.0,sigma,computed,/home/lkoo/projects/AutomationDetection/DownloadedLC/incremental/quiescent_background_cache.csv,,,,,,False,not_in_flare_streak
4FGL J2327.5+0939,66,67,55558.00001157408,1.11e-07,6.38e-08,4.41e-08,9.259306569343065e-08,8.600152671755726e-08,2.685925441583016e-09,8.600152671755726e-08,2.685925441583016e-09,1.75084e-07,1.75084e-07,8.600152671755726e-08,True,True,False,0,False,,,0.3914788372063453,3.0,False,False,,,weekly,10.0,sigma,computed,/home/lkoo/projects/AutomationDetection/DownloadedLC/incremental/quiescent_background_cache.csv,,,,,,False,not_in_flare_streak
4FGL J2327.5+0939,67,68,55642.00001157408,6.34e-08,2.88e-08,1.11e-07,9.259306569343065e-08,8.600152671755726e-08,2.685925441583016e-09,8.600152671755726e-08,2.685925441583016e-09,1.75084e-07,1.75084e-07,8.600152671755726e-08,False,False,False,0,False,,,-0.7813844780029221,3.0,False,False,,,weekly,10.0,sigma,computed,/home/lkoo/projects/AutomationDetection/DownloadedLC/incremental/quiescent_background_cache.csv,,,,,,False,not_in_flare_streak
4FGL J2327.5+0939,68,69,55684.00001157408,8.48e-08,4.68e-08,6.34e-08,9.259306569343065e-08,8.600152671755726e-08,2.685925441583016e-09,8.600152671755726e-08,2.685925441583016e-09,1.75084e-07,1.75084e-07,8.600152671755726e-08,True,False,False,0,False,,,-0.025631470145107586,3.0,False,False,,,weekly,10.0,sigma,computed,/home/lkoo/projects/AutomationDetection/DownloadedLC/incremental/quiescent_background_cache.csv,,,,,,False,not_in_flare_streak
4FGL J2327.5+0939,69,70,56104.00001157408,1.01e-07,4.47e-08,8.48e-08,9.259306569343065e-08,8.600152671755726e-08,2.685925441583016e-09,8.600152671755726e-08,2.685925441583016e-09,1.75084e-07,1.75084e-07,8.600152671755726e-08,True,True,False,0,False,,,0.3349322157799938,3.0,False,False,,,weekly,10.0,sigma,computed,/home/lkoo/projects/AutomationDetection/DownloadedLC/incremental/quiescent_background_cache.csv,,,,,,False,not_in_flare_streak
4FGL J2327.5+0939,70,71,56146.00001157408,1.37e-07,5.29e-08,1.01e-07,9.259306569343065e-08,8.600152671755726e-08,2.685925441583016e-09,8.600152671755726e-08,2.685925441583016e-09,1.75084e-07,1.75084e-07,8.600152671755726e-08,True,True,False,0,False,,,0.9628140649929069,3.0,False,False,,,weekly,10.0,sigma,computed,/home/lkoo/projects/AutomationDetection/DownloadedLC/incremental/quiescent_background_cache.csv,,,,,,False,not_in_flare_streak
4FGL J2327.5+0939,71,72,56202.00001157408,6.41e-08,3.84e-08,1.37e-07,9.259306569343065e-08,8.600152671755726e-08,2.685925441583016e-09,8.600152671755726e-08,2.685925441583016e-09,1.75084e-07,1.75084e-07,8.600152671755726e-08,False,False,False,0,False,,,-0.5689621500233881,3.0,False,False,,,weekly,10.0,sigma,computed,/home/lkoo/projects/AutomationDetection/DownloadedLC/incremental/quiescent_background_cache.csv,,,,,,False,not_in_flare_streak
4FGL J2327.5+0939,72,73,56216.00001157408,6.6e-08,2.95e-08,6.41e-08,9.259306569343065e-08,8.600152671755726e-08,2.685925441583016e-09,8.600152671755726e-08,2.685925441583016e-09,1.75084e-07,1.75084e-07,8.600152671755726e-08,True,False,False,0,False,,,-0.675224892653622,3.0,False,False,,,weekly,10.0,sigma,computed,/home/lkoo/projects/AutomationDetection/DownloadedLC/incremental/quiescent_background_cache.csv,,,,,,False,not_in_flare_streak
4FGL J2327.5+0939,73,74,56230.00001157408,4.6e-08,3.63e-08,6.6e-08,9.259306569343065e-08,8.600152671755726e-08,2.685925441583016e-09,8.600152671755726e-08,2.685925441583016e-09,1.75084e-07,1.75084e-07,8.600152671755726e-08,False,False,False,0,False,,,-1.0989661850043988,3.0,False,False,,,weekly,10.0,sigma,computed,/home/lkoo/projects/AutomationDetection/DownloadedLC/incremental/quiescent_background_cache.csv,,,,,,False,not_in_flare_streak
4FGL J2327.5+0939,74,75,56335.00001157408,1.25e-08,1.11e-08,4.6e-08,9.259306569343065e-08,8.600152671755726e-08,2.685925441583016e-09,8.600152671755726e-08,2.685925441583016e-09,1.75084e-07,1.75084e-07,8.600152671755726e-08,False,False,False,0,False,,,-6.436018396231471,3.0,False,False,,,weekly,10.0,sigma,computed,/home/lkoo/projects/AutomationDetection/DownloadedLC/incremental/quiescent_background_cache.csv,,,,,,False,not_in_flare_streak
4FGL J2327.5+0939,75,76,56377.00001157408,2.41e-08,2.41e-08,1.25e-08,9.259306569343065e-08,8.600152671755726e-08,2.685925441583016e-09,8.600152671755726e-08,2.685925441583016e-09,1.75084e-07,1.75084e-07,8.600152671755726e-08,True,False,False,0,False,,,-2.5527234165116686,3.0,False,False,,,weekly,10.0,sigma,computed,/home/lkoo/projects/AutomationDetection/DownloadedLC/incremental/quiescent_background_cache.csv,,,,,,False,not_in_flare_streak
4FGL J2327.5+0939,76,77,56405.00001157408,1.21e-07,4.73e-08,2.41e-08,9.259306569343065e-08,8.600152671755726e-08,2.685925441583016e-09,8.600152671755726e-08,2.685925441583016e-09,1.75084e-07,1.75084e-07,8.600152671755726e-08,True,True,False,0,False,,,0.738735362977352,3.0,False,False,,,weekly,10.0,sigma,computed,/home/lkoo/projects/AutomationDetection/DownloadedLC/incremental/quiescent_background_cache.csv,,,,,,False,not_in_flare_streak
4FGL J2327.5+0939,77,78,56412.00001157408,8.73e-08,3.75e-08,1.21e-07,9.259306569343065e-08,8.600152671755726e-08,2.685925441583016e-09,8.600152671755726e-08,2.685925441583016e-09,1.75084e-07,1.75084e-07,8.600152671755726e-08,False,True,False,0,False,,,0.03453747726492111,3.0,False,False,,,weekly,10.0,sigma,computed,/home/lkoo/projects/AutomationDetection/DownloadedLC/incremental/quiescent_background_cache.csv,,,,,,False,not_in_flare_streak
4FGL J2327.5+0939,78,79,56419.00001157408,1.28e-07,3.98e-08,8.73e-08,9.259306569343065e-08,8.600152671755726e-08,2.685925441583016e-09,8.600152671755726e-08,2.685925441583016e-09,1.75084e-07,1.75084e-07,8.600152671755726e-08,True,True,False,0,False,,,1.0528432629522668,3.0,False,False,,,weekly,10.0,sigma,computed,/home/lkoo/projects/AutomationDetection/DownloadedLC/incremental/quiescent_background_cache.csv,,,,,,False,not_in_flare_streak
4FGL J2327.5+0939,79,80,56447.00001157408,5.66e-08,3.04e-08,1.28e-07,9.259306569343065e-08,8.600152671755726e-08,2.685925441583016e-09,8.600152671755726e-08,2.685925441583016e-09,1.75084e-07,1.75084e-07,8.600152671755726e-08,False,False,False,0,False,,,-0.963402528364267,3.0,False,False,,,weekly,10.0,sigma,computed,/home/lkoo/projects/AutomationDetection/DownloadedLC/incremental/quiescent_background_cache.csv,,,,,,False,not_in_flare_streak
4FGL J2327.5+0939,80,81,56454.00001157408,9.1e-08,4.26e-08,5.66e-08,9.259306569343065e-08,8.600152671755726e-08,2.685925441583016e-09,8.600152671755726e-08,2.685925441583016e-09,1.75084e-07,1.75084e-07,8.600152671755726e-08,True,True,False,0,False,,,0.11710252624747344,3.0,False,False,,,weekly,10.0,sigma,computed,/home/lkoo/projects/AutomationDetection/DownloadedLC/incremental/quiescent_background_cache.csv,,,,,,False,not_in_flare_streak
4FGL J2327.5+0939,81,82,56461.00001157408,1.11e-07,5.3e-08,9.1e-08,9.259306569343065e-08,8.600152671755726e-08,2.685925441583016e-09,8.600152671755726e-08,2.685925441583016e-09,1.75084e-07,1.75084e-07,8.600152671755726e-08,True,True,False,0,False,,,0.47106479060325607,3.0,False,False,,,weekly,10.0,sigma,computed,/home/lkoo/projects/AutomationDetection/DownloadedLC/incremental/quiescent_background_cache.csv,,,,,,False,not_in_flare_streak
4FGL J2327.5+0939,82,83,56510.00001157408,8.38e-08,4.33e-08,1.11e-07,9.259306569343065e-08,8.600152671755726e-08,2.685925441583016e-09,8.600152671755726e-08,2.685925441583016e-09,1.75084e-07,1.75084e-07,8.600152671755726e-08,False,False,False,0,False,,,-0.05074603667361943,3.0,False,False,,,weekly,10.0,sigma,computed,/home/lkoo/projects/AutomationDetection/DownloadedLC/incremental/quiescent_background_cache.csv,,,,,,False,not_in_flare_streak
4FGL J2327.5+0939,83,84,56538.00001157408,7.83e-08,3.97e-08,8.38e-08,9.259306569343065e-08,8.600152671755726e-08,2.685925441583016e-09,8.600152671755726e-08,2.685925441583016e-09,1.75084e-07,1.75084e-07,8.600152671755726e-08,False,False,False,0,False,,,-0.19355065487833065,3.0,False,False,,,weekly,10.0,sigma,computed,/home/lkoo/projects/AutomationDetection/DownloadedLC/incremental/quiescent_background_cache.csv,,,,,,False,not_in_flare_streak
4FGL J2327.5+0939,84,85,56559.00001157408,9.76e-08,4.11e-08,7.83e-08,9.259306569343065e-08,8.600152671755726e-08,2.685925441583016e-09,8.600152671755726e-08,2.685925441583016e-09,1.75084e-07,1.75084e-07,8.600152671755726e-08,True,True,False,0,False,,,0.2816006140007593,3.0,False,False,,,weekly,10.0,sigma,computed,/home/lkoo/projects/AutomationDetection/DownloadedLC/incremental/quiescent_background_cache.csv,,,,,,False,not_in_flare_streak
4FGL J2327.5+0939,85,86,56573.00001157408,8.44e-08,4.3e-08,9.76e-08,9.259306569343065e-08,8.600152671755726e-08,2.685925441583016e-09,8.600152671755726e-08,2.685925441583016e-09,1.75084e-07,1.75084e-07,8.600152671755726e-08,False,False,False,0,False,,,-0.03717236076275216,3.0,False,False,,,weekly,10.0,sigma,computed,/home/lkoo/projects/AutomationDetection/DownloadedLC/incremental/quiescent_background_cache.csv,,,,,,False,not_in_flare_streak
4FGL J2327.5+0939,86,87,56580.00001157408,8.49e-08,3.72e-08,8.44e-08,9.259306569343065e-08,8.600152671755726e-08,2.685925441583016e-09,8.600152671755726e-08,2.685925441583016e-09,1.75084e-07,1.75084e-07,8.600152671755726e-08,True,False,False,0,False,,,-0.029534050301340754,3.0,False,False,,,weekly,10.0,sigma,computed,/home/lkoo/projects/AutomationDetection/DownloadedLC/incremental/quiescent_background_cache.csv,,,,,,False,not_in_flare_streak
4FGL J2327.5+0939,87,88,56601.00001157408,2.32e-08,2.03e-08,8.49e-08,9.259306569343065e-08,8.600152671755726e-08,2.685925441583016e-09,8.600152671755726e-08,2.685925441583016e-09,1.75084e-07,1.75084e-07,8.600152671755726e-08,False,False,False,0,False,,,-3.066942245307734,3.0,False,False,,,weekly,10.0,sigma,computed,/home/lkoo/projects/AutomationDetection/DownloadedLC/incremental/quiescent_background_cache.csv,,,,,,False,not_in_flare_streak
4FGL J2327.5+0939,88,89,56629.00001157408,1.95e-07,9.32e-08,2.32e-08,9.259306569343065e-08,8.600152671755726e-08,2.685925441583016e-09,8.600152671755726e-08,2.685925441583016e-09,1.75084e-07,1.75084e-07,8.600152671755726e-08,True,True,False,0,False,,,1.1690261601666272,3.0,False,False,,,weekly,10.0,sigma,computed,/home/lkoo/projects/AutomationDetection/DownloadedLC/incremental/quiescent_background_cache.csv,,,,,,False,not_in_flare_streak
4FGL J2327.5+0939,89,90,56657.00001157408,6.84e-08,4.63e-08,1.95e-07,9.259306569343065e-08,8.600152671755726e-08,2.685925441583016e-09,8.600152671755726e-08,2.685925441583016e-09,1.75084e-07,1.75084e-07,8.600152671755726e-08,False,False,False,0,False,,,-0.379524490444983,3.0,False,False,,,weekly,10.0,sigma,computed,/home/lkoo/projects/AutomationDetection/DownloadedLC/incremental/quiescent_background_cache.csv,,,,,,False,not_in_flare_streak
4FGL J2327.5+0939,90,91,56678.00001157408,5.66e-08,3.59e-08,6.84e-08,9.259306569343065e-08,8.600152671755726e-08,2.685925441583016e-09,8.600152671755726e-08,2.685925441583016e-09,1.75084e-07,1.75084e-07,8.600152671755726e-08,False,False,False,0,False,,,-0.8167014518806132,3.0,False,False,,,weekly,10.0,sigma,computed,/home/lkoo/projects/AutomationDetection/DownloadedLC/incremental/quiescent_background_cache.csv,,,,,,False,not_in_flare_streak
4FGL J2327.5+0939,91,92,56713.00001157408,6.06e-08,3.57e-08,5.66e-08,9.259306569343065e-08,8.600152671755726e-08,2.685925441583016e-09,8.600152671755726e-08,2.685925441583016e-09,1.75084e-07,1.75084e-07,8.600152671755726e-08,True,False,False,0,False,,,-0.7095220832052465,3.0,False,False,,,weekly,10.0,sigma,computed,/home/lkoo/projects/AutomationDetection/DownloadedLC/incremental/quiescent_background_cache.csv,,,,,,False,not_in_flare_streak
4FGL J2327.5+0939,92,93,56741.00001157408,2.37e-07,1.37e-07,6.06e-08,9.259306569343065e-08,8.600152671755726e-08,2.685925441583016e-09,8.600152671755726e-08,2.685925441583016e-09,1.75084e-07,1.75084e-07,8.600152671755726e-08,True,True,False,0,False,,,1.1019668772628213,3.0,False,False,,,weekly,10.0,sigma,computed,/home/lkoo/projects/AutomationDetection/DownloadedLC/incremental/quiescent_background_cache.csv,,,,,,False,not_in_flare_streak
4FGL J2327.5+0939,93,94,56776.00001157408,1.7e-08,1.47e-08,2.37e-07,9.259306569343065e-08,8.600152671755726e-08,2.685925441583016e-09,8.600152671755726e-08,2.685925441583016e-09,1.75084e-07,1.75084e-07,8.600152671755726e-08,False,False,False,0,False,,,-4.617535665731174,3.0,False,False,,,weekly,10.0,sigma,computed,/home/lkoo/projects/AutomationDetection/DownloadedLC/incremental/quiescent_background_cache.csv,,,,,,False,not_in_flare_streak
4FGL J2327.5+0939,94,95,56783.00001157408,9.18e-09,7.63e-09,1.7e-08,9.259306569343065e-08,8.600152671755726e-08,2.685925441583016e-09,8.600152671755726e-08,2.685925441583016e-09,1.75084e-07,1.75084e-07,8.600152671755726e-08,False,False,False,0,False,,,-9.497096221014802,3.0,False,False,,,weekly,10.0,sigma,computed,/home/lkoo/projects/AutomationDetection/DownloadedLC/incremental/quiescent_background_cache.csv,,,,,,False,not_in_flare_streak
4FGL J2327.5+0939,95,96,56804.00001157408,7.24e-08,4.06e-08,9.18e-09,9.259306569343065e-08,8.600152671755726e-08,2.685925441583016e-09,8.600152671755726e-08,2.685925441583016e-09,1.75084e-07,1.75084e-07,8.600152671755726e-08,True,False,False,0,False,,,-0.33428226380551695,3.0,False,False,,,weekly,10.0,sigma,computed,/home/lkoo/projects/AutomationDetection/DownloadedLC/incremental/quiescent_background_cache.csv,,,,,,False,not_in_flare_streak
4FGL J2327.5+0939,96,97,56811.00001157408,1.27e-07,5.24e-08,7.24e-08,9.259306569343065e-08,8.600152671755726e-08,2.685925441583016e-09,8.600152671755726e-08,2.685925441583016e-09,1.75084e-07,1.75084e-07,8.600152671755726e-08,True,True,False,0,False,,,0.7813877785525162,3.0,False,False,,,weekly,10.0,sigma,computed,/home/lkoo/projects/AutomationDetection/DownloadedLC/incremental/quiescent_background_cache.csv,,,,,,False,not_in_flare_streak
4FGL J2327.5+0939,97,98,56818.00001157408,7.38e-08,3.54e-08,1.27e-07,9.259306569343065e-08,8.600152671755726e-08,2.685925441583016e-09,8.600152671755726e-08,2.685925441583016e-09,1.75084e-07,1.75084e-07,8.600152671755726e-08,False,False,False,0,False,,,-0.3436880434427236,3.0,False,False,,,weekly,10.0,sigma,computed,/home/lkoo/projects/AutomationDetection/DownloadedLC/incremental/quiescent_background_cache.csv,,,,,,False,not_in_flare_streak
4FGL J2327.5+0939,98,99,56825.00001157408,5.57e-08,2.72e-08,7.38e-08,9.259306569343065e-08,8.600152671755726e-08,2.685925441583016e-09,8.600152671755726e-08,2.685925441583016e-09,1.75084e-07,1.75084e-07,8.600152671755726e-08,False,False,False,0,False,,,-1.108634670111091,3.0,False,False,,,weekly,10.0,sigma,computed,/home/lkoo/projects/AutomationDetection/DownloadedLC/incremental/quiescent_background_cache.csv,,,,,,False,not_in_flare_streak
4FGL J2327.5+0939,99,100,56832.00001157408,1.03e-07,4.75e-08,5.57e-08,9.259306569343065e-08,8.600152671755726e-08,2.685925441583016e-09,8.600152671755726e-08,2.685925441583016e-09,1.75084e-07,1.75084e-07,8.600152671755726e-08,True,True,False,0,False,,,0.35729184393145336,3.0,False,False,,,weekly,10.0,sigma,computed,/home/lkoo/projects/AutomationDetection/DownloadedLC/incremental/quiescent_background_cache.csv,,,,,,False,not_in_flare_streak
4FGL J2327.5+0939,100,101,56944.00001157408,1.36e-07,8.74e-08,1.03e-07,9.259306569343065e-08,8.600152671755726e-08,2.685925441583016e-09,8.600152671755726e-08,2.685925441583016e-09,1.75084e-07,1.75084e-07,8.600152671755726e-08,True,True,False,0,False,,,0.5717949682003359,3.0,False,False,,,weekly,10.0,sigma,computed,/home/lkoo/projects/AutomationDetection/DownloadedLC/incremental/quiescent_background_cache.csv,,,,,,False,not_in_flare_streak
4FGL J2327.5+0939,101,102,56951.00001157408,1.36e-07,8.2e-08,1.36e-07,9.259306569343065e-08,8.600152671755726e-08,2.685925441583016e-09,8.600152671755726e-08,2.685925441583016e-09,1.75084e-07,1.75084e-07,8.600152671755726e-08,False,True,False,0,False,,,0.6094106476337888,3.0,False,False,,,weekly,10.0,sigma,computed,/home/lkoo/projects/AutomationDetection/DownloadedLC/incremental/quiescent_background_cache.csv,,,,,,False,not_in_flare_streak
4FGL J2327.5+0939,102,103,56986.00001157408,1.23e-07,6.41e-08,1.36e-07,9.259306569343065e-08,8.600152671755726e-08,2.685925441583016e-09,8.600152671755726e-08,2.685925441583016e-09,1.75084e-07,1.75084e-07,8.600152671755726e-08,False,True,False,0,False,,,0.5766932179617651,3.0,False,False,,,weekly,10.0,sigma,computed,/home/lkoo/projects/AutomationDetection/DownloadedLC/incremental/quiescent_background_cache.csv,,,,,,False,not_in_flare_streak
4FGL J2327.5+0939,103,104,57014.00001157408,5.85e-08,3.13e-08,1.23e-07,9.259306569343065e-08,8.600152671755726e-08,2.685925441583016e-09,8.600152671755726e-08,2.685925441583016e-09,1.75084e-07,1.75084e-07,8.600152671755726e-08,False,False,False,0,False,,,-0.8754257285508044,3.0,False,False,,,weekly,10.0,sigma,computed,/home/lkoo/projects/AutomationDetection/DownloadedLC/incremental/quiescent_background_cache.csv,,,,,,False,not_in_flare_streak
4FGL J2327.5+0939,104,105,57035.00001157408,5.43e-08,2.96e-08,5.85e-08,9.259306569343065e-08,8.600152671755726e-08,2.685925441583016e-09,8.600152671755726e-08,2.685925441583016e-09,1.75084e-07,1.75084e-07,8.600152671755726e-08,False,False,False,0,False,,,-1.0666153355138115,3.0,False,False,,,weekly,10.0,sigma,computed,/home/lkoo/projects/AutomationDetection/DownloadedLC/incremental/quiescent_background_cache.csv,,,,,,False,not_in_flare_streak
4FGL J2327.5+0939,105,106,57049.00001157408,1.22e-07,4.13e-08,5.43e-08,9.259306569343065e-08,8.600152671755726e-08,2.685925441583016e-09,8.600152671755726e-08,2.685925441583016e-09,1.75084e-07,1.75084e-07,8.600152671755726e-08,True,True,False,0,False,,,0.8697962799890161,3.0,False,False,,,weekly,10.0,sigma,computed,/home/lkoo/projects/AutomationDetection/DownloadedLC/incremental/quiescent_background_cache.csv,,,,,,False,not_in_flare_streak
4FGL J2327.5+0939,106,107,57056.00001157408,1.23e-07,4.7e-08,1.22e-07,9.259306569343065e-08,8.600152671755726e-08,2.685925441583016e-09,8.600152671755726e-08,2.685925441583016e-09,1.75084e-07,1.75084e-07,8.600152671755726e-08,True,True,False,0,False,,,0.7859192700041457,3.0,False,False,,,weekly,10.0,sigma,computed,/home/lkoo/projects/AutomationDetection/DownloadedLC/incremental/quiescent_background_cache.csv,,,,,,False,not_in_flare_streak
4FGL J2327.5+0939,107,108,57063.00001157408,1.16e-07,4.45e-08,1.23e-07,9.259306569343065e-08,8.600152671755726e-08,2.685925441583016e-09,8.600152671755726e-08,2.685925441583016e-09,1.75084e-07,1.75084e-07,8.600152671755726e-08,False,True,False,0,False,,,0.6728984003932283,3.0,False,False,,,weekly,10.0,sigma,computed,/home/lkoo/projects/AutomationDetection/DownloadedLC/incremental/quiescent_background_cache.csv,,,,,,False,not_in_flare_streak
4FGL J2327.5+0939,108,109,57070.00001157408,8.36e-08,4.62e-08,1.16e-07,9.259306569343065e-08,8.600152671755726e-08,2.685925441583016e-09,8.600152671755726e-08,2.685925441583016e-09,1.75084e-07,1.75084e-07,8.600152671755726e-08,False,False,False,0,False,,,-0.05189347436185852,3.0,False,False,,,weekly,10.0,sigma,computed,/home/lkoo/projects/AutomationDetection/DownloadedLC/incremental/quiescent_background_cache.csv,,,,,,False,not_in_flare_streak
4FGL J2327.5+0939,109,110,57091.00001157408,3.43e-08,2.14e-08,8.36e-08,9.259306569343065e-08,8.600152671755726e-08,2.685925441583016e-09,8.600152671755726e-08,2.685925441583016e-09,1.75084e-07,1.75084e-07,8.600152671755726e-08,False,False,False,0,False,,,-2.3971519297009767,3.0,False,False,,,weekly,10.0,sigma,computed,/home/lkoo/projects/AutomationDetection/DownloadedLC/incremental/quiescent_background_cache.csv,,,,,,False,not_in_flare_streak
4FGL J2327.5+0939,110,111,57105.00001157408,1.92e-07,8.83e-08,3.43e-08,9.259306569343065e-08,8.600152671755726e-08,2.685925441583016e-09,8.600152671755726e-08,2.685925441583016e-09,1.75084e-07,1.75084e-07,8.600152671755726e-08,True,True,False,0,False,,,1.1998807350684857,3.0,False,False,,,weekly,10.0,sigma,computed,/home/lkoo/projects/AutomationDetection/DownloadedLC/incremental/quiescent_background_cache.csv,,,,,,False,not_in_flare_streak
4FGL J2327.5+0939,111,112,57112.00001157408,1.29e-07,6.98e-08,1.92e-07,9.259306569343065e-08,8.600152671755726e-08,2.685925441583016e-09,8.600152671755726e-08,2.685925441583016e-09,1.75084e-07,1.75084e-07,8.600152671755726e-08,False,True,False,0,False,,,0.6155683945746496,3.0,False,False,,,weekly,10.0,sigma,computed,/home/lkoo/projects/AutomationDetection/DownloadedLC/incremental/quiescent_background_cache.csv,,,,,,False,not_in_flare_streak
4FGL J2327.5+0939,112,113,57133.00001157408,3.55e-08,2.7e-08,1.29e-07,9.259306569343065e-08,8.600152671755726e-08,2.685925441583016e-09,8.600152671755726e-08,2.685925441583016e-09,1.75084e-07,1.75084e-07,8.600152671755726e-08,False,False,False,0,False,,,-1.8612401566425139,3.0,False,False,,,weekly,10.0,sigma,computed,/home/lkoo/projects/AutomationDetection/DownloadedLC/incremental/quiescent_background_cache.csv,,,,,,False,not_in_flare_streak
4FGL J2327.5+0939,113,114,57147.00001157408,1.34e-07,4.37e-08,3.55e-08,9.259306569343065e-08,8.600152671755726e-08,2.685925441583016e-09,8.600152671755726e-08,2.685925441583016e-09,1.75084e-07,1.75084e-07,8.600152671755726e-08,True,True,False,0,False,,,1.0962944607694898,3.0,False,False,,,weekly,10.0,sigma,computed,/home/lkoo/projects/AutomationDetection/DownloadedLC/incremental/quiescent_background_cache.csv,,,,,,False,not_in_flare_streak
4FGL J2327.5+0939,114,115,57154.00001157408,9.27e-08,4.28e-08,1.34e-07,9.259306569343065e-08,8.600152671755726e-08,2.685925441583016e-09,8.600152671755726e-08,2.685925441583016e-09,1.75084e-07,1.75084e-07,8.600152671755726e-08,False,True,False,0,False,,,0.1561991138159043,3.0,False,False,,,weekly,10.0,sigma,computed,/home/lkoo/projects/AutomationDetection/DownloadedLC/incremental/quiescent_background_cache.csv,,,,,,False,not_in_flare_streak
4FGL J2327.5+0939,115,116,57161.00001157408,9.32e-08,4.33e-08,9.27e-08,9.259306569343065e-08,8.600152671755726e-08,2.685925441583016e-09,8.600152671755726e-08,2.685925441583016e-09,1.75084e-07,1.75084e-07,8.600152671755726e-08,True,True,False,0,False,,,0.16592757483780476,3.0,False,False,,,weekly,10.0,sigma,computed,/home/lkoo/projects/AutomationDetection/DownloadedLC/incremental/quiescent_background_cache.csv,,,,,,False,not_in_flare_streak
4FGL J2327.5+0939,116,117,57168.00001157408,9.31e-08,4.06e-08,9.32e-08,9.259306569343065e-08,8.600152671755726e-08,2.685925441583016e-09,8.600152671755726e-08,2.685925441583016e-09,1.75084e-07,1.75084e-07,8.600152671755726e-08,False,True,False,0,False,,,0.1744578948887362,3.0,False,False,,,weekly,10.0,sigma,computed,/home/lkoo/projects/AutomationDetection/DownloadedLC/incremental/quiescent_background_cache.csv,,,,,,False,not_in_flare_streak
4FGL J2327.5+0939,117,118,57175.00001157408,8.68e-08,4.39e-08,9.31e-08,9.259306569343065e-08,8.600152671755726e-08,2.685925441583016e-09,8.600152671755726e-08,2.685925441583016e-09,1.75084e-07,1.75084e-07,8.600152671755726e-08,False,True,False,0,False,,,0.018154509978720916,3.0,False,False,,,weekly,10.0,sigma,computed,/home/lkoo/projects/AutomationDetection/DownloadedLC/incremental/quiescent_background_cache.csv,,,,,,False,not_in_flare_streak
4FGL J2327.5+0939,118,119,57182.00001157408,8.27e-08,3.65e-08,8.68e-08,9.259306569343065e-08,8.600152671755726e-08,2.685925441583016e-09,8.600152671755726e-08,2.685925441583016e-09,1.75084e-07,1.75084e-07,8.600152671755726e-08,False,False,False,0,False,,,-0.09020887392046295,3.0,False,False,,,weekly,10.0,sigma,computed,/home/lkoo/projects/AutomationDetection/DownloadedLC/incremental/quiescent_background_cache.csv,,,,,,False,not_in_flare_streak
4FGL J2327.5+0939,119,120,57189.00001157408,9.69e-08,5.42e-08,8.27e-08,9.259306569343065e-08,8.600152671755726e-08,2.685925441583016e-09,8.600152671755726e-08,2.685925441583016e-09,1.75084e-07,1.75084e-07,8.600152671755726e-08,True,True,False,0,False,,,0.20083239404550987,3.0,False,False,,,weekly,10.0,sigma,computed,/home/lkoo/projects/AutomationDetection/DownloadedLC/incremental/quiescent_background_cache.csv,,,,,,False,not_in_flare_streak
4FGL J2327.5+0939,120,121,57196.00001157408,2.79e-07,4.94e-08,9.69e-08,9.259306569343065e-08,8.600152671755726e-08,2.685925441583016e-09,8.600152671755726e-08,2.685925441583016e-09,1.75084e-07,1.75084e-07,8.600152671755726e-08,True,True,False,0,False,,,3.9010897377708917,3.0,True,True,57196.00001157408,57196.00001157408,weekly,10.0,sigma,computed,/home/lkoo/projects/AutomationDetection/DownloadedLC/incremental/quiescent_background_cache.csv,,,,,,False,not_in_flare_streak
4FGL J2327.5+0939,121,122,57203.00001157408,1.11e-07,3.85e-08,2.79e-07,9.259306569343065e-08,8.600152671755726e-08,2.685925441583016e-09,8.600152671755726e-08,2.685925441583016e-09,1.75084e-07,1.75084e-07,8.600152671755726e-08,False,True,False,0,False,,,0.6477366220812334,3.0,False,True,57196.00001157408,57203.00001157408,weekly,10.0,sigma,computed,/home/lkoo/projects/AutomationDetection/DownloadedLC/incremental/quiescent_background_cache.csv,,,,,,False,not_in_flare_streak
4FGL J2327.5+0939,122,123,57210.00001157408,2.72e-08,2.23e-08,1.11e-07,9.259306569343065e-08,8.600152671755726e-08,2.685925441583016e-09,8.600152671755726e-08,2.685925441583016e-09,1.75084e-07,1.75084e-07,8.600152671755726e-08,False,False,False,0,False,,,-2.6179190362753135,3.0,False,False,,,weekly,10.0,sigma,computed,/home/lkoo/projects/AutomationDetection/DownloadedLC/incremental/quiescent_background_cache.csv,,,,,,False,not_in_flare_streak
4FGL J2327.5+0939,123,124,57224.00001157408,7.36e-08,4.2e-08,2.72e-08,9.259306569343065e-08,8.600152671755726e-08,2.685925441583016e-09,8.600152671755726e-08,2.685925441583016e-09,1.75084e-07,1.75084e-07,8.600152671755726e-08,True,False,False,0,False,,,-0.29467250235086456,3.0,False,False,,,weekly,10.0,sigma,computed,/home/lkoo/projects/AutomationDetection/DownloadedLC/incremental/quiescent_background_cache.csv,,,,,,False,not_in_flare_streak
4FGL J2327.5+0939,124,125,57231.00001157408,7.26e-08,4.85e-08,7.36e-08,9.259306569343065e-08,8.600152671755726e-08,2.685925441583016e-09,8.600152671755726e-08,2.685925441583016e-09,1.75084e-07,1.75084e-07,8.600152671755726e-08,False,False,False,0,False,,,-0.2758973828684727,3.0,False,False,,,weekly,10.0,sigma,computed,/home/lkoo/projects/AutomationDetection/DownloadedLC/incremental/quiescent_background_cache.csv,,,,,,False,not_in_flare_streak
4FGL J2327.5+0939,125,126,57238.00001157408,5.42e-08,4.09e-08,7.26e-08,9.259306569343065e-08,8.600152671755726e-08,2.685925441583016e-09,8.600152671755726e-08,2.685925441583016e-09,1.75084e-07,1.75084e-07,8.600152671755726e-08,False,False,False,0,False,,,-0.7758722190255497,3.0,False,False,,,weekly,10.0,sigma,computed,/home/lkoo/projects/AutomationDetection/DownloadedLC/incremental/quiescent_background_cache.csv,,,,,,False,not_in_flare_streak
4FGL J2327.5+0939,126,127,57252.00001157408,1.56e-07,5.45e-08,5.42e-08,9.259306569343065e-08,8.600152671755726e-08,2.685925441583016e-09,8.600152671755726e-08,2.685925441583016e-09,1.75084e-07,1.75084e-07,8.600152671755726e-08,True,True,False,0,False,,,1.2828187349939988,3.0,False,False,,,weekly,10.0,sigma,computed,/home/lkoo/projects/AutomationDetection/DownloadedLC/incremental/quiescent_background_cache.csv,,,,,,False,not_in_flare_streak
4FGL J2327.5+0939,127,128,57259.00001157408,1.84e-07,5.09e-08,1.56e-07,9.259306569343065e-08,8.600152671755726e-08,2.685925441583016e-09,8.600152671755726e-08,2.685925441583016e-09,1.75084e-07,1.75084e-07,8.600152671755726e-08,True,True,False,0,False,,,1.922638852287619,3.0,False,False,,,weekly,10.0,sigma,computed,/home/lkoo/projects/AutomationDetection/DownloadedLC/incremental/quiescent_background_cache.csv,,,,,,False,not_in_flare_streak
4FGL J2327.5+0939,128,129,57266.00001157408,7.42e-08,4.05e-08,1.84e-07,9.259306569343065e-08,8.600152671755726e-08,2.685925441583016e-09,8.600152671755726e-08,2.685925441583016e-09,1.75084e-07,1.75084e-07,8.600152671755726e-08,False,False,False,0,False,,,-0.2907570149455238,3.0,False,False,,,weekly,10.0,sigma,computed,/home/lkoo/projects/AutomationDetection/DownloadedLC/incremental/quiescent_background_cache.csv,,,,,,False,not_in_flare_streak
4FGL J2327.5+0939,129,130,57273.00001157408,2.28e-07,5.21e-08,7.42e-08,9.259306569343065e-08,8.600152671755726e-08,2.685925441583016e-09,8.600152671755726e-08,2.685925441583016e-09,1.75084e-07,1.75084e-07,8.600152671755726e-08,True,True,False,0,False,,,2.721883898009658,3.0,False,False,,,weekly,10.0,sigma,computed,/home/lkoo/projects/AutomationDetection/DownloadedLC/incremental/quiescent_background_cache.csv,,,,,,False,not_in_flare_streak
4FGL J2327.5+0939,130,131,57280.00001157408,2.15e-07,5.17e-08,2.28e-07,9.259306569343065e-08,8.600152671755726e-08,2.685925441583016e-09,8.600152671755726e-08,2.685925441583016e-09,1.75084e-07,1.75084e-07,8.600152671755726e-08,False,True,False,0,False,,,2.491774465559383,3.0,False,False,,,weekly,10.0,sigma,computed,/home/lkoo/projects/AutomationDetection/DownloadedLC/incremental/quiescent_background_cache.csv,,,,,,False,not_in_flare_streak
4FGL J2327.5+0939,131,132,57294.00001157408,1.37e-07,5.25e-08,2.15e-07,9.259306569343065e-08,8.600152671755726e-08,2.685925441583016e-09,8.600152671755726e-08,2.685925441583016e-09,1.75084e-07,1.75084e-07,8.600152671755726e-08,False,True,False,0,False,,,0.9701307130465759,3.0,False,False,,,weekly,10.0,sigma,computed,/home/lkoo/projects/AutomationDetection/DownloadedLC/incremental/quiescent_background_cache.csv,,,,,,False,not_in_flare_streak
4FGL J2327.5+0939,132,133,57301.00001157408,1.43e-07,5.22e-08,1.37e-07,9.259306569343065e-08,8.600152671755726e-08,2.685925441583016e-09,8.600152671755726e-08,2.685925441583016e-09,1.75084e-07,1.75084e-07,8.600152671755726e-08,True,True,False,0,False,,,1.0904821676415157,3.0,False,False,,,weekly,10.0,sigma,computed,/home/lkoo/projects/AutomationDetection/DownloadedLC/incremental/quiescent_background_cache.csv,,,,,,False,not_in_flare_streak
4FGL J2327.5+0939,133,134,57315.00001157408,5.96e-08,3.96e-08,1.43e-07,9.259306569343065e-08,8.600152671755726e-08,2.685925441583016e-09,8.600152671755726e-08,2.685925441583016e-09,1.75084e-07,1.75084e-07,8.600152671755726e-08,False,False,False,0,False,,,-0.6651769290146303,3.0,False,False,,,weekly,10.0,sigma,computed,/home/lkoo/projects/AutomationDetection/DownloadedLC/incremental/quiescent_background_cache.csv,,,,,,False,not_in_flare_streak
4FGL J2327.5+0939,134,135,57322.00001157408,8.27e-08,4.1e-08,5.96e-08,9.259306569343065e-08,8.600152671755726e-08,2.685925441583016e-09,8.600152671755726e-08,2.685925441583016e-09,1.75084e-07,1.75084e-07,8.600152671755726e-08,True,False,False,0,False,,,-0.08035280505852696,3.0,False,False,,,weekly,10.0,sigma,computed,/home/lkoo/projects/AutomationDetection/DownloadedLC/incremental/quiescent_background_cache.csv,,,,,,False,not_in_flare_streak
4FGL J2327.5+0939,135,136,57329.00001157408,5.27e-08,3.07e-08,8.27e-08,9.259306569343065e-08,8.600152671755726e-08,2.685925441583016e-09,8.600152671755726e-08,2.685925441583016e-09,1.75084e-07,1.75084e-07,8.600152671755726e-08,False,False,False,0,False,,,-1.0806124479552393,3.0,False,False,,,weekly,10.0,sigma,computed,/home/lkoo/projects/AutomationDetection/DownloadedLC/incremental/quiescent_background_cache.csv,,,,,,False,not_in_flare_streak
4FGL J2327.5+0939,136,137,57343.00001157408,7.76e-08,4.15e-08,5.27e-08,9.259306569343065e-08,8.600152671755726e-08,2.685925441583016e-09,8.600152671755726e-08,2.685925441583016e-09,1.75084e-07,1.75084e-07,8.600152671755726e-08,True,False,False,0,False,,,-0.20202374852468816,3.0,False,False,,,weekly,10.0,sigma,computed,/home/lkoo/projects/AutomationDetection/DownloadedLC/incremental/quiescent_background_cache.csv,,,,,,False,not_in_flare_streak
4FGL J2327.5+0939,137,138,57350.00001157408,3.84e-08,2.45e-08,7.76e-08,9.259306569343065e-08,8.600152671755726e-08,2.685925441583016e-09,8.600152671755726e-08,2.685925441583016e-09,1.75084e-07,1.75084e-07,8.600152671755726e-08,False,False,False,0,False,,,-1.9313480230060809,3.0,False,False,,,weekly,10.0,sigma,computed,/home/lkoo/projects/AutomationDetection/DownloadedLC/incremental/quiescent_background_cache.csv,,,,,,False,not_in_flare_streak
4FGL J2327.5+0939,138,139,57357.00001157408,1.13e-07,3.93e-08,3.84e-08,9.259306569343065e-08,8.600152671755726e-08,2.685925441583016e-09,8.600152671755726e-08,2.685925441583016e-09,1.75084e-07,1.75084e-07,8.600152671755726e-08,True,True,False,0,False,,,0.6853852266448954,3.0,False,False,,,weekly,10.0,sigma,computed,/home/lkoo/projects/AutomationDetection/DownloadedLC/incremental/quiescent_background_cache.csv,,,,,,False,not_in_flare_streak
4FGL J2327.5+0939,139,140,57364.00001157408,1.42e-07,6.09e-08,1.13e-07,9.259306569343065e-08,8.600152671755726e-08,2.685925441583016e-09,8.600152671755726e-08,2.685925441583016e-09,1.75084e-07,1.75084e-07,8.600152671755726e-08,True,True,False,0,False,,,0.9186221652616136,3.0,False,False,,,weekly,10.0,sigma,computed,/home/lkoo/projects/AutomationDetection/DownloadedLC/incremental/quiescent_background_cache.csv,,,,,,False,not_in_flare_streak
4FGL J2327.5+0939,140,141,57371.00001157408,6.69e-08,3.3e-08,1.42e-07,9.259306569343065e-08,8.600152671755726e-08,2.685925441583016e-09,8.600152671755726e-08,2.685925441583016e-09,1.75084e-07,1.75084e-07,8.600152671755726e-08,False,False,False,0,False,,,-0.5769263426124,3.0,False,False,,,weekly,10.0,sigma,computed,/home/lkoo/projects/AutomationDetection/DownloadedLC/incremental/quiescent_background_cache.csv,,,,,,False,not_in_flare_streak
4FGL J2327.5+0939,141,142,57378.00001157408,6.58e-08,3.8e-08,6.69e-08,9.259306569343065e-08,8.600152671755726e-08,2.685925441583016e-09,8.600152671755726e-08,2.685925441583016e-09,1.75084e-07,1.75084e-07,8.600152671755726e-08,False,False,False,0,False,,,-0.5302961001171393,3.0,False,False,,,weekly,10.0,sigma,computed,/home/lkoo/projects/AutomationDetection/DownloadedLC/incremental/quiescent_background_cache.csv,,,,,,False,not_in_flare_streak
4FGL J2327.5+0939,142,143,57385.00001157408,1.07e-07,4.83e-08,6.58e-08,9.259306569343065e-08,8.600152671755726e-08,2.685925441583016e-09,8.600152671755726e-08,2.685925441583016e-09,1.75084e-07,1.75084e-07,8.600152671755726e-08,True,True,False,0,False,,,0.43408034580774346,3.0,False,False,,,weekly,10.0,sigma,computed,/home/lkoo/projects/AutomationDetection/DownloadedLC/incremental/quiescent_background_cache.csv,,,,,,False,not_in_flare_streak
4FGL J2327.5+0939,143,144,57406.00001157408,1.13e-07,5.25e-08,1.07e-07,9.259306569343065e-08,8.600152671755726e-08,2.685925441583016e-09,8.600152671755726e-08,2.685925441583016e-09,1.75084e-07,1.75084e-07,8.600152671755726e-08,True,True,False,0,False,,,0.5135849458003727,3.0,False,False,,,weekly,10.0,sigma,computed,/home/lkoo/projects/AutomationDetection/DownloadedLC/incremental/quiescent_background_cache.csv,,,,,,False,not_in_flare_streak
4FGL J2327.5+0939,144,145,57413.00001157408,2.83e-08,1.99e-08,1.13e-07,9.259306569343065e-08,8.600152671755726e-08,2.685925441583016e-09,8.600152671755726e-08,2.685925441583016e-09,1.75084e-07,1.75084e-07,8.600152671755726e-08,False,False,False,0,False,,,-2.873518597305327,3.0,False,False,,,weekly,10.0,sigma,computed,/home/lkoo/projects/AutomationDetection/DownloadedLC/incremental/quiescent_background_cache.csv,,,,,,False,not_in_flare_streak
4FGL J2327.5+0939,145,146,57420.00001157408,2.98e-08,2.94e-08,2.83e-08,9.259306569343065e-08,8.600152671755726e-08,2.685925441583016e-09,8.600152671755726e-08,2.685925441583016e-09,1.75084e-07,1.75084e-07,8.600152671755726e-08,True,False,False,0,False,,,-1.9036886978411942,3.0,False,False,,,weekly,10.0,sigma,computed,/home/lkoo/projects/AutomationDetection/DownloadedLC/incremental/quiescent_background_cache.csv,,,,,,False,not_in_flare_streak
4FGL J2327.5+0939,146,147,57427.00001157408,2.17e-08,1.88e-08,2.98e-08,9.259306569343065e-08,8.600152671755726e-08,2.685925441583016e-09,8.600152671755726e-08,2.685925441583016e-09,1.75084e-07,1.75084e-07,8.600152671755726e-08,False,False,False,0,False,,,-3.3859129637273746,3.0,False,False,,,weekly,10.0,sigma,computed,/home/lkoo/projects/AutomationDetection/DownloadedLC/incremental/quiescent_background_cache.csv,,,,,,False,not_in_flare_streak
4FGL J2327.5+0939,147,148,57588.00001157408,7.33e-08,5.3e-08,2.17e-08,9.259306569343065e-08,8.600152671755726e-08,2.685925441583016e-09,8.600152671755726e-08,2.685925441583016e-09,1.75084e-07,1.75084e-07,8.600152671755726e-08,True,False,False,0,False,,,-0.23934429738755286,3.0,False,False,,,weekly,10.0,sigma,computed,/home/lkoo/projects/AutomationDetection/DownloadedLC/incremental/quiescent_background_cache.csv,,,,,,False,not_in_flare_streak
4FGL J2327.5+0939,148,149,57595.00001157408,1.35e-07,4.2e-08,7.33e-08,9.259306569343065e-08,8.600152671755726e-08,2.685925441583016e-09,8.600152671755726e-08,2.685925441583016e-09,1.75084e-07,1.75084e-07,8.600152671755726e-08,True,True,False,0,False,,,1.1642520362487556,3.0,False,False,,,weekly,10.0,sigma,computed,/home/lkoo/projects/AutomationDetection/DownloadedLC/incremental/quiescent_background_cache.csv,,,,,,False,not_in_flare_streak
4FGL J2327.5+0939,149,150,57602.00001157408,6.17e-08,4.17e-08,1.35e-07,9.259306569343065e-08,8.600152671755726e-08,2.685925441583016e-09,8.600152671755726e-08,2.685925441583016e-09,1.75084e-07,1.75084e-07,8.600152671755726e-08,False,False,False,0,False,,,-0.581565293108097,3.0,False,False,,,weekly,10.0,sigma,computed,/home/lkoo/projects/AutomationDetection/DownloadedLC/incremental/quiescent_background_cache.csv,,,,,,False,not_in_flare_streak
4FGL J2327.5+0939,150,151,57609.00001157408,5.24e-08,3.4e-08,6.17e-08,9.259306569343065e-08,8.600152671755726e-08,2.685925441583016e-09,8.600152671755726e-08,2.685925441583016e-09,1.75084e-07,1.75084e-07,8.600152671755726e-08,False,False,False,0,False,,,-0.9852107992651683,3.0,False,False,,,weekly,10.0,sigma,computed,/home/lkoo/projects/AutomationDetection/DownloadedLC/incremental/quiescent_background_cache.csv,,,,,,False,not_in_flare_streak
4FGL J2327.5+0939,151,152,57630.00001157408,1.09e-07,5.14e-08,5.24e-08,9.259306569343065e-08,8.600152671755726e-08,2.685925441583016e-09,8.600152671755726e-08,2.685925441583016e-09,1.75084e-07,1.75084e-07,8.600152671755726e-08,True,True,False,0,False,,,0.4468314663077457,3.0,False,False,,,weekly,10.0,sigma,computed,/home/lkoo/projects/AutomationDetection/DownloadedLC/incremental/quiescent_background_cache.csv,,,,,,False,not_in_flare_streak
4FGL J2327.5+0939,152,153,57651.00001157408,5.8e-08,3.7e-08,1.09e-07,9.259306569343065e-08,8.600152671755726e-08,2.685925441583016e-09,8.600152671755726e-08,2.685925441583016e-09,1.75084e-07,1.75084e-07,8.600152671755726e-08,False,False,False,0,False,,,-0.7548118232459152,3.0,False,False,,,weekly,10.0,sigma,computed,/home/lkoo/projects/AutomationDetection/DownloadedLC/incremental/quiescent_background_cache.csv,,,,,,False,not_in_flare_streak
4FGL J2327.5+0939,153,154,57721.00001157408,9.48e-08,4.22e-08,5.8e-08,9.259306569343065e-08,8.600152671755726e-08,2.685925441583016e-09,8.600152671755726e-08,2.685925441583016e-09,1.75084e-07,1.75084e-07,8.600152671755726e-08,True,True,False,0,False,,,0.20807359969729114,3.0,False,False,,,weekly,10.0,sigma,computed,/home/lkoo/projects/AutomationDetection/DownloadedLC/incremental/quiescent_background_cache.csv,,,,,,False,not_in_flare_streak
4FGL J2327.5+0939,154,155,57728.00001157408,2.6e-08,2.47e-08,9.48e-08,9.259306569343065e-08,8.600152671755726e-08,2.685925441583016e-09,8.600152671755726e-08,2.685925441583016e-09,1.75084e-07,1.75084e-07,8.600152671755726e-08,False,False,False,0,False,,,-2.414975263642644,3.0,False,False,,,weekly,10.0,sigma,computed,/home/lkoo/projects/AutomationDetection/DownloadedLC/incremental/quiescent_background_cache.csv,,,,,,False,not_in_flare_streak
4FGL J2327.5+0939,155,156,57756.00001157408,7.2e-08,3.53e-08,2.6e-08,9.259306569343065e-08,8.600152671755726e-08,2.685925441583016e-09,8.600152671755726e-08,2.685925441583016e-09,1.75084e-07,1.75084e-07,8.600152671755726e-08,True,False,False,0,False,,,-0.39550060002135445,3.0,False,False,,,weekly,10.0,sigma,computed,/home/lkoo/projects/AutomationDetection/DownloadedLC/incremental/quiescent_background_cache.csv,,,,,,False,not_in_flare_streak
4FGL J2327.5+0939,156,157,57805.00001157408,1.3e-08,1.24e-08,7.2e-08,9.259306569343065e-08,8.600152671755726e-08,2.685925441583016e-09,8.600152671755726e-08,2.685925441583016e-09,1.75084e-07,1.75084e-07,8.600152671755726e-08,False,False,False,0,False,,,-5.753787404778525,3.0,False,False,,,weekly,10.0,sigma,computed,/home/lkoo/projects/AutomationDetection/DownloadedLC/incremental/quiescent_background_cache.csv,,,,,,False,not_in_flare_streak
4FGL J2327.5+0939,157,158,57819.00001157408,5.08e-08,3.21e-08,1.3e-08,9.259306569343065e-08,8.600152671755726e-08,2.685925441583016e-09,8.600152671755726e-08,2.685925441583016e-09,1.75084e-07,1.75084e-07,8.600152671755726e-08,True,False,False,0,False,,,-1.0928019329183576,3.0,False,False,,,weekly,10.0,sigma,computed,/home/lkoo/projects/AutomationDetection/DownloadedLC/incremental/quiescent_background_cache.csv,,,,,,False,not_in_flare_streak
4FGL J2327.5+0939,158,159,57826.00001157408,5.72e-08,3.38e-08,5.08e-08,9.259306569343065e-08,8.600152671755726e-08,2.685925441583016e-09,8.600152671755726e-08,2.685925441583016e-09,1.75084e-07,1.75084e-07,8.600152671755726e-08,True,False,False,0,False,,,-0.8494384103876431,3.0,False,False,,,weekly,10.0,sigma,computed,/home/lkoo/projects/AutomationDetection/DownloadedLC/incremental/quiescent_background_cache.csv,,,,,,False,not_in_flare_streak
4FGL J2327.5+0939,159,160,57889.00001157408,5.16e-08,3.39e-08,5.72e-08,9.259306569343065e-08,8.600152671755726e-08,2.685925441583016e-09,8.600152671755726e-08,2.685925441583016e-09,1.75084e-07,1.75084e-07,8.600152671755726e-08,False,False,False,0,False,,,-1.0116240180882867,3.0,False,False,,,weekly,10.0,sigma,computed,/home/lkoo/projects/AutomationDetection/DownloadedLC/incremental/quiescent_background_cache.csv,,,,,,False,not_in_flare_streak
4FGL J2327.5+0939,160,161,57903.00001157408,8.27e-08,4.3e-08,5.16e-08,9.259306569343065e-08,8.600152671755726e-08,2.685925441583016e-09,8.600152671755726e-08,2.685925441583016e-09,1.75084e-07,1.75084e-07,8.600152671755726e-08,True,False,False,0,False,,,-0.07663034332645503,3.0,False,False,,,weekly,10.0,sigma,computed,/home/lkoo/projects/AutomationDetection/DownloadedLC/incremental/quiescent_background_cache.csv,,,,,,False,not_in_flare_streak
4FGL J2327.5+0939,161,162,57910.00001157408,3.22e-08,2.83e-08,8.27e-08,9.259306569343065e-08,8.600152671755726e-08,2.685925441583016e-09,8.600152671755726e-08,2.685925441583016e-09,1.75084e-07,1.75084e-07,8.600152671755726e-08,False,False,False,0,False,,,-1.8926090784827485,3.0,False,False,,,weekly,10.0,sigma,computed,/home/lkoo/projects/AutomationDetection/DownloadedLC/incremental/quiescent_background_cache.csv,,,,,,False,not_in_flare_streak
4FGL J2327.5+0939,162,163,57931.00001157408,8.54e-08,5.38e-08,3.22e-08,9.259306569343065e-08,8.600152671755726e-08,2.685925441583016e-09,8.600152671755726e-08,2.685925441583016e-09,1.75084e-07,1.75084e-07,8.600152671755726e-08,True,False,False,0,False,,,-0.011166886313691777,3.0,False,False,,,weekly,10.0,sigma,computed,/home/lkoo/projects/AutomationDetection/DownloadedLC/incremental/quiescent_background_cache.csv,,,,,,False,not_in_flare_streak
4FGL J2327.5+0939,163,164,57994.00001157408,1.06e-07,5.59e-08,8.54e-08,9.259306569343065e-08,8.600152671755726e-08,2.685925441583016e-09,8.600152671755726e-08,2.685925441583016e-09,1.75084e-07,1.75084e-07,8.600152671755726e-08,True,True,False,0,False,,,0.35734218445287047,3.0,False,False,,,weekly,10.0,sigma,computed,/home/lkoo/projects/AutomationDetection/DownloadedLC/incremental/quiescent_background_cache.csv,,,,,,False,not_in_flare_streak
4FGL J2327.5+0939,164,165,58092.00001157408,3.97e-08,3.34e-08,1.06e-07,9.259306569343065e-08,8.600152671755726e-08,2.685925441583016e-09,8.600152671755726e-08,2.685925441583016e-09,1.75084e-07,1.75084e-07,8.600152671755726e-08,False,False,False,0,False,,,-1.3818124458921526,3.0,False,False,,,weekly,10.0,sigma,computed,/home/lkoo/projects/AutomationDetection/DownloadedLC/incremental/quiescent_background_cache.csv,,,,,,False,not_in_flare_streak
4FGL J2327.5+0939,165,166,58155.00001157408,3.54e-08,2.75e-08,3.97e-08,9.259306569343065e-08,8.600152671755726e-08,2.685925441583016e-09,8.600152671755726e-08,2.685925441583016e-09,1.75084e-07,1.75084e-07,8.600152671755726e-08,False,False,False,0,False,,,-1.8313412721104847,3.0,False,False,,,weekly,10.0,sigma,computed,/home/lkoo/projects/AutomationDetection/DownloadedLC/incremental/quiescent_background_cache.csv,,,,,,False,not_in_flare_streak
4FGL J2327.5+0939,166,167,58295.00001157408,6.82e-08,3.46e-08,3.54e-08,9.259306569343065e-08,8.600152671755726e-08,2.685925441583016e-09,8.600152671755726e-08,2.685925441583016e-09,1.75084e-07,1.75084e-07,8.600152671755726e-08,True,False,False,0,False,,,-0.5129517661582885,3.0,False,False,,,weekly,10.0,sigma,computed,/home/lkoo/projects/AutomationDetection/DownloadedLC/incremental/quiescent_background_cache.csv,,,,,,False,not_in_flare_streak
4FGL J2327.5+0939,167,168,58442.00001157408,3.42e-08,2.22e-08,6.82e-08,9.259306569343065e-08,8.600152671755726e-08,2.685925441583016e-09,8.600152671755726e-08,2.685925441583016e-09,1.75084e-07,1.75084e-07,8.600152671755726e-08,False,False,False,0,False,,,-2.316509160655716,3.0,False,False,,,weekly,10.0,sigma,computed,/home/lkoo/projects/AutomationDetection/DownloadedLC/incremental/quiescent_background_cache.csv,,,,,,False,not_in_flare_streak
4FGL J2327.5+0939,168,169,58470.00001157408,5.32e-08,2.71e-08,3.42e-08,9.259306569343065e-08,8.600152671755726e-08,2.685925441583016e-09,8.600152671755726e-08,2.685925441583016e-09,1.75084e-07,1.75084e-07,8.600152671755726e-08,True,False,False,0,False,,,-1.204486988599921,3.0,False,False,,,weekly,10.0,sigma,computed,/home/lkoo/projects/AutomationDetection/DownloadedLC/incremental/quiescent_background_cache.csv,,,,,,False,not_in_flare_streak
4FGL J2327.5+0939,169,170,58477.00001157408,3.18e-08,2.13e-08,5.32e-08,9.259306569343065e-08,8.600152671755726e-08,2.685925441583016e-09,8.600152671755726e-08,2.685925441583016e-09,1.75084e-07,1.75084e-07,8.600152671755726e-08,False,False,False,0,False,,,-2.5246791239543738,3.0,False,False,,,weekly,10.0,sigma,computed,/home/lkoo/projects/AutomationDetection/DownloadedLC/incremental/quiescent_background_cache.csv,,,,,,False,not_in_flare_streak
4FGL J2327.5+0939,170,171,58533.00001157408,4.86e-08,3.99e-08,3.18e-08,9.259306569343065e-08,8.600152671755726e-08,2.685925441583016e-09,8.600152671755726e-08,2.685925441583016e-09,1.75084e-07,1.75084e-07,8.600152671755726e-08,True,False,False,0,False,,,-0.9352649400470804,3.0,False,False,,,weekly,10.0,sigma,computed,/home/lkoo/projects/AutomationDetection/DownloadedLC/incremental/quiescent_background_cache.csv,,,,,,False,not_in_flare_streak
4FGL J2327.5+0939,171,172,58561.00001157408,1.06e-07,5.76e-08,4.86e-08,9.259306569343065e-08,8.600152671755726e-08,2.685925441583016e-09,8.600152671755726e-08,2.685925441583016e-09,1.75084e-07,1.75084e-07,8.600152671755726e-08,True,True,False,0,False,,,0.34681885696067694,3.0,False,False,,,weekly,10.0,sigma,computed,/home/lkoo/projects/AutomationDetection/DownloadedLC/incremental/quiescent_background_cache.csv,,,,,,False,not_in_flare_streak
4FGL J2327.5+0939,172,173,58568.00001157408,8.99e-08,4.02e-08,1.06e-07,9.259306569343065e-08,8.600152671755726e-08,2.685925441583016e-09,8.600152671755726e-08,2.685925441583016e-09,1.75084e-07,1.75084e-07,8.600152671755726e-08,False,True,False,0,False,,,0.09676121102595414,3.0,False,False,,,weekly,10.0,sigma,computed,/home/lkoo/projects/AutomationDetection/DownloadedLC/incremental/quiescent_background_cache.csv,,,,,,False,not_in_flare_streak
4FGL J2327.5+0939,173,174,58589.00001157408,1.74e-07,7.74e-08,8.99e-08,9.259306569343065e-08,8.600152671755726e-08,2.685925441583016e-09,8.600152671755726e-08,2.685925441583016e-09,1.75084e-07,1.75084e-07,8.600152671755726e-08,True,True,False,0,False,,,1.1362472391420173,3.0,False,False,,,weekly,10.0,sigma,computed,/home/lkoo/projects/AutomationDetection/DownloadedLC/incremental/quiescent_background_cache.csv,,,,,,False,not_in_flare_streak
4FGL J2327.5+0939,174,175,58596.00001157408,4.96e-08,3.8e-08,1.74e-07,9.259306569343065e-08,8.600152671755726e-08,2.685925441583016e-09,8.600152671755726e-08,2.685925441583016e-09,1.75084e-07,1.75084e-07,8.600152671755726e-08,False,False,False,0,False,,,-0.9555509307053317,3.0,False,False,,,weekly,10.0,sigma,computed,/home/lkoo/projects/AutomationDetection/DownloadedLC/incremental/quiescent_background_cache.csv,,,,,,False,not_in_flare_streak
4FGL J2327.5+0939,175,176,58603.00001157408,4.65e-08,2.6e-08,4.96e-08,9.259306569343065e-08,8.600152671755726e-08,2.685925441583016e-09,8.600152671755726e-08,2.685925441583016e-09,1.75084e-07,1.75084e-07,8.600152671755726e-08,False,False,False,0,False,,,-1.5112469611806132,3.0,False,False,,,weekly,10.0,sigma,computed,/home/lkoo/projects/AutomationDetection/DownloadedLC/incremental/quiescent_background_cache.csv,,,,,,False,not_in_flare_streak
4FGL J2327.5+0939,176,177,58624.00001157408,4.3e-08,2.83e-08,4.65e-08,9.259306569343065e-08,8.600152671755726e-08,2.685925441583016e-09,8.600152671755726e-08,2.685925441583016e-09,1.75084e-07,1.75084e-07,8.600152671755726e-08,False,False,False,0,False,,,-1.5126908996749457,3.0,False,False,,,weekly,10.0,sigma,computed,/home/lkoo/projects/AutomationDetection/DownloadedLC/incremental/quiescent_background_cache.csv,,,,,,False,not_in_flare_streak
4FGL J2327.5+0939,177,178,58631.00001157408,2e-08,1.68e-08,4.3e-08,9.259306569343065e-08,8.600152671755726e-08,2.685925441583016e-09,8.600152671755726e-08,2.685925441583016e-09,1.75084e-07,1.75084e-07,8.600152671755726e-08,False,False,False,0,False,,,-3.879395495258075,3.0,False,False,,,weekly,10.0,sigma,computed,/home/lkoo/projects/AutomationDetection/DownloadedLC/incremental/quiescent_background_cache.csv,,,,,,False,not_in_flare_streak
4FGL J2327.5+0939,178,179,58743.00001157408,4.16e-08,3.21e-08,2e-08,9.259306569343065e-08,8.600152671755726e-08,2.685925441583016e-09,8.600152671755726e-08,2.685925441583016e-09,1.75084e-07,1.75084e-07,8.600152671755726e-08,True,False,False,0,False,,,-1.3784082324267941,3.0,False,False,,,weekly,10.0,sigma,computed,/home/lkoo/projects/AutomationDetection/DownloadedLC/incremental/quiescent_background_cache.csv,,,,,,False,not_in_flare_streak
4FGL J2327.5+0939,179,180,58750.00001157408,2.65e-07,1.56e-07,4.16e-08,9.259306569343065e-08,8.600152671755726e-08,2.685925441583016e-09,8.600152671755726e-08,2.685925441583016e-09,1.75084e-07,1.75084e-07,8.600152671755726e-08,True,True,False,0,False,,,1.147256076343889,3.0,False,False,,,weekly,10.0,sigma,computed,/home/lkoo/projects/AutomationDetection/DownloadedLC/incremental/quiescent_background_cache.csv,,,,,,False,not_in_flare_streak
4FGL J2327.5+0939,180,181,58771.00001157408,1.44e-07,5.6e-08,2.65e-07,9.259306569343065e-08,8.600152671755726e-08,2.685925441583016e-09,8.600152671755726e-08,2.685925441583016e-09,1.75084e-07,1.75084e-07,8.600152671755726e-08,False,True,False,0,False,,,1.0344978037979988,3.0,False,False,,,weekly,10.0,sigma,computed,/home/lkoo/projects/AutomationDetection/DownloadedLC/incremental/quiescent_background_cache.csv,,,,,,False,not_in_flare_streak
4FGL J2327.5+0939,181,182,58841.00001157408,4.76e-08,2.69e-08,1.44e-07,9.259306569343065e-08,8.600152671755726e-08,2.685925441583016e-09,8.600152671755726e-08,2.685925441583016e-09,1.75084e-07,1.75084e-07,8.600152671755726e-08,False,False,False,0,False,,,-1.4205025976416292,3.0,False,False,,,weekly,10.0,sigma,computed,/home/lkoo/projects/AutomationDetection/DownloadedLC/incremental/quiescent_background_cache.csv,,,,,,False,not_in_flare_streak
4FGL J2327.5+0939,182,183,58869.00001157408,2.6e-08,2.51e-08,4.76e-08,9.259306569343065e-08,8.600152671755726e-08,2.685925441583016e-09,8.600152671755726e-08,2.685925441583016e-09,1.75084e-07,1.75084e-07,8.600152671755726e-08,False,False,False,0,False,,,-2.376928796547444,3.0,False,False,,,weekly,10.0,sigma,computed,/home/lkoo/projects/AutomationDetection/DownloadedLC/incremental/quiescent_background_cache.csv,,,,,,False,not_in_flare_streak
4FGL J2327.5+0939,183,184,58876.00001157408,4.18e-08,3.84e-08,2.6e-08,9.259306569343065e-08,8.600152671755726e-08,2.685925441583016e-09,8.600152671755726e-08,2.685925441583016e-09,1.75084e-07,1.75084e-07,8.600152671755726e-08,True,False,False,0,False,,,-1.1482759170107095,3.0,False,False,,,weekly,10.0,sigma,computed,/home/lkoo/projects/AutomationDetection/DownloadedLC/incremental/quiescent_background_cache.csv,,,,,,False,not_in_flare_streak
4FGL J2327.5+0939,184,185,58890.00001157408,1.2e-07,7.01e-08,4.18e-08,9.259306569343065e-08,8.600152671755726e-08,2.685925441583016e-09,8.600152671755726e-08,2.685925441583016e-09,1.75084e-07,1.75084e-07,8.600152671755726e-08,True,True,False,0,False,,,0.48464399949657755,3.0,False,False,,,weekly,10.0,sigma,computed,/home/lkoo/projects/AutomationDetection/DownloadedLC/incremental/quiescent_background_cache.csv,,,,,,False,not_in_flare_streak
4FGL J2327.5+0939,185,186,58897.00001157408,1.45e-07,4.89e-08,1.2e-07,9.259306569343065e-08,8.600152671755726e-08,2.685925441583016e-09,8.600152671755726e-08,2.685925441583016e-09,1.75084e-07,1.75084e-07,8.600152671755726e-08,True,True,False,0,False,,,1.2046968508888,3.0,False,False,,,weekly,10.0,sigma,computed,/home/lkoo/projects/AutomationDetection/DownloadedLC/incremental/quiescent_background_cache.csv,,,,,,False,not_in_flare_streak
4FGL J2327.5+0939,186,187,58904.00001157408,8.02e-08,4.43e-08,1.45e-07,9.259306569343065e-08,8.600152671755726e-08,2.685925441583016e-09,8.600152671755726e-08,2.685925441583016e-09,1.75084e-07,1.75084e-07,8.600152671755726e-08,False,False,False,0,False,,,-0.1307199254910238,3.0,False,False,,,weekly,10.0,sigma,computed,/home/lkoo/projects/AutomationDetection/DownloadedLC/incremental/quiescent_background_cache.csv,,,,,,False,not_in_flare_streak
4FGL J2327.5+0939,187,188,58918.00001157408,7.73e-08,4.73e-08,8.02e-08,9.259306569343065e-08,8.600152671755726e-08,2.685925441583016e-09,8.600152671755726e-08,2.685925441583016e-09,1.75084e-07,1.75084e-07,8.600152671755726e-08,False,False,False,0,False,,,-0.18366874024120663,3.0,False,False,,,weekly,10.0,sigma,computed,/home/lkoo/projects/AutomationDetection/DownloadedLC/incremental/quiescent_background_cache.csv,,,,,,False,not_in_flare_streak
4FGL J2327.5+0939,188,189,58939.00001157408,1.9e-08,1.84e-08,7.73e-08,9.259306569343065e-08,8.600152671755726e-08,2.685925441583016e-09,8.600152671755726e-08,2.685925441583016e-09,1.75084e-07,1.75084e-07,8.600152671755726e-08,False,False,False,0,False,,,-3.6032003334556,3.0,False,False,,,weekly,10.0,sigma,computed,/home/lkoo/projects/AutomationDetection/DownloadedLC/incremental/quiescent_background_cache.csv,,,,,,False,not_in_flare_streak
4FGL J2327.5+0939,189,190,58946.00001157408,9.46e-08,4.78e-08,1.9e-08,9.259306569343065e-08,8.600152671755726e-08,2.685925441583016e-09,8.600152671755726e-08,2.685925441583016e-09,1.75084e-07,1.75084e-07,8.600152671755726e-08,True,True,False,0,False,,,0.17960106391600134,3.0,False,False,,,weekly,10.0,sigma,computed,/home/lkoo/projects/AutomationDetection/DownloadedLC/incremental/quiescent_background_cache.csv,,,,,,False,not_in_flare_streak
4FGL J2327.5+0939,190,191,58960.00001157408,8.73e-08,4.9e-08,9.46e-08,9.259306569343065e-08,8.600152671755726e-08,2.685925441583016e-09,8.600152671755726e-08,2.685925441583016e-09,1.75084e-07,1.75084e-07,8.600152671755726e-08,False,True,False,0,False,,,0.02645973327010857,3.0,False,False,,,weekly,10.0,sigma,computed,/home/lkoo/projects/AutomationDetection/DownloadedLC/incremental/quiescent_background_cache.csv,,,,,,False,not_in_flare_streak
4FGL J2327.5+0939,191,192,58981.00001157408,1.09e-07,3.71e-08,8.73e-08,9.259306569343065e-08,8.600152671755726e-08,2.685925441583016e-09,8.600152671755726e-08,2.685925441583016e-09,1.75084e-07,1.75084e-07,8.600152671755726e-08,True,True,False,0,False,,,0.6182867406964595,3.0,False,False,,,weekly,10.0,sigma,computed,/home/lkoo/projects/AutomationDetection/DownloadedLC/incremental/quiescent_background_cache.csv,,,,,,False,not_in_flare_streak
4FGL J2327.5+0939,192,193,58988.00001157408,7.12e-09,6.51e-09,1.09e-07,9.259306569343065e-08,8.600152671755726e-08,2.685925441583016e-09,8.600152671755726e-08,2.685925441583016e-09,1.75084e-07,1.75084e-07,8.600152671755726e-08,False,False,False,0,False,,,-11.201068289596176,3.0,False,False,,,weekly,10.0,sigma,computed,/home/lkoo/projects/AutomationDetection/DownloadedLC/incremental/quiescent_background_cache.csv,,,,,,False,not_in_flare_streak
4FGL J2327.5+0939,193,194,59002.00001157408,3.6e-08,2.13e-08,7.12e-09,9.259306569343065e-08,8.600152671755726e-08,2.685925441583016e-09,8.600152671755726e-08,2.685925441583016e-09,1.75084e-07,1.75084e-07,8.600152671755726e-08,True,False,False,0,False,,,-2.329045292902645,3.0,False,False,,,weekly,10.0,sigma,computed,/home/lkoo/projects/AutomationDetection/DownloadedLC/incremental/quiescent_background_cache.csv,,,,,,False,not_in_flare_streak
4FGL J2327.5+0939,194,195,59058.00001157408,3.76e-08,2.62e-08,3.6e-08,9.259306569343065e-08,8.600152671755726e-08,2.685925441583016e-09,8.600152671755726e-08,2.685925441583016e-09,1.75084e-07,1.75084e-07,8.600152671755726e-08,True,False,False,0,False,,,-1.8377547418538105,3.0,False,False,,,weekly,10.0,sigma,computed,/home/lkoo/projects/AutomationDetection/DownloadedLC/incremental/quiescent_background_cache.csv,,,,,,False,not_in_flare_streak
4FGL J2327.5+0939,195,196,59107.00001157408,1.01e-07,6.15e-08,3.76e-08,9.259306569343065e-08,8.600152671755726e-08,2.685925441583016e-09,8.600152671755726e-08,2.685925441583016e-09,1.75084e-07,1.75084e-07,8.600152671755726e-08,True,True,False,0,False,,,0.24364536265747275,3.0,False,False,,,weekly,10.0,sigma,computed,/home/lkoo/projects/AutomationDetection/DownloadedLC/incremental/quiescent_background_cache.csv,,,,,,False,not_in_flare_streak
4FGL J2327.5+0939,196,197,59170.00001157408,2.34e-08,1.85e-08,1.01e-07,9.259306569343065e-08,8.600152671755726e-08,2.685925441583016e-09,8.600152671755726e-08,2.685925441583016e-09,1.75084e-07,1.75084e-07,8.600152671755726e-08,False,False,False,0,False,,,-3.3487565925929945,3.0,False,False,,,weekly,10.0,sigma,computed,/home/lkoo/projects/AutomationDetection/DownloadedLC/incremental/quiescent_background_cache.csv,,,,,,False,not_in_flare_streak
4FGL J2327.5+0939,197,198,59219.00001157408,5.57e-08,3.5e-08,2.34e-08,9.259306569343065e-08,8.600152671755726e-08,2.685925441583016e-09,8.600152671755726e-08,2.685925441583016e-09,1.75084e-07,1.75084e-07,8.600152671755726e-08,True,False,False,0,False,,,-0.8632198266615745,3.0,False,False,,,weekly,10.0,sigma,computed,/home/lkoo/projects/AutomationDetection/DownloadedLC/incremental/quiescent_background_cache.csv,,,,,,False,not_in_flare_streak
4FGL J2327.5+0939,198,199,59268.00001157408,1.2e-07,5.87e-08,5.57e-08,9.259306569343065e-08,8.600152671755726e-08,2.685925441583016e-09,8.600152671755726e-08,2.685925441583016e-09,1.75084e-07,1.75084e-07,8.600152671755726e-08,True,True,False,0,False,,,0.5785849743802028,3.0,False,False,,,weekly,10.0,sigma,computed,/home/lkoo/projects/AutomationDetection/DownloadedLC/incremental/quiescent_background_cache.csv,,,,,,False,not_in_flare_streak
4FGL J2327.5+0939,199,200,59366.00001157408,7.84e-08,3.05e-08,1.2e-07,9.259306569343065e-08,8.600152671755726e-08,2.685925441583016e-09,8.600152671755726e-08,2.685925441583016e-09,1.75084e-07,1.75084e-07,8.600152671755726e-08,False,False,False,0,False,,,-0.2482695639262513,3.0,False,False,,,weekly,10.0,sigma,computed,/home/lkoo/projects/AutomationDetection/DownloadedLC/incremental/quiescent_background_cache.csv,,,,,,False,not_in_flare_streak
4FGL J2327.5+0939,200,201,59373.00001157408,5.1e-08,3.01e-08,7.84e-08,9.259306569343065e-08,8.600152671755726e-08,2.685925441583016e-09,8.600152671755726e-08,2.685925441583016e-09,1.75084e-07,1.75084e-07,8.600152671755726e-08,False,False,False,0,False,,,-1.1582392641602042,3.0,False,False,,,weekly,10.0,sigma,computed,/home/lkoo/projects/AutomationDetection/DownloadedLC/incremental/quiescent_background_cache.csv,,,,,,False,not_in_flare_streak
4FGL J2327.5+0939,201,202,59380.00001157408,1.51e-07,3.66e-08,5.1e-08,9.259306569343065e-08,8.600152671755726e-08,2.685925441583016e-09,8.600152671755726e-08,2.685925441583016e-09,1.75084e-07,1.75084e-07,8.600152671755726e-08,True,True,False,0,False,,,1.7711517090177136,3.0,False,False,,,weekly,10.0,sigma,computed,/home/lkoo/projects/AutomationDetection/DownloadedLC/incremental/quiescent_background_cache.csv,,,,,,False,not_in_flare_streak
4FGL J2327.5+0939,202,203,59387.00001157408,8.92e-08,3.87e-08,1.51e-07,9.259306569343065e-08,8.600152671755726e-08,2.685925441583016e-09,8.600152671755726e-08,2.685925441583016e-09,1.75084e-07,1.75084e-07,8.600152671755726e-08,False,True,False,0,False,,,0.08244955212160945,3.0,False,False,,,weekly,10.0,sigma,computed,/home/lkoo/projects/AutomationDetection/DownloadedLC/incremental/quiescent_background_cache.csv,,,,,,False,not_in_flare_streak
4FGL J2327.5+0939,203,204,59408.00001157408,4.61e-08,3.14e-08,8.92e-08,9.259306569343065e-08,8.600152671755726e-08,2.685925441583016e-09,8.600152671755726e-08,2.685925441583016e-09,1.75084e-07,1.75084e-07,8.600152671755726e-08,False,False,False,0,False,,,-1.266125627600376,3.0,False,False,,,weekly,10.0,sigma,computed,/home/lkoo/projects/AutomationDetection/DownloadedLC/incremental/quiescent_background_cache.csv,,,,,,False,not_in_flare_streak
4FGL J2327.5+0939,204,205,59415.00001157408,5.51e-08,3.53e-08,4.61e-08,9.259306569343065e-08,8.600152671755726e-08,2.685925441583016e-09,8.600152671755726e-08,2.685925441583016e-09,1.75084e-07,1.75084e-07,8.600152671755726e-08,True,False,False,0,False,,,-0.8728742661358873,3.0,False,False,,,weekly,10.0,sigma,computed,/home/lkoo/projects/AutomationDetection/DownloadedLC/incremental/quiescent_background_cache.csv,,,,,,False,not_in_flare_streak
4FGL J2327.5+0939,205,206,59422.00001157408,5.08e-08,3.96e-08,5.51e-08,9.259306569343065e-08,8.600152671755726e-08,2.685925441583016e-09,8.600152671755726e-08,2.685925441583016e-09,1.75084e-07,1.75084e-07,8.600152671755726e-08,False,False,False,0,False,,,-0.88688975032038,3.0,False,False,,,weekly,10.0,sigma,computed,/home/lkoo/projects/AutomationDetection/DownloadedLC/incremental/quiescent_background_cache.csv,,,,,,False,not_in_flare_streak
4FGL J2327.5+0939,206,207,59429.00001157408,7.68e-08,4.84e-08,5.08e-08,9.259306569343065e-08,8.600152671755726e-08,2.685925441583016e-09,8.600152671755726e-08,2.685925441583016e-09,1.75084e-07,1.75084e-07,8.600152671755726e-08,True,False,False,0,False,,,-0.18982212303129822,3.0,False,False,,,weekly,10.0,sigma,computed,/home/lkoo/projects/AutomationDetection/DownloadedLC/incremental/quiescent_background_cache.csv,,,,,,False,not_in_flare_streak
4FGL J2327.5+0939,207,208,59436.00001157408,9.64e-08,4.92e-08,7.68e-08,9.259306569343065e-08,8.600152671755726e-08,2.685925441583016e-09,8.600152671755726e-08,2.685925441583016e-09,1.75084e-07,1.75084e-07,8.600152671755726e-08,True,True,False,0,False,,,0.21103684203669504,3.0,False,False,,,weekly,10.0,sigma,computed,/home/lkoo/projects/AutomationDetection/DownloadedLC/incremental/quiescent_background_cache.csv,,,,,,False,not_in_flare_streak
4FGL J2327.5+0939,208,209,59443.00001157408,4.22e-08,2.73e-08,9.64e-08,9.259306569343065e-08,8.600152671755726e-08,2.685925441583016e-09,8.600152671755726e-08,2.685925441583016e-09,1.75084e-07,1.75084e-07,8.600152671755726e-08,False,False,False,0,False,,,-1.5967421342436516,3.0,False,False,,,weekly,10.0,sigma,computed,/home/lkoo/projects/AutomationDetection/DownloadedLC/incremental/quiescent_background_cache.csv,,,,,,False,not_in_flare_streak
4FGL J2327.5+0939,209,210,59450.00001157408,4.49e-08,3.39e-08,4.22e-08,9.259306569343065e-08,8.600152671755726e-08,2.685925441583016e-09,8.600152671755726e-08,2.685925441583016e-09,1.75084e-07,1.75084e-07,8.600152671755726e-08,True,False,False,0,False,,,-1.208646696088573,3.0,False,False,,,weekly,10.0,sigma,computed,/home/lkoo/projects/AutomationDetection/DownloadedLC/incremental/quiescent_background_cache.csv,,,,,,False,not_in_flare_streak
4FGL J2327.5+0939,210,211,59457.00001157408,7.14e-08,5.7e-08,4.49e-08,9.259306569343065e-08,8.600152671755726e-08,2.685925441583016e-09,8.600152671755726e-08,2.685925441583016e-09,1.75084e-07,1.75084e-07,8.600152671755726e-08,True,False,False,0,False,,,-0.2558832068202965,3.0,False,False,,,weekly,10.0,sigma,computed,/home/lkoo/projects/AutomationDetection/DownloadedLC/incremental/quiescent_background_cache.csv,,,,,,False,not_in_flare_streak
4FGL J2327.5+0939,211,212,59471.00001157408,2e-07,6.27e-08,7.14e-08,9.259306569343065e-08,8.600152671755726e-08,2.685925441583016e-09,8.600152671755726e-08,2.685925441583016e-09,1.75084e-07,1.75084e-07,8.600152671755726e-08,True,True,False,0,False,,,1.8164915372572157,3.0,False,False,,,weekly,10.0,sigma,computed,/home/lkoo/projects/AutomationDetection/DownloadedLC/incremental/quiescent_background_cache.csv,,,,,,False,not_in_flare_streak
4FGL J2327.5+0939,212,213,59478.00001157408,8.35e-08,4.88e-08,2e-07,9.259306569343065e-08,8.600152671755726e-08,2.685925441583016e-09,8.600152671755726e-08,2.685925441583016e-09,1.75084e-07,1.75084e-07,8.600152671755726e-08,False,False,False,0,False,,,-0.051183326125038404,3.0,False,False,,,weekly,10.0,sigma,computed,/home/lkoo/projects/AutomationDetection/DownloadedLC/incremental/quiescent_background_cache.csv,,,,,,False,not_in_flare_streak
4FGL J2327.5+0939,213,214,59506.00001157408,6.9e-08,3.89e-08,8.35e-08,9.259306569343065e-08,8.600152671755726e-08,2.685925441583016e-09,8.600152671755726e-08,2.685925441583016e-09,1.75084e-07,1.75084e-07,8.600152671755726e-08,False,False,False,0,False,,,-0.4360191221293143,3.0,False,False,,,weekly,10.0,sigma,computed,/home/lkoo/projects/AutomationDetection/DownloadedLC/incremental/quiescent_background_cache.csv,,,,,,False,not_in_flare_streak
4FGL J2327.5+0939,214,215,59520.00001157408,1.1e-07,3.76e-08,6.9e-08,9.259306569343065e-08,8.600152671755726e-08,2.685925441583016e-09,8.600152671755726e-08,2.685925441583016e-09,1.75084e-07,1.75084e-07,8.600152671755726e-08,True,True,False,0,False,,,0.6366350107582138,3.0,False,False,,,weekly,10.0,sigma,computed,/home/lkoo/projects/AutomationDetection/DownloadedLC/incremental/quiescent_background_cache.csv,,,,,,False,not_in_flare_streak
4FGL J2327.5+0939,215,216,59541.00001157408,6.09e-08,3.4e-08,1.1e-07,9.259306569343065e-08,8.600152671755726e-08,2.685925441583016e-09,8.600152671755726e-08,2.685925441583016e-09,1.75084e-07,1.75084e-07,8.600152671755726e-08,False,False,False,0,False,,,-0.7359872486763719,3.0,False,False,,,weekly,10.0,sigma,computed,/home/lkoo/projects/AutomationDetection/DownloadedLC/incremental/quiescent_background_cache.csv,,,,,,False,not_in_flare_streak
4FGL J2327.5+0939,216,217,59548.00001157408,7.54e-08,3.98e-08,6.09e-08,9.259306569343065e-08,8.600152671755726e-08,2.685925441583016e-09,8.600152671755726e-08,2.685925441583016e-09,1.75084e-07,1.75084e-07,8.600152671755726e-08,True,False,False,0,False,,,-0.26576551739214593,3.0,False,False,,,weekly,10.0,sigma,computed,/home/lkoo/projects/AutomationDetection/DownloadedLC/incremental/quiescent_background_cache.csv,,,,,,False,not_in_flare_streak
4FGL J2327.5+0939,217,218,59576.00001157408,5.79e-08,2.77e-08,7.54e-08,9.259306569343065e-08,8.600152671755726e-08,2.685925441583016e-09,8.600152671755726e-08,2.685925441583016e-09,1.75084e-07,1.75084e-07,8.600152671755726e-08,False,False,False,0,False,,,-1.0097596861336056,3.0,False,False,,,weekly,10.0,sigma,computed,/home/lkoo/projects/AutomationDetection/DownloadedLC/incremental/quiescent_background_cache.csv,,,,,,False,not_in_flare_streak
4FGL J2327.5+0939,218,219,59583.00001157408,7.76e-08,3.01e-08,5.79e-08,9.259306569343065e-08,8.600152671755726e-08,2.685925441583016e-09,8.600152671755726e-08,2.685925441583016e-09,1.75084e-07,1.75084e-07,8.600152671755726e-08,True,False,False,0,False,,,-0.2780158191866707,3.0,False,False,,,weekly,10.0,sigma,computed,/home/lkoo/projects/AutomationDetection/DownloadedLC/incremental/quiescent_background_cache.csv,,,,,,False,not_in_flare_streak
4FGL J2327.5+0939,219,220,59590.00001157408,5.49e-08,3.13e-08,7.76e-08,9.259306569343065e-08,8.600152671755726e-08,2.685925441583016e-09,8.600152671755726e-08,2.685925441583016e-09,1.75084e-07,1.75084e-07,8.600152671755726e-08,False,False,False,0,False,,,-0.9900205528727182,3.0,False,False,,,weekly,10.0,sigma,computed,/home/lkoo/projects/AutomationDetection/DownloadedLC/incremental/quiescent_background_cache.csv,,,,,,False,not_in_flare_streak
4FGL J2327.5+0939,220,221,59597.00001157408,9.18e-08,4.11e-08,5.49e-08,9.259306569343065e-08,8.600152671755726e-08,2.685925441583016e-09,8.600152671755726e-08,2.685925441583016e-09,1.75084e-07,1.75084e-07,8.600152671755726e-08,True,True,False,0,False,,,0.1407817733282722,3.0,False,False,,,weekly,10.0,sigma,computed,/home/lkoo/projects/AutomationDetection/DownloadedLC/incremental/quiescent_background_cache.csv,,,,,,False,not_in_flare_streak
4FGL J2327.5+0939,221,222,59632.00001157408,9.65e-08,7.15e-08,9.18e-08,9.259306569343065e-08,8.600152671755726e-08,2.685925441583016e-09,8.600152671755726e-08,2.685925441583016e-09,1.75084e-07,1.75084e-07,8.600152671755726e-08,True,True,False,0,False,,,0.14672830220637334,3.0,False,False,,,weekly,10.0,sigma,computed,/home/lkoo/projects/AutomationDetection/DownloadedLC/incremental/quiescent_background_cache.csv,,,,,,False,not_in_flare_streak
4FGL J2327.5+0939,222,223,59639.00001157408,1.73e-07,5.65e-08,9.65e-08,9.259306569343065e-08,8.600152671755726e-08,2.685925441583016e-09,8.600152671755726e-08,2.685925441583016e-09,1.75084e-07,1.75084e-07,8.600152671755726e-08,True,True,False,0,False,,,1.5380590311291462,3.0,False,False,,,weekly,10.0,sigma,computed,/home/lkoo/projects/AutomationDetection/DownloadedLC/incremental/quiescent_background_cache.csv,,,,,,False,not_in_flare_streak
4FGL J2327.5+0939,223,224,59653.00001157408,2.48e-08,2.48e-08,1.73e-07,9.259306569343065e-08,8.600152671755726e-08,2.685925441583016e-09,8.600152671755726e-08,2.685925441583016e-09,1.75084e-07,1.75084e-07,8.600152671755726e-08,False,False,False,0,False,,,-2.4534563702797647,3.0,False,False,,,weekly,10.0,sigma,computed,/home/lkoo/projects/AutomationDetection/DownloadedLC/incremental/quiescent_background_cache.csv,,,,,,False,not_in_flare_streak
4FGL J2327.5+0939,224,225,59667.00001157408,7.66e-08,5.09e-08,2.48e-08,9.259306569343065e-08,8.600152671755726e-08,2.685925441583016e-09,8.600152671755726e-08,2.685925441583016e-09,1.75084e-07,1.75084e-07,8.600152671755726e-08,True,False,False,0,False,,,-0.1844492055085321,3.0,False,False,,,weekly,10.0,sigma,computed,/home/lkoo/projects/AutomationDetection/DownloadedLC/incremental/quiescent_background_cache.csv,,,,,,False,not_in_flare_streak
4FGL J2327.5+0939,225,226,59702.00001157408,2.8e-07,5.5e-08,7.66e-08,9.259306569343065e-08,8.600152671755726e-08,2.685925441583016e-09,8.600152671755726e-08,2.685925441583016e-09,1.75084e-07,1.75084e-07,8.600152671755726e-08,True,True,False,0,False,,,3.523046487659959,3.0,True,True,59702.00001157408,59702.00001157408,weekly,10.0,sigma,computed,/home/lkoo/projects/AutomationDetection/DownloadedLC/incremental/quiescent_background_cache.csv,,,,,,False,not_in_flare_streak
4FGL J2327.5+0939,226,227,59723.00001157408,8.54e-08,3.82e-08,2.8e-07,9.259306569343065e-08,8.600152671755726e-08,2.685925441583016e-09,8.600152671755726e-08,2.685925441583016e-09,1.75084e-07,1.75084e-07,8.600152671755726e-08,False,False,False,0,False,,,-0.01570799197190882,3.0,False,False,,,weekly,10.0,sigma,computed,/home/lkoo/projects/AutomationDetection/DownloadedLC/incremental/quiescent_background_cache.csv,,,,,,False,not_in_flare_streak
4FGL J2327.5+0939,227,228,59730.00001157408,2.35e-08,1.9e-08,8.54e-08,9.259306569343065e-08,8.600152671755726e-08,2.685925441583016e-09,8.600152671755726e-08,2.685925441583016e-09,1.75084e-07,1.75084e-07,8.600152671755726e-08,False,False,False,0,False,,,-3.257169520661852,3.0,False,False,,,weekly,10.0,sigma,computed,/home/lkoo/projects/AutomationDetection/DownloadedLC/incremental/quiescent_background_cache.csv,,,,,,False,not_in_flare_streak
4FGL J2327.5+0939,228,229,59737.00001157408,5.94e-08,2.9e-08,2.35e-08,9.259306569343065e-08,8.600152671755726e-08,2.685925441583016e-09,8.600152671755726e-08,2.685925441583016e-09,1.75084e-07,1.75084e-07,8.600152671755726e-08,True,False,False,0,False,,,-0.9133848297549333,3.0,False,False,,,weekly,10.0,sigma,computed,/home/lkoo/projects/AutomationDetection/DownloadedLC/incremental/quiescent_background_cache.csv,,,,,,False,not_in_flare_streak
4FGL J2327.5+0939,229,230,59779.00001157408,1.8e-08,1.67e-08,5.94e-08,9.259306569343065e-08,8.600152671755726e-08,2.685925441583016e-09,8.600152671755726e-08,2.685925441583016e-09,1.75084e-07,1.75084e-07,8.600152671755726e-08,False,False,False,0,False,,,-4.020282301789184,3.0,False,False,,,weekly,10.0,sigma,computed,/home/lkoo/projects/AutomationDetection/DownloadedLC/incremental/quiescent_background_cache.csv,,,,,,False,not_in_flare_streak
4FGL J2327.5+0939,230,231,59884.00001157408,5.72e-08,3.61e-08,1.8e-08,9.259306569343065e-08,8.600152671755726e-08,2.685925441583016e-09,8.600152671755726e-08,2.685925441583016e-09,1.75084e-07,1.75084e-07,8.600152671755726e-08,True,False,False,0,False,,,-0.7956270828481268,3.0,False,False,,,weekly,10.0,sigma,computed,/home/lkoo/projects/AutomationDetection/DownloadedLC/incremental/quiescent_background_cache.csv,,,,,,False,not_in_flare_streak
4FGL J2327.5+0939,231,232,59898.00001157408,4.19e-08,2.81e-08,5.72e-08,9.259306569343065e-08,8.600152671755726e-08,2.685925441583016e-09,8.600152671755726e-08,2.685925441583016e-09,1.75084e-07,1.75084e-07,8.600152671755726e-08,False,False,False,0,False,,,-1.5623285451279618,3.0,False,False,,,weekly,10.0,sigma,computed,/home/lkoo/projects/AutomationDetection/DownloadedLC/incremental/quiescent_background_cache.csv,,,,,,False,not_in_flare_streak
4FGL J2327.5+0939,232,233,59926.00001157408,1e-07,4.81e-08,4.19e-08,9.259306569343065e-08,8.600152671755726e-08,2.685925441583016e-09,8.600152671755726e-08,2.685925441583016e-09,1.75084e-07,1.75084e-07,8.600152671755726e-08,True,True,False,0,False,,,0.29057587281465086,3.0,False,False,,,weekly,10.0,sigma,computed,/home/lkoo/projects/AutomationDetection/DownloadedLC/incremental/quiescent_background_cache.csv,,,,,,False,not_in_flare_streak
4FGL J2327.5+0939,233,234,60017.00001157408,4.51e-08,3.57e-08,1e-07,9.259306569343065e-08,8.600152671755726e-08,2.685925441583016e-09,8.600152671755726e-08,2.685925441583016e-09,1.75084e-07,1.75084e-07,8.600152671755726e-08,False,False,False,0,False,,,-1.1424721342775668,3.0,False,False,,,weekly,10.0,sigma,computed,/home/lkoo/projects/AutomationDetection/DownloadedLC/incremental/quiescent_background_cache.csv,,,,,,False,not_in_flare_streak
4FGL J2327.5+0939,234,235,60038.00001157408,1.29e-07,5.61e-08,4.51e-08,9.259306569343065e-08,8.600152671755726e-08,2.685925441583016e-09,8.600152671755726e-08,2.685925441583016e-09,1.75084e-07,1.75084e-07,8.600152671755726e-08,True,True,False,0,False,,,0.7655842459402302,3.0,False,False,,,weekly,10.0,sigma,computed,/home/lkoo/projects/AutomationDetection/DownloadedLC/incremental/quiescent_background_cache.csv,,,,,,False,not_in_flare_streak
4FGL J2327.5+0939,235,236,60045.00001157408,4.48e-08,2.87e-08,1.29e-07,9.259306569343065e-08,8.600152671755726e-08,2.685925441583016e-09,8.600152671755726e-08,2.685925441583016e-09,1.75084e-07,1.75084e-07,8.600152671755726e-08,False,False,False,0,False,,,-1.4293475221558738,3.0,False,False,,,weekly,10.0,sigma,computed,/home/lkoo/projects/AutomationDetection/DownloadedLC/incremental/quiescent_background_cache.csv,,,,,,False,not_in_flare_streak
4FGL J2327.5+0939,236,237,60059.00001157408,7.35e-08,4.08e-08,4.48e-08,9.259306569343065e-08,8.600152671755726e-08,2.685925441583016e-09,8.600152671755726e-08,2.685925441583016e-09,1.75084e-07,1.75084e-07,8.600152671755726e-08,True,False,False,0,False,,,-0.30574816109638586,3.0,False,False,,,weekly,10.0,sigma,computed,/home/lkoo/projects/AutomationDetection/DownloadedLC/incremental/quiescent_background_cache.csv,,,,,,False,not_in_flare_streak
4FGL J2327.5+0939,237,238,60073.00001157408,8.88e-08,4.51e-08,7.35e-08,9.259306569343065e-08,8.600152671755726e-08,2.685925441583016e-09,8.600152671755726e-08,2.685925441583016e-09,1.75084e-07,1.75084e-07,8.600152671755726e-08,True,True,False,0,False,,,0.06194065751541574,3.0,False,False,,,weekly,10.0,sigma,computed,/home/lkoo/projects/AutomationDetection/DownloadedLC/incremental/quiescent_background_cache.csv,,,,,,False,not_in_flare_streak
4FGL J2327.5+0939,238,239,60094.00001157408,3.26e-08,2.61e-08,8.88e-08,9.259306569343065e-08,8.600152671755726e-08,2.685925441583016e-09,8.600152671755726e-08,2.685925441583016e-09,1.75084e-07,1.75084e-07,8.600152671755726e-08,False,False,False,0,False,,,-2.0352867747283248,3.0,False,False,,,weekly,10.0,sigma,computed,/home/lkoo/projects/AutomationDetection/DownloadedLC/incremental/quiescent_background_cache.csv,,,,,,False,not_in_flare_streak
4FGL J2327.5+0939,239,240,60108.00001157408,9.2e-08,3.59e-08,3.26e-08,9.259306569343065e-08,8.600152671755726e-08,2.685925441583016e-09,8.600152671755726e-08,2.685925441583016e-09,1.75084e-07,1.75084e-07,8.600152671755726e-08,True,True,False,0,False,,,0.1666227024841067,3.0,False,False,,,weekly,10.0,sigma,computed,/home/lkoo/projects/AutomationDetection/DownloadedLC/incremental/quiescent_background_cache.csv,,,,,,False,not_in_flare_streak
4FGL J2327.5+0939,240,241,60115.00001157408,9.24e-08,2.94e-08,9.2e-08,9.259306569343065e-08,8.600152671755726e-08,2.685925441583016e-09,8.600152671755726e-08,2.685925441583016e-09,1.75084e-07,1.75084e-07,8.600152671755726e-08,True,True,False,0,False,,,0.2167325690712928,3.0,False,False,,,weekly,10.0,sigma,computed,/home/lkoo/projects/AutomationDetection/DownloadedLC/incremental/quiescent_background_cache.csv,,,,,,False,not_in_flare_streak
4FGL J2327.5+0939,241,242,60122.00001157408,9e-08,3.71e-08,9.24e-08,9.259306569343065e-08,8.600152671755726e-08,2.685925441583016e-09,8.600152671755726e-08,2.685925441583016e-09,1.75084e-07,1.75084e-07,8.600152671755726e-08,False,True,False,0,False,,,0.10749422290786148,3.0,False,False,,,weekly,10.0,sigma,computed,/home/lkoo/projects/AutomationDetection/DownloadedLC/incremental/quiescent_background_cache.csv,,,,,,False,not_in_flare_streak
4FGL J2327.5+0939,242,243,60164.00001157408,2.6e-08,2.49e-08,9e-08,9.259306569343065e-08,8.600152671755726e-08,2.685925441583016e-09,8.600152671755726e-08,2.685925441583016e-09,1.75084e-07,1.75084e-07,8.600152671755726e-08,False,False,False,0,False,,,-2.395801869307191,3.0,False,False,,,weekly,10.0,sigma,computed,/home/lkoo/projects/AutomationDetection/DownloadedLC/incremental/quiescent_background_cache.csv,,,,,,False,not_in_flare_streak
4FGL J2327.5+0939,243,244,60192.00001157408,1.55e-07,5.23e-08,2.6e-08,9.259306569343065e-08,8.600152671755726e-08,2.685925441583016e-09,8.600152671755726e-08,2.685925441583016e-09,1.75084e-07,1.75084e-07,8.600152671755726e-08,True,True,False,0,False,,,1.317546133865104,3.0,False,False,,,weekly,10.0,sigma,computed,/home/lkoo/projects/AutomationDetection/DownloadedLC/incremental/quiescent_background_cache.csv,,,,,,False,not_in_flare_streak
4FGL J2327.5+0939,244,245,60206.00001157408,6.45e-08,4.53e-08,1.55e-07,9.259306569343065e-08,8.600152671755726e-08,2.685925441583016e-09,8.600152671755726e-08,2.685925441583016e-09,1.75084e-07,1.75084e-07,8.600152671755726e-08,False,False,False,0,False,,,-0.47381526239485144,3.0,False,False,,,weekly,10.0,sigma,computed,/home/lkoo/projects/AutomationDetection/DownloadedLC/incremental/quiescent_background_cache.csv,,,,,,False,not_in_flare_streak
4FGL J2327.5+0939,245,246,60213.00001157408,1.55e-07,5.77e-08,6.45e-08,9.259306569343065e-08,8.600152671755726e-08,2.685925441583016e-09,8.600152671755726e-08,2.685925441583016e-09,1.75084e-07,1.75084e-07,8.600152671755726e-08,True,True,False,0,False,,,1.1945205997261281,3.0,False,False,,,weekly,10.0,sigma,computed,/home/lkoo/projects/AutomationDetection/DownloadedLC/incremental/quiescent_background_cache.csv,,,,,,False,not_in_flare_streak
4FGL J2327.5+0939,246,247,60220.00001157408,8.68e-08,5.07e-08,1.55e-07,9.259306569343065e-08,8.600152671755726e-08,2.685925441583016e-09,8.600152671755726e-08,2.685925441583016e-09,1.75084e-07,1.75084e-07,8.600152671755726e-08,False,True,False,0,False,,,0.01572692623074053,3.0,False,False,,,weekly,10.0,sigma,computed,/home/lkoo/projects/AutomationDetection/DownloadedLC/incremental/quiescent_background_cache.csv,,,,,,False,not_in_flare_streak
4FGL J2327.5+0939,247,248,60269.00001157408,7.66e-08,4.39e-08,8.68e-08,9.259306569343065e-08,8.600152671755726e-08,2.685925441583016e-09,8.600152671755726e-08,2.685925441583016e-09,1.75084e-07,1.75084e-07,8.600152671755726e-08,False,False,False,0,False,,,-0.2137580735161849,3.0,False,False,,,weekly,10.0,sigma,computed,/home/lkoo/projects/AutomationDetection/DownloadedLC/incremental/quiescent_background_cache.csv,,,,,,False,not_in_flare_streak
4FGL J2327.5+0939,248,249,60283.00001157408,2.38e-08,2.31e-08,7.66e-08,9.259306569343065e-08,8.600152671755726e-08,2.685925441583016e-09,8.600152671755726e-08,2.685925441583016e-09,1.75084e-07,1.75084e-07,8.600152671755726e-08,False,False,False,0,False,,,-2.674687130104689,3.0,False,False,,,weekly,10.0,sigma,computed,/home/lkoo/projects/AutomationDetection/DownloadedLC/incremental/quiescent_background_cache.csv,,,,,,False,not_in_flare_streak
4FGL J2327.5+0939,249,250,60304.00001157408,1.38e-07,5.12e-08,2.38e-08,9.259306569343065e-08,8.600152671755726e-08,2.685925441583016e-09,8.600152671755726e-08,2.685925441583016e-09,1.75084e-07,1.75084e-07,8.600152671755726e-08,True,True,False,0,False,,,1.014200601512646,3.0,False,False,,,weekly,10.0,sigma,computed,/home/lkoo/projects/AutomationDetection/DownloadedLC/incremental/quiescent_background_cache.csv,,,,,,False,not_in_flare_streak
4FGL J2327.5+0939,250,251,60311.00001157408,1.38e-07,3.58e-08,1.38e-07,9.259306569343065e-08,8.600152671755726e-08,2.685925441583016e-09,8.600152671755726e-08,2.685925441583016e-09,1.75084e-07,1.75084e-07,8.600152671755726e-08,False,True,False,0,False,,,1.4484006057803012,3.0,False,False,,,weekly,10.0,sigma,computed,/home/lkoo/projects/AutomationDetection/DownloadedLC/incremental/quiescent_background_cache.csv,,,,,,False,not_in_flare_streak
4FGL J2327.5+0939,251,252,60318.00001157408,1.42e-07,3.42e-08,1.38e-07,9.259306569343065e-08,8.600152671755726e-08,2.685925441583016e-09,8.600152671755726e-08,2.685925441583016e-09,1.75084e-07,1.75084e-07,8.600152671755726e-08,True,True,False,0,False,,,1.6323559131548355,3.0,False,False,,,weekly,10.0,sigma,computed,/home/lkoo/projects/AutomationDetection/DownloadedLC/incremental/quiescent_background_cache.csv,,,,,,False,not_in_flare_streak
4FGL J2327.5+0939,252,253,60332.00001157408,1.68e-07,4.82e-08,1.42e-07,9.259306569343065e-08,8.600152671755726e-08,2.685925441583016e-09,8.600152671755726e-08,2.685925441583016e-09,1.75084e-07,1.75084e-07,8.600152671755726e-08,True,True,False,0,False,,,1.6985779448384914,3.0,False,False,,,weekly,10.0,sigma,computed,/home/lkoo/projects/AutomationDetection/DownloadedLC/incremental/quiescent_background_cache.csv,,,,,,False,not_in_flare_streak
4FGL J2327.5+0939,253,254,60353.00001157408,5.26e-08,4.84e-08,1.68e-07,9.259306569343065e-08,8.600152671755726e-08,2.685925441583016e-09,8.600152671755726e-08,2.685925441583016e-09,1.75084e-07,1.75084e-07,8.600152671755726e-08,False,False,False,0,False,,,-0.6890539916506954,3.0,False,False,,,weekly,10.0,sigma,computed,/home/lkoo/projects/AutomationDetection/DownloadedLC/incremental/quiescent_background_cache.csv,,,,,,False,not_in_flare_streak
4FGL J2327.5+0939,254,255,60374.00001157408,1.09e-07,5.92e-08,5.26e-08,9.259306569343065e-08,8.600152671755726e-08,2.685925441583016e-09,8.600152671755726e-08,2.685925441583016e-09,1.75084e-07,1.75084e-07,8.600152671755726e-08,True,True,False,0,False,,,0.38808849549302027,3.0,False,False,,,weekly,10.0,sigma,computed,/home/lkoo/projects/AutomationDetection/DownloadedLC/incremental/quiescent_background_cache.csv,,,,,,False,not_in_flare_streak
4FGL J2327.5+0939,255,256,60381.00001157408,5.06e-08,3.61e-08,1.09e-07,9.259306569343065e-08,8.600152671755726e-08,2.685925441583016e-09,8.600152671755726e-08,2.685925441583016e-09,1.75084e-07,1.75084e-07,8.600152671755726e-08,False,False,False,0,False,,,-0.9779486242821289,3.0,False,False,,,weekly,10.0,sigma,computed,/home/lkoo/projects/AutomationDetection/DownloadedLC/incremental/quiescent_background_cache.csv,,,,,,False,not_in_flare_streak
4FGL J2327.5+0939,256,257,60423.00001157408,4.76e-08,3.13e-08,5.06e-08,9.259306569343065e-08,8.600152671755726e-08,2.685925441583016e-09,8.600152671755726e-08,2.685925441583016e-09,1.75084e-07,1.75084e-07,8.600152671755726e-08,False,False,False,0,False,,,-1.2223933910810436,3.0,False,False,,,weekly,10.0,sigma,computed,/home/lkoo/projects/AutomationDetection/DownloadedLC/incremental/quiescent_background_cache.csv,,,,,,False,not_in_flare_streak
4FGL J2327.5+0939,257,258,60437.00001157408,8.87e-08,3.62e-08,4.76e-08,9.259306569343065e-08,8.600152671755726e-08,2.685925441583016e-09,8.600152671755726e-08,2.685925441583016e-09,1.75084e-07,1.75084e-07,8.600152671755726e-08,True,True,False,0,False,,,0.07433911693948912,3.0,False,False,,,weekly,10.0,sigma,computed,/home/lkoo/projects/AutomationDetection/DownloadedLC/incremental/quiescent_background_cache.csv,,,,,,False,not_in_flare_streak
4FGL J2327.5+0939,258,259,60479.00001157408,1.47e-07,3.9e-08,8.87e-08,9.259306569343065e-08,8.600152671755726e-08,2.685925441583016e-09,8.600152671755726e-08,2.685925441583016e-09,1.75084e-07,1.75084e-07,8.600152671755726e-08,True,True,False,0,False,,,1.5603673364243194,3.0,False,False,,,weekly,10.0,sigma,computed,/home/lkoo/projects/AutomationDetection/DownloadedLC/incremental/quiescent_background_cache.csv,,,,,,False,not_in_flare_streak
4FGL J2327.5+0939,259,260,60563.00001157408,7.98e-08,4.77e-08,1.47e-07,9.259306569343065e-08,8.600152671755726e-08,2.685925441583016e-09,8.600152671755726e-08,2.685925441583016e-09,1.75084e-07,1.75084e-07,8.600152671755726e-08,False,False,False,0,False,,,-0.1298054200329159,3.0,False,False,,,weekly,10.0,sigma,computed,/home/lkoo/projects/AutomationDetection/DownloadedLC/incremental/quiescent_background_cache.csv,,,,,,False,not_in_flare_streak
4FGL J2327.5+0939,260,261,60577.00001157408,8.84e-08,4.29e-08,7.98e-08,9.259306569343065e-08,8.600152671755726e-08,2.685925441583016e-09,8.600152671755726e-08,2.685925441583016e-09,1.75084e-07,1.75084e-07,8.600152671755726e-08,True,True,False,0,False,,,0.055799211839891484,3.0,False,False,,,weekly,10.0,sigma,computed,/home/lkoo/projects/AutomationDetection/DownloadedLC/incremental/quiescent_background_cache.csv,,,,,,False,not_in_flare_streak
4FGL J2327.5+0939,261,262,60584.00001157408,1.15e-07,5.21e-08,8.84e-08,9.259306569343065e-08,8.600152671755726e-08,2.685925441583016e-09,8.600152671755726e-08,2.685925441583016e-09,1.75084e-07,1.75084e-07,8.600152671755726e-08,True,True,False,0,False,,,0.555854409345283,3.0,False,False,,,weekly,10.0,sigma,computed,/home/lkoo/projects/AutomationDetection/DownloadedLC/incremental/quiescent_background_cache.csv,,,,,,False,not_in_flare_streak
4FGL J2327.5+0939,262,263,60598.00001157408,5.41e-08,4.74e-08,1.15e-07,9.259306569343065e-08,8.600152671755726e-08,2.685925441583016e-09,8.600152671755726e-08,2.685925441583016e-09,1.75084e-07,1.75084e-07,8.600152671755726e-08,False,False,False,0,False,,,-0.6719500611569168,3.0,False,False,,,weekly,10.0,sigma,computed,/home/lkoo/projects/AutomationDetection/DownloadedLC/incremental/quiescent_background_cache.csv,,,,,,False,not_in_flare_streak
4FGL J2327.5+0939,263,264,60717.00001157408,3.64e-08,2.56e-08,5.41e-08,9.259306569343065e-08,8.600152671755726e-08,2.685925441583016e-09,8.600152671755726e-08,2.685925441583016e-09,1.75084e-07,1.75084e-07,8.600152671755726e-08,False,False,False,0,False,,,-1.9269825646581675,3.0,False,False,,,weekly,10.0,sigma,computed,/home/lkoo/projects/AutomationDetection/DownloadedLC/incremental/quiescent_background_cache.csv,,,,,,False,not_in_flare_streak
4FGL J2327.5+0939,264,265,60724.00001157408,1.34e-07,6.16e-08,3.64e-08,9.259306569343065e-08,8.600152671755726e-08,2.685925441583016e-09,8.600152671755726e-08,2.685925441583016e-09,1.75084e-07,1.75084e-07,8.600152671755726e-08,True,True,False,0,False,,,0.7784563478828155,3.0,False,False,,,weekly,10.0,sigma,computed,/home/lkoo/projects/AutomationDetection/DownloadedLC/incremental/quiescent_background_cache.csv,,,,,,False,not_in_flare_streak
4FGL J2327.5+0939,265,266,60731.00001157408,9.74e-08,5.32e-08,1.34e-07,9.259306569343065e-08,8.600152671755726e-08,2.685925441583016e-09,8.600152671755726e-08,2.685925441583016e-09,1.75084e-07,1.75084e-07,8.600152671755726e-08,False,True,False,0,False,,,0.21398447020930444,3.0,False,False,,,weekly,10.0,sigma,computed,/home/lkoo/projects/AutomationDetection/DownloadedLC/incremental/quiescent_background_cache.csv,,,,,,False,not_in_flare_streak
4FGL J2327.5+0939,266,267,60794.00001157408,4.07e-08,2.71e-08,9.74e-08,9.259306569343065e-08,8.600152671755726e-08,2.685925441583016e-09,8.600152671755726e-08,2.685925441583016e-09,1.75084e-07,1.75084e-07,8.600152671755726e-08,False,False,False,0,False,,,-1.6634926771808773,3.0,False,False,,,weekly,10.0,sigma,computed,/home/lkoo/projects/AutomationDetection/DownloadedLC/incremental/quiescent_background_cache.csv,,,,,,False,not_in_flare_streak
4FGL J2327.5+0939,267,268,60801.00001157408,1.06e-07,3.77e-08,4.07e-08,9.259306569343065e-08,8.600152671755726e-08,2.685925441583016e-09,8.600152671755726e-08,2.685925441583016e-09,1.75084e-07,1.75084e-07,8.600152671755726e-08,True,True,False,0,False,,,0.529122320295317,3.0,False,False,,,weekly,10.0,sigma,computed,/home/lkoo/projects/AutomationDetection/DownloadedLC/incremental/quiescent_background_cache.csv,,,,,,False,not_in_flare_streak
4FGL J2327.5+0939,268,269,60808.00001157408,8.77e-08,4.24e-08,1.06e-07,9.259306569343065e-08,8.600152671755726e-08,2.685925441583016e-09,8.600152671755726e-08,2.685925441583016e-09,1.75084e-07,1.75084e-07,8.600152671755726e-08,False,True,False,0,False,,,0.039978198583753635,3.0,False,False,,,weekly,10.0,sigma,computed,/home/lkoo/projects/AutomationDetection/DownloadedLC/incremental/quiescent_background_cache.csv,,,,,,False,not_in_flare_streak
4FGL J2327.5+0939,269,270,60822.00001157408,2.41e-07,4.91e-08,8.77e-08,9.259306569343065e-08,8.600152671755726e-08,2.685925441583016e-09,8.600152671755726e-08,2.685925441583016e-09,1.75084e-07,1.75084e-07,8.600152671755726e-08,True,True,False,0,False,,,3.152079041556555,3.0,True,True,60822.00001157408,60822.00001157408,weekly,10.0,sigma,computed,/home/lkoo/projects/AutomationDetection/DownloadedLC/incremental/quiescent_background_cache.csv,,,,,,False,not_in_flare_streak
4FGL J2327.5+0939,270,271,60829.00001157408,1.05e-07,3.84e-08,2.41e-07,9.259306569343065e-08,8.600152671755726e-08,2.685925441583016e-09,8.600152671755726e-08,2.685925441583016e-09,1.75084e-07,1.75084e-07,8.600152671755726e-08,False,True,False,0,False,,,0.49354605938385127,3.0,False,True,60822.00001157408,60829.00001157408,weekly,10.0,sigma,computed,/home/lkoo/projects/AutomationDetection/DownloadedLC/incremental/quiescent_background_cache.csv,,,,,,False,not_in_flare_streak
4FGL J2327.5+0939,271,272,60836.00001157408,7.55e-08,2.8e-08,1.05e-07,9.259306569343065e-08,8.600152671755726e-08,2.685925441583016e-09,8.600152671755726e-08,2.685925441583016e-09,1.75084e-07,1.75084e-07,8.600152671755726e-08,False,False,False,0,False,,,-0.3733407592685789,3.0,False,False,,,weekly,10.0,sigma,computed,/home/lkoo/projects/AutomationDetection/DownloadedLC/incremental/quiescent_background_cache.csv,,,,,,False,not_in_flare_streak
4FGL J2327.5+0939,272,273,60843.00001157408,7.36e-08,3e-08,7.55e-08,9.259306569343065e-08,8.600152671755726e-08,2.685925441583016e-09,8.600152671755726e-08,2.685925441583016e-09,1.75084e-07,1.75084e-07,8.600152671755726e-08,False,False,False,0,False,,,-0.411737321230296,3.0,False,False,,,weekly,10.0,sigma,computed,/home/lkoo/projects/AutomationDetection/DownloadedLC/incremental/quiescent_background_cache.csv,,,,,,False,not_in_flare_streak
4FGL J2327.5+0939,273,274,60850.00001157408,4.71e-08,2.63e-08,7.36e-08,9.259306569343065e-08,8.600152671755726e-08,2.685925441583016e-09,8.600152671755726e-08,2.685925441583016e-09,1.75084e-07,1.75084e-07,8.600152671755726e-08,False,False,False,0,False,,,-1.471491717953168,3.0,False,False,,,weekly,10.0,sigma,computed,/home/lkoo/projects/AutomationDetection/DownloadedLC/incremental/quiescent_background_cache.csv,,,,,,False,not_in_flare_streak
