Name,previous_bin_count,current_bin_count,new_point_mjd,new_point_flux,new_point_flux_error,previous_point_flux,average_flux_full_series,previous_quiescent_background,previous_quiescent_background_error,current_quiescent_background,current_quiescent_background_error,previous_detection_threshold,current_detection_threshold,flare_flux_threshold,above_previous_flux,above_flare_flux_threshold,potential_flare_point,consecutive_potential_flare_points,flare_active,flare_start_mjd,flare_end_mjd,confirmed_sigma_delta,confirmed_sigma_threshold,confirmed_start_trigger,confirmed_flare_active,confirmed_flare_start_mjd,confirmed_flare_end_mjd,cadence,lookback_weeks,detection_method,quiescent_background_origin,quiescent_background_cache_path,flare_duration_seconds,streak_mean_flux,source_counts_0p2_5MeV,background_counts,mdp99_percent,mdp99_available,mdp99_reason
4FGL J1044.6+8053,1,2,54704.00001157408,6.99e-08,3.26e-08,5.53e-08,5.714420948616601e-08,5.55748406374502e-08,1.709918998901478e-09,5.55748406374502e-08,1.709918998901478e-09,1.425405e-07,1.425405e-07,5.55748406374502e-08,True,True,False,0,False,,,0.43881885046505764,3.0,False,False,,,weekly,10.0,sigma,computed,/home/lkoo/projects/AutomationDetection/DownloadedLC/incremental/quiescent_background_cache.csv,,,,,,False,not_in_flare_streak
4FGL J1044.6+8053,2,3,54711.00001157408,7.99e-08,4.56e-08,6.99e-08,5.714420948616601e-08,5.55748406374502e-08,1.709918998901478e-09,5.55748406374502e-08,1.709918998901478e-09,1.425405e-07,1.425405e-07,5.55748406374502e-08,True,True,False,0,False,,,0.533071828281961,3.0,False,False,,,weekly,10.0,sigma,computed,/home/lkoo/projects/AutomationDetection/DownloadedLC/incremental/quiescent_background_cache.csv,,,,,,False,not_in_flare_streak
4FGL J1044.6+8053,3,4,54732.00001157408,2.95e-08,2.03e-08,7.99e-08,5.714420948616601e-08,5.55748406374502e-08,1.709918998901478e-09,5.55748406374502e-08,1.709918998901478e-09,1.425405e-07,1.425405e-07,5.55748406374502e-08,False,False,False,0,False,,,-1.2799422697224565,3.0,False,False,,,weekly,10.0,sigma,computed,/home/lkoo/projects/AutomationDetection/DownloadedLC/incremental/quiescent_background_cache.csv,,,,,,False,not_in_flare_streak
4FGL J1044.6+8053,4,5,54823.00001157408,4.56e-08,3.01e-08,2.95e-08,5.714420948616601e-08,5.55748406374502e-08,1.709918998901478e-09,5.55748406374502e-08,1.709918998901478e-09,1.425405e-07,1.425405e-07,5.55748406374502e-08,True,False,False,0,False,,,-0.3308566237537162,3.0,False,False,,,weekly,10.0,sigma,computed,/home/lkoo/projects/AutomationDetection/DownloadedLC/incremental/quiescent_background_cache.csv,,,,,,False,not_in_flare_streak
4FGL J1044.6+8053,5,6,54844.00001157408,9.7e-08,3.22e-08,4.56e-08,5.714420948616601e-08,5.55748406374502e-08,1.709918998901478e-09,5.55748406374502e-08,1.709918998901478e-09,1.425405e-07,1.425405e-07,5.55748406374502e-08,True,True,False,0,False,,,1.284685541725368,3.0,False,False,,,weekly,10.0,sigma,computed,/home/lkoo/projects/AutomationDetection/DownloadedLC/incremental/quiescent_background_cache.csv,,,,,,False,not_in_flare_streak
4FGL J1044.6+8053,6,7,54851.00001157408,8.52e-08,4.39e-08,9.7e-08,5.714420948616601e-08,5.55748406374502e-08,1.709918998901478e-09,5.55748406374502e-08,1.709918998901478e-09,1.425405e-07,1.425405e-07,5.55748406374502e-08,False,True,False,0,False,,,0.6743214653975464,3.0,False,False,,,weekly,10.0,sigma,computed,/home/lkoo/projects/AutomationDetection/DownloadedLC/incremental/quiescent_background_cache.csv,,,,,,False,not_in_flare_streak
4FGL J1044.6+8053,7,8,54858.00001157408,4.76e-08,3.72e-08,8.52e-08,5.714420948616601e-08,5.55748406374502e-08,1.709918998901478e-09,5.55748406374502e-08,1.709918998901478e-09,1.425405e-07,1.425405e-07,5.55748406374502e-08,False,False,False,0,False,,,-0.21415132285900768,3.0,False,False,,,weekly,10.0,sigma,computed,/home/lkoo/projects/AutomationDetection/DownloadedLC/incremental/quiescent_background_cache.csv,,,,,,False,not_in_flare_streak
4FGL J1044.6+8053,8,9,54865.00001157408,1.36e-08,1.33e-08,4.76e-08,5.714420948616601e-08,5.55748406374502e-08,1.709918998901478e-09,5.55748406374502e-08,1.709918998901478e-09,1.425405e-07,1.425405e-07,5.55748406374502e-08,False,False,False,0,False,,,-3.1302391485580494,3.0,False,False,,,weekly,10.0,sigma,computed,/home/lkoo/projects/AutomationDetection/DownloadedLC/incremental/quiescent_background_cache.csv,,,,,,False,not_in_flare_streak
4FGL J1044.6+8053,9,10,54956.00001157408,1.14e-08,9.99e-09,1.36e-08,5.714420948616601e-08,5.55748406374502e-08,1.709918998901478e-09,5.55748406374502e-08,1.709918998901478e-09,1.425405e-07,1.425405e-07,5.55748406374502e-08,False,False,False,0,False,,,-4.3585215052388495,3.0,False,False,,,weekly,10.0,sigma,computed,/home/lkoo/projects/AutomationDetection/DownloadedLC/incremental/quiescent_background_cache.csv,,,,,,False,not_in_flare_streak
4FGL J1044.6+8053,10,11,54984.00001157408,4.83e-08,2.96e-08,1.14e-08,5.714420948616601e-08,5.55748406374502e-08,1.709918998901478e-09,5.55748406374502e-08,1.709918998901478e-09,1.425405e-07,1.425405e-07,5.55748406374502e-08,True,False,False,0,False,,,-0.2453625858729181,3.0,False,False,,,weekly,10.0,sigma,computed,/home/lkoo/projects/AutomationDetection/DownloadedLC/incremental/quiescent_background_cache.csv,,,,,,False,not_in_flare_streak
4FGL J1044.6+8053,11,12,54991.00001157408,8.99e-08,3.89e-08,4.83e-08,5.714420948616601e-08,5.55748406374502e-08,1.709918998901478e-09,5.55748406374502e-08,1.709918998901478e-09,1.425405e-07,1.425405e-07,5.55748406374502e-08,True,True,False,0,False,,,0.8815435943568113,3.0,False,False,,,weekly,10.0,sigma,computed,/home/lkoo/projects/AutomationDetection/DownloadedLC/incremental/quiescent_background_cache.csv,,,,,,False,not_in_flare_streak
4FGL J1044.6+8053,12,13,55012.00001157408,5.63e-08,3.23e-08,8.99e-08,5.714420948616601e-08,5.55748406374502e-08,1.709918998901478e-09,5.55748406374502e-08,1.709918998901478e-09,1.425405e-07,1.425405e-07,5.55748406374502e-08,False,True,False,0,False,,,0.022419361078643833,3.0,False,False,,,weekly,10.0,sigma,computed,/home/lkoo/projects/AutomationDetection/DownloadedLC/incremental/quiescent_background_cache.csv,,,,,,False,not_in_flare_streak
4FGL J1044.6+8053,13,14,55054.00001157408,6.3e-08,3.95e-08,5.63e-08,5.714420948616601e-08,5.55748406374502e-08,1.709918998901478e-09,5.55748406374502e-08,1.709918998901478e-09,1.425405e-07,1.425405e-07,5.55748406374502e-08,True,True,False,0,False,,,0.1878028342907945,3.0,False,False,,,weekly,10.0,sigma,computed,/home/lkoo/projects/AutomationDetection/DownloadedLC/incremental/quiescent_background_cache.csv,,,,,,False,not_in_flare_streak
4FGL J1044.6+8053,14,15,55215.00001157408,5.55e-08,3.03e-08,6.3e-08,5.714420948616601e-08,5.55748406374502e-08,1.709918998901478e-09,5.55748406374502e-08,1.709918998901478e-09,1.425405e-07,1.425405e-07,5.55748406374502e-08,False,False,False,0,False,,,-0.0024660643430430874,3.0,False,False,,,weekly,10.0,sigma,computed,/home/lkoo/projects/AutomationDetection/DownloadedLC/incremental/quiescent_background_cache.csv,,,,,,False,not_in_flare_streak
4FGL J1044.6+8053,15,16,55229.00001157408,5.3e-08,2.67e-08,5.55e-08,5.714420948616601e-08,5.55748406374502e-08,1.709918998901478e-09,5.55748406374502e-08,1.709918998901478e-09,1.425405e-07,1.425405e-07,5.55748406374502e-08,False,False,False,0,False,,,-0.09623882553815032,3.0,False,False,,,weekly,10.0,sigma,computed,/home/lkoo/projects/AutomationDetection/DownloadedLC/incremental/quiescent_background_cache.csv,,,,,,False,not_in_flare_streak
4FGL J1044.6+8053,16,17,55243.00001157408,1.49e-08,8.2e-09,5.3e-08,5.714420948616601e-08,5.55748406374502e-08,1.709918998901478e-09,5.55748406374502e-08,1.709918998901478e-09,1.425405e-07,1.425405e-07,5.55748406374502e-08,False,False,False,0,False,,,-4.855894448003058,3.0,False,False,,,weekly,10.0,sigma,computed,/home/lkoo/projects/AutomationDetection/DownloadedLC/incremental/quiescent_background_cache.csv,,,,,,False,not_in_flare_streak
4FGL J1044.6+8053,17,18,55264.00001157408,6.89e-08,2.73e-08,1.49e-08,5.714420948616601e-08,5.55748406374502e-08,1.709918998901478e-09,5.55748406374502e-08,1.709918998901478e-09,1.425405e-07,1.425405e-07,5.55748406374502e-08,True,True,False,0,False,,,0.4871464566755592,3.0,False,False,,,weekly,10.0,sigma,computed,/home/lkoo/projects/AutomationDetection/DownloadedLC/incremental/quiescent_background_cache.csv,,,,,,False,not_in_flare_streak
4FGL J1044.6+8053,18,19,55271.00001157408,6.3e-08,2.44e-08,6.89e-08,5.714420948616601e-08,5.55748406374502e-08,1.709918998901478e-09,5.55748406374502e-08,1.709918998901478e-09,1.425405e-07,1.425405e-07,5.55748406374502e-08,False,True,False,0,False,,,0.3035653156891124,3.0,False,False,,,weekly,10.0,sigma,computed,/home/lkoo/projects/AutomationDetection/DownloadedLC/incremental/quiescent_background_cache.csv,,,,,,False,not_in_flare_streak
4FGL J1044.6+8053,19,20,55278.00001157408,9.5e-08,2.94e-08,6.3e-08,5.714420948616601e-08,5.55748406374502e-08,1.709918998901478e-09,5.55748406374502e-08,1.709918998901478e-09,1.425405e-07,1.425405e-07,5.55748406374502e-08,True,True,False,0,False,,,1.3387295032948416,3.0,False,False,,,weekly,10.0,sigma,computed,/home/lkoo/projects/AutomationDetection/DownloadedLC/incremental/quiescent_background_cache.csv,,,,,,False,not_in_flare_streak
4FGL J1044.6+8053,20,21,55285.00001157408,1.93e-07,3.28e-08,9.5e-08,5.714420948616601e-08,5.55748406374502e-08,1.709918998901478e-09,5.55748406374502e-08,1.709918998901478e-09,1.425405e-07,1.425405e-07,5.55748406374502e-08,True,True,False,0,False,,,4.184109699700766,3.0,True,True,55285.00001157408,55285.00001157408,weekly,10.0,sigma,computed,/home/lkoo/projects/AutomationDetection/DownloadedLC/incremental/quiescent_background_cache.csv,,,,,,False,not_in_flare_streak
4FGL J1044.6+8053,21,22,55292.00001157408,1.02e-07,3.12e-08,1.93e-07,5.714420948616601e-08,5.55748406374502e-08,1.709918998901478e-09,5.55748406374502e-08,1.709918998901478e-09,1.425405e-07,1.425405e-07,5.55748406374502e-08,False,True,False,0,False,,,1.4857562423259771,3.0,False,True,55285.00001157408,55292.00001157408,weekly,10.0,sigma,computed,/home/lkoo/projects/AutomationDetection/DownloadedLC/incremental/quiescent_background_cache.csv,,,,,,False,not_in_flare_streak
4FGL J1044.6+8053,22,23,55299.00001157408,9.76e-08,3.03e-08,1.02e-07,5.714420948616601e-08,5.55748406374502e-08,1.709918998901478e-09,5.55748406374502e-08,1.709918998901478e-09,1.425405e-07,1.425405e-07,5.55748406374502e-08,False,True,False,0,False,,,1.3847656907472727,3.0,False,True,55285.00001157408,55299.00001157408,weekly,10.0,sigma,computed,/home/lkoo/projects/AutomationDetection/DownloadedLC/incremental/quiescent_background_cache.csv,,,,,,False,not_in_flare_streak
4FGL J1044.6+8053,23,24,55313.00001157408,4.2e-08,2.16e-08,9.76e-08,5.714420948616601e-08,5.55748406374502e-08,1.709918998901478e-09,5.55748406374502e-08,1.709918998901478e-09,1.425405e-07,1.425405e-07,5.55748406374502e-08,False,False,False,0,False,,,-0.6265048302557722,3.0,False,False,,,weekly,10.0,sigma,computed,/home/lkoo/projects/AutomationDetection/DownloadedLC/incremental/quiescent_background_cache.csv,,,,,,False,not_in_flare_streak
4FGL J1044.6+8053,24,25,55355.00001157408,9.28e-08,2.85e-08,4.2e-08,5.714420948616601e-08,5.55748406374502e-08,1.709918998901478e-09,5.55748406374502e-08,1.709918998901478e-09,1.425405e-07,1.425405e-07,5.55748406374502e-08,True,True,False,0,False,,,1.3038014302671963,3.0,False,False,,,weekly,10.0,sigma,computed,/home/lkoo/projects/AutomationDetection/DownloadedLC/incremental/quiescent_background_cache.csv,,,,,,False,not_in_flare_streak
4FGL J1044.6+8053,25,26,55369.00001157408,4.69e-08,2.67e-08,9.28e-08,5.714420948616601e-08,5.55748406374502e-08,1.709918998901478e-09,5.55748406374502e-08,1.709918998901478e-09,1.425405e-07,1.425405e-07,5.55748406374502e-08,False,False,False,0,False,,,-0.3242361731192668,3.0,False,False,,,weekly,10.0,sigma,computed,/home/lkoo/projects/AutomationDetection/DownloadedLC/incremental/quiescent_background_cache.csv,,,,,,False,not_in_flare_streak
4FGL J1044.6+8053,26,27,55404.00001157408,1.53e-08,1.23e-08,4.69e-08,5.714420948616601e-08,5.55748406374502e-08,1.709918998901478e-09,5.55748406374502e-08,1.709918998901478e-09,1.425405e-07,1.425405e-07,5.55748406374502e-08,False,False,False,0,False,,,-3.2431884066156225,3.0,False,False,,,weekly,10.0,sigma,computed,/home/lkoo/projects/AutomationDetection/DownloadedLC/incremental/quiescent_background_cache.csv,,,,,,False,not_in_flare_streak
4FGL J1044.6+8053,27,28,55439.00001157408,5.41e-08,3.01e-08,1.53e-08,5.714420948616601e-08,5.55748406374502e-08,1.709918998901478e-09,5.55748406374502e-08,1.709918998901478e-09,1.425405e-07,1.425405e-07,5.55748406374502e-08,True,False,False,0,False,,,-0.04891915686848352,3.0,False,False,,,weekly,10.0,sigma,computed,/home/lkoo/projects/AutomationDetection/DownloadedLC/incremental/quiescent_background_cache.csv,,,,,,False,not_in_flare_streak
4FGL J1044.6+8053,28,29,55481.00001157408,1.08e-08,7.35e-09,5.41e-08,5.714420948616601e-08,5.55748406374502e-08,1.709918998901478e-09,5.55748406374502e-08,1.709918998901478e-09,1.425405e-07,1.425405e-07,5.55748406374502e-08,False,False,False,0,False,,,-5.93336691060856,3.0,False,False,,,weekly,10.0,sigma,computed,/home/lkoo/projects/AutomationDetection/DownloadedLC/incremental/quiescent_background_cache.csv,,,,,,False,not_in_flare_streak
4FGL J1044.6+8053,29,30,55488.00001157408,2.19e-08,2.01e-08,1.08e-08,5.714420948616601e-08,5.55748406374502e-08,1.709918998901478e-09,5.55748406374502e-08,1.709918998901478e-09,1.425405e-07,1.425405e-07,5.55748406374502e-08,True,False,False,0,False,,,-1.6693355989901852,3.0,False,False,,,weekly,10.0,sigma,computed,/home/lkoo/projects/AutomationDetection/DownloadedLC/incremental/quiescent_background_cache.csv,,,,,,False,not_in_flare_streak
4FGL J1044.6+8053,30,31,55544.00001157408,4.66e-08,2.48e-08,2.19e-08,5.714420948616601e-08,5.55748406374502e-08,1.709918998901478e-09,5.55748406374502e-08,1.709918998901478e-09,1.425405e-07,1.425405e-07,5.55748406374502e-08,True,False,False,0,False,,,-0.3610316033782321,3.0,False,False,,,weekly,10.0,sigma,computed,/home/lkoo/projects/AutomationDetection/DownloadedLC/incremental/quiescent_background_cache.csv,,,,,,False,not_in_flare_streak
4FGL J1044.6+8053,31,32,55663.00001157408,6.68e-08,3.15e-08,4.66e-08,5.714420948616601e-08,5.55748406374502e-08,1.709918998901478e-09,5.55748406374502e-08,1.709918998901478e-09,1.425405e-07,1.425405e-07,5.55748406374502e-08,True,True,False,0,False,,,0.3558303955858465,3.0,False,False,,,weekly,10.0,sigma,computed,/home/lkoo/projects/AutomationDetection/DownloadedLC/incremental/quiescent_background_cache.csv,,,,,,False,not_in_flare_streak
4FGL J1044.6+8053,32,33,55859.00001157408,2.38e-08,1.36e-08,6.68e-08,5.714420948616601e-08,5.55748406374502e-08,1.709918998901478e-09,5.55748406374502e-08,1.709918998901478e-09,1.425405e-07,1.425405e-07,5.55748406374502e-08,False,False,False,0,False,,,-2.318134801006892,3.0,False,False,,,weekly,10.0,sigma,computed,/home/lkoo/projects/AutomationDetection/DownloadedLC/incremental/quiescent_background_cache.csv,,,,,,False,not_in_flare_streak
4FGL J1044.6+8053,33,34,55866.00001157408,4.63e-08,2.46e-08,2.38e-08,5.714420948616601e-08,5.55748406374502e-08,1.709918998901478e-09,5.55748406374502e-08,1.709918998901478e-09,1.425405e-07,1.425405e-07,5.55748406374502e-08,True,False,False,0,False,,,-0.37611853101631687,3.0,False,False,,,weekly,10.0,sigma,computed,/home/lkoo/projects/AutomationDetection/DownloadedLC/incremental/quiescent_background_cache.csv,,,,,,False,not_in_flare_streak
4FGL J1044.6+8053,34,35,55894.00001157408,1.56e-08,1.34e-08,4.63e-08,5.714420948616601e-08,5.55748406374502e-08,1.709918998901478e-09,5.55748406374502e-08,1.709918998901478e-09,1.425405e-07,1.425405e-07,5.55748406374502e-08,False,False,False,0,False,,,-2.9592016177028655,3.0,False,False,,,weekly,10.0,sigma,computed,/home/lkoo/projects/AutomationDetection/DownloadedLC/incremental/quiescent_background_cache.csv,,,,,,False,not_in_flare_streak
4FGL J1044.6+8053,35,36,55901.00001157408,3.68e-08,2.23e-08,1.56e-08,5.714420948616601e-08,5.55748406374502e-08,1.709918998901478e-09,5.55748406374502e-08,1.709918998901478e-09,1.425405e-07,1.425405e-07,5.55748406374502e-08,True,False,False,0,False,,,-0.8394569226441426,3.0,False,False,,,weekly,10.0,sigma,computed,/home/lkoo/projects/AutomationDetection/DownloadedLC/incremental/quiescent_background_cache.csv,,,,,,False,not_in_flare_streak
4FGL J1044.6+8053,36,37,55908.00001157408,5.46e-08,2.46e-08,3.68e-08,5.714420948616601e-08,5.55748406374502e-08,1.709918998901478e-09,5.55748406374502e-08,1.709918998901478e-09,1.425405e-07,1.425405e-07,5.55748406374502e-08,True,False,False,0,False,,,-0.03953228339603879,3.0,False,False,,,weekly,10.0,sigma,computed,/home/lkoo/projects/AutomationDetection/DownloadedLC/incremental/quiescent_background_cache.csv,,,,,,False,not_in_flare_streak
4FGL J1044.6+8053,37,38,55922.00001157408,4.79e-08,2.64e-08,5.46e-08,5.714420948616601e-08,5.55748406374502e-08,1.709918998901478e-09,5.55748406374502e-08,1.709918998901478e-09,1.425405e-07,1.425405e-07,5.55748406374502e-08,False,False,False,0,False,,,-0.2901057847129944,3.0,False,False,,,weekly,10.0,sigma,computed,/home/lkoo/projects/AutomationDetection/DownloadedLC/incremental/quiescent_background_cache.csv,,,,,,False,not_in_flare_streak
4FGL J1044.6+8053,38,39,55936.00001157408,7.7e-08,2.78e-08,4.79e-08,5.714420948616601e-08,5.55748406374502e-08,1.709918998901478e-09,5.55748406374502e-08,1.709918998901478e-09,1.425405e-07,1.425405e-07,5.55748406374502e-08,True,True,False,0,False,,,0.7692354662190294,3.0,False,False,,,weekly,10.0,sigma,computed,/home/lkoo/projects/AutomationDetection/DownloadedLC/incremental/quiescent_background_cache.csv,,,,,,False,not_in_flare_streak
4FGL J1044.6+8053,39,40,55957.00001157408,2.85e-08,1.76e-08,7.7e-08,5.714420948616601e-08,5.55748406374502e-08,1.709918998901478e-09,5.55748406374502e-08,1.709918998901478e-09,1.425405e-07,1.425405e-07,5.55748406374502e-08,False,False,False,0,False,,,-1.5311340071561166,3.0,False,False,,,weekly,10.0,sigma,computed,/home/lkoo/projects/AutomationDetection/DownloadedLC/incremental/quiescent_background_cache.csv,,,,,,False,not_in_flare_streak
4FGL J1044.6+8053,40,41,55964.00001157408,4.85e-08,2.49e-08,2.85e-08,5.714420948616601e-08,5.55748406374502e-08,1.709918998901478e-09,5.55748406374502e-08,1.709918998901478e-09,1.425405e-07,1.425405e-07,5.55748406374502e-08,True,False,False,0,False,,,-0.2834625604419845,3.0,False,False,,,weekly,10.0,sigma,computed,/home/lkoo/projects/AutomationDetection/DownloadedLC/incremental/quiescent_background_cache.csv,,,,,,False,not_in_flare_streak
4FGL J1044.6+8053,41,42,55985.00001157408,3.83e-08,3.03e-08,4.85e-08,5.714420948616601e-08,5.55748406374502e-08,1.709918998901478e-09,5.55748406374502e-08,1.709918998901478e-09,1.425405e-07,1.425405e-07,5.55748406374502e-08,False,False,False,0,False,,,-0.5692210806744786,3.0,False,False,,,weekly,10.0,sigma,computed,/home/lkoo/projects/AutomationDetection/DownloadedLC/incremental/quiescent_background_cache.csv,,,,,,False,not_in_flare_streak
4FGL J1044.6+8053,42,43,55992.00001157408,1.25e-07,2.84e-08,3.83e-08,5.714420948616601e-08,5.55748406374502e-08,1.709918998901478e-09,5.55748406374502e-08,1.709918998901478e-09,1.425405e-07,1.425405e-07,5.55748406374502e-08,True,True,False,0,False,,,2.4401290668975624,3.0,False,False,,,weekly,10.0,sigma,computed,/home/lkoo/projects/AutomationDetection/DownloadedLC/incremental/quiescent_background_cache.csv,,,,,,False,not_in_flare_streak
4FGL J1044.6+8053,43,44,56006.00001157408,5.26e-08,2.39e-08,1.25e-07,5.714420948616601e-08,5.55748406374502e-08,1.709918998901478e-09,5.55748406374502e-08,1.709918998901478e-09,1.425405e-07,1.425405e-07,5.55748406374502e-08,False,False,False,0,False,,,-0.12415297742973472,3.0,False,False,,,weekly,10.0,sigma,computed,/home/lkoo/projects/AutomationDetection/DownloadedLC/incremental/quiescent_background_cache.csv,,,,,,False,not_in_flare_streak
4FGL J1044.6+8053,44,45,56013.00001157408,4.35e-08,2.7e-08,5.26e-08,5.714420948616601e-08,5.55748406374502e-08,1.709918998901478e-09,5.55748406374502e-08,1.709918998901478e-09,1.425405e-07,1.425405e-07,5.55748406374502e-08,False,False,False,0,False,,,-0.44632217643052496,3.0,False,False,,,weekly,10.0,sigma,computed,/home/lkoo/projects/AutomationDetection/DownloadedLC/incremental/quiescent_background_cache.csv,,,,,,False,not_in_flare_streak
4FGL J1044.6+8053,45,46,56020.00001157408,5.02e-08,2.79e-08,4.35e-08,5.714420948616601e-08,5.55748406374502e-08,1.709918998901478e-09,5.55748406374502e-08,1.709918998901478e-09,1.425405e-07,1.425405e-07,5.55748406374502e-08,True,False,False,0,False,,,-0.19228582931182375,3.0,False,False,,,weekly,10.0,sigma,computed,/home/lkoo/projects/AutomationDetection/DownloadedLC/incremental/quiescent_background_cache.csv,,,,,,False,not_in_flare_streak
4FGL J1044.6+8053,46,47,56027.00001157408,2.26e-08,1.61e-08,5.02e-08,5.714420948616601e-08,5.55748406374502e-08,1.709918998901478e-09,5.55748406374502e-08,1.709918998901478e-09,1.425405e-07,1.425405e-07,5.55748406374502e-08,False,False,False,0,False,,,-2.036672383995363,3.0,False,False,,,weekly,10.0,sigma,computed,/home/lkoo/projects/AutomationDetection/DownloadedLC/incremental/quiescent_background_cache.csv,,,,,,False,not_in_flare_streak
4FGL J1044.6+8053,47,48,56104.00001157408,7.79e-08,3.57e-08,2.26e-08,5.714420948616601e-08,5.55748406374502e-08,1.709918998901478e-09,5.55748406374502e-08,1.709918998901478e-09,1.425405e-07,1.425405e-07,5.55748406374502e-08,True,True,False,0,False,,,0.624638519047313,3.0,False,False,,,weekly,10.0,sigma,computed,/home/lkoo/projects/AutomationDetection/DownloadedLC/incremental/quiescent_background_cache.csv,,,,,,False,not_in_flare_streak
4FGL J1044.6+8053,48,49,56111.00001157408,7.83e-08,3.49e-08,7.79e-08,5.714420948616601e-08,5.55748406374502e-08,1.709918998901478e-09,5.55748406374502e-08,1.709918998901478e-09,1.425405e-07,1.425405e-07,5.55748406374502e-08,True,True,False,0,False,,,0.650370561374075,3.0,False,False,,,weekly,10.0,sigma,computed,/home/lkoo/projects/AutomationDetection/DownloadedLC/incremental/quiescent_background_cache.csv,,,,,,False,not_in_flare_streak
4FGL J1044.6+8053,49,50,56132.00001157408,6.34e-08,3.9e-08,7.83e-08,5.714420948616601e-08,5.55748406374502e-08,1.709918998901478e-09,5.55748406374502e-08,1.709918998901478e-09,1.425405e-07,1.425405e-07,5.55748406374502e-08,False,True,False,0,False,,,0.20045253909509902,3.0,False,False,,,weekly,10.0,sigma,computed,/home/lkoo/projects/AutomationDetection/DownloadedLC/incremental/quiescent_background_cache.csv,,,,,,False,not_in_flare_streak
4FGL J1044.6+8053,50,51,56188.00001157408,6.54e-08,2.59e-08,6.34e-08,5.714420948616601e-08,5.55748406374502e-08,1.709918998901478e-09,5.55748406374502e-08,1.709918998901478e-09,1.425405e-07,1.425405e-07,5.55748406374502e-08,True,True,False,0,False,,,0.3785257495023564,3.0,False,False,,,weekly,10.0,sigma,computed,/home/lkoo/projects/AutomationDetection/DownloadedLC/incremental/quiescent_background_cache.csv,,,,,,False,not_in_flare_streak
4FGL J1044.6+8053,51,52,56195.00001157408,3.86e-08,1.82e-08,6.54e-08,5.714420948616601e-08,5.55748406374502e-08,1.709918998901478e-09,5.55748406374502e-08,1.709918998901478e-09,1.425405e-07,1.425405e-07,5.55748406374502e-08,False,False,False,0,False,,,-0.928594250473664,3.0,False,False,,,weekly,10.0,sigma,computed,/home/lkoo/projects/AutomationDetection/DownloadedLC/incremental/quiescent_background_cache.csv,,,,,,False,not_in_flare_streak
4FGL J1044.6+8053,52,53,56216.00001157408,6.34e-08,2.78e-08,3.86e-08,5.714420948616601e-08,5.55748406374502e-08,1.709918998901478e-09,5.55748406374502e-08,1.709918998901478e-09,1.425405e-07,1.425405e-07,5.55748406374502e-08,True,True,False,0,False,,,0.2809496073579185,3.0,False,False,,,weekly,10.0,sigma,computed,/home/lkoo/projects/AutomationDetection/DownloadedLC/incremental/quiescent_background_cache.csv,,,,,,False,not_in_flare_streak
4FGL J1044.6+8053,53,54,56223.00001157408,3.57e-08,2.06e-08,6.34e-08,5.714420948616601e-08,5.55748406374502e-08,1.709918998901478e-09,5.55748406374502e-08,1.709918998901478e-09,1.425405e-07,1.425405e-07,5.55748406374502e-08,False,False,False,0,False,,,-0.9614914567231376,3.0,False,False,,,weekly,10.0,sigma,computed,/home/lkoo/projects/AutomationDetection/DownloadedLC/incremental/quiescent_background_cache.csv,,,,,,False,not_in_flare_streak
4FGL J1044.6+8053,54,55,56230.00001157408,5.95e-08,2.96e-08,3.57e-08,5.714420948616601e-08,5.55748406374502e-08,1.709918998901478e-09,5.55748406374502e-08,1.709918998901478e-09,1.425405e-07,1.425405e-07,5.55748406374502e-08,True,True,False,0,False,,,0.13238602728981186,3.0,False,False,,,weekly,10.0,sigma,computed,/home/lkoo/projects/AutomationDetection/DownloadedLC/incremental/quiescent_background_cache.csv,,,,,,False,not_in_flare_streak
4FGL J1044.6+8053,55,56,56237.00001157408,6.95e-08,3.14e-08,5.95e-08,5.714420948616601e-08,5.55748406374502e-08,1.709918998901478e-09,5.55748406374502e-08,1.709918998901478e-09,1.425405e-07,1.425405e-07,5.55748406374502e-08,True,True,False,0,False,,,0.4428203163388561,3.0,False,False,,,weekly,10.0,sigma,computed,/home/lkoo/projects/AutomationDetection/DownloadedLC/incremental/quiescent_background_cache.csv,,,,,,False,not_in_flare_streak
4FGL J1044.6+8053,56,57,56244.00001157408,1.35e-08,1.3e-08,6.95e-08,5.714420948616601e-08,5.55748406374502e-08,1.709918998901478e-09,5.55748406374502e-08,1.709918998901478e-09,1.425405e-07,1.425405e-07,5.55748406374502e-08,False,False,False,0,False,,,-3.2088871922259234,3.0,False,False,,,weekly,10.0,sigma,computed,/home/lkoo/projects/AutomationDetection/DownloadedLC/incremental/quiescent_background_cache.csv,,,,,,False,not_in_flare_streak
4FGL J1044.6+8053,57,58,56251.00001157408,1.05e-07,2.62e-08,1.35e-08,5.714420948616601e-08,5.55748406374502e-08,1.709918998901478e-09,5.55748406374502e-08,1.709918998901478e-09,1.425405e-07,1.425405e-07,5.55748406374502e-08,True,True,False,0,False,,,1.8824516662714834,3.0,False,False,,,weekly,10.0,sigma,computed,/home/lkoo/projects/AutomationDetection/DownloadedLC/incremental/quiescent_background_cache.csv,,,,,,False,not_in_flare_streak
4FGL J1044.6+8053,58,59,56272.00001157408,6.06e-08,2.98e-08,1.05e-07,5.714420948616601e-08,5.55748406374502e-08,1.709918998901478e-09,5.55748406374502e-08,1.709918998901478e-09,1.425405e-07,1.425405e-07,5.55748406374502e-08,False,True,False,0,False,,,0.16835259072286154,3.0,False,False,,,weekly,10.0,sigma,computed,/home/lkoo/projects/AutomationDetection/DownloadedLC/incremental/quiescent_background_cache.csv,,,,,,False,not_in_flare_streak
4FGL J1044.6+8053,59,60,56307.00001157408,4.12e-08,2.4e-08,6.06e-08,5.714420948616601e-08,5.55748406374502e-08,1.709918998901478e-09,5.55748406374502e-08,1.709918998901478e-09,1.425405e-07,1.425405e-07,5.55748406374502e-08,False,False,False,0,False,,,-0.5974372923862298,3.0,False,False,,,weekly,10.0,sigma,computed,/home/lkoo/projects/AutomationDetection/DownloadedLC/incremental/quiescent_background_cache.csv,,,,,,False,not_in_flare_streak
4FGL J1044.6+8053,60,61,56328.00001157408,4.7e-08,2.42e-08,4.12e-08,5.714420948616601e-08,5.55748406374502e-08,1.709918998901478e-09,5.55748406374502e-08,1.709918998901478e-09,1.425405e-07,1.425405e-07,5.55748406374502e-08,True,False,False,0,False,,,-0.3534510494463826,3.0,False,False,,,weekly,10.0,sigma,computed,/home/lkoo/projects/AutomationDetection/DownloadedLC/incremental/quiescent_background_cache.csv,,,,,,False,not_in_flare_streak
4FGL J1044.6+8053,61,62,56335.00001157408,5.86e-08,2.65e-08,4.7e-08,5.714420948616601e-08,5.55748406374502e-08,1.709918998901478e-09,5.55748406374502e-08,1.709918998901478e-09,1.425405e-07,1.425405e-07,5.55748406374502e-08,True,True,False,0,False,,,0.11392004993411836,3.0,False,False,,,weekly,10.0,sigma,computed,/home/lkoo/projects/AutomationDetection/DownloadedLC/incremental/quiescent_background_cache.csv,,,,,,False,not_in_flare_streak
4FGL J1044.6+8053,62,63,56398.00001157408,7.77e-08,3.05e-08,5.86e-08,5.714420948616601e-08,5.55748406374502e-08,1.709918998901478e-09,5.55748406374502e-08,1.709918998901478e-09,1.425405e-07,1.425405e-07,5.55748406374502e-08,True,True,False,0,False,,,0.7242777331908498,3.0,False,False,,,weekly,10.0,sigma,computed,/home/lkoo/projects/AutomationDetection/DownloadedLC/incremental/quiescent_background_cache.csv,,,,,,False,not_in_flare_streak
4FGL J1044.6+8053,63,64,56412.00001157408,2.86e-08,1.79e-08,7.77e-08,5.714420948616601e-08,5.55748406374502e-08,1.709918998901478e-09,5.55748406374502e-08,1.709918998901478e-09,1.425405e-07,1.425405e-07,5.55748406374502e-08,False,False,False,0,False,,,-1.5001452769763204,3.0,False,False,,,weekly,10.0,sigma,computed,/home/lkoo/projects/AutomationDetection/DownloadedLC/incremental/quiescent_background_cache.csv,,,,,,False,not_in_flare_streak
4FGL J1044.6+8053,64,65,56419.00001157408,5.65e-08,2.6e-08,2.86e-08,5.714420948616601e-08,5.55748406374502e-08,1.709918998901478e-09,5.55748406374502e-08,1.709918998901478e-09,1.425405e-07,1.425405e-07,5.55748406374502e-08,True,True,False,0,False,,,0.03550634954405716,3.0,False,False,,,weekly,10.0,sigma,computed,/home/lkoo/projects/AutomationDetection/DownloadedLC/incremental/quiescent_background_cache.csv,,,,,,False,not_in_flare_streak
4FGL J1044.6+8053,65,66,56426.00001157408,2.98e-08,1.71e-08,5.65e-08,5.714420948616601e-08,5.55748406374502e-08,1.709918998901478e-09,5.55748406374502e-08,1.709918998901478e-09,1.425405e-07,1.425405e-07,5.55748406374502e-08,False,False,False,0,False,,,-1.4998208791898364,3.0,False,False,,,weekly,10.0,sigma,computed,/home/lkoo/projects/AutomationDetection/DownloadedLC/incremental/quiescent_background_cache.csv,,,,,,False,not_in_flare_streak
4FGL J1044.6+8053,66,67,56433.00001157408,5.84e-08,2.76e-08,2.98e-08,5.714420948616601e-08,5.55748406374502e-08,1.709918998901478e-09,5.55748406374502e-08,1.709918998901478e-09,1.425405e-07,1.425405e-07,5.55748406374502e-08,True,True,False,0,False,,,0.10216496706188313,3.0,False,False,,,weekly,10.0,sigma,computed,/home/lkoo/projects/AutomationDetection/DownloadedLC/incremental/quiescent_background_cache.csv,,,,,,False,not_in_flare_streak
4FGL J1044.6+8053,67,68,56440.00001157408,1.91e-08,1.55e-08,5.84e-08,5.714420948616601e-08,5.55748406374502e-08,1.709918998901478e-09,5.55748406374502e-08,1.709918998901478e-09,1.425405e-07,1.425405e-07,5.55748406374502e-08,False,False,False,0,False,,,-2.3390256904044255,3.0,False,False,,,weekly,10.0,sigma,computed,/home/lkoo/projects/AutomationDetection/DownloadedLC/incremental/quiescent_background_cache.csv,,,,,,False,not_in_flare_streak
4FGL J1044.6+8053,68,69,56489.00001157408,8.39e-08,3.06e-08,1.91e-08,5.714420948616601e-08,5.55748406374502e-08,1.709918998901478e-09,5.55748406374502e-08,1.709918998901478e-09,1.425405e-07,1.425405e-07,5.55748406374502e-08,True,True,False,0,False,,,0.924216974422007,3.0,False,False,,,weekly,10.0,sigma,computed,/home/lkoo/projects/AutomationDetection/DownloadedLC/incremental/quiescent_background_cache.csv,,,,,,False,not_in_flare_streak
4FGL J1044.6+8053,69,70,56496.00001157408,4.86e-08,2.81e-08,8.39e-08,5.714420948616601e-08,5.55748406374502e-08,1.709918998901478e-09,5.55748406374502e-08,1.709918998901478e-09,1.425405e-07,1.425405e-07,5.55748406374502e-08,False,False,False,0,False,,,-0.24775668777928456,3.0,False,False,,,weekly,10.0,sigma,computed,/home/lkoo/projects/AutomationDetection/DownloadedLC/incremental/quiescent_background_cache.csv,,,,,,False,not_in_flare_streak
4FGL J1044.6+8053,70,71,56503.00001157408,5.5e-08,3.34e-08,4.86e-08,5.714420948616601e-08,5.55748406374502e-08,1.709918998901478e-09,5.55748406374502e-08,1.709918998901478e-09,1.425405e-07,1.425405e-07,5.55748406374502e-08,True,False,False,0,False,,,-0.017188287477982865,3.0,False,False,,,weekly,10.0,sigma,computed,/home/lkoo/projects/AutomationDetection/DownloadedLC/incremental/quiescent_background_cache.csv,,,,,,False,not_in_flare_streak
4FGL J1044.6+8053,71,72,56510.00001157408,3.85e-08,2.21e-08,5.5e-08,5.714420948616601e-08,5.55748406374502e-08,1.709918998901478e-09,5.55748406374502e-08,1.709918998901478e-09,1.425405e-07,1.425405e-07,5.55748406374502e-08,False,False,False,0,False,,,-0.7703149529141015,3.0,False,False,,,weekly,10.0,sigma,computed,/home/lkoo/projects/AutomationDetection/DownloadedLC/incremental/quiescent_background_cache.csv,,,,,,False,not_in_flare_streak
4FGL J1044.6+8053,72,73,56517.00001157408,7.74e-08,3.42e-08,3.85e-08,5.714420948616601e-08,5.55748406374502e-08,1.709918998901478e-09,5.55748406374502e-08,1.709918998901478e-09,1.425405e-07,1.425405e-07,5.55748406374502e-08,True,True,False,0,False,,,0.6373664191403261,3.0,False,False,,,weekly,10.0,sigma,computed,/home/lkoo/projects/AutomationDetection/DownloadedLC/incremental/quiescent_background_cache.csv,,,,,,False,not_in_flare_streak
4FGL J1044.6+8053,73,74,56524.00001157408,7.34e-08,3.46e-08,7.74e-08,5.714420948616601e-08,5.55748406374502e-08,1.709918998901478e-09,5.55748406374502e-08,1.709918998901478e-09,1.425405e-07,1.425405e-07,5.55748406374502e-08,False,True,False,0,False,,,0.5145500568293936,3.0,False,False,,,weekly,10.0,sigma,computed,/home/lkoo/projects/AutomationDetection/DownloadedLC/incremental/quiescent_background_cache.csv,,,,,,False,not_in_flare_streak
4FGL J1044.6+8053,74,75,56622.00001157408,6.38e-08,2.93e-08,7.34e-08,5.714420948616601e-08,5.55748406374502e-08,1.709918998901478e-09,5.55748406374502e-08,1.709918998901478e-09,1.425405e-07,1.425405e-07,5.55748406374502e-08,False,True,False,0,False,,,0.28024534202522505,3.0,False,False,,,weekly,10.0,sigma,computed,/home/lkoo/projects/AutomationDetection/DownloadedLC/incremental/quiescent_background_cache.csv,,,,,,False,not_in_flare_streak
4FGL J1044.6+8053,75,76,56643.00001157408,5.55e-08,3.07e-08,6.38e-08,5.714420948616601e-08,5.55748406374502e-08,1.709918998901478e-09,5.55748406374502e-08,1.709918998901478e-09,1.425405e-07,1.425405e-07,5.55748406374502e-08,False,False,False,0,False,,,-0.0024340332353571382,3.0,False,False,,,weekly,10.0,sigma,computed,/home/lkoo/projects/AutomationDetection/DownloadedLC/incremental/quiescent_background_cache.csv,,,,,,False,not_in_flare_streak
4FGL J1044.6+8053,76,77,56650.00001157408,7.83e-08,3.02e-08,5.55e-08,5.714420948616601e-08,5.55748406374502e-08,1.709918998901478e-09,5.55748406374502e-08,1.709918998901478e-09,1.425405e-07,1.425405e-07,5.55748406374502e-08,True,True,False,0,False,,,0.751285446644306,3.0,False,False,,,weekly,10.0,sigma,computed,/home/lkoo/projects/AutomationDetection/DownloadedLC/incremental/quiescent_background_cache.csv,,,,,,False,not_in_flare_streak
4FGL J1044.6+8053,77,78,56657.00001157408,2.2e-08,1.69e-08,7.83e-08,5.714420948616601e-08,5.55748406374502e-08,1.709918998901478e-09,5.55748406374502e-08,1.709918998901478e-09,1.425405e-07,1.425405e-07,5.55748406374502e-08,False,False,False,0,False,,,-1.9765854537551664,3.0,False,False,,,weekly,10.0,sigma,computed,/home/lkoo/projects/AutomationDetection/DownloadedLC/incremental/quiescent_background_cache.csv,,,,,,False,not_in_flare_streak
4FGL J1044.6+8053,78,79,56720.00001157408,9.69e-09,9.08e-09,2.2e-08,5.714420948616601e-08,5.55748406374502e-08,1.709918998901478e-09,5.55748406374502e-08,1.709918998901478e-09,1.425405e-07,1.425405e-07,5.55748406374502e-08,False,False,False,0,False,,,-4.966106395727629,3.0,False,False,,,weekly,10.0,sigma,computed,/home/lkoo/projects/AutomationDetection/DownloadedLC/incremental/quiescent_background_cache.csv,,,,,,False,not_in_flare_streak
4FGL J1044.6+8053,79,80,56727.00001157408,3.45e-08,2.96e-08,9.69e-09,5.714420948616601e-08,5.55748406374502e-08,1.709918998901478e-09,5.55748406374502e-08,1.709918998901478e-09,1.425405e-07,1.425405e-07,5.55748406374502e-08,True,False,False,0,False,,,-0.7108028413769965,3.0,False,False,,,weekly,10.0,sigma,computed,/home/lkoo/projects/AutomationDetection/DownloadedLC/incremental/quiescent_background_cache.csv,,,,,,False,not_in_flare_streak
4FGL J1044.6+8053,80,81,56741.00001157408,8.16e-08,4.38e-08,3.45e-08,5.714420948616601e-08,5.55748406374502e-08,1.709918998901478e-09,5.55748406374502e-08,1.709918998901478e-09,1.425405e-07,1.425405e-07,5.55748406374502e-08,True,True,False,0,False,,,0.5937294523845669,3.0,False,False,,,weekly,10.0,sigma,computed,/home/lkoo/projects/AutomationDetection/DownloadedLC/incremental/quiescent_background_cache.csv,,,,,,False,not_in_flare_streak
4FGL J1044.6+8053,81,82,56853.00001157408,1.85e-08,1.37e-08,8.16e-08,5.714420948616601e-08,5.55748406374502e-08,1.709918998901478e-09,5.55748406374502e-08,1.709918998901478e-09,1.425405e-07,1.425405e-07,5.55748406374502e-08,False,False,False,0,False,,,-2.6853574123652586,3.0,False,False,,,weekly,10.0,sigma,computed,/home/lkoo/projects/AutomationDetection/DownloadedLC/incremental/quiescent_background_cache.csv,,,,,,False,not_in_flare_streak
4FGL J1044.6+8053,82,83,56888.00001157408,1.08e-07,3.76e-08,1.85e-08,5.714420948616601e-08,5.55748406374502e-08,1.709918998901478e-09,5.55748406374502e-08,1.709918998901478e-09,1.425405e-07,1.425405e-07,5.55748406374502e-08,True,True,False,0,False,,,1.3928466113505333,3.0,False,False,,,weekly,10.0,sigma,computed,/home/lkoo/projects/AutomationDetection/DownloadedLC/incremental/quiescent_background_cache.csv,,,,,,False,not_in_flare_streak
4FGL J1044.6+8053,83,84,56902.00001157408,5.76e-08,2.96e-08,1.08e-07,5.714420948616601e-08,5.55748406374502e-08,1.709918998901478e-09,5.55748406374502e-08,1.709918998901478e-09,1.425405e-07,1.425405e-07,5.55748406374502e-08,False,True,False,0,False,,,0.06830367327113451,3.0,False,False,,,weekly,10.0,sigma,computed,/home/lkoo/projects/AutomationDetection/DownloadedLC/incremental/quiescent_background_cache.csv,,,,,,False,not_in_flare_streak
4FGL J1044.6+8053,84,85,56909.00001157408,3.1e-08,1.69e-08,5.76e-08,5.714420948616601e-08,5.55748406374502e-08,1.709918998901478e-09,5.55748406374502e-08,1.709918998901478e-09,1.425405e-07,1.425405e-07,5.55748406374502e-08,False,False,False,0,False,,,-1.4467461828591517,3.0,False,False,,,weekly,10.0,sigma,computed,/home/lkoo/projects/AutomationDetection/DownloadedLC/incremental/quiescent_background_cache.csv,,,,,,False,not_in_flare_streak
4FGL J1044.6+8053,85,86,57161.00001157408,3.24e-08,1.8e-08,3.1e-08,5.714420948616601e-08,5.55748406374502e-08,1.709918998901478e-09,5.55748406374502e-08,1.709918998901478e-09,1.425405e-07,1.425405e-07,5.55748406374502e-08,True,False,False,0,False,,,-1.281720917424352,3.0,False,False,,,weekly,10.0,sigma,computed,/home/lkoo/projects/AutomationDetection/DownloadedLC/incremental/quiescent_background_cache.csv,,,,,,False,not_in_flare_streak
4FGL J1044.6+8053,86,87,57224.00001157408,3.46e-08,1.97e-08,3.24e-08,5.714420948616601e-08,5.55748406374502e-08,1.709918998901478e-09,5.55748406374502e-08,1.709918998901478e-09,1.425405e-07,1.425405e-07,5.55748406374502e-08,True,False,False,0,False,,,-1.0607245352596348,3.0,False,False,,,weekly,10.0,sigma,computed,/home/lkoo/projects/AutomationDetection/DownloadedLC/incremental/quiescent_background_cache.csv,,,,,,False,not_in_flare_streak
4FGL J1044.6+8053,87,88,57301.00001157408,8.64e-08,3.77e-08,3.46e-08,5.714420948616601e-08,5.55748406374502e-08,1.709918998901478e-09,5.55748406374502e-08,1.709918998901478e-09,1.425405e-07,1.425405e-07,5.55748406374502e-08,True,True,False,0,False,,,0.8168037674470907,3.0,False,False,,,weekly,10.0,sigma,computed,/home/lkoo/projects/AutomationDetection/DownloadedLC/incremental/quiescent_background_cache.csv,,,,,,False,not_in_flare_streak
4FGL J1044.6+8053,88,89,57308.00001157408,5.12e-08,3.32e-08,8.64e-08,5.714420948616601e-08,5.55748406374502e-08,1.709918998901478e-09,5.55748406374502e-08,1.709918998901478e-09,1.425405e-07,1.425405e-07,5.55748406374502e-08,False,False,False,0,False,,,-0.13159788441321732,3.0,False,False,,,weekly,10.0,sigma,computed,/home/lkoo/projects/AutomationDetection/DownloadedLC/incremental/quiescent_background_cache.csv,,,,,,False,not_in_flare_streak
4FGL J1044.6+8053,89,90,57322.00001157408,4.04e-08,2.59e-08,5.12e-08,5.714420948616601e-08,5.55748406374502e-08,1.709918998901478e-09,5.55748406374502e-08,1.709918998901478e-09,1.425405e-07,1.425405e-07,5.55748406374502e-08,False,False,False,0,False,,,-0.584628474095199,3.0,False,False,,,weekly,10.0,sigma,computed,/home/lkoo/projects/AutomationDetection/DownloadedLC/incremental/quiescent_background_cache.csv,,,,,,False,not_in_flare_streak
4FGL J1044.6+8053,90,91,57420.00001157408,5.28e-08,2.47e-08,4.04e-08,5.714420948616601e-08,5.55748406374502e-08,1.709918998901478e-09,5.55748406374502e-08,1.709918998901478e-09,1.425405e-07,1.425405e-07,5.55748406374502e-08,True,False,False,0,False,,,-0.11207349415242818,3.0,False,False,,,weekly,10.0,sigma,computed,/home/lkoo/projects/AutomationDetection/DownloadedLC/incremental/quiescent_background_cache.csv,,,,,,False,not_in_flare_streak
4FGL J1044.6+8053,91,92,57476.00001157408,1.41e-07,3.37e-08,5.28e-08,5.714420948616601e-08,5.55748406374502e-08,1.709918998901478e-09,5.55748406374502e-08,1.709918998901478e-09,1.425405e-07,1.425405e-07,5.55748406374502e-08,True,True,False,0,False,,,2.5316144838782106,3.0,False,False,,,weekly,10.0,sigma,computed,/home/lkoo/projects/AutomationDetection/DownloadedLC/incremental/quiescent_background_cache.csv,,,,,,False,not_in_flare_streak
4FGL J1044.6+8053,92,93,57483.00001157408,4.73e-07,4.27e-08,1.41e-07,5.714420948616601e-08,5.55748406374502e-08,1.709918998901478e-09,5.55748406374502e-08,1.709918998901478e-09,1.425405e-07,1.425405e-07,5.55748406374502e-08,True,True,False,0,False,,,9.767936075437772,3.0,True,True,57483.00001157408,57483.00001157408,weekly,10.0,sigma,computed,/home/lkoo/projects/AutomationDetection/DownloadedLC/incremental/quiescent_background_cache.csv,,,,,,False,not_in_flare_streak
4FGL J1044.6+8053,93,94,57490.00001157408,6.96e-08,2.51e-08,4.73e-07,5.714420948616601e-08,5.55748406374502e-08,1.709918998901478e-09,5.55748406374502e-08,1.709918998901478e-09,1.425405e-07,1.425405e-07,5.55748406374502e-08,False,True,False,0,False,,,0.5574791799528929,3.0,False,True,57483.00001157408,57490.00001157408,weekly,10.0,sigma,computed,/home/lkoo/projects/AutomationDetection/DownloadedLC/incremental/quiescent_background_cache.csv,,,,,,False,not_in_flare_streak
4FGL J1044.6+8053,94,95,57497.00001157408,5.96e-08,2.84e-08,6.96e-08,5.714420948616601e-08,5.55748406374502e-08,1.709918998901478e-09,5.55748406374502e-08,1.709918998901478e-09,1.425405e-07,1.425405e-07,5.55748406374502e-08,False,True,False,0,False,,,0.14147476865211045,3.0,False,True,57483.00001157408,57497.00001157408,weekly,10.0,sigma,computed,/home/lkoo/projects/AutomationDetection/DownloadedLC/incremental/quiescent_background_cache.csv,,,,,,False,not_in_flare_streak
4FGL J1044.6+8053,95,96,57532.00001157408,2.9e-08,1.59e-08,5.96e-08,5.714420948616601e-08,5.55748406374502e-08,1.709918998901478e-09,5.55748406374502e-08,1.709918998901478e-09,1.425405e-07,1.425405e-07,5.55748406374502e-08,False,False,False,0,False,,,-1.661791691782675,3.0,False,False,,,weekly,10.0,sigma,computed,/home/lkoo/projects/AutomationDetection/DownloadedLC/incremental/quiescent_background_cache.csv,,,,,,False,not_in_flare_streak
4FGL J1044.6+8053,96,97,57560.00001157408,3.38e-08,2.2e-08,2.9e-08,5.714420948616601e-08,5.55748406374502e-08,1.709918998901478e-09,5.55748406374502e-08,1.709918998901478e-09,1.425405e-07,1.425405e-07,5.55748406374502e-08,True,False,False,0,False,,,-0.9867893954140183,3.0,False,False,,,weekly,10.0,sigma,computed,/home/lkoo/projects/AutomationDetection/DownloadedLC/incremental/quiescent_background_cache.csv,,,,,,False,not_in_flare_streak
4FGL J1044.6+8053,97,98,57595.00001157408,6.51e-08,2.82e-08,3.38e-08,5.714420948616601e-08,5.55748406374502e-08,1.709918998901478e-09,5.55748406374502e-08,1.709918998901478e-09,1.425405e-07,1.425405e-07,5.55748406374502e-08,True,True,False,0,False,,,0.33715238078684523,3.0,False,False,,,weekly,10.0,sigma,computed,/home/lkoo/projects/AutomationDetection/DownloadedLC/incremental/quiescent_background_cache.csv,,,,,,False,not_in_flare_streak
4FGL J1044.6+8053,98,99,57609.00001157408,7.77e-08,2.76e-08,6.51e-08,5.714420948616601e-08,5.55748406374502e-08,1.709918998901478e-09,5.55748406374502e-08,1.709918998901478e-09,1.425405e-07,1.425405e-07,5.55748406374502e-08,True,True,False,0,False,,,0.8001021844918911,3.0,False,False,,,weekly,10.0,sigma,computed,/home/lkoo/projects/AutomationDetection/DownloadedLC/incremental/quiescent_background_cache.csv,,,,,,False,not_in_flare_streak
4FGL J1044.6+8053,99,100,57616.00001157408,1.91e-08,1.45e-08,7.77e-08,5.714420948616601e-08,5.55748406374502e-08,1.709918998901478e-09,5.55748406374502e-08,1.709918998901478e-09,1.425405e-07,1.425405e-07,5.55748406374502e-08,False,False,False,0,False,,,-2.498195755902591,3.0,False,False,,,weekly,10.0,sigma,computed,/home/lkoo/projects/AutomationDetection/DownloadedLC/incremental/quiescent_background_cache.csv,,,,,,False,not_in_flare_streak
4FGL J1044.6+8053,100,101,57686.00001157408,8.6e-08,5.35e-08,1.91e-08,5.714420948616601e-08,5.55748406374502e-08,1.709918998901478e-09,5.55748406374502e-08,1.709918998901478e-09,1.425405e-07,1.425405e-07,5.55748406374502e-08,True,True,False,0,False,,,0.5684043256811004,3.0,False,False,,,weekly,10.0,sigma,computed,/home/lkoo/projects/AutomationDetection/DownloadedLC/incremental/quiescent_background_cache.csv,,,,,,False,not_in_flare_streak
4FGL J1044.6+8053,101,102,57693.00001157408,4.14e-08,2.41e-08,8.6e-08,5.714420948616601e-08,5.55748406374502e-08,1.709918998901478e-09,5.55748406374502e-08,1.709918998901478e-09,1.425405e-07,1.425405e-07,5.55748406374502e-08,False,False,False,0,False,,,-0.5866927964893905,3.0,False,False,,,weekly,10.0,sigma,computed,/home/lkoo/projects/AutomationDetection/DownloadedLC/incremental/quiescent_background_cache.csv,,,,,,False,not_in_flare_streak
4FGL J1044.6+8053,102,103,57714.00001157408,5.47e-08,2.52e-08,4.14e-08,5.714420948616601e-08,5.55748406374502e-08,1.709918998901478e-09,5.55748406374502e-08,1.709918998901478e-09,1.425405e-07,1.425405e-07,5.55748406374502e-08,True,False,False,0,False,,,-0.03463625452642482,3.0,False,False,,,weekly,10.0,sigma,computed,/home/lkoo/projects/AutomationDetection/DownloadedLC/incremental/quiescent_background_cache.csv,,,,,,False,not_in_flare_streak
4FGL J1044.6+8053,103,104,57721.00001157408,4.86e-08,2.42e-08,5.47e-08,5.714420948616601e-08,5.55748406374502e-08,1.709918998901478e-09,5.55748406374502e-08,1.709918998901478e-09,1.425405e-07,1.425405e-07,5.55748406374502e-08,False,False,False,0,False,,,-0.2874997737288697,3.0,False,False,,,weekly,10.0,sigma,computed,/home/lkoo/projects/AutomationDetection/DownloadedLC/incremental/quiescent_background_cache.csv,,,,,,False,not_in_flare_streak
4FGL J1044.6+8053,104,105,57735.00001157408,4.42e-08,1.94e-08,4.86e-08,5.714420948616601e-08,5.55748406374502e-08,1.709918998901478e-09,5.55748406374502e-08,1.709918998901478e-09,1.425405e-07,1.425405e-07,5.55748406374502e-08,False,False,False,0,False,,,-0.5840676614505794,3.0,False,False,,,weekly,10.0,sigma,computed,/home/lkoo/projects/AutomationDetection/DownloadedLC/incremental/quiescent_background_cache.csv,,,,,,False,not_in_flare_streak
4FGL J1044.6+8053,105,106,57749.00001157408,6.74e-08,6.53e-08,4.42e-08,5.714420948616601e-08,5.55748406374502e-08,1.709918998901478e-09,5.55748406374502e-08,1.709918998901478e-09,1.425405e-07,1.425405e-07,5.55748406374502e-08,True,True,False,0,False,,,0.181027676546316,3.0,False,False,,,weekly,10.0,sigma,computed,/home/lkoo/projects/AutomationDetection/DownloadedLC/incremental/quiescent_background_cache.csv,,,,,,False,not_in_flare_streak
4FGL J1044.6+8053,106,107,57756.00001157408,3.96e-08,2.43e-08,6.74e-08,5.714420948616601e-08,5.55748406374502e-08,1.709918998901478e-09,5.55748406374502e-08,1.709918998901478e-09,1.425405e-07,1.425405e-07,5.55748406374502e-08,False,False,False,0,False,,,-0.6557793019499392,3.0,False,False,,,weekly,10.0,sigma,computed,/home/lkoo/projects/AutomationDetection/DownloadedLC/incremental/quiescent_background_cache.csv,,,,,,False,not_in_flare_streak
4FGL J1044.6+8053,107,108,57763.00001157408,4.98e-08,2.95e-08,3.96e-08,5.714420948616601e-08,5.55748406374502e-08,1.709918998901478e-09,5.55748406374502e-08,1.709918998901478e-09,1.425405e-07,1.425405e-07,5.55748406374502e-08,True,False,False,0,False,,,-0.19542928819396335,3.0,False,False,,,weekly,10.0,sigma,computed,/home/lkoo/projects/AutomationDetection/DownloadedLC/incremental/quiescent_background_cache.csv,,,,,,False,not_in_flare_streak
4FGL J1044.6+8053,108,109,57798.00001157408,5.05e-08,2.38e-08,4.98e-08,5.714420948616601e-08,5.55748406374502e-08,1.709918998901478e-09,5.55748406374502e-08,1.709918998901478e-09,1.425405e-07,1.425405e-07,5.55748406374502e-08,True,False,False,0,False,,,-0.21268040293235768,3.0,False,False,,,weekly,10.0,sigma,computed,/home/lkoo/projects/AutomationDetection/DownloadedLC/incremental/quiescent_background_cache.csv,,,,,,False,not_in_flare_streak
4FGL J1044.6+8053,109,110,57812.00001157408,6.53e-08,2.16e-08,5.05e-08,5.714420948616601e-08,5.55748406374502e-08,1.709918998901478e-09,5.55748406374502e-08,1.709918998901478e-09,1.425405e-07,1.425405e-07,5.55748406374502e-08,True,True,False,0,False,,,0.4488346845734341,3.0,False,False,,,weekly,10.0,sigma,computed,/home/lkoo/projects/AutomationDetection/DownloadedLC/incremental/quiescent_background_cache.csv,,,,,,False,not_in_flare_streak
4FGL J1044.6+8053,110,111,57833.00001157408,3.33e-08,2.44e-08,6.53e-08,5.714420948616601e-08,5.55748406374502e-08,1.709918998901478e-09,5.55748406374502e-08,1.709918998901478e-09,1.425405e-07,1.425405e-07,5.55748406374502e-08,False,False,False,0,False,,,-0.9106698859740316,3.0,False,False,,,weekly,10.0,sigma,computed,/home/lkoo/projects/AutomationDetection/DownloadedLC/incremental/quiescent_background_cache.csv,,,,,,False,not_in_flare_streak
4FGL J1044.6+8053,111,112,57980.00001157408,3e-08,1.91e-08,3.33e-08,5.714420948616601e-08,5.55748406374502e-08,1.709918998901478e-09,5.55748406374502e-08,1.709918998901478e-09,1.425405e-07,1.425405e-07,5.55748406374502e-08,False,False,False,0,False,,,-1.3336631387955176,3.0,False,False,,,weekly,10.0,sigma,computed,/home/lkoo/projects/AutomationDetection/DownloadedLC/incremental/quiescent_background_cache.csv,,,,,,False,not_in_flare_streak
4FGL J1044.6+8053,112,113,58036.00001157408,6.89e-08,3.15e-08,3e-08,5.714420948616601e-08,5.55748406374502e-08,1.709918998901478e-09,5.55748406374502e-08,1.709918998901478e-09,1.425405e-07,1.425405e-07,5.55748406374502e-08,True,True,False,0,False,,,0.4223990568044379,3.0,False,False,,,weekly,10.0,sigma,computed,/home/lkoo/projects/AutomationDetection/DownloadedLC/incremental/quiescent_background_cache.csv,,,,,,False,not_in_flare_streak
4FGL J1044.6+8053,113,114,58043.00001157408,4.09e-08,2.79e-08,6.89e-08,5.714420948616601e-08,5.55748406374502e-08,1.709918998901478e-09,5.55748406374502e-08,1.709918998901478e-09,1.425405e-07,1.425405e-07,5.55748406374502e-08,False,False,False,0,False,,,-0.5249948960960443,3.0,False,False,,,weekly,10.0,sigma,computed,/home/lkoo/projects/AutomationDetection/DownloadedLC/incremental/quiescent_background_cache.csv,,,,,,False,not_in_flare_streak
4FGL J1044.6+8053,114,115,58057.00001157408,7.48e-08,2.91e-08,4.09e-08,5.714420948616601e-08,5.55748406374502e-08,1.709918998901478e-09,5.55748406374502e-08,1.709918998901478e-09,1.425405e-07,1.425405e-07,5.55748406374502e-08,True,True,False,0,False,,,0.6595207983305564,3.0,False,False,,,weekly,10.0,sigma,computed,/home/lkoo/projects/AutomationDetection/DownloadedLC/incremental/quiescent_background_cache.csv,,,,,,False,not_in_flare_streak
4FGL J1044.6+8053,115,116,58071.00001157408,3.43e-08,1.73e-08,7.48e-08,5.714420948616601e-08,5.55748406374502e-08,1.709918998901478e-09,5.55748406374502e-08,1.709918998901478e-09,1.425405e-07,1.425405e-07,5.55748406374502e-08,False,False,False,0,False,,,-1.2237963491654529,3.0,False,False,,,weekly,10.0,sigma,computed,/home/lkoo/projects/AutomationDetection/DownloadedLC/incremental/quiescent_background_cache.csv,,,,,,False,not_in_flare_streak
4FGL J1044.6+8053,116,117,58162.00001157408,5.34e-08,2.9e-08,3.43e-08,5.714420948616601e-08,5.55748406374502e-08,1.709918998901478e-09,5.55748406374502e-08,1.709918998901478e-09,1.425405e-07,1.425405e-07,5.55748406374502e-08,True,False,False,0,False,,,-0.07486448061944775,3.0,False,False,,,weekly,10.0,sigma,computed,/home/lkoo/projects/AutomationDetection/DownloadedLC/incremental/quiescent_background_cache.csv,,,,,,False,not_in_flare_streak
4FGL J1044.6+8053,117,118,58176.00001157408,3.39e-08,2.28e-08,5.34e-08,5.714420948616601e-08,5.55748406374502e-08,1.709918998901478e-09,5.55748406374502e-08,1.709918998901478e-09,1.425405e-07,1.425405e-07,5.55748406374502e-08,False,False,False,0,False,,,-0.9479886777354501,3.0,False,False,,,weekly,10.0,sigma,computed,/home/lkoo/projects/AutomationDetection/DownloadedLC/incremental/quiescent_background_cache.csv,,,,,,False,not_in_flare_streak
4FGL J1044.6+8053,118,119,58183.00001157408,5.62e-08,2.38e-08,3.39e-08,5.714420948616601e-08,5.55748406374502e-08,1.709918998901478e-09,5.55748406374502e-08,1.709918998901478e-09,1.425405e-07,1.425405e-07,5.55748406374502e-08,True,True,False,0,False,,,0.026199669038441387,3.0,False,False,,,weekly,10.0,sigma,computed,/home/lkoo/projects/AutomationDetection/DownloadedLC/incremental/quiescent_background_cache.csv,,,,,,False,not_in_flare_streak
4FGL J1044.6+8053,119,120,58232.00001157408,1.65e-07,1.13e-07,5.62e-08,5.714420948616601e-08,5.55748406374502e-08,1.709918998901478e-09,5.55748406374502e-08,1.709918998901478e-09,1.425405e-07,1.425405e-07,5.55748406374502e-08,True,True,False,0,False,,,0.9682533940187377,3.0,False,False,,,weekly,10.0,sigma,computed,/home/lkoo/projects/AutomationDetection/DownloadedLC/incremental/quiescent_background_cache.csv,,,,,,False,not_in_flare_streak
4FGL J1044.6+8053,120,121,58274.00001157408,3.68e-08,2.72e-08,1.65e-07,5.714420948616601e-08,5.55748406374502e-08,1.709918998901478e-09,5.55748406374502e-08,1.709918998901478e-09,1.425405e-07,1.425405e-07,5.55748406374502e-08,False,False,False,0,False,,,-0.6888915979656883,3.0,False,False,,,weekly,10.0,sigma,computed,/home/lkoo/projects/AutomationDetection/DownloadedLC/incremental/quiescent_background_cache.csv,,,,,,False,not_in_flare_streak
4FGL J1044.6+8053,121,122,58288.00001157408,1.81e-08,1.31e-08,3.68e-08,5.714420948616601e-08,5.55748406374502e-08,1.709918998901478e-09,5.55748406374502e-08,1.709918998901478e-09,1.425405e-07,1.425405e-07,5.55748406374502e-08,False,False,False,0,False,,,-2.8366123794522764,3.0,False,False,,,weekly,10.0,sigma,computed,/home/lkoo/projects/AutomationDetection/DownloadedLC/incremental/quiescent_background_cache.csv,,,,,,False,not_in_flare_streak
4FGL J1044.6+8053,122,123,58309.00001157408,1.7e-08,1.08e-08,1.81e-08,5.714420948616601e-08,5.55748406374502e-08,1.709918998901478e-09,5.55748406374502e-08,1.709918998901478e-09,1.425405e-07,1.425405e-07,5.55748406374502e-08,False,False,False,0,False,,,-3.527802341180795,3.0,False,False,,,weekly,10.0,sigma,computed,/home/lkoo/projects/AutomationDetection/DownloadedLC/incremental/quiescent_background_cache.csv,,,,,,False,not_in_flare_streak
4FGL J1044.6+8053,123,124,58330.00001157408,2.29e-08,1.49e-08,1.7e-08,5.714420948616601e-08,5.55748406374502e-08,1.709918998901478e-09,5.55748406374502e-08,1.709918998901478e-09,1.425405e-07,1.425405e-07,5.55748406374502e-08,True,False,False,0,False,,,-2.1786431240662703,3.0,False,False,,,weekly,10.0,sigma,computed,/home/lkoo/projects/AutomationDetection/DownloadedLC/incremental/quiescent_background_cache.csv,,,,,,False,not_in_flare_streak
4FGL J1044.6+8053,124,125,58337.00001157408,4.32e-08,1.83e-08,2.29e-08,5.714420948616601e-08,5.55748406374502e-08,1.709918998901478e-09,5.55748406374502e-08,1.709918998901478e-09,1.425405e-07,1.425405e-07,5.55748406374502e-08,True,False,False,0,False,,,-0.6732880503416825,3.0,False,False,,,weekly,10.0,sigma,computed,/home/lkoo/projects/AutomationDetection/DownloadedLC/incremental/quiescent_background_cache.csv,,,,,,False,not_in_flare_streak
4FGL J1044.6+8053,125,126,58358.00001157408,1.5e-08,9.35e-09,4.32e-08,5.714420948616601e-08,5.55748406374502e-08,1.709918998901478e-09,5.55748406374502e-08,1.709918998901478e-09,1.425405e-07,1.425405e-07,5.55748406374502e-08,False,False,False,0,False,,,-4.268758461037292,3.0,False,False,,,weekly,10.0,sigma,computed,/home/lkoo/projects/AutomationDetection/DownloadedLC/incremental/quiescent_background_cache.csv,,,,,,False,not_in_flare_streak
4FGL J1044.6+8053,126,127,58379.00001157408,6.1e-08,1.96e-08,1.5e-08,5.714420948616601e-08,5.55748406374502e-08,1.709918998901478e-09,5.55748406374502e-08,1.709918998901478e-09,1.425405e-07,1.425405e-07,5.55748406374502e-08,True,True,False,0,False,,,0.2757464875777103,3.0,False,False,,,weekly,10.0,sigma,computed,/home/lkoo/projects/AutomationDetection/DownloadedLC/incremental/quiescent_background_cache.csv,,,,,,False,not_in_flare_streak
4FGL J1044.6+8053,127,128,58442.00001157408,8.34e-09,7.25e-09,6.1e-08,5.714420948616601e-08,5.55748406374502e-08,1.709918998901478e-09,5.55748406374502e-08,1.709918998901478e-09,1.425405e-07,1.425405e-07,5.55748406374502e-08,False,False,False,0,False,,,-6.341171246431183,3.0,False,False,,,weekly,10.0,sigma,computed,/home/lkoo/projects/AutomationDetection/DownloadedLC/incremental/quiescent_background_cache.csv,,,,,,False,not_in_flare_streak
4FGL J1044.6+8053,128,129,58449.00001157408,5.09e-08,2.8e-08,8.34e-09,5.714420948616601e-08,5.55748406374502e-08,1.709918998901478e-09,5.55748406374502e-08,1.709918998901478e-09,1.425405e-07,1.425405e-07,5.55748406374502e-08,True,False,False,0,False,,,-0.1666481374240587,3.0,False,False,,,weekly,10.0,sigma,computed,/home/lkoo/projects/AutomationDetection/DownloadedLC/incremental/quiescent_background_cache.csv,,,,,,False,not_in_flare_streak
4FGL J1044.6+8053,129,130,58463.00001157408,9.15e-10,9.1e-10,5.09e-08,5.714420948616601e-08,5.55748406374502e-08,1.709918998901478e-09,5.55748406374502e-08,1.709918998901478e-09,1.425405e-07,1.425405e-07,5.55748406374502e-08,False,False,False,0,False,,,-28.21898597670527,3.0,False,False,,,weekly,10.0,sigma,computed,/home/lkoo/projects/AutomationDetection/DownloadedLC/incremental/quiescent_background_cache.csv,,,,,,False,not_in_flare_streak
4FGL J1044.6+8053,130,131,58533.00001157408,6.45e-08,3.09e-08,9.15e-10,5.714420948616601e-08,5.55748406374502e-08,1.709918998901478e-09,5.55748406374502e-08,1.709918998901478e-09,1.425405e-07,1.425405e-07,5.55748406374502e-08,True,True,False,0,False,,,0.2883988782501857,3.0,False,False,,,weekly,10.0,sigma,computed,/home/lkoo/projects/AutomationDetection/DownloadedLC/incremental/quiescent_background_cache.csv,,,,,,False,not_in_flare_streak
4FGL J1044.6+8053,131,132,58547.00001157408,4.6e-08,2.37e-08,6.45e-08,5.714420948616601e-08,5.55748406374502e-08,1.709918998901478e-09,5.55748406374502e-08,1.709918998901478e-09,1.425405e-07,1.425405e-07,5.55748406374502e-08,False,False,False,0,False,,,-0.40295430609862876,3.0,False,False,,,weekly,10.0,sigma,computed,/home/lkoo/projects/AutomationDetection/DownloadedLC/incremental/quiescent_background_cache.csv,,,,,,False,not_in_flare_streak
4FGL J1044.6+8053,132,133,58596.00001157408,7.39e-08,2.41e-08,4.6e-08,5.714420948616601e-08,5.55748406374502e-08,1.709918998901478e-09,5.55748406374502e-08,1.709918998901478e-09,1.425405e-07,1.425405e-07,5.55748406374502e-08,True,True,False,0,False,,,0.7584733590671283,3.0,False,False,,,weekly,10.0,sigma,computed,/home/lkoo/projects/AutomationDetection/DownloadedLC/incremental/quiescent_background_cache.csv,,,,,,False,not_in_flare_streak
4FGL J1044.6+8053,133,134,58617.00001157408,9.5e-08,3.49e-08,7.39e-08,5.714420948616601e-08,5.55748406374502e-08,1.709918998901478e-09,5.55748406374502e-08,1.709918998901478e-09,1.425405e-07,1.425405e-07,5.55748406374502e-08,True,True,False,0,False,,,1.1283072922753277,3.0,False,False,,,weekly,10.0,sigma,computed,/home/lkoo/projects/AutomationDetection/DownloadedLC/incremental/quiescent_background_cache.csv,,,,,,False,not_in_flare_streak
4FGL J1044.6+8053,134,135,58624.00001157408,4.02e-08,2.42e-08,9.5e-08,5.714420948616601e-08,5.55748406374502e-08,1.709918998901478e-09,5.55748406374502e-08,1.709918998901478e-09,1.425405e-07,1.425405e-07,5.55748406374502e-08,False,False,False,0,False,,,-0.6337439712458123,3.0,False,False,,,weekly,10.0,sigma,computed,/home/lkoo/projects/AutomationDetection/DownloadedLC/incremental/quiescent_background_cache.csv,,,,,,False,not_in_flare_streak
4FGL J1044.6+8053,135,136,58631.00001157408,9.95e-08,2.64e-08,4.02e-08,5.714420948616601e-08,5.55748406374502e-08,1.709918998901478e-09,5.55748406374502e-08,1.709918998901478e-09,1.425405e-07,1.425405e-07,5.55748406374502e-08,True,True,False,0,False,,,1.660352758770691,3.0,False,False,,,weekly,10.0,sigma,computed,/home/lkoo/projects/AutomationDetection/DownloadedLC/incremental/quiescent_background_cache.csv,,,,,,False,not_in_flare_streak
4FGL J1044.6+8053,136,137,58638.00001157408,1.19e-07,2.24e-08,9.95e-08,5.714420948616601e-08,5.55748406374502e-08,1.709918998901478e-09,5.55748406374502e-08,1.709918998901478e-09,1.425405e-07,1.425405e-07,5.55748406374502e-08,True,True,False,0,False,,,2.823266500328778,3.0,False,False,,,weekly,10.0,sigma,computed,/home/lkoo/projects/AutomationDetection/DownloadedLC/incremental/quiescent_background_cache.csv,,,,,,False,not_in_flare_streak
4FGL J1044.6+8053,137,138,58645.00001157408,1.16e-07,3.03e-08,1.19e-07,5.714420948616601e-08,5.55748406374502e-08,1.709918998901478e-09,5.55748406374502e-08,1.709918998901478e-09,1.425405e-07,1.425405e-07,5.55748406374502e-08,False,True,False,0,False,,,1.9910617547297385,3.0,False,False,,,weekly,10.0,sigma,computed,/home/lkoo/projects/AutomationDetection/DownloadedLC/incremental/quiescent_background_cache.csv,,,,,,False,not_in_flare_streak
4FGL J1044.6+8053,138,139,58652.00001157408,7.14e-08,2.54e-08,1.16e-07,5.714420948616601e-08,5.55748406374502e-08,1.709918998901478e-09,5.55748406374502e-08,1.709918998901478e-09,1.425405e-07,1.425405e-07,5.55748406374502e-08,False,True,False,0,False,,,0.6216307674693343,3.0,False,False,,,weekly,10.0,sigma,computed,/home/lkoo/projects/AutomationDetection/DownloadedLC/incremental/quiescent_background_cache.csv,,,,,,False,not_in_flare_streak
4FGL J1044.6+8053,139,140,58659.00001157408,1.23e-07,3.26e-08,7.14e-08,5.714420948616601e-08,5.55748406374502e-08,1.709918998901478e-09,5.55748406374502e-08,1.709918998901478e-09,1.425405e-07,1.425405e-07,5.55748406374502e-08,True,True,False,0,False,,,2.0654172267882553,3.0,False,False,,,weekly,10.0,sigma,computed,/home/lkoo/projects/AutomationDetection/DownloadedLC/incremental/quiescent_background_cache.csv,,,,,,False,not_in_flare_streak
4FGL J1044.6+8053,140,141,58666.00001157408,1.38e-08,1.18e-08,1.23e-07,5.714420948616601e-08,5.55748406374502e-08,1.709918998901478e-09,5.55748406374502e-08,1.709918998901478e-09,1.425405e-07,1.425405e-07,5.55748406374502e-08,False,False,False,0,False,,,-3.503646284913603,3.0,False,False,,,weekly,10.0,sigma,computed,/home/lkoo/projects/AutomationDetection/DownloadedLC/incremental/quiescent_background_cache.csv,,,,,,False,not_in_flare_streak
4FGL J1044.6+8053,141,142,58680.00001157408,4.11e-08,2.57e-08,1.38e-08,5.714420948616601e-08,5.55748406374502e-08,1.709918998901478e-09,5.55748406374502e-08,1.709918998901478e-09,1.425405e-07,1.425405e-07,5.55748406374502e-08,True,False,False,0,False,,,-0.5619808707164866,3.0,False,False,,,weekly,10.0,sigma,computed,/home/lkoo/projects/AutomationDetection/DownloadedLC/incremental/quiescent_background_cache.csv,,,,,,False,not_in_flare_streak
4FGL J1044.6+8053,142,143,58694.00001157408,6.2e-08,3.15e-08,4.11e-08,5.714420948616601e-08,5.55748406374502e-08,1.709918998901478e-09,5.55748406374502e-08,1.709918998901478e-09,1.425405e-07,1.425405e-07,5.55748406374502e-08,True,True,False,0,False,,,0.20367345565763745,3.0,False,False,,,weekly,10.0,sigma,computed,/home/lkoo/projects/AutomationDetection/DownloadedLC/incremental/quiescent_background_cache.csv,,,,,,False,not_in_flare_streak
4FGL J1044.6+8053,143,144,58701.00001157408,2.97e-08,2.04e-08,6.2e-08,5.714420948616601e-08,5.55748406374502e-08,1.709918998901478e-09,5.55748406374502e-08,1.709918998901478e-09,1.425405e-07,1.425405e-07,5.55748406374502e-08,False,False,False,0,False,,,-1.2639422611921598,3.0,False,False,,,weekly,10.0,sigma,computed,/home/lkoo/projects/AutomationDetection/DownloadedLC/incremental/quiescent_background_cache.csv,,,,,,False,not_in_flare_streak
4FGL J1044.6+8053,144,145,58771.00001157408,3.07e-08,2.04e-08,2.97e-08,5.714420948616601e-08,5.55748406374502e-08,1.709918998901478e-09,5.55748406374502e-08,1.709918998901478e-09,1.425405e-07,1.425405e-07,5.55748406374502e-08,True,False,False,0,False,,,-1.2150939502440037,3.0,False,False,,,weekly,10.0,sigma,computed,/home/lkoo/projects/AutomationDetection/DownloadedLC/incremental/quiescent_background_cache.csv,,,,,,False,not_in_flare_streak
4FGL J1044.6+8053,145,146,58778.00001157408,4.24e-08,2.35e-08,3.07e-08,5.714420948616601e-08,5.55748406374502e-08,1.709918998901478e-09,5.55748406374502e-08,1.709918998901478e-09,1.425405e-07,1.425405e-07,5.55748406374502e-08,True,False,False,0,False,,,-0.5591532846779308,3.0,False,False,,,weekly,10.0,sigma,computed,/home/lkoo/projects/AutomationDetection/DownloadedLC/incremental/quiescent_background_cache.csv,,,,,,False,not_in_flare_streak
4FGL J1044.6+8053,146,147,58785.00001157408,5.08e-08,2.64e-08,4.24e-08,5.714420948616601e-08,5.55748406374502e-08,1.709918998901478e-09,5.55748406374502e-08,1.709918998901478e-09,1.425405e-07,1.425405e-07,5.55748406374502e-08,True,False,False,0,False,,,-0.18048699060247725,3.0,False,False,,,weekly,10.0,sigma,computed,/home/lkoo/projects/AutomationDetection/DownloadedLC/incremental/quiescent_background_cache.csv,,,,,,False,not_in_flare_streak
4FGL J1044.6+8053,147,148,58792.00001157408,5.61e-08,2.4e-08,5.08e-08,5.714420948616601e-08,5.55748406374502e-08,1.709918998901478e-09,5.55748406374502e-08,1.709918998901478e-09,1.425405e-07,1.425405e-07,5.55748406374502e-08,True,True,False,0,False,,,0.02182631415165971,3.0,False,False,,,weekly,10.0,sigma,computed,/home/lkoo/projects/AutomationDetection/DownloadedLC/incremental/quiescent_background_cache.csv,,,,,,False,not_in_flare_streak
4FGL J1044.6+8053,148,149,58799.00001157408,6.26e-08,2.61e-08,5.61e-08,5.714420948616601e-08,5.55748406374502e-08,1.709918998901478e-09,5.55748406374502e-08,1.709918998901478e-09,1.425405e-07,1.425405e-07,5.55748406374502e-08,True,True,False,0,False,,,0.2685874088254116,3.0,False,False,,,weekly,10.0,sigma,computed,/home/lkoo/projects/AutomationDetection/DownloadedLC/incremental/quiescent_background_cache.csv,,,,,,False,not_in_flare_streak
4FGL J1044.6+8053,149,150,58806.00001157408,1.1e-07,3.2e-08,6.26e-08,5.714420948616601e-08,5.55748406374502e-08,1.709918998901478e-09,5.55748406374502e-08,1.709918998901478e-09,1.425405e-07,1.425405e-07,5.55748406374502e-08,True,True,False,0,False,,,1.6983632935382402,3.0,False,False,,,weekly,10.0,sigma,computed,/home/lkoo/projects/AutomationDetection/DownloadedLC/incremental/quiescent_background_cache.csv,,,,,,False,not_in_flare_streak
4FGL J1044.6+8053,150,151,58813.00001157408,1.04e-07,3.25e-08,1.1e-07,5.714420948616601e-08,5.55748406374502e-08,1.709918998901478e-09,5.55748406374502e-08,1.709918998901478e-09,1.425405e-07,1.425405e-07,5.55748406374502e-08,False,True,False,0,False,,,1.4879469214995467,3.0,False,False,,,weekly,10.0,sigma,computed,/home/lkoo/projects/AutomationDetection/DownloadedLC/incremental/quiescent_background_cache.csv,,,,,,False,not_in_flare_streak
4FGL J1044.6+8053,151,152,58820.00001157408,1.31e-07,3.13e-08,1.04e-07,5.714420948616601e-08,5.55748406374502e-08,1.709918998901478e-09,5.55748406374502e-08,1.709918998901478e-09,1.425405e-07,1.425405e-07,5.55748406374502e-08,True,True,False,0,False,,,2.406161656517141,3.0,False,False,,,weekly,10.0,sigma,computed,/home/lkoo/projects/AutomationDetection/DownloadedLC/incremental/quiescent_background_cache.csv,,,,,,False,not_in_flare_streak
4FGL J1044.6+8053,152,153,58827.00001157408,7.78e-08,3.13e-08,1.31e-07,5.714420948616601e-08,5.55748406374502e-08,1.709918998901478e-09,5.55748406374502e-08,1.709918998901478e-09,1.425405e-07,1.425405e-07,5.55748406374502e-08,False,True,False,0,False,,,0.7090117769734924,3.0,False,False,,,weekly,10.0,sigma,computed,/home/lkoo/projects/AutomationDetection/DownloadedLC/incremental/quiescent_background_cache.csv,,,,,,False,not_in_flare_streak
4FGL J1044.6+8053,153,154,58841.00001157408,4.21e-08,2.44e-08,7.78e-08,5.714420948616601e-08,5.55748406374502e-08,1.709918998901478e-09,5.55748406374502e-08,1.709918998901478e-09,1.425405e-07,1.425405e-07,5.55748406374502e-08,False,False,False,0,False,,,-0.5508964928886556,3.0,False,False,,,weekly,10.0,sigma,computed,/home/lkoo/projects/AutomationDetection/DownloadedLC/incremental/quiescent_background_cache.csv,,,,,,False,not_in_flare_streak
4FGL J1044.6+8053,154,155,58890.00001157408,1.73e-08,1.31e-08,4.21e-08,5.714420948616601e-08,5.55748406374502e-08,1.709918998901478e-09,5.55748406374502e-08,1.709918998901478e-09,1.425405e-07,1.425405e-07,5.55748406374502e-08,False,False,False,0,False,,,-2.8971674042358653,3.0,False,False,,,weekly,10.0,sigma,computed,/home/lkoo/projects/AutomationDetection/DownloadedLC/incremental/quiescent_background_cache.csv,,,,,,False,not_in_flare_streak
4FGL J1044.6+8053,155,156,58932.00001157408,1.19e-08,9.27e-09,1.73e-08,5.714420948616601e-08,5.55748406374502e-08,1.709918998901478e-09,5.55748406374502e-08,1.709918998901478e-09,1.425405e-07,1.425405e-07,5.55748406374502e-08,False,False,False,0,False,,,-4.633254782865131,3.0,False,False,,,weekly,10.0,sigma,computed,/home/lkoo/projects/AutomationDetection/DownloadedLC/incremental/quiescent_background_cache.csv,,,,,,False,not_in_flare_streak
4FGL J1044.6+8053,156,157,58939.00001157408,2.09e-08,1.23e-08,1.19e-08,5.714420948616601e-08,5.55748406374502e-08,1.709918998901478e-09,5.55748406374502e-08,1.709918998901478e-09,1.425405e-07,1.425405e-07,5.55748406374502e-08,True,False,False,0,False,,,-2.7922404999426065,3.0,False,False,,,weekly,10.0,sigma,computed,/home/lkoo/projects/AutomationDetection/DownloadedLC/incremental/quiescent_background_cache.csv,,,,,,False,not_in_flare_streak
4FGL J1044.6+8053,157,158,58960.00001157408,5.89e-08,2.23e-08,2.09e-08,5.714420948616601e-08,5.55748406374502e-08,1.709918998901478e-09,5.55748406374502e-08,1.709918998901478e-09,1.425405e-07,1.425405e-07,5.55748406374502e-08,True,True,False,0,False,,,0.1486738609231947,3.0,False,False,,,weekly,10.0,sigma,computed,/home/lkoo/projects/AutomationDetection/DownloadedLC/incremental/quiescent_background_cache.csv,,,,,,False,not_in_flare_streak
4FGL J1044.6+8053,158,159,59002.00001157408,2.02e-08,1.21e-08,5.89e-08,5.714420948616601e-08,5.55748406374502e-08,1.709918998901478e-09,5.55748406374502e-08,1.709918998901478e-09,1.425405e-07,1.425405e-07,5.55748406374502e-08,False,False,False,0,False,,,-2.8947789134067436,3.0,False,False,,,weekly,10.0,sigma,computed,/home/lkoo/projects/AutomationDetection/DownloadedLC/incremental/quiescent_background_cache.csv,,,,,,False,not_in_flare_streak
4FGL J1044.6+8053,159,160,59016.00001157408,6.47e-08,2.74e-08,2.02e-08,5.714420948616601e-08,5.55748406374502e-08,1.709918998901478e-09,5.55748406374502e-08,1.709918998901478e-09,1.425405e-07,1.425405e-07,5.55748406374502e-08,True,True,False,0,False,,,0.3323884014803982,3.0,False,False,,,weekly,10.0,sigma,computed,/home/lkoo/projects/AutomationDetection/DownloadedLC/incremental/quiescent_background_cache.csv,,,,,,False,not_in_flare_streak
4FGL J1044.6+8053,160,161,59023.00001157408,5.7e-08,2.94e-08,6.47e-08,5.714420948616601e-08,5.55748406374502e-08,1.709918998901478e-09,5.55748406374502e-08,1.709918998901478e-09,1.425405e-07,1.425405e-07,5.55748406374502e-08,False,True,False,0,False,,,0.04839302913140841,3.0,False,False,,,weekly,10.0,sigma,computed,/home/lkoo/projects/AutomationDetection/DownloadedLC/incremental/quiescent_background_cache.csv,,,,,,False,not_in_flare_streak
4FGL J1044.6+8053,161,162,59037.00001157408,5.96e-08,4.31e-08,5.7e-08,5.714420948616601e-08,5.55748406374502e-08,1.709918998901478e-09,5.55748406374502e-08,1.709918998901478e-09,1.425405e-07,1.425405e-07,5.55748406374502e-08,True,True,False,0,False,,,0.09331775769000812,3.0,False,False,,,weekly,10.0,sigma,computed,/home/lkoo/projects/AutomationDetection/DownloadedLC/incremental/quiescent_background_cache.csv,,,,,,False,not_in_flare_streak
4FGL J1044.6+8053,162,163,59100.00001157408,1.89e-08,1.48e-08,5.96e-08,5.714420948616601e-08,5.55748406374502e-08,1.709918998901478e-09,5.55748406374502e-08,1.709918998901478e-09,1.425405e-07,1.425405e-07,5.55748406374502e-08,False,False,False,0,False,,,-2.4616547200120897,3.0,False,False,,,weekly,10.0,sigma,computed,/home/lkoo/projects/AutomationDetection/DownloadedLC/incremental/quiescent_background_cache.csv,,,,,,False,not_in_flare_streak
4FGL J1044.6+8053,163,164,59212.00001157408,3.94e-08,2.1e-08,1.89e-08,5.714420948616601e-08,5.55748406374502e-08,1.709918998901478e-09,5.55748406374502e-08,1.709918998901478e-09,1.425405e-07,1.425405e-07,5.55748406374502e-08,True,False,False,0,False,,,-0.7676898250952434,3.0,False,False,,,weekly,10.0,sigma,computed,/home/lkoo/projects/AutomationDetection/DownloadedLC/incremental/quiescent_background_cache.csv,,,,,,False,not_in_flare_streak
4FGL J1044.6+8053,164,165,59219.00001157408,7.45e-08,3.06e-08,3.94e-08,5.714420948616601e-08,5.55748406374502e-08,1.709918998901478e-09,5.55748406374502e-08,1.709918998901478e-09,1.425405e-07,1.425405e-07,5.55748406374502e-08,True,True,False,0,False,,,0.6175059177120046,3.0,False,False,,,weekly,10.0,sigma,computed,/home/lkoo/projects/AutomationDetection/DownloadedLC/incremental/quiescent_background_cache.csv,,,,,,False,not_in_flare_streak
4FGL J1044.6+8053,165,166,59226.00001157408,3.6e-08,1.99e-08,7.45e-08,5.714420948616601e-08,5.55748406374502e-08,1.709918998901478e-09,5.55748406374502e-08,1.709918998901478e-09,1.425405e-07,1.425405e-07,5.55748406374502e-08,False,False,False,0,False,,,-0.9800490355863014,3.0,False,False,,,weekly,10.0,sigma,computed,/home/lkoo/projects/AutomationDetection/DownloadedLC/incremental/quiescent_background_cache.csv,,,,,,False,not_in_flare_streak
4FGL J1044.6+8053,166,167,59261.00001157408,7.18e-08,2.57e-08,3.6e-08,5.714420948616601e-08,5.55748406374502e-08,1.709918998901478e-09,5.55748406374502e-08,1.709918998901478e-09,1.425405e-07,1.425405e-07,5.55748406374502e-08,True,True,False,0,False,,,0.6299364127359195,3.0,False,False,,,weekly,10.0,sigma,computed,/home/lkoo/projects/AutomationDetection/DownloadedLC/incremental/quiescent_background_cache.csv,,,,,,False,not_in_flare_streak
4FGL J1044.6+8053,167,168,59282.00001157408,3.42e-08,2.09e-08,7.18e-08,5.714420948616601e-08,5.55748406374502e-08,1.709918998901478e-09,5.55748406374502e-08,1.709918998901478e-09,1.425405e-07,1.425405e-07,5.55748406374502e-08,False,False,False,0,False,,,-1.0193139074233666,3.0,False,False,,,weekly,10.0,sigma,computed,/home/lkoo/projects/AutomationDetection/DownloadedLC/incremental/quiescent_background_cache.csv,,,,,,False,not_in_flare_streak
4FGL J1044.6+8053,168,169,59331.00001157408,3.48e-08,1.94e-08,3.42e-08,5.714420948616601e-08,5.55748406374502e-08,1.709918998901478e-09,5.55748406374502e-08,1.709918998901478e-09,1.425405e-07,1.425405e-07,5.55748406374502e-08,True,False,False,0,False,,,-1.0667325349750094,3.0,False,False,,,weekly,10.0,sigma,computed,/home/lkoo/projects/AutomationDetection/DownloadedLC/incremental/quiescent_background_cache.csv,,,,,,False,not_in_flare_streak
4FGL J1044.6+8053,169,170,59338.00001157408,5.46e-08,2.31e-08,3.48e-08,5.714420948616601e-08,5.55748406374502e-08,1.709918998901478e-09,5.55748406374502e-08,1.709918998901478e-09,1.425405e-07,1.425405e-07,5.55748406374502e-08,True,False,False,0,False,,,-0.04208575014147125,3.0,False,False,,,weekly,10.0,sigma,computed,/home/lkoo/projects/AutomationDetection/DownloadedLC/incremental/quiescent_background_cache.csv,,,,,,False,not_in_flare_streak
4FGL J1044.6+8053,170,171,59380.00001157408,5.81e-08,3.75e-08,5.46e-08,5.714420948616601e-08,5.55748406374502e-08,1.709918998901478e-09,5.55748406374502e-08,1.709918998901478e-09,1.425405e-07,1.425405e-07,5.55748406374502e-08,True,True,False,0,False,,,0.0672676890672459,3.0,False,False,,,weekly,10.0,sigma,computed,/home/lkoo/projects/AutomationDetection/DownloadedLC/incremental/quiescent_background_cache.csv,,,,,,False,not_in_flare_streak
4FGL J1044.6+8053,171,172,59387.00001157408,5.75e-08,3.37e-08,5.81e-08,5.714420948616601e-08,5.55748406374502e-08,1.709918998901478e-09,5.55748406374502e-08,1.709918998901478e-09,1.425405e-07,1.425405e-07,5.55748406374502e-08,False,True,False,0,False,,,0.05705299659226,3.0,False,False,,,weekly,10.0,sigma,computed,/home/lkoo/projects/AutomationDetection/DownloadedLC/incremental/quiescent_background_cache.csv,,,,,,False,not_in_flare_streak
4FGL J1044.6+8053,172,173,59401.00001157408,1.54e-08,1.23e-08,5.75e-08,5.714420948616601e-08,5.55748406374502e-08,1.709918998901478e-09,5.55748406374502e-08,1.709918998901478e-09,1.425405e-07,1.425405e-07,5.55748406374502e-08,False,False,False,0,False,,,-3.2351357654250332,3.0,False,False,,,weekly,10.0,sigma,computed,/home/lkoo/projects/AutomationDetection/DownloadedLC/incremental/quiescent_background_cache.csv,,,,,,False,not_in_flare_streak
4FGL J1044.6+8053,173,174,59415.00001157408,4.36e-08,2.68e-08,1.54e-08,5.714420948616601e-08,5.55748406374502e-08,1.709918998901478e-09,5.55748406374502e-08,1.709918998901478e-09,1.425405e-07,1.425405e-07,5.55748406374502e-08,True,False,False,0,False,,,-0.4459157132180962,3.0,False,False,,,weekly,10.0,sigma,computed,/home/lkoo/projects/AutomationDetection/DownloadedLC/incremental/quiescent_background_cache.csv,,,,,,False,not_in_flare_streak
4FGL J1044.6+8053,174,175,59471.00001157408,4.57e-08,3.1e-08,4.36e-08,5.714420948616601e-08,5.55748406374502e-08,1.709918998901478e-09,5.55748406374502e-08,1.709918998901478e-09,1.425405e-07,1.425405e-07,5.55748406374502e-08,True,False,False,0,False,,,-0.3180597686396026,3.0,False,False,,,weekly,10.0,sigma,computed,/home/lkoo/projects/AutomationDetection/DownloadedLC/incremental/quiescent_background_cache.csv,,,,,,False,not_in_flare_streak
4FGL J1044.6+8053,175,176,59492.00001157408,3.72e-08,2.76e-08,4.57e-08,5.714420948616601e-08,5.55748406374502e-08,1.709918998901478e-09,5.55748406374502e-08,1.709918998901478e-09,1.425405e-07,1.425405e-07,5.55748406374502e-08,False,False,False,0,False,,,-0.6644810956073482,3.0,False,False,,,weekly,10.0,sigma,computed,/home/lkoo/projects/AutomationDetection/DownloadedLC/incremental/quiescent_background_cache.csv,,,,,,False,not_in_flare_streak
4FGL J1044.6+8053,176,177,59520.00001157408,3.84e-08,2.33e-08,3.72e-08,5.714420948616601e-08,5.55748406374502e-08,1.709918998901478e-09,5.55748406374502e-08,1.709918998901478e-09,1.425405e-07,1.425405e-07,5.55748406374502e-08,True,False,False,0,False,,,-0.7351406719234028,3.0,False,False,,,weekly,10.0,sigma,computed,/home/lkoo/projects/AutomationDetection/DownloadedLC/incremental/quiescent_background_cache.csv,,,,,,False,not_in_flare_streak
4FGL J1044.6+8053,177,178,59534.00001157408,5.01e-08,2.83e-08,3.84e-08,5.714420948616601e-08,5.55748406374502e-08,1.709918998901478e-09,5.55748406374502e-08,1.709918998901478e-09,1.425405e-07,1.425405e-07,5.55748406374502e-08,True,False,False,0,False,,,-0.1931051013941293,3.0,False,False,,,weekly,10.0,sigma,computed,/home/lkoo/projects/AutomationDetection/DownloadedLC/incremental/quiescent_background_cache.csv,,,,,,False,not_in_flare_streak
4FGL J1044.6+8053,178,179,59541.00001157408,7.16e-09,7.15e-09,5.01e-08,5.714420948616601e-08,5.55748406374502e-08,1.709918998901478e-09,5.55748406374502e-08,1.709918998901478e-09,1.425405e-07,1.425405e-07,5.55748406374502e-08,False,False,False,0,False,,,-6.58560124020452,3.0,False,False,,,weekly,10.0,sigma,computed,/home/lkoo/projects/AutomationDetection/DownloadedLC/incremental/quiescent_background_cache.csv,,,,,,False,not_in_flare_streak
4FGL J1044.6+8053,179,180,59548.00001157408,1.72e-08,1.62e-08,7.16e-09,5.714420948616601e-08,5.55748406374502e-08,1.709918998901478e-09,5.55748406374502e-08,1.709918998901478e-09,1.425405e-07,1.425405e-07,5.55748406374502e-08,True,False,False,0,False,,,-2.3557311643631125,3.0,False,False,,,weekly,10.0,sigma,computed,/home/lkoo/projects/AutomationDetection/DownloadedLC/incremental/quiescent_background_cache.csv,,,,,,False,not_in_flare_streak
4FGL J1044.6+8053,180,181,59555.00001157408,4.52e-08,2.14e-08,1.72e-08,5.714420948616601e-08,5.55748406374502e-08,1.709918998901478e-09,5.55748406374502e-08,1.709918998901478e-09,1.425405e-07,1.425405e-07,5.55748406374502e-08,True,False,False,0,False,,,-0.4832653997170341,3.0,False,False,,,weekly,10.0,sigma,computed,/home/lkoo/projects/AutomationDetection/DownloadedLC/incremental/quiescent_background_cache.csv,,,,,,False,not_in_flare_streak
4FGL J1044.6+8053,181,182,59562.00001157408,5.34e-08,2.71e-08,4.52e-08,5.714420948616601e-08,5.55748406374502e-08,1.709918998901478e-09,5.55748406374502e-08,1.709918998901478e-09,1.425405e-07,1.425405e-07,5.55748406374502e-08,True,False,False,0,False,,,-0.0800931475457671,3.0,False,False,,,weekly,10.0,sigma,computed,/home/lkoo/projects/AutomationDetection/DownloadedLC/incremental/quiescent_background_cache.csv,,,,,,False,not_in_flare_streak
4FGL J1044.6+8053,182,183,59569.00001157408,5.68e-08,3.05e-08,5.34e-08,5.714420948616601e-08,5.55748406374502e-08,1.709918998901478e-09,5.55748406374502e-08,1.709918998901478e-09,1.425405e-07,1.425405e-07,5.55748406374502e-08,True,True,False,0,False,,,0.04010618099352999,3.0,False,False,,,weekly,10.0,sigma,computed,/home/lkoo/projects/AutomationDetection/DownloadedLC/incremental/quiescent_background_cache.csv,,,,,,False,not_in_flare_streak
4FGL J1044.6+8053,183,184,59583.00001157408,5.79e-08,2.67e-08,5.68e-08,5.714420948616601e-08,5.55748406374502e-08,1.709918998901478e-09,5.55748406374502e-08,1.709918998901478e-09,1.425405e-07,1.425405e-07,5.55748406374502e-08,True,True,False,0,False,,,0.08690658481389435,3.0,False,False,,,weekly,10.0,sigma,computed,/home/lkoo/projects/AutomationDetection/DownloadedLC/incremental/quiescent_background_cache.csv,,,,,,False,not_in_flare_streak
4FGL J1044.6+8053,184,185,59611.00001157408,5.02e-08,2.12e-08,5.79e-08,5.714420948616601e-08,5.55748406374502e-08,1.709918998901478e-09,5.55748406374502e-08,1.709918998901478e-09,1.425405e-07,1.425405e-07,5.55748406374502e-08,False,False,False,0,False,,,-0.2527095528051495,3.0,False,False,,,weekly,10.0,sigma,computed,/home/lkoo/projects/AutomationDetection/DownloadedLC/incremental/quiescent_background_cache.csv,,,,,,False,not_in_flare_streak
4FGL J1044.6+8053,185,186,59646.00001157408,6.95e-08,4.62e-08,5.02e-08,5.714420948616601e-08,5.55748406374502e-08,1.709918998901478e-09,5.55748406374502e-08,1.709918998901478e-09,1.425405e-07,1.425405e-07,5.55748406374502e-08,True,True,False,0,False,,,0.30120414696064407,3.0,False,False,,,weekly,10.0,sigma,computed,/home/lkoo/projects/AutomationDetection/DownloadedLC/incremental/quiescent_background_cache.csv,,,,,,False,not_in_flare_streak
4FGL J1044.6+8053,186,187,59653.00001157408,4.06e-08,2e-08,6.95e-08,5.714420948616601e-08,5.55748406374502e-08,1.709918998901478e-09,5.55748406374502e-08,1.709918998901478e-09,1.425405e-07,1.425405e-07,5.55748406374502e-08,False,False,False,0,False,,,-0.746020456499722,3.0,False,False,,,weekly,10.0,sigma,computed,/home/lkoo/projects/AutomationDetection/DownloadedLC/incremental/quiescent_background_cache.csv,,,,,,False,not_in_flare_streak
4FGL J1044.6+8053,187,188,59660.00001157408,3.91e-08,2.37e-08,4.06e-08,5.714420948616601e-08,5.55748406374502e-08,1.709918998901478e-09,5.55748406374502e-08,1.709918998901478e-09,1.425405e-07,1.425405e-07,5.55748406374502e-08,False,False,False,0,False,,,-0.6933387435383064,3.0,False,False,,,weekly,10.0,sigma,computed,/home/lkoo/projects/AutomationDetection/DownloadedLC/incremental/quiescent_background_cache.csv,,,,,,False,not_in_flare_streak
4FGL J1044.6+8053,188,189,59667.00001157408,1.38e-08,1.05e-08,3.91e-08,5.714420948616601e-08,5.55748406374502e-08,1.709918998901478e-09,5.55748406374502e-08,1.709918998901478e-09,1.425405e-07,1.425405e-07,5.55748406374502e-08,False,False,False,0,False,,,-3.9268273628577757,3.0,False,False,,,weekly,10.0,sigma,computed,/home/lkoo/projects/AutomationDetection/DownloadedLC/incremental/quiescent_background_cache.csv,,,,,,False,not_in_flare_streak
4FGL J1044.6+8053,189,190,59674.00001157408,2.76e-08,1.98e-08,1.38e-08,5.714420948616601e-08,5.55748406374502e-08,1.709918998901478e-09,5.55748406374502e-08,1.709918998901478e-09,1.425405e-07,1.425405e-07,5.55748406374502e-08,True,False,False,0,False,,,-1.407631452399017,3.0,False,False,,,weekly,10.0,sigma,computed,/home/lkoo/projects/AutomationDetection/DownloadedLC/incremental/quiescent_background_cache.csv,,,,,,False,not_in_flare_streak
4FGL J1044.6+8053,190,191,59688.00001157408,7.24e-08,2.75e-08,2.76e-08,5.714420948616601e-08,5.55748406374502e-08,1.709918998901478e-09,5.55748406374502e-08,1.709918998901478e-09,1.425405e-07,1.425405e-07,5.55748406374502e-08,True,True,False,0,False,,,0.6106446746304081,3.0,False,False,,,weekly,10.0,sigma,computed,/home/lkoo/projects/AutomationDetection/DownloadedLC/incremental/quiescent_background_cache.csv,,,,,,False,not_in_flare_streak
4FGL J1044.6+8053,191,192,59695.00001157408,8.29e-08,2.09e-08,7.24e-08,5.714420948616601e-08,5.55748406374502e-08,1.709918998901478e-09,5.55748406374502e-08,1.709918998901478e-09,1.425405e-07,1.425405e-07,5.55748406374502e-08,True,True,False,0,False,,,1.3030700641578865,3.0,False,False,,,weekly,10.0,sigma,computed,/home/lkoo/projects/AutomationDetection/DownloadedLC/incremental/quiescent_background_cache.csv,,,,,,False,not_in_flare_streak
4FGL J1044.6+8053,192,193,59702.00001157408,7.98e-08,2.34e-08,8.29e-08,5.714420948616601e-08,5.55748406374502e-08,1.709918998901478e-09,5.55748406374502e-08,1.709918998901478e-09,1.425405e-07,1.425405e-07,5.55748406374502e-08,False,True,False,0,False,,,1.0325102274712137,3.0,False,False,,,weekly,10.0,sigma,computed,/home/lkoo/projects/AutomationDetection/DownloadedLC/incremental/quiescent_background_cache.csv,,,,,,False,not_in_flare_streak
4FGL J1044.6+8053,193,194,59709.00001157408,8.18e-08,2.85e-08,7.98e-08,5.714420948616601e-08,5.55748406374502e-08,1.709918998901478e-09,5.55748406374502e-08,1.709918998901478e-09,1.425405e-07,1.425405e-07,5.55748406374502e-08,True,True,False,0,False,,,0.9185293191861175,3.0,False,False,,,weekly,10.0,sigma,computed,/home/lkoo/projects/AutomationDetection/DownloadedLC/incremental/quiescent_background_cache.csv,,,,,,False,not_in_flare_streak
4FGL J1044.6+8053,194,195,59730.00001157408,2.16e-08,1.45e-08,8.18e-08,5.714420948616601e-08,5.55748406374502e-08,1.709918998901478e-09,5.55748406374502e-08,1.709918998901478e-09,1.425405e-07,1.425405e-07,5.55748406374502e-08,False,False,False,0,False,,,-2.326968430968264,3.0,False,False,,,weekly,10.0,sigma,computed,/home/lkoo/projects/AutomationDetection/DownloadedLC/incremental/quiescent_background_cache.csv,,,,,,False,not_in_flare_streak
4FGL J1044.6+8053,195,196,59737.00001157408,3.33e-08,1.65e-08,2.16e-08,5.714420948616601e-08,5.55748406374502e-08,1.709918998901478e-09,5.55748406374502e-08,1.709918998901478e-09,1.425405e-07,1.425405e-07,5.55748406374502e-08,True,False,False,0,False,,,-1.342799116578151,3.0,False,False,,,weekly,10.0,sigma,computed,/home/lkoo/projects/AutomationDetection/DownloadedLC/incremental/quiescent_background_cache.csv,,,,,,False,not_in_flare_streak
4FGL J1044.6+8053,196,197,59744.00001157408,1.07e-07,2.47e-08,3.33e-08,5.714420948616601e-08,5.55748406374502e-08,1.709918998901478e-09,5.55748406374502e-08,1.709918998901478e-09,1.425405e-07,1.425405e-07,5.55748406374502e-08,True,True,False,0,False,,,2.07701920583173,3.0,False,False,,,weekly,10.0,sigma,computed,/home/lkoo/projects/AutomationDetection/DownloadedLC/incremental/quiescent_background_cache.csv,,,,,,False,not_in_flare_streak
4FGL J1044.6+8053,197,198,59751.00001157408,7.9e-08,2.49e-08,1.07e-07,5.714420948616601e-08,5.55748406374502e-08,1.709918998901478e-09,5.55748406374502e-08,1.709918998901478e-09,1.425405e-07,1.425405e-07,5.55748406374502e-08,False,True,False,0,False,,,0.938559042096393,3.0,False,False,,,weekly,10.0,sigma,computed,/home/lkoo/projects/AutomationDetection/DownloadedLC/incremental/quiescent_background_cache.csv,,,,,,False,not_in_flare_streak
4FGL J1044.6+8053,198,199,59800.00001157408,4.59e-08,2.79e-08,7.9e-08,5.714420948616601e-08,5.55748406374502e-08,1.709918998901478e-09,5.55748406374502e-08,1.709918998901478e-09,1.425405e-07,1.425405e-07,5.55748406374502e-08,False,False,False,0,False,,,-0.3461190537389365,3.0,False,False,,,weekly,10.0,sigma,computed,/home/lkoo/projects/AutomationDetection/DownloadedLC/incremental/quiescent_background_cache.csv,,,,,,False,not_in_flare_streak
4FGL J1044.6+8053,199,200,59863.00001157408,3.72e-08,2.67e-08,4.59e-08,5.714420948616601e-08,5.55748406374502e-08,1.709918998901478e-09,5.55748406374502e-08,1.709918998901478e-09,1.425405e-07,1.425405e-07,5.55748406374502e-08,False,False,False,0,False,,,-0.6867893323875999,3.0,False,False,,,weekly,10.0,sigma,computed,/home/lkoo/projects/AutomationDetection/DownloadedLC/incremental/quiescent_background_cache.csv,,,,,,False,not_in_flare_streak
4FGL J1044.6+8053,200,201,59870.00001157408,7.38e-08,3.1e-08,3.72e-08,5.714420948616601e-08,5.55748406374502e-08,1.709918998901478e-09,5.55748406374502e-08,1.709918998901478e-09,1.425405e-07,1.425405e-07,5.55748406374502e-08,True,True,False,0,False,,,0.5870160525212539,3.0,False,False,,,weekly,10.0,sigma,computed,/home/lkoo/projects/AutomationDetection/DownloadedLC/incremental/quiescent_background_cache.csv,,,,,,False,not_in_flare_streak
4FGL J1044.6+8053,201,202,59877.00001157408,6.96e-08,3e-08,7.38e-08,5.714420948616601e-08,5.55748406374502e-08,1.709918998901478e-09,5.55748406374502e-08,1.709918998901478e-09,1.425405e-07,1.425405e-07,5.55748406374502e-08,False,True,False,0,False,,,0.4667477669282481,3.0,False,False,,,weekly,10.0,sigma,computed,/home/lkoo/projects/AutomationDetection/DownloadedLC/incremental/quiescent_background_cache.csv,,,,,,False,not_in_flare_streak
4FGL J1044.6+8053,202,203,59884.00001157408,1.08e-07,3.13e-08,6.96e-08,5.714420948616601e-08,5.55748406374502e-08,1.709918998901478e-09,5.55748406374502e-08,1.709918998901478e-09,1.425405e-07,1.425405e-07,5.55748406374502e-08,True,True,False,0,False,,,1.6724314454362408,3.0,False,False,,,weekly,10.0,sigma,computed,/home/lkoo/projects/AutomationDetection/DownloadedLC/incremental/quiescent_background_cache.csv,,,,,,False,not_in_flare_streak
4FGL J1044.6+8053,203,204,59891.00001157408,5.54e-08,3.09e-08,1.08e-07,5.714420948616601e-08,5.55748406374502e-08,1.709918998901478e-09,5.55748406374502e-08,1.709918998901478e-09,1.425405e-07,1.425405e-07,5.55748406374502e-08,False,False,False,0,False,,,-0.00564962950967173,3.0,False,False,,,weekly,10.0,sigma,computed,/home/lkoo/projects/AutomationDetection/DownloadedLC/incremental/quiescent_background_cache.csv,,,,,,False,not_in_flare_streak
4FGL J1044.6+8053,204,205,59905.00001157408,1.91e-08,1.38e-08,5.54e-08,5.714420948616601e-08,5.55748406374502e-08,1.709918998901478e-09,5.55748406374502e-08,1.709918998901478e-09,1.425405e-07,1.425405e-07,5.55748406374502e-08,False,False,False,0,False,,,-2.6230453013427137,3.0,False,False,,,weekly,10.0,sigma,computed,/home/lkoo/projects/AutomationDetection/DownloadedLC/incremental/quiescent_background_cache.csv,,,,,,False,not_in_flare_streak
4FGL J1044.6+8053,205,206,59940.00001157408,1.22e-07,3.2e-08,1.91e-08,5.714420948616601e-08,5.55748406374502e-08,1.709918998901478e-09,5.55748406374502e-08,1.709918998901478e-09,1.425405e-07,1.425405e-07,5.55748406374502e-08,True,True,False,0,False,,,2.0728290693147775,3.0,False,False,,,weekly,10.0,sigma,computed,/home/lkoo/projects/AutomationDetection/DownloadedLC/incremental/quiescent_background_cache.csv,,,,,,False,not_in_flare_streak
4FGL J1044.6+8053,206,207,59947.00001157408,1.36e-07,2.85e-08,1.22e-07,5.714420948616601e-08,5.55748406374502e-08,1.709918998901478e-09,5.55748406374502e-08,1.709918998901478e-09,1.425405e-07,1.425405e-07,5.55748406374502e-08,True,True,False,0,False,,,2.816870084694707,3.0,False,False,,,weekly,10.0,sigma,computed,/home/lkoo/projects/AutomationDetection/DownloadedLC/incremental/quiescent_background_cache.csv,,,,,,False,not_in_flare_streak
4FGL J1044.6+8053,207,208,59954.00001157408,7.26e-08,2.46e-08,1.36e-07,5.714420948616601e-08,5.55748406374502e-08,1.709918998901478e-09,5.55748406374502e-08,1.709918998901478e-09,1.425405e-07,1.425405e-07,5.55748406374502e-08,False,True,False,0,False,,,0.6904137957804679,3.0,False,False,,,weekly,10.0,sigma,computed,/home/lkoo/projects/AutomationDetection/DownloadedLC/incremental/quiescent_background_cache.csv,,,,,,False,not_in_flare_streak
4FGL J1044.6+8053,208,209,59961.00001157408,1.28e-07,3.33e-08,7.26e-08,5.714420948616601e-08,5.55748406374502e-08,1.709918998901478e-09,5.55748406374502e-08,1.709918998901478e-09,1.425405e-07,1.425405e-07,5.55748406374502e-08,True,True,False,0,False,,,2.172068037342285,3.0,False,False,,,weekly,10.0,sigma,computed,/home/lkoo/projects/AutomationDetection/DownloadedLC/incremental/quiescent_background_cache.csv,,,,,,False,not_in_flare_streak
4FGL J1044.6+8053,209,210,59968.00001157408,1.15e-07,3.21e-08,1.28e-07,5.714420948616601e-08,5.55748406374502e-08,1.709918998901478e-09,5.55748406374502e-08,1.709918998901478e-09,1.425405e-07,1.425405e-07,5.55748406374502e-08,False,True,False,0,False,,,1.8486301533280018,3.0,False,False,,,weekly,10.0,sigma,computed,/home/lkoo/projects/AutomationDetection/DownloadedLC/incremental/quiescent_background_cache.csv,,,,,,False,not_in_flare_streak
4FGL J1044.6+8053,210,211,59975.00001157408,6.72e-08,2.43e-08,1.15e-07,5.714420948616601e-08,5.55748406374502e-08,1.709918998901478e-09,5.55748406374502e-08,1.709918998901478e-09,1.425405e-07,1.425405e-07,5.55748406374502e-08,False,True,False,0,False,,,0.47722159268103553,3.0,False,False,,,weekly,10.0,sigma,computed,/home/lkoo/projects/AutomationDetection/DownloadedLC/incremental/quiescent_background_cache.csv,,,,,,False,not_in_flare_streak
4FGL J1044.6+8053,211,212,59982.00001157408,8.56e-08,2.63e-08,6.72e-08,5.714420948616601e-08,5.55748406374502e-08,1.709918998901478e-09,5.55748406374502e-08,1.709918998901478e-09,1.425405e-07,1.425405e-07,5.55748406374502e-08,True,True,False,0,False,,,1.139235764109034,3.0,False,False,,,weekly,10.0,sigma,computed,/home/lkoo/projects/AutomationDetection/DownloadedLC/incremental/quiescent_background_cache.csv,,,,,,False,not_in_flare_streak
4FGL J1044.6+8053,212,213,59989.00001157408,6.05e-08,2.63e-08,8.56e-08,5.714420948616601e-08,5.55748406374502e-08,1.709918998901478e-09,5.55748406374502e-08,1.709918998901478e-09,1.425405e-07,1.425405e-07,5.55748406374502e-08,False,True,False,0,False,,,0.18687386874461215,3.0,False,False,,,weekly,10.0,sigma,computed,/home/lkoo/projects/AutomationDetection/DownloadedLC/incremental/quiescent_background_cache.csv,,,,,,False,not_in_flare_streak
4FGL J1044.6+8053,213,214,60017.00001157408,8.28e-08,2.43e-08,6.05e-08,5.714420948616601e-08,5.55748406374502e-08,1.709918998901478e-09,5.55748406374502e-08,1.709918998901478e-09,1.425405e-07,1.425405e-07,5.55748406374502e-08,True,True,False,0,False,,,1.1176134026898468,3.0,False,False,,,weekly,10.0,sigma,computed,/home/lkoo/projects/AutomationDetection/DownloadedLC/incremental/quiescent_background_cache.csv,,,,,,False,not_in_flare_streak
4FGL J1044.6+8053,214,215,60108.00001157408,2.8e-08,1.35e-08,8.28e-08,5.714420948616601e-08,5.55748406374502e-08,1.709918998901478e-09,5.55748406374502e-08,1.709918998901478e-09,1.425405e-07,1.425405e-07,5.55748406374502e-08,False,False,False,0,False,,,-2.0263908454728354,3.0,False,False,,,weekly,10.0,sigma,computed,/home/lkoo/projects/AutomationDetection/DownloadedLC/incremental/quiescent_background_cache.csv,,,,,,False,not_in_flare_streak
4FGL J1044.6+8053,215,216,60171.00001157408,5.89e-08,2.75e-08,2.8e-08,5.714420948616601e-08,5.55748406374502e-08,1.709918998901478e-09,5.55748406374502e-08,1.709918998901478e-09,1.425405e-07,1.425405e-07,5.55748406374502e-08,True,True,False,0,False,,,0.12068182020064763,3.0,False,False,,,weekly,10.0,sigma,computed,/home/lkoo/projects/AutomationDetection/DownloadedLC/incremental/quiescent_background_cache.csv,,,,,,False,not_in_flare_streak
4FGL J1044.6+8053,216,217,60178.00001157408,4.09e-08,2.62e-08,5.89e-08,5.714420948616601e-08,5.55748406374502e-08,1.709918998901478e-09,5.55748406374502e-08,1.709918998901478e-09,1.425405e-07,1.425405e-07,5.55748406374502e-08,False,False,False,0,False,,,-0.5589193553752755,3.0,False,False,,,weekly,10.0,sigma,computed,/home/lkoo/projects/AutomationDetection/DownloadedLC/incremental/quiescent_background_cache.csv,,,,,,False,not_in_flare_streak
4FGL J1044.6+8053,217,218,60192.00001157408,6.59e-08,2.45e-08,4.09e-08,5.714420948616601e-08,5.55748406374502e-08,1.709918998901478e-09,5.55748406374502e-08,1.709918998901478e-09,1.425405e-07,1.425405e-07,5.55748406374502e-08,True,True,False,0,False,,,0.4204124036295608,3.0,False,False,,,weekly,10.0,sigma,computed,/home/lkoo/projects/AutomationDetection/DownloadedLC/incremental/quiescent_background_cache.csv,,,,,,False,not_in_flare_streak
4FGL J1044.6+8053,218,219,60220.00001157408,3.77e-08,2.24e-08,6.59e-08,5.714420948616601e-08,5.55748406374502e-08,1.709918998901478e-09,5.55748406374502e-08,1.709918998901478e-09,1.425405e-07,1.425405e-07,5.55748406374502e-08,False,False,False,0,False,,,-0.7956690890118066,3.0,False,False,,,weekly,10.0,sigma,computed,/home/lkoo/projects/AutomationDetection/DownloadedLC/incremental/quiescent_background_cache.csv,,,,,,False,not_in_flare_streak
4FGL J1044.6+8053,219,220,60234.00001157408,3.26e-08,2.08e-08,3.77e-08,5.714420948616601e-08,5.55748406374502e-08,1.709918998901478e-09,5.55748406374502e-08,1.709918998901478e-09,1.425405e-07,1.425405e-07,5.55748406374502e-08,False,False,False,0,False,,,-1.1008460973742493,3.0,False,False,,,weekly,10.0,sigma,computed,/home/lkoo/projects/AutomationDetection/DownloadedLC/incremental/quiescent_background_cache.csv,,,,,,False,not_in_flare_streak
4FGL J1044.6+8053,220,221,60269.00001157408,1.69e-07,2.85e-08,3.26e-08,5.714420948616601e-08,5.55748406374502e-08,1.709918998901478e-09,5.55748406374502e-08,1.709918998901478e-09,1.425405e-07,1.425405e-07,5.55748406374502e-08,True,True,False,0,False,,,3.972686417937944,3.0,True,True,60269.00001157408,60269.00001157408,weekly,10.0,sigma,computed,/home/lkoo/projects/AutomationDetection/DownloadedLC/incremental/quiescent_background_cache.csv,,,,,,False,not_in_flare_streak
4FGL J1044.6+8053,221,222,60276.00001157408,1.21e-07,2.86e-08,1.69e-07,5.714420948616601e-08,5.55748406374502e-08,1.709918998901478e-09,5.55748406374502e-08,1.709918998901478e-09,1.425405e-07,1.425405e-07,5.55748406374502e-08,False,True,False,0,False,,,2.2835153776335257,3.0,False,True,60269.00001157408,60276.00001157408,weekly,10.0,sigma,computed,/home/lkoo/projects/AutomationDetection/DownloadedLC/incremental/quiescent_background_cache.csv,,,,,,False,not_in_flare_streak
4FGL J1044.6+8053,222,223,60283.00001157408,1.16e-07,3.19e-08,1.21e-07,5.714420948616601e-08,5.55748406374502e-08,1.709918998901478e-09,5.55748406374502e-08,1.709918998901478e-09,1.425405e-07,1.425405e-07,5.55748406374502e-08,False,True,False,0,False,,,1.891490232765353,3.0,False,True,60269.00001157408,60283.00001157408,weekly,10.0,sigma,computed,/home/lkoo/projects/AutomationDetection/DownloadedLC/incremental/quiescent_background_cache.csv,,,,,,False,not_in_flare_streak
4FGL J1044.6+8053,223,224,60297.00001157408,8.26e-08,2.85e-08,1.16e-07,5.714420948616601e-08,5.55748406374502e-08,1.709918998901478e-09,5.55748406374502e-08,1.709918998901478e-09,1.425405e-07,1.425405e-07,5.55748406374502e-08,False,True,False,0,False,,,0.946549109082923,3.0,False,True,60269.00001157408,60297.00001157408,weekly,10.0,sigma,computed,/home/lkoo/projects/AutomationDetection/DownloadedLC/incremental/quiescent_background_cache.csv,,,,,,False,not_in_flare_streak
4FGL J1044.6+8053,224,225,60304.00001157408,3.17e-08,1.97e-08,8.26e-08,5.714420948616601e-08,5.55748406374502e-08,1.709918998901478e-09,5.55748406374502e-08,1.709918998901478e-09,1.425405e-07,1.425405e-07,5.55748406374502e-08,False,False,False,0,False,,,-1.207381246765734,3.0,False,False,,,weekly,10.0,sigma,computed,/home/lkoo/projects/AutomationDetection/DownloadedLC/incremental/quiescent_background_cache.csv,,,,,,False,not_in_flare_streak
4FGL J1044.6+8053,225,226,60311.00001157408,4.09e-08,2.35e-08,3.17e-08,5.714420948616601e-08,5.55748406374502e-08,1.709918998901478e-09,5.55748406374502e-08,1.709918998901478e-09,1.425405e-07,1.425405e-07,5.55748406374502e-08,True,False,False,0,False,,,-0.6228147702394913,3.0,False,False,,,weekly,10.0,sigma,computed,/home/lkoo/projects/AutomationDetection/DownloadedLC/incremental/quiescent_background_cache.csv,,,,,,False,not_in_flare_streak
4FGL J1044.6+8053,226,227,60318.00001157408,3.6e-08,1.96e-08,4.09e-08,5.714420948616601e-08,5.55748406374502e-08,1.709918998901478e-09,5.55748406374502e-08,1.709918998901478e-09,1.425405e-07,1.425405e-07,5.55748406374502e-08,False,False,False,0,False,,,-0.9949373262527393,3.0,False,False,,,weekly,10.0,sigma,computed,/home/lkoo/projects/AutomationDetection/DownloadedLC/incremental/quiescent_background_cache.csv,,,,,,False,not_in_flare_streak
4FGL J1044.6+8053,227,228,60346.00001157408,5e-08,2.45e-08,3.6e-08,5.714420948616601e-08,5.55748406374502e-08,1.709918998901478e-09,5.55748406374502e-08,1.709918998901478e-09,1.425405e-07,1.425405e-07,5.55748406374502e-08,True,False,False,0,False,,,-0.22699234655332284,3.0,False,False,,,weekly,10.0,sigma,computed,/home/lkoo/projects/AutomationDetection/DownloadedLC/incremental/quiescent_background_cache.csv,,,,,,False,not_in_flare_streak
4FGL J1044.6+8053,228,229,60374.00001157408,4.92e-08,2.61e-08,5e-08,5.714420948616601e-08,5.55748406374502e-08,1.709918998901478e-09,5.55748406374502e-08,1.709918998901478e-09,1.425405e-07,1.425405e-07,5.55748406374502e-08,False,False,False,0,False,,,-0.24372428298427018,3.0,False,False,,,weekly,10.0,sigma,computed,/home/lkoo/projects/AutomationDetection/DownloadedLC/incremental/quiescent_background_cache.csv,,,,,,False,not_in_flare_streak
4FGL J1044.6+8053,229,230,60381.00001157408,5.89e-08,2.43e-08,4.92e-08,5.714420948616601e-08,5.55748406374502e-08,1.709918998901478e-09,5.55748406374502e-08,1.709918998901478e-09,1.425405e-07,1.425405e-07,5.55748406374502e-08,True,True,False,0,False,,,0.13650030915070596,3.0,False,False,,,weekly,10.0,sigma,computed,/home/lkoo/projects/AutomationDetection/DownloadedLC/incremental/quiescent_background_cache.csv,,,,,,False,not_in_flare_streak
4FGL J1044.6+8053,230,231,60388.00001157408,3.11e-08,2.17e-08,5.89e-08,5.714420948616601e-08,5.55748406374502e-08,1.709918998901478e-09,5.55748406374502e-08,1.709918998901478e-09,1.425405e-07,1.425405e-07,5.55748406374502e-08,False,False,False,0,False,,,-1.1243875013482423,3.0,False,False,,,weekly,10.0,sigma,computed,/home/lkoo/projects/AutomationDetection/DownloadedLC/incremental/quiescent_background_cache.csv,,,,,,False,not_in_flare_streak
4FGL J1044.6+8053,231,232,60395.00001157408,3.7e-08,2.01e-08,3.11e-08,5.714420948616601e-08,5.55748406374502e-08,1.709918998901478e-09,5.55748406374502e-08,1.709918998901478e-09,1.425405e-07,1.425405e-07,5.55748406374502e-08,True,False,False,0,False,,,-0.920795529680434,3.0,False,False,,,weekly,10.0,sigma,computed,/home/lkoo/projects/AutomationDetection/DownloadedLC/incremental/quiescent_background_cache.csv,,,,,,False,not_in_flare_streak
4FGL J1044.6+8053,232,233,60402.00001157408,3.37e-08,1.92e-08,3.7e-08,5.714420948616601e-08,5.55748406374502e-08,1.709918998901478e-09,5.55748406374502e-08,1.709918998901478e-09,1.425405e-07,1.425405e-07,5.55748406374502e-08,False,False,False,0,False,,,-1.134823149456638,3.0,False,False,,,weekly,10.0,sigma,computed,/home/lkoo/projects/AutomationDetection/DownloadedLC/incremental/quiescent_background_cache.csv,,,,,,False,not_in_flare_streak
4FGL J1044.6+8053,233,234,60423.00001157408,5.97e-08,2.57e-08,3.37e-08,5.714420948616601e-08,5.55748406374502e-08,1.709918998901478e-09,5.55748406374502e-08,1.709918998901478e-09,1.425405e-07,1.425405e-07,5.55748406374502e-08,True,True,False,0,False,,,0.1601579394533752,3.0,False,False,,,weekly,10.0,sigma,computed,/home/lkoo/projects/AutomationDetection/DownloadedLC/incremental/quiescent_background_cache.csv,,,,,,False,not_in_flare_streak
4FGL J1044.6+8053,234,235,60430.00001157408,3.4e-08,1.74e-08,5.97e-08,5.714420948616601e-08,5.55748406374502e-08,1.709918998901478e-09,5.55748406374502e-08,1.709918998901478e-09,1.425405e-07,1.425405e-07,5.55748406374502e-08,False,False,False,0,False,,,-1.2339892275238937,3.0,False,False,,,weekly,10.0,sigma,computed,/home/lkoo/projects/AutomationDetection/DownloadedLC/incremental/quiescent_background_cache.csv,,,,,,False,not_in_flare_streak
4FGL J1044.6+8053,235,236,60437.00001157408,7.68e-08,2.15e-08,3.4e-08,5.714420948616601e-08,5.55748406374502e-08,1.709918998901478e-09,5.55748406374502e-08,1.709918998901478e-09,1.425405e-07,1.425405e-07,5.55748406374502e-08,True,True,False,0,False,,,0.9841092773436447,3.0,False,False,,,weekly,10.0,sigma,computed,/home/lkoo/projects/AutomationDetection/DownloadedLC/incremental/quiescent_background_cache.csv,,,,,,False,not_in_flare_streak
4FGL J1044.6+8053,236,237,60549.00001157408,5.53e-08,3.06e-08,7.68e-08,5.714420948616601e-08,5.55748406374502e-08,1.709918998901478e-09,5.55748406374502e-08,1.709918998901478e-09,1.425405e-07,1.425405e-07,5.55748406374502e-08,False,False,False,0,False,,,-0.008967730036085204,3.0,False,False,,,weekly,10.0,sigma,computed,/home/lkoo/projects/AutomationDetection/DownloadedLC/incremental/quiescent_background_cache.csv,,,,,,False,not_in_flare_streak
4FGL J1044.6+8053,237,238,60584.00001157408,5.94e-08,2.95e-08,5.53e-08,5.714420948616601e-08,5.55748406374502e-08,1.709918998901478e-09,5.55748406374502e-08,1.709918998901478e-09,1.425405e-07,1.425405e-07,5.55748406374502e-08,True,True,False,0,False,,,0.12944914299516552,3.0,False,False,,,weekly,10.0,sigma,computed,/home/lkoo/projects/AutomationDetection/DownloadedLC/incremental/quiescent_background_cache.csv,,,,,,False,not_in_flare_streak
4FGL J1044.6+8053,238,239,60591.00001157408,1.96e-08,1.17e-08,5.94e-08,5.714420948616601e-08,5.55748406374502e-08,1.709918998901478e-09,5.55748406374502e-08,1.709918998901478e-09,1.425405e-07,1.425405e-07,5.55748406374502e-08,False,False,False,0,False,,,-3.0424526170593915,3.0,False,False,,,weekly,10.0,sigma,computed,/home/lkoo/projects/AutomationDetection/DownloadedLC/incremental/quiescent_background_cache.csv,,,,,,False,not_in_flare_streak
4FGL J1044.6+8053,239,240,60598.00001157408,2.93e-08,2.23e-08,1.96e-08,5.714420948616601e-08,5.55748406374502e-08,1.709918998901478e-09,5.55748406374502e-08,1.709918998901478e-09,1.425405e-07,1.425405e-07,5.55748406374502e-08,True,False,False,0,False,,,-1.1747954238547775,3.0,False,False,,,weekly,10.0,sigma,computed,/home/lkoo/projects/AutomationDetection/DownloadedLC/incremental/quiescent_background_cache.csv,,,,,,False,not_in_flare_streak
4FGL J1044.6+8053,240,241,60605.00001157408,7.48e-08,2.61e-08,2.93e-08,5.714420948616601e-08,5.55748406374502e-08,1.709918998901478e-09,5.55748406374502e-08,1.709918998901478e-09,1.425405e-07,1.425405e-07,5.55748406374502e-08,True,True,False,0,False,,,0.7350204416670616,3.0,False,False,,,weekly,10.0,sigma,computed,/home/lkoo/projects/AutomationDetection/DownloadedLC/incremental/quiescent_background_cache.csv,,,,,,False,not_in_flare_streak
4FGL J1044.6+8053,241,242,60619.00001157408,5.31e-08,3e-08,7.48e-08,5.714420948616601e-08,5.55748406374502e-08,1.709918998901478e-09,5.55748406374502e-08,1.709918998901478e-09,1.425405e-07,1.425405e-07,5.55748406374502e-08,False,False,False,0,False,,,-0.08236101360228376,3.0,False,False,,,weekly,10.0,sigma,computed,/home/lkoo/projects/AutomationDetection/DownloadedLC/incremental/quiescent_background_cache.csv,,,,,,False,not_in_flare_streak
4FGL J1044.6+8053,242,243,60626.00001157408,5.22e-08,2.16e-08,5.31e-08,5.714420948616601e-08,5.55748406374502e-08,1.709918998901478e-09,5.55748406374502e-08,1.709918998901478e-09,1.425405e-07,1.425405e-07,5.55748406374502e-08,False,False,False,0,False,,,-0.15575534307732133,3.0,False,False,,,weekly,10.0,sigma,computed,/home/lkoo/projects/AutomationDetection/DownloadedLC/incremental/quiescent_background_cache.csv,,,,,,False,not_in_flare_streak
4FGL J1044.6+8053,243,244,60696.00001157408,8.65e-08,3.14e-08,5.22e-08,5.714420948616601e-08,5.55748406374502e-08,1.709918998901478e-09,5.55748406374502e-08,1.709918998901478e-09,1.425405e-07,1.425405e-07,5.55748406374502e-08,True,True,False,0,False,,,0.9834206198446206,3.0,False,False,,,weekly,10.0,sigma,computed,/home/lkoo/projects/AutomationDetection/DownloadedLC/incremental/quiescent_background_cache.csv,,,,,,False,not_in_flare_streak
4FGL J1044.6+8053,244,245,60731.00001157408,1.88e-09,1.64e-09,8.65e-08,5.714420948616601e-08,5.55748406374502e-08,1.709918998901478e-09,5.55748406374502e-08,1.709918998901478e-09,1.425405e-07,1.425405e-07,5.55748406374502e-08,False,False,False,0,False,,,-22.663066521757777,3.0,False,False,,,weekly,10.0,sigma,computed,/home/lkoo/projects/AutomationDetection/DownloadedLC/incremental/quiescent_background_cache.csv,,,,,,False,not_in_flare_streak
4FGL J1044.6+8053,245,246,60759.00001157408,4.36e-08,2.26e-08,1.88e-09,5.714420948616601e-08,5.55748406374502e-08,1.709918998901478e-09,5.55748406374502e-08,1.709918998901478e-09,1.425405e-07,1.425405e-07,5.55748406374502e-08,True,False,False,0,False,,,-0.5283501048592952,3.0,False,False,,,weekly,10.0,sigma,computed,/home/lkoo/projects/AutomationDetection/DownloadedLC/incremental/quiescent_background_cache.csv,,,,,,False,not_in_flare_streak
4FGL J1044.6+8053,246,247,60780.00001157408,2.77e-08,2.28e-08,4.36e-08,5.714420948616601e-08,5.55748406374502e-08,1.709918998901478e-09,5.55748406374502e-08,1.709918998901478e-09,1.425405e-07,1.425405e-07,5.55748406374502e-08,False,False,False,0,False,,,-1.2191569829733897,3.0,False,False,,,weekly,10.0,sigma,computed,/home/lkoo/projects/AutomationDetection/DownloadedLC/incremental/quiescent_background_cache.csv,,,,,,False,not_in_flare_streak
4FGL J1044.6+8053,247,248,60794.00001157408,3.13e-08,1.66e-08,2.77e-08,5.714420948616601e-08,5.55748406374502e-08,1.709918998901478e-09,5.55748406374502e-08,1.709918998901478e-09,1.425405e-07,1.425405e-07,5.55748406374502e-08,True,False,False,0,False,,,-1.4546429328800248,3.0,False,False,,,weekly,10.0,sigma,computed,/home/lkoo/projects/AutomationDetection/DownloadedLC/incremental/quiescent_background_cache.csv,,,,,,False,not_in_flare_streak
4FGL J1044.6+8053,248,249,60808.00001157408,1.21e-08,9.24e-09,3.13e-08,5.714420948616601e-08,5.55748406374502e-08,1.709918998901478e-09,5.55748406374502e-08,1.709918998901478e-09,1.425405e-07,1.425405e-07,5.55748406374502e-08,False,False,False,0,False,,,-4.626516842863168,3.0,False,False,,,weekly,10.0,sigma,computed,/home/lkoo/projects/AutomationDetection/DownloadedLC/incremental/quiescent_background_cache.csv,,,,,,False,not_in_flare_streak
4FGL J1044.6+8053,249,250,60815.00001157408,5.8e-08,2.36e-08,1.21e-08,5.714420948616601e-08,5.55748406374502e-08,1.709918998901478e-09,5.55748406374502e-08,1.709918998901478e-09,1.425405e-07,1.425405e-07,5.55748406374502e-08,True,True,False,0,False,,,0.1024923197091296,3.0,False,False,,,weekly,10.0,sigma,computed,/home/lkoo/projects/AutomationDetection/DownloadedLC/incremental/quiescent_background_cache.csv,,,,,,False,not_in_flare_streak
4FGL J1044.6+8053,250,251,60822.00001157408,2.99e-08,2.74e-08,5.8e-08,5.714420948616601e-08,5.55748406374502e-08,1.709918998901478e-09,5.55748406374502e-08,1.709918998901478e-09,1.425405e-07,1.425405e-07,5.55748406374502e-08,False,False,False,0,False,,,-0.935218651936114,3.0,False,False,,,weekly,10.0,sigma,computed,/home/lkoo/projects/AutomationDetection/DownloadedLC/incremental/quiescent_background_cache.csv,,,,,,False,not_in_flare_streak
4FGL J1044.6+8053,251,252,60829.00001157408,5.09e-08,2.42e-08,2.99e-08,5.714420948616601e-08,5.55748406374502e-08,1.709918998901478e-09,5.55748406374502e-08,1.709918998901478e-09,1.425405e-07,1.425405e-07,5.55748406374502e-08,True,False,False,0,False,,,-0.19269481488494486,3.0,False,False,,,weekly,10.0,sigma,computed,/home/lkoo/projects/AutomationDetection/DownloadedLC/incremental/quiescent_background_cache.csv,,,,,,False,not_in_flare_streak
4FGL J1044.6+8053,252,253,60836.00001157408,3.52e-08,2.29e-08,5.09e-08,5.714420948616601e-08,5.55748406374502e-08,1.709918998901478e-09,5.55748406374502e-08,1.709918998901478e-09,1.425405e-07,1.425405e-07,5.55748406374502e-08,False,False,False,0,False,,,-0.8872610294538671,3.0,False,False,,,weekly,10.0,sigma,computed,/home/lkoo/projects/AutomationDetection/DownloadedLC/incremental/quiescent_background_cache.csv,,,,,,False,not_in_flare_streak
