Name,previous_bin_count,current_bin_count,new_point_mjd,new_point_flux,new_point_flux_error,previous_point_flux,average_flux_full_series,previous_quiescent_background,previous_quiescent_background_error,current_quiescent_background,current_quiescent_background_error,previous_detection_threshold,current_detection_threshold,flare_flux_threshold,above_previous_flux,above_flare_flux_threshold,potential_flare_point,consecutive_potential_flare_points,flare_active,flare_start_mjd,flare_end_mjd,confirmed_sigma_delta,confirmed_sigma_threshold,confirmed_start_trigger,confirmed_flare_active,confirmed_flare_start_mjd,confirmed_flare_end_mjd,cadence,lookback_weeks,detection_method,quiescent_background_origin,quiescent_background_cache_path,flare_duration_seconds,streak_mean_flux,source_counts_0p2_5MeV,background_counts,mdp99_percent,mdp99_available,mdp99_reason
4FGL J2253.9+1609,1,2,54690.00001157408,2.6e-06,8.75e-08,3.41e-06,1.2815412128418547e-06,1.1438778896882493e-06,2.9420022568579806e-09,1.1438778896882493e-06,2.9420022568579806e-09,1.2571582e-05,1.2571582e-05,1.1438778896882493e-06,False,True,False,0,False,,,16.631996980138037,3.0,True,True,54690.00001157408,54690.00001157408,weekly,10.0,sigma,computed,/home/lkoo/projects/AutomationDetection/DownloadedLC/incremental/quiescent_background_cache.csv,,,,,,False,not_in_flare_streak
4FGL J2253.9+1609,2,3,54697.00001157408,3.01e-06,9.69e-08,2.6e-06,1.2815412128418547e-06,1.1438778896882493e-06,2.9420022568579806e-09,1.1438778896882493e-06,2.9420022568579806e-09,1.2571582e-05,1.2571582e-05,1.1438778896882493e-06,True,True,False,0,False,,,19.249356092366817,3.0,True,True,54690.00001157408,54697.00001157408,weekly,10.0,sigma,computed,/home/lkoo/projects/AutomationDetection/DownloadedLC/incremental/quiescent_background_cache.csv,,,,,,False,not_in_flare_streak
4FGL J2253.9+1609,3,4,54704.00001157408,3.16e-06,1.07e-07,3.01e-06,1.2815412128418547e-06,1.1438778896882493e-06,2.9420022568579806e-09,1.1438778896882493e-06,2.9420022568579806e-09,1.2571582e-05,1.2571582e-05,1.1438778896882493e-06,True,True,False,0,False,,,18.83514442857339,3.0,True,True,54690.00001157408,54704.00001157408,weekly,10.0,sigma,computed,/home/lkoo/projects/AutomationDetection/DownloadedLC/incremental/quiescent_background_cache.csv,,,,,,False,not_in_flare_streak
4FGL J2253.9+1609,4,5,54711.00001157408,2.5e-06,1.11e-07,3.16e-06,1.2815412128418547e-06,1.1438778896882493e-06,2.9420022568579806e-09,1.1438778896882493e-06,2.9420022568579806e-09,1.2571582e-05,1.2571582e-05,1.1438778896882493e-06,False,True,False,0,False,,,12.213027298452298,3.0,True,True,54690.00001157408,54711.00001157408,weekly,10.0,sigma,computed,/home/lkoo/projects/AutomationDetection/DownloadedLC/incremental/quiescent_background_cache.csv,,,,,,False,not_in_flare_streak
4FGL J2253.9+1609,5,6,54718.00001157408,4.44e-06,1.41e-07,2.5e-06,1.2815412128418547e-06,1.1438778896882493e-06,2.9420022568579806e-09,1.1438778896882493e-06,2.9420022568579806e-09,1.2571582e-05,1.2571582e-05,1.1438778896882493e-06,True,True,False,0,False,,,23.371665573593003,3.0,True,True,54690.00001157408,54718.00001157408,weekly,10.0,sigma,computed,/home/lkoo/projects/AutomationDetection/DownloadedLC/incremental/quiescent_background_cache.csv,,,,,,False,not_in_flare_streak
4FGL J2253.9+1609,6,7,54725.00001157408,3.54e-06,1.16e-07,4.44e-06,1.2815412128418547e-06,1.1438778896882493e-06,2.9420022568579806e-09,1.1438778896882493e-06,2.9420022568579806e-09,1.2571582e-05,1.2571582e-05,1.1438778896882493e-06,False,True,False,0,False,,,20.649584883197942,3.0,True,True,54690.00001157408,54725.00001157408,weekly,10.0,sigma,computed,/home/lkoo/projects/AutomationDetection/DownloadedLC/incremental/quiescent_background_cache.csv,,,,,,False,not_in_flare_streak
4FGL J2253.9+1609,7,8,54732.00001157408,2.45e-06,9.08e-08,3.54e-06,1.2815412128418547e-06,1.1438778896882493e-06,2.9420022568579806e-09,1.1438778896882493e-06,2.9420022568579806e-09,1.2571582e-05,1.2571582e-05,1.1438778896882493e-06,False,True,False,0,False,,,14.377060065449372,3.0,True,True,54690.00001157408,54732.00001157408,weekly,10.0,sigma,computed,/home/lkoo/projects/AutomationDetection/DownloadedLC/incremental/quiescent_background_cache.csv,,,,,,False,not_in_flare_streak
4FGL J2253.9+1609,8,9,54739.00001157408,2.53e-06,8.87e-08,2.45e-06,1.2815412128418547e-06,1.1438778896882493e-06,2.9420022568579806e-09,1.1438778896882493e-06,2.9420022568579806e-09,1.2571582e-05,1.2571582e-05,1.1438778896882493e-06,True,True,False,0,False,,,15.61849256787491,3.0,True,True,54690.00001157408,54739.00001157408,weekly,10.0,sigma,computed,/home/lkoo/projects/AutomationDetection/DownloadedLC/incremental/quiescent_background_cache.csv,,,,,,False,not_in_flare_streak
4FGL J2253.9+1609,9,10,54746.00001157408,1.78e-06,7.68e-08,2.53e-06,1.2815412128418547e-06,1.1438778896882493e-06,2.9420022568579806e-09,1.1438778896882493e-06,2.9420022568579806e-09,1.2571582e-05,1.2571582e-05,1.1438778896882493e-06,False,True,False,0,False,,,8.276769328218757,3.0,True,True,54690.00001157408,54746.00001157408,weekly,10.0,sigma,computed,/home/lkoo/projects/AutomationDetection/DownloadedLC/incremental/quiescent_background_cache.csv,,,,,,False,not_in_flare_streak
4FGL J2253.9+1609,10,11,54753.00001157408,1.27e-06,7.03e-08,1.78e-06,1.2815412128418547e-06,1.1438778896882493e-06,2.9420022568579806e-09,1.1438778896882493e-06,2.9420022568579806e-09,1.2571582e-05,1.2571582e-05,1.1438778896882493e-06,False,True,False,0,False,,,1.7924866654052627,3.0,False,True,54690.00001157408,54753.00001157408,weekly,10.0,sigma,computed,/home/lkoo/projects/AutomationDetection/DownloadedLC/incremental/quiescent_background_cache.csv,,,,,,False,not_in_flare_streak
4FGL J2253.9+1609,11,12,54760.00001157408,1.5e-06,8.34e-08,1.27e-06,1.2815412128418547e-06,1.1438778896882493e-06,2.9420022568579806e-09,1.1438778896882493e-06,2.9420022568579806e-09,1.2571582e-05,1.2571582e-05,1.1438778896882493e-06,True,True,False,0,False,,,4.267394973945877,3.0,True,True,54690.00001157408,54760.00001157408,weekly,10.0,sigma,computed,/home/lkoo/projects/AutomationDetection/DownloadedLC/incremental/quiescent_background_cache.csv,,,,,,False,not_in_flare_streak
4FGL J2253.9+1609,12,13,54767.00001157408,1.31e-06,8.4e-08,1.5e-06,1.2815412128418547e-06,1.1438778896882493e-06,2.9420022568579806e-09,1.1438778896882493e-06,2.9420022568579806e-09,1.2571582e-05,1.2571582e-05,1.1438778896882493e-06,False,True,False,0,False,,,1.9764323276489422,3.0,False,True,54690.00001157408,54767.00001157408,weekly,10.0,sigma,computed,/home/lkoo/projects/AutomationDetection/DownloadedLC/incremental/quiescent_background_cache.csv,,,,,,False,not_in_flare_streak
4FGL J2253.9+1609,13,14,54774.00001157408,1.11e-06,7.9e-08,1.31e-06,1.2815412128418547e-06,1.1438778896882493e-06,2.9420022568579806e-09,1.1438778896882493e-06,2.9420022568579806e-09,1.2571582e-05,1.2571582e-05,1.1438778896882493e-06,False,False,False,0,False,,,-0.42853698978873295,3.0,False,False,,,weekly,10.0,sigma,computed,/home/lkoo/projects/AutomationDetection/DownloadedLC/incremental/quiescent_background_cache.csv,,,,,,False,not_in_flare_streak
4FGL J2253.9+1609,14,15,54781.00001157408,1.46e-06,7.92e-08,1.11e-06,1.2815412128418547e-06,1.1438778896882493e-06,2.9420022568579806e-09,1.1438778896882493e-06,2.9420022568579806e-09,1.2571582e-05,1.2571582e-05,1.1438778896882493e-06,True,True,False,0,False,,,3.988689814769403,3.0,True,True,54781.00001157408,54781.00001157408,weekly,10.0,sigma,computed,/home/lkoo/projects/AutomationDetection/DownloadedLC/incremental/quiescent_background_cache.csv,,,,,,False,not_in_flare_streak
4FGL J2253.9+1609,15,16,54788.00001157408,1.67e-06,7.38e-08,1.46e-06,1.2815412128418547e-06,1.1438778896882493e-06,2.9420022568579806e-09,1.1438778896882493e-06,2.9420022568579806e-09,1.2571582e-05,1.2571582e-05,1.1438778896882493e-06,True,True,False,0,False,,,7.123367972535778,3.0,True,True,54781.00001157408,54788.00001157408,weekly,10.0,sigma,computed,/home/lkoo/projects/AutomationDetection/DownloadedLC/incremental/quiescent_background_cache.csv,,,,,,False,not_in_flare_streak
4FGL J2253.9+1609,16,17,54795.00001157408,1.52e-06,7.31e-08,1.67e-06,1.2815412128418547e-06,1.1438778896882493e-06,2.9420022568579806e-09,1.1438778896882493e-06,2.9420022568579806e-09,1.2571582e-05,1.2571582e-05,1.1438778896882493e-06,False,True,False,0,False,,,5.141147273376436,3.0,True,True,54781.00001157408,54795.00001157408,weekly,10.0,sigma,computed,/home/lkoo/projects/AutomationDetection/DownloadedLC/incremental/quiescent_background_cache.csv,,,,,,False,not_in_flare_streak
4FGL J2253.9+1609,17,18,54802.00001157408,1.23e-06,6.7e-08,1.52e-06,1.2815412128418547e-06,1.1438778896882493e-06,2.9420022568579806e-09,1.1438778896882493e-06,2.9420022568579806e-09,1.2571582e-05,1.2571582e-05,1.1438778896882493e-06,False,True,False,0,False,,,1.2841672068077383,3.0,False,True,54781.00001157408,54802.00001157408,weekly,10.0,sigma,computed,/home/lkoo/projects/AutomationDetection/DownloadedLC/incremental/quiescent_background_cache.csv,,,,,,False,not_in_flare_streak
4FGL J2253.9+1609,18,19,54809.00001157408,8.51e-07,6.3e-08,1.23e-06,1.2815412128418547e-06,1.1438778896882493e-06,2.9420022568579806e-09,1.1438778896882493e-06,2.9420022568579806e-09,1.2571582e-05,1.2571582e-05,1.1438778896882493e-06,False,False,False,0,False,,,-4.6437946831661785,3.0,False,False,,,weekly,10.0,sigma,computed,/home/lkoo/projects/AutomationDetection/DownloadedLC/incremental/quiescent_background_cache.csv,,,,,,False,not_in_flare_streak
4FGL J2253.9+1609,19,20,54816.00001157408,8.83e-07,7.05e-08,8.51e-07,1.2815412128418547e-06,1.1438778896882493e-06,2.9420022568579806e-09,1.1438778896882493e-06,2.9420022568579806e-09,1.2571582e-05,1.2571582e-05,1.1438778896882493e-06,True,False,False,0,False,,,-3.697177797587534,3.0,False,False,,,weekly,10.0,sigma,computed,/home/lkoo/projects/AutomationDetection/DownloadedLC/incremental/quiescent_background_cache.csv,,,,,,False,not_in_flare_streak
4FGL J2253.9+1609,20,21,54823.00001157408,6.76e-07,6.81e-08,8.83e-07,1.2815412128418547e-06,1.1438778896882493e-06,2.9420022568579806e-09,1.1438778896882493e-06,2.9420022568579806e-09,1.2571582e-05,1.2571582e-05,1.1438778896882493e-06,False,False,False,0,False,,,-6.864051237264762,3.0,False,False,,,weekly,10.0,sigma,computed,/home/lkoo/projects/AutomationDetection/DownloadedLC/incremental/quiescent_background_cache.csv,,,,,,False,not_in_flare_streak
4FGL J2253.9+1609,21,22,54830.00001157408,8.17e-07,6.74e-08,6.76e-07,1.2815412128418547e-06,1.1438778896882493e-06,2.9420022568579806e-09,1.1438778896882493e-06,2.9420022568579806e-09,1.2571582e-05,1.2571582e-05,1.1438778896882493e-06,True,False,False,0,False,,,-4.845206701959023,3.0,False,False,,,weekly,10.0,sigma,computed,/home/lkoo/projects/AutomationDetection/DownloadedLC/incremental/quiescent_background_cache.csv,,,,,,False,not_in_flare_streak
4FGL J2253.9+1609,22,23,54837.00001157408,9.47e-07,6.34e-08,8.17e-07,1.2815412128418547e-06,1.1438778896882493e-06,2.9420022568579806e-09,1.1438778896882493e-06,2.9420022568579806e-09,1.2571582e-05,1.2571582e-05,1.1438778896882493e-06,True,False,False,0,False,,,-3.101991504502534,3.0,False,False,,,weekly,10.0,sigma,computed,/home/lkoo/projects/AutomationDetection/DownloadedLC/incremental/quiescent_background_cache.csv,,,,,,False,not_in_flare_streak
4FGL J2253.9+1609,23,24,54844.00001157408,6.89e-07,5.51e-08,9.47e-07,1.2815412128418547e-06,1.1438778896882493e-06,2.9420022568579806e-09,1.1438778896882493e-06,2.9420022568579806e-09,1.2571582e-05,1.2571582e-05,1.1438778896882493e-06,False,False,False,0,False,,,-8.24375437202413,3.0,False,False,,,weekly,10.0,sigma,computed,/home/lkoo/projects/AutomationDetection/DownloadedLC/incremental/quiescent_background_cache.csv,,,,,,False,not_in_flare_streak
4FGL J2253.9+1609,24,25,54851.00001157408,4.42e-07,4.85e-08,6.89e-07,1.2815412128418547e-06,1.1438778896882493e-06,2.9420022568579806e-09,1.1438778896882493e-06,2.9420022568579806e-09,1.2571582e-05,1.2571582e-05,1.1438778896882493e-06,False,False,False,0,False,,,-14.445157151167091,3.0,False,False,,,weekly,10.0,sigma,computed,/home/lkoo/projects/AutomationDetection/DownloadedLC/incremental/quiescent_background_cache.csv,,,,,,False,not_in_flare_streak
4FGL J2253.9+1609,25,26,54858.00001157408,4.07e-07,4.96e-08,4.42e-07,1.2815412128418547e-06,1.1438778896882493e-06,2.9420022568579806e-09,1.1438778896882493e-06,2.9420022568579806e-09,1.2571582e-05,1.2571582e-05,1.1438778896882493e-06,False,False,False,0,False,,,-14.83034378654084,3.0,False,False,,,weekly,10.0,sigma,computed,/home/lkoo/projects/AutomationDetection/DownloadedLC/incremental/quiescent_background_cache.csv,,,,,,False,not_in_flare_streak
4FGL J2253.9+1609,26,27,54865.00001157408,3.49e-07,5.21e-08,4.07e-07,1.2815412128418547e-06,1.1438778896882493e-06,2.9420022568579806e-09,1.1438778896882493e-06,2.9420022568579806e-09,1.2571582e-05,1.2571582e-05,1.1438778896882493e-06,False,False,False,0,False,,,-15.232506869942066,3.0,False,False,,,weekly,10.0,sigma,computed,/home/lkoo/projects/AutomationDetection/DownloadedLC/incremental/quiescent_background_cache.csv,,,,,,False,not_in_flare_streak
4FGL J2253.9+1609,27,28,54872.00001157408,2.11e-07,4.83e-08,3.49e-07,1.2815412128418547e-06,1.1438778896882493e-06,2.9420022568579806e-09,1.1438778896882493e-06,2.9420022568579806e-09,1.2571582e-05,1.2571582e-05,1.1438778896882493e-06,False,False,False,0,False,,,-19.278512024586554,3.0,False,False,,,weekly,10.0,sigma,computed,/home/lkoo/projects/AutomationDetection/DownloadedLC/incremental/quiescent_background_cache.csv,,,,,,False,not_in_flare_streak
4FGL J2253.9+1609,28,29,54879.00001157408,1.78e-07,4.95e-08,2.11e-07,1.2815412128418547e-06,1.1438778896882493e-06,2.9420022568579806e-09,1.1438778896882493e-06,2.9420022568579806e-09,1.2571582e-05,1.2571582e-05,1.1438778896882493e-06,False,False,False,0,False,,,-19.478311920008018,3.0,False,False,,,weekly,10.0,sigma,computed,/home/lkoo/projects/AutomationDetection/DownloadedLC/incremental/quiescent_background_cache.csv,,,,,,False,not_in_flare_streak
4FGL J2253.9+1609,29,30,54886.00001157408,1.66e-07,4.22e-08,1.78e-07,1.2815412128418547e-06,1.1438778896882493e-06,2.9420022568579806e-09,1.1438778896882493e-06,2.9420022568579806e-09,1.2571582e-05,1.2571582e-05,1.1438778896882493e-06,False,False,False,0,False,,,-23.116353981177475,3.0,False,False,,,weekly,10.0,sigma,computed,/home/lkoo/projects/AutomationDetection/DownloadedLC/incremental/quiescent_background_cache.csv,,,,,,False,not_in_flare_streak
4FGL J2253.9+1609,30,31,54893.00001157408,1.17e-07,3.61e-08,1.66e-07,1.2815412128418547e-06,1.1438778896882493e-06,2.9420022568579806e-09,1.1438778896882493e-06,2.9420022568579806e-09,1.2571582e-05,1.2571582e-05,1.1438778896882493e-06,False,False,False,0,False,,,-28.351377700164573,3.0,False,False,,,weekly,10.0,sigma,computed,/home/lkoo/projects/AutomationDetection/DownloadedLC/incremental/quiescent_background_cache.csv,,,,,,False,not_in_flare_streak
4FGL J2253.9+1609,31,32,54900.00001157408,5.97e-08,3.35e-08,1.17e-07,1.2815412128418547e-06,1.1438778896882493e-06,2.9420022568579806e-09,1.1438778896882493e-06,2.9420022568579806e-09,1.2571582e-05,1.2571582e-05,1.1438778896882493e-06,False,False,False,0,False,,,-32.239434222279755,3.0,False,False,,,weekly,10.0,sigma,computed,/home/lkoo/projects/AutomationDetection/DownloadedLC/incremental/quiescent_background_cache.csv,,,,,,False,not_in_flare_streak
4FGL J2253.9+1609,32,33,54907.00001157408,9.1e-08,3.27e-08,5.97e-08,1.2815412128418547e-06,1.1438778896882493e-06,2.9420022568579806e-09,1.1438778896882493e-06,2.9420022568579806e-09,1.2571582e-05,1.2571582e-05,1.1438778896882493e-06,True,False,False,0,False,,,-32.06857251964554,3.0,False,False,,,weekly,10.0,sigma,computed,/home/lkoo/projects/AutomationDetection/DownloadedLC/incremental/quiescent_background_cache.csv,,,,,,False,not_in_flare_streak
4FGL J2253.9+1609,33,34,54914.00001157408,1.6e-07,4.19e-08,9.1e-08,1.2815412128418547e-06,1.1438778896882493e-06,2.9420022568579806e-09,1.1438778896882493e-06,2.9420022568579806e-09,1.2571582e-05,1.2571582e-05,1.1438778896882493e-06,True,False,False,0,False,,,-23.423902153106926,3.0,False,False,,,weekly,10.0,sigma,computed,/home/lkoo/projects/AutomationDetection/DownloadedLC/incremental/quiescent_background_cache.csv,,,,,,False,not_in_flare_streak
4FGL J2253.9+1609,34,35,54921.00001157408,1.04e-07,3.81e-08,1.6e-07,1.2815412128418547e-06,1.1438778896882493e-06,2.9420022568579806e-09,1.1438778896882493e-06,2.9420022568579806e-09,1.2571582e-05,1.2571582e-05,1.1438778896882493e-06,False,False,False,0,False,,,-27.2123751819222,3.0,False,False,,,weekly,10.0,sigma,computed,/home/lkoo/projects/AutomationDetection/DownloadedLC/incremental/quiescent_background_cache.csv,,,,,,False,not_in_flare_streak
4FGL J2253.9+1609,35,36,54928.00001157408,2.12e-07,5.08e-08,1.04e-07,1.2815412128418547e-06,1.1438778896882493e-06,2.9420022568579806e-09,1.1438778896882493e-06,2.9420022568579806e-09,1.2571582e-05,1.2571582e-05,1.1438778896882493e-06,True,False,False,0,False,,,-18.313367454168127,3.0,False,False,,,weekly,10.0,sigma,computed,/home/lkoo/projects/AutomationDetection/DownloadedLC/incremental/quiescent_background_cache.csv,,,,,,False,not_in_flare_streak
4FGL J2253.9+1609,36,37,54935.00001157408,2.51e-07,4.71e-08,2.12e-07,1.2815412128418547e-06,1.1438778896882493e-06,2.9420022568579806e-09,1.1438778896882493e-06,2.9420022568579806e-09,1.2571582e-05,1.2571582e-05,1.1438778896882493e-06,True,False,False,0,False,,,-18.92019401593794,3.0,False,False,,,weekly,10.0,sigma,computed,/home/lkoo/projects/AutomationDetection/DownloadedLC/incremental/quiescent_background_cache.csv,,,,,,False,not_in_flare_streak
4FGL J2253.9+1609,37,38,54942.00001157408,7.41e-07,6.18e-08,2.51e-07,1.2815412128418547e-06,1.1438778896882493e-06,2.9420022568579806e-09,1.1438778896882493e-06,2.9420022568579806e-09,1.2571582e-05,1.2571582e-05,1.1438778896882493e-06,True,False,False,0,False,,,-6.5116853049911825,3.0,False,False,,,weekly,10.0,sigma,computed,/home/lkoo/projects/AutomationDetection/DownloadedLC/incremental/quiescent_background_cache.csv,,,,,,False,not_in_flare_streak
4FGL J2253.9+1609,38,39,54949.00001157408,8.44e-07,5.98e-08,7.41e-07,1.2815412128418547e-06,1.1438778896882493e-06,2.9420022568579806e-09,1.1438778896882493e-06,2.9420022568579806e-09,1.2571582e-05,1.2571582e-05,1.1438778896882493e-06,True,False,False,0,False,,,-5.008622706629898,3.0,False,False,,,weekly,10.0,sigma,computed,/home/lkoo/projects/AutomationDetection/DownloadedLC/incremental/quiescent_background_cache.csv,,,,,,False,not_in_flare_streak
4FGL J2253.9+1609,39,40,54956.00001157408,9.16e-07,6.59e-08,8.44e-07,1.2815412128418547e-06,1.1438778896882493e-06,2.9420022568579806e-09,1.1438778896882493e-06,2.9420022568579806e-09,1.2571582e-05,1.2571582e-05,1.1438778896882493e-06,True,False,False,0,False,,,-3.4544938411418387,3.0,False,False,,,weekly,10.0,sigma,computed,/home/lkoo/projects/AutomationDetection/DownloadedLC/incremental/quiescent_background_cache.csv,,,,,,False,not_in_flare_streak
4FGL J2253.9+1609,40,41,54963.00001157408,9.26e-07,6.41e-08,9.16e-07,1.2815412128418547e-06,1.1438778896882493e-06,2.9420022568579806e-09,1.1438778896882493e-06,2.9420022568579806e-09,1.2571582e-05,1.2571582e-05,1.1438778896882493e-06,True,False,False,0,False,,,-3.3954565873350573,3.0,False,False,,,weekly,10.0,sigma,computed,/home/lkoo/projects/AutomationDetection/DownloadedLC/incremental/quiescent_background_cache.csv,,,,,,False,not_in_flare_streak
4FGL J2253.9+1609,41,42,54970.00001157408,7.88e-07,6.12e-08,9.26e-07,1.2815412128418547e-06,1.1438778896882493e-06,2.9420022568579806e-09,1.1438778896882493e-06,2.9420022568579806e-09,1.2571582e-05,1.2571582e-05,1.1438778896882493e-06,False,False,False,0,False,,,-5.808290849640166,3.0,False,False,,,weekly,10.0,sigma,computed,/home/lkoo/projects/AutomationDetection/DownloadedLC/incremental/quiescent_background_cache.csv,,,,,,False,not_in_flare_streak
4FGL J2253.9+1609,42,43,54977.00001157408,9.81e-07,7.55e-08,7.88e-07,1.2815412128418547e-06,1.1438778896882493e-06,2.9420022568579806e-09,1.1438778896882493e-06,2.9420022568579806e-09,1.2571582e-05,1.2571582e-05,1.1438778896882493e-06,True,False,False,0,False,,,-2.1556870431717647,3.0,False,False,,,weekly,10.0,sigma,computed,/home/lkoo/projects/AutomationDetection/DownloadedLC/incremental/quiescent_background_cache.csv,,,,,,False,not_in_flare_streak
4FGL J2253.9+1609,43,44,54984.00001157408,7.06e-07,6.75e-08,9.81e-07,1.2815412128418547e-06,1.1438778896882493e-06,2.9420022568579806e-09,1.1438778896882493e-06,2.9420022568579806e-09,1.2571582e-05,1.2571582e-05,1.1438778896882493e-06,False,False,False,0,False,,,-6.480926952559414,3.0,False,False,,,weekly,10.0,sigma,computed,/home/lkoo/projects/AutomationDetection/DownloadedLC/incremental/quiescent_background_cache.csv,,,,,,False,not_in_flare_streak
4FGL J2253.9+1609,44,45,54991.00001157408,4.27e-07,5.16e-08,7.06e-07,1.2815412128418547e-06,1.1438778896882493e-06,2.9420022568579806e-09,1.1438778896882493e-06,2.9420022568579806e-09,1.2571582e-05,1.2571582e-05,1.1438778896882493e-06,False,False,False,0,False,,,-13.870455801306994,3.0,False,False,,,weekly,10.0,sigma,computed,/home/lkoo/projects/AutomationDetection/DownloadedLC/incremental/quiescent_background_cache.csv,,,,,,False,not_in_flare_streak
4FGL J2253.9+1609,45,46,54998.00001157408,5.3e-07,5.32e-08,4.27e-07,1.2815412128418547e-06,1.1438778896882493e-06,2.9420022568579806e-09,1.1438778896882493e-06,2.9420022568579806e-09,1.2571582e-05,1.2571582e-05,1.1438778896882493e-06,True,False,False,0,False,,,-11.521454197505314,3.0,False,False,,,weekly,10.0,sigma,computed,/home/lkoo/projects/AutomationDetection/DownloadedLC/incremental/quiescent_background_cache.csv,,,,,,False,not_in_flare_streak
4FGL J2253.9+1609,46,47,55005.00001157408,4.07e-07,4.67e-08,5.3e-07,1.2815412128418547e-06,1.1438778896882493e-06,2.9420022568579806e-09,1.1438778896882493e-06,2.9420022568579806e-09,1.2571582e-05,1.2571582e-05,1.1438778896882493e-06,False,False,False,0,False,,,-15.74775140810499,3.0,False,False,,,weekly,10.0,sigma,computed,/home/lkoo/projects/AutomationDetection/DownloadedLC/incremental/quiescent_background_cache.csv,,,,,,False,not_in_flare_streak
4FGL J2253.9+1609,47,48,55012.00001157408,3.09e-07,4.13e-08,4.07e-07,1.2815412128418547e-06,1.1438778896882493e-06,2.9420022568579806e-09,1.1438778896882493e-06,2.9420022568579806e-09,1.2571582e-05,1.2571582e-05,1.1438778896882493e-06,False,False,False,0,False,,,-20.163865844938048,3.0,False,False,,,weekly,10.0,sigma,computed,/home/lkoo/projects/AutomationDetection/DownloadedLC/incremental/quiescent_background_cache.csv,,,,,,False,not_in_flare_streak
4FGL J2253.9+1609,48,49,55019.00001157408,3.25e-07,4.66e-08,3.09e-07,1.2815412128418547e-06,1.1438778896882493e-06,2.9420022568579806e-09,1.1438778896882493e-06,2.9420022568579806e-09,1.2571582e-05,1.2571582e-05,1.1438778896882493e-06,True,False,False,0,False,,,-17.537571142041063,3.0,False,False,,,weekly,10.0,sigma,computed,/home/lkoo/projects/AutomationDetection/DownloadedLC/incremental/quiescent_background_cache.csv,,,,,,False,not_in_flare_streak
4FGL J2253.9+1609,49,50,55026.00001157408,5.05e-07,6.08e-08,3.25e-07,1.2815412128418547e-06,1.1438778896882493e-06,2.9420022568579806e-09,1.1438778896882493e-06,2.9420022568579806e-09,1.2571582e-05,1.2571582e-05,1.1438778896882493e-06,True,False,False,0,False,,,-10.495579944923666,3.0,False,False,,,weekly,10.0,sigma,computed,/home/lkoo/projects/AutomationDetection/DownloadedLC/incremental/quiescent_background_cache.csv,,,,,,False,not_in_flare_streak
4FGL J2253.9+1609,50,51,55033.00001157408,4.37e-07,6.07e-08,5.05e-07,1.2815412128418547e-06,1.1438778896882493e-06,2.9420022568579806e-09,1.1438778896882493e-06,2.9420022568579806e-09,1.2571582e-05,1.2571582e-05,1.1438778896882493e-06,False,False,False,0,False,,,-11.631780438676326,3.0,False,False,,,weekly,10.0,sigma,computed,/home/lkoo/projects/AutomationDetection/DownloadedLC/incremental/quiescent_background_cache.csv,,,,,,False,not_in_flare_streak
4FGL J2253.9+1609,51,52,55040.00001157408,9.41e-07,7.44e-08,4.37e-07,1.2815412128418547e-06,1.1438778896882493e-06,2.9420022568579806e-09,1.1438778896882493e-06,2.9420022568579806e-09,1.2571582e-05,1.2571582e-05,1.1438778896882493e-06,True,False,False,0,False,,,-2.7247239279771045,3.0,False,False,,,weekly,10.0,sigma,computed,/home/lkoo/projects/AutomationDetection/DownloadedLC/incremental/quiescent_background_cache.csv,,,,,,False,not_in_flare_streak
4FGL J2253.9+1609,52,53,55047.00001157408,1.07e-06,7.18e-08,9.41e-07,1.2815412128418547e-06,1.1438778896882493e-06,2.9420022568579806e-09,1.1438778896882493e-06,2.9420022568579806e-09,1.2571582e-05,1.2571582e-05,1.1438778896882493e-06,True,False,False,0,False,,,-1.028077285859075,3.0,False,False,,,weekly,10.0,sigma,computed,/home/lkoo/projects/AutomationDetection/DownloadedLC/incremental/quiescent_background_cache.csv,,,,,,False,not_in_flare_streak
4FGL J2253.9+1609,53,54,55054.00001157408,1.27e-06,7.4e-08,1.07e-06,1.2815412128418547e-06,1.1438778896882493e-06,2.9420022568579806e-09,1.1438778896882493e-06,2.9420022568579806e-09,1.2571582e-05,1.2571582e-05,1.1438778896882493e-06,True,True,False,0,False,,,1.7030074848280345,3.0,False,False,,,weekly,10.0,sigma,computed,/home/lkoo/projects/AutomationDetection/DownloadedLC/incremental/quiescent_background_cache.csv,,,,,,False,not_in_flare_streak
4FGL J2253.9+1609,54,55,55061.00001157408,1.57e-06,7.91e-08,1.27e-06,1.2815412128418547e-06,1.1438778896882493e-06,2.9420022568579806e-09,1.1438778896882493e-06,2.9420022568579806e-09,1.2571582e-05,1.2571582e-05,1.1438778896882493e-06,True,True,False,0,False,,,5.383409318483988,3.0,True,True,55061.00001157408,55061.00001157408,weekly,10.0,sigma,computed,/home/lkoo/projects/AutomationDetection/DownloadedLC/incremental/quiescent_background_cache.csv,,,,,,False,not_in_flare_streak
4FGL J2253.9+1609,55,56,55068.00001157408,2.8e-06,9.94e-08,1.57e-06,1.2815412128418547e-06,1.1438778896882493e-06,2.9420022568579806e-09,1.1438778896882493e-06,2.9420022568579806e-09,1.2571582e-05,1.2571582e-05,1.1438778896882493e-06,True,True,False,0,False,,,16.653895269909512,3.0,True,True,55061.00001157408,55068.00001157408,weekly,10.0,sigma,computed,/home/lkoo/projects/AutomationDetection/DownloadedLC/incremental/quiescent_background_cache.csv,,,,,,False,not_in_flare_streak
4FGL J2253.9+1609,56,57,55075.00001157408,2.41e-06,1.08e-07,2.8e-06,1.2815412128418547e-06,1.1438778896882493e-06,2.9420022568579806e-09,1.1438778896882493e-06,2.9420022568579806e-09,1.2571582e-05,1.2571582e-05,1.1438778896882493e-06,False,True,False,0,False,,,11.719005582258132,3.0,True,True,55061.00001157408,55075.00001157408,weekly,10.0,sigma,computed,/home/lkoo/projects/AutomationDetection/DownloadedLC/incremental/quiescent_background_cache.csv,,,,,,False,not_in_flare_streak
4FGL J2253.9+1609,57,58,55082.00001157408,2.88e-06,1.18e-07,2.41e-06,1.2815412128418547e-06,1.1438778896882493e-06,2.9420022568579806e-09,1.1438778896882493e-06,2.9420022568579806e-09,1.2571582e-05,1.2571582e-05,1.1438778896882493e-06,True,True,False,0,False,,,14.708328486035063,3.0,True,True,55061.00001157408,55082.00001157408,weekly,10.0,sigma,computed,/home/lkoo/projects/AutomationDetection/DownloadedLC/incremental/quiescent_background_cache.csv,,,,,,False,not_in_flare_streak
4FGL J2253.9+1609,58,59,55089.00001157408,4.13e-06,1.38e-07,2.88e-06,1.2815412128418547e-06,1.1438778896882493e-06,2.9420022568579806e-09,1.1438778896882493e-06,2.9420022568579806e-09,1.2571582e-05,1.2571582e-05,1.1438778896882493e-06,True,True,False,0,False,,,21.633650396733515,3.0,True,True,55061.00001157408,55089.00001157408,weekly,10.0,sigma,computed,/home/lkoo/projects/AutomationDetection/DownloadedLC/incremental/quiescent_background_cache.csv,,,,,,False,not_in_flare_streak
4FGL J2253.9+1609,59,60,55096.00001157408,2.92e-06,1.19e-07,4.13e-06,1.2815412128418547e-06,1.1438778896882493e-06,2.9420022568579806e-09,1.1438778896882493e-06,2.9420022568579806e-09,1.2571582e-05,1.2571582e-05,1.1438778896882493e-06,False,True,False,0,False,,,14.920836682126458,3.0,True,True,55061.00001157408,55096.00001157408,weekly,10.0,sigma,computed,/home/lkoo/projects/AutomationDetection/DownloadedLC/incremental/quiescent_background_cache.csv,,,,,,False,not_in_flare_streak
4FGL J2253.9+1609,60,61,55103.00001157408,3.37e-06,1.31e-07,2.92e-06,1.2815412128418547e-06,1.1438778896882493e-06,2.9420022568579806e-09,1.1438778896882493e-06,2.9420022568579806e-09,1.2571582e-05,1.2571582e-05,1.1438778896882493e-06,True,True,False,0,False,,,16.989014774946483,3.0,True,True,55061.00001157408,55103.00001157408,weekly,10.0,sigma,computed,/home/lkoo/projects/AutomationDetection/DownloadedLC/incremental/quiescent_background_cache.csv,,,,,,False,not_in_flare_streak
4FGL J2253.9+1609,61,62,55110.00001157408,3.14e-06,1.24e-07,3.37e-06,1.2815412128418547e-06,1.1438778896882493e-06,2.9420022568579806e-09,1.1438778896882493e-06,2.9420022568579806e-09,1.2571582e-05,1.2571582e-05,1.1438778896882493e-06,False,True,False,0,False,,,16.093230033062476,3.0,True,True,55061.00001157408,55110.00001157408,weekly,10.0,sigma,computed,/home/lkoo/projects/AutomationDetection/DownloadedLC/incremental/quiescent_background_cache.csv,,,,,,False,not_in_flare_streak
4FGL J2253.9+1609,62,63,55117.00001157408,2.45e-06,1.07e-07,3.14e-06,1.2815412128418547e-06,1.1438778896882493e-06,2.9420022568579806e-09,1.1438778896882493e-06,2.9420022568579806e-09,1.2571582e-05,1.2571582e-05,1.1438778896882493e-06,False,True,False,0,False,,,12.202137193600276,3.0,True,True,55061.00001157408,55117.00001157408,weekly,10.0,sigma,computed,/home/lkoo/projects/AutomationDetection/DownloadedLC/incremental/quiescent_background_cache.csv,,,,,,False,not_in_flare_streak
4FGL J2253.9+1609,63,64,55124.00001157408,3.37e-06,1.18e-07,2.45e-06,1.2815412128418547e-06,1.1438778896882493e-06,2.9420022568579806e-09,1.1438778896882493e-06,2.9420022568579806e-09,1.2571582e-05,1.2571582e-05,1.1438778896882493e-06,True,True,False,0,False,,,18.859580817510196,3.0,True,True,55061.00001157408,55124.00001157408,weekly,10.0,sigma,computed,/home/lkoo/projects/AutomationDetection/DownloadedLC/incremental/quiescent_background_cache.csv,,,,,,False,not_in_flare_streak
4FGL J2253.9+1609,64,65,55131.00001157408,2.51e-06,1.11e-07,3.37e-06,1.2815412128418547e-06,1.1438778896882493e-06,2.9420022568579806e-09,1.1438778896882493e-06,2.9420022568579806e-09,1.2571582e-05,1.2571582e-05,1.1438778896882493e-06,False,True,False,0,False,,,12.303085761518316,3.0,True,True,55061.00001157408,55131.00001157408,weekly,10.0,sigma,computed,/home/lkoo/projects/AutomationDetection/DownloadedLC/incremental/quiescent_background_cache.csv,,,,,,False,not_in_flare_streak
4FGL J2253.9+1609,65,66,55138.00001157408,1.82e-06,9.43e-08,2.51e-06,1.2815412128418547e-06,1.1438778896882493e-06,2.9420022568579806e-09,1.1438778896882493e-06,2.9420022568579806e-09,1.2571582e-05,1.2571582e-05,1.1438778896882493e-06,False,True,False,0,False,,,7.166418912563009,3.0,True,True,55061.00001157408,55138.00001157408,weekly,10.0,sigma,computed,/home/lkoo/projects/AutomationDetection/DownloadedLC/incremental/quiescent_background_cache.csv,,,,,,False,not_in_flare_streak
4FGL J2253.9+1609,66,67,55145.00001157408,2.53e-06,1.06e-07,1.82e-06,1.2815412128418547e-06,1.1438778896882493e-06,2.9420022568579806e-09,1.1438778896882493e-06,2.9420022568579806e-09,1.2571582e-05,1.2571582e-05,1.1438778896882493e-06,True,True,False,0,False,,,13.071589961886367,3.0,True,True,55061.00001157408,55145.00001157408,weekly,10.0,sigma,computed,/home/lkoo/projects/AutomationDetection/DownloadedLC/incremental/quiescent_background_cache.csv,,,,,,False,not_in_flare_streak
4FGL J2253.9+1609,67,68,55152.00001157408,3.71e-06,1.25e-07,2.53e-06,1.2815412128418547e-06,1.1438778896882493e-06,2.9420022568579806e-09,1.1438778896882493e-06,2.9420022568579806e-09,1.2571582e-05,1.2571582e-05,1.1438778896882493e-06,True,True,False,0,False,,,20.52329329039699,3.0,True,True,55061.00001157408,55152.00001157408,weekly,10.0,sigma,computed,/home/lkoo/projects/AutomationDetection/DownloadedLC/incremental/quiescent_background_cache.csv,,,,,,False,not_in_flare_streak
4FGL J2253.9+1609,68,69,55159.00001157408,6.9e-06,1.64e-07,3.71e-06,1.2815412128418547e-06,1.1438778896882493e-06,2.9420022568579806e-09,1.1438778896882493e-06,2.9420022568579806e-09,1.2571582e-05,1.2571582e-05,1.1438778896882493e-06,True,True,False,0,False,,,35.092659436491566,3.0,True,True,55061.00001157408,55159.00001157408,weekly,10.0,sigma,computed,/home/lkoo/projects/AutomationDetection/DownloadedLC/incremental/quiescent_background_cache.csv,,,,,,False,not_in_flare_streak
4FGL J2253.9+1609,69,70,55166.00001157408,1.4e-05,2.17e-07,6.9e-06,1.2815412128418547e-06,1.1438778896882493e-06,2.9420022568579806e-09,1.1438778896882493e-06,2.9420022568579806e-09,1.2571582e-05,1.2571582e-05,1.1438778896882493e-06,True,True,False,0,False,,,59.239358241195056,3.0,True,True,55061.00001157408,55166.00001157408,weekly,10.0,sigma,computed,/home/lkoo/projects/AutomationDetection/DownloadedLC/incremental/quiescent_background_cache.csv,,,,,,False,not_in_flare_streak
4FGL J2253.9+1609,70,71,55173.00001157408,8.96e-06,1.76e-07,1.4e-05,1.2815412128418547e-06,1.1438778896882493e-06,2.9420022568579806e-09,1.1438778896882493e-06,2.9420022568579806e-09,1.2571582e-05,1.2571582e-05,1.1438778896882493e-06,False,True,False,0,False,,,44.40358148119937,3.0,True,True,55061.00001157408,55173.00001157408,weekly,10.0,sigma,computed,/home/lkoo/projects/AutomationDetection/DownloadedLC/incremental/quiescent_background_cache.csv,,,,,,False,not_in_flare_streak
4FGL J2253.9+1609,71,72,55180.00001157408,6.39e-06,1.56e-07,8.96e-06,1.2815412128418547e-06,1.1438778896882493e-06,2.9420022568579806e-09,1.1438778896882493e-06,2.9420022568579806e-09,1.2571582e-05,1.2571582e-05,1.1438778896882493e-06,False,True,False,0,False,,,33.62300921389683,3.0,True,True,55061.00001157408,55180.00001157408,weekly,10.0,sigma,computed,/home/lkoo/projects/AutomationDetection/DownloadedLC/incremental/quiescent_background_cache.csv,,,,,,False,not_in_flare_streak
4FGL J2253.9+1609,72,73,55187.00001157408,4.56e-06,1.4e-07,6.39e-06,1.2815412128418547e-06,1.1438778896882493e-06,2.9420022568579806e-09,1.1438778896882493e-06,2.9420022568579806e-09,1.2571582e-05,1.2571582e-05,1.1438778896882493e-06,False,True,False,0,False,,,24.395486276932317,3.0,True,True,55061.00001157408,55187.00001157408,weekly,10.0,sigma,computed,/home/lkoo/projects/AutomationDetection/DownloadedLC/incremental/quiescent_background_cache.csv,,,,,,False,not_in_flare_streak
4FGL J2253.9+1609,73,74,55194.00001157408,5e-06,1.43e-07,4.56e-06,1.2815412128418547e-06,1.1438778896882493e-06,2.9420022568579806e-09,1.1438778896882493e-06,2.9420022568579806e-09,1.2571582e-05,1.2571582e-05,1.1438778896882493e-06,True,True,False,0,False,,,26.960183815195503,3.0,True,True,55061.00001157408,55194.00001157408,weekly,10.0,sigma,computed,/home/lkoo/projects/AutomationDetection/DownloadedLC/incremental/quiescent_background_cache.csv,,,,,,False,not_in_flare_streak
4FGL J2253.9+1609,74,75,55201.00001157408,3.04e-06,1.15e-07,5e-06,1.2815412128418547e-06,1.1438778896882493e-06,2.9420022568579806e-09,1.1438778896882493e-06,2.9420022568579806e-09,1.2571582e-05,1.2571582e-05,1.1438778896882493e-06,False,True,False,0,False,,,16.482625533601897,3.0,True,True,55061.00001157408,55201.00001157408,weekly,10.0,sigma,computed,/home/lkoo/projects/AutomationDetection/DownloadedLC/incremental/quiescent_background_cache.csv,,,,,,False,not_in_flare_streak
4FGL J2253.9+1609,75,76,55208.00001157408,3.8e-06,1.34e-07,3.04e-06,1.2815412128418547e-06,1.1438778896882493e-06,2.9420022568579806e-09,1.1438778896882493e-06,2.9420022568579806e-09,1.2571582e-05,1.2571582e-05,1.1438778896882493e-06,True,True,False,0,False,,,19.817031141331846,3.0,True,True,55061.00001157408,55208.00001157408,weekly,10.0,sigma,computed,/home/lkoo/projects/AutomationDetection/DownloadedLC/incremental/quiescent_background_cache.csv,,,,,,False,not_in_flare_streak
4FGL J2253.9+1609,76,77,55215.00001157408,5.15e-06,1.5e-07,3.8e-06,1.2815412128418547e-06,1.1438778896882493e-06,2.9420022568579806e-09,1.1438778896882493e-06,2.9420022568579806e-09,1.2571582e-05,1.2571582e-05,1.1438778896882493e-06,True,True,False,0,False,,,26.702345254305154,3.0,True,True,55061.00001157408,55215.00001157408,weekly,10.0,sigma,computed,/home/lkoo/projects/AutomationDetection/DownloadedLC/incremental/quiescent_background_cache.csv,,,,,,False,not_in_flare_streak
4FGL J2253.9+1609,77,78,55222.00001157408,2.7e-06,1.15e-07,5.15e-06,1.2815412128418547e-06,1.1438778896882493e-06,2.9420022568579806e-09,1.1438778896882493e-06,2.9420022568579806e-09,1.2571582e-05,1.2571582e-05,1.1438778896882493e-06,False,True,False,0,False,,,13.527070798520384,3.0,True,True,55061.00001157408,55222.00001157408,weekly,10.0,sigma,computed,/home/lkoo/projects/AutomationDetection/DownloadedLC/incremental/quiescent_background_cache.csv,,,,,,False,not_in_flare_streak
4FGL J2253.9+1609,78,79,55229.00001157408,2.46e-06,1.16e-07,2.7e-06,1.2815412128418547e-06,1.1438778896882493e-06,2.9420022568579806e-09,1.1438778896882493e-06,2.9420022568579806e-09,1.2571582e-05,1.2571582e-05,1.1438778896882493e-06,False,True,False,0,False,,,11.342232984111213,3.0,True,True,55061.00001157408,55229.00001157408,weekly,10.0,sigma,computed,/home/lkoo/projects/AutomationDetection/DownloadedLC/incremental/quiescent_background_cache.csv,,,,,,False,not_in_flare_streak
4FGL J2253.9+1609,79,80,55236.00001157408,2.98e-06,1.24e-07,2.46e-06,1.2815412128418547e-06,1.1438778896882493e-06,2.9420022568579806e-09,1.1438778896882493e-06,2.9420022568579806e-09,1.2571582e-05,1.2571582e-05,1.1438778896882493e-06,True,True,False,0,False,,,14.803270469973494,3.0,True,True,55061.00001157408,55236.00001157408,weekly,10.0,sigma,computed,/home/lkoo/projects/AutomationDetection/DownloadedLC/incremental/quiescent_background_cache.csv,,,,,,False,not_in_flare_streak
4FGL J2253.9+1609,80,81,55243.00001157408,2.81e-06,1.12e-07,2.98e-06,1.2815412128418547e-06,1.1438778896882493e-06,2.9420022568579806e-09,1.1438778896882493e-06,2.9420022568579806e-09,1.2571582e-05,1.2571582e-05,1.1438778896882493e-06,False,True,False,0,False,,,14.870960663675675,3.0,True,True,55061.00001157408,55243.00001157408,weekly,10.0,sigma,computed,/home/lkoo/projects/AutomationDetection/DownloadedLC/incremental/quiescent_background_cache.csv,,,,,,False,not_in_flare_streak
4FGL J2253.9+1609,81,82,55250.00001157408,3.06e-06,1.19e-07,2.81e-06,1.2815412128418547e-06,1.1438778896882493e-06,2.9420022568579806e-09,1.1438778896882493e-06,2.9420022568579806e-09,1.2571582e-05,1.2571582e-05,1.1438778896882493e-06,True,True,False,0,False,,,16.096947898449894,3.0,True,True,55061.00001157408,55250.00001157408,weekly,10.0,sigma,computed,/home/lkoo/projects/AutomationDetection/DownloadedLC/incremental/quiescent_background_cache.csv,,,,,,False,not_in_flare_streak
4FGL J2253.9+1609,82,83,55257.00001157408,2.85e-06,1.17e-07,3.06e-06,1.2815412128418547e-06,1.1438778896882493e-06,2.9420022568579806e-09,1.1438778896882493e-06,2.9420022568579806e-09,1.2571582e-05,1.2571582e-05,1.1438778896882493e-06,False,True,False,0,False,,,14.577632363335233,3.0,True,True,55061.00001157408,55257.00001157408,weekly,10.0,sigma,computed,/home/lkoo/projects/AutomationDetection/DownloadedLC/incremental/quiescent_background_cache.csv,,,,,,False,not_in_flare_streak
4FGL J2253.9+1609,83,84,55264.00001157408,2.52e-06,1.19e-07,2.85e-06,1.2815412128418547e-06,1.1438778896882493e-06,2.9420022568579806e-09,1.1438778896882493e-06,2.9420022568579806e-09,1.2571582e-05,1.2571582e-05,1.1438778896882493e-06,False,True,False,0,False,,,11.56051892120235,3.0,True,True,55061.00001157408,55264.00001157408,weekly,10.0,sigma,computed,/home/lkoo/projects/AutomationDetection/DownloadedLC/incremental/quiescent_background_cache.csv,,,,,,False,not_in_flare_streak
4FGL J2253.9+1609,84,85,55271.00001157408,2.05e-06,1.08e-07,2.52e-06,1.2815412128418547e-06,1.1438778896882493e-06,2.9420022568579806e-09,1.1438778896882493e-06,2.9420022568579806e-09,1.2571582e-05,1.2571582e-05,1.1438778896882493e-06,False,True,False,0,False,,,8.386908326193199,3.0,True,True,55061.00001157408,55271.00001157408,weekly,10.0,sigma,computed,/home/lkoo/projects/AutomationDetection/DownloadedLC/incremental/quiescent_background_cache.csv,,,,,,False,not_in_flare_streak
4FGL J2253.9+1609,85,86,55278.00001157408,4.44e-06,1.42e-07,2.05e-06,1.2815412128418547e-06,1.1438778896882493e-06,2.9420022568579806e-09,1.1438778896882493e-06,2.9420022568579806e-09,1.2571582e-05,1.2571582e-05,1.1438778896882493e-06,True,True,False,0,False,,,23.207147249165402,3.0,True,True,55061.00001157408,55278.00001157408,weekly,10.0,sigma,computed,/home/lkoo/projects/AutomationDetection/DownloadedLC/incremental/quiescent_background_cache.csv,,,,,,False,not_in_flare_streak
4FGL J2253.9+1609,86,87,55285.00001157408,8.92e-06,1.87e-07,4.44e-06,1.2815412128418547e-06,1.1438778896882493e-06,2.9420022568579806e-09,1.1438778896882493e-06,2.9420022568579806e-09,1.2571582e-05,1.2571582e-05,1.1438778896882493e-06,True,True,False,0,False,,,41.578395361950534,3.0,True,True,55061.00001157408,55285.00001157408,weekly,10.0,sigma,computed,/home/lkoo/projects/AutomationDetection/DownloadedLC/incremental/quiescent_background_cache.csv,,,,,,False,not_in_flare_streak
4FGL J2253.9+1609,87,88,55292.00001157408,1.19e-05,1.6e-07,8.92e-06,1.2815412128418547e-06,1.1438778896882493e-06,2.9420022568579806e-09,1.1438778896882493e-06,2.9420022568579806e-09,1.2571582e-05,1.2571582e-05,1.1438778896882493e-06,True,True,False,0,False,,,67.21440153245017,3.0,True,True,55061.00001157408,55292.00001157408,weekly,10.0,sigma,computed,/home/lkoo/projects/AutomationDetection/DownloadedLC/incremental/quiescent_background_cache.csv,,,,,,False,not_in_flare_streak
4FGL J2253.9+1609,88,89,55299.00001157408,1e-05,1.97e-07,1.19e-05,1.2815412128418547e-06,1.1438778896882493e-06,2.9420022568579806e-09,1.1438778896882493e-06,2.9420022568579806e-09,1.2571582e-05,1.2571582e-05,1.1438778896882493e-06,False,True,False,0,False,,,44.949922371306336,3.0,True,True,55061.00001157408,55299.00001157408,weekly,10.0,sigma,computed,/home/lkoo/projects/AutomationDetection/DownloadedLC/incremental/quiescent_background_cache.csv,,,,,,False,not_in_flare_streak
4FGL J2253.9+1609,89,90,55306.00001157408,5.53e-06,1.5e-07,1e-05,1.2815412128418547e-06,1.1438778896882493e-06,2.9420022568579806e-09,1.1438778896882493e-06,2.9420022568579806e-09,1.2571582e-05,1.2571582e-05,1.1438778896882493e-06,False,True,False,0,False,,,29.235191462491837,3.0,True,True,55061.00001157408,55306.00001157408,weekly,10.0,sigma,computed,/home/lkoo/projects/AutomationDetection/DownloadedLC/incremental/quiescent_background_cache.csv,,,,,,False,not_in_flare_streak
4FGL J2253.9+1609,90,91,55313.00001157408,3.71e-06,1.27e-07,5.53e-06,1.2815412128418547e-06,1.1438778896882493e-06,2.9420022568579806e-09,1.1438778896882493e-06,2.9420022568579806e-09,1.2571582e-05,1.2571582e-05,1.1438778896882493e-06,False,True,False,0,False,,,20.200266555308147,3.0,True,True,55061.00001157408,55313.00001157408,weekly,10.0,sigma,computed,/home/lkoo/projects/AutomationDetection/DownloadedLC/incremental/quiescent_background_cache.csv,,,,,,False,not_in_flare_streak
4FGL J2253.9+1609,91,92,55320.00001157408,7.07e-06,1.62e-07,3.71e-06,1.2815412128418547e-06,1.1438778896882493e-06,2.9420022568579806e-09,1.1438778896882493e-06,2.9420022568579806e-09,1.2571582e-05,1.2571582e-05,1.1438778896882493e-06,True,True,False,0,False,,,36.574969891686486,3.0,True,True,55061.00001157408,55320.00001157408,weekly,10.0,sigma,computed,/home/lkoo/projects/AutomationDetection/DownloadedLC/incremental/quiescent_background_cache.csv,,,,,,False,not_in_flare_streak
4FGL J2253.9+1609,92,93,55327.00001157408,4.66e-06,1.32e-07,7.07e-06,1.2815412128418547e-06,1.1438778896882493e-06,2.9420022568579806e-09,1.1438778896882493e-06,2.9420022568579806e-09,1.2571582e-05,1.2571582e-05,1.1438778896882493e-06,False,True,False,0,False,,,26.63067513773326,3.0,True,True,55061.00001157408,55327.00001157408,weekly,10.0,sigma,computed,/home/lkoo/projects/AutomationDetection/DownloadedLC/incremental/quiescent_background_cache.csv,,,,,,False,not_in_flare_streak
4FGL J2253.9+1609,93,94,55334.00001157408,3.31e-06,1.16e-07,4.66e-06,1.2815412128418547e-06,1.1438778896882493e-06,2.9420022568579806e-09,1.1438778896882493e-06,2.9420022568579806e-09,1.2571582e-05,1.2571582e-05,1.1438778896882493e-06,False,True,False,0,False,,,18.667463645429475,3.0,True,True,55061.00001157408,55334.00001157408,weekly,10.0,sigma,computed,/home/lkoo/projects/AutomationDetection/DownloadedLC/incremental/quiescent_background_cache.csv,,,,,,False,not_in_flare_streak
4FGL J2253.9+1609,94,95,55341.00001157408,2.35e-06,1.05e-07,3.31e-06,1.2815412128418547e-06,1.1438778896882493e-06,2.9420022568579806e-09,1.1438778896882493e-06,2.9420022568579806e-09,1.2571582e-05,1.2571582e-05,1.1438778896882493e-06,False,True,False,0,False,,,11.48237090301326,3.0,True,True,55061.00001157408,55341.00001157408,weekly,10.0,sigma,computed,/home/lkoo/projects/AutomationDetection/DownloadedLC/incremental/quiescent_background_cache.csv,,,,,,False,not_in_flare_streak
4FGL J2253.9+1609,95,96,55348.00001157408,2e-06,9.94e-08,2.35e-06,1.2815412128418547e-06,1.1438778896882493e-06,2.9420022568579806e-09,1.1438778896882493e-06,2.9420022568579806e-09,1.2571582e-05,1.2571582e-05,1.1438778896882493e-06,False,True,False,0,False,,,8.609128442045805,3.0,True,True,55061.00001157408,55348.00001157408,weekly,10.0,sigma,computed,/home/lkoo/projects/AutomationDetection/DownloadedLC/incremental/quiescent_background_cache.csv,,,,,,False,not_in_flare_streak
4FGL J2253.9+1609,96,97,55355.00001157408,2.07e-06,9.77e-08,2e-06,1.2815412128418547e-06,1.1438778896882493e-06,2.9420022568579806e-09,1.1438778896882493e-06,2.9420022568579806e-09,1.2571582e-05,1.2571582e-05,1.1438778896882493e-06,True,True,False,0,False,,,9.474948884741275,3.0,True,True,55061.00001157408,55355.00001157408,weekly,10.0,sigma,computed,/home/lkoo/projects/AutomationDetection/DownloadedLC/incremental/quiescent_background_cache.csv,,,,,,False,not_in_flare_streak
4FGL J2253.9+1609,97,98,55362.00001157408,1.65e-06,8.92e-08,2.07e-06,1.2815412128418547e-06,1.1438778896882493e-06,2.9420022568579806e-09,1.1438778896882493e-06,2.9420022568579806e-09,1.2571582e-05,1.2571582e-05,1.1438778896882493e-06,False,True,False,0,False,,,5.670931057152596,3.0,True,True,55061.00001157408,55362.00001157408,weekly,10.0,sigma,computed,/home/lkoo/projects/AutomationDetection/DownloadedLC/incremental/quiescent_background_cache.csv,,,,,,False,not_in_flare_streak
4FGL J2253.9+1609,98,99,55369.00001157408,1.92e-06,1.03e-07,1.65e-06,1.2815412128418547e-06,1.1438778896882493e-06,2.9420022568579806e-09,1.1438778896882493e-06,2.9420022568579806e-09,1.2571582e-05,1.2571582e-05,1.1438778896882493e-06,True,True,False,0,False,,,7.53209420768767,3.0,True,True,55061.00001157408,55369.00001157408,weekly,10.0,sigma,computed,/home/lkoo/projects/AutomationDetection/DownloadedLC/incremental/quiescent_background_cache.csv,,,,,,False,not_in_flare_streak
4FGL J2253.9+1609,99,100,55376.00001157408,1.51e-06,9.82e-08,1.92e-06,1.2815412128418547e-06,1.1438778896882493e-06,2.9420022568579806e-09,1.1438778896882493e-06,2.9420022568579806e-09,1.2571582e-05,1.2571582e-05,1.1438778896882493e-06,False,True,False,0,False,,,3.7266589891091813,3.0,True,True,55061.00001157408,55376.00001157408,weekly,10.0,sigma,computed,/home/lkoo/projects/AutomationDetection/DownloadedLC/incremental/quiescent_background_cache.csv,,,,,,False,not_in_flare_streak
4FGL J2253.9+1609,100,101,55383.00001157408,1.42e-06,9.18e-08,1.51e-06,1.2815412128418547e-06,1.1438778896882493e-06,2.9420022568579806e-09,1.1438778896882493e-06,2.9420022568579806e-09,1.2571582e-05,1.2571582e-05,1.1438778896882493e-06,False,True,False,0,False,,,3.0063226675766157,3.0,True,True,55061.00001157408,55383.00001157408,weekly,10.0,sigma,computed,/home/lkoo/projects/AutomationDetection/DownloadedLC/incremental/quiescent_background_cache.csv,,,,,,False,not_in_flare_streak
4FGL J2253.9+1609,101,102,55390.00001157408,1.49e-06,9.73e-08,1.42e-06,1.2815412128418547e-06,1.1438778896882493e-06,2.9420022568579806e-09,1.1438778896882493e-06,2.9420022568579806e-09,1.2571582e-05,1.2571582e-05,1.1438778896882493e-06,True,True,False,0,False,,,3.555642336486649,3.0,True,True,55061.00001157408,55390.00001157408,weekly,10.0,sigma,computed,/home/lkoo/projects/AutomationDetection/DownloadedLC/incremental/quiescent_background_cache.csv,,,,,,False,not_in_flare_streak
4FGL J2253.9+1609,102,103,55397.00001157408,1.77e-06,1.03e-07,1.49e-06,1.2815412128418547e-06,1.1438778896882493e-06,2.9420022568579806e-09,1.1438778896882493e-06,2.9420022568579806e-09,1.2571582e-05,1.2571582e-05,1.1438778896882493e-06,True,True,False,0,False,,,6.07637723204407,3.0,True,True,55061.00001157408,55397.00001157408,weekly,10.0,sigma,computed,/home/lkoo/projects/AutomationDetection/DownloadedLC/incremental/quiescent_background_cache.csv,,,,,,False,not_in_flare_streak
4FGL J2253.9+1609,103,104,55404.00001157408,1.25e-06,8.28e-08,1.77e-06,1.2815412128418547e-06,1.1438778896882493e-06,2.9420022568579806e-09,1.1438778896882493e-06,2.9420022568579806e-09,1.2571582e-05,1.2571582e-05,1.1438778896882493e-06,False,True,False,0,False,,,1.2808597225395175,3.0,False,True,55061.00001157408,55404.00001157408,weekly,10.0,sigma,computed,/home/lkoo/projects/AutomationDetection/DownloadedLC/incremental/quiescent_background_cache.csv,,,,,,False,not_in_flare_streak
4FGL J2253.9+1609,104,105,55411.00001157408,2.3e-06,1.02e-07,1.25e-06,1.2815412128418547e-06,1.1438778896882493e-06,2.9420022568579806e-09,1.1438778896882493e-06,2.9420022568579806e-09,1.2571582e-05,1.2571582e-05,1.1438778896882493e-06,True,True,False,0,False,,,11.32981867721418,3.0,True,True,55061.00001157408,55411.00001157408,weekly,10.0,sigma,computed,/home/lkoo/projects/AutomationDetection/DownloadedLC/incremental/quiescent_background_cache.csv,,,,,,False,not_in_flare_streak
4FGL J2253.9+1609,105,106,55418.00001157408,2.43e-06,1.07e-07,2.3e-06,1.2815412128418547e-06,1.1438778896882493e-06,2.9420022568579806e-09,1.1438778896882493e-06,2.9420022568579806e-09,1.2571582e-05,1.2571582e-05,1.1438778896882493e-06,True,True,False,0,False,,,12.015291919375683,3.0,True,True,55061.00001157408,55418.00001157408,weekly,10.0,sigma,computed,/home/lkoo/projects/AutomationDetection/DownloadedLC/incremental/quiescent_background_cache.csv,,,,,,False,not_in_flare_streak
4FGL J2253.9+1609,106,107,55425.00001157408,2.28e-06,1.1e-07,2.43e-06,1.2815412128418547e-06,1.1438778896882493e-06,2.9420022568579806e-09,1.1438778896882493e-06,2.9420022568579806e-09,1.2571582e-05,1.2571582e-05,1.1438778896882493e-06,False,True,False,0,False,,,10.324690750005313,3.0,True,True,55061.00001157408,55425.00001157408,weekly,10.0,sigma,computed,/home/lkoo/projects/AutomationDetection/DownloadedLC/incremental/quiescent_background_cache.csv,,,,,,False,not_in_flare_streak
4FGL J2253.9+1609,107,108,55432.00001157408,3.03e-06,1.24e-07,2.28e-06,1.2815412128418547e-06,1.1438778896882493e-06,2.9420022568579806e-09,1.1438778896882493e-06,2.9420022568579806e-09,1.2571582e-05,1.2571582e-05,1.1438778896882493e-06,True,True,False,0,False,,,15.2063828334388,3.0,True,True,55061.00001157408,55432.00001157408,weekly,10.0,sigma,computed,/home/lkoo/projects/AutomationDetection/DownloadedLC/incremental/quiescent_background_cache.csv,,,,,,False,not_in_flare_streak
4FGL J2253.9+1609,108,109,55439.00001157408,1.97e-06,1.04e-07,3.03e-06,1.2815412128418547e-06,1.1438778896882493e-06,2.9420022568579806e-09,1.1438778896882493e-06,2.9420022568579806e-09,1.2571582e-05,1.2571582e-05,1.1438778896882493e-06,False,True,False,0,False,,,7.9403053970868305,3.0,True,True,55061.00001157408,55439.00001157408,weekly,10.0,sigma,computed,/home/lkoo/projects/AutomationDetection/DownloadedLC/incremental/quiescent_background_cache.csv,,,,,,False,not_in_flare_streak
4FGL J2253.9+1609,109,110,55446.00001157408,2.14e-06,1.11e-07,1.97e-06,1.2815412128418547e-06,1.1438778896882493e-06,2.9420022568579806e-09,1.1438778896882493e-06,2.9420022568579806e-09,1.2571582e-05,1.2571582e-05,1.1438778896882493e-06,True,True,False,0,False,,,8.9709226280756,3.0,True,True,55061.00001157408,55446.00001157408,weekly,10.0,sigma,computed,/home/lkoo/projects/AutomationDetection/DownloadedLC/incremental/quiescent_background_cache.csv,,,,,,False,not_in_flare_streak
4FGL J2253.9+1609,110,111,55453.00001157408,3.67e-06,1.3e-07,2.14e-06,1.2815412128418547e-06,1.1438778896882493e-06,2.9420022568579806e-09,1.1438778896882493e-06,2.9420022568579806e-09,1.2571582e-05,1.2571582e-05,1.1438778896882493e-06,True,True,False,0,False,,,19.4267344523259,3.0,True,True,55061.00001157408,55453.00001157408,weekly,10.0,sigma,computed,/home/lkoo/projects/AutomationDetection/DownloadedLC/incremental/quiescent_background_cache.csv,,,,,,False,not_in_flare_streak
4FGL J2253.9+1609,111,112,55460.00001157408,4.11e-06,1.42e-07,3.67e-06,1.2815412128418547e-06,1.1438778896882493e-06,2.9420022568579806e-09,1.1438778896882493e-06,2.9420022568579806e-09,1.2571582e-05,1.2571582e-05,1.1438778896882493e-06,True,True,False,0,False,,,20.883702201948914,3.0,True,True,55061.00001157408,55460.00001157408,weekly,10.0,sigma,computed,/home/lkoo/projects/AutomationDetection/DownloadedLC/incremental/quiescent_background_cache.csv,,,,,,False,not_in_flare_streak
4FGL J2253.9+1609,112,113,55467.00001157408,2.31e-06,1.05e-07,4.11e-06,1.2815412128418547e-06,1.1438778896882493e-06,2.9420022568579806e-09,1.1438778896882493e-06,2.9420022568579806e-09,1.2571582e-05,1.2571582e-05,1.1438778896882493e-06,False,True,False,0,False,,,11.101567970877463,3.0,True,True,55061.00001157408,55467.00001157408,weekly,10.0,sigma,computed,/home/lkoo/projects/AutomationDetection/DownloadedLC/incremental/quiescent_background_cache.csv,,,,,,False,not_in_flare_streak
4FGL J2253.9+1609,113,114,55474.00001157408,2.36e-06,1.06e-07,2.31e-06,1.2815412128418547e-06,1.1438778896882493e-06,2.9420022568579806e-09,1.1438778896882493e-06,2.9420022568579806e-09,1.2571582e-05,1.2571582e-05,1.1438778896882493e-06,True,True,False,0,False,,,11.468433734170688,3.0,True,True,55061.00001157408,55474.00001157408,weekly,10.0,sigma,computed,/home/lkoo/projects/AutomationDetection/DownloadedLC/incremental/quiescent_background_cache.csv,,,,,,False,not_in_flare_streak
4FGL J2253.9+1609,114,115,55481.00001157408,3.53e-06,1.29e-07,2.36e-06,1.2815412128418547e-06,1.1438778896882493e-06,2.9420022568579806e-09,1.1438778896882493e-06,2.9420022568579806e-09,1.2571582e-05,1.2571582e-05,1.1438778896882493e-06,True,True,False,0,False,,,18.49226211652173,3.0,True,True,55061.00001157408,55481.00001157408,weekly,10.0,sigma,computed,/home/lkoo/projects/AutomationDetection/DownloadedLC/incremental/quiescent_background_cache.csv,,,,,,False,not_in_flare_streak
4FGL J2253.9+1609,115,116,55488.00001157408,4.04e-06,1.28e-07,3.53e-06,1.2815412128418547e-06,1.1438778896882493e-06,2.9420022568579806e-09,1.1438778896882493e-06,2.9420022568579806e-09,1.2571582e-05,1.2571582e-05,1.1438778896882493e-06,True,True,False,0,False,,,22.619979908147904,3.0,True,True,55061.00001157408,55488.00001157408,weekly,10.0,sigma,computed,/home/lkoo/projects/AutomationDetection/DownloadedLC/incremental/quiescent_background_cache.csv,,,,,,False,not_in_flare_streak
4FGL J2253.9+1609,116,117,55495.00001157408,6.02e-06,1.47e-07,4.04e-06,1.2815412128418547e-06,1.1438778896882493e-06,2.9420022568579806e-09,1.1438778896882493e-06,2.9420022568579806e-09,1.2571582e-05,1.2571582e-05,1.1438778896882493e-06,True,True,False,0,False,,,33.16425748551993,3.0,True,True,55061.00001157408,55495.00001157408,weekly,10.0,sigma,computed,/home/lkoo/projects/AutomationDetection/DownloadedLC/incremental/quiescent_background_cache.csv,,,,,,False,not_in_flare_streak
4FGL J2253.9+1609,117,118,55502.00001157408,1.05e-05,1.86e-07,6.02e-06,1.2815412128418547e-06,1.1438778896882493e-06,2.9420022568579806e-09,1.1438778896882493e-06,2.9420022568579806e-09,1.2571582e-05,1.2571582e-05,1.1438778896882493e-06,True,True,False,0,False,,,50.295440603634056,3.0,True,True,55061.00001157408,55502.00001157408,weekly,10.0,sigma,computed,/home/lkoo/projects/AutomationDetection/DownloadedLC/incremental/quiescent_background_cache.csv,,,,,,False,not_in_flare_streak
4FGL J2253.9+1609,118,119,55509.00001157408,9.73e-06,1.83e-07,1.05e-05,1.2815412128418547e-06,1.1438778896882493e-06,2.9420022568579806e-09,1.1438778896882493e-06,2.9420022568579806e-09,1.2571582e-05,1.2571582e-05,1.1438778896882493e-06,False,True,False,0,False,,,46.9126380606356,3.0,True,True,55061.00001157408,55509.00001157408,weekly,10.0,sigma,computed,/home/lkoo/projects/AutomationDetection/DownloadedLC/incremental/quiescent_background_cache.csv,,,,,,False,not_in_flare_streak
4FGL J2253.9+1609,119,120,55516.00001157408,4.19e-05,3.63e-07,9.73e-06,1.2815412128418547e-06,1.1438778896882493e-06,2.9420022568579806e-09,1.1438778896882493e-06,2.9420022568579806e-09,1.2571582e-05,1.2571582e-05,1.1438778896882493e-06,True,True,False,0,False,,,112.2721311931869,3.0,True,True,55061.00001157408,55516.00001157408,weekly,10.0,sigma,computed,/home/lkoo/projects/AutomationDetection/DownloadedLC/incremental/quiescent_background_cache.csv,,,,,,False,not_in_flare_streak
4FGL J2253.9+1609,120,121,55523.00001157408,2.23e-05,2.71e-07,4.19e-05,1.2815412128418547e-06,1.1438778896882493e-06,2.9420022568579806e-09,1.1438778896882493e-06,2.9420022568579806e-09,1.2571582e-05,1.2571582e-05,1.1438778896882493e-06,False,True,False,0,False,,,78.06227138304963,3.0,True,True,55061.00001157408,55523.00001157408,weekly,10.0,sigma,computed,/home/lkoo/projects/AutomationDetection/DownloadedLC/incremental/quiescent_background_cache.csv,,,,,,False,not_in_flare_streak
4FGL J2253.9+1609,121,122,55530.00001157408,1.54e-05,2.24e-07,2.23e-05,1.2815412128418547e-06,1.1438778896882493e-06,2.9420022568579806e-09,1.1438778896882493e-06,2.9420022568579806e-09,1.2571582e-05,1.2571582e-05,1.1438778896882493e-06,False,True,False,0,False,,,63.63791373384402,3.0,True,True,55061.00001157408,55530.00001157408,weekly,10.0,sigma,computed,/home/lkoo/projects/AutomationDetection/DownloadedLC/incremental/quiescent_background_cache.csv,,,,,,False,not_in_flare_streak
4FGL J2253.9+1609,122,123,55537.00001157408,1.19e-05,1.95e-07,1.54e-05,1.2815412128418547e-06,1.1438778896882493e-06,2.9420022568579806e-09,1.1438778896882493e-06,2.9420022568579806e-09,1.2571582e-05,1.2571582e-05,1.1438778896882493e-06,False,True,False,0,False,,,55.153323831135054,3.0,True,True,55061.00001157408,55537.00001157408,weekly,10.0,sigma,computed,/home/lkoo/projects/AutomationDetection/DownloadedLC/incremental/quiescent_background_cache.csv,,,,,,False,not_in_flare_streak
4FGL J2253.9+1609,123,124,55544.00001157408,1.63e-05,2.2e-07,1.19e-05,1.2815412128418547e-06,1.1438778896882493e-06,2.9420022568579806e-09,1.1438778896882493e-06,2.9420022568579806e-09,1.2571582e-05,1.2571582e-05,1.1438778896882493e-06,True,True,False,0,False,,,68.8853050298207,3.0,True,True,55061.00001157408,55544.00001157408,weekly,10.0,sigma,computed,/home/lkoo/projects/AutomationDetection/DownloadedLC/incremental/quiescent_background_cache.csv,,,,,,False,not_in_flare_streak
4FGL J2253.9+1609,124,125,55551.00001157408,1.34e-05,2.09e-07,1.63e-05,1.2815412128418547e-06,1.1438778896882493e-06,2.9420022568579806e-09,1.1438778896882493e-06,2.9420022568579806e-09,1.2571582e-05,1.2571582e-05,1.1438778896882493e-06,False,True,False,0,False,,,58.635923527490284,3.0,True,True,55061.00001157408,55551.00001157408,weekly,10.0,sigma,computed,/home/lkoo/projects/AutomationDetection/DownloadedLC/incremental/quiescent_background_cache.csv,,,,,,False,not_in_flare_streak
4FGL J2253.9+1609,125,126,55558.00001157408,8.77e-06,2.22e-07,1.34e-05,1.2815412128418547e-06,1.1438778896882493e-06,2.9420022568579806e-09,1.1438778896882493e-06,2.9420022568579806e-09,1.2571582e-05,1.2571582e-05,1.1438778896882493e-06,False,True,False,0,False,,,34.34888531236324,3.0,True,True,55061.00001157408,55558.00001157408,weekly,10.0,sigma,computed,/home/lkoo/projects/AutomationDetection/DownloadedLC/incremental/quiescent_background_cache.csv,,,,,,False,not_in_flare_streak
4FGL J2253.9+1609,126,127,55565.00001157408,1.22e-05,2.25e-07,8.77e-06,1.2815412128418547e-06,1.1438778896882493e-06,2.9420022568579806e-09,1.1438778896882493e-06,2.9420022568579806e-09,1.2571582e-05,1.2571582e-05,1.1438778896882493e-06,True,True,False,0,False,,,49.1341204292984,3.0,True,True,55061.00001157408,55565.00001157408,weekly,10.0,sigma,computed,/home/lkoo/projects/AutomationDetection/DownloadedLC/incremental/quiescent_background_cache.csv,,,,,,False,not_in_flare_streak
4FGL J2253.9+1609,127,128,55572.00001157408,6.27e-06,1.6e-07,1.22e-05,1.2815412128418547e-06,1.1438778896882493e-06,2.9420022568579806e-09,1.1438778896882493e-06,2.9420022568579806e-09,1.2571582e-05,1.2571582e-05,1.1438778896882493e-06,False,True,False,0,False,,,32.032848483241935,3.0,True,True,55061.00001157408,55572.00001157408,weekly,10.0,sigma,computed,/home/lkoo/projects/AutomationDetection/DownloadedLC/incremental/quiescent_background_cache.csv,,,,,,False,not_in_flare_streak
4FGL J2253.9+1609,128,129,55579.00001157408,6.2e-06,1.57e-07,6.27e-06,1.2815412128418547e-06,1.1438778896882493e-06,2.9420022568579806e-09,1.1438778896882493e-06,2.9420022568579806e-09,1.2571582e-05,1.2571582e-05,1.1438778896882493e-06,False,True,False,0,False,,,32.19894667263706,3.0,True,True,55061.00001157408,55579.00001157408,weekly,10.0,sigma,computed,/home/lkoo/projects/AutomationDetection/DownloadedLC/incremental/quiescent_background_cache.csv,,,,,,False,not_in_flare_streak
4FGL J2253.9+1609,129,130,55586.00001157408,3.51e-06,1.27e-07,6.2e-06,1.2815412128418547e-06,1.1438778896882493e-06,2.9420022568579806e-09,1.1438778896882493e-06,2.9420022568579806e-09,1.2571582e-05,1.2571582e-05,1.1438778896882493e-06,False,True,False,0,False,,,18.625885782535484,3.0,True,True,55061.00001157408,55586.00001157408,weekly,10.0,sigma,computed,/home/lkoo/projects/AutomationDetection/DownloadedLC/incremental/quiescent_background_cache.csv,,,,,,False,not_in_flare_streak
4FGL J2253.9+1609,130,131,55593.00001157408,2.97e-06,1.21e-07,3.51e-06,1.2815412128418547e-06,1.1438778896882493e-06,2.9420022568579806e-09,1.1438778896882493e-06,2.9420022568579806e-09,1.2571582e-05,1.2571582e-05,1.1438778896882493e-06,False,True,False,0,False,,,15.087459269775882,3.0,True,True,55061.00001157408,55593.00001157408,weekly,10.0,sigma,computed,/home/lkoo/projects/AutomationDetection/DownloadedLC/incremental/quiescent_background_cache.csv,,,,,,False,not_in_flare_streak
4FGL J2253.9+1609,131,132,55600.00001157408,2.75e-06,1.25e-07,2.97e-06,1.2815412128418547e-06,1.1438778896882493e-06,2.9420022568579806e-09,1.1438778896882493e-06,2.9420022568579806e-09,1.2571582e-05,1.2571582e-05,1.1438778896882493e-06,False,True,False,0,False,,,12.845419552585062,3.0,True,True,55061.00001157408,55600.00001157408,weekly,10.0,sigma,computed,/home/lkoo/projects/AutomationDetection/DownloadedLC/incremental/quiescent_background_cache.csv,,,,,,False,not_in_flare_streak
4FGL J2253.9+1609,132,133,55607.00001157408,3.02e-06,1.26e-07,2.75e-06,1.2815412128418547e-06,1.1438778896882493e-06,2.9420022568579806e-09,1.1438778896882493e-06,2.9420022568579806e-09,1.2571582e-05,1.2571582e-05,1.1438778896882493e-06,True,True,False,0,False,,,14.885800804121427,3.0,True,True,55061.00001157408,55607.00001157408,weekly,10.0,sigma,computed,/home/lkoo/projects/AutomationDetection/DownloadedLC/incremental/quiescent_background_cache.csv,,,,,,False,not_in_flare_streak
4FGL J2253.9+1609,133,134,55614.00001157408,2.6e-06,1.15e-07,3.02e-06,1.2815412128418547e-06,1.1438778896882493e-06,2.9420022568579806e-09,1.1438778896882493e-06,2.9420022568579806e-09,1.2571582e-05,1.2571582e-05,1.1438778896882493e-06,False,True,False,0,False,,,12.657789994084647,3.0,True,True,55061.00001157408,55614.00001157408,weekly,10.0,sigma,computed,/home/lkoo/projects/AutomationDetection/DownloadedLC/incremental/quiescent_background_cache.csv,,,,,,False,not_in_flare_streak
4FGL J2253.9+1609,134,135,55621.00001157408,2.93e-06,1.21e-07,2.6e-06,1.2815412128418547e-06,1.1438778896882493e-06,2.9420022568579806e-09,1.1438778896882493e-06,2.9420022568579806e-09,1.2571582e-05,1.2571582e-05,1.1438778896882493e-06,True,True,False,0,False,,,14.756978428772316,3.0,True,True,55061.00001157408,55621.00001157408,weekly,10.0,sigma,computed,/home/lkoo/projects/AutomationDetection/DownloadedLC/incremental/quiescent_background_cache.csv,,,,,,False,not_in_flare_streak
4FGL J2253.9+1609,135,136,55628.00001157408,2.26e-06,1.08e-07,2.93e-06,1.2815412128418547e-06,1.1438778896882493e-06,2.9420022568579806e-09,1.1438778896882493e-06,2.9420022568579806e-09,1.2571582e-05,1.2571582e-05,1.1438778896882493e-06,False,True,False,0,False,,,10.33063172556441,3.0,True,True,55061.00001157408,55628.00001157408,weekly,10.0,sigma,computed,/home/lkoo/projects/AutomationDetection/DownloadedLC/incremental/quiescent_background_cache.csv,,,,,,False,not_in_flare_streak
4FGL J2253.9+1609,136,137,55635.00001157408,2.96e-06,1.18e-07,2.26e-06,1.2815412128418547e-06,1.1438778896882493e-06,2.9420022568579806e-09,1.1438778896882493e-06,2.9420022568579806e-09,1.2571582e-05,1.2571582e-05,1.1438778896882493e-06,True,True,False,0,False,,,15.386083968724881,3.0,True,True,55061.00001157408,55635.00001157408,weekly,10.0,sigma,computed,/home/lkoo/projects/AutomationDetection/DownloadedLC/incremental/quiescent_background_cache.csv,,,,,,False,not_in_flare_streak
4FGL J2253.9+1609,137,138,55642.00001157408,1.49e-06,6.16e-08,2.96e-06,1.2815412128418547e-06,1.1438778896882493e-06,2.9420022568579806e-09,1.1438778896882493e-06,2.9420022568579806e-09,1.2571582e-05,1.2571582e-05,1.1438778896882493e-06,False,True,False,0,False,,,5.612468063737927,3.0,True,True,55061.00001157408,55642.00001157408,weekly,10.0,sigma,computed,/home/lkoo/projects/AutomationDetection/DownloadedLC/incremental/quiescent_background_cache.csv,,,,,,False,not_in_flare_streak
4FGL J2253.9+1609,138,139,55649.00001157408,7.17e-07,6.86e-08,1.49e-06,1.2815412128418547e-06,1.1438778896882493e-06,2.9420022568579806e-09,1.1438778896882493e-06,2.9420022568579806e-09,1.2571582e-05,1.2571582e-05,1.1438778896882493e-06,False,False,False,0,False,,,-6.216995123917378,3.0,False,False,,,weekly,10.0,sigma,computed,/home/lkoo/projects/AutomationDetection/DownloadedLC/incremental/quiescent_background_cache.csv,,,,,,False,not_in_flare_streak
4FGL J2253.9+1609,139,140,55656.00001157408,9.29e-07,7.27e-08,7.17e-07,1.2815412128418547e-06,1.1438778896882493e-06,2.9420022568579806e-09,1.1438778896882493e-06,2.9420022568579806e-09,1.2571582e-05,1.2571582e-05,1.1438778896882493e-06,True,False,False,0,False,,,-2.9532621690557015,3.0,False,False,,,weekly,10.0,sigma,computed,/home/lkoo/projects/AutomationDetection/DownloadedLC/incremental/quiescent_background_cache.csv,,,,,,False,not_in_flare_streak
4FGL J2253.9+1609,140,141,55663.00001157408,5.57e-07,8.19e-08,9.29e-07,1.2815412128418547e-06,1.1438778896882493e-06,2.9420022568579806e-09,1.1438778896882493e-06,2.9420022568579806e-09,1.2571582e-05,1.2571582e-05,1.1438778896882493e-06,False,False,False,0,False,,,-7.16116736870608,3.0,False,False,,,weekly,10.0,sigma,computed,/home/lkoo/projects/AutomationDetection/DownloadedLC/incremental/quiescent_background_cache.csv,,,,,,False,not_in_flare_streak
4FGL J2253.9+1609,141,142,55670.00001157408,7.22e-07,6.61e-08,5.57e-07,1.2815412128418547e-06,1.1438778896882493e-06,2.9420022568579806e-09,1.1438778896882493e-06,2.9420022568579806e-09,1.2571582e-05,1.2571582e-05,1.1438778896882493e-06,True,False,False,0,False,,,-6.376106517407231,3.0,False,False,,,weekly,10.0,sigma,computed,/home/lkoo/projects/AutomationDetection/DownloadedLC/incremental/quiescent_background_cache.csv,,,,,,False,not_in_flare_streak
4FGL J2253.9+1609,142,143,55677.00001157408,8.59e-07,7.1e-08,7.22e-07,1.2815412128418547e-06,1.1438778896882493e-06,2.9420022568579806e-09,1.1438778896882493e-06,2.9420022568579806e-09,1.2571582e-05,1.2571582e-05,1.1438778896882493e-06,True,False,False,0,False,,,-4.008924465743796,3.0,False,False,,,weekly,10.0,sigma,computed,/home/lkoo/projects/AutomationDetection/DownloadedLC/incremental/quiescent_background_cache.csv,,,,,,False,not_in_flare_streak
4FGL J2253.9+1609,143,144,55684.00001157408,5.47e-07,5.87e-08,8.59e-07,1.2815412128418547e-06,1.1438778896882493e-06,2.9420022568579806e-09,1.1438778896882493e-06,2.9420022568579806e-09,1.2571582e-05,1.2571582e-05,1.1438778896882493e-06,False,False,False,0,False,,,-10.155530450008534,3.0,False,False,,,weekly,10.0,sigma,computed,/home/lkoo/projects/AutomationDetection/DownloadedLC/incremental/quiescent_background_cache.csv,,,,,,False,not_in_flare_streak
4FGL J2253.9+1609,144,145,55691.00001157408,6.69e-07,6.46e-08,5.47e-07,1.2815412128418547e-06,1.1438778896882493e-06,2.9420022568579806e-09,1.1438778896882493e-06,2.9420022568579806e-09,1.2571582e-05,1.2571582e-05,1.1438778896882493e-06,True,False,False,0,False,,,-7.343439507595384,3.0,False,False,,,weekly,10.0,sigma,computed,/home/lkoo/projects/AutomationDetection/DownloadedLC/incremental/quiescent_background_cache.csv,,,,,,False,not_in_flare_streak
4FGL J2253.9+1609,145,146,55698.00001157408,5.7e-07,6.02e-08,6.69e-07,1.2815412128418547e-06,1.1438778896882493e-06,2.9420022568579806e-09,1.1438778896882493e-06,2.9420022568579806e-09,1.2571582e-05,1.2571582e-05,1.1438778896882493e-06,False,False,False,0,False,,,-9.521491893283462,3.0,False,False,,,weekly,10.0,sigma,computed,/home/lkoo/projects/AutomationDetection/DownloadedLC/incremental/quiescent_background_cache.csv,,,,,,False,not_in_flare_streak
4FGL J2253.9+1609,146,147,55705.00001157408,5.48e-07,6.11e-08,5.7e-07,1.2815412128418547e-06,1.1438778896882493e-06,2.9420022568579806e-09,1.1438778896882493e-06,2.9420022568579806e-09,1.2571582e-05,1.2571582e-05,1.1438778896882493e-06,False,False,False,0,False,,,-9.741216410300142,3.0,False,False,,,weekly,10.0,sigma,computed,/home/lkoo/projects/AutomationDetection/DownloadedLC/incremental/quiescent_background_cache.csv,,,,,,False,not_in_flare_streak
4FGL J2253.9+1609,147,148,55712.00001157408,5.02e-07,6.14e-08,5.48e-07,1.2815412128418547e-06,1.1438778896882493e-06,2.9420022568579806e-09,1.1438778896882493e-06,2.9420022568579806e-09,1.2571582e-05,1.2571582e-05,1.1438778896882493e-06,False,False,False,0,False,,,-10.442057306189081,3.0,False,False,,,weekly,10.0,sigma,computed,/home/lkoo/projects/AutomationDetection/DownloadedLC/incremental/quiescent_background_cache.csv,,,,,,False,not_in_flare_streak
4FGL J2253.9+1609,148,149,55719.00001157408,4.66e-07,6.37e-08,5.02e-07,1.2815412128418547e-06,1.1438778896882493e-06,2.9420022568579806e-09,1.1438778896882493e-06,2.9420022568579806e-09,1.2571582e-05,1.2571582e-05,1.1438778896882493e-06,False,False,False,0,False,,,-10.630393412830035,3.0,False,False,,,weekly,10.0,sigma,computed,/home/lkoo/projects/AutomationDetection/DownloadedLC/incremental/quiescent_background_cache.csv,,,,,,False,not_in_flare_streak
4FGL J2253.9+1609,149,150,55726.00001157408,3.36e-07,5.23e-08,4.66e-07,1.2815412128418547e-06,1.1438778896882493e-06,2.9420022568579806e-09,1.1438778896882493e-06,2.9420022568579806e-09,1.2571582e-05,1.2571582e-05,1.1438778896882493e-06,False,False,False,0,False,,,-15.422614083292226,3.0,False,False,,,weekly,10.0,sigma,computed,/home/lkoo/projects/AutomationDetection/DownloadedLC/incremental/quiescent_background_cache.csv,,,,,,False,not_in_flare_streak
4FGL J2253.9+1609,150,151,55733.00001157408,2.71e-07,4.96e-08,3.36e-07,1.2815412128418547e-06,1.1438778896882493e-06,2.9420022568579806e-09,1.1438778896882493e-06,2.9420022568579806e-09,1.2571582e-05,1.2571582e-05,1.1438778896882493e-06,False,False,False,0,False,,,-17.567468598119667,3.0,False,False,,,weekly,10.0,sigma,computed,/home/lkoo/projects/AutomationDetection/DownloadedLC/incremental/quiescent_background_cache.csv,,,,,,False,not_in_flare_streak
4FGL J2253.9+1609,151,152,55740.00001157408,3.46e-07,5.4e-08,2.71e-07,1.2815412128418547e-06,1.1438778896882493e-06,2.9420022568579806e-09,1.1438778896882493e-06,2.9420022568579806e-09,1.2571582e-05,1.2571582e-05,1.1438778896882493e-06,True,False,False,0,False,,,-14.753636559494126,3.0,False,False,,,weekly,10.0,sigma,computed,/home/lkoo/projects/AutomationDetection/DownloadedLC/incremental/quiescent_background_cache.csv,,,,,,False,not_in_flare_streak
4FGL J2253.9+1609,152,153,55747.00001157408,3.01e-07,5.24e-08,3.46e-07,1.2815412128418547e-06,1.1438778896882493e-06,2.9420022568579806e-09,1.1438778896882493e-06,2.9420022568579806e-09,1.2571582e-05,1.2571582e-05,1.1438778896882493e-06,False,False,False,0,False,,,-16.060162841102567,3.0,False,False,,,weekly,10.0,sigma,computed,/home/lkoo/projects/AutomationDetection/DownloadedLC/incremental/quiescent_background_cache.csv,,,,,,False,not_in_flare_streak
4FGL J2253.9+1609,153,154,55754.00001157408,2.09e-07,4.64e-08,3.01e-07,1.2815412128418547e-06,1.1438778896882493e-06,2.9420022568579806e-09,1.1438778896882493e-06,2.9420022568579806e-09,1.2571582e-05,1.2571582e-05,1.1438778896882493e-06,False,False,False,0,False,,,-20.107851908235258,3.0,False,False,,,weekly,10.0,sigma,computed,/home/lkoo/projects/AutomationDetection/DownloadedLC/incremental/quiescent_background_cache.csv,,,,,,False,not_in_flare_streak
4FGL J2253.9+1609,154,155,55761.00001157408,1.65e-07,4.37e-08,2.09e-07,1.2815412128418547e-06,1.1438778896882493e-06,2.9420022568579806e-09,1.1438778896882493e-06,2.9420022568579806e-09,1.2571582e-05,1.2571582e-05,1.1438778896882493e-06,False,False,False,0,False,,,-22.34936143954247,3.0,False,False,,,weekly,10.0,sigma,computed,/home/lkoo/projects/AutomationDetection/DownloadedLC/incremental/quiescent_background_cache.csv,,,,,,False,not_in_flare_streak
4FGL J2253.9+1609,155,156,55768.00001157408,1.18e-07,4.78e-08,1.65e-07,1.2815412128418547e-06,1.1438778896882493e-06,2.9420022568579806e-09,1.1438778896882493e-06,2.9420022568579806e-09,1.2571582e-05,1.2571582e-05,1.1438778896882493e-06,False,False,False,0,False,,,-21.421344971883933,3.0,False,False,,,weekly,10.0,sigma,computed,/home/lkoo/projects/AutomationDetection/DownloadedLC/incremental/quiescent_background_cache.csv,,,,,,False,not_in_flare_streak
4FGL J2253.9+1609,156,157,55775.00001157408,1.79e-07,4.34e-08,1.18e-07,1.2815412128418547e-06,1.1438778896882493e-06,2.9420022568579806e-09,1.1438778896882493e-06,2.9420022568579806e-09,1.2571582e-05,1.2571582e-05,1.1438778896882493e-06,True,False,False,0,False,,,-22.18130384026345,3.0,False,False,,,weekly,10.0,sigma,computed,/home/lkoo/projects/AutomationDetection/DownloadedLC/incremental/quiescent_background_cache.csv,,,,,,False,not_in_flare_streak
4FGL J2253.9+1609,157,158,55782.00001157408,8.23e-08,3.29e-08,1.79e-07,1.2815412128418547e-06,1.1438778896882493e-06,2.9420022568579806e-09,1.1438778896882493e-06,2.9420022568579806e-09,1.2571582e-05,1.2571582e-05,1.1438778896882493e-06,False,False,False,0,False,,,-32.1385646929533,3.0,False,False,,,weekly,10.0,sigma,computed,/home/lkoo/projects/AutomationDetection/DownloadedLC/incremental/quiescent_background_cache.csv,,,,,,False,not_in_flare_streak
4FGL J2253.9+1609,158,159,55789.00001157408,5.78e-08,3.1e-08,8.23e-08,1.2815412128418547e-06,1.1438778896882493e-06,2.9420022568579806e-09,1.1438778896882493e-06,2.9420022568579806e-09,1.2571582e-05,1.2571582e-05,1.1438778896882493e-06,False,False,False,0,False,,,-34.87805573493329,3.0,False,False,,,weekly,10.0,sigma,computed,/home/lkoo/projects/AutomationDetection/DownloadedLC/incremental/quiescent_background_cache.csv,,,,,,False,not_in_flare_streak
4FGL J2253.9+1609,159,160,55831.00001157408,6.42e-08,3.16e-08,5.78e-08,1.2815412128418547e-06,1.1438778896882493e-06,2.9420022568579806e-09,1.1438778896882493e-06,2.9420022568579806e-09,1.2571582e-05,1.2571582e-05,1.1438778896882493e-06,True,False,False,0,False,,,-34.019900096757155,3.0,False,False,,,weekly,10.0,sigma,computed,/home/lkoo/projects/AutomationDetection/DownloadedLC/incremental/quiescent_background_cache.csv,,,,,,False,not_in_flare_streak
4FGL J2253.9+1609,160,161,55838.00001157408,6.04e-08,3.26e-08,6.42e-08,1.2815412128418547e-06,1.1438778896882493e-06,2.9420022568579806e-09,1.1438778896882493e-06,2.9420022568579806e-09,1.2571582e-05,1.2571582e-05,1.1438778896882493e-06,False,False,False,0,False,,,-33.101000101126324,3.0,False,False,,,weekly,10.0,sigma,computed,/home/lkoo/projects/AutomationDetection/DownloadedLC/incremental/quiescent_background_cache.csv,,,,,,False,not_in_flare_streak
4FGL J2253.9+1609,161,162,55845.00001157408,9.96e-08,4.48e-08,6.04e-08,1.2815412128418547e-06,1.1438778896882493e-06,2.9420022568579806e-09,1.1438778896882493e-06,2.9420022568579806e-09,1.2571582e-05,1.2571582e-05,1.1438778896882493e-06,True,False,False,0,False,,,-23.259674505984055,3.0,False,False,,,weekly,10.0,sigma,computed,/home/lkoo/projects/AutomationDetection/DownloadedLC/incremental/quiescent_background_cache.csv,,,,,,False,not_in_flare_streak
4FGL J2253.9+1609,162,163,55901.00001157408,6.54e-08,4.07e-08,9.96e-08,1.2815412128418547e-06,1.1438778896882493e-06,2.9420022568579806e-09,1.1438778896882493e-06,2.9420022568579806e-09,1.2571582e-05,1.2571582e-05,1.1438778896882493e-06,False,False,False,0,False,,,-26.429270010211443,3.0,False,False,,,weekly,10.0,sigma,computed,/home/lkoo/projects/AutomationDetection/DownloadedLC/incremental/quiescent_background_cache.csv,,,,,,False,not_in_flare_streak
4FGL J2253.9+1609,163,164,55908.00001157408,7.9e-08,4.12e-08,6.54e-08,1.2815412128418547e-06,1.1438778896882493e-06,2.9420022568579806e-09,1.1438778896882493e-06,2.9420022568579806e-09,1.2571582e-05,1.2571582e-05,1.1438778896882493e-06,True,False,False,0,False,,,-25.780904887770696,3.0,False,False,,,weekly,10.0,sigma,computed,/home/lkoo/projects/AutomationDetection/DownloadedLC/incremental/quiescent_background_cache.csv,,,,,,False,not_in_flare_streak
4FGL J2253.9+1609,164,165,55915.00001157408,7.96e-08,3.58e-08,7.9e-08,1.2815412128418547e-06,1.1438778896882493e-06,2.9420022568579806e-09,1.1438778896882493e-06,2.9420022568579806e-09,1.2571582e-05,1.2571582e-05,1.1438778896882493e-06,True,False,False,0,False,,,-29.628554857028245,3.0,False,False,,,weekly,10.0,sigma,computed,/home/lkoo/projects/AutomationDetection/DownloadedLC/incremental/quiescent_background_cache.csv,,,,,,False,not_in_flare_streak
4FGL J2253.9+1609,165,166,55922.00001157408,1.13e-07,4.61e-08,7.96e-08,1.2815412128418547e-06,1.1438778896882493e-06,2.9420022568579806e-09,1.1438778896882493e-06,2.9420022568579806e-09,1.2571582e-05,1.2571582e-05,1.1438778896882493e-06,True,False,False,0,False,,,-22.31637838694053,3.0,False,False,,,weekly,10.0,sigma,computed,/home/lkoo/projects/AutomationDetection/DownloadedLC/incremental/quiescent_background_cache.csv,,,,,,False,not_in_flare_streak
4FGL J2253.9+1609,166,167,55950.00001157408,2.83e-08,2.16e-08,1.13e-07,1.2815412128418547e-06,1.1438778896882493e-06,2.9420022568579806e-09,1.1438778896882493e-06,2.9420022568579806e-09,1.2571582e-05,1.2571582e-05,1.1438778896882493e-06,False,False,False,0,False,,,-51.174623416784925,3.0,False,False,,,weekly,10.0,sigma,computed,/home/lkoo/projects/AutomationDetection/DownloadedLC/incremental/quiescent_background_cache.csv,,,,,,False,not_in_flare_streak
4FGL J2253.9+1609,167,168,55964.00001157408,1.14e-07,5.3e-08,2.83e-08,1.2815412128418547e-06,1.1438778896882493e-06,2.9420022568579806e-09,1.1438778896882493e-06,2.9420022568579806e-09,1.2571582e-05,1.2571582e-05,1.1438778896882493e-06,True,False,False,0,False,,,-19.401789899817643,3.0,False,False,,,weekly,10.0,sigma,computed,/home/lkoo/projects/AutomationDetection/DownloadedLC/incremental/quiescent_background_cache.csv,,,,,,False,not_in_flare_streak
4FGL J2253.9+1609,168,169,55978.00001157408,9.7e-08,5.69e-08,1.14e-07,1.2815412128418547e-06,1.1438778896882493e-06,2.9420022568579806e-09,1.1438778896882493e-06,2.9420022568579806e-09,1.2571582e-05,1.2571582e-05,1.1438778896882493e-06,False,False,False,0,False,,,-18.374012926270957,3.0,False,False,,,weekly,10.0,sigma,computed,/home/lkoo/projects/AutomationDetection/DownloadedLC/incremental/quiescent_background_cache.csv,,,,,,False,not_in_flare_streak
4FGL J2253.9+1609,169,170,55992.00001157408,1.05e-07,5e-08,9.7e-08,1.2815412128418547e-06,1.1438778896882493e-06,2.9420022568579806e-09,1.1438778896882493e-06,2.9420022568579806e-09,1.2571582e-05,1.2571582e-05,1.1438778896882493e-06,True,False,False,0,False,,,-20.741683398533787,3.0,False,False,,,weekly,10.0,sigma,computed,/home/lkoo/projects/AutomationDetection/DownloadedLC/incremental/quiescent_background_cache.csv,,,,,,False,not_in_flare_streak
4FGL J2253.9+1609,170,171,56041.00001157408,9.13e-08,3.79e-08,1.05e-07,1.2815412128418547e-06,1.1438778896882493e-06,2.9420022568579806e-09,1.1438778896882493e-06,2.9420022568579806e-09,1.2571582e-05,1.2571582e-05,1.1438778896882493e-06,False,False,False,0,False,,,-27.689205541889283,3.0,False,False,,,weekly,10.0,sigma,computed,/home/lkoo/projects/AutomationDetection/DownloadedLC/incremental/quiescent_background_cache.csv,,,,,,False,not_in_flare_streak
4FGL J2253.9+1609,171,172,56062.00001157408,9.74e-08,7.36e-08,9.13e-08,1.2815412128418547e-06,1.1438778896882493e-06,2.9420022568579806e-09,1.1438778896882493e-06,2.9420022568579806e-09,1.2571582e-05,1.2571582e-05,1.1438778896882493e-06,True,False,False,0,False,,,-14.207103855243309,3.0,False,False,,,weekly,10.0,sigma,computed,/home/lkoo/projects/AutomationDetection/DownloadedLC/incremental/quiescent_background_cache.csv,,,,,,False,not_in_flare_streak
4FGL J2253.9+1609,172,173,56076.00001157408,2.26e-09,2.06e-09,9.74e-08,1.2815412128418547e-06,1.1438778896882493e-06,2.9420022568579806e-09,1.1438778896882493e-06,2.9420022568579806e-09,1.2571582e-05,1.2571582e-05,1.1438778896882493e-06,False,False,False,0,False,,,-317.8653047172378,3.0,False,False,,,weekly,10.0,sigma,computed,/home/lkoo/projects/AutomationDetection/DownloadedLC/incremental/quiescent_background_cache.csv,,,,,,False,not_in_flare_streak
4FGL J2253.9+1609,173,174,56083.00001157408,3.52e-08,2.59e-08,2.26e-09,1.2815412128418547e-06,1.1438778896882493e-06,2.9420022568579806e-09,1.1438778896882493e-06,2.9420022568579806e-09,1.2571582e-05,1.2571582e-05,1.1438778896882493e-06,True,False,False,0,False,,,-42.5325793197194,3.0,False,False,,,weekly,10.0,sigma,computed,/home/lkoo/projects/AutomationDetection/DownloadedLC/incremental/quiescent_background_cache.csv,,,,,,False,not_in_flare_streak
4FGL J2253.9+1609,174,175,56104.00001157408,7.19e-08,4.21e-08,3.52e-08,1.2815412128418547e-06,1.1438778896882493e-06,2.9420022568579806e-09,1.1438778896882493e-06,2.9420022568579806e-09,1.2571582e-05,1.2571582e-05,1.1438778896882493e-06,True,False,False,0,False,,,-25.40071239621453,3.0,False,False,,,weekly,10.0,sigma,computed,/home/lkoo/projects/AutomationDetection/DownloadedLC/incremental/quiescent_background_cache.csv,,,,,,False,not_in_flare_streak
4FGL J2253.9+1609,175,176,56111.00001157408,1.52e-07,5.31e-08,7.19e-08,1.2815412128418547e-06,1.1438778896882493e-06,2.9420022568579806e-09,1.1438778896882493e-06,2.9420022568579806e-09,1.2571582e-05,1.2571582e-05,1.1438778896882493e-06,True,False,False,0,False,,,-18.6508285938013,3.0,False,False,,,weekly,10.0,sigma,computed,/home/lkoo/projects/AutomationDetection/DownloadedLC/incremental/quiescent_background_cache.csv,,,,,,False,not_in_flare_streak
4FGL J2253.9+1609,176,177,56125.00001157408,8.97e-08,3.68e-08,1.52e-07,1.2815412128418547e-06,1.1438778896882493e-06,2.9420022568579806e-09,1.1438778896882493e-06,2.9420022568579806e-09,1.2571582e-05,1.2571582e-05,1.1438778896882493e-06,False,False,False,0,False,,,-28.555031517263316,3.0,False,False,,,weekly,10.0,sigma,computed,/home/lkoo/projects/AutomationDetection/DownloadedLC/incremental/quiescent_background_cache.csv,,,,,,False,not_in_flare_streak
4FGL J2253.9+1609,177,178,56132.00001157408,1.05e-07,4.71e-08,8.97e-08,1.2815412128418547e-06,1.1438778896882493e-06,2.9420022568579806e-09,1.1438778896882493e-06,2.9420022568579806e-09,1.2571582e-05,1.2571582e-05,1.1438778896882493e-06,True,False,False,0,False,,,-22.013952253462918,3.0,False,False,,,weekly,10.0,sigma,computed,/home/lkoo/projects/AutomationDetection/DownloadedLC/incremental/quiescent_background_cache.csv,,,,,,False,not_in_flare_streak
4FGL J2253.9+1609,178,179,56146.00001157408,1.72e-07,5.17e-08,1.05e-07,1.2815412128418547e-06,1.1438778896882493e-06,2.9420022568579806e-09,1.1438778896882493e-06,2.9420022568579806e-09,1.2571582e-05,1.2571582e-05,1.1438778896882493e-06,True,False,False,0,False,,,-18.768048917921703,3.0,False,False,,,weekly,10.0,sigma,computed,/home/lkoo/projects/AutomationDetection/DownloadedLC/incremental/quiescent_background_cache.csv,,,,,,False,not_in_flare_streak
4FGL J2253.9+1609,179,180,56160.00001157408,4.95e-08,3.5e-08,1.72e-07,1.2815412128418547e-06,1.1438778896882493e-06,2.9420022568579806e-09,1.1438778896882493e-06,2.9420022568579806e-09,1.2571582e-05,1.2571582e-05,1.1438778896882493e-06,False,False,False,0,False,,,-31.158058051837017,3.0,False,False,,,weekly,10.0,sigma,computed,/home/lkoo/projects/AutomationDetection/DownloadedLC/incremental/quiescent_background_cache.csv,,,,,,False,not_in_flare_streak
4FGL J2253.9+1609,180,181,56167.00001157408,9.81e-08,4.31e-08,4.95e-08,1.2815412128418547e-06,1.1438778896882493e-06,2.9420022568579806e-09,1.1438778896882493e-06,2.9420022568579806e-09,1.2571582e-05,1.2571582e-05,1.1438778896882493e-06,True,False,False,0,False,,,-24.207656932302537,3.0,False,False,,,weekly,10.0,sigma,computed,/home/lkoo/projects/AutomationDetection/DownloadedLC/incremental/quiescent_background_cache.csv,,,,,,False,not_in_flare_streak
4FGL J2253.9+1609,181,182,56174.00001157408,8.39e-08,3.76e-08,9.81e-08,1.2815412128418547e-06,1.1438778896882493e-06,2.9420022568579806e-09,1.1438778896882493e-06,2.9420022568579806e-09,1.2571582e-05,1.2571582e-05,1.1438778896882493e-06,False,False,False,0,False,,,-28.104999828563873,3.0,False,False,,,weekly,10.0,sigma,computed,/home/lkoo/projects/AutomationDetection/DownloadedLC/incremental/quiescent_background_cache.csv,,,,,,False,not_in_flare_streak
4FGL J2253.9+1609,182,183,56181.00001157408,9.55e-08,4.95e-08,8.39e-08,1.2815412128418547e-06,1.1438778896882493e-06,2.9420022568579806e-09,1.1438778896882493e-06,2.9420022568579806e-09,1.2571582e-05,1.2571582e-05,1.1438778896882493e-06,True,False,False,0,False,,,-21.14204265715051,3.0,False,False,,,weekly,10.0,sigma,computed,/home/lkoo/projects/AutomationDetection/DownloadedLC/incremental/quiescent_background_cache.csv,,,,,,False,not_in_flare_streak
4FGL J2253.9+1609,183,184,56188.00001157408,2.62e-07,5.93e-08,9.55e-08,1.2815412128418547e-06,1.1438778896882493e-06,2.9420022568579806e-09,1.1438778896882493e-06,2.9420022568579806e-09,1.2571582e-05,1.2571582e-05,1.1438778896882493e-06,True,False,False,0,False,,,-14.853196895949246,3.0,False,False,,,weekly,10.0,sigma,computed,/home/lkoo/projects/AutomationDetection/DownloadedLC/incremental/quiescent_background_cache.csv,,,,,,False,not_in_flare_streak
4FGL J2253.9+1609,184,185,56195.00001157408,2.1e-07,4.21e-08,2.62e-07,1.2815412128418547e-06,1.1438778896882493e-06,2.9420022568579806e-09,1.1438778896882493e-06,2.9420022568579806e-09,1.2571582e-05,1.2571582e-05,1.1438778896882493e-06,False,False,False,0,False,,,-22.12840760741206,3.0,False,False,,,weekly,10.0,sigma,computed,/home/lkoo/projects/AutomationDetection/DownloadedLC/incremental/quiescent_background_cache.csv,,,,,,False,not_in_flare_streak
4FGL J2253.9+1609,185,186,56202.00001157408,2.13e-07,5.04e-08,2.1e-07,1.2815412128418547e-06,1.1438778896882493e-06,2.9420022568579806e-09,1.1438778896882493e-06,2.9420022568579806e-09,1.2571582e-05,1.2571582e-05,1.1438778896882493e-06,True,False,False,0,False,,,-18.438412458605836,3.0,False,False,,,weekly,10.0,sigma,computed,/home/lkoo/projects/AutomationDetection/DownloadedLC/incremental/quiescent_background_cache.csv,,,,,,False,not_in_flare_streak
4FGL J2253.9+1609,186,187,56209.00001157408,1.8e-07,4.56e-08,2.13e-07,1.2815412128418547e-06,1.1438778896882493e-06,2.9420022568579806e-09,1.1438778896882493e-06,2.9420022568579806e-09,1.2571582e-05,1.2571582e-05,1.1438778896882493e-06,False,False,False,0,False,,,-21.09381689429541,3.0,False,False,,,weekly,10.0,sigma,computed,/home/lkoo/projects/AutomationDetection/DownloadedLC/incremental/quiescent_background_cache.csv,,,,,,False,not_in_flare_streak
4FGL J2253.9+1609,187,188,56216.00001157408,2.84e-07,5.2e-08,1.8e-07,1.2815412128418547e-06,1.1438778896882493e-06,2.9420022568579806e-09,1.1438778896882493e-06,2.9420022568579806e-09,1.2571582e-05,1.2571582e-05,1.1438778896882493e-06,True,False,False,0,False,,,-16.50971096893267,3.0,False,False,,,weekly,10.0,sigma,computed,/home/lkoo/projects/AutomationDetection/DownloadedLC/incremental/quiescent_background_cache.csv,,,,,,False,not_in_flare_streak
4FGL J2253.9+1609,188,189,56223.00001157408,3.23e-07,5.93e-08,2.84e-07,1.2815412128418547e-06,1.1438778896882493e-06,2.9420022568579806e-09,1.1438778896882493e-06,2.9420022568579806e-09,1.2571582e-05,1.2571582e-05,1.1438778896882493e-06,True,False,False,0,False,,,-13.825792738018492,3.0,False,False,,,weekly,10.0,sigma,computed,/home/lkoo/projects/AutomationDetection/DownloadedLC/incremental/quiescent_background_cache.csv,,,,,,False,not_in_flare_streak
4FGL J2253.9+1609,189,190,56230.00001157408,3.68e-07,6.29e-08,3.23e-07,1.2815412128418547e-06,1.1438778896882493e-06,2.9420022568579806e-09,1.1438778896882493e-06,2.9420022568579806e-09,1.2571582e-05,1.2571582e-05,1.1438778896882493e-06,True,False,False,0,False,,,-12.321631026875277,3.0,False,False,,,weekly,10.0,sigma,computed,/home/lkoo/projects/AutomationDetection/DownloadedLC/incremental/quiescent_background_cache.csv,,,,,,False,not_in_flare_streak
4FGL J2253.9+1609,190,191,56237.00001157408,2.09e-07,4.81e-08,3.68e-07,1.2815412128418547e-06,1.1438778896882493e-06,2.9420022568579806e-09,1.1438778896882493e-06,2.9420022568579806e-09,1.2571582e-05,1.2571582e-05,1.1438778896882493e-06,False,False,False,0,False,,,-19.399876489244686,3.0,False,False,,,weekly,10.0,sigma,computed,/home/lkoo/projects/AutomationDetection/DownloadedLC/incremental/quiescent_background_cache.csv,,,,,,False,not_in_flare_streak
4FGL J2253.9+1609,191,192,56244.00001157408,1.18e-07,5.26e-08,2.09e-07,1.2815412128418547e-06,1.1438778896882493e-06,2.9420022568579806e-09,1.1438778896882493e-06,2.9420022568579806e-09,1.2571582e-05,1.2571582e-05,1.1438778896882493e-06,False,False,False,0,False,,,-19.47294667886101,3.0,False,False,,,weekly,10.0,sigma,computed,/home/lkoo/projects/AutomationDetection/DownloadedLC/incremental/quiescent_background_cache.csv,,,,,,False,not_in_flare_streak
4FGL J2253.9+1609,192,193,56251.00001157408,1.26e-07,4.56e-08,1.18e-07,1.2815412128418547e-06,1.1438778896882493e-06,2.9420022568579806e-09,1.1438778896882493e-06,2.9420022568579806e-09,1.2571582e-05,1.2571582e-05,1.1438778896882493e-06,True,False,False,0,False,,,-22.27557043847139,3.0,False,False,,,weekly,10.0,sigma,computed,/home/lkoo/projects/AutomationDetection/DownloadedLC/incremental/quiescent_background_cache.csv,,,,,,False,not_in_flare_streak
4FGL J2253.9+1609,193,194,56258.00001157408,2.53e-07,5.22e-08,1.26e-07,1.2815412128418547e-06,1.1438778896882493e-06,2.9420022568579806e-09,1.1438778896882493e-06,2.9420022568579806e-09,1.2571582e-05,1.2571582e-05,1.1438778896882493e-06,True,False,False,0,False,,,-17.03958481640321,3.0,False,False,,,weekly,10.0,sigma,computed,/home/lkoo/projects/AutomationDetection/DownloadedLC/incremental/quiescent_background_cache.csv,,,,,,False,not_in_flare_streak
4FGL J2253.9+1609,194,195,56265.00001157408,2.6e-07,4.8e-08,2.53e-07,1.2815412128418547e-06,1.1438778896882493e-06,2.9420022568579806e-09,1.1438778896882493e-06,2.9420022568579806e-09,1.2571582e-05,1.2571582e-05,1.1438778896882493e-06,True,False,False,0,False,,,-18.379631919920083,3.0,False,False,,,weekly,10.0,sigma,computed,/home/lkoo/projects/AutomationDetection/DownloadedLC/incremental/quiescent_background_cache.csv,,,,,,False,not_in_flare_streak
4FGL J2253.9+1609,195,196,56272.00001157408,3.51e-07,5.79e-08,2.6e-07,1.2815412128418547e-06,1.1438778896882493e-06,2.9420022568579806e-09,1.1438778896882493e-06,2.9420022568579806e-09,1.2571582e-05,1.2571582e-05,1.1438778896882493e-06,True,False,False,0,False,,,-13.676275069589657,3.0,False,False,,,weekly,10.0,sigma,computed,/home/lkoo/projects/AutomationDetection/DownloadedLC/incremental/quiescent_background_cache.csv,,,,,,False,not_in_flare_streak
4FGL J2253.9+1609,196,197,56279.00001157408,4.87e-07,6.87e-08,3.51e-07,1.2815412128418547e-06,1.1438778896882493e-06,2.9420022568579806e-09,1.1438778896882493e-06,2.9420022568579806e-09,1.2571582e-05,1.2571582e-05,1.1438778896882493e-06,True,False,False,0,False,,,-9.552785982712566,3.0,False,False,,,weekly,10.0,sigma,computed,/home/lkoo/projects/AutomationDetection/DownloadedLC/incremental/quiescent_background_cache.csv,,,,,,False,not_in_flare_streak
4FGL J2253.9+1609,197,198,56286.00001157408,8.1e-07,7.57e-08,4.87e-07,1.2815412128418547e-06,1.1438778896882493e-06,2.9420022568579806e-09,1.1438778896882493e-06,2.9420022568579806e-09,1.2571582e-05,1.2571582e-05,1.1438778896882493e-06,True,False,False,0,False,,,-4.407213065561562,3.0,False,False,,,weekly,10.0,sigma,computed,/home/lkoo/projects/AutomationDetection/DownloadedLC/incremental/quiescent_background_cache.csv,,,,,,False,not_in_flare_streak
4FGL J2253.9+1609,198,199,56293.00001157408,5.08e-07,6.39e-08,8.1e-07,1.2815412128418547e-06,1.1438778896882493e-06,2.9420022568579806e-09,1.1438778896882493e-06,2.9420022568579806e-09,1.2571582e-05,1.2571582e-05,1.1438778896882493e-06,False,False,False,0,False,,,-9.94061046524386,3.0,False,False,,,weekly,10.0,sigma,computed,/home/lkoo/projects/AutomationDetection/DownloadedLC/incremental/quiescent_background_cache.csv,,,,,,False,not_in_flare_streak
4FGL J2253.9+1609,199,200,56300.00001157408,7.19e-07,7.56e-08,5.08e-07,1.2815412128418547e-06,1.1438778896882493e-06,2.9420022568579806e-09,1.1438778896882493e-06,2.9420022568579806e-09,1.2571582e-05,1.2571582e-05,1.1438778896882493e-06,True,False,False,0,False,,,-5.615827192563594,3.0,False,False,,,weekly,10.0,sigma,computed,/home/lkoo/projects/AutomationDetection/DownloadedLC/incremental/quiescent_background_cache.csv,,,,,,False,not_in_flare_streak
4FGL J2253.9+1609,200,201,56307.00001157408,7.87e-07,7.02e-08,7.19e-07,1.2815412128418547e-06,1.1438778896882493e-06,2.9420022568579806e-09,1.1438778896882493e-06,2.9420022568579806e-09,1.2571582e-05,1.2571582e-05,1.1438778896882493e-06,True,False,False,0,False,,,-5.079272082081765,3.0,False,False,,,weekly,10.0,sigma,computed,/home/lkoo/projects/AutomationDetection/DownloadedLC/incremental/quiescent_background_cache.csv,,,,,,False,not_in_flare_streak
4FGL J2253.9+1609,201,202,56314.00001157408,8.76e-07,7.08e-08,7.87e-07,1.2815412128418547e-06,1.1438778896882493e-06,2.9420022568579806e-09,1.1438778896882493e-06,2.9420022568579806e-09,1.2571582e-05,1.2571582e-05,1.1438778896882493e-06,True,False,False,0,False,,,-3.7803236582639044,3.0,False,False,,,weekly,10.0,sigma,computed,/home/lkoo/projects/AutomationDetection/DownloadedLC/incremental/quiescent_background_cache.csv,,,,,,False,not_in_flare_streak
4FGL J2253.9+1609,202,203,56321.00001157408,1.05e-06,7.39e-08,8.76e-07,1.2815412128418547e-06,1.1438778896882493e-06,2.9420022568579806e-09,1.1438778896882493e-06,2.9420022568579806e-09,1.2571582e-05,1.2571582e-05,1.1438778896882493e-06,True,False,False,0,False,,,-1.2693313298719038,3.0,False,False,,,weekly,10.0,sigma,computed,/home/lkoo/projects/AutomationDetection/DownloadedLC/incremental/quiescent_background_cache.csv,,,,,,False,not_in_flare_streak
4FGL J2253.9+1609,203,204,56328.00001157408,6.79e-07,7.2e-08,1.05e-06,1.2815412128418547e-06,1.1438778896882493e-06,2.9420022568579806e-09,1.1438778896882493e-06,2.9420022568579806e-09,1.2571582e-05,1.2571582e-05,1.1438778896882493e-06,False,False,False,0,False,,,-6.451253989749377,3.0,False,False,,,weekly,10.0,sigma,computed,/home/lkoo/projects/AutomationDetection/DownloadedLC/incremental/quiescent_background_cache.csv,,,,,,False,not_in_flare_streak
4FGL J2253.9+1609,204,205,56335.00001157408,6.5e-07,7.24e-08,6.79e-07,1.2815412128418547e-06,1.1438778896882493e-06,2.9420022568579806e-09,1.1438778896882493e-06,2.9420022568579806e-09,1.2571582e-05,1.2571582e-05,1.1438778896882493e-06,False,False,False,0,False,,,-6.815892814270325,3.0,False,False,,,weekly,10.0,sigma,computed,/home/lkoo/projects/AutomationDetection/DownloadedLC/incremental/quiescent_background_cache.csv,,,,,,False,not_in_flare_streak
4FGL J2253.9+1609,205,206,56342.00001157408,6.99e-07,7.63e-08,6.5e-07,1.2815412128418547e-06,1.1438778896882493e-06,2.9420022568579806e-09,1.1438778896882493e-06,2.9420022568579806e-09,1.2571582e-05,1.2571582e-05,1.1438778896882493e-06,True,False,False,0,False,,,-5.826311240750231,3.0,False,False,,,weekly,10.0,sigma,computed,/home/lkoo/projects/AutomationDetection/DownloadedLC/incremental/quiescent_background_cache.csv,,,,,,False,not_in_flare_streak
4FGL J2253.9+1609,206,207,56349.00001157408,5.86e-07,7.38e-08,6.99e-07,1.2815412128418547e-06,1.1438778896882493e-06,2.9420022568579806e-09,1.1438778896882493e-06,2.9420022568579806e-09,1.2571582e-05,1.2571582e-05,1.1438778896882493e-06,False,False,False,0,False,,,-7.553321584672367,3.0,False,False,,,weekly,10.0,sigma,computed,/home/lkoo/projects/AutomationDetection/DownloadedLC/incremental/quiescent_background_cache.csv,,,,,,False,not_in_flare_streak
4FGL J2253.9+1609,207,208,56356.00001157408,5.62e-07,8.07e-08,5.86e-07,1.2815412128418547e-06,1.1438778896882493e-06,2.9420022568579806e-09,1.1438778896882493e-06,2.9420022568579806e-09,1.2571582e-05,1.2571582e-05,1.1438778896882493e-06,False,False,False,0,False,,,-7.205596089314617,3.0,False,False,,,weekly,10.0,sigma,computed,/home/lkoo/projects/AutomationDetection/DownloadedLC/incremental/quiescent_background_cache.csv,,,,,,False,not_in_flare_streak
4FGL J2253.9+1609,208,209,56363.00001157408,6.07e-07,6.46e-08,5.62e-07,1.2815412128418547e-06,1.1438778896882493e-06,2.9420022568579806e-09,1.1438778896882493e-06,2.9420022568579806e-09,1.2571582e-05,1.2571582e-05,1.1438778896882493e-06,True,False,False,0,False,,,-8.302198083973424,3.0,False,False,,,weekly,10.0,sigma,computed,/home/lkoo/projects/AutomationDetection/DownloadedLC/incremental/quiescent_background_cache.csv,,,,,,False,not_in_flare_streak
4FGL J2253.9+1609,209,210,56370.00001157408,5.65e-07,6.04e-08,6.07e-07,1.2815412128418547e-06,1.1438778896882493e-06,2.9420022568579806e-09,1.1438778896882493e-06,2.9420022568579806e-09,1.2571582e-05,1.2571582e-05,1.1438778896882493e-06,False,False,False,0,False,,,-9.572721953037032,3.0,False,False,,,weekly,10.0,sigma,computed,/home/lkoo/projects/AutomationDetection/DownloadedLC/incremental/quiescent_background_cache.csv,,,,,,False,not_in_flare_streak
4FGL J2253.9+1609,210,211,56377.00001157408,8.84e-07,7.02e-08,5.65e-07,1.2815412128418547e-06,1.1438778896882493e-06,2.9420022568579806e-09,1.1438778896882493e-06,2.9420022568579806e-09,1.2571582e-05,1.2571582e-05,1.1438778896882493e-06,True,False,False,0,False,,,-3.698717538923263,3.0,False,False,,,weekly,10.0,sigma,computed,/home/lkoo/projects/AutomationDetection/DownloadedLC/incremental/quiescent_background_cache.csv,,,,,,False,not_in_flare_streak
4FGL J2253.9+1609,211,212,56384.00001157408,1.04e-06,7.47e-08,8.84e-07,1.2815412128418547e-06,1.1438778896882493e-06,2.9420022568579806e-09,1.1438778896882493e-06,2.9420022568579806e-09,1.2571582e-05,1.2571582e-05,1.1438778896882493e-06,True,False,False,0,False,,,-1.3895236929669468,3.0,False,False,,,weekly,10.0,sigma,computed,/home/lkoo/projects/AutomationDetection/DownloadedLC/incremental/quiescent_background_cache.csv,,,,,,False,not_in_flare_streak
4FGL J2253.9+1609,212,213,56391.00001157408,4.19e-07,5.97e-08,1.04e-06,1.2815412128418547e-06,1.1438778896882493e-06,2.9420022568579806e-09,1.1438778896882493e-06,2.9420022568579806e-09,1.2571582e-05,1.2571582e-05,1.1438778896882493e-06,False,False,False,0,False,,,-12.127291594058027,3.0,False,False,,,weekly,10.0,sigma,computed,/home/lkoo/projects/AutomationDetection/DownloadedLC/incremental/quiescent_background_cache.csv,,,,,,False,not_in_flare_streak
4FGL J2253.9+1609,213,214,56398.00001157408,3.15e-07,5.08e-08,4.19e-07,1.2815412128418547e-06,1.1438778896882493e-06,2.9420022568579806e-09,1.1438778896882493e-06,2.9420022568579806e-09,1.2571582e-05,1.2571582e-05,1.1438778896882493e-06,False,False,False,0,False,,,-16.289200051279803,3.0,False,False,,,weekly,10.0,sigma,computed,/home/lkoo/projects/AutomationDetection/DownloadedLC/incremental/quiescent_background_cache.csv,,,,,,False,not_in_flare_streak
4FGL J2253.9+1609,214,215,56405.00001157408,3.09e-07,5.45e-08,3.15e-07,1.2815412128418547e-06,1.1438778896882493e-06,2.9420022568579806e-09,1.1438778896882493e-06,2.9420022568579806e-09,1.2571582e-05,1.2571582e-05,1.1438778896882493e-06,False,False,False,0,False,,,-15.296589266405563,3.0,False,False,,,weekly,10.0,sigma,computed,/home/lkoo/projects/AutomationDetection/DownloadedLC/incremental/quiescent_background_cache.csv,,,,,,False,not_in_flare_streak
4FGL J2253.9+1609,215,216,56412.00001157408,2.1e-07,4.66e-08,3.09e-07,1.2815412128418547e-06,1.1438778896882493e-06,2.9420022568579806e-09,1.1438778896882493e-06,2.9420022568579806e-09,1.2571582e-05,1.2571582e-05,1.1438778896882493e-06,False,False,False,0,False,,,-20.000478868249832,3.0,False,False,,,weekly,10.0,sigma,computed,/home/lkoo/projects/AutomationDetection/DownloadedLC/incremental/quiescent_background_cache.csv,,,,,,False,not_in_flare_streak
4FGL J2253.9+1609,216,217,56419.00001157408,2.76e-07,4.73e-08,2.1e-07,1.2815412128418547e-06,1.1438778896882493e-06,2.9420022568579806e-09,1.1438778896882493e-06,2.9420022568579806e-09,1.2571582e-05,1.2571582e-05,1.1438778896882493e-06,True,False,False,0,False,,,-18.312980350552017,3.0,False,False,,,weekly,10.0,sigma,computed,/home/lkoo/projects/AutomationDetection/DownloadedLC/incremental/quiescent_background_cache.csv,,,,,,False,not_in_flare_streak
4FGL J2253.9+1609,217,218,56426.00001157408,3.95e-07,4.12e-08,2.76e-07,1.2815412128418547e-06,1.1438778896882493e-06,2.9420022568579806e-09,1.1438778896882493e-06,2.9420022568579806e-09,1.2571582e-05,1.2571582e-05,1.1438778896882493e-06,True,False,False,0,False,,,-18.13048222107361,3.0,False,False,,,weekly,10.0,sigma,computed,/home/lkoo/projects/AutomationDetection/DownloadedLC/incremental/quiescent_background_cache.csv,,,,,,False,not_in_flare_streak
4FGL J2253.9+1609,218,219,56433.00001157408,6.31e-07,7.34e-08,3.95e-07,1.2815412128418547e-06,1.1438778896882493e-06,2.9420022568579806e-09,1.1438778896882493e-06,2.9420022568579806e-09,1.2571582e-05,1.2571582e-05,1.1438778896882493e-06,True,False,False,0,False,,,-6.981831114219731,3.0,False,False,,,weekly,10.0,sigma,computed,/home/lkoo/projects/AutomationDetection/DownloadedLC/incremental/quiescent_background_cache.csv,,,,,,False,not_in_flare_streak
4FGL J2253.9+1609,219,220,56440.00001157408,6.75e-07,8.1e-08,6.31e-07,1.2815412128418547e-06,1.1438778896882493e-06,2.9420022568579806e-09,1.1438778896882493e-06,2.9420022568579806e-09,1.2571582e-05,1.2571582e-05,1.1438778896882493e-06,True,False,False,0,False,,,-5.7848014778620245,3.0,False,False,,,weekly,10.0,sigma,computed,/home/lkoo/projects/AutomationDetection/DownloadedLC/incremental/quiescent_background_cache.csv,,,,,,False,not_in_flare_streak
4FGL J2253.9+1609,220,221,56447.00001157408,4.12e-07,6.45e-08,6.75e-07,1.2815412128418547e-06,1.1438778896882493e-06,2.9420022568579806e-09,1.1438778896882493e-06,2.9420022568579806e-09,1.2571582e-05,1.2571582e-05,1.1438778896882493e-06,False,False,False,0,False,,,-11.335158784968822,3.0,False,False,,,weekly,10.0,sigma,computed,/home/lkoo/projects/AutomationDetection/DownloadedLC/incremental/quiescent_background_cache.csv,,,,,,False,not_in_flare_streak
4FGL J2253.9+1609,221,222,56454.00001157408,5.95e-07,7.25e-08,4.12e-07,1.2815412128418547e-06,1.1438778896882493e-06,2.9420022568579806e-09,1.1438778896882493e-06,2.9420022568579806e-09,1.2571582e-05,1.2571582e-05,1.1438778896882493e-06,True,False,False,0,False,,,-7.564503904968188,3.0,False,False,,,weekly,10.0,sigma,computed,/home/lkoo/projects/AutomationDetection/DownloadedLC/incremental/quiescent_background_cache.csv,,,,,,False,not_in_flare_streak
4FGL J2253.9+1609,222,223,56461.00001157408,6.4e-07,7.62e-08,5.95e-07,1.2815412128418547e-06,1.1438778896882493e-06,2.9420022568579806e-09,1.1438778896882493e-06,2.9420022568579806e-09,1.2571582e-05,1.2571582e-05,1.1438778896882493e-06,True,False,False,0,False,,,-6.607647715461337,3.0,False,False,,,weekly,10.0,sigma,computed,/home/lkoo/projects/AutomationDetection/DownloadedLC/incremental/quiescent_background_cache.csv,,,,,,False,not_in_flare_streak
4FGL J2253.9+1609,223,224,56468.00001157408,8.51e-07,7.36e-08,6.4e-07,1.2815412128418547e-06,1.1438778896882493e-06,2.9420022568579806e-09,1.1438778896882493e-06,2.9420022568579806e-09,1.2571582e-05,1.2571582e-05,1.1438778896882493e-06,True,False,False,0,False,,,-3.9761438217724954,3.0,False,False,,,weekly,10.0,sigma,computed,/home/lkoo/projects/AutomationDetection/DownloadedLC/incremental/quiescent_background_cache.csv,,,,,,False,not_in_flare_streak
4FGL J2253.9+1609,224,225,56475.00001157408,8.32e-07,7.12e-08,8.51e-07,1.2815412128418547e-06,1.1438778896882493e-06,2.9420022568579806e-09,1.1438778896882493e-06,2.9420022568579806e-09,1.2571582e-05,1.2571582e-05,1.1438778896882493e-06,False,False,False,0,False,,,-4.3765728322927915,3.0,False,False,,,weekly,10.0,sigma,computed,/home/lkoo/projects/AutomationDetection/DownloadedLC/incremental/quiescent_background_cache.csv,,,,,,False,not_in_flare_streak
4FGL J2253.9+1609,225,226,56482.00001157408,6.4e-07,6.56e-08,8.32e-07,1.2815412128418547e-06,1.1438778896882493e-06,2.9420022568579806e-09,1.1438778896882493e-06,2.9420022568579806e-09,1.2571582e-05,1.2571582e-05,1.1438778896882493e-06,False,False,False,0,False,,,-7.673352534762183,3.0,False,False,,,weekly,10.0,sigma,computed,/home/lkoo/projects/AutomationDetection/DownloadedLC/incremental/quiescent_background_cache.csv,,,,,,False,not_in_flare_streak
4FGL J2253.9+1609,226,227,56489.00001157408,6.88e-07,7.03e-08,6.4e-07,1.2815412128418547e-06,1.1438778896882493e-06,2.9420022568579806e-09,1.1438778896882493e-06,2.9420022568579806e-09,1.2571582e-05,1.2571582e-05,1.1438778896882493e-06,True,False,False,0,False,,,-6.479078381256242,3.0,False,False,,,weekly,10.0,sigma,computed,/home/lkoo/projects/AutomationDetection/DownloadedLC/incremental/quiescent_background_cache.csv,,,,,,False,not_in_flare_streak
4FGL J2253.9+1609,227,228,56496.00001157408,6.05e-07,6.83e-08,6.88e-07,1.2815412128418547e-06,1.1438778896882493e-06,2.9420022568579806e-09,1.1438778896882493e-06,2.9420022568579806e-09,1.2571582e-05,1.2571582e-05,1.1438778896882493e-06,False,False,False,0,False,,,-7.882557235290648,3.0,False,False,,,weekly,10.0,sigma,computed,/home/lkoo/projects/AutomationDetection/DownloadedLC/incremental/quiescent_background_cache.csv,,,,,,False,not_in_flare_streak
4FGL J2253.9+1609,228,229,56503.00001157408,6.23e-07,7.15e-08,6.05e-07,1.2815412128418547e-06,1.1438778896882493e-06,2.9420022568579806e-09,1.1438778896882493e-06,2.9420022568579806e-09,1.2571582e-05,1.2571582e-05,1.1438778896882493e-06,True,False,False,0,False,,,-7.2788462720435545,3.0,False,False,,,weekly,10.0,sigma,computed,/home/lkoo/projects/AutomationDetection/DownloadedLC/incremental/quiescent_background_cache.csv,,,,,,False,not_in_flare_streak
4FGL J2253.9+1609,229,230,56510.00001157408,7.59e-07,7.26e-08,6.23e-07,1.2815412128418547e-06,1.1438778896882493e-06,2.9420022568579806e-09,1.1438778896882493e-06,2.9420022568579806e-09,1.2571582e-05,1.2571582e-05,1.1438778896882493e-06,True,False,False,0,False,,,-5.297000892494995,3.0,False,False,,,weekly,10.0,sigma,computed,/home/lkoo/projects/AutomationDetection/DownloadedLC/incremental/quiescent_background_cache.csv,,,,,,False,not_in_flare_streak
4FGL J2253.9+1609,230,231,56517.00001157408,7.71e-07,5.68e-08,7.59e-07,1.2815412128418547e-06,1.1438778896882493e-06,2.9420022568579806e-09,1.1438778896882493e-06,2.9420022568579806e-09,1.2571582e-05,1.2571582e-05,1.1438778896882493e-06,True,False,False,0,False,,,-6.55596327931635,3.0,False,False,,,weekly,10.0,sigma,computed,/home/lkoo/projects/AutomationDetection/DownloadedLC/incremental/quiescent_background_cache.csv,,,,,,False,not_in_flare_streak
4FGL J2253.9+1609,231,232,56524.00001157408,8.43e-07,5.57e-08,7.71e-07,1.2815412128418547e-06,1.1438778896882493e-06,2.9420022568579806e-09,1.1438778896882493e-06,2.9420022568579806e-09,1.2571582e-05,1.2571582e-05,1.1438778896882493e-06,True,False,False,0,False,,,-5.394238218746716,3.0,False,False,,,weekly,10.0,sigma,computed,/home/lkoo/projects/AutomationDetection/DownloadedLC/incremental/quiescent_background_cache.csv,,,,,,False,not_in_flare_streak
4FGL J2253.9+1609,232,233,56531.00001157408,8.39e-07,7.11e-08,8.43e-07,1.2815412128418547e-06,1.1438778896882493e-06,2.9420022568579806e-09,1.1438778896882493e-06,2.9420022568579806e-09,1.2571582e-05,1.2571582e-05,1.1438778896882493e-06,False,False,False,0,False,,,-4.284349128418279,3.0,False,False,,,weekly,10.0,sigma,computed,/home/lkoo/projects/AutomationDetection/DownloadedLC/incremental/quiescent_background_cache.csv,,,,,,False,not_in_flare_streak
4FGL J2253.9+1609,233,234,56538.00001157408,7.09e-07,6.72e-08,8.39e-07,1.2815412128418547e-06,1.1438778896882493e-06,2.9420022568579806e-09,1.1438778896882493e-06,2.9420022568579806e-09,1.2571582e-05,1.2571582e-05,1.1438778896882493e-06,False,False,False,0,False,,,-6.465204300823325,3.0,False,False,,,weekly,10.0,sigma,computed,/home/lkoo/projects/AutomationDetection/DownloadedLC/incremental/quiescent_background_cache.csv,,,,,,False,not_in_flare_streak
4FGL J2253.9+1609,234,235,56545.00001157408,8.21e-07,7.61e-08,7.09e-07,1.2815412128418547e-06,1.1438778896882493e-06,2.9420022568579806e-09,1.1438778896882493e-06,2.9420022568579806e-09,1.2571582e-05,1.2571582e-05,1.1438778896882493e-06,True,False,False,0,False,,,-4.239643597498695,3.0,False,False,,,weekly,10.0,sigma,computed,/home/lkoo/projects/AutomationDetection/DownloadedLC/incremental/quiescent_background_cache.csv,,,,,,False,not_in_flare_streak
4FGL J2253.9+1609,235,236,56552.00001157408,1.3e-06,8.54e-08,8.21e-07,1.2815412128418547e-06,1.1438778896882493e-06,2.9420022568579806e-09,1.1438778896882493e-06,2.9420022568579806e-09,1.2571582e-05,1.2571582e-05,1.1438778896882493e-06,True,True,False,0,False,,,1.8270439271750296,3.0,False,False,,,weekly,10.0,sigma,computed,/home/lkoo/projects/AutomationDetection/DownloadedLC/incremental/quiescent_background_cache.csv,,,,,,False,not_in_flare_streak
4FGL J2253.9+1609,236,237,56559.00001157408,1.91e-06,9.21e-08,1.3e-06,1.2815412128418547e-06,1.1438778896882493e-06,2.9420022568579806e-09,1.1438778896882493e-06,2.9420022568579806e-09,1.2571582e-05,1.2571582e-05,1.1438778896882493e-06,True,True,False,0,False,,,8.314131780949415,3.0,True,True,56559.00001157408,56559.00001157408,weekly,10.0,sigma,computed,/home/lkoo/projects/AutomationDetection/DownloadedLC/incremental/quiescent_background_cache.csv,,,,,,False,not_in_flare_streak
4FGL J2253.9+1609,237,238,56566.00001157408,1.03e-06,8.06e-08,1.91e-06,1.2815412128418547e-06,1.1438778896882493e-06,2.9420022568579806e-09,1.1438778896882493e-06,2.9420022568579806e-09,1.2571582e-05,1.2571582e-05,1.1438778896882493e-06,False,False,False,0,False,,,-1.4119367646060523,3.0,False,False,,,weekly,10.0,sigma,computed,/home/lkoo/projects/AutomationDetection/DownloadedLC/incremental/quiescent_background_cache.csv,,,,,,False,not_in_flare_streak
4FGL J2253.9+1609,238,239,56573.00001157408,8.54e-07,7.66e-08,1.03e-06,1.2815412128418547e-06,1.1438778896882493e-06,2.9420022568579806e-09,1.1438778896882493e-06,2.9420022568579806e-09,1.2571582e-05,1.2571582e-05,1.1438778896882493e-06,False,False,False,0,False,,,-3.7815185777171387,3.0,False,False,,,weekly,10.0,sigma,computed,/home/lkoo/projects/AutomationDetection/DownloadedLC/incremental/quiescent_background_cache.csv,,,,,,False,not_in_flare_streak
4FGL J2253.9+1609,239,240,56580.00001157408,8.43e-07,7.47e-08,8.54e-07,1.2815412128418547e-06,1.1438778896882493e-06,2.9420022568579806e-09,1.1438778896882493e-06,2.9420022568579806e-09,1.2571582e-05,1.2571582e-05,1.1438778896882493e-06,False,False,False,0,False,,,-4.024696282013617,3.0,False,False,,,weekly,10.0,sigma,computed,/home/lkoo/projects/AutomationDetection/DownloadedLC/incremental/quiescent_background_cache.csv,,,,,,False,not_in_flare_streak
4FGL J2253.9+1609,240,241,56587.00001157408,1.01e-06,1.11e-07,8.43e-07,1.2815412128418547e-06,1.1438778896882493e-06,2.9420022568579806e-09,1.1438778896882493e-06,2.9420022568579806e-09,1.2571582e-05,1.2571582e-05,1.1438778896882493e-06,True,False,False,0,False,,,-1.2056836983845804,3.0,False,False,,,weekly,10.0,sigma,computed,/home/lkoo/projects/AutomationDetection/DownloadedLC/incremental/quiescent_background_cache.csv,,,,,,False,not_in_flare_streak
4FGL J2253.9+1609,241,242,56594.00001157408,7.76e-07,7.68e-08,1.01e-06,1.2815412128418547e-06,1.1438778896882493e-06,2.9420022568579806e-09,1.1438778896882493e-06,2.9420022568579806e-09,1.2571582e-05,1.2571582e-05,1.1438778896882493e-06,False,False,False,0,False,,,-4.786565951007946,3.0,False,False,,,weekly,10.0,sigma,computed,/home/lkoo/projects/AutomationDetection/DownloadedLC/incremental/quiescent_background_cache.csv,,,,,,False,not_in_flare_streak
4FGL J2253.9+1609,242,243,56601.00001157408,1.05e-06,9.13e-08,7.76e-07,1.2815412128418547e-06,1.1438778896882493e-06,2.9420022568579806e-09,1.1438778896882493e-06,2.9420022568579806e-09,1.2571582e-05,1.2571582e-05,1.1438778896882493e-06,True,False,False,0,False,,,-1.0277019548950865,3.0,False,False,,,weekly,10.0,sigma,computed,/home/lkoo/projects/AutomationDetection/DownloadedLC/incremental/quiescent_background_cache.csv,,,,,,False,not_in_flare_streak
4FGL J2253.9+1609,243,244,56608.00001157408,7.78e-07,7.24e-08,1.05e-06,1.2815412128418547e-06,1.1438778896882493e-06,2.9420022568579806e-09,1.1438778896882493e-06,2.9420022568579806e-09,1.2571582e-05,1.2571582e-05,1.1438778896882493e-06,False,False,False,0,False,,,-5.049394863172922,3.0,False,False,,,weekly,10.0,sigma,computed,/home/lkoo/projects/AutomationDetection/DownloadedLC/incremental/quiescent_background_cache.csv,,,,,,False,not_in_flare_streak
4FGL J2253.9+1609,244,245,56615.00001157408,5.18e-07,7.05e-08,7.78e-07,1.2815412128418547e-06,1.1438778896882493e-06,2.9420022568579806e-09,1.1438778896882493e-06,2.9420022568579806e-09,1.2571582e-05,1.2571582e-05,1.1438778896882493e-06,False,False,False,0,False,,,-8.869980666132946,3.0,False,False,,,weekly,10.0,sigma,computed,/home/lkoo/projects/AutomationDetection/DownloadedLC/incremental/quiescent_background_cache.csv,,,,,,False,not_in_flare_streak
4FGL J2253.9+1609,245,246,56622.00001157408,6.34e-07,7.14e-08,5.18e-07,1.2815412128418547e-06,1.1438778896882493e-06,2.9420022568579806e-09,1.1438778896882493e-06,2.9420022568579806e-09,1.2571582e-05,1.2571582e-05,1.1438778896882493e-06,True,False,False,0,False,,,-7.135092460610834,3.0,False,False,,,weekly,10.0,sigma,computed,/home/lkoo/projects/AutomationDetection/DownloadedLC/incremental/quiescent_background_cache.csv,,,,,,False,not_in_flare_streak
4FGL J2253.9+1609,246,247,56629.00001157408,6.23e-07,1.05e-07,6.34e-07,1.2815412128418547e-06,1.1438778896882493e-06,2.9420022568579806e-09,1.1438778896882493e-06,2.9420022568579806e-09,1.2571582e-05,1.2571582e-05,1.1438778896882493e-06,False,False,False,0,False,,,-4.9587956919497955,3.0,False,False,,,weekly,10.0,sigma,computed,/home/lkoo/projects/AutomationDetection/DownloadedLC/incremental/quiescent_background_cache.csv,,,,,,False,not_in_flare_streak
4FGL J2253.9+1609,247,248,56636.00001157408,8.68e-07,1.66e-07,6.23e-07,1.2815412128418547e-06,1.1438778896882493e-06,2.9420022568579806e-09,1.1438778896882493e-06,2.9420022568579806e-09,1.2571582e-05,1.2571582e-05,1.1438778896882493e-06,True,False,False,0,False,,,-1.6616540547057033,3.0,False,False,,,weekly,10.0,sigma,computed,/home/lkoo/projects/AutomationDetection/DownloadedLC/incremental/quiescent_background_cache.csv,,,,,,False,not_in_flare_streak
4FGL J2253.9+1609,248,249,56643.00001157408,5.13e-07,1.03e-07,8.68e-07,1.2815412128418547e-06,1.1438778896882493e-06,2.9420022568579806e-09,1.1438778896882493e-06,2.9420022568579806e-09,1.2571582e-05,1.2571582e-05,1.1438778896882493e-06,False,False,False,0,False,,,-6.1225310238493025,3.0,False,False,,,weekly,10.0,sigma,computed,/home/lkoo/projects/AutomationDetection/DownloadedLC/incremental/quiescent_background_cache.csv,,,,,,False,not_in_flare_streak
4FGL J2253.9+1609,249,250,56650.00001157408,5.8e-07,1.11e-07,5.13e-07,1.2815412128418547e-06,1.1438778896882493e-06,2.9420022568579806e-09,1.1438778896882493e-06,2.9420022568579806e-09,1.2571582e-05,1.2571582e-05,1.1438778896882493e-06,True,False,False,0,False,,,-5.078197610223412,3.0,False,False,,,weekly,10.0,sigma,computed,/home/lkoo/projects/AutomationDetection/DownloadedLC/incremental/quiescent_background_cache.csv,,,,,,False,not_in_flare_streak
4FGL J2253.9+1609,250,251,56657.00001157408,9.04e-07,1.37e-07,5.8e-07,1.2815412128418547e-06,1.1438778896882493e-06,2.9420022568579806e-09,1.1438778896882493e-06,2.9420022568579806e-09,1.2571582e-05,1.2571582e-05,1.1438778896882493e-06,True,False,False,0,False,,,-1.750529916993344,3.0,False,False,,,weekly,10.0,sigma,computed,/home/lkoo/projects/AutomationDetection/DownloadedLC/incremental/quiescent_background_cache.csv,,,,,,False,not_in_flare_streak
4FGL J2253.9+1609,251,252,56664.00001157408,9.58e-07,1.29e-07,9.04e-07,1.2815412128418547e-06,1.1438778896882493e-06,2.9420022568579806e-09,1.1438778896882493e-06,2.9420022568579806e-09,1.2571582e-05,1.2571582e-05,1.1438778896882493e-06,True,False,False,0,False,,,-1.440539292991979,3.0,False,False,,,weekly,10.0,sigma,computed,/home/lkoo/projects/AutomationDetection/DownloadedLC/incremental/quiescent_background_cache.csv,,,,,,False,not_in_flare_streak
4FGL J2253.9+1609,252,253,56671.00001157408,1.11e-06,1.71e-07,9.58e-07,1.2815412128418547e-06,1.1438778896882493e-06,2.9420022568579806e-09,1.1438778896882493e-06,2.9420022568579806e-09,1.2571582e-05,1.2571582e-05,1.1438778896882493e-06,True,False,False,0,False,,,-0.1980869991198302,3.0,False,False,,,weekly,10.0,sigma,computed,/home/lkoo/projects/AutomationDetection/DownloadedLC/incremental/quiescent_background_cache.csv,,,,,,False,not_in_flare_streak
4FGL J2253.9+1609,253,254,56678.00001157408,7.89e-07,6.33e-08,1.11e-06,1.2815412128418547e-06,1.1438778896882493e-06,2.9420022568579806e-09,1.1438778896882493e-06,2.9420022568579806e-09,1.2571582e-05,1.2571582e-05,1.1438778896882493e-06,False,False,False,0,False,,,-5.600240434472136,3.0,False,False,,,weekly,10.0,sigma,computed,/home/lkoo/projects/AutomationDetection/DownloadedLC/incremental/quiescent_background_cache.csv,,,,,,False,not_in_flare_streak
4FGL J2253.9+1609,254,255,56685.00001157408,9.66e-07,5.27e-08,7.89e-07,1.2815412128418547e-06,1.1438778896882493e-06,2.9420022568579806e-09,1.1438778896882493e-06,2.9420022568579806e-09,1.2571582e-05,1.2571582e-05,1.1438778896882493e-06,True,False,False,0,False,,,-3.370044765775622,3.0,False,False,,,weekly,10.0,sigma,computed,/home/lkoo/projects/AutomationDetection/DownloadedLC/incremental/quiescent_background_cache.csv,,,,,,False,not_in_flare_streak
4FGL J2253.9+1609,255,256,56692.00001157408,9.59e-07,9.26e-08,9.66e-07,1.2815412128418547e-06,1.1438778896882493e-06,2.9420022568579806e-09,1.1438778896882493e-06,2.9420022568579806e-09,1.2571582e-05,1.2571582e-05,1.1438778896882493e-06,False,False,False,0,False,,,-1.9955146030261497,3.0,False,False,,,weekly,10.0,sigma,computed,/home/lkoo/projects/AutomationDetection/DownloadedLC/incremental/quiescent_background_cache.csv,,,,,,False,not_in_flare_streak
4FGL J2253.9+1609,256,257,56699.00001157408,1.01e-06,1.11e-07,9.59e-07,1.2815412128418547e-06,1.1438778896882493e-06,2.9420022568579806e-09,1.1438778896882493e-06,2.9420022568579806e-09,1.2571582e-05,1.2571582e-05,1.1438778896882493e-06,True,False,False,0,False,,,-1.2056836983845804,3.0,False,False,,,weekly,10.0,sigma,computed,/home/lkoo/projects/AutomationDetection/DownloadedLC/incremental/quiescent_background_cache.csv,,,,,,False,not_in_flare_streak
4FGL J2253.9+1609,257,258,56706.00001157408,9.48e-07,1.27e-07,1.01e-06,1.2815412128418547e-06,1.1438778896882493e-06,2.9420022568579806e-09,1.1438778896882493e-06,2.9420022568579806e-09,1.2571582e-05,1.2571582e-05,1.1438778896882493e-06,False,False,False,0,False,,,-1.5419319166823218,3.0,False,False,,,weekly,10.0,sigma,computed,/home/lkoo/projects/AutomationDetection/DownloadedLC/incremental/quiescent_background_cache.csv,,,,,,False,not_in_flare_streak
4FGL J2253.9+1609,258,259,56713.00001157408,9.8e-07,8.81e-08,9.48e-07,1.2815412128418547e-06,1.1438778896882493e-06,2.9420022568579806e-09,1.1438778896882493e-06,2.9420022568579806e-09,1.2571582e-05,1.2571582e-05,1.1438778896882493e-06,True,False,False,0,False,,,-1.8590986564857879,3.0,False,False,,,weekly,10.0,sigma,computed,/home/lkoo/projects/AutomationDetection/DownloadedLC/incremental/quiescent_background_cache.csv,,,,,,False,not_in_flare_streak
4FGL J2253.9+1609,259,260,56720.00001157408,7.29e-07,1.15e-07,9.8e-07,1.2815412128418547e-06,1.1438778896882493e-06,2.9420022568579806e-09,1.1438778896882493e-06,2.9420022568579806e-09,1.2571582e-05,1.2571582e-05,1.1438778896882493e-06,False,False,False,0,False,,,-3.6064538569080318,3.0,False,False,,,weekly,10.0,sigma,computed,/home/lkoo/projects/AutomationDetection/DownloadedLC/incremental/quiescent_background_cache.csv,,,,,,False,not_in_flare_streak
4FGL J2253.9+1609,260,261,56727.00001157408,6.83e-07,9.47e-08,7.29e-07,1.2815412128418547e-06,1.1438778896882493e-06,2.9420022568579806e-09,1.1438778896882493e-06,2.9420022568579806e-09,1.2571582e-05,1.2571582e-05,1.1438778896882493e-06,False,False,False,0,False,,,-4.864367971371012,3.0,False,False,,,weekly,10.0,sigma,computed,/home/lkoo/projects/AutomationDetection/DownloadedLC/incremental/quiescent_background_cache.csv,,,,,,False,not_in_flare_streak
4FGL J2253.9+1609,261,262,56734.00001157408,1.04e-06,9.56e-08,6.83e-07,1.2815412128418547e-06,1.1438778896882493e-06,2.9420022568579806e-09,1.1438778896882493e-06,2.9420022568579806e-09,1.2571582e-05,1.2571582e-05,1.1438778896882493e-06,True,False,False,0,False,,,-1.0860746456630064,3.0,False,False,,,weekly,10.0,sigma,computed,/home/lkoo/projects/AutomationDetection/DownloadedLC/incremental/quiescent_background_cache.csv,,,,,,False,not_in_flare_streak
4FGL J2253.9+1609,262,263,56741.00001157408,1.1e-06,1.24e-07,1.04e-06,1.2815412128418547e-06,1.1438778896882493e-06,2.9420022568579806e-09,1.1438778896882493e-06,2.9420022568579806e-09,1.2571582e-05,1.2571582e-05,1.1438778896882493e-06,True,False,False,0,False,,,-0.35375439632200273,3.0,False,False,,,weekly,10.0,sigma,computed,/home/lkoo/projects/AutomationDetection/DownloadedLC/incremental/quiescent_background_cache.csv,,,,,,False,not_in_flare_streak
4FGL J2253.9+1609,263,264,56748.00001157408,2.16e-06,1.31e-07,1.1e-06,1.2815412128418547e-06,1.1438778896882493e-06,2.9420022568579806e-09,1.1438778896882493e-06,2.9420022568579806e-09,1.2571582e-05,1.2571582e-05,1.1438778896882493e-06,True,True,False,0,False,,,7.754701983899078,3.0,True,True,56748.00001157408,56748.00001157408,weekly,10.0,sigma,computed,/home/lkoo/projects/AutomationDetection/DownloadedLC/incremental/quiescent_background_cache.csv,,,,,,False,not_in_flare_streak
4FGL J2253.9+1609,264,265,56755.00001157408,1.73e-06,1.45e-07,2.16e-06,1.2815412128418547e-06,1.1438778896882493e-06,2.9420022568579806e-09,1.1438778896882493e-06,2.9420022568579806e-09,1.2571582e-05,1.2571582e-05,1.1438778896882493e-06,False,True,False,0,False,,,4.041389675085166,3.0,True,True,56748.00001157408,56755.00001157408,weekly,10.0,sigma,computed,/home/lkoo/projects/AutomationDetection/DownloadedLC/incremental/quiescent_background_cache.csv,,,,,,False,not_in_flare_streak
4FGL J2253.9+1609,265,266,56762.00001157408,1.83e-06,1.63e-07,1.73e-06,1.2815412128418547e-06,1.1438778896882493e-06,2.9420022568579806e-09,1.1438778896882493e-06,2.9420022568579806e-09,1.2571582e-05,1.2571582e-05,1.1438778896882493e-06,True,True,False,0,False,,,4.208652629973657,3.0,True,True,56748.00001157408,56762.00001157408,weekly,10.0,sigma,computed,/home/lkoo/projects/AutomationDetection/DownloadedLC/incremental/quiescent_background_cache.csv,,,,,,False,not_in_flare_streak
4FGL J2253.9+1609,266,267,56769.00001157408,1.1e-06,8.25e-08,1.83e-06,1.2815412128418547e-06,1.1438778896882493e-06,2.9420022568579806e-09,1.1438778896882493e-06,2.9420022568579806e-09,1.2571582e-05,1.2571582e-05,1.1438778896882493e-06,False,False,False,0,False,,,-0.531515356787523,3.0,False,False,,,weekly,10.0,sigma,computed,/home/lkoo/projects/AutomationDetection/DownloadedLC/incremental/quiescent_background_cache.csv,,,,,,False,not_in_flare_streak
4FGL J2253.9+1609,267,268,56776.00001157408,1.26e-06,7.73e-08,1.1e-06,1.2815412128418547e-06,1.1438778896882493e-06,2.9420022568579806e-09,1.1438778896882493e-06,2.9420022568579806e-09,1.2571582e-05,1.2571582e-05,1.1438778896882493e-06,True,True,False,0,False,,,1.5011396957748657,3.0,False,False,,,weekly,10.0,sigma,computed,/home/lkoo/projects/AutomationDetection/DownloadedLC/incremental/quiescent_background_cache.csv,,,,,,False,not_in_flare_streak
4FGL J2253.9+1609,268,269,56783.00001157408,1.76e-06,8.91e-08,1.26e-06,1.2815412128418547e-06,1.1438778896882493e-06,2.9420022568579806e-09,1.1438778896882493e-06,2.9420022568579806e-09,1.2571582e-05,1.2571582e-05,1.1438778896882493e-06,True,True,False,0,False,,,6.911184260991616,3.0,True,True,56783.00001157408,56783.00001157408,weekly,10.0,sigma,computed,/home/lkoo/projects/AutomationDetection/DownloadedLC/incremental/quiescent_background_cache.csv,,,,,,False,not_in_flare_streak
4FGL J2253.9+1609,269,270,56790.00001157408,1.18e-06,7.61e-08,1.76e-06,1.2815412128418547e-06,1.1438778896882493e-06,2.9420022568579806e-09,1.1438778896882493e-06,2.9420022568579806e-09,1.2571582e-05,1.2571582e-05,1.1438778896882493e-06,False,True,False,0,False,,,0.4743120498564398,3.0,False,True,56783.00001157408,56790.00001157408,weekly,10.0,sigma,computed,/home/lkoo/projects/AutomationDetection/DownloadedLC/incremental/quiescent_background_cache.csv,,,,,,False,not_in_flare_streak
4FGL J2253.9+1609,270,271,56797.00001157408,2.2e-06,9.68e-08,1.18e-06,1.2815412128418547e-06,1.1438778896882493e-06,2.9420022568579806e-09,1.1438778896882493e-06,2.9420022568579806e-09,1.2571582e-05,1.2571582e-05,1.1438778896882493e-06,True,True,False,0,False,,,10.905316870836256,3.0,True,True,56783.00001157408,56797.00001157408,weekly,10.0,sigma,computed,/home/lkoo/projects/AutomationDetection/DownloadedLC/incremental/quiescent_background_cache.csv,,,,,,False,not_in_flare_streak
4FGL J2253.9+1609,271,272,56804.00001157408,2.19e-06,1.04e-07,2.2e-06,1.2815412128418547e-06,1.1438778896882493e-06,2.9420022568579806e-09,1.1438778896882493e-06,2.9420022568579806e-09,1.2571582e-05,1.2571582e-05,1.1438778896882493e-06,False,True,False,0,False,,,10.05484411425044,3.0,True,True,56783.00001157408,56804.00001157408,weekly,10.0,sigma,computed,/home/lkoo/projects/AutomationDetection/DownloadedLC/incremental/quiescent_background_cache.csv,,,,,,False,not_in_flare_streak
4FGL J2253.9+1609,272,273,56811.00001157408,3.79e-06,1.43e-07,2.19e-06,1.2815412128418547e-06,1.1438778896882493e-06,2.9420022568579806e-09,1.1438778896882493e-06,2.9420022568579806e-09,1.2571582e-05,1.2571582e-05,1.1438778896882493e-06,True,True,False,0,False,,,18.50043552839936,3.0,True,True,56783.00001157408,56811.00001157408,weekly,10.0,sigma,computed,/home/lkoo/projects/AutomationDetection/DownloadedLC/incremental/quiescent_background_cache.csv,,,,,,False,not_in_flare_streak
4FGL J2253.9+1609,273,274,56818.00001157408,8.01e-06,1.78e-07,3.79e-06,1.2815412128418547e-06,1.1438778896882493e-06,2.9420022568579806e-09,1.1438778896882493e-06,2.9420022568579806e-09,1.2571582e-05,1.2571582e-05,1.1438778896882493e-06,True,True,False,0,False,,,38.56845205091971,3.0,True,True,56783.00001157408,56818.00001157408,weekly,10.0,sigma,computed,/home/lkoo/projects/AutomationDetection/DownloadedLC/incremental/quiescent_background_cache.csv,,,,,,False,not_in_flare_streak
4FGL J2253.9+1609,274,275,56825.00001157408,7.72e-06,1.53e-07,8.01e-06,1.2815412128418547e-06,1.1438778896882493e-06,2.9420022568579806e-09,1.1438778896882493e-06,2.9420022568579806e-09,1.2571582e-05,1.2571582e-05,1.1438778896882493e-06,False,True,False,0,False,,,42.97324641099861,3.0,True,True,56783.00001157408,56825.00001157408,weekly,10.0,sigma,computed,/home/lkoo/projects/AutomationDetection/DownloadedLC/incremental/quiescent_background_cache.csv,,,,,,False,not_in_flare_streak
4FGL J2253.9+1609,275,276,56832.00001157408,5.11e-06,1.39e-07,7.72e-06,1.2815412128418547e-06,1.1438778896882493e-06,2.9420022568579806e-09,1.1438778896882493e-06,2.9420022568579806e-09,1.2571582e-05,1.2571582e-05,1.1438778896882493e-06,False,True,False,0,False,,,28.52686360814604,3.0,True,True,56783.00001157408,56832.00001157408,weekly,10.0,sigma,computed,/home/lkoo/projects/AutomationDetection/DownloadedLC/incremental/quiescent_background_cache.csv,,,,,,False,not_in_flare_streak
4FGL J2253.9+1609,276,277,56839.00001157408,3.67e-06,1.25e-07,5.11e-06,1.2815412128418547e-06,1.1438778896882493e-06,2.9420022568579806e-09,1.1438778896882493e-06,2.9420022568579806e-09,1.2571582e-05,1.2571582e-05,1.1438778896882493e-06,False,True,False,0,False,,,20.203381884654824,3.0,True,True,56783.00001157408,56839.00001157408,weekly,10.0,sigma,computed,/home/lkoo/projects/AutomationDetection/DownloadedLC/incremental/quiescent_background_cache.csv,,,,,,False,not_in_flare_streak
4FGL J2253.9+1609,277,278,56846.00001157408,3.05e-06,1.46e-07,3.67e-06,1.2815412128418547e-06,1.1438778896882493e-06,2.9420022568579806e-09,1.1438778896882493e-06,2.9420022568579806e-09,1.2571582e-05,1.2571582e-05,1.1438778896882493e-06,False,True,False,0,False,,,13.052981075286743,3.0,True,True,56783.00001157408,56846.00001157408,weekly,10.0,sigma,computed,/home/lkoo/projects/AutomationDetection/DownloadedLC/incremental/quiescent_background_cache.csv,,,,,,False,not_in_flare_streak
4FGL J2253.9+1609,278,279,56853.00001157408,2.74e-06,1.57e-07,3.05e-06,1.2815412128418547e-06,1.1438778896882493e-06,2.9420022568579806e-09,1.1438778896882493e-06,2.9420022568579806e-09,1.2571582e-05,1.2571582e-05,1.1438778896882493e-06,False,True,False,0,False,,,10.164598400052517,3.0,True,True,56783.00001157408,56853.00001157408,weekly,10.0,sigma,computed,/home/lkoo/projects/AutomationDetection/DownloadedLC/incremental/quiescent_background_cache.csv,,,,,,False,not_in_flare_streak
4FGL J2253.9+1609,279,280,56860.00001157408,3.07e-06,1.15e-07,2.74e-06,1.2815412128418547e-06,1.1438778896882493e-06,2.9420022568579806e-09,1.1438778896882493e-06,2.9420022568579806e-09,1.2571582e-05,1.2571582e-05,1.1438778896882493e-06,True,True,False,0,False,,,16.74340977493262,3.0,True,True,56783.00001157408,56860.00001157408,weekly,10.0,sigma,computed,/home/lkoo/projects/AutomationDetection/DownloadedLC/incremental/quiescent_background_cache.csv,,,,,,False,not_in_flare_streak
4FGL J2253.9+1609,280,281,56867.00001157408,4.34e-06,2.29e-07,3.07e-06,1.2815412128418547e-06,1.1438778896882493e-06,2.9420022568579806e-09,1.1438778896882493e-06,2.9420022568579806e-09,1.2571582e-05,1.2571582e-05,1.1438778896882493e-06,True,True,False,0,False,,,13.955713464095927,3.0,True,True,56783.00001157408,56867.00001157408,weekly,10.0,sigma,computed,/home/lkoo/projects/AutomationDetection/DownloadedLC/incremental/quiescent_background_cache.csv,,,,,,False,not_in_flare_streak
4FGL J2253.9+1609,281,282,56874.00001157408,3.7e-06,2.15e-07,4.34e-06,1.2815412128418547e-06,1.1438778896882493e-06,2.9420022568579806e-09,1.1438778896882493e-06,2.9420022568579806e-09,1.2571582e-05,1.2571582e-05,1.1438778896882493e-06,False,True,False,0,False,,,11.887827134897613,3.0,True,True,56783.00001157408,56874.00001157408,weekly,10.0,sigma,computed,/home/lkoo/projects/AutomationDetection/DownloadedLC/incremental/quiescent_background_cache.csv,,,,,,False,not_in_flare_streak
4FGL J2253.9+1609,282,283,56881.00001157408,4.57e-06,2.24e-07,3.7e-06,1.2815412128418547e-06,1.1438778896882493e-06,2.9420022568579806e-09,1.1438778896882493e-06,2.9420022568579806e-09,1.2571582e-05,1.2571582e-05,1.1438778896882493e-06,True,True,False,0,False,,,15.293868950514126,3.0,True,True,56783.00001157408,56881.00001157408,weekly,10.0,sigma,computed,/home/lkoo/projects/AutomationDetection/DownloadedLC/incremental/quiescent_background_cache.csv,,,,,,False,not_in_flare_streak
4FGL J2253.9+1609,283,284,56888.00001157408,2.62e-06,1.44e-07,4.57e-06,1.2815412128418547e-06,1.1438778896882493e-06,2.9420022568579806e-09,1.1438778896882493e-06,2.9420022568579806e-09,1.2571582e-05,1.2571582e-05,1.1438778896882493e-06,False,True,False,0,False,,,10.24870926358146,3.0,True,True,56783.00001157408,56888.00001157408,weekly,10.0,sigma,computed,/home/lkoo/projects/AutomationDetection/DownloadedLC/incremental/quiescent_background_cache.csv,,,,,,False,not_in_flare_streak
4FGL J2253.9+1609,284,285,56895.00001157408,1.86e-06,1.15e-07,2.62e-06,1.2815412128418547e-06,1.1438778896882493e-06,2.9420022568579806e-09,1.1438778896882493e-06,2.9420022568579806e-09,1.2571582e-05,1.2571582e-05,1.1438778896882493e-06,False,True,False,0,False,,,6.225112041260177,3.0,True,True,56783.00001157408,56895.00001157408,weekly,10.0,sigma,computed,/home/lkoo/projects/AutomationDetection/DownloadedLC/incremental/quiescent_background_cache.csv,,,,,,False,not_in_flare_streak
4FGL J2253.9+1609,285,286,56902.00001157408,2.34e-06,1.63e-07,1.86e-06,1.2815412128418547e-06,1.1438778896882493e-06,2.9420022568579806e-09,1.1438778896882493e-06,2.9420022568579806e-09,1.2571582e-05,1.2571582e-05,1.1438778896882493e-06,True,True,False,0,False,,,7.336977470447471,3.0,True,True,56783.00001157408,56902.00001157408,weekly,10.0,sigma,computed,/home/lkoo/projects/AutomationDetection/DownloadedLC/incremental/quiescent_background_cache.csv,,,,,,False,not_in_flare_streak
4FGL J2253.9+1609,286,287,56909.00001157408,3.93e-06,1.85e-07,2.34e-06,1.2815412128418547e-06,1.1438778896882493e-06,2.9420022568579806e-09,1.1438778896882493e-06,2.9420022568579806e-09,1.2571582e-05,1.2571582e-05,1.1438778896882493e-06,True,True,False,0,False,,,15.058215551757973,3.0,True,True,56783.00001157408,56909.00001157408,weekly,10.0,sigma,computed,/home/lkoo/projects/AutomationDetection/DownloadedLC/incremental/quiescent_background_cache.csv,,,,,,False,not_in_flare_streak
4FGL J2253.9+1609,287,288,56916.00001157408,3.74e-06,1.99e-07,3.93e-06,1.2815412128418547e-06,1.1438778896882493e-06,2.9420022568579806e-09,1.1438778896882493e-06,2.9420022568579806e-09,1.2571582e-05,1.2571582e-05,1.1438778896882493e-06,False,True,False,0,False,,,13.044414304505336,3.0,True,True,56783.00001157408,56916.00001157408,weekly,10.0,sigma,computed,/home/lkoo/projects/AutomationDetection/DownloadedLC/incremental/quiescent_background_cache.csv,,,,,,False,not_in_flare_streak
4FGL J2253.9+1609,288,289,56923.00001157408,2.96e-06,1.93e-07,3.74e-06,1.2815412128418547e-06,1.1438778896882493e-06,2.9420022568579806e-09,1.1438778896882493e-06,2.9420022568579806e-09,1.2571582e-05,1.2571582e-05,1.1438778896882493e-06,False,True,False,0,False,,,9.408866037011276,3.0,True,True,56783.00001157408,56923.00001157408,weekly,10.0,sigma,computed,/home/lkoo/projects/AutomationDetection/DownloadedLC/incremental/quiescent_background_cache.csv,,,,,,False,not_in_flare_streak
4FGL J2253.9+1609,289,290,56930.00001157408,1.82e-06,1.51e-07,2.96e-06,1.2815412128418547e-06,1.1438778896882493e-06,2.9420022568579806e-09,1.1438778896882493e-06,2.9420022568579806e-09,1.2571582e-05,1.2571582e-05,1.1438778896882493e-06,False,True,False,0,False,,,4.476780245793672,3.0,True,True,56783.00001157408,56930.00001157408,weekly,10.0,sigma,computed,/home/lkoo/projects/AutomationDetection/DownloadedLC/incremental/quiescent_background_cache.csv,,,,,,False,not_in_flare_streak
4FGL J2253.9+1609,290,291,56937.00001157408,1.54e-06,1.64e-07,1.82e-06,1.2815412128418547e-06,1.1438778896882493e-06,2.9420022568579806e-09,1.1438778896882493e-06,2.9420022568579806e-09,1.2571582e-05,1.2571582e-05,1.1438778896882493e-06,False,True,False,0,False,,,2.4149901697762517,3.0,False,True,56783.00001157408,56937.00001157408,weekly,10.0,sigma,computed,/home/lkoo/projects/AutomationDetection/DownloadedLC/incremental/quiescent_background_cache.csv,,,,,,False,not_in_flare_streak
4FGL J2253.9+1609,291,292,56944.00001157408,1.03e-06,1.05e-07,1.54e-06,1.2815412128418547e-06,1.1438778896882493e-06,2.9420022568579806e-09,1.1438778896882493e-06,2.9420022568579806e-09,1.2571582e-05,1.2571582e-05,1.1438778896882493e-06,False,False,False,0,False,,,-1.0841258574680552,3.0,False,False,,,weekly,10.0,sigma,computed,/home/lkoo/projects/AutomationDetection/DownloadedLC/incremental/quiescent_background_cache.csv,,,,,,False,not_in_flare_streak
4FGL J2253.9+1609,292,293,56951.00001157408,1.14e-06,1.19e-07,1.03e-06,1.2815412128418547e-06,1.1438778896882493e-06,2.9420022568579806e-09,1.1438778896882493e-06,2.9420022568579806e-09,1.2571582e-05,1.2571582e-05,1.1438778896882493e-06,True,False,False,0,False,,,-0.03257735398582088,3.0,False,False,,,weekly,10.0,sigma,computed,/home/lkoo/projects/AutomationDetection/DownloadedLC/incremental/quiescent_background_cache.csv,,,,,,False,not_in_flare_streak
4FGL J2253.9+1609,293,294,56958.00001157408,2.45e-06,1.53e-07,1.14e-06,1.2815412128418547e-06,1.1438778896882493e-06,2.9420022568579806e-09,1.1438778896882493e-06,2.9420022568579806e-09,1.2571582e-05,1.2571582e-05,1.1438778896882493e-06,True,True,False,0,False,,,8.535168043985653,3.0,True,True,56958.00001157408,56958.00001157408,weekly,10.0,sigma,computed,/home/lkoo/projects/AutomationDetection/DownloadedLC/incremental/quiescent_background_cache.csv,,,,,,False,not_in_flare_streak
4FGL J2253.9+1609,294,295,56965.00001157408,2.45e-06,1.56e-07,2.45e-06,1.2815412128418547e-06,1.1438778896882493e-06,2.9420022568579806e-09,1.1438778896882493e-06,2.9420022568579806e-09,1.2571582e-05,1.2571582e-05,1.1438778896882493e-06,False,True,False,0,False,,,8.371089125654505,3.0,True,True,56958.00001157408,56965.00001157408,weekly,10.0,sigma,computed,/home/lkoo/projects/AutomationDetection/DownloadedLC/incremental/quiescent_background_cache.csv,,,,,,False,not_in_flare_streak
4FGL J2253.9+1609,295,296,56972.00001157408,1.58e-06,1.47e-07,2.45e-06,1.2815412128418547e-06,1.1438778896882493e-06,2.9420022568579806e-09,1.1438778896882493e-06,2.9420022568579806e-09,1.2571582e-05,1.2571582e-05,1.1438778896882493e-06,False,True,False,0,False,,,2.9662230834868284,3.0,False,True,56958.00001157408,56972.00001157408,weekly,10.0,sigma,computed,/home/lkoo/projects/AutomationDetection/DownloadedLC/incremental/quiescent_background_cache.csv,,,,,,False,not_in_flare_streak
4FGL J2253.9+1609,296,297,56979.00001157408,1.8e-06,1.51e-07,1.58e-06,1.2815412128418547e-06,1.1438778896882493e-06,2.9420022568579806e-09,1.1438778896882493e-06,2.9420022568579806e-09,1.2571582e-05,1.2571582e-05,1.1438778896882493e-06,True,True,False,0,False,,,4.344355046927465,3.0,True,True,56958.00001157408,56979.00001157408,weekly,10.0,sigma,computed,/home/lkoo/projects/AutomationDetection/DownloadedLC/incremental/quiescent_background_cache.csv,,,,,,False,not_in_flare_streak
4FGL J2253.9+1609,297,298,56986.00001157408,2.91e-06,1.82e-07,1.8e-06,1.2815412128418547e-06,1.1438778896882493e-06,2.9420022568579806e-09,1.1438778896882493e-06,2.9420022568579806e-09,1.2571582e-05,1.2571582e-05,1.1438778896882493e-06,True,True,False,0,False,,,9.702700052971412,3.0,True,True,56958.00001157408,56986.00001157408,weekly,10.0,sigma,computed,/home/lkoo/projects/AutomationDetection/DownloadedLC/incremental/quiescent_background_cache.csv,,,,,,False,not_in_flare_streak
4FGL J2253.9+1609,298,299,56993.00001157408,2.13e-06,1.27e-07,2.91e-06,1.2815412128418547e-06,1.1438778896882493e-06,2.9420022568579806e-09,1.1438778896882493e-06,2.9420022568579806e-09,1.2571582e-05,1.2571582e-05,1.1438778896882493e-06,False,True,False,0,False,,,7.762658450404113,3.0,True,True,56958.00001157408,56993.00001157408,weekly,10.0,sigma,computed,/home/lkoo/projects/AutomationDetection/DownloadedLC/incremental/quiescent_background_cache.csv,,,,,,False,not_in_flare_streak
4FGL J2253.9+1609,299,300,57000.00001157408,2.95e-06,1.15e-07,2.13e-06,1.2815412128418547e-06,1.1438778896882493e-06,2.9420022568579806e-09,1.1438778896882493e-06,2.9420022568579806e-09,1.2571582e-05,1.2571582e-05,1.1438778896882493e-06,True,True,False,0,False,,,15.700272809609734,3.0,True,True,56958.00001157408,57000.00001157408,weekly,10.0,sigma,computed,/home/lkoo/projects/AutomationDetection/DownloadedLC/incremental/quiescent_background_cache.csv,,,,,,False,not_in_flare_streak
4FGL J2253.9+1609,300,301,57007.00001157408,3.74e-06,1.26e-07,2.95e-06,1.2815412128418547e-06,1.1438778896882493e-06,2.9420022568579806e-09,1.1438778896882493e-06,2.9420022568579806e-09,1.2571582e-05,1.2571582e-05,1.1438778896882493e-06,True,True,False,0,False,,,20.598529479967844,3.0,True,True,56958.00001157408,57007.00001157408,weekly,10.0,sigma,computed,/home/lkoo/projects/AutomationDetection/DownloadedLC/incremental/quiescent_background_cache.csv,,,,,,False,not_in_flare_streak
4FGL J2253.9+1609,301,302,57014.00001157408,2.32e-06,1.05e-07,3.74e-06,1.2815412128418547e-06,1.1438778896882493e-06,2.9420022568579806e-09,1.1438778896882493e-06,2.9420022568579806e-09,1.2571582e-05,1.2571582e-05,1.1438778896882493e-06,False,True,False,0,False,,,11.196768703911411,3.0,True,True,56958.00001157408,57014.00001157408,weekly,10.0,sigma,computed,/home/lkoo/projects/AutomationDetection/DownloadedLC/incremental/quiescent_background_cache.csv,,,,,,False,not_in_flare_streak
4FGL J2253.9+1609,302,303,57021.00001157408,2.11e-06,1.07e-07,2.32e-06,1.2815412128418547e-06,1.1438778896882493e-06,2.9420022568579806e-09,1.1438778896882493e-06,2.9420022568579806e-09,1.2571582e-05,1.2571582e-05,1.1438778896882493e-06,False,True,False,0,False,,,9.025767531782167,3.0,True,True,56958.00001157408,57021.00001157408,weekly,10.0,sigma,computed,/home/lkoo/projects/AutomationDetection/DownloadedLC/incremental/quiescent_background_cache.csv,,,,,,False,not_in_flare_streak
4FGL J2253.9+1609,303,304,57028.00001157408,1.81e-06,1.06e-07,2.11e-06,1.2815412128418547e-06,1.1438778896882493e-06,2.9420022568579806e-09,1.1438778896882493e-06,2.9420022568579806e-09,1.2571582e-05,1.2571582e-05,1.1438778896882493e-06,False,True,False,0,False,,,6.281751820972904,3.0,True,True,56958.00001157408,57028.00001157408,weekly,10.0,sigma,computed,/home/lkoo/projects/AutomationDetection/DownloadedLC/incremental/quiescent_background_cache.csv,,,,,,False,not_in_flare_streak
4FGL J2253.9+1609,304,305,57035.00001157408,8.37e-07,7.91e-08,1.81e-06,1.2815412128418547e-06,1.1438778896882493e-06,2.9420022568579806e-09,1.1438778896882493e-06,2.9420022568579806e-09,1.2571582e-05,1.2571582e-05,1.1438778896882493e-06,False,False,False,0,False,,,-3.876938677919774,3.0,False,False,,,weekly,10.0,sigma,computed,/home/lkoo/projects/AutomationDetection/DownloadedLC/incremental/quiescent_background_cache.csv,,,,,,False,not_in_flare_streak
4FGL J2253.9+1609,305,306,57042.00001157408,6.13e-07,7.62e-08,8.37e-07,1.2815412128418547e-06,1.1438778896882493e-06,2.9420022568579806e-09,1.1438778896882493e-06,2.9420022568579806e-09,1.2571582e-05,1.2571582e-05,1.1438778896882493e-06,False,False,False,0,False,,,-6.961714627243945,3.0,False,False,,,weekly,10.0,sigma,computed,/home/lkoo/projects/AutomationDetection/DownloadedLC/incremental/quiescent_background_cache.csv,,,,,,False,not_in_flare_streak
4FGL J2253.9+1609,306,307,57049.00001157408,1.19e-06,8.74e-08,6.13e-07,1.2815412128418547e-06,1.1438778896882493e-06,2.9420022568579806e-09,1.1438778896882493e-06,2.9420022568579806e-09,1.2571582e-05,1.2571582e-05,1.1438778896882493e-06,True,True,False,0,False,,,0.5274142142102808,3.0,False,False,,,weekly,10.0,sigma,computed,/home/lkoo/projects/AutomationDetection/DownloadedLC/incremental/quiescent_background_cache.csv,,,,,,False,not_in_flare_streak
4FGL J2253.9+1609,307,308,57056.00001157408,3.4e-06,1.16e-07,1.19e-06,1.2815412128418547e-06,1.1438778896882493e-06,2.9420022568579806e-09,1.1438778896882493e-06,2.9420022568579806e-09,1.2571582e-05,1.2571582e-05,1.1438778896882493e-06,True,True,False,0,False,,,19.443076303686702,3.0,True,True,57056.00001157408,57056.00001157408,weekly,10.0,sigma,computed,/home/lkoo/projects/AutomationDetection/DownloadedLC/incremental/quiescent_background_cache.csv,,,,,,False,not_in_flare_streak
4FGL J2253.9+1609,308,309,57063.00001157408,2.45e-06,1.04e-07,3.4e-06,1.2815412128418547e-06,1.1438778896882493e-06,2.9420022568579806e-09,1.1438778896882493e-06,2.9420022568579806e-09,1.2571582e-05,1.2571582e-05,1.1438778896882493e-06,False,True,False,0,False,,,12.553844416352883,3.0,True,True,57056.00001157408,57063.00001157408,weekly,10.0,sigma,computed,/home/lkoo/projects/AutomationDetection/DownloadedLC/incremental/quiescent_background_cache.csv,,,,,,False,not_in_flare_streak
4FGL J2253.9+1609,309,310,57070.00001157408,2.18e-06,1.05e-07,2.45e-06,1.2815412128418547e-06,1.1438778896882493e-06,2.9420022568579806e-09,1.1438778896882493e-06,2.9420022568579806e-09,1.2571582e-05,1.2571582e-05,1.1438778896882493e-06,False,True,False,0,False,,,9.86395844143612,3.0,True,True,57056.00001157408,57070.00001157408,weekly,10.0,sigma,computed,/home/lkoo/projects/AutomationDetection/DownloadedLC/incremental/quiescent_background_cache.csv,,,,,,False,not_in_flare_streak
4FGL J2253.9+1609,310,311,57077.00001157408,1.65e-06,9.43e-08,2.18e-06,1.2815412128418547e-06,1.1438778896882493e-06,2.9420022568579806e-09,1.1438778896882493e-06,2.9420022568579806e-09,1.2571582e-05,1.2571582e-05,1.1438778896882493e-06,False,True,False,0,False,,,5.364538458492408,3.0,True,True,57056.00001157408,57077.00001157408,weekly,10.0,sigma,computed,/home/lkoo/projects/AutomationDetection/DownloadedLC/incremental/quiescent_background_cache.csv,,,,,,False,not_in_flare_streak
4FGL J2253.9+1609,311,312,57084.00001157408,1.76e-06,1.02e-07,1.65e-06,1.2815412128418547e-06,1.1438778896882493e-06,2.9420022568579806e-09,1.1438778896882493e-06,2.9420022568579806e-09,1.2571582e-05,1.2571582e-05,1.1438778896882493e-06,True,True,False,0,False,,,6.0379018190149205,3.0,True,True,57056.00001157408,57084.00001157408,weekly,10.0,sigma,computed,/home/lkoo/projects/AutomationDetection/DownloadedLC/incremental/quiescent_background_cache.csv,,,,,,False,not_in_flare_streak
4FGL J2253.9+1609,312,313,57091.00001157408,2.11e-06,1.07e-07,1.76e-06,1.2815412128418547e-06,1.1438778896882493e-06,2.9420022568579806e-09,1.1438778896882493e-06,2.9420022568579806e-09,1.2571582e-05,1.2571582e-05,1.1438778896882493e-06,True,True,False,0,False,,,9.025767531782167,3.0,True,True,57056.00001157408,57091.00001157408,weekly,10.0,sigma,computed,/home/lkoo/projects/AutomationDetection/DownloadedLC/incremental/quiescent_background_cache.csv,,,,,,False,not_in_flare_streak
4FGL J2253.9+1609,313,314,57098.00001157408,2.39e-06,1.78e-07,2.11e-06,1.2815412128418547e-06,1.1438778896882493e-06,2.9420022568579806e-09,1.1438778896882493e-06,2.9420022568579806e-09,1.2571582e-05,1.2571582e-05,1.1438778896882493e-06,True,True,False,0,False,,,6.999729991543577,3.0,True,True,57056.00001157408,57098.00001157408,weekly,10.0,sigma,computed,/home/lkoo/projects/AutomationDetection/DownloadedLC/incremental/quiescent_background_cache.csv,,,,,,False,not_in_flare_streak
4FGL J2253.9+1609,314,315,57105.00001157408,1.78e-06,1.8e-07,2.39e-06,1.2815412128418547e-06,1.1438778896882493e-06,2.9420022568579806e-09,1.1438778896882493e-06,2.9420022568579806e-09,1.2571582e-05,1.2571582e-05,1.1438778896882493e-06,False,True,False,0,False,,,3.5335397783119555,3.0,True,True,57056.00001157408,57105.00001157408,weekly,10.0,sigma,computed,/home/lkoo/projects/AutomationDetection/DownloadedLC/incremental/quiescent_background_cache.csv,,,,,,False,not_in_flare_streak
4FGL J2253.9+1609,315,316,57112.00001157408,7.78e-07,9.52e-08,1.78e-06,1.2815412128418547e-06,1.1438778896882493e-06,2.9420022568579806e-09,1.1438778896882493e-06,2.9420022568579806e-09,1.2571582e-05,1.2571582e-05,1.1438778896882493e-06,False,False,False,0,False,,,-3.841421265980004,3.0,False,False,,,weekly,10.0,sigma,computed,/home/lkoo/projects/AutomationDetection/DownloadedLC/incremental/quiescent_background_cache.csv,,,,,,False,not_in_flare_streak
4FGL J2253.9+1609,316,317,57119.00001157408,8.62e-07,7.27e-08,7.78e-07,1.2815412128418547e-06,1.1438778896882493e-06,2.9420022568579806e-09,1.1438778896882493e-06,2.9420022568579806e-09,1.2571582e-05,1.2571582e-05,1.1438778896882493e-06,True,False,False,0,False,,,-3.874104074259654,3.0,False,False,,,weekly,10.0,sigma,computed,/home/lkoo/projects/AutomationDetection/DownloadedLC/incremental/quiescent_background_cache.csv,,,,,,False,not_in_flare_streak
4FGL J2253.9+1609,317,318,57126.00001157408,6.94e-07,6.82e-08,8.62e-07,1.2815412128418547e-06,1.1438778896882493e-06,2.9420022568579806e-09,1.1438778896882493e-06,2.9420022568579806e-09,1.2571582e-05,1.2571582e-05,1.1438778896882493e-06,False,False,False,0,False,,,-6.590320962943954,3.0,False,False,,,weekly,10.0,sigma,computed,/home/lkoo/projects/AutomationDetection/DownloadedLC/incremental/quiescent_background_cache.csv,,,,,,False,not_in_flare_streak
4FGL J2253.9+1609,318,319,57133.00001157408,6.33e-07,7.11e-08,6.94e-07,1.2815412128418547e-06,1.1438778896882493e-06,2.9420022568579806e-09,1.1438778896882493e-06,2.9420022568579806e-09,1.2571582e-05,1.2571582e-05,1.1438778896882493e-06,False,False,False,0,False,,,-7.179199658106205,3.0,False,False,,,weekly,10.0,sigma,computed,/home/lkoo/projects/AutomationDetection/DownloadedLC/incremental/quiescent_background_cache.csv,,,,,,False,not_in_flare_streak
4FGL J2253.9+1609,319,320,57140.00001157408,8.24e-07,6.86e-08,6.33e-07,1.2815412128418547e-06,1.1438778896882493e-06,2.9420022568579806e-09,1.1438778896882493e-06,2.9420022568579806e-09,1.2571582e-05,1.2571582e-05,1.1438778896882493e-06,True,False,False,0,False,,,-4.658660775082935,3.0,False,False,,,weekly,10.0,sigma,computed,/home/lkoo/projects/AutomationDetection/DownloadedLC/incremental/quiescent_background_cache.csv,,,,,,False,not_in_flare_streak
4FGL J2253.9+1609,320,321,57147.00001157408,1.99e-06,9.24e-08,8.24e-07,1.2815412128418547e-06,1.1438778896882493e-06,2.9420022568579806e-09,1.1438778896882493e-06,2.9420022568579806e-09,1.2571582e-05,1.2571582e-05,1.1438778896882493e-06,True,True,False,0,False,,,9.152527564243362,3.0,True,True,57147.00001157408,57147.00001157408,weekly,10.0,sigma,computed,/home/lkoo/projects/AutomationDetection/DownloadedLC/incremental/quiescent_background_cache.csv,,,,,,False,not_in_flare_streak
4FGL J2253.9+1609,321,322,57154.00001157408,1.1e-06,7.61e-08,1.99e-06,1.2815412128418547e-06,1.1438778896882493e-06,2.9420022568579806e-09,1.1438778896882493e-06,2.9420022568579806e-09,1.2571582e-05,1.2571582e-05,1.1438778896882493e-06,False,False,False,0,False,,,-0.5761516041502739,3.0,False,False,,,weekly,10.0,sigma,computed,/home/lkoo/projects/AutomationDetection/DownloadedLC/incremental/quiescent_background_cache.csv,,,,,,False,not_in_flare_streak
4FGL J2253.9+1609,322,323,57161.00001157408,8.77e-07,6.95e-08,1.1e-06,1.2815412128418547e-06,1.1438778896882493e-06,2.9420022568579806e-09,1.1438778896882493e-06,2.9420022568579806e-09,1.2571582e-05,1.2571582e-05,1.1438778896882493e-06,False,False,False,0,False,,,-3.836533811046189,3.0,False,False,,,weekly,10.0,sigma,computed,/home/lkoo/projects/AutomationDetection/DownloadedLC/incremental/quiescent_background_cache.csv,,,,,,False,not_in_flare_streak
4FGL J2253.9+1609,323,324,57168.00001157408,1.26e-06,7.79e-08,8.77e-07,1.2815412128418547e-06,1.1438778896882493e-06,2.9420022568579806e-09,1.1438778896882493e-06,2.9420022568579806e-09,1.2571582e-05,1.2571582e-05,1.1438778896882493e-06,True,True,False,0,False,,,1.4895941754954385,3.0,False,False,,,weekly,10.0,sigma,computed,/home/lkoo/projects/AutomationDetection/DownloadedLC/incremental/quiescent_background_cache.csv,,,,,,False,not_in_flare_streak
4FGL J2253.9+1609,324,325,57175.00001157408,1.82e-06,8.58e-08,1.26e-06,1.2815412128418547e-06,1.1438778896882493e-06,2.9420022568579806e-09,1.1438778896882493e-06,2.9420022568579806e-09,1.2571582e-05,1.2571582e-05,1.1438778896882493e-06,True,True,False,0,False,,,7.875582615783444,3.0,True,True,57175.00001157408,57175.00001157408,weekly,10.0,sigma,computed,/home/lkoo/projects/AutomationDetection/DownloadedLC/incremental/quiescent_background_cache.csv,,,,,,False,not_in_flare_streak
4FGL J2253.9+1609,325,326,57182.00001157408,1.49e-06,8.43e-08,1.82e-06,1.2815412128418547e-06,1.1438778896882493e-06,2.9420022568579806e-09,1.1438778896882493e-06,2.9420022568579806e-09,1.2571582e-05,1.2571582e-05,1.1438778896882493e-06,False,True,False,0,False,,,4.103339528688039,3.0,True,True,57175.00001157408,57182.00001157408,weekly,10.0,sigma,computed,/home/lkoo/projects/AutomationDetection/DownloadedLC/incremental/quiescent_background_cache.csv,,,,,,False,not_in_flare_streak
4FGL J2253.9+1609,326,327,57189.00001157408,1.75e-06,1.07e-07,1.49e-06,1.2815412128418547e-06,1.1438778896882493e-06,2.9420022568579806e-09,1.1438778896882493e-06,2.9420022568579806e-09,1.2571582e-05,1.2571582e-05,1.1438778896882493e-06,True,True,False,0,False,,,5.662552595739458,3.0,True,True,57175.00001157408,57189.00001157408,weekly,10.0,sigma,computed,/home/lkoo/projects/AutomationDetection/DownloadedLC/incremental/quiescent_background_cache.csv,,,,,,False,not_in_flare_streak
4FGL J2253.9+1609,327,328,57196.00001157408,3.25e-06,1.13e-07,1.75e-06,1.2815412128418547e-06,1.1438778896882493e-06,2.9420022568579806e-09,1.1438778896882493e-06,2.9420022568579806e-09,1.2571582e-05,1.2571582e-05,1.1438778896882493e-06,True,True,False,0,False,,,18.631935070171913,3.0,True,True,57175.00001157408,57196.00001157408,weekly,10.0,sigma,computed,/home/lkoo/projects/AutomationDetection/DownloadedLC/incremental/quiescent_background_cache.csv,,,,,,False,not_in_flare_streak
4FGL J2253.9+1609,328,329,57203.00001157408,5.1e-06,1.47e-07,3.25e-06,1.2815412128418547e-06,1.1438778896882493e-06,2.9420022568579806e-09,1.1438778896882493e-06,2.9420022568579806e-09,1.2571582e-05,1.2571582e-05,1.1438778896882493e-06,True,True,False,0,False,,,26.907007113927488,3.0,True,True,57175.00001157408,57203.00001157408,weekly,10.0,sigma,computed,/home/lkoo/projects/AutomationDetection/DownloadedLC/incremental/quiescent_background_cache.csv,,,,,,False,not_in_flare_streak
4FGL J2253.9+1609,329,330,57210.00001157408,9.47e-07,7.6e-08,5.1e-06,1.2815412128418547e-06,1.1438778896882493e-06,2.9420022568579806e-09,1.1438778896882493e-06,2.9420022568579806e-09,1.2571582e-05,1.2571582e-05,1.1438778896882493e-06,False,False,False,0,False,,,-2.588559786899575,3.0,False,False,,,weekly,10.0,sigma,computed,/home/lkoo/projects/AutomationDetection/DownloadedLC/incremental/quiescent_background_cache.csv,,,,,,False,not_in_flare_streak
4FGL J2253.9+1609,330,331,57217.00001157408,7.62e-07,7.06e-08,9.47e-07,1.2815412128418547e-06,1.1438778896882493e-06,2.9420022568579806e-09,1.1438778896882493e-06,2.9420022568579806e-09,1.2571582e-05,1.2571582e-05,1.1438778896882493e-06,False,False,False,0,False,,,-5.40434495790888,3.0,False,False,,,weekly,10.0,sigma,computed,/home/lkoo/projects/AutomationDetection/DownloadedLC/incremental/quiescent_background_cache.csv,,,,,,False,not_in_flare_streak
4FGL J2253.9+1609,331,332,57224.00001157408,8.47e-07,7.22e-08,7.62e-07,1.2815412128418547e-06,1.1438778896882493e-06,2.9420022568579806e-09,1.1438778896882493e-06,2.9420022568579806e-09,1.2571582e-05,1.2571582e-05,1.1438778896882493e-06,True,False,False,0,False,,,-4.108472698046943,3.0,False,False,,,weekly,10.0,sigma,computed,/home/lkoo/projects/AutomationDetection/DownloadedLC/incremental/quiescent_background_cache.csv,,,,,,False,not_in_flare_streak
4FGL J2253.9+1609,332,333,57231.00001157408,1.1e-06,7.86e-08,8.47e-07,1.2815412128418547e-06,1.1438778896882493e-06,2.9420022568579806e-09,1.1438778896882493e-06,2.9420022568579806e-09,1.2571582e-05,1.2571582e-05,1.1438778896882493e-06,True,False,False,0,False,,,-0.5578522301420362,3.0,False,False,,,weekly,10.0,sigma,computed,/home/lkoo/projects/AutomationDetection/DownloadedLC/incremental/quiescent_background_cache.csv,,,,,,False,not_in_flare_streak
4FGL J2253.9+1609,333,334,57238.00001157408,1.38e-06,8.52e-08,1.1e-06,1.2815412128418547e-06,1.1438778896882493e-06,2.9420022568579806e-09,1.1438778896882493e-06,2.9420022568579806e-09,1.2571582e-05,1.2571582e-05,1.1438778896882493e-06,True,True,False,0,False,,,2.7697355045049377,3.0,False,False,,,weekly,10.0,sigma,computed,/home/lkoo/projects/AutomationDetection/DownloadedLC/incremental/quiescent_background_cache.csv,,,,,,False,not_in_flare_streak
4FGL J2253.9+1609,334,335,57245.00001157408,2.38e-06,1.04e-07,1.38e-06,1.2815412128418547e-06,1.1438778896882493e-06,2.9420022568579806e-09,1.1438778896882493e-06,2.9420022568579806e-09,1.2571582e-05,1.2571582e-05,1.1438778896882493e-06,True,True,False,0,False,,,11.881036642709919,3.0,True,True,57245.00001157408,57245.00001157408,weekly,10.0,sigma,computed,/home/lkoo/projects/AutomationDetection/DownloadedLC/incremental/quiescent_background_cache.csv,,,,,,False,not_in_flare_streak
4FGL J2253.9+1609,335,336,57252.00001157408,7.02e-06,1.69e-07,2.38e-06,1.2815412128418547e-06,1.1438778896882493e-06,2.9420022568579806e-09,1.1438778896882493e-06,2.9420022568579806e-09,1.2571582e-05,1.2571582e-05,1.1438778896882493e-06,True,True,False,0,False,,,34.76468601599051,3.0,True,True,57245.00001157408,57252.00001157408,weekly,10.0,sigma,computed,/home/lkoo/projects/AutomationDetection/DownloadedLC/incremental/quiescent_background_cache.csv,,,,,,False,not_in_flare_streak
4FGL J2253.9+1609,336,337,57259.00001157408,1.65e-06,9.73e-08,7.02e-06,1.2815412128418547e-06,1.1438778896882493e-06,2.9420022568579806e-09,1.1438778896882493e-06,2.9420022568579806e-09,1.2571582e-05,1.2571582e-05,1.1438778896882493e-06,False,True,False,0,False,,,5.1992899304686,3.0,True,True,57245.00001157408,57259.00001157408,weekly,10.0,sigma,computed,/home/lkoo/projects/AutomationDetection/DownloadedLC/incremental/quiescent_background_cache.csv,,,,,,False,not_in_flare_streak
4FGL J2253.9+1609,337,338,57266.00001157408,2.64e-06,1.11e-07,1.65e-06,1.2815412128418547e-06,1.1438778896882493e-06,2.9420022568579806e-09,1.1438778896882493e-06,2.9420022568579806e-09,1.2571582e-05,1.2571582e-05,1.1438778896882493e-06,True,True,False,0,False,,,13.473845781376568,3.0,True,True,57245.00001157408,57266.00001157408,weekly,10.0,sigma,computed,/home/lkoo/projects/AutomationDetection/DownloadedLC/incremental/quiescent_background_cache.csv,,,,,,False,not_in_flare_streak
4FGL J2253.9+1609,338,339,57273.00001157408,3.53e-06,1.22e-07,2.64e-06,1.2815412128418547e-06,1.1438778896882493e-06,2.9420022568579806e-09,1.1438778896882493e-06,2.9420022568579806e-09,1.2571582e-05,1.2571582e-05,1.1438778896882493e-06,True,True,False,0,False,,,19.552693616381852,3.0,True,True,57245.00001157408,57273.00001157408,weekly,10.0,sigma,computed,/home/lkoo/projects/AutomationDetection/DownloadedLC/incremental/quiescent_background_cache.csv,,,,,,False,not_in_flare_streak
4FGL J2253.9+1609,339,340,57280.00001157408,1.65e-06,9.23e-08,3.53e-06,1.2815412128418547e-06,1.1438778896882493e-06,2.9420022568579806e-09,1.1438778896882493e-06,2.9420022568579806e-09,1.2571582e-05,1.2571582e-05,1.1438778896882493e-06,False,True,False,0,False,,,5.4806630833935115,3.0,True,True,57245.00001157408,57280.00001157408,weekly,10.0,sigma,computed,/home/lkoo/projects/AutomationDetection/DownloadedLC/incremental/quiescent_background_cache.csv,,,,,,False,not_in_flare_streak
4FGL J2253.9+1609,340,341,57287.00001157408,2.91e-06,1.24e-07,1.65e-06,1.2815412128418547e-06,1.1438778896882493e-06,2.9420022568579806e-09,1.1438778896882493e-06,2.9420022568579806e-09,1.2571582e-05,1.2571582e-05,1.1438778896882493e-06,True,True,False,0,False,,,14.238913161122069,3.0,True,True,57245.00001157408,57287.00001157408,weekly,10.0,sigma,computed,/home/lkoo/projects/AutomationDetection/DownloadedLC/incremental/quiescent_background_cache.csv,,,,,,False,not_in_flare_streak
4FGL J2253.9+1609,341,342,57294.00001157408,2.95e-06,1.22e-07,2.91e-06,1.2815412128418547e-06,1.1438778896882493e-06,2.9420022568579806e-09,1.1438778896882493e-06,2.9420022568579806e-09,1.2571582e-05,1.2571582e-05,1.1438778896882493e-06,True,True,False,0,False,,,14.799976960141736,3.0,True,True,57245.00001157408,57294.00001157408,weekly,10.0,sigma,computed,/home/lkoo/projects/AutomationDetection/DownloadedLC/incremental/quiescent_background_cache.csv,,,,,,False,not_in_flare_streak
4FGL J2253.9+1609,342,343,57301.00001157408,2.61e-06,1.13e-07,2.95e-06,1.2815412128418547e-06,1.1438778896882493e-06,2.9420022568579806e-09,1.1438778896882493e-06,2.9420022568579806e-09,1.2571582e-05,1.2571582e-05,1.1438778896882493e-06,False,True,False,0,False,,,12.970136836096609,3.0,True,True,57245.00001157408,57301.00001157408,weekly,10.0,sigma,computed,/home/lkoo/projects/AutomationDetection/DownloadedLC/incremental/quiescent_background_cache.csv,,,,,,False,not_in_flare_streak
4FGL J2253.9+1609,343,344,57308.00001157408,2.27e-06,1.11e-07,2.61e-06,1.2815412128418547e-06,1.1438778896882493e-06,2.9420022568579806e-09,1.1438778896882493e-06,2.9420022568579806e-09,1.2571582e-05,1.2571582e-05,1.1438778896882493e-06,False,True,False,0,False,,,10.141682647933852,3.0,True,True,57245.00001157408,57308.00001157408,weekly,10.0,sigma,computed,/home/lkoo/projects/AutomationDetection/DownloadedLC/incremental/quiescent_background_cache.csv,,,,,,False,not_in_flare_streak
4FGL J2253.9+1609,344,345,57315.00001157408,2.35e-06,1.09e-07,2.27e-06,1.2815412128418547e-06,1.1438778896882493e-06,2.9420022568579806e-09,1.1438778896882493e-06,2.9420022568579806e-09,1.2571582e-05,1.2571582e-05,1.1438778896882493e-06,True,True,False,0,False,,,11.061312080174627,3.0,True,True,57245.00001157408,57315.00001157408,weekly,10.0,sigma,computed,/home/lkoo/projects/AutomationDetection/DownloadedLC/incremental/quiescent_background_cache.csv,,,,,,False,not_in_flare_streak
4FGL J2253.9+1609,345,346,57322.00001157408,3.84e-06,1.26e-07,2.35e-06,1.2815412128418547e-06,1.1438778896882493e-06,2.9420022568579806e-09,1.1438778896882493e-06,2.9420022568579806e-09,1.2571582e-05,1.2571582e-05,1.1438778896882493e-06,True,True,False,0,False,,,21.391964018279843,3.0,True,True,57245.00001157408,57322.00001157408,weekly,10.0,sigma,computed,/home/lkoo/projects/AutomationDetection/DownloadedLC/incremental/quiescent_background_cache.csv,,,,,,False,not_in_flare_streak
4FGL J2253.9+1609,346,347,57329.00001157408,2.97e-06,1.11e-07,3.84e-06,1.2815412128418547e-06,1.1438778896882493e-06,2.9420022568579806e-09,1.1438778896882493e-06,2.9420022568579806e-09,1.2571582e-05,1.2571582e-05,1.1438778896882493e-06,False,True,False,0,False,,,16.445775062555203,3.0,True,True,57245.00001157408,57329.00001157408,weekly,10.0,sigma,computed,/home/lkoo/projects/AutomationDetection/DownloadedLC/incremental/quiescent_background_cache.csv,,,,,,False,not_in_flare_streak
4FGL J2253.9+1609,347,348,57336.00001157408,2.37e-06,1.07e-07,2.97e-06,1.2815412128418547e-06,1.1438778896882493e-06,2.9420022568579806e-09,1.1438778896882493e-06,2.9420022568579806e-09,1.2571582e-05,1.2571582e-05,1.1438778896882493e-06,False,True,False,0,False,,,11.4547560967019,3.0,True,True,57245.00001157408,57336.00001157408,weekly,10.0,sigma,computed,/home/lkoo/projects/AutomationDetection/DownloadedLC/incremental/quiescent_background_cache.csv,,,,,,False,not_in_flare_streak
4FGL J2253.9+1609,348,349,57343.00001157408,2.34e-06,1.11e-07,2.37e-06,1.2815412128418547e-06,1.1438778896882493e-06,2.9420022568579806e-09,1.1438778896882493e-06,2.9420022568579806e-09,1.2571582e-05,1.2571582e-05,1.1438778896882493e-06,False,True,False,0,False,,,10.772091889395988,3.0,True,True,57245.00001157408,57343.00001157408,weekly,10.0,sigma,computed,/home/lkoo/projects/AutomationDetection/DownloadedLC/incremental/quiescent_background_cache.csv,,,,,,False,not_in_flare_streak
4FGL J2253.9+1609,349,350,57350.00001157408,1.81e-06,9.63e-08,2.34e-06,1.2815412128418547e-06,1.1438778896882493e-06,2.9420022568579806e-09,1.1438778896882493e-06,2.9420022568579806e-09,1.2571582e-05,1.2571582e-05,1.1438778896882493e-06,False,True,False,0,False,,,6.913930146943068,3.0,True,True,57245.00001157408,57350.00001157408,weekly,10.0,sigma,computed,/home/lkoo/projects/AutomationDetection/DownloadedLC/incremental/quiescent_background_cache.csv,,,,,,False,not_in_flare_streak
4FGL J2253.9+1609,350,351,57357.00001157408,1.07e-06,8.5e-08,1.81e-06,1.2815412128418547e-06,1.1438778896882493e-06,2.9420022568579806e-09,1.1438778896882493e-06,2.9420022568579806e-09,1.2571582e-05,1.2571582e-05,1.1438778896882493e-06,False,False,False,0,False,,,-0.8686314992393027,3.0,False,False,,,weekly,10.0,sigma,computed,/home/lkoo/projects/AutomationDetection/DownloadedLC/incremental/quiescent_background_cache.csv,,,,,,False,not_in_flare_streak
4FGL J2253.9+1609,351,352,57364.00001157408,1.01e-06,9.57e-08,1.07e-06,1.2815412128418547e-06,1.1438778896882493e-06,2.9420022568579806e-09,1.1438778896882493e-06,2.9420022568579806e-09,1.2571582e-05,1.2571582e-05,1.1438778896882493e-06,False,False,False,0,False,,,-1.3982724427761593,3.0,False,False,,,weekly,10.0,sigma,computed,/home/lkoo/projects/AutomationDetection/DownloadedLC/incremental/quiescent_background_cache.csv,,,,,,False,not_in_flare_streak
4FGL J2253.9+1609,352,353,57371.00001157408,9.37e-07,7.66e-08,1.01e-06,1.2815412128418547e-06,1.1438778896882493e-06,2.9420022568579806e-09,1.1438778896882493e-06,2.9420022568579806e-09,1.2571582e-05,1.2571582e-05,1.1438778896882493e-06,False,False,False,0,False,,,-2.698765966650212,3.0,False,False,,,weekly,10.0,sigma,computed,/home/lkoo/projects/AutomationDetection/DownloadedLC/incremental/quiescent_background_cache.csv,,,,,,False,not_in_flare_streak
4FGL J2253.9+1609,353,354,57378.00001157408,1.27e-06,8.32e-08,9.37e-07,1.2815412128418547e-06,1.1438778896882493e-06,2.9420022568579806e-09,1.1438778896882493e-06,2.9420022568579806e-09,1.2571582e-05,1.2571582e-05,1.1438778896882493e-06,True,True,False,0,False,,,1.5149439228453836,3.0,False,False,,,weekly,10.0,sigma,computed,/home/lkoo/projects/AutomationDetection/DownloadedLC/incremental/quiescent_background_cache.csv,,,,,,False,not_in_flare_streak
4FGL J2253.9+1609,354,355,57385.00001157408,2.73e-06,1.11e-07,1.27e-06,1.2815412128418547e-06,1.1438778896882493e-06,2.9420022568579806e-09,1.1438778896882493e-06,2.9420022568579806e-09,1.2571582e-05,1.2571582e-05,1.1438778896882493e-06,True,True,False,0,False,,,14.284371948970742,3.0,True,True,57385.00001157408,57385.00001157408,weekly,10.0,sigma,computed,/home/lkoo/projects/AutomationDetection/DownloadedLC/incremental/quiescent_background_cache.csv,,,,,,False,not_in_flare_streak
4FGL J2253.9+1609,355,356,57392.00001157408,2.72e-06,1.22e-07,2.73e-06,1.2815412128418547e-06,1.1438778896882493e-06,2.9420022568579806e-09,1.1438778896882493e-06,2.9420022568579806e-09,1.2571582e-05,1.2571582e-05,1.1438778896882493e-06,False,True,False,0,False,,,12.915278975770653,3.0,True,True,57385.00001157408,57392.00001157408,weekly,10.0,sigma,computed,/home/lkoo/projects/AutomationDetection/DownloadedLC/incremental/quiescent_background_cache.csv,,,,,,False,not_in_flare_streak
4FGL J2253.9+1609,356,357,57399.00001157408,3.77e-06,1.39e-07,2.72e-06,1.2815412128418547e-06,1.1438778896882493e-06,2.9420022568579806e-09,1.1438778896882493e-06,2.9420022568579806e-09,1.2571582e-05,1.2571582e-05,1.1438778896882493e-06,True,True,False,0,False,,,18.88873443014375,3.0,True,True,57385.00001157408,57399.00001157408,weekly,10.0,sigma,computed,/home/lkoo/projects/AutomationDetection/DownloadedLC/incremental/quiescent_background_cache.csv,,,,,,False,not_in_flare_streak
4FGL J2253.9+1609,357,358,57406.00001157408,3.7e-06,1.33e-07,3.77e-06,1.2815412128418547e-06,1.1438778896882493e-06,2.9420022568579806e-09,1.1438778896882493e-06,2.9420022568579806e-09,1.2571582e-05,1.2571582e-05,1.1438778896882493e-06,False,True,False,0,False,,,19.21426295965593,3.0,True,True,57385.00001157408,57406.00001157408,weekly,10.0,sigma,computed,/home/lkoo/projects/AutomationDetection/DownloadedLC/incremental/quiescent_background_cache.csv,,,,,,False,not_in_flare_streak
4FGL J2253.9+1609,358,359,57413.00001157408,2.79e-06,1.23e-07,3.7e-06,1.2815412128418547e-06,1.1438778896882493e-06,2.9420022568579806e-09,1.1438778896882493e-06,2.9420022568579806e-09,1.2571582e-05,1.2571582e-05,1.1438778896882493e-06,False,True,False,0,False,,,13.379279958325688,3.0,True,True,57385.00001157408,57413.00001157408,weekly,10.0,sigma,computed,/home/lkoo/projects/AutomationDetection/DownloadedLC/incremental/quiescent_background_cache.csv,,,,,,False,not_in_flare_streak
4FGL J2253.9+1609,359,360,57420.00001157408,3.14e-06,1.25e-07,2.79e-06,1.2815412128418547e-06,1.1438778896882493e-06,2.9420022568579806e-09,1.1438778896882493e-06,2.9420022568579806e-09,1.2571582e-05,1.2571582e-05,1.1438778896882493e-06,True,True,False,0,False,,,15.964555758571159,3.0,True,True,57385.00001157408,57420.00001157408,weekly,10.0,sigma,computed,/home/lkoo/projects/AutomationDetection/DownloadedLC/incremental/quiescent_background_cache.csv,,,,,,False,not_in_flare_streak
4FGL J2253.9+1609,360,361,57427.00001157408,2.53e-06,1.1e-07,3.14e-06,1.2815412128418547e-06,1.1438778896882493e-06,2.9420022568579806e-09,1.1438778896882493e-06,2.9420022568579806e-09,1.2571582e-05,1.2571582e-05,1.1438778896882493e-06,False,True,False,0,False,,,12.596605594434365,3.0,True,True,57385.00001157408,57427.00001157408,weekly,10.0,sigma,computed,/home/lkoo/projects/AutomationDetection/DownloadedLC/incremental/quiescent_background_cache.csv,,,,,,False,not_in_flare_streak
4FGL J2253.9+1609,361,362,57434.00001157408,1.11e-06,8.05e-08,2.53e-06,1.2815412128418547e-06,1.1438778896882493e-06,2.9420022568579806e-09,1.1438778896882493e-06,2.9420022568579806e-09,1.2571582e-05,1.2571582e-05,1.1438778896882493e-06,False,False,False,0,False,,,-0.42056258066281804,3.0,False,False,,,weekly,10.0,sigma,computed,/home/lkoo/projects/AutomationDetection/DownloadedLC/incremental/quiescent_background_cache.csv,,,,,,False,not_in_flare_streak
4FGL J2253.9+1609,362,363,57441.00001157408,1.57e-06,9.38e-08,1.11e-06,1.2815412128418547e-06,1.1438778896882493e-06,2.9420022568579806e-09,1.1438778896882493e-06,2.9420022568579806e-09,1.2571582e-05,1.2571582e-05,1.1438778896882493e-06,True,True,False,0,False,,,4.540646781943003,3.0,True,True,57441.00001157408,57441.00001157408,weekly,10.0,sigma,computed,/home/lkoo/projects/AutomationDetection/DownloadedLC/incremental/quiescent_background_cache.csv,,,,,,False,not_in_flare_streak
4FGL J2253.9+1609,363,364,57448.00001157408,1.12e-06,8.61e-08,1.57e-06,1.2815412128418547e-06,1.1438778896882493e-06,2.9420022568579806e-09,1.1438778896882493e-06,2.9420022568579806e-09,1.2571582e-05,1.2571582e-05,1.1438778896882493e-06,False,False,False,0,False,,,-0.2771656496226852,3.0,False,False,,,weekly,10.0,sigma,computed,/home/lkoo/projects/AutomationDetection/DownloadedLC/incremental/quiescent_background_cache.csv,,,,,,False,not_in_flare_streak
4FGL J2253.9+1609,364,365,57455.00001157408,3.1e-06,1.2e-07,1.12e-06,1.2815412128418547e-06,1.1438778896882493e-06,2.9420022568579806e-09,1.1438778896882493e-06,2.9420022568579806e-09,1.2571582e-05,1.2571582e-05,1.1438778896882493e-06,True,True,False,0,False,,,16.296120784371197,3.0,True,True,57455.00001157408,57455.00001157408,weekly,10.0,sigma,computed,/home/lkoo/projects/AutomationDetection/DownloadedLC/incremental/quiescent_background_cache.csv,,,,,,False,not_in_flare_streak
4FGL J2253.9+1609,365,366,57462.00001157408,1.34e-06,8.75e-08,3.1e-06,1.2815412128418547e-06,1.1438778896882493e-06,2.9420022568579806e-09,1.1438778896882493e-06,2.9420022568579806e-09,1.2571582e-05,1.2571582e-05,1.1438778896882493e-06,False,True,False,0,False,,,2.240129672740822,3.0,False,True,57455.00001157408,57462.00001157408,weekly,10.0,sigma,computed,/home/lkoo/projects/AutomationDetection/DownloadedLC/incremental/quiescent_background_cache.csv,,,,,,False,not_in_flare_streak
4FGL J2253.9+1609,366,367,57469.00001157408,9.15e-07,7.9e-08,1.34e-06,1.2815412128418547e-06,1.1438778896882493e-06,2.9420022568579806e-09,1.1438778896882493e-06,2.9420022568579806e-09,1.2571582e-05,1.2571582e-05,1.1438778896882493e-06,False,False,False,0,False,,,-2.8951815705988393,3.0,False,False,,,weekly,10.0,sigma,computed,/home/lkoo/projects/AutomationDetection/DownloadedLC/incremental/quiescent_background_cache.csv,,,,,,False,not_in_flare_streak
4FGL J2253.9+1609,367,368,57476.00001157408,8.68e-07,7.32e-08,9.15e-07,1.2815412128418547e-06,1.1438778896882493e-06,2.9420022568579806e-09,1.1438778896882493e-06,2.9420022568579806e-09,1.2571582e-05,1.2571582e-05,1.1438778896882493e-06,False,False,False,0,False,,,-3.7657833474071003,3.0,False,False,,,weekly,10.0,sigma,computed,/home/lkoo/projects/AutomationDetection/DownloadedLC/incremental/quiescent_background_cache.csv,,,,,,False,not_in_flare_streak
4FGL J2253.9+1609,368,369,57483.00001157408,1.19e-06,8.3e-08,8.68e-07,1.2815412128418547e-06,1.1438778896882493e-06,2.9420022568579806e-09,1.1438778896882493e-06,2.9420022568579806e-09,1.2571582e-05,1.2571582e-05,1.1438778896882493e-06,True,True,False,0,False,,,0.555339319876133,3.0,False,False,,,weekly,10.0,sigma,computed,/home/lkoo/projects/AutomationDetection/DownloadedLC/incremental/quiescent_background_cache.csv,,,,,,False,not_in_flare_streak
4FGL J2253.9+1609,369,370,57490.00001157408,1.09e-06,8.01e-08,1.19e-06,1.2815412128418547e-06,1.1438778896882493e-06,2.9420022568579806e-09,1.1438778896882493e-06,2.9420022568579806e-09,1.2571582e-05,1.2571582e-05,1.1438778896882493e-06,False,False,False,0,False,,,-0.6721795883227424,3.0,False,False,,,weekly,10.0,sigma,computed,/home/lkoo/projects/AutomationDetection/DownloadedLC/incremental/quiescent_background_cache.csv,,,,,,False,not_in_flare_streak
4FGL J2253.9+1609,370,371,57497.00001157408,7.32e-07,7.28e-08,1.09e-06,1.2815412128418547e-06,1.1438778896882493e-06,2.9420022568579806e-09,1.1438778896882493e-06,2.9420022568579806e-09,1.2571582e-05,1.2571582e-05,1.1438778896882493e-06,False,False,False,0,False,,,-5.653049094567105,3.0,False,False,,,weekly,10.0,sigma,computed,/home/lkoo/projects/AutomationDetection/DownloadedLC/incremental/quiescent_background_cache.csv,,,,,,False,not_in_flare_streak
4FGL J2253.9+1609,371,372,57504.00001157408,6.23e-07,6.36e-08,7.32e-07,1.2815412128418547e-06,1.1438778896882493e-06,2.9420022568579806e-09,1.1438778896882493e-06,2.9420022568579806e-09,1.2571582e-05,1.2571582e-05,1.1438778896882493e-06,False,False,False,0,False,,,-8.181155613364764,3.0,False,False,,,weekly,10.0,sigma,computed,/home/lkoo/projects/AutomationDetection/DownloadedLC/incremental/quiescent_background_cache.csv,,,,,,False,not_in_flare_streak
4FGL J2253.9+1609,372,373,57511.00001157408,6.06e-07,6.5e-08,6.23e-07,1.2815412128418547e-06,1.1438778896882493e-06,2.9420022568579806e-09,1.1438778896882493e-06,2.9420022568579806e-09,1.2571582e-05,1.2571582e-05,1.1438778896882493e-06,False,False,False,0,False,,,-8.26658128838221,3.0,False,False,,,weekly,10.0,sigma,computed,/home/lkoo/projects/AutomationDetection/DownloadedLC/incremental/quiescent_background_cache.csv,,,,,,False,not_in_flare_streak
4FGL J2253.9+1609,373,374,57518.00001157408,6.72e-07,6.66e-08,6.06e-07,1.2815412128418547e-06,1.1438778896882493e-06,2.9420022568579806e-09,1.1438778896882493e-06,2.9420022568579806e-09,1.2571582e-05,1.2571582e-05,1.1438778896882493e-06,True,False,False,0,False,,,-7.078350757170064,3.0,False,False,,,weekly,10.0,sigma,computed,/home/lkoo/projects/AutomationDetection/DownloadedLC/incremental/quiescent_background_cache.csv,,,,,,False,not_in_flare_streak
4FGL J2253.9+1609,374,375,57525.00001157408,1.46e-06,8.74e-08,6.72e-07,1.2815412128418547e-06,1.1438778896882493e-06,2.9420022568579806e-09,1.1438778896882493e-06,2.9420022568579806e-09,1.2571582e-05,1.2571582e-05,1.1438778896882493e-06,True,True,False,0,False,,,3.6149103602939414,3.0,True,True,57525.00001157408,57525.00001157408,weekly,10.0,sigma,computed,/home/lkoo/projects/AutomationDetection/DownloadedLC/incremental/quiescent_background_cache.csv,,,,,,False,not_in_flare_streak
4FGL J2253.9+1609,375,376,57532.00001157408,1.79e-06,8.92e-08,1.46e-06,1.2815412128418547e-06,1.1438778896882493e-06,2.9420022568579806e-09,1.1438778896882493e-06,2.9420022568579806e-09,1.2571582e-05,1.2571582e-05,1.1438778896882493e-06,True,True,False,0,False,,,7.239584810517242,3.0,True,True,57525.00001157408,57532.00001157408,weekly,10.0,sigma,computed,/home/lkoo/projects/AutomationDetection/DownloadedLC/incremental/quiescent_background_cache.csv,,,,,,False,not_in_flare_streak
4FGL J2253.9+1609,376,377,57539.00001157408,7.12e-07,6.74e-08,1.79e-06,1.2815412128418547e-06,1.1438778896882493e-06,2.9420022568579806e-09,1.1438778896882493e-06,2.9420022568579806e-09,1.2571582e-05,1.2571582e-05,1.1438778896882493e-06,False,False,False,0,False,,,-6.4015882124701795,3.0,False,False,,,weekly,10.0,sigma,computed,/home/lkoo/projects/AutomationDetection/DownloadedLC/incremental/quiescent_background_cache.csv,,,,,,False,not_in_flare_streak
4FGL J2253.9+1609,377,378,57546.00001157408,1.37e-06,8.33e-08,7.12e-07,1.2815412128418547e-06,1.1438778896882493e-06,2.9420022568579806e-09,1.1438778896882493e-06,2.9420022568579806e-09,1.2571582e-05,1.2571582e-05,1.1438778896882493e-06,True,True,False,0,False,,,2.712859698849938,3.0,False,False,,,weekly,10.0,sigma,computed,/home/lkoo/projects/AutomationDetection/DownloadedLC/incremental/quiescent_background_cache.csv,,,,,,False,not_in_flare_streak
4FGL J2253.9+1609,378,379,57553.00001157408,3.88e-06,1.64e-07,1.37e-06,1.2815412128418547e-06,1.1438778896882493e-06,2.9420022568579806e-09,1.1438778896882493e-06,2.9420022568579806e-09,1.2571582e-05,1.2571582e-05,1.1438778896882493e-06,True,True,False,0,False,,,16.68098757352883,3.0,True,True,57553.00001157408,57553.00001157408,weekly,10.0,sigma,computed,/home/lkoo/projects/AutomationDetection/DownloadedLC/incremental/quiescent_background_cache.csv,,,,,,False,not_in_flare_streak
4FGL J2253.9+1609,379,380,57560.00001157408,6.78e-06,1.37e-07,3.88e-06,1.2815412128418547e-06,1.1438778896882493e-06,2.9420022568579806e-09,1.1438778896882493e-06,2.9420022568579806e-09,1.2571582e-05,1.2571582e-05,1.1438778896882493e-06,True,True,False,0,False,,,41.130094911001244,3.0,True,True,57553.00001157408,57560.00001157408,weekly,10.0,sigma,computed,/home/lkoo/projects/AutomationDetection/DownloadedLC/incremental/quiescent_background_cache.csv,,,,,,False,not_in_flare_streak
4FGL J2253.9+1609,380,381,57567.00001157408,1.62e-06,8.62e-08,6.78e-06,1.2815412128418547e-06,1.1438778896882493e-06,2.9420022568579806e-09,1.1438778896882493e-06,2.9420022568579806e-09,1.2571582e-05,1.2571582e-05,1.1438778896882493e-06,False,True,False,0,False,,,5.520244152967418,3.0,True,True,57553.00001157408,57567.00001157408,weekly,10.0,sigma,computed,/home/lkoo/projects/AutomationDetection/DownloadedLC/incremental/quiescent_background_cache.csv,,,,,,False,not_in_flare_streak
4FGL J2253.9+1609,381,382,57574.00001157408,2.4e-06,1.09e-07,1.62e-06,1.2815412128418547e-06,1.1438778896882493e-06,2.9420022568579806e-09,1.1438778896882493e-06,2.9420022568579806e-09,1.2571582e-05,1.2571582e-05,1.1438778896882493e-06,True,True,False,0,False,,,11.519860679259489,3.0,True,True,57553.00001157408,57574.00001157408,weekly,10.0,sigma,computed,/home/lkoo/projects/AutomationDetection/DownloadedLC/incremental/quiescent_background_cache.csv,,,,,,False,not_in_flare_streak
4FGL J2253.9+1609,382,383,57581.00001157408,2.11e-06,1.02e-07,2.4e-06,1.2815412128418547e-06,1.1438778896882493e-06,2.9420022568579806e-09,1.1438778896882493e-06,2.9420022568579806e-09,1.2571582e-05,1.2571582e-05,1.1438778896882493e-06,False,True,False,0,False,,,9.467847930810738,3.0,True,True,57553.00001157408,57581.00001157408,weekly,10.0,sigma,computed,/home/lkoo/projects/AutomationDetection/DownloadedLC/incremental/quiescent_background_cache.csv,,,,,,False,not_in_flare_streak
4FGL J2253.9+1609,383,384,57588.00001157408,2.48e-06,1.56e-07,2.11e-06,1.2815412128418547e-06,1.1438778896882493e-06,2.9420022568579806e-09,1.1438778896882493e-06,2.9420022568579806e-09,1.2571582e-05,1.2571582e-05,1.1438778896882493e-06,True,True,False,0,False,,,8.563362628864473,3.0,True,True,57553.00001157408,57588.00001157408,weekly,10.0,sigma,computed,/home/lkoo/projects/AutomationDetection/DownloadedLC/incremental/quiescent_background_cache.csv,,,,,,False,not_in_flare_streak
4FGL J2253.9+1609,384,385,57595.00001157408,3.87e-06,1.26e-07,2.48e-06,1.2815412128418547e-06,1.1438778896882493e-06,2.9420022568579806e-09,1.1438778896882493e-06,2.9420022568579806e-09,1.2571582e-05,1.2571582e-05,1.1438778896882493e-06,True,True,False,0,False,,,21.629994379773446,3.0,True,True,57553.00001157408,57595.00001157408,weekly,10.0,sigma,computed,/home/lkoo/projects/AutomationDetection/DownloadedLC/incremental/quiescent_background_cache.csv,,,,,,False,not_in_flare_streak
4FGL J2253.9+1609,385,386,57602.00001157408,2.37e-06,2.65e-07,3.87e-06,1.2815412128418547e-06,1.1438778896882493e-06,2.9420022568579806e-09,1.1438778896882493e-06,2.9420022568579806e-09,1.2571582e-05,1.2571582e-05,1.1438778896882493e-06,False,True,False,0,False,,,4.626590778286597,3.0,True,True,57553.00001157408,57602.00001157408,weekly,10.0,sigma,computed,/home/lkoo/projects/AutomationDetection/DownloadedLC/incremental/quiescent_background_cache.csv,,,,,,False,not_in_flare_streak
4FGL J2253.9+1609,386,387,57609.00001157408,2.21e-06,1.04e-07,2.37e-06,1.2815412128418547e-06,1.1438778896882493e-06,2.9420022568579806e-09,1.1438778896882493e-06,2.9420022568579806e-09,1.2571582e-05,1.2571582e-05,1.1438778896882493e-06,False,True,False,0,False,,,10.247074906719856,3.0,True,True,57553.00001157408,57609.00001157408,weekly,10.0,sigma,computed,/home/lkoo/projects/AutomationDetection/DownloadedLC/incremental/quiescent_background_cache.csv,,,,,,False,not_in_flare_streak
4FGL J2253.9+1609,387,388,57616.00001157408,2.67e-06,1.17e-07,2.21e-06,1.2815412128418547e-06,1.1438778896882493e-06,2.9420022568579806e-09,1.1438778896882493e-06,2.9420022568579806e-09,1.2571582e-05,1.2571582e-05,1.1438778896882493e-06,True,True,False,0,False,,,13.039656968994393,3.0,True,True,57553.00001157408,57616.00001157408,weekly,10.0,sigma,computed,/home/lkoo/projects/AutomationDetection/DownloadedLC/incremental/quiescent_background_cache.csv,,,,,,False,not_in_flare_streak
4FGL J2253.9+1609,388,389,57623.00001157408,2.44e-06,1.16e-07,2.67e-06,1.2815412128418547e-06,1.1438778896882493e-06,2.9420022568579806e-09,1.1438778896882493e-06,2.9420022568579806e-09,1.2571582e-05,1.2571582e-05,1.1438778896882493e-06,False,True,False,0,False,,,11.169874615609606,3.0,True,True,57553.00001157408,57623.00001157408,weekly,10.0,sigma,computed,/home/lkoo/projects/AutomationDetection/DownloadedLC/incremental/quiescent_background_cache.csv,,,,,,False,not_in_flare_streak
4FGL J2253.9+1609,389,390,57630.00001157408,1.87e-06,1.04e-07,2.44e-06,1.2815412128418547e-06,1.1438778896882493e-06,2.9420022568579806e-09,1.1438778896882493e-06,2.9420022568579806e-09,1.2571582e-05,1.2571582e-05,1.1438778896882493e-06,False,True,False,0,False,,,6.979151434739735,3.0,True,True,57553.00001157408,57630.00001157408,weekly,10.0,sigma,computed,/home/lkoo/projects/AutomationDetection/DownloadedLC/incremental/quiescent_background_cache.csv,,,,,,False,not_in_flare_streak
4FGL J2253.9+1609,390,391,57637.00001157408,8.68e-07,7.23e-08,1.87e-06,1.2815412128418547e-06,1.1438778896882493e-06,2.9420022568579806e-09,1.1438778896882493e-06,2.9420022568579806e-09,1.2571582e-05,1.2571582e-05,1.1438778896882493e-06,False,False,False,0,False,,,-3.8125833032845087,3.0,False,False,,,weekly,10.0,sigma,computed,/home/lkoo/projects/AutomationDetection/DownloadedLC/incremental/quiescent_background_cache.csv,,,,,,False,not_in_flare_streak
4FGL J2253.9+1609,391,392,57644.00001157408,5.9e-07,6.3e-08,8.68e-07,1.2815412128418547e-06,1.1438778896882493e-06,2.9420022568579806e-09,1.1438778896882493e-06,2.9420022568579806e-09,1.2571582e-05,1.2571582e-05,1.1438778896882493e-06,False,False,False,0,False,,,-8.782141943167625,3.0,False,False,,,weekly,10.0,sigma,computed,/home/lkoo/projects/AutomationDetection/DownloadedLC/incremental/quiescent_background_cache.csv,,,,,,False,not_in_flare_streak
4FGL J2253.9+1609,392,393,57651.00001157408,1.04e-06,8.18e-08,5.9e-07,1.2815412128418547e-06,1.1438778896882493e-06,2.9420022568579806e-09,1.1438778896882493e-06,2.9420022568579806e-09,1.2571582e-05,1.2571582e-05,1.1438778896882493e-06,True,False,False,0,False,,,-1.2690803150054515,3.0,False,False,,,weekly,10.0,sigma,computed,/home/lkoo/projects/AutomationDetection/DownloadedLC/incremental/quiescent_background_cache.csv,,,,,,False,not_in_flare_streak
4FGL J2253.9+1609,393,394,57658.00001157408,1.04e-06,9.69e-08,1.04e-06,1.2815412128418547e-06,1.1438778896882493e-06,2.9420022568579806e-09,1.1438778896882493e-06,2.9420022568579806e-09,1.2571582e-05,1.2571582e-05,1.1438778896882493e-06,False,False,False,0,False,,,-1.0715174948538948,3.0,False,False,,,weekly,10.0,sigma,computed,/home/lkoo/projects/AutomationDetection/DownloadedLC/incremental/quiescent_background_cache.csv,,,,,,False,not_in_flare_streak
4FGL J2253.9+1609,394,395,57665.00001157408,1.37e-06,9.81e-08,1.04e-06,1.2815412128418547e-06,1.1438778896882493e-06,2.9420022568579806e-09,1.1438778896882493e-06,2.9420022568579806e-09,1.2571582e-05,1.2571582e-05,1.1438778896882493e-06,True,True,False,0,False,,,2.3039805594798395,3.0,False,False,,,weekly,10.0,sigma,computed,/home/lkoo/projects/AutomationDetection/DownloadedLC/incremental/quiescent_background_cache.csv,,,,,,False,not_in_flare_streak
4FGL J2253.9+1609,395,396,57672.00001157408,1.64e-06,1.14e-07,1.37e-06,1.2815412128418547e-06,1.1438778896882493e-06,2.9420022568579806e-09,1.1438778896882493e-06,2.9420022568579806e-09,1.2571582e-05,1.2571582e-05,1.1438778896882493e-06,True,True,False,0,False,,,4.3504998538406845,3.0,True,True,57672.00001157408,57672.00001157408,weekly,10.0,sigma,computed,/home/lkoo/projects/AutomationDetection/DownloadedLC/incremental/quiescent_background_cache.csv,,,,,,False,not_in_flare_streak
4FGL J2253.9+1609,396,397,57679.00001157408,1.24e-06,9.77e-08,1.64e-06,1.2815412128418547e-06,1.1438778896882493e-06,2.9420022568579806e-09,1.1438778896882493e-06,2.9420022568579806e-09,1.2571582e-05,1.2571582e-05,1.1438778896882493e-06,False,True,False,0,False,,,0.9834038856827669,3.0,False,True,57672.00001157408,57679.00001157408,weekly,10.0,sigma,computed,/home/lkoo/projects/AutomationDetection/DownloadedLC/incremental/quiescent_background_cache.csv,,,,,,False,not_in_flare_streak
4FGL J2253.9+1609,397,398,57686.00001157408,2.01e-06,1.15e-07,1.24e-06,1.2815412128418547e-06,1.1438778896882493e-06,2.9420022568579806e-09,1.1438778896882493e-06,2.9420022568579806e-09,1.2571582e-05,1.2571582e-05,1.1438778896882493e-06,True,True,False,0,False,,,7.529033247913784,3.0,True,True,57672.00001157408,57686.00001157408,weekly,10.0,sigma,computed,/home/lkoo/projects/AutomationDetection/DownloadedLC/incremental/quiescent_background_cache.csv,,,,,,False,not_in_flare_streak
4FGL J2253.9+1609,398,399,57693.00001157408,2.34e-06,1.45e-07,2.01e-06,1.2815412128418547e-06,1.1438778896882493e-06,2.9420022568579806e-09,1.1438778896882493e-06,2.9420022568579806e-09,1.2571582e-05,1.2571582e-05,1.1438778896882493e-06,True,True,False,0,False,,,8.247420565970206,3.0,True,True,57672.00001157408,57693.00001157408,weekly,10.0,sigma,computed,/home/lkoo/projects/AutomationDetection/DownloadedLC/incremental/quiescent_background_cache.csv,,,,,,False,not_in_flare_streak
4FGL J2253.9+1609,399,400,57700.00001157408,1.75e-06,1.28e-07,2.34e-06,1.2815412128418547e-06,1.1438778896882493e-06,2.9420022568579806e-09,1.1438778896882493e-06,2.9420022568579806e-09,1.2571582e-05,1.2571582e-05,1.1438778896882493e-06,False,True,False,0,False,,,4.734078686917021,3.0,True,True,57672.00001157408,57700.00001157408,weekly,10.0,sigma,computed,/home/lkoo/projects/AutomationDetection/DownloadedLC/incremental/quiescent_background_cache.csv,,,,,,False,not_in_flare_streak
4FGL J2253.9+1609,400,401,57707.00001157408,1.02e-06,8.9e-08,1.75e-06,1.2815412128418547e-06,1.1438778896882493e-06,2.9420022568579806e-09,1.1438778896882493e-06,2.9420022568579806e-09,1.2571582e-05,1.2571582e-05,1.1438778896882493e-06,False,False,False,0,False,,,-1.3911265576805814,3.0,False,False,,,weekly,10.0,sigma,computed,/home/lkoo/projects/AutomationDetection/DownloadedLC/incremental/quiescent_background_cache.csv,,,,,,False,not_in_flare_streak
4FGL J2253.9+1609,401,402,57714.00001157408,1.14e-06,9e-08,1.02e-06,1.2815412128418547e-06,1.1438778896882493e-06,2.9420022568579806e-09,1.1438778896882493e-06,2.9420022568579806e-09,1.2571582e-05,1.2571582e-05,1.1438778896882493e-06,True,False,False,0,False,,,-0.043064660649434774,3.0,False,False,,,weekly,10.0,sigma,computed,/home/lkoo/projects/AutomationDetection/DownloadedLC/incremental/quiescent_background_cache.csv,,,,,,False,not_in_flare_streak
4FGL J2253.9+1609,402,403,57721.00001157408,1.41e-06,9.61e-08,1.14e-06,1.2815412128418547e-06,1.1438778896882493e-06,2.9420022568579806e-09,1.1438778896882493e-06,2.9420022568579806e-09,1.2571582e-05,1.2571582e-05,1.1438778896882493e-06,True,True,False,0,False,,,2.767923944695486,3.0,False,False,,,weekly,10.0,sigma,computed,/home/lkoo/projects/AutomationDetection/DownloadedLC/incremental/quiescent_background_cache.csv,,,,,,False,not_in_flare_streak
4FGL J2253.9+1609,403,404,57728.00001157408,1.03e-06,8.68e-08,1.41e-06,1.2815412128418547e-06,1.1438778896882493e-06,2.9420022568579806e-09,1.1438778896882493e-06,2.9420022568579806e-09,1.2571582e-05,1.2571582e-05,1.1438778896882493e-06,False,False,False,0,False,,,-1.3112043112141945,3.0,False,False,,,weekly,10.0,sigma,computed,/home/lkoo/projects/AutomationDetection/DownloadedLC/incremental/quiescent_background_cache.csv,,,,,,False,not_in_flare_streak
4FGL J2253.9+1609,404,405,57735.00001157408,2.35e-06,7.45e-08,1.03e-06,1.2815412128418547e-06,1.1438778896882493e-06,2.9420022568579806e-09,1.1438778896882493e-06,2.9420022568579806e-09,1.2571582e-05,1.2571582e-05,1.1438778896882493e-06,True,True,False,0,False,,,16.176949811085017,3.0,True,True,57735.00001157408,57735.00001157408,weekly,10.0,sigma,computed,/home/lkoo/projects/AutomationDetection/DownloadedLC/incremental/quiescent_background_cache.csv,,,,,,False,not_in_flare_streak
4FGL J2253.9+1609,405,406,57742.00001157408,3.3e-06,9.79e-08,2.35e-06,1.2815412128418547e-06,1.1438778896882493e-06,2.9420022568579806e-09,1.1438778896882493e-06,2.9420022568579806e-09,1.2571582e-05,1.2571582e-05,1.1438778896882493e-06,True,True,False,0,False,,,22.013781474954232,3.0,True,True,57735.00001157408,57742.00001157408,weekly,10.0,sigma,computed,/home/lkoo/projects/AutomationDetection/DownloadedLC/incremental/quiescent_background_cache.csv,,,,,,False,not_in_flare_streak
4FGL J2253.9+1609,406,407,57749.00001157408,1.61e-06,6.91e-08,3.3e-06,1.2815412128418547e-06,1.1438778896882493e-06,2.9420022568579806e-09,1.1438778896882493e-06,2.9420022568579806e-09,1.2571582e-05,1.2571582e-05,1.1438778896882493e-06,False,True,False,0,False,,,6.739511001072544,3.0,True,True,57735.00001157408,57749.00001157408,weekly,10.0,sigma,computed,/home/lkoo/projects/AutomationDetection/DownloadedLC/incremental/quiescent_background_cache.csv,,,,,,False,not_in_flare_streak
4FGL J2253.9+1609,407,408,57756.00001157408,1.7e-06,8.8e-08,1.61e-06,1.2815412128418547e-06,1.1438778896882493e-06,2.9420022568579806e-09,1.1438778896882493e-06,2.9420022568579806e-09,1.2571582e-05,1.2571582e-05,1.1438778896882493e-06,True,True,False,0,False,,,6.316040739036303,3.0,True,True,57735.00001157408,57756.00001157408,weekly,10.0,sigma,computed,/home/lkoo/projects/AutomationDetection/DownloadedLC/incremental/quiescent_background_cache.csv,,,,,,False,not_in_flare_streak
4FGL J2253.9+1609,408,409,57763.00001157408,1.19e-06,8.02e-08,1.7e-06,1.2815412128418547e-06,1.1438778896882493e-06,2.9420022568579806e-09,1.1438778896882493e-06,2.9420022568579806e-09,1.2571582e-05,1.2571582e-05,1.1438778896882493e-06,False,True,False,0,False,,,0.5747021087189998,3.0,False,True,57735.00001157408,57763.00001157408,weekly,10.0,sigma,computed,/home/lkoo/projects/AutomationDetection/DownloadedLC/incremental/quiescent_background_cache.csv,,,,,,False,not_in_flare_streak
4FGL J2253.9+1609,409,410,57770.00001157408,1.83e-06,9.36e-08,1.19e-06,1.2815412128418547e-06,1.1438778896882493e-06,2.9420022568579806e-09,1.1438778896882493e-06,2.9420022568579806e-09,1.2571582e-05,1.2571582e-05,1.1438778896882493e-06,True,True,False,0,False,,,7.326746095964996,3.0,True,True,57735.00001157408,57770.00001157408,weekly,10.0,sigma,computed,/home/lkoo/projects/AutomationDetection/DownloadedLC/incremental/quiescent_background_cache.csv,,,,,,False,not_in_flare_streak
4FGL J2253.9+1609,410,411,57777.00001157408,1.52e-06,9.52e-08,1.83e-06,1.2815412128418547e-06,1.1438778896882493e-06,2.9420022568579806e-09,1.1438778896882493e-06,2.9420022568579806e-09,1.2571582e-05,1.2571582e-05,1.1438778896882493e-06,False,True,False,0,False,,,3.948977278697908,3.0,True,True,57735.00001157408,57777.00001157408,weekly,10.0,sigma,computed,/home/lkoo/projects/AutomationDetection/DownloadedLC/incremental/quiescent_background_cache.csv,,,,,,False,not_in_flare_streak
4FGL J2253.9+1609,411,412,57784.00001157408,1.93e-06,1.09e-07,1.52e-06,1.2815412128418547e-06,1.1438778896882493e-06,2.9420022568579806e-09,1.1438778896882493e-06,2.9420022568579806e-09,1.2571582e-05,1.2571582e-05,1.1438778896882493e-06,True,True,False,0,False,,,7.209503847861783,3.0,True,True,57735.00001157408,57784.00001157408,weekly,10.0,sigma,computed,/home/lkoo/projects/AutomationDetection/DownloadedLC/incremental/quiescent_background_cache.csv,,,,,,False,not_in_flare_streak
4FGL J2253.9+1609,412,413,57791.00001157408,1.33e-06,9.01e-08,1.93e-06,1.2815412128418547e-06,1.1438778896882493e-06,2.9420022568579806e-09,1.1438778896882493e-06,2.9420022568579806e-09,1.2571582e-05,1.2571582e-05,1.1438778896882493e-06,False,True,False,0,False,,,2.064627840197331,3.0,False,True,57735.00001157408,57791.00001157408,weekly,10.0,sigma,computed,/home/lkoo/projects/AutomationDetection/DownloadedLC/incremental/quiescent_background_cache.csv,,,,,,False,not_in_flare_streak
4FGL J2253.9+1609,413,414,57798.00001157408,1.63e-06,9.56e-08,1.33e-06,1.2815412128418547e-06,1.1438778896882493e-06,2.9420022568579806e-09,1.1438778896882493e-06,2.9420022568579806e-09,1.2571582e-05,1.2571582e-05,1.1438778896882493e-06,True,True,False,0,False,,,5.082553181338945,3.0,True,True,57735.00001157408,57798.00001157408,weekly,10.0,sigma,computed,/home/lkoo/projects/AutomationDetection/DownloadedLC/incremental/quiescent_background_cache.csv,,,,,,False,not_in_flare_streak
4FGL J2253.9+1609,414,415,57805.00001157408,1.58e-06,9.35e-08,1.63e-06,1.2815412128418547e-06,1.1438778896882493e-06,2.9420022568579806e-09,1.1438778896882493e-06,2.9420022568579806e-09,1.2571582e-05,1.2571582e-05,1.1438778896882493e-06,False,True,False,0,False,,,4.662100281639017,3.0,True,True,57735.00001157408,57805.00001157408,weekly,10.0,sigma,computed,/home/lkoo/projects/AutomationDetection/DownloadedLC/incremental/quiescent_background_cache.csv,,,,,,False,not_in_flare_streak
4FGL J2253.9+1609,415,416,57812.00001157408,1.05e-06,8.43e-08,1.58e-06,1.2815412128418547e-06,1.1438778896882493e-06,2.9420022568579806e-09,1.1438778896882493e-06,2.9420022568579806e-09,1.2571582e-05,1.2571582e-05,1.1438778896882493e-06,False,False,False,0,False,,,-1.1129391742141228,3.0,False,False,,,weekly,10.0,sigma,computed,/home/lkoo/projects/AutomationDetection/DownloadedLC/incremental/quiescent_background_cache.csv,,,,,,False,not_in_flare_streak
4FGL J2253.9+1609,416,417,57819.00001157408,1.28e-06,9.27e-08,1.05e-06,1.2815412128418547e-06,1.1438778896882493e-06,2.9420022568579806e-09,1.1438778896882493e-06,2.9420022568579806e-09,1.2571582e-05,1.2571582e-05,1.1438778896882493e-06,True,True,False,0,False,,,1.467676475211512,3.0,False,False,,,weekly,10.0,sigma,computed,/home/lkoo/projects/AutomationDetection/DownloadedLC/incremental/quiescent_background_cache.csv,,,,,,False,not_in_flare_streak
4FGL J2253.9+1609,417,418,57826.00001157408,1.23e-06,8.94e-08,1.28e-06,1.2815412128418547e-06,1.1438778896882493e-06,2.9420022568579806e-09,1.1438778896882493e-06,2.9420022568579806e-09,1.2571582e-05,1.2571582e-05,1.1438778896882493e-06,False,True,False,0,False,,,0.9628133658767034,3.0,False,False,,,weekly,10.0,sigma,computed,/home/lkoo/projects/AutomationDetection/DownloadedLC/incremental/quiescent_background_cache.csv,,,,,,False,not_in_flare_streak
4FGL J2253.9+1609,418,419,57833.00001157408,1.55e-06,9.71e-08,1.23e-06,1.2815412128418547e-06,1.1438778896882493e-06,2.9420022568579806e-09,1.1438778896882493e-06,2.9420022568579806e-09,1.2571582e-05,1.2571582e-05,1.1438778896882493e-06,True,True,False,0,False,,,4.180595534750431,3.0,True,True,57833.00001157408,57833.00001157408,weekly,10.0,sigma,computed,/home/lkoo/projects/AutomationDetection/DownloadedLC/incremental/quiescent_background_cache.csv,,,,,,False,not_in_flare_streak
4FGL J2253.9+1609,419,420,57840.00001157408,1.45e-06,9.64e-08,1.55e-06,1.2815412128418547e-06,1.1438778896882493e-06,2.9420022568579806e-09,1.1438778896882493e-06,2.9420022568579806e-09,1.2571582e-05,1.2571582e-05,1.1438778896882493e-06,False,True,False,0,False,,,3.1740627610245062,3.0,True,True,57833.00001157408,57840.00001157408,weekly,10.0,sigma,computed,/home/lkoo/projects/AutomationDetection/DownloadedLC/incremental/quiescent_background_cache.csv,,,,,,False,not_in_flare_streak
4FGL J2253.9+1609,420,421,57847.00001157408,1.25e-06,9.63e-08,1.45e-06,1.2815412128418547e-06,1.1438778896882493e-06,2.9420022568579806e-09,1.1438778896882493e-06,2.9420022568579806e-09,1.2571582e-05,1.2571582e-05,1.1438778896882493e-06,False,True,False,0,False,,,1.1014810143417157,3.0,False,True,57833.00001157408,57847.00001157408,weekly,10.0,sigma,computed,/home/lkoo/projects/AutomationDetection/DownloadedLC/incremental/quiescent_background_cache.csv,,,,,,False,not_in_flare_streak
4FGL J2253.9+1609,421,422,57854.00001157408,1.44e-06,9.02e-08,1.25e-06,1.2815412128418547e-06,1.1438778896882493e-06,2.9420022568579806e-09,1.1438778896882493e-06,2.9420022568579806e-09,1.2571582e-05,1.2571582e-05,1.1438778896882493e-06,True,True,False,0,False,,,3.28120536397881,3.0,True,True,57833.00001157408,57854.00001157408,weekly,10.0,sigma,computed,/home/lkoo/projects/AutomationDetection/DownloadedLC/incremental/quiescent_background_cache.csv,,,,,,False,not_in_flare_streak
4FGL J2253.9+1609,422,423,57861.00001157408,9.2e-07,7.41e-08,1.44e-06,1.2815412128418547e-06,1.1438778896882493e-06,2.9420022568579806e-09,1.1438778896882493e-06,2.9420022568579806e-09,1.2571582e-05,1.2571582e-05,1.1438778896882493e-06,False,False,False,0,False,,,-3.0189155778260193,3.0,False,False,,,weekly,10.0,sigma,computed,/home/lkoo/projects/AutomationDetection/DownloadedLC/incremental/quiescent_background_cache.csv,,,,,,False,not_in_flare_streak
4FGL J2253.9+1609,423,424,57868.00001157408,7.79e-07,7.31e-08,9.2e-07,1.2815412128418547e-06,1.1438778896882493e-06,2.9420022568579806e-09,1.1438778896882493e-06,2.9420022568579806e-09,1.2571582e-05,1.2571582e-05,1.1438778896882493e-06,False,False,False,0,False,,,-4.9874519903423105,3.0,False,False,,,weekly,10.0,sigma,computed,/home/lkoo/projects/AutomationDetection/DownloadedLC/incremental/quiescent_background_cache.csv,,,,,,False,not_in_flare_streak
4FGL J2253.9+1609,424,425,57875.00001157408,9.5e-07,7.51e-08,7.79e-07,1.2815412128418547e-06,1.1438778896882493e-06,2.9420022568579806e-09,1.1438778896882493e-06,2.9420022568579806e-09,1.2571582e-05,1.2571582e-05,1.1438778896882493e-06,True,False,False,0,False,,,-2.5796177689195425,3.0,False,False,,,weekly,10.0,sigma,computed,/home/lkoo/projects/AutomationDetection/DownloadedLC/incremental/quiescent_background_cache.csv,,,,,,False,not_in_flare_streak
4FGL J2253.9+1609,425,426,57882.00001157408,9.76e-07,7.42e-08,9.5e-07,1.2815412128418547e-06,1.1438778896882493e-06,2.9420022568579806e-09,1.1438778896882493e-06,2.9420022568579806e-09,1.2571582e-05,1.2571582e-05,1.1438778896882493e-06,True,False,False,0,False,,,-2.2607289118526883,3.0,False,False,,,weekly,10.0,sigma,computed,/home/lkoo/projects/AutomationDetection/DownloadedLC/incremental/quiescent_background_cache.csv,,,,,,False,not_in_flare_streak
4FGL J2253.9+1609,426,427,57889.00001157408,9.51e-07,7.59e-08,9.76e-07,1.2815412128418547e-06,1.1438778896882493e-06,2.9420022568579806e-09,1.1438778896882493e-06,2.9420022568579806e-09,1.2571582e-05,1.2571582e-05,1.1438778896882493e-06,False,False,False,0,False,,,-2.539303784684102,3.0,False,False,,,weekly,10.0,sigma,computed,/home/lkoo/projects/AutomationDetection/DownloadedLC/incremental/quiescent_background_cache.csv,,,,,,False,not_in_flare_streak
4FGL J2253.9+1609,427,428,57896.00001157408,5.9e-07,6.27e-08,9.51e-07,1.2815412128418547e-06,1.1438778896882493e-06,2.9420022568579806e-09,1.1438778896882493e-06,2.9420022568579806e-09,1.2571582e-05,1.2571582e-05,1.1438778896882493e-06,False,False,False,0,False,,,-8.824069670124562,3.0,False,False,,,weekly,10.0,sigma,computed,/home/lkoo/projects/AutomationDetection/DownloadedLC/incremental/quiescent_background_cache.csv,,,,,,False,not_in_flare_streak
4FGL J2253.9+1609,428,429,57903.00001157408,5.33e-07,6.3e-08,5.9e-07,1.2815412128418547e-06,1.1438778896882493e-06,2.9420022568579806e-09,1.1438778896882493e-06,2.9420022568579806e-09,1.2571582e-05,1.2571582e-05,1.1438778896882493e-06,False,False,False,0,False,,,-9.685918930984032,3.0,False,False,,,weekly,10.0,sigma,computed,/home/lkoo/projects/AutomationDetection/DownloadedLC/incremental/quiescent_background_cache.csv,,,,,,False,not_in_flare_streak
4FGL J2253.9+1609,429,430,57910.00001157408,3.84e-07,6.2e-08,5.33e-07,1.2815412128418547e-06,1.1438778896882493e-06,2.9420022568579806e-09,1.1438778896882493e-06,2.9420022568579806e-09,1.2571582e-05,1.2571582e-05,1.1438778896882493e-06,False,False,False,0,False,,,-12.242319979656841,3.0,False,False,,,weekly,10.0,sigma,computed,/home/lkoo/projects/AutomationDetection/DownloadedLC/incremental/quiescent_background_cache.csv,,,,,,False,not_in_flare_streak
4FGL J2253.9+1609,430,431,57917.00001157408,3.53e-07,5.47e-08,3.84e-07,1.2815412128418547e-06,1.1438778896882493e-06,2.9420022568579806e-09,1.1438778896882493e-06,2.9420022568579806e-09,1.2571582e-05,1.2571582e-05,1.1438778896882493e-06,False,False,False,0,False,,,-14.437595215964516,3.0,False,False,,,weekly,10.0,sigma,computed,/home/lkoo/projects/AutomationDetection/DownloadedLC/incremental/quiescent_background_cache.csv,,,,,,False,not_in_flare_streak
4FGL J2253.9+1609,431,432,57924.00001157408,3.19e-07,5.14e-08,3.53e-07,1.2815412128418547e-06,1.1438778896882493e-06,2.9420022568579806e-09,1.1438778896882493e-06,2.9420022568579806e-09,1.2571582e-05,1.2571582e-05,1.1438778896882493e-06,False,False,False,0,False,,,-16.021984461169538,3.0,False,False,,,weekly,10.0,sigma,computed,/home/lkoo/projects/AutomationDetection/DownloadedLC/incremental/quiescent_background_cache.csv,,,,,,False,not_in_flare_streak
4FGL J2253.9+1609,432,433,57931.00001157408,2.3e-07,6.02e-08,3.19e-07,1.2815412128418547e-06,1.1438778896882493e-06,2.9420022568579806e-09,1.1438778896882493e-06,2.9420022568579806e-09,1.2571582e-05,1.2571582e-05,1.1438778896882493e-06,False,False,False,0,False,,,-15.162600048669963,3.0,False,False,,,weekly,10.0,sigma,computed,/home/lkoo/projects/AutomationDetection/DownloadedLC/incremental/quiescent_background_cache.csv,,,,,,False,not_in_flare_streak
4FGL J2253.9+1609,433,434,57938.00001157408,3.06e-07,5.13e-08,2.3e-07,1.2815412128418547e-06,1.1438778896882493e-06,2.9420022568579806e-09,1.1438778896882493e-06,2.9420022568579806e-09,1.2571582e-05,1.2571582e-05,1.1438778896882493e-06,True,False,False,0,False,,,-16.306109725170646,3.0,False,False,,,weekly,10.0,sigma,computed,/home/lkoo/projects/AutomationDetection/DownloadedLC/incremental/quiescent_background_cache.csv,,,,,,False,not_in_flare_streak
4FGL J2253.9+1609,434,435,57945.00001157408,2.05e-07,5.92e-08,3.06e-07,1.2815412128418547e-06,1.1438778896882493e-06,2.9420022568579806e-09,1.1438778896882493e-06,2.9420022568579806e-09,1.2571582e-05,1.2571582e-05,1.1438778896882493e-06,False,False,False,0,False,,,-15.83987607570897,3.0,False,False,,,weekly,10.0,sigma,computed,/home/lkoo/projects/AutomationDetection/DownloadedLC/incremental/quiescent_background_cache.csv,,,,,,False,not_in_flare_streak
4FGL J2253.9+1609,435,436,57952.00001157408,4.99e-07,6.29e-08,2.05e-07,1.2815412128418547e-06,1.1438778896882493e-06,2.9420022568579806e-09,1.1438778896882493e-06,2.9420022568579806e-09,1.2571582e-05,1.2571582e-05,1.1438778896882493e-06,True,False,False,0,False,,,-10.241234503178454,3.0,False,False,,,weekly,10.0,sigma,computed,/home/lkoo/projects/AutomationDetection/DownloadedLC/incremental/quiescent_background_cache.csv,,,,,,False,not_in_flare_streak
4FGL J2253.9+1609,436,437,57959.00001157408,2.68e-07,4.96e-08,4.99e-07,1.2815412128418547e-06,1.1438778896882493e-06,2.9420022568579806e-09,1.1438778896882493e-06,2.9420022568579806e-09,1.2571582e-05,1.2571582e-05,1.1438778896882493e-06,False,False,False,0,False,,,-17.62784635131626,3.0,False,False,,,weekly,10.0,sigma,computed,/home/lkoo/projects/AutomationDetection/DownloadedLC/incremental/quiescent_background_cache.csv,,,,,,False,not_in_flare_streak
4FGL J2253.9+1609,437,438,57966.00001157408,3.16e-07,5.68e-08,2.68e-07,1.2815412128418547e-06,1.1438778896882493e-06,2.9420022568579806e-09,1.1438778896882493e-06,2.9420022568579806e-09,1.2571582e-05,1.2571582e-05,1.1438778896882493e-06,True,False,False,0,False,,,-14.555802836933708,3.0,False,False,,,weekly,10.0,sigma,computed,/home/lkoo/projects/AutomationDetection/DownloadedLC/incremental/quiescent_background_cache.csv,,,,,,False,not_in_flare_streak
4FGL J2253.9+1609,438,439,57973.00001157408,2.72e-07,5.85e-08,3.16e-07,1.2815412128418547e-06,1.1438778896882493e-06,2.9420022568579806e-09,1.1438778896882493e-06,2.9420022568579806e-09,1.2571582e-05,1.2571582e-05,1.1438778896882493e-06,False,False,False,0,False,,,-14.885084145358435,3.0,False,False,,,weekly,10.0,sigma,computed,/home/lkoo/projects/AutomationDetection/DownloadedLC/incremental/quiescent_background_cache.csv,,,,,,False,not_in_flare_streak
4FGL J2253.9+1609,439,440,57980.00001157408,4.43e-07,6.79e-08,2.72e-07,1.2815412128418547e-06,1.1438778896882493e-06,2.9420022568579806e-09,1.1438778896882493e-06,2.9420022568579806e-09,1.2571582e-05,1.2571582e-05,1.1438778896882493e-06,True,False,False,0,False,,,-10.312531902662423,3.0,False,False,,,weekly,10.0,sigma,computed,/home/lkoo/projects/AutomationDetection/DownloadedLC/incremental/quiescent_background_cache.csv,,,,,,False,not_in_flare_streak
4FGL J2253.9+1609,440,441,57987.00001157408,3.2e-07,5.92e-08,4.43e-07,1.2815412128418547e-06,1.1438778896882493e-06,2.9420022568579806e-09,1.1438778896882493e-06,2.9420022568579806e-09,1.2571582e-05,1.2571582e-05,1.1438778896882493e-06,False,False,False,0,False,,,-13.89970284475624,3.0,False,False,,,weekly,10.0,sigma,computed,/home/lkoo/projects/AutomationDetection/DownloadedLC/incremental/quiescent_background_cache.csv,,,,,,False,not_in_flare_streak
4FGL J2253.9+1609,441,442,57994.00001157408,1.96e-07,5.59e-08,3.2e-07,1.2815412128418547e-06,1.1438778896882493e-06,2.9420022568579806e-09,1.1438778896882493e-06,2.9420022568579806e-09,1.2571582e-05,1.2571582e-05,1.1438778896882493e-06,False,False,False,0,False,,,-16.93323528120108,3.0,False,False,,,weekly,10.0,sigma,computed,/home/lkoo/projects/AutomationDetection/DownloadedLC/incremental/quiescent_background_cache.csv,,,,,,False,not_in_flare_streak
4FGL J2253.9+1609,442,443,58001.00001157408,5.62e-07,6.9e-08,1.96e-07,1.2815412128418547e-06,1.1438778896882493e-06,2.9420022568579806e-09,1.1438778896882493e-06,2.9420022568579806e-09,1.2571582e-05,1.2571582e-05,1.1438778896882493e-06,True,False,False,0,False,,,-8.425357828183186,3.0,False,False,,,weekly,10.0,sigma,computed,/home/lkoo/projects/AutomationDetection/DownloadedLC/incremental/quiescent_background_cache.csv,,,,,,False,not_in_flare_streak
4FGL J2253.9+1609,443,444,58008.00001157408,3.34e-07,6.83e-08,5.62e-07,1.2815412128418547e-06,1.1438778896882493e-06,2.9420022568579806e-09,1.1438778896882493e-06,2.9420022568579806e-09,1.2571582e-05,1.2571582e-05,1.1438778896882493e-06,False,False,False,0,False,,,-11.846670537470445,3.0,False,False,,,weekly,10.0,sigma,computed,/home/lkoo/projects/AutomationDetection/DownloadedLC/incremental/quiescent_background_cache.csv,,,,,,False,not_in_flare_streak
4FGL J2253.9+1609,444,445,58015.00001157408,3.64e-07,5.54e-08,3.34e-07,1.2815412128418547e-06,1.1438778896882493e-06,2.9420022568579806e-09,1.1438778896882493e-06,2.9420022568579806e-09,1.2571582e-05,1.2571582e-05,1.1438778896882493e-06,True,False,False,0,False,,,-14.057410439357026,3.0,False,False,,,weekly,10.0,sigma,computed,/home/lkoo/projects/AutomationDetection/DownloadedLC/incremental/quiescent_background_cache.csv,,,,,,False,not_in_flare_streak
4FGL J2253.9+1609,445,446,58022.00001157408,4.03e-07,5.98e-08,3.64e-07,1.2815412128418547e-06,1.1438778896882493e-06,2.9420022568579806e-09,1.1438778896882493e-06,2.9420022568579806e-09,1.2571582e-05,1.2571582e-05,1.1438778896882493e-06,True,False,False,0,False,,,-12.37429616765111,3.0,False,False,,,weekly,10.0,sigma,computed,/home/lkoo/projects/AutomationDetection/DownloadedLC/incremental/quiescent_background_cache.csv,,,,,,False,not_in_flare_streak
4FGL J2253.9+1609,446,447,58029.00001157408,4.23e-07,6.42e-08,4.03e-07,1.2815412128418547e-06,1.1438778896882493e-06,2.9420022568579806e-09,1.1438778896882493e-06,2.9420022568579806e-09,1.2571582e-05,1.2571582e-05,1.1438778896882493e-06,True,False,False,0,False,,,-11.216856133798458,3.0,False,False,,,weekly,10.0,sigma,computed,/home/lkoo/projects/AutomationDetection/DownloadedLC/incremental/quiescent_background_cache.csv,,,,,,False,not_in_flare_streak
4FGL J2253.9+1609,447,448,58036.00001157408,3.72e-07,6.29e-08,4.23e-07,1.2815412128418547e-06,1.1438778896882493e-06,2.9420022568579806e-09,1.1438778896882493e-06,2.9420022568579806e-09,1.2571582e-05,1.2571582e-05,1.1438778896882493e-06,False,False,False,0,False,,,-12.258107468899802,3.0,False,False,,,weekly,10.0,sigma,computed,/home/lkoo/projects/AutomationDetection/DownloadedLC/incremental/quiescent_background_cache.csv,,,,,,False,not_in_flare_streak
4FGL J2253.9+1609,448,449,58043.00001157408,3.48e-07,6.39e-08,3.72e-07,1.2815412128418547e-06,1.1438778896882493e-06,2.9420022568579806e-09,1.1438778896882493e-06,2.9420022568579806e-09,1.2571582e-05,1.2571582e-05,1.1438778896882493e-06,False,False,False,0,False,,,-12.441873208030511,3.0,False,False,,,weekly,10.0,sigma,computed,/home/lkoo/projects/AutomationDetection/DownloadedLC/incremental/quiescent_background_cache.csv,,,,,,False,not_in_flare_streak
4FGL J2253.9+1609,449,450,58050.00001157408,3.97e-07,6.24e-08,3.48e-07,1.2815412128418547e-06,1.1438778896882493e-06,2.9420022568579806e-09,1.1438778896882493e-06,2.9420022568579806e-09,1.2571582e-05,1.2571582e-05,1.1438778896882493e-06,True,False,False,0,False,,,-11.955916018586649,3.0,False,False,,,weekly,10.0,sigma,computed,/home/lkoo/projects/AutomationDetection/DownloadedLC/incremental/quiescent_background_cache.csv,,,,,,False,not_in_flare_streak
4FGL J2253.9+1609,450,451,58057.00001157408,5.68e-07,6.72e-08,3.97e-07,1.2815412128418547e-06,1.1438778896882493e-06,2.9420022568579806e-09,1.1438778896882493e-06,2.9420022568579806e-09,1.2571582e-05,1.2571582e-05,1.1438778896882493e-06,True,False,False,0,False,,,-8.561410679744045,3.0,False,False,,,weekly,10.0,sigma,computed,/home/lkoo/projects/AutomationDetection/DownloadedLC/incremental/quiescent_background_cache.csv,,,,,,False,not_in_flare_streak
4FGL J2253.9+1609,451,452,58064.00001157408,7.35e-07,6.58e-08,5.68e-07,1.2815412128418547e-06,1.1438778896882493e-06,2.9420022568579806e-09,1.1438778896882493e-06,2.9420022568579806e-09,1.2571582e-05,1.2571582e-05,1.1438778896882493e-06,True,False,False,0,False,,,-6.207747839272297,3.0,False,False,,,weekly,10.0,sigma,computed,/home/lkoo/projects/AutomationDetection/DownloadedLC/incremental/quiescent_background_cache.csv,,,,,,False,not_in_flare_streak
4FGL J2253.9+1609,452,453,58071.00001157408,9.76e-07,7.68e-08,7.35e-07,1.2815412128418547e-06,1.1438778896882493e-06,2.9420022568579806e-09,1.1438778896882493e-06,2.9420022568579806e-09,1.2571582e-05,1.2571582e-05,1.1438778896882493e-06,True,False,False,0,False,,,-2.184307927257605,3.0,False,False,,,weekly,10.0,sigma,computed,/home/lkoo/projects/AutomationDetection/DownloadedLC/incremental/quiescent_background_cache.csv,,,,,,False,not_in_flare_streak
4FGL J2253.9+1609,453,454,58078.00001157408,1.24e-06,8.81e-08,9.76e-07,1.2815412128418547e-06,1.1438778896882493e-06,2.9420022568579806e-09,1.1438778896882493e-06,2.9420022568579806e-09,1.2571582e-05,1.2571582e-05,1.1438778896882493e-06,True,True,False,0,False,,,1.0904490317705609,3.0,False,False,,,weekly,10.0,sigma,computed,/home/lkoo/projects/AutomationDetection/DownloadedLC/incremental/quiescent_background_cache.csv,,,,,,False,not_in_flare_streak
4FGL J2253.9+1609,454,455,58085.00001157408,9.67e-07,8.58e-08,1.24e-06,1.2815412128418547e-06,1.1438778896882493e-06,2.9420022568579806e-09,1.1438778896882493e-06,2.9420022568579806e-09,1.2571582e-05,1.2571582e-05,1.1438778896882493e-06,False,False,False,0,False,,,-2.0603030309169115,3.0,False,False,,,weekly,10.0,sigma,computed,/home/lkoo/projects/AutomationDetection/DownloadedLC/incremental/quiescent_background_cache.csv,,,,,,False,not_in_flare_streak
4FGL J2253.9+1609,455,456,58092.00001157408,6.2e-07,7.25e-08,9.67e-07,1.2815412128418547e-06,1.1438778896882493e-06,2.9420022568579806e-09,1.1438778896882493e-06,2.9420022568579806e-09,1.2571582e-05,1.2571582e-05,1.1438778896882493e-06,False,False,False,0,False,,,-7.2199598794625945,3.0,False,False,,,weekly,10.0,sigma,computed,/home/lkoo/projects/AutomationDetection/DownloadedLC/incremental/quiescent_background_cache.csv,,,,,,False,not_in_flare_streak
4FGL J2253.9+1609,456,457,58099.00001157408,4.48e-07,7.33e-08,6.2e-07,1.2815412128418547e-06,1.1438778896882493e-06,2.9420022568579806e-09,1.1438778896882493e-06,2.9420022568579806e-09,1.2571582e-05,1.2571582e-05,1.1438778896882493e-06,False,False,False,0,False,,,-9.485921676870575,3.0,False,False,,,weekly,10.0,sigma,computed,/home/lkoo/projects/AutomationDetection/DownloadedLC/incremental/quiescent_background_cache.csv,,,,,,False,not_in_flare_streak
4FGL J2253.9+1609,457,458,58106.00001157408,6.82e-07,8.37e-08,4.48e-07,1.2815412128418547e-06,1.1438778896882493e-06,2.9420022568579806e-09,1.1438778896882493e-06,2.9420022568579806e-09,1.2571582e-05,1.2571582e-05,1.1438778896882493e-06,True,False,False,0,False,,,-5.514848671017851,3.0,False,False,,,weekly,10.0,sigma,computed,/home/lkoo/projects/AutomationDetection/DownloadedLC/incremental/quiescent_background_cache.csv,,,,,,False,not_in_flare_streak
4FGL J2253.9+1609,458,459,58113.00001157408,1.16e-06,8.4e-08,6.82e-07,1.2815412128418547e-06,1.1438778896882493e-06,2.9420022568579806e-09,1.1438778896882493e-06,2.9420022568579806e-09,1.2571582e-05,1.2571582e-05,1.1438778896882493e-06,True,True,False,0,False,,,0.1918122756222432,3.0,False,False,,,weekly,10.0,sigma,computed,/home/lkoo/projects/AutomationDetection/DownloadedLC/incremental/quiescent_background_cache.csv,,,,,,False,not_in_flare_streak
4FGL J2253.9+1609,459,460,58120.00001157408,1.36e-06,8.67e-08,1.16e-06,1.2815412128418547e-06,1.1438778896882493e-06,2.9420022568579806e-09,1.1438778896882493e-06,2.9420022568579806e-09,1.2571582e-05,1.2571582e-05,1.1438778896882493e-06,True,True,False,0,False,,,2.4913239905560354,3.0,False,False,,,weekly,10.0,sigma,computed,/home/lkoo/projects/AutomationDetection/DownloadedLC/incremental/quiescent_background_cache.csv,,,,,,False,not_in_flare_streak
4FGL J2253.9+1609,460,461,58127.00001157408,9e-07,7.75e-08,1.36e-06,1.2815412128418547e-06,1.1438778896882493e-06,2.9420022568579806e-09,1.1438778896882493e-06,2.9420022568579806e-09,1.2571582e-05,1.2571582e-05,1.1438778896882493e-06,False,False,False,0,False,,,-3.144546552613062,3.0,False,False,,,weekly,10.0,sigma,computed,/home/lkoo/projects/AutomationDetection/DownloadedLC/incremental/quiescent_background_cache.csv,,,,,,False,not_in_flare_streak
4FGL J2253.9+1609,461,462,58134.00001157408,8.88e-07,8.67e-08,9e-07,1.2815412128418547e-06,1.1438778896882493e-06,2.9420022568579806e-09,1.1438778896882493e-06,2.9420022568579806e-09,1.2571582e-05,1.2571582e-05,1.1438778896882493e-06,False,False,False,0,False,,,-2.9496043894520807,3.0,False,False,,,weekly,10.0,sigma,computed,/home/lkoo/projects/AutomationDetection/DownloadedLC/incremental/quiescent_background_cache.csv,,,,,,False,not_in_flare_streak
4FGL J2253.9+1609,462,463,58141.00001157408,8.02e-07,8.1e-08,8.88e-07,1.2815412128418547e-06,1.1438778896882493e-06,2.9420022568579806e-09,1.1438778896882493e-06,2.9420022568579806e-09,1.2571582e-05,1.2571582e-05,1.1438778896882493e-06,False,False,False,0,False,,,-4.217933421496753,3.0,False,False,,,weekly,10.0,sigma,computed,/home/lkoo/projects/AutomationDetection/DownloadedLC/incremental/quiescent_background_cache.csv,,,,,,False,not_in_flare_streak
4FGL J2253.9+1609,463,464,58148.00001157408,9.17e-07,8.58e-08,8.02e-07,1.2815412128418547e-06,1.1438778896882493e-06,2.9420022568579806e-09,1.1438778896882493e-06,2.9420022568579806e-09,1.2571582e-05,1.2571582e-05,1.1438778896882493e-06,True,False,False,0,False,,,-2.6427113337715635,3.0,False,False,,,weekly,10.0,sigma,computed,/home/lkoo/projects/AutomationDetection/DownloadedLC/incremental/quiescent_background_cache.csv,,,,,,False,not_in_flare_streak
4FGL J2253.9+1609,464,465,58155.00001157408,1.2e-06,8.9e-08,9.17e-07,1.2815412128418547e-06,1.1438778896882493e-06,2.9420022568579806e-09,1.1438778896882493e-06,2.9420022568579806e-09,1.2571582e-05,1.2571582e-05,1.1438778896882493e-06,True,True,False,0,False,,,0.6302412668171342,3.0,False,False,,,weekly,10.0,sigma,computed,/home/lkoo/projects/AutomationDetection/DownloadedLC/incremental/quiescent_background_cache.csv,,,,,,False,not_in_flare_streak
4FGL J2253.9+1609,465,466,58162.00001157408,1.17e-06,8.78e-08,1.2e-06,1.2815412128418547e-06,1.1438778896882493e-06,2.9420022568579806e-09,1.1438778896882493e-06,2.9420022568579806e-09,1.2571582e-05,1.2571582e-05,1.1438778896882493e-06,False,True,False,0,False,,,0.29735145649171046,3.0,False,False,,,weekly,10.0,sigma,computed,/home/lkoo/projects/AutomationDetection/DownloadedLC/incremental/quiescent_background_cache.csv,,,,,,False,not_in_flare_streak
4FGL J2253.9+1609,466,467,58169.00001157408,7.02e-07,6.97e-08,1.17e-06,1.2815412128418547e-06,1.1438778896882493e-06,2.9420022568579806e-09,1.1438778896882493e-06,2.9420022568579806e-09,1.2571582e-05,1.2571582e-05,1.1438778896882493e-06,False,False,False,0,False,,,-6.33407146035747,3.0,False,False,,,weekly,10.0,sigma,computed,/home/lkoo/projects/AutomationDetection/DownloadedLC/incremental/quiescent_background_cache.csv,,,,,,False,not_in_flare_streak
4FGL J2253.9+1609,467,468,58176.00001157408,7.08e-07,6.85e-08,7.02e-07,1.2815412128418547e-06,1.1438778896882493e-06,2.9420022568579806e-09,1.1438778896882493e-06,2.9420022568579806e-09,1.2571582e-05,1.2571582e-05,1.1438778896882493e-06,True,False,False,0,False,,,-6.357320180531893,3.0,False,False,,,weekly,10.0,sigma,computed,/home/lkoo/projects/AutomationDetection/DownloadedLC/incremental/quiescent_background_cache.csv,,,,,,False,not_in_flare_streak
4FGL J2253.9+1609,468,469,58183.00001157408,6.32e-07,7.21e-08,7.08e-07,1.2815412128418547e-06,1.1438778896882493e-06,2.9420022568579806e-09,1.1438778896882493e-06,2.9420022568579806e-09,1.2571582e-05,1.2571582e-05,1.1438778896882493e-06,False,False,False,0,False,,,-7.093651616345183,3.0,False,False,,,weekly,10.0,sigma,computed,/home/lkoo/projects/AutomationDetection/DownloadedLC/incremental/quiescent_background_cache.csv,,,,,,False,not_in_flare_streak
4FGL J2253.9+1609,469,470,58190.00001157408,5.89e-07,1.5e-07,6.32e-07,1.2815412128418547e-06,1.1438778896882493e-06,2.9420022568579806e-09,1.1438778896882493e-06,2.9420022568579806e-09,1.2571582e-05,1.2571582e-05,1.1438778896882493e-06,False,False,False,0,False,,,-3.6984746286934524,3.0,False,False,,,weekly,10.0,sigma,computed,/home/lkoo/projects/AutomationDetection/DownloadedLC/incremental/quiescent_background_cache.csv,,,,,,False,not_in_flare_streak
4FGL J2253.9+1609,470,471,58211.00001157408,1.62e-07,8.84e-08,5.89e-07,1.2815412128418547e-06,1.1438778896882493e-06,2.9420022568579806e-09,1.1438778896882493e-06,2.9420022568579806e-09,1.2571582e-05,1.2571582e-05,1.1438778896882493e-06,False,False,False,0,False,,,-11.101069896421263,3.0,False,False,,,weekly,10.0,sigma,computed,/home/lkoo/projects/AutomationDetection/DownloadedLC/incremental/quiescent_background_cache.csv,,,,,,False,not_in_flare_streak
4FGL J2253.9+1609,471,472,58232.00001157408,5.16e-07,1.71e-07,1.62e-07,1.2815412128418547e-06,1.1438778896882493e-06,2.9420022568579806e-09,1.1438778896882493e-06,2.9420022568579806e-09,1.2571582e-05,1.2571582e-05,1.1438778896882493e-06,True,False,False,0,False,,,-3.671257216035409,3.0,False,False,,,weekly,10.0,sigma,computed,/home/lkoo/projects/AutomationDetection/DownloadedLC/incremental/quiescent_background_cache.csv,,,,,,False,not_in_flare_streak
4FGL J2253.9+1609,472,473,58239.00001157408,3.38e-07,4.51e-08,5.16e-07,1.2815412128418547e-06,1.1438778896882493e-06,2.9420022568579806e-09,1.1438778896882493e-06,2.9420022568579806e-09,1.2571582e-05,1.2571582e-05,1.1438778896882493e-06,False,False,False,0,False,,,-17.830791701032755,3.0,False,False,,,weekly,10.0,sigma,computed,/home/lkoo/projects/AutomationDetection/DownloadedLC/incremental/quiescent_background_cache.csv,,,,,,False,not_in_flare_streak
4FGL J2253.9+1609,473,474,58246.00001157408,3.99e-07,6.18e-08,3.38e-07,1.2815412128418547e-06,1.1438778896882493e-06,2.9420022568579806e-09,1.1438778896882493e-06,2.9420022568579806e-09,1.2571582e-05,1.2571582e-05,1.1438778896882493e-06,True,False,False,0,False,,,-12.039405816112442,3.0,False,False,,,weekly,10.0,sigma,computed,/home/lkoo/projects/AutomationDetection/DownloadedLC/incremental/quiescent_background_cache.csv,,,,,,False,not_in_flare_streak
4FGL J2253.9+1609,474,475,58253.00001157408,4.47e-07,5.34e-08,3.99e-07,1.2815412128418547e-06,1.1438778896882493e-06,2.9420022568579806e-09,1.1438778896882493e-06,2.9420022568579806e-09,1.2571582e-05,1.2571582e-05,1.1438778896882493e-06,True,False,False,0,False,,,-13.030387078593575,3.0,False,False,,,weekly,10.0,sigma,computed,/home/lkoo/projects/AutomationDetection/DownloadedLC/incremental/quiescent_background_cache.csv,,,,,,False,not_in_flare_streak
4FGL J2253.9+1609,475,476,58260.00001157408,3.52e-07,4.59e-08,4.47e-07,1.2815412128418547e-06,1.1438778896882493e-06,2.9420022568579806e-09,1.1438778896882493e-06,2.9420022568579806e-09,1.2571582e-05,1.2571582e-05,1.1438778896882493e-06,False,False,False,0,False,,,-17.216911858471274,3.0,False,False,,,weekly,10.0,sigma,computed,/home/lkoo/projects/AutomationDetection/DownloadedLC/incremental/quiescent_background_cache.csv,,,,,,False,not_in_flare_streak
4FGL J2253.9+1609,476,477,58267.00001157408,3.86e-07,4.59e-08,3.52e-07,1.2815412128418547e-06,1.1438778896882493e-06,2.9420022568579806e-09,1.1438778896882493e-06,2.9420022568579806e-09,1.2571582e-05,1.2571582e-05,1.1438778896882493e-06,True,False,False,0,False,,,-16.477688032663387,3.0,False,False,,,weekly,10.0,sigma,computed,/home/lkoo/projects/AutomationDetection/DownloadedLC/incremental/quiescent_background_cache.csv,,,,,,False,not_in_flare_streak
4FGL J2253.9+1609,477,478,58274.00001157408,4.33e-07,5.41e-08,3.86e-07,1.2815412128418547e-06,1.1438778896882493e-06,2.9420022568579806e-09,1.1438778896882493e-06,2.9420022568579806e-09,1.2571582e-05,1.2571582e-05,1.1438778896882493e-06,True,False,False,0,False,,,-13.120685493343874,3.0,False,False,,,weekly,10.0,sigma,computed,/home/lkoo/projects/AutomationDetection/DownloadedLC/incremental/quiescent_background_cache.csv,,,,,,False,not_in_flare_streak
4FGL J2253.9+1609,478,479,58288.00001157408,3.31e-07,4.25e-08,4.33e-07,1.2815412128418547e-06,1.1438778896882493e-06,2.9420022568579806e-09,1.1438778896882493e-06,2.9420022568579806e-09,1.2571582e-05,1.2571582e-05,1.1438778896882493e-06,False,False,False,0,False,,,-19.080876350343477,3.0,False,False,,,weekly,10.0,sigma,computed,/home/lkoo/projects/AutomationDetection/DownloadedLC/incremental/quiescent_background_cache.csv,,,,,,False,not_in_flare_streak
4FGL J2253.9+1609,479,480,58295.00001157408,3.89e-07,7.09e-08,3.31e-07,1.2815412128418547e-06,1.1438778896882493e-06,2.9420022568579806e-09,1.1438778896882493e-06,2.9420022568579806e-09,1.2571582e-05,1.2571582e-05,1.1438778896882493e-06,True,False,False,0,False,,,-10.637924360546485,3.0,False,False,,,weekly,10.0,sigma,computed,/home/lkoo/projects/AutomationDetection/DownloadedLC/incremental/quiescent_background_cache.csv,,,,,,False,not_in_flare_streak
4FGL J2253.9+1609,480,481,58302.00001157408,2.82e-07,5.08e-08,3.89e-07,1.2815412128418547e-06,1.1438778896882493e-06,2.9420022568579806e-09,1.1438778896882493e-06,2.9420022568579806e-09,1.2571582e-05,1.2571582e-05,1.1438778896882493e-06,False,False,False,0,False,,,-16.93771970463237,3.0,False,False,,,weekly,10.0,sigma,computed,/home/lkoo/projects/AutomationDetection/DownloadedLC/incremental/quiescent_background_cache.csv,,,,,,False,not_in_flare_streak
4FGL J2253.9+1609,481,482,58309.00001157408,3.39e-07,5.57e-08,2.82e-07,1.2815412128418547e-06,1.1438778896882493e-06,2.9420022568579806e-09,1.1438778896882493e-06,2.9420022568579806e-09,1.2571582e-05,1.2571582e-05,1.1438778896882493e-06,True,False,False,0,False,,,-14.430116744301671,3.0,False,False,,,weekly,10.0,sigma,computed,/home/lkoo/projects/AutomationDetection/DownloadedLC/incremental/quiescent_background_cache.csv,,,,,,False,not_in_flare_streak
4FGL J2253.9+1609,482,483,58316.00001157408,2.52e-07,4.11e-08,3.39e-07,1.2815412128418547e-06,1.1438778896882493e-06,2.9420022568579806e-09,1.1438778896882493e-06,2.9420022568579806e-09,1.2571582e-05,1.2571582e-05,1.1438778896882493e-06,False,False,False,0,False,,,-21.644809677165888,3.0,False,False,,,weekly,10.0,sigma,computed,/home/lkoo/projects/AutomationDetection/DownloadedLC/incremental/quiescent_background_cache.csv,,,,,,False,not_in_flare_streak
4FGL J2253.9+1609,483,484,58323.00001157408,3.6e-07,7.53e-08,2.52e-07,1.2815412128418547e-06,1.1438778896882493e-06,2.9420022568579806e-09,1.1438778896882493e-06,2.9420022568579806e-09,1.2571582e-05,1.2571582e-05,1.1438778896882493e-06,True,False,False,0,False,,,-10.402128552899045,3.0,False,False,,,weekly,10.0,sigma,computed,/home/lkoo/projects/AutomationDetection/DownloadedLC/incremental/quiescent_background_cache.csv,,,,,,False,not_in_flare_streak
4FGL J2253.9+1609,484,485,58330.00001157408,4.29e-07,4.51e-08,3.6e-07,1.2815412128418547e-06,1.1438778896882493e-06,2.9420022568579806e-09,1.1438778896882493e-06,2.9420022568579806e-09,1.2571582e-05,1.2571582e-05,1.1438778896882493e-06,True,False,False,0,False,,,-15.817332756996358,3.0,False,False,,,weekly,10.0,sigma,computed,/home/lkoo/projects/AutomationDetection/DownloadedLC/incremental/quiescent_background_cache.csv,,,,,,False,not_in_flare_streak
4FGL J2253.9+1609,485,486,58337.00001157408,4.33e-07,4.18e-08,4.29e-07,1.2815412128418547e-06,1.1438778896882493e-06,2.9420022568579806e-09,1.1438778896882493e-06,2.9420022568579806e-09,1.2571582e-05,1.2571582e-05,1.1438778896882493e-06,True,False,False,0,False,,,-16.964680657489367,3.0,False,False,,,weekly,10.0,sigma,computed,/home/lkoo/projects/AutomationDetection/DownloadedLC/incremental/quiescent_background_cache.csv,,,,,,False,not_in_flare_streak
4FGL J2253.9+1609,486,487,58344.00001157408,4.98e-07,7.24e-08,4.33e-07,1.2815412128418547e-06,1.1438778896882493e-06,2.9420022568579806e-09,1.1438778896882493e-06,2.9420022568579806e-09,1.2571582e-05,1.2571582e-05,1.1438778896882493e-06,True,False,False,0,False,,,-8.913609131198491,3.0,False,False,,,weekly,10.0,sigma,computed,/home/lkoo/projects/AutomationDetection/DownloadedLC/incremental/quiescent_background_cache.csv,,,,,,False,not_in_flare_streak
4FGL J2253.9+1609,487,488,58351.00001157408,4.24e-07,6.69e-08,4.98e-07,1.2815412128418547e-06,1.1438778896882493e-06,2.9420022568579806e-09,1.1438778896882493e-06,2.9420022568579806e-09,1.2571582e-05,1.2571582e-05,1.1438778896882493e-06,False,False,False,0,False,,,-10.750116773569584,3.0,False,False,,,weekly,10.0,sigma,computed,/home/lkoo/projects/AutomationDetection/DownloadedLC/incremental/quiescent_background_cache.csv,,,,,,False,not_in_flare_streak
4FGL J2253.9+1609,488,489,58358.00001157408,5.13e-07,9.6e-08,4.24e-07,1.2815412128418547e-06,1.1438778896882493e-06,2.9420022568579806e-09,1.1438778896882493e-06,2.9420022568579806e-09,1.2571582e-05,1.2571582e-05,1.1438778896882493e-06,True,False,False,0,False,,,-6.56856091523981,3.0,False,False,,,weekly,10.0,sigma,computed,/home/lkoo/projects/AutomationDetection/DownloadedLC/incremental/quiescent_background_cache.csv,,,,,,False,not_in_flare_streak
4FGL J2253.9+1609,489,490,58365.00001157408,5.38e-07,8.46e-08,5.13e-07,1.2815412128418547e-06,1.1438778896882493e-06,2.9420022568579806e-09,1.1438778896882493e-06,2.9420022568579806e-09,1.2571582e-05,1.2571582e-05,1.1438778896882493e-06,True,False,False,0,False,,,-7.157350686781385,3.0,False,False,,,weekly,10.0,sigma,computed,/home/lkoo/projects/AutomationDetection/DownloadedLC/incremental/quiescent_background_cache.csv,,,,,,False,not_in_flare_streak
4FGL J2253.9+1609,490,491,58372.00001157408,5.11e-07,5.21e-08,5.38e-07,1.2815412128418547e-06,1.1438778896882493e-06,2.9420022568579806e-09,1.1438778896882493e-06,2.9420022568579806e-09,1.2571582e-05,1.2571582e-05,1.1438778896882493e-06,False,False,False,0,False,,,-12.128047499587165,3.0,False,False,,,weekly,10.0,sigma,computed,/home/lkoo/projects/AutomationDetection/DownloadedLC/incremental/quiescent_background_cache.csv,,,,,,False,not_in_flare_streak
4FGL J2253.9+1609,491,492,58379.00001157408,5.04e-07,4.24e-08,5.11e-07,1.2815412128418547e-06,1.1438778896882493e-06,2.9420022568579806e-09,1.1438778896882493e-06,2.9420022568579806e-09,1.2571582e-05,1.2571582e-05,1.1438778896882493e-06,False,False,False,0,False,,,-15.05526114390617,3.0,False,False,,,weekly,10.0,sigma,computed,/home/lkoo/projects/AutomationDetection/DownloadedLC/incremental/quiescent_background_cache.csv,,,,,,False,not_in_flare_streak
4FGL J2253.9+1609,492,493,58386.00001157408,4.85e-07,4.22e-08,5.04e-07,1.2815412128418547e-06,1.1438778896882493e-06,2.9420022568579806e-09,1.1438778896882493e-06,2.9420022568579806e-09,1.2571582e-05,1.2571582e-05,1.1438778896882493e-06,False,False,False,0,False,,,-15.575415590243503,3.0,False,False,,,weekly,10.0,sigma,computed,/home/lkoo/projects/AutomationDetection/DownloadedLC/incremental/quiescent_background_cache.csv,,,,,,False,not_in_flare_streak
4FGL J2253.9+1609,493,494,58393.00001157408,6.11e-07,5.5e-08,4.85e-07,1.2815412128418547e-06,1.1438778896882493e-06,2.9420022568579806e-09,1.1438778896882493e-06,2.9420022568579806e-09,1.2571582e-05,1.2571582e-05,1.1438778896882493e-06,True,False,False,0,False,,,-9.67485754357129,3.0,False,False,,,weekly,10.0,sigma,computed,/home/lkoo/projects/AutomationDetection/DownloadedLC/incremental/quiescent_background_cache.csv,,,,,,False,not_in_flare_streak
4FGL J2253.9+1609,494,495,58400.00001157408,2.22e-06,1.22e-07,6.11e-07,1.2815412128418547e-06,1.1438778896882493e-06,2.9420022568579806e-09,1.1438778896882493e-06,2.9420022568579806e-09,1.2571582e-05,1.2571582e-05,1.1438778896882493e-06,True,True,False,0,False,,,8.818109444529174,3.0,True,True,58400.00001157408,58400.00001157408,weekly,10.0,sigma,computed,/home/lkoo/projects/AutomationDetection/DownloadedLC/incremental/quiescent_background_cache.csv,,,,,,False,not_in_flare_streak
4FGL J2253.9+1609,495,496,58407.00001157408,5.05e-07,5.42e-08,2.22e-06,1.2815412128418547e-06,1.1438778896882493e-06,2.9420022568579806e-09,1.1438778896882493e-06,2.9420022568579806e-09,1.2571582e-05,1.2571582e-05,1.1438778896882493e-06,False,False,False,0,False,,,-11.770088169109211,3.0,False,False,,,weekly,10.0,sigma,computed,/home/lkoo/projects/AutomationDetection/DownloadedLC/incremental/quiescent_background_cache.csv,,,,,,False,not_in_flare_streak
4FGL J2253.9+1609,496,497,58414.00001157408,5.44e-07,7.12e-08,5.05e-07,1.2815412128418547e-06,1.1438778896882493e-06,2.9420022568579806e-09,1.1438778896882493e-06,2.9420022568579806e-09,1.2571582e-05,1.2571582e-05,1.1438778896882493e-06,True,False,False,0,False,,,-8.418067973100186,3.0,False,False,,,weekly,10.0,sigma,computed,/home/lkoo/projects/AutomationDetection/DownloadedLC/incremental/quiescent_background_cache.csv,,,,,,False,not_in_flare_streak
4FGL J2253.9+1609,497,498,58421.00001157408,3.15e-07,5.71e-08,5.44e-07,1.2815412128418547e-06,1.1438778896882493e-06,2.9420022568579806e-09,1.1438778896882493e-06,2.9420022568579806e-09,1.2571582e-05,1.2571582e-05,1.1438778896882493e-06,False,False,False,0,False,,,-14.497020464642022,3.0,False,False,,,weekly,10.0,sigma,computed,/home/lkoo/projects/AutomationDetection/DownloadedLC/incremental/quiescent_background_cache.csv,,,,,,False,not_in_flare_streak
4FGL J2253.9+1609,498,499,58428.00001157408,6.06e-07,6.79e-08,3.15e-07,1.2815412128418547e-06,1.1438778896882493e-06,2.9420022568579806e-09,1.1438778896882493e-06,2.9420022568579806e-09,1.2571582e-05,1.2571582e-05,1.1438778896882493e-06,True,False,False,0,False,,,-7.914193012443389,3.0,False,False,,,weekly,10.0,sigma,computed,/home/lkoo/projects/AutomationDetection/DownloadedLC/incremental/quiescent_background_cache.csv,,,,,,False,not_in_flare_streak
4FGL J2253.9+1609,499,500,58435.00001157408,4.16e-07,5.02e-08,6.06e-07,1.2815412128418547e-06,1.1438778896882493e-06,2.9420022568579806e-09,1.1438778896882493e-06,2.9420022568579806e-09,1.2571582e-05,1.2571582e-05,1.1438778896882493e-06,False,False,False,0,False,,,-14.47472328319993,3.0,False,False,,,weekly,10.0,sigma,computed,/home/lkoo/projects/AutomationDetection/DownloadedLC/incremental/quiescent_background_cache.csv,,,,,,False,not_in_flare_streak
4FGL J2253.9+1609,500,501,58442.00001157408,3.11e-07,3.71e-08,4.16e-07,1.2815412128418547e-06,1.1438778896882493e-06,2.9420022568579806e-09,1.1438778896882493e-06,2.9420022568579806e-09,1.2571582e-05,1.2571582e-05,1.1438778896882493e-06,False,False,False,0,False,,,-22.379284452732822,3.0,False,False,,,weekly,10.0,sigma,computed,/home/lkoo/projects/AutomationDetection/DownloadedLC/incremental/quiescent_background_cache.csv,,,,,,False,not_in_flare_streak
4FGL J2253.9+1609,501,502,58449.00001157408,3.47e-07,6.19e-08,3.11e-07,1.2815412128418547e-06,1.1438778896882493e-06,2.9420022568579806e-09,1.1438778896882493e-06,2.9420022568579806e-09,1.2571582e-05,1.2571582e-05,1.1438778896882493e-06,True,False,False,0,False,,,-12.859117318299445,3.0,False,False,,,weekly,10.0,sigma,computed,/home/lkoo/projects/AutomationDetection/DownloadedLC/incremental/quiescent_background_cache.csv,,,,,,False,not_in_flare_streak
4FGL J2253.9+1609,502,503,58456.00001157408,3.1e-07,6.57e-08,3.47e-07,1.2815412128418547e-06,1.1438778896882493e-06,2.9420022568579806e-09,1.1438778896882493e-06,2.9420022568579806e-09,1.2571582e-05,1.2571582e-05,1.1438778896882493e-06,False,False,False,0,False,,,-12.67949929400168,3.0,False,False,,,weekly,10.0,sigma,computed,/home/lkoo/projects/AutomationDetection/DownloadedLC/incremental/quiescent_background_cache.csv,,,,,,False,not_in_flare_streak
4FGL J2253.9+1609,503,504,58463.00001157408,2.34e-07,4.45e-08,3.1e-07,1.2815412128418547e-06,1.1438778896882493e-06,2.9420022568579806e-09,1.1438778896882493e-06,2.9420022568579806e-09,1.2571582e-05,1.2571582e-05,1.1438778896882493e-06,False,False,False,0,False,,,-20.402155376830788,3.0,False,False,,,weekly,10.0,sigma,computed,/home/lkoo/projects/AutomationDetection/DownloadedLC/incremental/quiescent_background_cache.csv,,,,,,False,not_in_flare_streak
4FGL J2253.9+1609,504,505,58470.00001157408,2.64e-07,3.88e-08,2.34e-07,1.2815412128418547e-06,1.1438778896882493e-06,2.9420022568579806e-09,1.1438778896882493e-06,2.9420022568579806e-09,1.2571582e-05,1.2571582e-05,1.1438778896882493e-06,True,False,False,0,False,,,-22.612354623733665,3.0,False,False,,,weekly,10.0,sigma,computed,/home/lkoo/projects/AutomationDetection/DownloadedLC/incremental/quiescent_background_cache.csv,,,,,,False,not_in_flare_streak
4FGL J2253.9+1609,505,506,58477.00001157408,3.39e-07,4.3e-08,2.64e-07,1.2815412128418547e-06,1.1438778896882493e-06,2.9420022568579806e-09,1.1438778896882493e-06,2.9420022568579806e-09,1.2571582e-05,1.2571582e-05,1.1438778896882493e-06,True,False,False,0,False,,,-18.674432927617264,3.0,False,False,,,weekly,10.0,sigma,computed,/home/lkoo/projects/AutomationDetection/DownloadedLC/incremental/quiescent_background_cache.csv,,,,,,False,not_in_flare_streak
4FGL J2253.9+1609,506,507,58484.00001157408,2.39e-07,3.57e-08,3.39e-07,1.2815412128418547e-06,1.1438778896882493e-06,2.9420022568579806e-09,1.1438778896882493e-06,2.9420022568579806e-09,1.2571582e-05,1.2571582e-05,1.1438778896882493e-06,False,False,False,0,False,,,-25.261087588678773,3.0,False,False,,,weekly,10.0,sigma,computed,/home/lkoo/projects/AutomationDetection/DownloadedLC/incremental/quiescent_background_cache.csv,,,,,,False,not_in_flare_streak
4FGL J2253.9+1609,507,508,58491.00001157408,3.53e-07,5.36e-08,2.39e-07,1.2815412128418547e-06,1.1438778896882493e-06,2.9420022568579806e-09,1.1438778896882493e-06,2.9420022568579806e-09,1.2571582e-05,1.2571582e-05,1.1438778896882493e-06,True,False,False,0,False,,,-14.733008105119241,3.0,False,False,,,weekly,10.0,sigma,computed,/home/lkoo/projects/AutomationDetection/DownloadedLC/incremental/quiescent_background_cache.csv,,,,,,False,not_in_flare_streak
4FGL J2253.9+1609,508,509,58498.00001157408,3.3e-07,5.52e-08,3.53e-07,1.2815412128418547e-06,1.1438778896882493e-06,2.9420022568579806e-09,1.1438778896882493e-06,2.9420022568579806e-09,1.2571582e-05,1.2571582e-05,1.1438778896882493e-06,False,False,False,0,False,,,-14.723268147200285,3.0,False,False,,,weekly,10.0,sigma,computed,/home/lkoo/projects/AutomationDetection/DownloadedLC/incremental/quiescent_background_cache.csv,,,,,,False,not_in_flare_streak
4FGL J2253.9+1609,509,510,58505.00001157408,3.74e-07,6.35e-08,3.3e-07,1.2815412128418547e-06,1.1438778896882493e-06,2.9420022568579806e-09,1.1438778896882493e-06,2.9420022568579806e-09,1.2571582e-05,1.2571582e-05,1.1438778896882493e-06,True,False,False,0,False,,,-12.111069787962228,3.0,False,False,,,weekly,10.0,sigma,computed,/home/lkoo/projects/AutomationDetection/DownloadedLC/incremental/quiescent_background_cache.csv,,,,,,False,not_in_flare_streak
4FGL J2253.9+1609,510,511,58512.00001157408,3.74e-07,5.73e-08,3.74e-07,1.2815412128418547e-06,1.1438778896882493e-06,2.9420022568579806e-09,1.1438778896882493e-06,2.9420022568579806e-09,1.2571582e-05,1.2571582e-05,1.1438778896882493e-06,False,False,False,0,False,,,-13.418239429748327,3.0,False,False,,,weekly,10.0,sigma,computed,/home/lkoo/projects/AutomationDetection/DownloadedLC/incremental/quiescent_background_cache.csv,,,,,,False,not_in_flare_streak
4FGL J2253.9+1609,511,512,58519.00001157408,6.44e-07,6.86e-08,3.74e-07,1.2815412128418547e-06,1.1438778896882493e-06,2.9420022568579806e-09,1.1438778896882493e-06,2.9420022568579806e-09,1.2571582e-05,1.2571582e-05,1.1438778896882493e-06,True,False,False,0,False,,,-7.280157810505363,3.0,False,False,,,weekly,10.0,sigma,computed,/home/lkoo/projects/AutomationDetection/DownloadedLC/incremental/quiescent_background_cache.csv,,,,,,False,not_in_flare_streak
4FGL J2253.9+1609,512,513,58526.00001157408,3.76e-07,4.62e-08,6.44e-07,1.2815412128418547e-06,1.1438778896882493e-06,2.9420022568579806e-09,1.1438778896882493e-06,2.9420022568579806e-09,1.2571582e-05,1.2571582e-05,1.1438778896882493e-06,False,False,False,0,False,,,-16.58713628306654,3.0,False,False,,,weekly,10.0,sigma,computed,/home/lkoo/projects/AutomationDetection/DownloadedLC/incremental/quiescent_background_cache.csv,,,,,,False,not_in_flare_streak
4FGL J2253.9+1609,513,514,58533.00001157408,5.57e-07,6.56e-08,3.76e-07,1.2815412128418547e-06,1.1438778896882493e-06,2.9420022568579806e-09,1.1438778896882493e-06,2.9420022568579806e-09,1.2571582e-05,1.2571582e-05,1.1438778896882493e-06,True,False,False,0,False,,,-8.937325956535673,3.0,False,False,,,weekly,10.0,sigma,computed,/home/lkoo/projects/AutomationDetection/DownloadedLC/incremental/quiescent_background_cache.csv,,,,,,False,not_in_flare_streak
4FGL J2253.9+1609,514,515,58540.00001157408,5.26e-07,6.17e-08,5.57e-07,1.2815412128418547e-06,1.1438778896882493e-06,2.9420022568579806e-09,1.1438778896882493e-06,2.9420022568579806e-09,1.2571582e-05,1.2571582e-05,1.1438778896882493e-06,False,False,False,0,False,,,-10.00286351660942,3.0,False,False,,,weekly,10.0,sigma,computed,/home/lkoo/projects/AutomationDetection/DownloadedLC/incremental/quiescent_background_cache.csv,,,,,,False,not_in_flare_streak
4FGL J2253.9+1609,515,516,58547.00001157408,6.7e-07,6.51e-08,5.26e-07,1.2815412128418547e-06,1.1438778896882493e-06,2.9420022568579806e-09,1.1438778896882493e-06,2.9420022568579806e-09,1.2571582e-05,1.2571582e-05,1.1438778896882493e-06,True,False,False,0,False,,,-7.27180836003504,3.0,False,False,,,weekly,10.0,sigma,computed,/home/lkoo/projects/AutomationDetection/DownloadedLC/incremental/quiescent_background_cache.csv,,,,,,False,not_in_flare_streak
4FGL J2253.9+1609,516,517,58554.00001157408,6.37e-07,6.78e-08,6.7e-07,1.2815412128418547e-06,1.1438778896882493e-06,2.9420022568579806e-09,1.1438778896882493e-06,2.9420022568579806e-09,1.2571582e-05,1.2571582e-05,1.1438778896882493e-06,False,False,False,0,False,,,-7.469046652431606,3.0,False,False,,,weekly,10.0,sigma,computed,/home/lkoo/projects/AutomationDetection/DownloadedLC/incremental/quiescent_background_cache.csv,,,,,,False,not_in_flare_streak
4FGL J2253.9+1609,517,518,58561.00001157408,6.86e-07,7.94e-08,6.37e-07,1.2815412128418547e-06,1.1438778896882493e-06,2.9420022568579806e-09,1.1438778896882493e-06,2.9420022568579806e-09,1.2571582e-05,1.2571582e-05,1.1438778896882493e-06,True,False,False,0,False,,,-5.7627694997191385,3.0,False,False,,,weekly,10.0,sigma,computed,/home/lkoo/projects/AutomationDetection/DownloadedLC/incremental/quiescent_background_cache.csv,,,,,,False,not_in_flare_streak
4FGL J2253.9+1609,518,519,58568.00001157408,9.97e-07,8.53e-08,6.86e-07,1.2815412128418547e-06,1.1438778896882493e-06,2.9420022568579806e-09,1.1438778896882493e-06,2.9420022568579806e-09,1.2571582e-05,1.2571582e-05,1.1438778896882493e-06,True,False,False,0,False,,,-1.7208746447932892,3.0,False,False,,,weekly,10.0,sigma,computed,/home/lkoo/projects/AutomationDetection/DownloadedLC/incremental/quiescent_background_cache.csv,,,,,,False,not_in_flare_streak
4FGL J2253.9+1609,519,520,58575.00001157408,1.23e-06,8.3e-08,9.97e-07,1.2815412128418547e-06,1.1438778896882493e-06,2.9420022568579806e-09,1.1438778896882493e-06,2.9420022568579806e-09,1.2571582e-05,1.2571582e-05,1.1438778896882493e-06,True,True,False,0,False,,,1.0369645673962125,3.0,False,False,,,weekly,10.0,sigma,computed,/home/lkoo/projects/AutomationDetection/DownloadedLC/incremental/quiescent_background_cache.csv,,,,,,False,not_in_flare_streak
4FGL J2253.9+1609,520,521,58582.00001157408,9.61e-07,8.26e-08,1.23e-06,1.2815412128418547e-06,1.1438778896882493e-06,2.9420022568579806e-09,1.1438778896882493e-06,2.9420022568579806e-09,1.2571582e-05,1.2571582e-05,1.1438778896882493e-06,False,False,False,0,False,,,-2.2126150142090126,3.0,False,False,,,weekly,10.0,sigma,computed,/home/lkoo/projects/AutomationDetection/DownloadedLC/incremental/quiescent_background_cache.csv,,,,,,False,not_in_flare_streak
4FGL J2253.9+1609,521,522,58589.00001157408,6.89e-07,8.09e-08,9.61e-07,1.2815412128418547e-06,1.1438778896882493e-06,2.9420022568579806e-09,1.1438778896882493e-06,2.9420022568579806e-09,1.2571582e-05,1.2571582e-05,1.1438778896882493e-06,False,False,False,0,False,,,-5.619003761988957,3.0,False,False,,,weekly,10.0,sigma,computed,/home/lkoo/projects/AutomationDetection/DownloadedLC/incremental/quiescent_background_cache.csv,,,,,,False,not_in_flare_streak
4FGL J2253.9+1609,522,523,58596.00001157408,8.48e-07,8.48e-08,6.89e-07,1.2815412128418547e-06,1.1438778896882493e-06,2.9420022568579806e-09,1.1438778896882493e-06,2.9420022568579806e-09,1.2571582e-05,1.2571582e-05,1.1438778896882493e-06,True,False,False,0,False,,,-3.487028136642214,3.0,False,False,,,weekly,10.0,sigma,computed,/home/lkoo/projects/AutomationDetection/DownloadedLC/incremental/quiescent_background_cache.csv,,,,,,False,not_in_flare_streak
4FGL J2253.9+1609,523,524,58603.00001157408,1.35e-06,8.11e-08,8.48e-07,1.2815412128418547e-06,1.1438778896882493e-06,2.9420022568579806e-09,1.1438778896882493e-06,2.9420022568579806e-09,1.2571582e-05,1.2571582e-05,1.1438778896882493e-06,True,True,False,0,False,,,2.539908992545899,3.0,False,False,,,weekly,10.0,sigma,computed,/home/lkoo/projects/AutomationDetection/DownloadedLC/incremental/quiescent_background_cache.csv,,,,,,False,not_in_flare_streak
4FGL J2253.9+1609,524,525,58610.00001157408,9.62e-07,7.24e-08,1.35e-06,1.2815412128418547e-06,1.1438778896882493e-06,2.9420022568579806e-09,1.1438778896882493e-06,2.9420022568579806e-09,1.2571582e-05,1.2571582e-05,1.1438778896882493e-06,False,False,False,0,False,,,-2.5100540584704047,3.0,False,False,,,weekly,10.0,sigma,computed,/home/lkoo/projects/AutomationDetection/DownloadedLC/incremental/quiescent_background_cache.csv,,,,,,False,not_in_flare_streak
4FGL J2253.9+1609,525,526,58617.00001157408,6.39e-07,6.37e-08,9.62e-07,1.2815412128418547e-06,1.1438778896882493e-06,2.9420022568579806e-09,1.1438778896882493e-06,2.9420022568579806e-09,1.2571582e-05,1.2571582e-05,1.1438778896882493e-06,False,False,False,0,False,,,-7.917429782661533,3.0,False,False,,,weekly,10.0,sigma,computed,/home/lkoo/projects/AutomationDetection/DownloadedLC/incremental/quiescent_background_cache.csv,,,,,,False,not_in_flare_streak
4FGL J2253.9+1609,526,527,58624.00001157408,7.08e-07,6.2e-08,6.39e-07,1.2815412128418547e-06,1.1438778896882493e-06,2.9420022568579806e-09,1.1438778896882493e-06,2.9420022568579806e-09,1.2571582e-05,1.2571582e-05,1.1438778896882493e-06,True,False,False,0,False,,,-7.02238697826877,3.0,False,False,,,weekly,10.0,sigma,computed,/home/lkoo/projects/AutomationDetection/DownloadedLC/incremental/quiescent_background_cache.csv,,,,,,False,not_in_flare_streak
4FGL J2253.9+1609,527,528,58631.00001157408,5.57e-07,5.19e-08,7.08e-07,1.2815412128418547e-06,1.1438778896882493e-06,2.9420022568579806e-09,1.1438778896882493e-06,2.9420022568579806e-09,1.2571582e-05,1.2571582e-05,1.1438778896882493e-06,False,False,False,0,False,,,-11.289735040717877,3.0,False,False,,,weekly,10.0,sigma,computed,/home/lkoo/projects/AutomationDetection/DownloadedLC/incremental/quiescent_background_cache.csv,,,,,,False,not_in_flare_streak
4FGL J2253.9+1609,528,529,58638.00001157408,5.54e-07,4.98e-08,5.57e-07,1.2815412128418547e-06,1.1438778896882493e-06,2.9420022568579806e-09,1.1438778896882493e-06,2.9420022568579806e-09,1.2571582e-05,1.2571582e-05,1.1438778896882493e-06,False,False,False,0,False,,,-11.824321983743435,3.0,False,False,,,weekly,10.0,sigma,computed,/home/lkoo/projects/AutomationDetection/DownloadedLC/incremental/quiescent_background_cache.csv,,,,,,False,not_in_flare_streak
4FGL J2253.9+1609,529,530,58645.00001157408,5.97e-07,5.48e-08,5.54e-07,1.2815412128418547e-06,1.1438778896882493e-06,2.9420022568579806e-09,1.1438778896882493e-06,2.9420022568579806e-09,1.2571582e-05,1.2571582e-05,1.1438778896882493e-06,True,False,False,0,False,,,-9.965173030898978,3.0,False,False,,,weekly,10.0,sigma,computed,/home/lkoo/projects/AutomationDetection/DownloadedLC/incremental/quiescent_background_cache.csv,,,,,,False,not_in_flare_streak
4FGL J2253.9+1609,530,531,58652.00001157408,7.71e-07,6.73e-08,5.97e-07,1.2815412128418547e-06,1.1438778896882493e-06,2.9420022568579806e-09,1.1438778896882493e-06,2.9420022568579806e-09,1.2571582e-05,1.2571582e-05,1.1438778896882493e-06,True,False,False,0,False,,,-5.535246933650905,3.0,False,False,,,weekly,10.0,sigma,computed,/home/lkoo/projects/AutomationDetection/DownloadedLC/incremental/quiescent_background_cache.csv,,,,,,False,not_in_flare_streak
4FGL J2253.9+1609,531,532,58659.00001157408,5.85e-07,6.3e-08,7.71e-07,1.2815412128418547e-06,1.1438778896882493e-06,2.9420022568579806e-09,1.1438778896882493e-06,2.9420022568579806e-09,1.2571582e-05,1.2571582e-05,1.1438778896882493e-06,False,False,False,0,False,,,-8.861420626309414,3.0,False,False,,,weekly,10.0,sigma,computed,/home/lkoo/projects/AutomationDetection/DownloadedLC/incremental/quiescent_background_cache.csv,,,,,,False,not_in_flare_streak
4FGL J2253.9+1609,532,533,58666.00001157408,6.74e-07,6.56e-08,5.85e-07,1.2815412128418547e-06,1.1438778896882493e-06,2.9420022568579806e-09,1.1438778896882493e-06,2.9420022568579806e-09,1.2571582e-05,1.2571582e-05,1.1438778896882493e-06,True,False,False,0,False,,,-7.155580289698344,3.0,False,False,,,weekly,10.0,sigma,computed,/home/lkoo/projects/AutomationDetection/DownloadedLC/incremental/quiescent_background_cache.csv,,,,,,False,not_in_flare_streak
4FGL J2253.9+1609,533,534,58673.00001157408,5.95e-07,6.41e-08,6.74e-07,1.2815412128418547e-06,1.1438778896882493e-06,2.9420022568579806e-09,1.1438778896882493e-06,2.9420022568579806e-09,1.2571582e-05,1.2571582e-05,1.1438778896882493e-06,False,False,False,0,False,,,-8.5538328320106,3.0,False,False,,,weekly,10.0,sigma,computed,/home/lkoo/projects/AutomationDetection/DownloadedLC/incremental/quiescent_background_cache.csv,,,,,,False,not_in_flare_streak
4FGL J2253.9+1609,534,535,58680.00001157408,4.73e-07,5.99e-08,5.95e-07,1.2815412128418547e-06,1.1438778896882493e-06,2.9420022568579806e-09,1.1438778896882493e-06,2.9420022568579806e-09,1.2571582e-05,1.2571582e-05,1.1438778896882493e-06,False,False,False,0,False,,,-11.18648029113308,3.0,False,False,,,weekly,10.0,sigma,computed,/home/lkoo/projects/AutomationDetection/DownloadedLC/incremental/quiescent_background_cache.csv,,,,,,False,not_in_flare_streak
4FGL J2253.9+1609,535,536,58687.00001157408,4.92e-07,5.01e-08,4.73e-07,1.2815412128418547e-06,1.1438778896882493e-06,2.9420022568579806e-09,1.1438778896882493e-06,2.9420022568579806e-09,1.2571582e-05,1.2571582e-05,1.1438778896882493e-06,True,False,False,0,False,,,-12.989158456333595,3.0,False,False,,,weekly,10.0,sigma,computed,/home/lkoo/projects/AutomationDetection/DownloadedLC/incremental/quiescent_background_cache.csv,,,,,,False,not_in_flare_streak
4FGL J2253.9+1609,536,537,58694.00001157408,3.63e-07,6.38e-08,4.92e-07,1.2815412128418547e-06,1.1438778896882493e-06,2.9420022568579806e-09,1.1438778896882493e-06,2.9420022568579806e-09,1.2571582e-05,1.2571582e-05,1.1438778896882493e-06,False,False,False,0,False,,,-12.22647308197112,3.0,False,False,,,weekly,10.0,sigma,computed,/home/lkoo/projects/AutomationDetection/DownloadedLC/incremental/quiescent_background_cache.csv,,,,,,False,not_in_flare_streak
4FGL J2253.9+1609,537,538,58701.00001157408,5.94e-07,6.81e-08,3.63e-07,1.2815412128418547e-06,1.1438778896882493e-06,2.9420022568579806e-09,1.1438778896882493e-06,2.9420022568579806e-09,1.2571582e-05,1.2571582e-05,1.1438778896882493e-06,True,False,False,0,False,,,-8.067040764790294,3.0,False,False,,,weekly,10.0,sigma,computed,/home/lkoo/projects/AutomationDetection/DownloadedLC/incremental/quiescent_background_cache.csv,,,,,,False,not_in_flare_streak
4FGL J2253.9+1609,538,539,58708.00001157408,3.57e-07,5.63e-08,5.94e-07,1.2815412128418547e-06,1.1438778896882493e-06,2.9420022568579806e-09,1.1438778896882493e-06,2.9420022568579806e-09,1.2571582e-05,1.2571582e-05,1.1438778896882493e-06,False,False,False,0,False,,,-13.957473056113633,3.0,False,False,,,weekly,10.0,sigma,computed,/home/lkoo/projects/AutomationDetection/DownloadedLC/incremental/quiescent_background_cache.csv,,,,,,False,not_in_flare_streak
4FGL J2253.9+1609,539,540,58715.00001157408,2.59e-07,5.72e-08,3.57e-07,1.2815412128418547e-06,1.1438778896882493e-06,2.9420022568579806e-09,1.1438778896882493e-06,2.9420022568579806e-09,1.2571582e-05,1.2571582e-05,1.1438778896882493e-06,False,False,False,0,False,,,-15.449471535216247,3.0,False,False,,,weekly,10.0,sigma,computed,/home/lkoo/projects/AutomationDetection/DownloadedLC/incremental/quiescent_background_cache.csv,,,,,,False,not_in_flare_streak
4FGL J2253.9+1609,540,541,58722.00001157408,2.87e-07,6.3e-08,2.59e-07,1.2815412128418547e-06,1.1438778896882493e-06,2.9420022568579806e-09,1.1438778896882493e-06,2.9420022568579806e-09,1.2571582e-05,1.2571582e-05,1.1438778896882493e-06,True,False,False,0,False,,,-13.586430141560108,3.0,False,False,,,weekly,10.0,sigma,computed,/home/lkoo/projects/AutomationDetection/DownloadedLC/incremental/quiescent_background_cache.csv,,,,,,False,not_in_flare_streak
4FGL J2253.9+1609,541,542,58729.00001157408,3.03e-07,6.95e-08,2.87e-07,1.2815412128418547e-06,1.1438778896882493e-06,2.9420022568579806e-09,1.1438778896882493e-06,2.9420022568579806e-09,1.2571582e-05,1.2571582e-05,1.1438778896882493e-06,True,False,False,0,False,,,-12.088136857341839,3.0,False,False,,,weekly,10.0,sigma,computed,/home/lkoo/projects/AutomationDetection/DownloadedLC/incremental/quiescent_background_cache.csv,,,,,,False,not_in_flare_streak
4FGL J2253.9+1609,542,543,58736.00001157408,3.08e-07,6.01e-08,3.03e-07,1.2815412128418547e-06,1.1438778896882493e-06,2.9420022568579806e-09,1.1438778896882493e-06,2.9420022568579806e-09,1.2571582e-05,1.2571582e-05,1.1438778896882493e-06,True,False,False,0,False,,,-13.891484000470472,3.0,False,False,,,weekly,10.0,sigma,computed,/home/lkoo/projects/AutomationDetection/DownloadedLC/incremental/quiescent_background_cache.csv,,,,,,False,not_in_flare_streak
4FGL J2253.9+1609,543,544,58743.00001157408,2.61e-07,5.33e-08,3.08e-07,1.2815412128418547e-06,1.1438778896882493e-06,2.9420022568579806e-09,1.1438778896882493e-06,2.9420022568579806e-09,1.2571582e-05,1.2571582e-05,1.1438778896882493e-06,False,False,False,0,False,,,-16.539137284099027,3.0,False,False,,,weekly,10.0,sigma,computed,/home/lkoo/projects/AutomationDetection/DownloadedLC/incremental/quiescent_background_cache.csv,,,,,,False,not_in_flare_streak
4FGL J2253.9+1609,544,545,58750.00001157408,3.58e-07,1.22e-07,2.61e-07,1.2815412128418547e-06,1.1438778896882493e-06,2.9420022568579806e-09,1.1438778896882493e-06,2.9420022568579806e-09,1.2571582e-05,1.2571582e-05,1.1438778896882493e-06,True,False,False,0,False,,,-6.439749889814095,3.0,False,False,,,weekly,10.0,sigma,computed,/home/lkoo/projects/AutomationDetection/DownloadedLC/incremental/quiescent_background_cache.csv,,,,,,False,not_in_flare_streak
4FGL J2253.9+1609,545,546,58757.00001157408,2.82e-07,6.48e-08,3.58e-07,1.2815412128418547e-06,1.1438778896882493e-06,2.9420022568579806e-09,1.1438778896882493e-06,2.9420022568579806e-09,1.2571582e-05,1.2571582e-05,1.1438778896882493e-06,False,False,False,0,False,,,-13.286897790044838,3.0,False,False,,,weekly,10.0,sigma,computed,/home/lkoo/projects/AutomationDetection/DownloadedLC/incremental/quiescent_background_cache.csv,,,,,,False,not_in_flare_streak
4FGL J2253.9+1609,546,547,58764.00001157408,1.66e-07,4.48e-08,2.82e-07,1.2815412128418547e-06,1.1438778896882493e-06,2.9420022568579806e-09,1.1438778896882493e-06,2.9420022568579806e-09,1.2571582e-05,1.2571582e-05,1.1438778896882493e-06,False,False,False,0,False,,,-21.780717226079943,3.0,False,False,,,weekly,10.0,sigma,computed,/home/lkoo/projects/AutomationDetection/DownloadedLC/incremental/quiescent_background_cache.csv,,,,,,False,not_in_flare_streak
4FGL J2253.9+1609,547,548,58771.00001157408,2.25e-07,5.61e-08,1.66e-07,1.2815412128418547e-06,1.1438778896882493e-06,2.9420022568579806e-09,1.1438778896882493e-06,2.9420022568579806e-09,1.2571582e-05,1.2571582e-05,1.1438778896882493e-06,True,False,False,0,False,,,-16.356808423961812,3.0,False,False,,,weekly,10.0,sigma,computed,/home/lkoo/projects/AutomationDetection/DownloadedLC/incremental/quiescent_background_cache.csv,,,,,,False,not_in_flare_streak
4FGL J2253.9+1609,548,549,58778.00001157408,2.04e-07,4.91e-08,2.25e-07,1.2815412128418547e-06,1.1438778896882493e-06,2.9420022568579806e-09,1.1438778896882493e-06,2.9420022568579806e-09,1.2571582e-05,1.2571582e-05,1.1438778896882493e-06,False,False,False,0,False,,,-19.107845771900603,3.0,False,False,,,weekly,10.0,sigma,computed,/home/lkoo/projects/AutomationDetection/DownloadedLC/incremental/quiescent_background_cache.csv,,,,,,False,not_in_flare_streak
4FGL J2253.9+1609,549,550,58785.00001157408,1.34e-07,4.58e-08,2.04e-07,1.2815412128418547e-06,1.1438778896882493e-06,2.9420022568579806e-09,1.1438778896882493e-06,2.9420022568579806e-09,1.2571582e-05,1.2571582e-05,1.1438778896882493e-06,False,False,False,0,False,,,-22.004384572229025,3.0,False,False,,,weekly,10.0,sigma,computed,/home/lkoo/projects/AutomationDetection/DownloadedLC/incremental/quiescent_background_cache.csv,,,,,,False,not_in_flare_streak
4FGL J2253.9+1609,550,551,58792.00001157408,1.96e-07,5.22e-08,1.34e-07,1.2815412128418547e-06,1.1438778896882493e-06,2.9420022568579806e-09,1.1438778896882493e-06,2.9420022568579806e-09,1.2571582e-05,1.2571582e-05,1.1438778896882493e-06,True,False,False,0,False,,,-18.129808679602753,3.0,False,False,,,weekly,10.0,sigma,computed,/home/lkoo/projects/AutomationDetection/DownloadedLC/incremental/quiescent_background_cache.csv,,,,,,False,not_in_flare_streak
4FGL J2253.9+1609,551,552,58799.00001157408,2.71e-07,4.7e-08,1.96e-07,1.2815412128418547e-06,1.1438778896882493e-06,2.9420022568579806e-09,1.1438778896882493e-06,2.9420022568579806e-09,1.2571582e-05,1.2571582e-05,1.1438778896882493e-06,True,False,False,0,False,,,-18.535592108149693,3.0,False,False,,,weekly,10.0,sigma,computed,/home/lkoo/projects/AutomationDetection/DownloadedLC/incremental/quiescent_background_cache.csv,,,,,,False,not_in_flare_streak
4FGL J2253.9+1609,552,553,58806.00001157408,2.56e-07,4.84e-08,2.71e-07,1.2815412128418547e-06,1.1438778896882493e-06,2.9420022568579806e-09,1.1438778896882493e-06,2.9420022568579806e-09,1.2571582e-05,1.2571582e-05,1.1438778896882493e-06,False,False,False,0,False,,,-18.310787998873153,3.0,False,False,,,weekly,10.0,sigma,computed,/home/lkoo/projects/AutomationDetection/DownloadedLC/incremental/quiescent_background_cache.csv,,,,,,False,not_in_flare_streak
4FGL J2253.9+1609,553,554,58813.00001157408,2.12e-07,4.73e-08,2.56e-07,1.2815412128418547e-06,1.1438778896882493e-06,2.9420022568579806e-09,1.1438778896882493e-06,2.9420022568579806e-09,1.2571582e-05,1.2571582e-05,1.1438778896882493e-06,False,False,False,0,False,,,-19.663436165086402,3.0,False,False,,,weekly,10.0,sigma,computed,/home/lkoo/projects/AutomationDetection/DownloadedLC/incremental/quiescent_background_cache.csv,,,,,,False,not_in_flare_streak
4FGL J2253.9+1609,554,555,58820.00001157408,2.47e-07,5.51e-08,2.12e-07,1.2815412128418547e-06,1.1438778896882493e-06,2.9420022568579806e-09,1.1438778896882493e-06,2.9420022568579806e-09,1.2571582e-05,1.2571582e-05,1.1438778896882493e-06,True,False,False,0,False,,,-16.25412268192792,3.0,False,False,,,weekly,10.0,sigma,computed,/home/lkoo/projects/AutomationDetection/DownloadedLC/incremental/quiescent_background_cache.csv,,,,,,False,not_in_flare_streak
4FGL J2253.9+1609,555,556,58827.00001157408,2.54e-07,6e-08,2.47e-07,1.2815412128418547e-06,1.1438778896882493e-06,2.9420022568579806e-09,1.1438778896882493e-06,2.9420022568579806e-09,1.2571582e-05,1.2571582e-05,1.1438778896882493e-06,True,False,False,0,False,,,-14.813501013439836,3.0,False,False,,,weekly,10.0,sigma,computed,/home/lkoo/projects/AutomationDetection/DownloadedLC/incremental/quiescent_background_cache.csv,,,,,,False,not_in_flare_streak
4FGL J2253.9+1609,556,557,58834.00001157408,1.87e-07,3.8e-08,2.54e-07,1.2815412128418547e-06,1.1438778896882493e-06,2.9420022568579806e-09,1.1438778896882493e-06,2.9420022568579806e-09,1.2571582e-05,1.2571582e-05,1.1438778896882493e-06,False,False,False,0,False,,,-25.105866870179845,3.0,False,False,,,weekly,10.0,sigma,computed,/home/lkoo/projects/AutomationDetection/DownloadedLC/incremental/quiescent_background_cache.csv,,,,,,False,not_in_flare_streak
4FGL J2253.9+1609,557,558,58841.00001157408,2.02e-07,3.66e-08,1.87e-07,1.2815412128418547e-06,1.1438778896882493e-06,2.9420022568579806e-09,1.1438778896882493e-06,2.9420022568579806e-09,1.2571582e-05,1.2571582e-05,1.1438778896882493e-06,True,False,False,0,False,,,-25.651629819595446,3.0,False,False,,,weekly,10.0,sigma,computed,/home/lkoo/projects/AutomationDetection/DownloadedLC/incremental/quiescent_background_cache.csv,,,,,,False,not_in_flare_streak
4FGL J2253.9+1609,558,559,58848.00001157408,1.86e-07,3.44e-08,2.02e-07,1.2815412128418547e-06,1.1438778896882493e-06,2.9420022568579806e-09,1.1438778896882493e-06,2.9420022568579806e-09,1.2571582e-05,1.2571582e-05,1.1438778896882493e-06,False,False,False,0,False,,,-27.74400919673365,3.0,False,False,,,weekly,10.0,sigma,computed,/home/lkoo/projects/AutomationDetection/DownloadedLC/incremental/quiescent_background_cache.csv,,,,,,False,not_in_flare_streak
4FGL J2253.9+1609,559,560,58855.00001157408,2.05e-07,4.4e-08,1.86e-07,1.2815412128418547e-06,1.1438778896882493e-06,2.9420022568579806e-09,1.1438778896882493e-06,2.9420022568579806e-09,1.2571582e-05,1.2571582e-05,1.1438778896882493e-06,True,False,False,0,False,,,-21.290594439964742,3.0,False,False,,,weekly,10.0,sigma,computed,/home/lkoo/projects/AutomationDetection/DownloadedLC/incremental/quiescent_background_cache.csv,,,,,,False,not_in_flare_streak
4FGL J2253.9+1609,560,561,58862.00001157408,2.63e-07,4.98e-08,2.05e-07,1.2815412128418547e-06,1.1438778896882493e-06,2.9420022568579806e-09,1.1438778896882493e-06,2.9420022568579806e-09,1.2571582e-05,1.2571582e-05,1.1438778896882493e-06,True,False,False,0,False,,,-17.657525359255345,3.0,False,False,,,weekly,10.0,sigma,computed,/home/lkoo/projects/AutomationDetection/DownloadedLC/incremental/quiescent_background_cache.csv,,,,,,False,not_in_flare_streak
4FGL J2253.9+1609,561,562,58869.00001157408,2.18e-07,4.88e-08,2.63e-07,1.2815412128418547e-06,1.1438778896882493e-06,2.9420022568579806e-09,1.1438778896882493e-06,2.9420022568579806e-09,1.2571582e-05,1.2571582e-05,1.1438778896882493e-06,False,False,False,0,False,,,-18.938522626544152,3.0,False,False,,,weekly,10.0,sigma,computed,/home/lkoo/projects/AutomationDetection/DownloadedLC/incremental/quiescent_background_cache.csv,,,,,,False,not_in_flare_streak
4FGL J2253.9+1609,562,563,58876.00001157408,1.69e-07,5.15e-08,2.18e-07,1.2815412128418547e-06,1.1438778896882493e-06,2.9420022568579806e-09,1.1438778896882493e-06,2.9420022568579806e-09,1.2571582e-05,1.2571582e-05,1.1438778896882493e-06,False,False,False,0,False,,,-18.89885552837761,3.0,False,False,,,weekly,10.0,sigma,computed,/home/lkoo/projects/AutomationDetection/DownloadedLC/incremental/quiescent_background_cache.csv,,,,,,False,not_in_flare_streak
4FGL J2253.9+1609,563,564,58883.00001157408,1.36e-07,4.35e-08,1.69e-07,1.2815412128418547e-06,1.1438778896882493e-06,2.9420022568579806e-09,1.1438778896882493e-06,2.9420022568579806e-09,1.2571582e-05,1.2571582e-05,1.1438778896882493e-06,False,False,False,0,False,,,-23.1167974844966,3.0,False,False,,,weekly,10.0,sigma,computed,/home/lkoo/projects/AutomationDetection/DownloadedLC/incremental/quiescent_background_cache.csv,,,,,,False,not_in_flare_streak
4FGL J2253.9+1609,564,565,58890.00001157408,1.1e-07,4.36e-08,1.36e-07,1.2815412128418547e-06,1.1438778896882493e-06,2.9420022568579806e-09,1.1438778896882493e-06,2.9420022568579806e-09,1.2571582e-05,1.2571582e-05,1.1438778896882493e-06,False,False,False,0,False,,,-23.658995196756976,3.0,False,False,,,weekly,10.0,sigma,computed,/home/lkoo/projects/AutomationDetection/DownloadedLC/incremental/quiescent_background_cache.csv,,,,,,False,not_in_flare_streak
4FGL J2253.9+1609,565,566,58897.00001157408,1.86e-07,4.76e-08,1.1e-07,1.2815412128418547e-06,1.1438778896882493e-06,2.9420022568579806e-09,1.1438778896882493e-06,2.9420022568579806e-09,1.2571582e-05,1.2571582e-05,1.1438778896882493e-06,True,False,False,0,False,,,-20.08515822169852,3.0,False,False,,,weekly,10.0,sigma,computed,/home/lkoo/projects/AutomationDetection/DownloadedLC/incremental/quiescent_background_cache.csv,,,,,,False,not_in_flare_streak
4FGL J2253.9+1609,566,567,58904.00001157408,1.92e-07,4.86e-08,1.86e-07,1.2815412128418547e-06,1.1438778896882493e-06,2.9420022568579806e-09,1.1438778896882493e-06,2.9420022568579806e-09,1.2571582e-05,1.2571582e-05,1.1438778896882493e-06,True,False,False,0,False,,,-19.550176857060116,3.0,False,False,,,weekly,10.0,sigma,computed,/home/lkoo/projects/AutomationDetection/DownloadedLC/incremental/quiescent_background_cache.csv,,,,,,False,not_in_flare_streak
4FGL J2253.9+1609,567,568,58911.00001157408,2.38e-07,5.49e-08,1.92e-07,1.2815412128418547e-06,1.1438778896882493e-06,2.9420022568579806e-09,1.1438778896882493e-06,2.9420022568579806e-09,1.2571582e-05,1.2571582e-05,1.1438778896882493e-06,True,False,False,0,False,,,-16.47686653844428,3.0,False,False,,,weekly,10.0,sigma,computed,/home/lkoo/projects/AutomationDetection/DownloadedLC/incremental/quiescent_background_cache.csv,,,,,,False,not_in_flare_streak
4FGL J2253.9+1609,568,569,58918.00001157408,2.92e-07,4.93e-08,2.38e-07,1.2815412128418547e-06,1.1438778896882493e-06,2.9420022568579806e-09,1.1438778896882493e-06,2.9420022568579806e-09,1.2571582e-05,1.2571582e-05,1.1438778896882493e-06,True,False,False,0,False,,,-17.248784784759074,3.0,False,False,,,weekly,10.0,sigma,computed,/home/lkoo/projects/AutomationDetection/DownloadedLC/incremental/quiescent_background_cache.csv,,,,,,False,not_in_flare_streak
4FGL J2253.9+1609,569,570,58925.00001157408,1.85e-07,5.34e-08,2.92e-07,1.2815412128418547e-06,1.1438778896882493e-06,2.9420022568579806e-09,1.1438778896882493e-06,2.9420022568579806e-09,1.2571582e-05,1.2571582e-05,1.1438778896882493e-06,False,False,False,0,False,,,-17.92932484819158,3.0,False,False,,,weekly,10.0,sigma,computed,/home/lkoo/projects/AutomationDetection/DownloadedLC/incremental/quiescent_background_cache.csv,,,,,,False,not_in_flare_streak
4FGL J2253.9+1609,570,571,58932.00001157408,2.37e-07,6.61e-08,1.85e-07,1.2815412128418547e-06,1.1438778896882493e-06,2.9420022568579806e-09,1.1438778896882493e-06,2.9420022568579806e-09,1.2571582e-05,1.2571582e-05,1.1438778896882493e-06,True,False,False,0,False,,,-13.706217282936267,3.0,False,False,,,weekly,10.0,sigma,computed,/home/lkoo/projects/AutomationDetection/DownloadedLC/incremental/quiescent_background_cache.csv,,,,,,False,not_in_flare_streak
4FGL J2253.9+1609,571,572,58939.00001157408,1.76e-07,5.77e-08,2.37e-07,1.2815412128418547e-06,1.1438778896882493e-06,2.9420022568579806e-09,1.1438778896882493e-06,2.9420022568579806e-09,1.2571582e-05,1.2571582e-05,1.1438778896882493e-06,False,False,False,0,False,,,-16.752551285299635,3.0,False,False,,,weekly,10.0,sigma,computed,/home/lkoo/projects/AutomationDetection/DownloadedLC/incremental/quiescent_background_cache.csv,,,,,,False,not_in_flare_streak
4FGL J2253.9+1609,572,573,58946.00001157408,1.11e-07,3.97e-08,1.76e-07,1.2815412128418547e-06,1.1438778896882493e-06,2.9420022568579806e-09,1.1438778896882493e-06,2.9420022568579806e-09,1.2571582e-05,1.2571582e-05,1.1438778896882493e-06,False,False,False,0,False,,,-25.9459295178793,3.0,False,False,,,weekly,10.0,sigma,computed,/home/lkoo/projects/AutomationDetection/DownloadedLC/incremental/quiescent_background_cache.csv,,,,,,False,not_in_flare_streak
4FGL J2253.9+1609,573,574,58953.00001157408,1.2e-07,4.4e-08,1.11e-07,1.2815412128418547e-06,1.1438778896882493e-06,2.9420022568579806e-09,1.1438778896882493e-06,2.9420022568579806e-09,1.2571582e-05,1.2571582e-05,1.1438778896882493e-06,True,False,False,0,False,,,-23.218108707020182,3.0,False,False,,,weekly,10.0,sigma,computed,/home/lkoo/projects/AutomationDetection/DownloadedLC/incremental/quiescent_background_cache.csv,,,,,,False,not_in_flare_streak
4FGL J2253.9+1609,574,575,58960.00001157408,1.29e-07,4.97e-08,1.2e-07,1.2815412128418547e-06,1.1438778896882493e-06,2.9420022568579806e-09,1.1438778896882493e-06,2.9420022568579806e-09,1.2571582e-05,1.2571582e-05,1.1438778896882493e-06,True,False,False,0,False,,,-20.384395283775525,3.0,False,False,,,weekly,10.0,sigma,computed,/home/lkoo/projects/AutomationDetection/DownloadedLC/incremental/quiescent_background_cache.csv,,,,,,False,not_in_flare_streak
4FGL J2253.9+1609,575,576,58967.00001157408,1.58e-07,5.28e-08,1.29e-07,1.2815412128418547e-06,1.1438778896882493e-06,2.9420022568579806e-09,1.1438778896882493e-06,2.9420022568579806e-09,1.2571582e-05,1.2571582e-05,1.1438778896882493e-06,True,False,False,0,False,,,-18.64301177640032,3.0,False,False,,,weekly,10.0,sigma,computed,/home/lkoo/projects/AutomationDetection/DownloadedLC/incremental/quiescent_background_cache.csv,,,,,,False,not_in_flare_streak
4FGL J2253.9+1609,576,577,58974.00001157408,1.18e-07,3.98e-08,1.58e-07,1.2815412128418547e-06,1.1438778896882493e-06,2.9420022568579806e-09,1.1438778896882493e-06,2.9420022568579806e-09,1.2571582e-05,1.2571582e-05,1.1438778896882493e-06,False,False,False,0,False,,,-25.70569261350165,3.0,False,False,,,weekly,10.0,sigma,computed,/home/lkoo/projects/AutomationDetection/DownloadedLC/incremental/quiescent_background_cache.csv,,,,,,False,not_in_flare_streak
4FGL J2253.9+1609,577,578,58981.00001157408,1.48e-07,4.31e-08,1.18e-07,1.2815412128418547e-06,1.1438778896882493e-06,2.9420022568579806e-09,1.1438778896882493e-06,2.9420022568579806e-09,1.2571582e-05,1.2571582e-05,1.1438778896882493e-06,True,False,False,0,False,,,-23.052572193150134,3.0,False,False,,,weekly,10.0,sigma,computed,/home/lkoo/projects/AutomationDetection/DownloadedLC/incremental/quiescent_background_cache.csv,,,,,,False,not_in_flare_streak
4FGL J2253.9+1609,578,579,58988.00001157408,1.27e-07,3.89e-08,1.48e-07,1.2815412128418547e-06,1.1438778896882493e-06,2.9420022568579806e-09,1.1438778896882493e-06,2.9420022568579806e-09,1.2571582e-05,1.2571582e-05,1.1438778896882493e-06,False,False,False,0,False,,,-26.066377827793154,3.0,False,False,,,weekly,10.0,sigma,computed,/home/lkoo/projects/AutomationDetection/DownloadedLC/incremental/quiescent_background_cache.csv,,,,,,False,not_in_flare_streak
4FGL J2253.9+1609,579,580,58995.00001157408,1.46e-07,3.6e-08,1.27e-07,1.2815412128418547e-06,1.1438778896882493e-06,2.9420022568579806e-09,1.1438778896882493e-06,2.9420022568579806e-09,1.2571582e-05,1.2571582e-05,1.1438778896882493e-06,True,False,False,0,False,,,-27.62673078481569,3.0,False,False,,,weekly,10.0,sigma,computed,/home/lkoo/projects/AutomationDetection/DownloadedLC/incremental/quiescent_background_cache.csv,,,,,,False,not_in_flare_streak
4FGL J2253.9+1609,580,581,59002.00001157408,1.55e-07,3.92e-08,1.46e-07,1.2815412128418547e-06,1.1438778896882493e-06,2.9420022568579806e-09,1.1438778896882493e-06,2.9420022568579806e-09,1.2571582e-05,1.2571582e-05,1.1438778896882493e-06,True,False,False,0,False,,,-25.15572937249854,3.0,False,False,,,weekly,10.0,sigma,computed,/home/lkoo/projects/AutomationDetection/DownloadedLC/incremental/quiescent_background_cache.csv,,,,,,False,not_in_flare_streak
4FGL J2253.9+1609,581,582,59009.00001157408,9.64e-08,2.72e-08,1.55e-07,1.2815412128418547e-06,1.1438778896882493e-06,2.9420022568579806e-09,1.1438778896882493e-06,2.9420022568579806e-09,1.2571582e-05,1.2571582e-05,1.1438778896882493e-06,False,False,False,0,False,,,-38.28690876086856,3.0,False,False,,,weekly,10.0,sigma,computed,/home/lkoo/projects/AutomationDetection/DownloadedLC/incremental/quiescent_background_cache.csv,,,,,,False,not_in_flare_streak
4FGL J2253.9+1609,582,583,59016.00001157408,1.36e-07,4.18e-08,9.64e-08,1.2815412128418547e-06,1.1438778896882493e-06,2.9420022568579806e-09,1.1438778896882493e-06,2.9420022568579806e-09,1.2571582e-05,1.2571582e-05,1.1438778896882493e-06,True,False,False,0,False,,,-24.052410109145185,3.0,False,False,,,weekly,10.0,sigma,computed,/home/lkoo/projects/AutomationDetection/DownloadedLC/incremental/quiescent_background_cache.csv,,,,,,False,not_in_flare_streak
4FGL J2253.9+1609,583,584,59023.00001157408,1.47e-07,4.2e-08,1.36e-07,1.2815412128418547e-06,1.1438778896882493e-06,2.9420022568579806e-09,1.1438778896882493e-06,2.9420022568579806e-09,1.2571582e-05,1.2571582e-05,1.1438778896882493e-06,True,False,False,0,False,,,-23.677170821948653,3.0,False,False,,,weekly,10.0,sigma,computed,/home/lkoo/projects/AutomationDetection/DownloadedLC/incremental/quiescent_background_cache.csv,,,,,,False,not_in_flare_streak
4FGL J2253.9+1609,584,585,59030.00001157408,1.13e-07,3.88e-08,1.47e-07,1.2815412128418547e-06,1.1438778896882493e-06,2.9420022568579806e-09,1.1438778896882493e-06,2.9420022568579806e-09,1.2571582e-05,1.2571582e-05,1.1438778896882493e-06,False,False,False,0,False,,,-26.492967590827956,3.0,False,False,,,weekly,10.0,sigma,computed,/home/lkoo/projects/AutomationDetection/DownloadedLC/incremental/quiescent_background_cache.csv,,,,,,False,not_in_flare_streak
4FGL J2253.9+1609,585,586,59037.00001157408,1.99e-07,5.06e-08,1.13e-07,1.2815412128418547e-06,1.1438778896882493e-06,2.9420022568579806e-09,1.1438778896882493e-06,2.9420022568579806e-09,1.2571582e-05,1.2571582e-05,1.1438778896882493e-06,True,False,False,0,False,,,-18.641992745379234,3.0,False,False,,,weekly,10.0,sigma,computed,/home/lkoo/projects/AutomationDetection/DownloadedLC/incremental/quiescent_background_cache.csv,,,,,,False,not_in_flare_streak
4FGL J2253.9+1609,586,587,59044.00001157408,1.49e-07,5.12e-08,1.99e-07,1.2815412128418547e-06,1.1438778896882493e-06,2.9420022568579806e-09,1.1438778896882493e-06,2.9420022568579806e-09,1.2571582e-05,1.2571582e-05,1.1438778896882493e-06,False,False,False,0,False,,,-19.399209365366485,3.0,False,False,,,weekly,10.0,sigma,computed,/home/lkoo/projects/AutomationDetection/DownloadedLC/incremental/quiescent_background_cache.csv,,,,,,False,not_in_flare_streak
4FGL J2253.9+1609,587,588,59051.00001157408,8.49e-08,3.82e-08,1.49e-07,1.2815412128418547e-06,1.1438778896882493e-06,2.9420022568579806e-09,1.1438778896882493e-06,2.9420022568579806e-09,1.2571582e-05,1.2571582e-05,1.1438778896882493e-06,False,False,False,0,False,,,-27.640082895992016,3.0,False,False,,,weekly,10.0,sigma,computed,/home/lkoo/projects/AutomationDetection/DownloadedLC/incremental/quiescent_background_cache.csv,,,,,,False,not_in_flare_streak
4FGL J2253.9+1609,588,589,59058.00001157408,1.26e-07,4.1e-08,8.49e-08,1.2815412128418547e-06,1.1438778896882493e-06,2.9420022568579806e-09,1.1438778896882493e-06,2.9420022568579806e-09,1.2571582e-05,1.2571582e-05,1.1438778896882493e-06,True,False,False,0,False,,,-24.762621151425137,3.0,False,False,,,weekly,10.0,sigma,computed,/home/lkoo/projects/AutomationDetection/DownloadedLC/incremental/quiescent_background_cache.csv,,,,,,False,not_in_flare_streak
4FGL J2253.9+1609,589,590,59065.00001157408,1.51e-07,4.69e-08,1.26e-07,1.2815412128418547e-06,1.1438778896882493e-06,2.9420022568579806e-09,1.1438778896882493e-06,2.9420022568579806e-09,1.2571582e-05,1.2571582e-05,1.1438778896882493e-06,True,False,False,0,False,,,-21.12857502323064,3.0,False,False,,,weekly,10.0,sigma,computed,/home/lkoo/projects/AutomationDetection/DownloadedLC/incremental/quiescent_background_cache.csv,,,,,,False,not_in_flare_streak
4FGL J2253.9+1609,590,591,59072.00001157408,1.52e-07,4.27e-08,1.51e-07,1.2815412128418547e-06,1.1438778896882493e-06,2.9420022568579806e-09,1.1438778896882493e-06,2.9420022568579806e-09,1.2571582e-05,1.2571582e-05,1.1438778896882493e-06,True,False,False,0,False,,,-23.174050510426174,3.0,False,False,,,weekly,10.0,sigma,computed,/home/lkoo/projects/AutomationDetection/DownloadedLC/incremental/quiescent_background_cache.csv,,,,,,False,not_in_flare_streak
4FGL J2253.9+1609,591,592,59079.00001157408,1.62e-07,4.46e-08,1.52e-07,1.2815412128418547e-06,1.1438778896882493e-06,2.9420022568579806e-09,1.1438778896882493e-06,2.9420022568579806e-09,1.2571582e-05,1.2571582e-05,1.1438778896882493e-06,True,False,False,0,False,,,-21.967457999518253,3.0,False,False,,,weekly,10.0,sigma,computed,/home/lkoo/projects/AutomationDetection/DownloadedLC/incremental/quiescent_background_cache.csv,,,,,,False,not_in_flare_streak
4FGL J2253.9+1609,592,593,59086.00001157408,1.29e-07,4.31e-08,1.62e-07,1.2815412128418547e-06,1.1438778896882493e-06,2.9420022568579806e-09,1.1438778896882493e-06,2.9420022568579806e-09,1.2571582e-05,1.2571582e-05,1.1438778896882493e-06,False,False,False,0,False,,,-23.492384017677104,3.0,False,False,,,weekly,10.0,sigma,computed,/home/lkoo/projects/AutomationDetection/DownloadedLC/incremental/quiescent_background_cache.csv,,,,,,False,not_in_flare_streak
4FGL J2253.9+1609,593,594,59093.00001157408,1.45e-07,5.33e-08,1.29e-07,1.2815412128418547e-06,1.1438778896882493e-06,2.9420022568579806e-09,1.1438778896882493e-06,2.9420022568579806e-09,1.2571582e-05,1.2571582e-05,1.1438778896882493e-06,True,False,False,0,False,,,-18.71218969300343,3.0,False,False,,,weekly,10.0,sigma,computed,/home/lkoo/projects/AutomationDetection/DownloadedLC/incremental/quiescent_background_cache.csv,,,,,,False,not_in_flare_streak
4FGL J2253.9+1609,594,595,59100.00001157408,2.07e-07,7.4e-08,1.45e-07,1.2815412128418547e-06,1.1438778896882493e-06,2.9420022568579806e-09,1.1438778896882493e-06,2.9420022568579806e-09,1.2571582e-05,1.2571582e-05,1.1438778896882493e-06,True,False,False,0,False,,,-12.650518252233299,3.0,False,False,,,weekly,10.0,sigma,computed,/home/lkoo/projects/AutomationDetection/DownloadedLC/incremental/quiescent_background_cache.csv,,,,,,False,not_in_flare_streak
4FGL J2253.9+1609,595,596,59107.00001157408,2.37e-07,5.63e-08,2.07e-07,1.2815412128418547e-06,1.1438778896882493e-06,2.9420022568579806e-09,1.1438778896882493e-06,2.9420022568579806e-09,1.2571582e-05,1.2571582e-05,1.1438778896882493e-06,True,False,False,0,False,,,-16.086007595821194,3.0,False,False,,,weekly,10.0,sigma,computed,/home/lkoo/projects/AutomationDetection/DownloadedLC/incremental/quiescent_background_cache.csv,,,,,,False,not_in_flare_streak
4FGL J2253.9+1609,596,597,59114.00001157408,9.92e-08,4.93e-08,2.37e-07,1.2815412128418547e-06,1.1438778896882493e-06,2.9420022568579806e-09,1.1438778896882493e-06,2.9420022568579806e-09,1.2571582e-05,1.2571582e-05,1.1438778896882493e-06,False,False,False,0,False,,,-21.152590420234088,3.0,False,False,,,weekly,10.0,sigma,computed,/home/lkoo/projects/AutomationDetection/DownloadedLC/incremental/quiescent_background_cache.csv,,,,,,False,not_in_flare_streak
4FGL J2253.9+1609,597,598,59128.00001157408,1.35e-07,4.37e-08,9.92e-08,1.2815412128418547e-06,1.1438778896882493e-06,2.9420022568579806e-09,1.1438778896882493e-06,2.9420022568579806e-09,1.2571582e-05,1.2571582e-05,1.1438778896882493e-06,True,False,False,0,False,,,-23.034309838366568,3.0,False,False,,,weekly,10.0,sigma,computed,/home/lkoo/projects/AutomationDetection/DownloadedLC/incremental/quiescent_background_cache.csv,,,,,,False,not_in_flare_streak
4FGL J2253.9+1609,598,599,59135.00001157408,1.12e-07,3.9e-08,1.35e-07,1.2815412128418547e-06,1.1438778896882493e-06,2.9420022568579806e-09,1.1438778896882493e-06,2.9420022568579806e-09,1.2571582e-05,1.2571582e-05,1.1438778896882493e-06,False,False,False,0,False,,,-26.38344532376976,3.0,False,False,,,weekly,10.0,sigma,computed,/home/lkoo/projects/AutomationDetection/DownloadedLC/incremental/quiescent_background_cache.csv,,,,,,False,not_in_flare_streak
4FGL J2253.9+1609,599,600,59142.00001157408,1.03e-07,4.01e-08,1.12e-07,1.2815412128418547e-06,1.1438778896882493e-06,2.9420022568579806e-09,1.1438778896882493e-06,2.9420022568579806e-09,1.2571582e-05,1.2571582e-05,1.1438778896882493e-06,False,False,False,0,False,,,-25.887476317843564,3.0,False,False,,,weekly,10.0,sigma,computed,/home/lkoo/projects/AutomationDetection/DownloadedLC/incremental/quiescent_background_cache.csv,,,,,,False,not_in_flare_streak
4FGL J2253.9+1609,600,601,59149.00001157408,6.46e-08,3.24e-08,1.03e-07,1.2815412128418547e-06,1.1438778896882493e-06,2.9420022568579806e-09,1.1438778896882493e-06,2.9420022568579806e-09,1.2571582e-05,1.2571582e-05,1.1438778896882493e-06,False,False,False,0,False,,,-33.17456291787837,3.0,False,False,,,weekly,10.0,sigma,computed,/home/lkoo/projects/AutomationDetection/DownloadedLC/incremental/quiescent_background_cache.csv,,,,,,False,not_in_flare_streak
4FGL J2253.9+1609,601,602,59156.00001157408,1.66e-07,5.62e-08,6.46e-08,1.2815412128418547e-06,1.1438778896882493e-06,2.9420022568579806e-09,1.1438778896882493e-06,2.9420022568579806e-09,1.2571582e-05,1.2571582e-05,1.1438778896882493e-06,True,False,False,0,False,,,-17.376169943159688,3.0,False,False,,,weekly,10.0,sigma,computed,/home/lkoo/projects/AutomationDetection/DownloadedLC/incremental/quiescent_background_cache.csv,,,,,,False,not_in_flare_streak
4FGL J2253.9+1609,602,603,59163.00001157408,1.65e-07,5.05e-08,1.66e-07,1.2815412128418547e-06,1.1438778896882493e-06,2.9420022568579806e-09,1.1438778896882493e-06,2.9420022568579806e-09,1.2571582e-05,1.2571582e-05,1.1438778896882493e-06,False,False,False,0,False,,,-19.350910557447676,3.0,False,False,,,weekly,10.0,sigma,computed,/home/lkoo/projects/AutomationDetection/DownloadedLC/incremental/quiescent_background_cache.csv,,,,,,False,not_in_flare_streak
4FGL J2253.9+1609,603,604,59170.00001157408,3.55e-07,5.04e-08,1.65e-07,1.2815412128418547e-06,1.1438778896882493e-06,2.9420022568579806e-09,1.1438778896882493e-06,2.9420022568579806e-09,1.2571582e-05,1.2571582e-05,1.1438778896882493e-06,True,False,False,0,False,,,-15.625740036018938,3.0,False,False,,,weekly,10.0,sigma,computed,/home/lkoo/projects/AutomationDetection/DownloadedLC/incremental/quiescent_background_cache.csv,,,,,,False,not_in_flare_streak
4FGL J2253.9+1609,604,605,59177.00001157408,1.74e-07,4.24e-08,3.55e-07,1.2815412128418547e-06,1.1438778896882493e-06,2.9420022568579806e-09,1.1438778896882493e-06,2.9420022568579806e-09,1.2571582e-05,1.2571582e-05,1.1438778896882493e-06,False,False,False,0,False,,,-22.81961158881618,3.0,False,False,,,weekly,10.0,sigma,computed,/home/lkoo/projects/AutomationDetection/DownloadedLC/incremental/quiescent_background_cache.csv,,,,,,False,not_in_flare_streak
4FGL J2253.9+1609,605,606,59184.00001157408,1.34e-07,3.96e-08,1.74e-07,1.2815412128418547e-06,1.1438778896882493e-06,2.9420022568579806e-09,1.1438778896882493e-06,2.9420022568579806e-09,1.2571582e-05,1.2571582e-05,1.1438778896882493e-06,False,False,False,0,False,,,-25.431878527396826,3.0,False,False,,,weekly,10.0,sigma,computed,/home/lkoo/projects/AutomationDetection/DownloadedLC/incremental/quiescent_background_cache.csv,,,,,,False,not_in_flare_streak
4FGL J2253.9+1609,606,607,59191.00001157408,1.1e-07,3.94e-08,1.34e-07,1.2815412128418547e-06,1.1438778896882493e-06,2.9420022568579806e-09,1.1438778896882493e-06,2.9420022568579806e-09,1.2571582e-05,1.2571582e-05,1.1438778896882493e-06,False,False,False,0,False,,,-26.167706320491106,3.0,False,False,,,weekly,10.0,sigma,computed,/home/lkoo/projects/AutomationDetection/DownloadedLC/incremental/quiescent_background_cache.csv,,,,,,False,not_in_flare_streak
4FGL J2253.9+1609,607,608,59198.00001157408,1.94e-07,5.56e-08,1.1e-07,1.2815412128418547e-06,1.1438778896882493e-06,2.9420022568579806e-09,1.1438778896882493e-06,2.9420022568579806e-09,1.2571582e-05,1.2571582e-05,1.1438778896882493e-06,True,False,False,0,False,,,-17.06026821366831,3.0,False,False,,,weekly,10.0,sigma,computed,/home/lkoo/projects/AutomationDetection/DownloadedLC/incremental/quiescent_background_cache.csv,,,,,,False,not_in_flare_streak
4FGL J2253.9+1609,608,609,59205.00001157408,1.69e-07,3.46e-08,1.94e-07,1.2815412128418547e-06,1.1438778896882493e-06,2.9420022568579806e-09,1.1438778896882493e-06,2.9420022568579806e-09,1.2571582e-05,1.2571582e-05,1.1438778896882493e-06,False,False,False,0,False,,,-28.074356579386684,3.0,False,False,,,weekly,10.0,sigma,computed,/home/lkoo/projects/AutomationDetection/DownloadedLC/incremental/quiescent_background_cache.csv,,,,,,False,not_in_flare_streak
4FGL J2253.9+1609,609,610,59212.00001157408,1.74e-07,3.58e-08,1.69e-07,1.2815412128418547e-06,1.1438778896882493e-06,2.9420022568579806e-09,1.1438778896882493e-06,2.9420022568579806e-09,1.2571582e-05,1.2571582e-05,1.1438778896882493e-06,True,False,False,0,False,,,-27.000542374947322,3.0,False,False,,,weekly,10.0,sigma,computed,/home/lkoo/projects/AutomationDetection/DownloadedLC/incremental/quiescent_background_cache.csv,,,,,,False,not_in_flare_streak
4FGL J2253.9+1609,610,611,59219.00001157408,1.92e-07,3.43e-08,1.74e-07,1.2815412128418547e-06,1.1438778896882493e-06,2.9420022568579806e-09,1.1438778896882493e-06,2.9420022568579806e-09,1.2571582e-05,1.2571582e-05,1.1438778896882493e-06,True,False,False,0,False,,,-27.650018465103205,3.0,False,False,,,weekly,10.0,sigma,computed,/home/lkoo/projects/AutomationDetection/DownloadedLC/incremental/quiescent_background_cache.csv,,,,,,False,not_in_flare_streak
4FGL J2253.9+1609,611,612,59226.00001157408,1.66e-07,3.86e-08,1.92e-07,1.2815412128418547e-06,1.1438778896882493e-06,2.9420022568579806e-09,1.1438778896882493e-06,2.9420022568579806e-09,1.2571582e-05,1.2571582e-05,1.1438778896882493e-06,False,False,False,0,False,,,-25.260359923731155,3.0,False,False,,,weekly,10.0,sigma,computed,/home/lkoo/projects/AutomationDetection/DownloadedLC/incremental/quiescent_background_cache.csv,,,,,,False,not_in_flare_streak
4FGL J2253.9+1609,612,613,59233.00001157408,2.22e-07,4.62e-08,1.66e-07,1.2815412128418547e-06,1.1438778896882493e-06,2.9420022568579806e-09,1.1438778896882493e-06,2.9420022568579806e-09,1.2571582e-05,1.2571582e-05,1.1438778896882493e-06,True,False,False,0,False,,,-19.91373159450247,3.0,False,False,,,weekly,10.0,sigma,computed,/home/lkoo/projects/AutomationDetection/DownloadedLC/incremental/quiescent_background_cache.csv,,,,,,False,not_in_flare_streak
4FGL J2253.9+1609,613,614,59240.00001157408,1.89e-07,4.97e-08,2.22e-07,1.2815412128418547e-06,1.1438778896882493e-06,2.9420022568579806e-09,1.1438778896882493e-06,2.9420022568579806e-09,1.2571582e-05,1.2571582e-05,1.1438778896882493e-06,False,False,False,0,False,,,-19.179261415500758,3.0,False,False,,,weekly,10.0,sigma,computed,/home/lkoo/projects/AutomationDetection/DownloadedLC/incremental/quiescent_background_cache.csv,,,,,,False,not_in_flare_streak
4FGL J2253.9+1609,614,615,59247.00001157408,2.34e-07,5.73e-08,1.89e-07,1.2815412128418547e-06,1.1438778896882493e-06,2.9420022568579806e-09,1.1438778896882493e-06,2.9420022568579806e-09,1.2571582e-05,1.2571582e-05,1.1438778896882493e-06,True,False,False,0,False,,,-15.858306283630126,3.0,False,False,,,weekly,10.0,sigma,computed,/home/lkoo/projects/AutomationDetection/DownloadedLC/incremental/quiescent_background_cache.csv,,,,,,False,not_in_flare_streak
4FGL J2253.9+1609,615,616,59254.00001157408,3.01e-07,5.27e-08,2.34e-07,1.2815412128418547e-06,1.1438778896882493e-06,2.9420022568579806e-09,1.1438778896882493e-06,2.9420022568579806e-09,1.2571582e-05,1.2571582e-05,1.1438778896882493e-06,True,False,False,0,False,,,-15.969023611142678,3.0,False,False,,,weekly,10.0,sigma,computed,/home/lkoo/projects/AutomationDetection/DownloadedLC/incremental/quiescent_background_cache.csv,,,,,,False,not_in_flare_streak
4FGL J2253.9+1609,616,617,59261.00001157408,2.06e-07,4.6e-08,3.01e-07,1.2815412128418547e-06,1.1438778896882493e-06,2.9420022568579806e-09,1.1438778896882493e-06,2.9420022568579806e-09,1.2571582e-05,1.2571582e-05,1.1438778896882493e-06,False,False,False,0,False,,,-20.34707796343825,3.0,False,False,,,weekly,10.0,sigma,computed,/home/lkoo/projects/AutomationDetection/DownloadedLC/incremental/quiescent_background_cache.csv,,,,,,False,not_in_flare_streak
4FGL J2253.9+1609,617,618,59268.00001157408,2.33e-07,5.7e-08,2.06e-07,1.2815412128418547e-06,1.1438778896882493e-06,2.9420022568579806e-09,1.1438778896882493e-06,2.9420022568579806e-09,1.2571582e-05,1.2571582e-05,1.1438778896882493e-06,True,False,False,0,False,,,-15.959070409803179,3.0,False,False,,,weekly,10.0,sigma,computed,/home/lkoo/projects/AutomationDetection/DownloadedLC/incremental/quiescent_background_cache.csv,,,,,,False,not_in_flare_streak
4FGL J2253.9+1609,618,619,59275.00001157408,1.61e-07,4.28e-08,2.33e-07,1.2815412128418547e-06,1.1438778896882493e-06,2.9420022568579806e-09,1.1438778896882493e-06,2.9420022568579806e-09,1.2571582e-05,1.2571582e-05,1.1438778896882493e-06,False,False,False,0,False,,,-22.91037511544711,3.0,False,False,,,weekly,10.0,sigma,computed,/home/lkoo/projects/AutomationDetection/DownloadedLC/incremental/quiescent_background_cache.csv,,,,,,False,not_in_flare_streak
4FGL J2253.9+1609,619,620,59282.00001157408,2.51e-07,4.85e-08,1.61e-07,1.2815412128418547e-06,1.1438778896882493e-06,2.9420022568579806e-09,1.1438778896882493e-06,2.9420022568579806e-09,1.2571582e-05,1.2571582e-05,1.1438778896882493e-06,True,False,False,0,False,,,-18.376075985351168,3.0,False,False,,,weekly,10.0,sigma,computed,/home/lkoo/projects/AutomationDetection/DownloadedLC/incremental/quiescent_background_cache.csv,,,,,,False,not_in_flare_streak
4FGL J2253.9+1609,620,621,59289.00001157408,2.14e-07,5.23e-08,2.51e-07,1.2815412128418547e-06,1.1438778896882493e-06,2.9420022568579806e-09,1.1438778896882493e-06,2.9420022568579806e-09,1.2571582e-05,1.2571582e-05,1.1438778896882493e-06,False,False,False,0,False,,,-17.751628086742333,3.0,False,False,,,weekly,10.0,sigma,computed,/home/lkoo/projects/AutomationDetection/DownloadedLC/incremental/quiescent_background_cache.csv,,,,,,False,not_in_flare_streak
4FGL J2253.9+1609,621,622,59296.00001157408,1.72e-07,4.62e-08,2.14e-07,1.2815412128418547e-06,1.1438778896882493e-06,2.9420022568579806e-09,1.1438778896882493e-06,2.9420022568579806e-09,1.2571582e-05,1.2571582e-05,1.1438778896882493e-06,False,False,False,0,False,,,-20.99379500730634,3.0,False,False,,,weekly,10.0,sigma,computed,/home/lkoo/projects/AutomationDetection/DownloadedLC/incremental/quiescent_background_cache.csv,,,,,,False,not_in_flare_streak
4FGL J2253.9+1609,622,623,59303.00001157408,2.87e-07,5.94e-08,1.72e-07,1.2815412128418547e-06,1.1438778896882493e-06,2.9420022568579806e-09,1.1438778896882493e-06,2.9420022568579806e-09,1.2571582e-05,1.2571582e-05,1.1438778896882493e-06,True,False,False,0,False,,,-14.407892609244758,3.0,False,False,,,weekly,10.0,sigma,computed,/home/lkoo/projects/AutomationDetection/DownloadedLC/incremental/quiescent_background_cache.csv,,,,,,False,not_in_flare_streak
4FGL J2253.9+1609,623,624,59310.00001157408,2.29e-07,5.1e-08,2.87e-07,1.2815412128418547e-06,1.1438778896882493e-06,2.9420022568579806e-09,1.1438778896882493e-06,2.9420022568579806e-09,1.2571582e-05,1.2571582e-05,1.1438778896882493e-06,False,False,False,0,False,,,-17.909008893099916,3.0,False,False,,,weekly,10.0,sigma,computed,/home/lkoo/projects/AutomationDetection/DownloadedLC/incremental/quiescent_background_cache.csv,,,,,,False,not_in_flare_streak
4FGL J2253.9+1609,624,625,59317.00001157408,2.28e-07,5.36e-08,2.29e-07,1.2815412128418547e-06,1.1438778896882493e-06,2.9420022568579806e-09,1.1438778896882493e-06,2.9420022568579806e-09,1.2571582e-05,1.2571582e-05,1.1438778896882493e-06,False,False,False,0,False,,,-17.061592627650075,3.0,False,False,,,weekly,10.0,sigma,computed,/home/lkoo/projects/AutomationDetection/DownloadedLC/incremental/quiescent_background_cache.csv,,,,,,False,not_in_flare_streak
4FGL J2253.9+1609,625,626,59324.00001157408,1.79e-07,4.19e-08,2.28e-07,1.2815412128418547e-06,1.1438778896882493e-06,2.9420022568579806e-09,1.1438778896882493e-06,2.9420022568579806e-09,1.2571582e-05,1.2571582e-05,1.1438778896882493e-06,False,False,False,0,False,,,-22.971555225125805,3.0,False,False,,,weekly,10.0,sigma,computed,/home/lkoo/projects/AutomationDetection/DownloadedLC/incremental/quiescent_background_cache.csv,,,,,,False,not_in_flare_streak
4FGL J2253.9+1609,626,627,59331.00001157408,2.07e-07,4.83e-08,1.79e-07,1.2815412128418547e-06,1.1438778896882493e-06,2.9420022568579806e-09,1.1438778896882493e-06,2.9420022568579806e-09,1.2571582e-05,1.2571582e-05,1.1438778896882493e-06,True,False,False,0,False,,,-19.36117455625414,3.0,False,False,,,weekly,10.0,sigma,computed,/home/lkoo/projects/AutomationDetection/DownloadedLC/incremental/quiescent_background_cache.csv,,,,,,False,not_in_flare_streak
4FGL J2253.9+1609,627,628,59338.00001157408,2.17e-07,4.88e-08,2.07e-07,1.2815412128418547e-06,1.1438778896882493e-06,2.9420022568579806e-09,1.1438778896882493e-06,2.9420022568579806e-09,1.2571582e-05,1.2571582e-05,1.1438778896882493e-06,True,False,False,0,False,,,-18.95897729215121,3.0,False,False,,,weekly,10.0,sigma,computed,/home/lkoo/projects/AutomationDetection/DownloadedLC/incremental/quiescent_background_cache.csv,,,,,,False,not_in_flare_streak
4FGL J2253.9+1609,628,629,59345.00001157408,1.94e-07,4.29e-08,2.17e-07,1.2815412128418547e-06,1.1438778896882493e-06,2.9420022568579806e-09,1.1438778896882493e-06,2.9420022568579806e-09,1.2571582e-05,1.2571582e-05,1.1438778896882493e-06,False,False,False,0,False,,,-22.08979295710923,3.0,False,False,,,weekly,10.0,sigma,computed,/home/lkoo/projects/AutomationDetection/DownloadedLC/incremental/quiescent_background_cache.csv,,,,,,False,not_in_flare_streak
4FGL J2253.9+1609,629,630,59352.00001157408,1.72e-07,4.16e-08,1.94e-07,1.2815412128418547e-06,1.1438778896882493e-06,2.9420022568579806e-09,1.1438778896882493e-06,2.9420022568579806e-09,1.2571582e-05,1.2571582e-05,1.1438778896882493e-06,False,False,False,0,False,,,-23.304243995644125,3.0,False,False,,,weekly,10.0,sigma,computed,/home/lkoo/projects/AutomationDetection/DownloadedLC/incremental/quiescent_background_cache.csv,,,,,,False,not_in_flare_streak
4FGL J2253.9+1609,630,631,59359.00001157408,1.26e-07,3.8e-08,1.72e-07,1.2815412128418547e-06,1.1438778896882493e-06,2.9420022568579806e-09,1.1438778896882493e-06,2.9420022568579806e-09,1.2571582e-05,1.2571582e-05,1.1438778896882493e-06,False,False,False,0,False,,,-26.706340551915687,3.0,False,False,,,weekly,10.0,sigma,computed,/home/lkoo/projects/AutomationDetection/DownloadedLC/incremental/quiescent_background_cache.csv,,,,,,False,not_in_flare_streak
4FGL J2253.9+1609,631,632,59366.00001157408,2.17e-07,4.01e-08,1.26e-07,1.2815412128418547e-06,1.1438778896882493e-06,2.9420022568579806e-09,1.1438778896882493e-06,2.9420022568579806e-09,1.2571582e-05,1.2571582e-05,1.1438778896882493e-06,True,False,False,0,False,,,-23.05220396796392,3.0,False,False,,,weekly,10.0,sigma,computed,/home/lkoo/projects/AutomationDetection/DownloadedLC/incremental/quiescent_background_cache.csv,,,,,,False,not_in_flare_streak
4FGL J2253.9+1609,632,633,59373.00001157408,4.08e-07,4.68e-08,2.17e-07,1.2815412128418547e-06,1.1438778896882493e-06,2.9420022568579806e-09,1.1438778896882493e-06,2.9420022568579806e-09,1.2571582e-05,1.2571582e-05,1.1438778896882493e-06,True,False,False,0,False,,,-15.692909532478545,3.0,False,False,,,weekly,10.0,sigma,computed,/home/lkoo/projects/AutomationDetection/DownloadedLC/incremental/quiescent_background_cache.csv,,,,,,False,not_in_flare_streak
4FGL J2253.9+1609,633,634,59380.00001157408,9.5e-08,2.63e-08,4.08e-07,1.2815412128418547e-06,1.1438778896882493e-06,2.9420022568579806e-09,1.1438778896882493e-06,2.9420022568579806e-09,1.2571582e-05,1.2571582e-05,1.1438778896882493e-06,False,False,False,0,False,,,-39.63408143760214,3.0,False,False,,,weekly,10.0,sigma,computed,/home/lkoo/projects/AutomationDetection/DownloadedLC/incremental/quiescent_background_cache.csv,,,,,,False,not_in_flare_streak
4FGL J2253.9+1609,634,635,59387.00001157408,1.46e-07,4.53e-08,9.5e-08,1.2815412128418547e-06,1.1438778896882493e-06,2.9420022568579806e-09,1.1438778896882493e-06,2.9420022568579806e-09,1.2571582e-05,1.2571582e-05,1.1438778896882493e-06,True,False,False,0,False,,,-21.981900249708467,3.0,False,False,,,weekly,10.0,sigma,computed,/home/lkoo/projects/AutomationDetection/DownloadedLC/incremental/quiescent_background_cache.csv,,,,,,False,not_in_flare_streak
4FGL J2253.9+1609,635,636,59394.00001157408,2.2e-07,4.38e-08,1.46e-07,1.2815412128418547e-06,1.1438778896882493e-06,2.9420022568579806e-09,1.1438778896882493e-06,2.9420022568579806e-09,1.2571582e-05,1.2571582e-05,1.1438778896882493e-06,True,False,False,0,False,,,-21.04568030044257,3.0,False,False,,,weekly,10.0,sigma,computed,/home/lkoo/projects/AutomationDetection/DownloadedLC/incremental/quiescent_background_cache.csv,,,,,,False,not_in_flare_streak
4FGL J2253.9+1609,636,637,59401.00001157408,2.26e-07,4.77e-08,2.2e-07,1.2815412128418547e-06,1.1438778896882493e-06,2.9420022568579806e-09,1.1438778896882493e-06,2.9420022568579806e-09,1.2571582e-05,1.2571582e-05,1.1438778896882493e-06,True,False,False,0,False,,,-19.206226751824858,3.0,False,False,,,weekly,10.0,sigma,computed,/home/lkoo/projects/AutomationDetection/DownloadedLC/incremental/quiescent_background_cache.csv,,,,,,False,not_in_flare_streak
4FGL J2253.9+1609,637,638,59408.00001157408,2.46e-07,5.28e-08,2.26e-07,1.2815412128418547e-06,1.1438778896882493e-06,2.9420022568579806e-09,1.1438778896882493e-06,2.9420022568579806e-09,1.2571582e-05,1.2571582e-05,1.1438778896882493e-06,True,False,False,0,False,,,-16.978926342004375,3.0,False,False,,,weekly,10.0,sigma,computed,/home/lkoo/projects/AutomationDetection/DownloadedLC/incremental/quiescent_background_cache.csv,,,,,,False,not_in_flare_streak
4FGL J2253.9+1609,638,639,59415.00001157408,2.97e-07,6.12e-08,2.46e-07,1.2815412128418547e-06,1.1438778896882493e-06,2.9420022568579806e-09,1.1438778896882493e-06,2.9420022568579806e-09,1.2571582e-05,1.2571582e-05,1.1438778896882493e-06,True,False,False,0,False,,,-13.821912627805629,3.0,False,False,,,weekly,10.0,sigma,computed,/home/lkoo/projects/AutomationDetection/DownloadedLC/incremental/quiescent_background_cache.csv,,,,,,False,not_in_flare_streak
4FGL J2253.9+1609,639,640,59422.00001157408,3.55e-07,6.04e-08,2.97e-07,1.2815412128418547e-06,1.1438778896882493e-06,2.9420022568579806e-09,1.1438778896882493e-06,2.9420022568579806e-09,1.2571582e-05,1.2571582e-05,1.1438778896882493e-06,True,False,False,0,False,,,-13.04542603441142,3.0,False,False,,,weekly,10.0,sigma,computed,/home/lkoo/projects/AutomationDetection/DownloadedLC/incremental/quiescent_background_cache.csv,,,,,,False,not_in_flare_streak
4FGL J2253.9+1609,640,641,59429.00001157408,3.75e-07,5.3e-08,3.55e-07,1.2815412128418547e-06,1.1438778896882493e-06,2.9420022568579806e-09,1.1438778896882493e-06,2.9420022568579806e-09,1.2571582e-05,1.2571582e-05,1.1438778896882493e-06,True,False,False,0,False,,,-14.484831088918936,3.0,False,False,,,weekly,10.0,sigma,computed,/home/lkoo/projects/AutomationDetection/DownloadedLC/incremental/quiescent_background_cache.csv,,,,,,False,not_in_flare_streak
4FGL J2253.9+1609,641,642,59436.00001157408,4.51e-07,5.77e-08,3.75e-07,1.2815412128418547e-06,1.1438778896882493e-06,2.9420022568579806e-09,1.1438778896882493e-06,2.9420022568579806e-09,1.2571582e-05,1.2571582e-05,1.1438778896882493e-06,True,False,False,0,False,,,-11.992703320448115,3.0,False,False,,,weekly,10.0,sigma,computed,/home/lkoo/projects/AutomationDetection/DownloadedLC/incremental/quiescent_background_cache.csv,,,,,,False,not_in_flare_streak
4FGL J2253.9+1609,642,643,59443.00001157408,4.5e-07,5.81e-08,4.51e-07,1.2815412128418547e-06,1.1438778896882493e-06,2.9420022568579806e-09,1.1438778896882493e-06,2.9420022568579806e-09,1.2571582e-05,1.2571582e-05,1.1438778896882493e-06,False,False,False,0,False,,,-11.9275389522128,3.0,False,False,,,weekly,10.0,sigma,computed,/home/lkoo/projects/AutomationDetection/DownloadedLC/incremental/quiescent_background_cache.csv,,,,,,False,not_in_flare_streak
4FGL J2253.9+1609,643,644,59450.00001157408,4.41e-07,5.85e-08,4.5e-07,1.2815412128418547e-06,1.1438778896882493e-06,2.9420022568579806e-09,1.1438778896882493e-06,2.9420022568579806e-09,1.2571582e-05,1.2571582e-05,1.1438778896882493e-06,False,False,False,0,False,,,-11.999841555406933,3.0,False,False,,,weekly,10.0,sigma,computed,/home/lkoo/projects/AutomationDetection/DownloadedLC/incremental/quiescent_background_cache.csv,,,,,,False,not_in_flare_streak
4FGL J2253.9+1609,644,645,59457.00001157408,4.36e-07,7.47e-08,4.41e-07,1.2815412128418547e-06,1.1438778896882493e-06,2.9420022568579806e-09,1.1438778896882493e-06,2.9420022568579806e-09,1.2571582e-05,1.2571582e-05,1.1438778896882493e-06,False,False,False,0,False,,,-9.468936097962832,3.0,False,False,,,weekly,10.0,sigma,computed,/home/lkoo/projects/AutomationDetection/DownloadedLC/incremental/quiescent_background_cache.csv,,,,,,False,not_in_flare_streak
4FGL J2253.9+1609,645,646,59464.00001157408,6.54e-07,9.65e-08,4.36e-07,1.2815412128418547e-06,1.1438778896882493e-06,2.9420022568579806e-09,1.1438778896882493e-06,2.9420022568579806e-09,1.2571582e-05,1.2571582e-05,1.1438778896882493e-06,True,False,False,0,False,,,-5.074097274230507,3.0,False,False,,,weekly,10.0,sigma,computed,/home/lkoo/projects/AutomationDetection/DownloadedLC/incremental/quiescent_background_cache.csv,,,,,,False,not_in_flare_streak
4FGL J2253.9+1609,646,647,59471.00001157408,6.05e-07,8.37e-08,6.54e-07,1.2815412128418547e-06,1.1438778896882493e-06,2.9420022568579806e-09,1.1438778896882493e-06,2.9420022568579806e-09,1.2571582e-05,1.2571582e-05,1.1438778896882493e-06,False,False,False,0,False,,,-6.434233116882954,3.0,False,False,,,weekly,10.0,sigma,computed,/home/lkoo/projects/AutomationDetection/DownloadedLC/incremental/quiescent_background_cache.csv,,,,,,False,not_in_flare_streak
4FGL J2253.9+1609,647,648,59478.00001157408,3.68e-07,5.8e-08,6.05e-07,1.2815412128418547e-06,1.1438778896882493e-06,2.9420022568579806e-09,1.1438778896882493e-06,2.9420022568579806e-09,1.2571582e-05,1.2571582e-05,1.1438778896882493e-06,False,False,False,0,False,,,-13.360028745583557,3.0,False,False,,,weekly,10.0,sigma,computed,/home/lkoo/projects/AutomationDetection/DownloadedLC/incremental/quiescent_background_cache.csv,,,,,,False,not_in_flare_streak
4FGL J2253.9+1609,648,649,59485.00001157408,2.03e-07,7.04e-08,3.68e-07,1.2815412128418547e-06,1.1438778896882493e-06,2.9420022568579806e-09,1.1438778896882493e-06,2.9420022568579806e-09,1.2571582e-05,1.2571582e-05,1.1438778896882493e-06,False,False,False,0,False,,,-13.353088002578636,3.0,False,False,,,weekly,10.0,sigma,computed,/home/lkoo/projects/AutomationDetection/DownloadedLC/incremental/quiescent_background_cache.csv,,,,,,False,not_in_flare_streak
4FGL J2253.9+1609,649,650,59492.00001157408,3.36e-07,1.45e-07,2.03e-07,1.2815412128418547e-06,1.1438778896882493e-06,2.9420022568579806e-09,1.1438778896882493e-06,2.9420022568579806e-09,1.2571582e-05,1.2571582e-05,1.1438778896882493e-06,True,False,False,0,False,,,-5.570425180478347,3.0,False,False,,,weekly,10.0,sigma,computed,/home/lkoo/projects/AutomationDetection/DownloadedLC/incremental/quiescent_background_cache.csv,,,,,,False,not_in_flare_streak
4FGL J2253.9+1609,650,651,59499.00001157408,2.68e-07,4.99e-08,3.36e-07,1.2815412128418547e-06,1.1438778896882493e-06,2.9420022568579806e-09,1.1438778896882493e-06,2.9420022568579806e-09,1.2571582e-05,1.2571582e-05,1.1438778896882493e-06,False,False,False,0,False,,,-17.522235532881748,3.0,False,False,,,weekly,10.0,sigma,computed,/home/lkoo/projects/AutomationDetection/DownloadedLC/incremental/quiescent_background_cache.csv,,,,,,False,not_in_flare_streak
4FGL J2253.9+1609,651,652,59506.00001157408,3.62e-07,5.92e-08,2.68e-07,1.2815412128418547e-06,1.1438778896882493e-06,2.9420022568579806e-09,1.1438778896882493e-06,2.9420022568579806e-09,1.2571582e-05,1.2571582e-05,1.1438778896882493e-06,True,False,False,0,False,,,-13.191117838669156,3.0,False,False,,,weekly,10.0,sigma,computed,/home/lkoo/projects/AutomationDetection/DownloadedLC/incremental/quiescent_background_cache.csv,,,,,,False,not_in_flare_streak
4FGL J2253.9+1609,652,653,59513.00001157408,7.78e-07,7.6e-08,3.62e-07,1.2815412128418547e-06,1.1438778896882493e-06,2.9420022568579806e-09,1.1438778896882493e-06,2.9420022568579806e-09,1.2571582e-05,1.2571582e-05,1.1438778896882493e-06,True,False,False,0,False,,,-4.810579764250735,3.0,False,False,,,weekly,10.0,sigma,computed,/home/lkoo/projects/AutomationDetection/DownloadedLC/incremental/quiescent_background_cache.csv,,,,,,False,not_in_flare_streak
4FGL J2253.9+1609,653,654,59520.00001157408,4.87e-07,6.75e-08,7.78e-07,1.2815412128418547e-06,1.1438778896882493e-06,2.9420022568579806e-09,1.1438778896882493e-06,2.9420022568579806e-09,1.2571582e-05,1.2571582e-05,1.1438778896882493e-06,False,False,False,0,False,,,-9.72229409174292,3.0,False,False,,,weekly,10.0,sigma,computed,/home/lkoo/projects/AutomationDetection/DownloadedLC/incremental/quiescent_background_cache.csv,,,,,,False,not_in_flare_streak
4FGL J2253.9+1609,654,655,59527.00001157408,3.13e-07,5.42e-08,4.87e-07,1.2815412128418547e-06,1.1438778896882493e-06,2.9420022568579806e-09,1.1438778896882493e-06,2.9420022568579806e-09,1.2571582e-05,1.2571582e-05,1.1438778896882493e-06,False,False,False,0,False,,,-15.307316432825932,3.0,False,False,,,weekly,10.0,sigma,computed,/home/lkoo/projects/AutomationDetection/DownloadedLC/incremental/quiescent_background_cache.csv,,,,,,False,not_in_flare_streak
4FGL J2253.9+1609,655,656,59534.00001157408,5.97e-07,5.95e-08,3.13e-07,1.2815412128418547e-06,1.1438778896882493e-06,2.9420022568579806e-09,1.1438778896882493e-06,2.9420022568579806e-09,1.2571582e-05,1.2571582e-05,1.1438778896882493e-06,True,False,False,0,False,,,-9.180010017407755,3.0,False,False,,,weekly,10.0,sigma,computed,/home/lkoo/projects/AutomationDetection/DownloadedLC/incremental/quiescent_background_cache.csv,,,,,,False,not_in_flare_streak
4FGL J2253.9+1609,656,657,59541.00001157408,4.35e-07,4.96e-08,5.97e-07,1.2815412128418547e-06,1.1438778896882493e-06,2.9420022568579806e-09,1.1438778896882493e-06,2.9420022568579806e-09,1.2571582e-05,1.2571582e-05,1.1438778896882493e-06,False,False,False,0,False,,,-14.266818090039315,3.0,False,False,,,weekly,10.0,sigma,computed,/home/lkoo/projects/AutomationDetection/DownloadedLC/incremental/quiescent_background_cache.csv,,,,,,False,not_in_flare_streak
4FGL J2253.9+1609,657,658,59548.00001157408,3.03e-07,4.97e-08,4.35e-07,1.2815412128418547e-06,1.1438778896882493e-06,2.9420022568579806e-09,1.1438778896882493e-06,2.9420022568579806e-09,1.2571582e-05,1.2571582e-05,1.1438778896882493e-06,False,False,False,0,False,,,-16.8895070657787,3.0,False,False,,,weekly,10.0,sigma,computed,/home/lkoo/projects/AutomationDetection/DownloadedLC/incremental/quiescent_background_cache.csv,,,,,,False,not_in_flare_streak
4FGL J2253.9+1609,658,659,59555.00001157408,3.19e-07,4.88e-08,3.03e-07,1.2815412128418547e-06,1.1438778896882493e-06,2.9420022568579806e-09,1.1438778896882493e-06,2.9420022568579806e-09,1.2571582e-05,1.2571582e-05,1.1438778896882493e-06,True,False,False,0,False,,,-16.872601400231023,3.0,False,False,,,weekly,10.0,sigma,computed,/home/lkoo/projects/AutomationDetection/DownloadedLC/incremental/quiescent_background_cache.csv,,,,,,False,not_in_flare_streak
4FGL J2253.9+1609,659,660,59562.00001157408,4.36e-07,6.6e-08,3.19e-07,1.2815412128418547e-06,1.1438778896882493e-06,2.9420022568579806e-09,1.1438778896882493e-06,2.9420022568579806e-09,1.2571582e-05,1.2571582e-05,1.1438778896882493e-06,True,False,False,0,False,,,-10.71478271064901,3.0,False,False,,,weekly,10.0,sigma,computed,/home/lkoo/projects/AutomationDetection/DownloadedLC/incremental/quiescent_background_cache.csv,,,,,,False,not_in_flare_streak
4FGL J2253.9+1609,660,661,59569.00001157408,3.32e-07,5.28e-08,4.36e-07,1.2815412128418547e-06,1.1438778896882493e-06,2.9420022568579806e-09,1.1438778896882493e-06,2.9420022568579806e-09,1.2571582e-05,1.2571582e-05,1.1438778896882493e-06,False,False,False,0,False,,,-15.35266103111743,3.0,False,False,,,weekly,10.0,sigma,computed,/home/lkoo/projects/AutomationDetection/DownloadedLC/incremental/quiescent_background_cache.csv,,,,,,False,not_in_flare_streak
4FGL J2253.9+1609,661,662,59576.00001157408,2.95e-07,4.2e-08,3.32e-07,1.2815412128418547e-06,1.1438778896882493e-06,2.9420022568579806e-09,1.1438778896882493e-06,2.9420022568579806e-09,1.2571582e-05,1.2571582e-05,1.1438778896882493e-06,False,False,False,0,False,,,-20.161974710272162,3.0,False,False,,,weekly,10.0,sigma,computed,/home/lkoo/projects/AutomationDetection/DownloadedLC/incremental/quiescent_background_cache.csv,,,,,,False,not_in_flare_streak
4FGL J2253.9+1609,662,663,59583.00001157408,2.89e-07,4.01e-08,2.95e-07,1.2815412128418547e-06,1.1438778896882493e-06,2.9420022568579806e-09,1.1438778896882493e-06,2.9420022568579806e-09,1.2571582e-05,1.2571582e-05,1.1438778896882493e-06,False,False,False,0,False,,,-21.261505641724145,3.0,False,False,,,weekly,10.0,sigma,computed,/home/lkoo/projects/AutomationDetection/DownloadedLC/incremental/quiescent_background_cache.csv,,,,,,False,not_in_flare_streak
4FGL J2253.9+1609,663,664,59590.00001157408,3.29e-07,4.23e-08,2.89e-07,1.2815412128418547e-06,1.1438778896882493e-06,2.9420022568579806e-09,1.1438778896882493e-06,2.9420022568579806e-09,1.2571582e-05,1.2571582e-05,1.1438778896882493e-06,True,False,False,0,False,,,-19.21782734871407,3.0,False,False,,,weekly,10.0,sigma,computed,/home/lkoo/projects/AutomationDetection/DownloadedLC/incremental/quiescent_background_cache.csv,,,,,,False,not_in_flare_streak
4FGL J2253.9+1609,664,665,59597.00001157408,3.71e-07,5.57e-08,3.29e-07,1.2815412128418547e-06,1.1438778896882493e-06,2.9420022568579806e-09,1.1438778896882493e-06,2.9420022568579806e-09,1.2571582e-05,1.2571582e-05,1.1438778896882493e-06,True,False,False,0,False,,,-13.856410171250566,3.0,False,False,,,weekly,10.0,sigma,computed,/home/lkoo/projects/AutomationDetection/DownloadedLC/incremental/quiescent_background_cache.csv,,,,,,False,not_in_flare_streak
4FGL J2253.9+1609,665,666,59604.00001157408,3.04e-07,5.28e-08,3.71e-07,1.2815412128418547e-06,1.1438778896882493e-06,2.9420022568579806e-09,1.1438778896882493e-06,2.9420022568579806e-09,1.2571582e-05,1.2571582e-05,1.1438778896882493e-06,False,False,False,0,False,,,-15.882142760243411,3.0,False,False,,,weekly,10.0,sigma,computed,/home/lkoo/projects/AutomationDetection/DownloadedLC/incremental/quiescent_background_cache.csv,,,,,,False,not_in_flare_streak
4FGL J2253.9+1609,666,667,59611.00001157408,2.06e-07,4.59e-08,3.04e-07,1.2815412128418547e-06,1.1438778896882493e-06,2.9420022568579806e-09,1.1438778896882493e-06,2.9420022568579806e-09,1.2571582e-05,1.2571582e-05,1.1438778896882493e-06,False,False,False,0,False,,,-20.391225933999255,3.0,False,False,,,weekly,10.0,sigma,computed,/home/lkoo/projects/AutomationDetection/DownloadedLC/incremental/quiescent_background_cache.csv,,,,,,False,not_in_flare_streak
4FGL J2253.9+1609,667,668,59618.00001157408,3.94e-07,6.3e-08,2.06e-07,1.2815412128418547e-06,1.1438778896882493e-06,2.9420022568579806e-09,1.1438778896882493e-06,2.9420022568579806e-09,1.2571582e-05,1.2571582e-05,1.1438778896882493e-06,True,False,False,0,False,,,-11.8898663223258,3.0,False,False,,,weekly,10.0,sigma,computed,/home/lkoo/projects/AutomationDetection/DownloadedLC/incremental/quiescent_background_cache.csv,,,,,,False,not_in_flare_streak
4FGL J2253.9+1609,668,669,59625.00001157408,3.49e-07,5.95e-08,3.94e-07,1.2815412128418547e-06,1.1438778896882493e-06,2.9420022568579806e-09,1.1438778896882493e-06,2.9420022568579806e-09,1.2571582e-05,1.2571582e-05,1.1438778896882493e-06,False,False,False,0,False,,,-13.342991420102486,3.0,False,False,,,weekly,10.0,sigma,computed,/home/lkoo/projects/AutomationDetection/DownloadedLC/incremental/quiescent_background_cache.csv,,,,,,False,not_in_flare_streak
4FGL J2253.9+1609,669,670,59632.00001157408,3.17e-07,5.54e-08,3.49e-07,1.2815412128418547e-06,1.1438778896882493e-06,2.9420022568579806e-09,1.1438778896882493e-06,2.9420022568579806e-09,1.2571582e-05,1.2571582e-05,1.1438778896882493e-06,False,False,False,0,False,,,-14.9045921576564,3.0,False,False,,,weekly,10.0,sigma,computed,/home/lkoo/projects/AutomationDetection/DownloadedLC/incremental/quiescent_background_cache.csv,,,,,,False,not_in_flare_streak
4FGL J2253.9+1609,670,671,59639.00001157408,4.32e-07,6.25e-08,3.17e-07,1.2815412128418547e-06,1.1438778896882493e-06,2.9420022568579806e-09,1.1438778896882493e-06,2.9420022568579806e-09,1.2571582e-05,1.2571582e-05,1.1438778896882493e-06,True,False,False,0,False,,,-11.377448267994417,3.0,False,False,,,weekly,10.0,sigma,computed,/home/lkoo/projects/AutomationDetection/DownloadedLC/incremental/quiescent_background_cache.csv,,,,,,False,not_in_flare_streak
4FGL J2253.9+1609,671,672,59646.00001157408,4.67e-07,6.29e-08,4.32e-07,1.2815412128418547e-06,1.1438778896882493e-06,2.9420022568579806e-09,1.1438778896882493e-06,2.9420022568579806e-09,1.2571582e-05,1.2571582e-05,1.1438778896882493e-06,True,False,False,0,False,,,-10.749422966982259,3.0,False,False,,,weekly,10.0,sigma,computed,/home/lkoo/projects/AutomationDetection/DownloadedLC/incremental/quiescent_background_cache.csv,,,,,,False,not_in_flare_streak
4FGL J2253.9+1609,672,673,59653.00001157408,2.59e-07,5.49e-08,4.67e-07,1.2815412128418547e-06,1.1438778896882493e-06,2.9420022568579806e-09,1.1438778896882493e-06,2.9420022568579806e-09,1.2571582e-05,1.2571582e-05,1.1438778896882493e-06,False,False,False,0,False,,,-16.09490093221185,3.0,False,False,,,weekly,10.0,sigma,computed,/home/lkoo/projects/AutomationDetection/DownloadedLC/incremental/quiescent_background_cache.csv,,,,,,False,not_in_flare_streak
4FGL J2253.9+1609,673,674,59660.00001157408,2.02e-07,4.16e-08,2.59e-07,1.2815412128418547e-06,1.1438778896882493e-06,2.9420022568579806e-09,1.1438778896882493e-06,2.9420022568579806e-09,1.2571582e-05,1.2571582e-05,1.1438778896882493e-06,False,False,False,0,False,,,-22.5848868343308,3.0,False,False,,,weekly,10.0,sigma,computed,/home/lkoo/projects/AutomationDetection/DownloadedLC/incremental/quiescent_background_cache.csv,,,,,,False,not_in_flare_streak
4FGL J2253.9+1609,674,675,59667.00001157408,3.44e-07,6.14e-08,2.02e-07,1.2815412128418547e-06,1.1438778896882493e-06,2.9420022568579806e-09,1.1438778896882493e-06,2.9420022568579806e-09,1.2571582e-05,1.2571582e-05,1.1438778896882493e-06,True,False,False,0,False,,,-13.012398302323378,3.0,False,False,,,weekly,10.0,sigma,computed,/home/lkoo/projects/AutomationDetection/DownloadedLC/incremental/quiescent_background_cache.csv,,,,,,False,not_in_flare_streak
4FGL J2253.9+1609,675,676,59674.00001157408,1.58e-07,5.56e-08,3.44e-07,1.2815412128418547e-06,1.1438778896882493e-06,2.9420022568579806e-09,1.1438778896882493e-06,2.9420022568579806e-09,1.2571582e-05,1.2571582e-05,1.1438778896882493e-06,False,False,False,0,False,,,-17.706845697321107,3.0,False,False,,,weekly,10.0,sigma,computed,/home/lkoo/projects/AutomationDetection/DownloadedLC/incremental/quiescent_background_cache.csv,,,,,,False,not_in_flare_streak
4FGL J2253.9+1609,676,677,59681.00001157408,1.14e-07,3.9e-08,1.58e-07,1.2815412128418547e-06,1.1438778896882493e-06,2.9420022568579806e-09,1.1438778896882493e-06,2.9420022568579806e-09,1.2571582e-05,1.2571582e-05,1.1438778896882493e-06,False,False,False,0,False,,,-26.332308565074907,3.0,False,False,,,weekly,10.0,sigma,computed,/home/lkoo/projects/AutomationDetection/DownloadedLC/incremental/quiescent_background_cache.csv,,,,,,False,not_in_flare_streak
4FGL J2253.9+1609,677,678,59688.00001157408,1.86e-07,4.86e-08,1.14e-07,1.2815412128418547e-06,1.1438778896882493e-06,2.9420022568579806e-09,1.1438778896882493e-06,2.9420022568579806e-09,1.2571582e-05,1.2571582e-05,1.1438778896882493e-06,True,False,False,0,False,,,-19.67340806393349,3.0,False,False,,,weekly,10.0,sigma,computed,/home/lkoo/projects/AutomationDetection/DownloadedLC/incremental/quiescent_background_cache.csv,,,,,,False,not_in_flare_streak
4FGL J2253.9+1609,678,679,59695.00001157408,3.38e-07,5.26e-08,1.86e-07,1.2815412128418547e-06,1.1438778896882493e-06,2.9420022568579806e-09,1.1438778896882493e-06,2.9420022568579806e-09,1.2571582e-05,1.2571582e-05,1.1438778896882493e-06,True,False,False,0,False,,,-15.296964027893372,3.0,False,False,,,weekly,10.0,sigma,computed,/home/lkoo/projects/AutomationDetection/DownloadedLC/incremental/quiescent_background_cache.csv,,,,,,False,not_in_flare_streak
4FGL J2253.9+1609,679,680,59702.00001157408,2.08e-07,4.65e-08,3.38e-07,1.2815412128418547e-06,1.1438778896882493e-06,2.9420022568579806e-09,1.1438778896882493e-06,2.9420022568579806e-09,1.2571582e-05,1.2571582e-05,1.1438778896882493e-06,False,False,False,0,False,,,-20.086244271839334,3.0,False,False,,,weekly,10.0,sigma,computed,/home/lkoo/projects/AutomationDetection/DownloadedLC/incremental/quiescent_background_cache.csv,,,,,,False,not_in_flare_streak
4FGL J2253.9+1609,680,681,59709.00001157408,2.42e-07,4.49e-08,2.08e-07,1.2815412128418547e-06,1.1438778896882493e-06,2.9420022568579806e-09,1.1438778896882493e-06,2.9420022568579806e-09,1.2571582e-05,1.2571582e-05,1.1438778896882493e-06,True,False,False,0,False,,,-20.04338699301891,3.0,False,False,,,weekly,10.0,sigma,computed,/home/lkoo/projects/AutomationDetection/DownloadedLC/incremental/quiescent_background_cache.csv,,,,,,False,not_in_flare_streak
4FGL J2253.9+1609,681,682,59716.00001157408,3.14e-07,5.29e-08,2.42e-07,1.2815412128418547e-06,1.1438778896882493e-06,2.9420022568579806e-09,1.1438778896882493e-06,2.9420022568579806e-09,1.2571582e-05,1.2571582e-05,1.1438778896882493e-06,True,False,False,0,False,,,-15.663468214278952,3.0,False,False,,,weekly,10.0,sigma,computed,/home/lkoo/projects/AutomationDetection/DownloadedLC/incremental/quiescent_background_cache.csv,,,,,,False,not_in_flare_streak
4FGL J2253.9+1609,682,683,59723.00001157408,2.63e-07,4.82e-08,3.14e-07,1.2815412128418547e-06,1.1438778896882493e-06,2.9420022568579806e-09,1.1438778896882493e-06,2.9420022568579806e-09,1.2571582e-05,1.2571582e-05,1.1438778896882493e-06,False,False,False,0,False,,,-18.241526500363857,3.0,False,False,,,weekly,10.0,sigma,computed,/home/lkoo/projects/AutomationDetection/DownloadedLC/incremental/quiescent_background_cache.csv,,,,,,False,not_in_flare_streak
4FGL J2253.9+1609,683,684,59730.00001157408,1.72e-07,4.48e-08,2.63e-07,1.2815412128418547e-06,1.1438778896882493e-06,2.9420022568579806e-09,1.1438778896882493e-06,2.9420022568579806e-09,1.2571582e-05,1.2571582e-05,1.1438778896882493e-06,False,False,False,0,False,,,-21.64707650801632,3.0,False,False,,,weekly,10.0,sigma,computed,/home/lkoo/projects/AutomationDetection/DownloadedLC/incremental/quiescent_background_cache.csv,,,,,,False,not_in_flare_streak
4FGL J2253.9+1609,684,685,59737.00001157408,1.77e-07,3.62e-08,1.72e-07,1.2815412128418547e-06,1.1438778896882493e-06,2.9420022568579806e-09,1.1438778896882493e-06,2.9420022568579806e-09,1.2571582e-05,1.2571582e-05,1.1438778896882493e-06,True,False,False,0,False,,,-26.621561757234062,3.0,False,False,,,weekly,10.0,sigma,computed,/home/lkoo/projects/AutomationDetection/DownloadedLC/incremental/quiescent_background_cache.csv,,,,,,False,not_in_flare_streak
4FGL J2253.9+1609,685,686,59744.00001157408,5.21e-07,5.06e-08,1.77e-07,1.2815412128418547e-06,1.1438778896882493e-06,2.9420022568579806e-09,1.1438778896882493e-06,2.9420022568579806e-09,1.2571582e-05,1.2571582e-05,1.1438778896882493e-06,True,False,False,0,False,,,-12.289085423150924,3.0,False,False,,,weekly,10.0,sigma,computed,/home/lkoo/projects/AutomationDetection/DownloadedLC/incremental/quiescent_background_cache.csv,,,,,,False,not_in_flare_streak
4FGL J2253.9+1609,686,687,59751.00001157408,4.34e-07,4.49e-08,5.21e-07,1.2815412128418547e-06,1.1438778896882493e-06,2.9420022568579806e-09,1.1438778896882493e-06,2.9420022568579806e-09,1.2571582e-05,1.2571582e-05,1.1438778896882493e-06,False,False,False,0,False,,,-15.776367758308679,3.0,False,False,,,weekly,10.0,sigma,computed,/home/lkoo/projects/AutomationDetection/DownloadedLC/incremental/quiescent_background_cache.csv,,,,,,False,not_in_flare_streak
4FGL J2253.9+1609,687,688,59758.00001157408,5.66e-07,6.57e-08,4.34e-07,1.2815412128418547e-06,1.1438778896882493e-06,2.9420022568579806e-09,1.1438778896882493e-06,2.9420022568579806e-09,1.2571582e-05,1.2571582e-05,1.1438778896882493e-06,True,False,False,0,False,,,-8.786900797982137,3.0,False,False,,,weekly,10.0,sigma,computed,/home/lkoo/projects/AutomationDetection/DownloadedLC/incremental/quiescent_background_cache.csv,,,,,,False,not_in_flare_streak
4FGL J2253.9+1609,688,689,59765.00001157408,4.47e-07,5.7e-08,5.66e-07,1.2815412128418547e-06,1.1438778896882493e-06,2.9420022568579806e-09,1.1438778896882493e-06,2.9420022568579806e-09,1.2571582e-05,1.2571582e-05,1.1438778896882493e-06,False,False,False,0,False,,,-12.209675341198805,3.0,False,False,,,weekly,10.0,sigma,computed,/home/lkoo/projects/AutomationDetection/DownloadedLC/incremental/quiescent_background_cache.csv,,,,,,False,not_in_flare_streak
4FGL J2253.9+1609,689,690,59772.00001157408,5.07e-07,5.89e-08,4.47e-07,1.2815412128418547e-06,1.1438778896882493e-06,2.9420022568579806e-09,1.1438778896882493e-06,2.9420022568579806e-09,1.2571582e-05,1.2571582e-05,1.1438778896882493e-06,True,False,False,0,False,,,-10.799404002399182,3.0,False,False,,,weekly,10.0,sigma,computed,/home/lkoo/projects/AutomationDetection/DownloadedLC/incremental/quiescent_background_cache.csv,,,,,,False,not_in_flare_streak
4FGL J2253.9+1609,690,691,59779.00001157408,5.56e-07,6.93e-08,5.07e-07,1.2815412128418547e-06,1.1438778896882493e-06,2.9420022568579806e-09,1.1438778896882493e-06,2.9420022568579806e-09,1.2571582e-05,1.2571582e-05,1.1438778896882493e-06,True,False,False,0,False,,,-8.475452348278258,3.0,False,False,,,weekly,10.0,sigma,computed,/home/lkoo/projects/AutomationDetection/DownloadedLC/incremental/quiescent_background_cache.csv,,,,,,False,not_in_flare_streak
4FGL J2253.9+1609,691,692,59786.00001157408,4.7e-07,7.38e-08,5.56e-07,1.2815412128418547e-06,1.1438778896882493e-06,2.9420022568579806e-09,1.1438778896882493e-06,2.9420022568579806e-09,1.2571582e-05,1.2571582e-05,1.1438778896882493e-06,False,False,False,0,False,,,-9.123889839871763,3.0,False,False,,,weekly,10.0,sigma,computed,/home/lkoo/projects/AutomationDetection/DownloadedLC/incremental/quiescent_background_cache.csv,,,,,,False,not_in_flare_streak
4FGL J2253.9+1609,692,693,59793.00001157408,3.2e-07,5.7e-08,4.7e-07,1.2815412128418547e-06,1.1438778896882493e-06,2.9420022568579806e-09,1.1438778896882493e-06,2.9420022568579806e-09,1.2571582e-05,1.2571582e-05,1.1438778896882493e-06,False,False,False,0,False,,,-14.434783629576167,3.0,False,False,,,weekly,10.0,sigma,computed,/home/lkoo/projects/AutomationDetection/DownloadedLC/incremental/quiescent_background_cache.csv,,,,,,False,not_in_flare_streak
4FGL J2253.9+1609,693,694,59800.00001157408,4.49e-07,6e-08,3.2e-07,1.2815412128418547e-06,1.1438778896882493e-06,2.9420022568579806e-09,1.1438778896882493e-06,2.9420022568579806e-09,1.2571582e-05,1.2571582e-05,1.1438778896882493e-06,True,False,False,0,False,,,-11.56740092364803,3.0,False,False,,,weekly,10.0,sigma,computed,/home/lkoo/projects/AutomationDetection/DownloadedLC/incremental/quiescent_background_cache.csv,,,,,,False,not_in_flare_streak
4FGL J2253.9+1609,694,695,59807.00001157408,5.63e-07,6.21e-08,4.49e-07,1.2815412128418547e-06,1.1438778896882493e-06,2.9420022568579806e-09,1.1438778896882493e-06,2.9420022568579806e-09,1.2571582e-05,1.2571582e-05,1.1438778896882493e-06,True,False,False,0,False,,,-9.343431883194468,3.0,False,False,,,weekly,10.0,sigma,computed,/home/lkoo/projects/AutomationDetection/DownloadedLC/incremental/quiescent_background_cache.csv,,,,,,False,not_in_flare_streak
4FGL J2253.9+1609,695,696,59814.00001157408,5.94e-07,6.34e-08,5.63e-07,1.2815412128418547e-06,1.1438778896882493e-06,2.9420022568579806e-09,1.1438778896882493e-06,2.9420022568579806e-09,1.2571582e-05,1.2571582e-05,1.1438778896882493e-06,True,False,False,0,False,,,-8.663829874587165,3.0,False,False,,,weekly,10.0,sigma,computed,/home/lkoo/projects/AutomationDetection/DownloadedLC/incremental/quiescent_background_cache.csv,,,,,,False,not_in_flare_streak
4FGL J2253.9+1609,696,697,59821.00001157408,8.7e-07,7.58e-08,5.94e-07,1.2815412128418547e-06,1.1438778896882493e-06,2.9420022568579806e-09,1.1438778896882493e-06,2.9420022568579806e-09,1.2571582e-05,1.2571582e-05,1.1438778896882493e-06,True,False,False,0,False,,,-3.6104463611836426,3.0,False,False,,,weekly,10.0,sigma,computed,/home/lkoo/projects/AutomationDetection/DownloadedLC/incremental/quiescent_background_cache.csv,,,,,,False,not_in_flare_streak
4FGL J2253.9+1609,697,698,59828.00001157408,1.25e-06,9.55e-08,8.7e-07,1.2815412128418547e-06,1.1438778896882493e-06,2.9420022568579806e-09,1.1438778896882493e-06,2.9420022568579806e-09,1.2571582e-05,1.2571582e-05,1.1438778896882493e-06,True,True,False,0,False,,,1.1106993682883082,3.0,False,False,,,weekly,10.0,sigma,computed,/home/lkoo/projects/AutomationDetection/DownloadedLC/incremental/quiescent_background_cache.csv,,,,,,False,not_in_flare_streak
4FGL J2253.9+1609,698,699,59835.00001157408,1.54e-06,1.19e-07,1.25e-06,1.2815412128418547e-06,1.1438778896882493e-06,2.9420022568579806e-09,1.1438778896882493e-06,2.9420022568579806e-09,1.2571582e-05,1.2571582e-05,1.1438778896882493e-06,True,True,False,0,False,,,3.3277404069382865,3.0,True,True,59835.00001157408,59835.00001157408,weekly,10.0,sigma,computed,/home/lkoo/projects/AutomationDetection/DownloadedLC/incremental/quiescent_background_cache.csv,,,,,,False,not_in_flare_streak
4FGL J2253.9+1609,699,700,59842.00001157408,1.26e-06,9.07e-08,1.54e-06,1.2815412128418547e-06,1.1438778896882493e-06,2.9420022568579806e-09,1.1438778896882493e-06,2.9420022568579806e-09,1.2571582e-05,1.2571582e-05,1.1438778896882493e-06,False,True,False,0,False,,,1.2796148887696044,3.0,False,True,59835.00001157408,59842.00001157408,weekly,10.0,sigma,computed,/home/lkoo/projects/AutomationDetection/DownloadedLC/incremental/quiescent_background_cache.csv,,,,,,False,not_in_flare_streak
4FGL J2253.9+1609,700,701,59849.00001157408,2.16e-06,1.09e-07,1.26e-06,1.2815412128418547e-06,1.1438778896882493e-06,2.9420022568579806e-09,1.1438778896882493e-06,2.9420022568579806e-09,1.2571582e-05,1.2571582e-05,1.1438778896882493e-06,True,True,False,0,False,,,9.31882740365215,3.0,True,True,59835.00001157408,59849.00001157408,weekly,10.0,sigma,computed,/home/lkoo/projects/AutomationDetection/DownloadedLC/incremental/quiescent_background_cache.csv,,,,,,False,not_in_flare_streak
4FGL J2253.9+1609,701,702,59856.00001157408,2e-06,1.69e-07,2.16e-06,1.2815412128418547e-06,1.1438778896882493e-06,2.9420022568579806e-09,1.1438778896882493e-06,2.9420022568579806e-09,1.2571582e-05,1.2571582e-05,1.1438778896882493e-06,False,True,False,0,False,,,5.065043883976771,3.0,True,True,59835.00001157408,59856.00001157408,weekly,10.0,sigma,computed,/home/lkoo/projects/AutomationDetection/DownloadedLC/incremental/quiescent_background_cache.csv,,,,,,False,not_in_flare_streak
4FGL J2253.9+1609,702,703,59863.00001157408,1.93e-06,1.51e-07,2e-06,1.2815412128418547e-06,1.1438778896882493e-06,2.9420022568579806e-09,1.1438778896882493e-06,2.9420022568579806e-09,1.2571582e-05,1.2571582e-05,1.1438778896882493e-06,False,True,False,0,False,,,5.205118839557815,3.0,True,True,59835.00001157408,59863.00001157408,weekly,10.0,sigma,computed,/home/lkoo/projects/AutomationDetection/DownloadedLC/incremental/quiescent_background_cache.csv,,,,,,False,not_in_flare_streak
4FGL J2253.9+1609,703,704,59870.00001157408,1.78e-06,8.88e-08,1.93e-06,1.2815412128418547e-06,1.1438778896882493e-06,2.9420022568579806e-09,1.1438778896882493e-06,2.9420022568579806e-09,1.2571582e-05,1.2571582e-05,1.1438778896882493e-06,False,True,False,0,False,,,7.159609017998258,3.0,True,True,59835.00001157408,59870.00001157408,weekly,10.0,sigma,computed,/home/lkoo/projects/AutomationDetection/DownloadedLC/incremental/quiescent_background_cache.csv,,,,,,False,not_in_flare_streak
4FGL J2253.9+1609,704,705,59877.00001157408,1.41e-06,8.97e-08,1.78e-06,1.2815412128418547e-06,1.1438778896882493e-06,2.9420022568579806e-09,1.1438778896882493e-06,2.9420022568579806e-09,1.2571582e-05,1.2571582e-05,1.1438778896882493e-06,False,True,False,0,False,,,2.9652072311542548,3.0,False,True,59835.00001157408,59877.00001157408,weekly,10.0,sigma,computed,/home/lkoo/projects/AutomationDetection/DownloadedLC/incremental/quiescent_background_cache.csv,,,,,,False,not_in_flare_streak
4FGL J2253.9+1609,705,706,59884.00001157408,1.11e-06,8.28e-08,1.41e-06,1.2815412128418547e-06,1.1438778896882493e-06,2.9420022568579806e-09,1.1438778896882493e-06,2.9420022568579806e-09,1.2571582e-05,1.2571582e-05,1.1438778896882493e-06,False,False,False,0,False,,,-0.4088952270063427,3.0,False,False,,,weekly,10.0,sigma,computed,/home/lkoo/projects/AutomationDetection/DownloadedLC/incremental/quiescent_background_cache.csv,,,,,,False,not_in_flare_streak
4FGL J2253.9+1609,706,707,59891.00001157408,1.34e-06,9.4e-08,1.11e-06,1.2815412128418547e-06,1.1438778896882493e-06,2.9420022568579806e-09,1.1438778896882493e-06,2.9420022568579806e-09,1.2571582e-05,1.2571582e-05,1.1438778896882493e-06,True,True,False,0,False,,,2.0853843010837583,3.0,False,False,,,weekly,10.0,sigma,computed,/home/lkoo/projects/AutomationDetection/DownloadedLC/incremental/quiescent_background_cache.csv,,,,,,False,not_in_flare_streak
4FGL J2253.9+1609,707,708,59898.00001157408,9.65e-07,6.63e-08,1.34e-06,1.2815412128418547e-06,1.1438778896882493e-06,2.9420022568579806e-09,1.1438778896882493e-06,2.9420022568579806e-09,1.2571582e-05,1.2571582e-05,1.1438778896882493e-06,False,False,False,0,False,,,-2.6953550330961633,3.0,False,False,,,weekly,10.0,sigma,computed,/home/lkoo/projects/AutomationDetection/DownloadedLC/incremental/quiescent_background_cache.csv,,,,,,False,not_in_flare_streak
4FGL J2253.9+1609,708,709,59905.00001157408,9.3e-07,6.36e-08,9.65e-07,1.2815412128418547e-06,1.1438778896882493e-06,2.9420022568579806e-09,1.1438778896882493e-06,2.9420022568579806e-09,1.2571582e-05,1.2571582e-05,1.1438778896882493e-06,False,False,False,0,False,,,-3.359267752457077,3.0,False,False,,,weekly,10.0,sigma,computed,/home/lkoo/projects/AutomationDetection/DownloadedLC/incremental/quiescent_background_cache.csv,,,,,,False,not_in_flare_streak
4FGL J2253.9+1609,709,710,59912.00001157408,1.57e-06,7.54e-08,9.3e-07,1.2815412128418547e-06,1.1438778896882493e-06,2.9420022568579806e-09,1.1438778896882493e-06,2.9420022568579806e-09,1.2571582e-05,1.2571582e-05,1.1438778896882493e-06,True,True,False,0,False,,,5.647189724390586,3.0,True,True,59912.00001157408,59912.00001157408,weekly,10.0,sigma,computed,/home/lkoo/projects/AutomationDetection/DownloadedLC/incremental/quiescent_background_cache.csv,,,,,,False,not_in_flare_streak
4FGL J2253.9+1609,710,711,59919.00001157408,7.82e-07,6.85e-08,1.57e-06,1.2815412128418547e-06,1.1438778896882493e-06,2.9420022568579806e-09,1.1438778896882493e-06,2.9420022568579806e-09,1.2571582e-05,1.2571582e-05,1.1438778896882493e-06,False,False,False,0,False,,,-5.278023192800235,3.0,False,False,,,weekly,10.0,sigma,computed,/home/lkoo/projects/AutomationDetection/DownloadedLC/incremental/quiescent_background_cache.csv,,,,,,False,not_in_flare_streak
4FGL J2253.9+1609,711,712,59926.00001157408,9.36e-07,7.4e-08,7.82e-07,1.2815412128418547e-06,1.1438778896882493e-06,2.9420022568579806e-09,1.1438778896882493e-06,2.9420022568579806e-09,1.2571582e-05,1.2571582e-05,1.1438778896882493e-06,True,False,False,0,False,,,-2.806943217127266,3.0,False,False,,,weekly,10.0,sigma,computed,/home/lkoo/projects/AutomationDetection/DownloadedLC/incremental/quiescent_background_cache.csv,,,,,,False,not_in_flare_streak
4FGL J2253.9+1609,712,713,59933.00001157408,7.3e-07,7.66e-08,9.36e-07,1.2815412128418547e-06,1.1438778896882493e-06,2.9420022568579806e-09,1.1438778896882493e-06,2.9420022568579806e-09,1.2571582e-05,1.2571582e-05,1.1438778896882493e-06,False,False,False,0,False,,,-5.399124888226765,3.0,False,False,,,weekly,10.0,sigma,computed,/home/lkoo/projects/AutomationDetection/DownloadedLC/incremental/quiescent_background_cache.csv,,,,,,False,not_in_flare_streak
4FGL J2253.9+1609,713,714,59940.00001157408,6.54e-07,6.53e-08,7.3e-07,1.2815412128418547e-06,1.1438778896882493e-06,2.9420022568579806e-09,1.1438778896882493e-06,2.9420022568579806e-09,1.2571582e-05,1.2571582e-05,1.1438778896882493e-06,False,False,False,0,False,,,-7.494356216259761,3.0,False,False,,,weekly,10.0,sigma,computed,/home/lkoo/projects/AutomationDetection/DownloadedLC/incremental/quiescent_background_cache.csv,,,,,,False,not_in_flare_streak
4FGL J2253.9+1609,714,715,59947.00001157408,1.14e-06,6.7e-08,6.54e-07,1.2815412128418547e-06,1.1438778896882493e-06,2.9420022568579806e-09,1.1438778896882493e-06,2.9420022568579806e-09,1.2571582e-05,1.2571582e-05,1.1438778896882493e-06,True,False,False,0,False,,,-0.05782323205087652,3.0,False,False,,,weekly,10.0,sigma,computed,/home/lkoo/projects/AutomationDetection/DownloadedLC/incremental/quiescent_background_cache.csv,,,,,,False,not_in_flare_streak
4FGL J2253.9+1609,715,716,59954.00001157408,6.12e-07,5.1e-08,1.14e-06,1.2815412128418547e-06,1.1438778896882493e-06,2.9420022568579806e-09,1.1438778896882493e-06,2.9420022568579806e-09,1.2571582e-05,1.2571582e-05,1.1438778896882493e-06,False,False,False,0,False,,,-10.411669102327874,3.0,False,False,,,weekly,10.0,sigma,computed,/home/lkoo/projects/AutomationDetection/DownloadedLC/incremental/quiescent_background_cache.csv,,,,,,False,not_in_flare_streak
4FGL J2253.9+1609,716,717,59961.00001157408,6.14e-07,5.68e-08,6.12e-07,1.2815412128418547e-06,1.1438778896882493e-06,2.9420022568579806e-09,1.1438778896882493e-06,2.9420022568579806e-09,1.2571582e-05,1.2571582e-05,1.1438778896882493e-06,True,False,False,0,False,,,-9.316347478318384,3.0,False,False,,,weekly,10.0,sigma,computed,/home/lkoo/projects/AutomationDetection/DownloadedLC/incremental/quiescent_background_cache.csv,,,,,,False,not_in_flare_streak
4FGL J2253.9+1609,717,718,59968.00001157408,5.17e-07,6.16e-08,6.14e-07,1.2815412128418547e-06,1.1438778896882493e-06,2.9420022568579806e-09,1.1438778896882493e-06,2.9420022568579806e-09,1.2571582e-05,1.2571582e-05,1.1438778896882493e-06,False,False,False,0,False,,,-10.165002555224747,3.0,False,False,,,weekly,10.0,sigma,computed,/home/lkoo/projects/AutomationDetection/DownloadedLC/incremental/quiescent_background_cache.csv,,,,,,False,not_in_flare_streak
4FGL J2253.9+1609,718,719,59975.00001157408,5.61e-07,6.29e-08,5.17e-07,1.2815412128418547e-06,1.1438778896882493e-06,2.9420022568579806e-09,1.1438778896882493e-06,2.9420022568579806e-09,1.2571582e-05,1.2571582e-05,1.1438778896882493e-06,True,False,False,0,False,,,-9.256619354558584,3.0,False,False,,,weekly,10.0,sigma,computed,/home/lkoo/projects/AutomationDetection/DownloadedLC/incremental/quiescent_background_cache.csv,,,,,,False,not_in_flare_streak
4FGL J2253.9+1609,719,720,59982.00001157408,1.06e-06,8.37e-08,5.61e-07,1.2815412128418547e-06,1.1438778896882493e-06,2.9420022568579806e-09,1.1438778896882493e-06,2.9420022568579806e-09,1.2571582e-05,1.2571582e-05,1.1438778896882493e-06,True,False,False,0,False,,,-1.0015068458618879,3.0,False,False,,,weekly,10.0,sigma,computed,/home/lkoo/projects/AutomationDetection/DownloadedLC/incremental/quiescent_background_cache.csv,,,,,,False,not_in_flare_streak
4FGL J2253.9+1609,720,721,59989.00001157408,7.79e-07,7.22e-08,1.06e-06,1.2815412128418547e-06,1.1438778896882493e-06,2.9420022568579806e-09,1.1438778896882493e-06,2.9420022568579806e-09,1.2571582e-05,1.2571582e-05,1.1438778896882493e-06,False,False,False,0,False,,,-5.049520021445005,3.0,False,False,,,weekly,10.0,sigma,computed,/home/lkoo/projects/AutomationDetection/DownloadedLC/incremental/quiescent_background_cache.csv,,,,,,False,not_in_flare_streak
4FGL J2253.9+1609,721,722,59996.00001157408,6.88e-07,7.73e-08,7.79e-07,1.2815412128418547e-06,1.1438778896882493e-06,2.9420022568579806e-09,1.1438778896882493e-06,2.9420022568579806e-09,1.2571582e-05,1.2571582e-05,1.1438778896882493e-06,False,False,False,0,False,,,-5.89324801969136,3.0,False,False,,,weekly,10.0,sigma,computed,/home/lkoo/projects/AutomationDetection/DownloadedLC/incremental/quiescent_background_cache.csv,,,,,,False,not_in_flare_streak
4FGL J2253.9+1609,722,723,60003.00001157408,3.2e-07,6.22e-08,6.88e-07,1.2815412128418547e-06,1.1438778896882493e-06,2.9420022568579806e-09,1.1438778896882493e-06,2.9420022568579806e-09,1.2571582e-05,1.2571582e-05,1.1438778896882493e-06,False,False,False,0,False,,,-13.23083347981343,3.0,False,False,,,weekly,10.0,sigma,computed,/home/lkoo/projects/AutomationDetection/DownloadedLC/incremental/quiescent_background_cache.csv,,,,,,False,not_in_flare_streak
4FGL J2253.9+1609,723,724,60010.00001157408,1.41e-07,4.96e-08,3.2e-07,1.2815412128418547e-06,1.1438778896882493e-06,2.9420022568579806e-09,1.1438778896882493e-06,2.9420022568579806e-09,1.2571582e-05,1.2571582e-05,1.1438778896882493e-06,False,False,False,0,False,,,-20.183837903305314,3.0,False,False,,,weekly,10.0,sigma,computed,/home/lkoo/projects/AutomationDetection/DownloadedLC/incremental/quiescent_background_cache.csv,,,,,,False,not_in_flare_streak
4FGL J2253.9+1609,724,725,60017.00001157408,1.18e-07,5.15e-08,1.41e-07,1.2815412128418547e-06,1.1438778896882493e-06,2.9420022568579806e-09,1.1438778896882493e-06,2.9420022568579806e-09,1.2571582e-05,1.2571582e-05,1.1438778896882493e-06,False,False,False,0,False,,,-19.887534871854648,3.0,False,False,,,weekly,10.0,sigma,computed,/home/lkoo/projects/AutomationDetection/DownloadedLC/incremental/quiescent_background_cache.csv,,,,,,False,not_in_flare_streak
4FGL J2253.9+1609,725,726,60024.00001157408,1.77e-07,5.01e-08,1.18e-07,1.2815412128418547e-06,1.1438778896882493e-06,2.9420022568579806e-09,1.1438778896882493e-06,2.9420022568579806e-09,1.2571582e-05,1.2571582e-05,1.1438778896882493e-06,True,False,False,0,False,,,-19.265770960712015,3.0,False,False,,,weekly,10.0,sigma,computed,/home/lkoo/projects/AutomationDetection/DownloadedLC/incremental/quiescent_background_cache.csv,,,,,,False,not_in_flare_streak
4FGL J2253.9+1609,726,727,60031.00001157408,1.72e-07,4.93e-08,1.77e-07,1.2815412128418547e-06,1.1438778896882493e-06,2.9420022568579806e-09,1.1438778896882493e-06,2.9420022568579806e-09,1.2571582e-05,1.2571582e-05,1.1438778896882493e-06,False,False,False,0,False,,,-19.678539329660534,3.0,False,False,,,weekly,10.0,sigma,computed,/home/lkoo/projects/AutomationDetection/DownloadedLC/incremental/quiescent_background_cache.csv,,,,,,False,not_in_flare_streak
4FGL J2253.9+1609,727,728,60038.00001157408,1.76e-07,5.95e-08,1.72e-07,1.2815412128418547e-06,1.1438778896882493e-06,2.9420022568579806e-09,1.1438778896882493e-06,2.9420022568579806e-09,1.2571582e-05,1.2571582e-05,1.1438778896882493e-06,True,False,False,0,False,,,-16.24700667278873,3.0,False,False,,,weekly,10.0,sigma,computed,/home/lkoo/projects/AutomationDetection/DownloadedLC/incremental/quiescent_background_cache.csv,,,,,,False,not_in_flare_streak
4FGL J2253.9+1609,728,729,60045.00001157408,2.36e-07,5.92e-08,1.76e-07,1.2815412128418547e-06,1.1438778896882493e-06,2.9420022568579806e-09,1.1438778896882493e-06,2.9420022568579806e-09,1.2571582e-05,1.2571582e-05,1.1438778896882493e-06,True,False,False,0,False,,,-15.316872856930408,3.0,False,False,,,weekly,10.0,sigma,computed,/home/lkoo/projects/AutomationDetection/DownloadedLC/incremental/quiescent_background_cache.csv,,,,,,False,not_in_flare_streak
4FGL J2253.9+1609,729,730,60052.00001157408,2.8e-07,4.9e-08,2.36e-07,1.2815412128418547e-06,1.1438778896882493e-06,2.9420022568579806e-09,1.1438778896882493e-06,2.9420022568579806e-09,1.2571582e-05,1.2571582e-05,1.1438778896882493e-06,True,False,False,0,False,,,-17.598469143821962,3.0,False,False,,,weekly,10.0,sigma,computed,/home/lkoo/projects/AutomationDetection/DownloadedLC/incremental/quiescent_background_cache.csv,,,,,,False,not_in_flare_streak
4FGL J2253.9+1609,730,731,60059.00001157408,2.23e-07,4.68e-08,2.8e-07,1.2815412128418547e-06,1.1438778896882493e-06,2.9420022568579806e-09,1.1438778896882493e-06,2.9420022568579806e-09,1.2571582e-05,1.2571582e-05,1.1438778896882493e-06,False,False,False,0,False,,,-19.63811335527372,3.0,False,False,,,weekly,10.0,sigma,computed,/home/lkoo/projects/AutomationDetection/DownloadedLC/incremental/quiescent_background_cache.csv,,,,,,False,not_in_flare_streak
4FGL J2253.9+1609,731,732,60066.00001157408,3.06e-07,4.93e-08,2.23e-07,1.2815412128418547e-06,1.1438778896882493e-06,2.9420022568579806e-09,1.1438778896882493e-06,2.9420022568579806e-09,1.2571582e-05,1.2571582e-05,1.1438778896882493e-06,True,False,False,0,False,,,-16.965313421187236,3.0,False,False,,,weekly,10.0,sigma,computed,/home/lkoo/projects/AutomationDetection/DownloadedLC/incremental/quiescent_background_cache.csv,,,,,,False,not_in_flare_streak
4FGL J2253.9+1609,732,733,60073.00001157408,2.1e-07,4.44e-08,3.06e-07,1.2815412128418547e-06,1.1438778896882493e-06,2.9420022568579806e-09,1.1438778896882493e-06,2.9420022568579806e-09,1.2571582e-05,1.2571582e-05,1.1438778896882493e-06,False,False,False,0,False,,,-20.987263329614255,3.0,False,False,,,weekly,10.0,sigma,computed,/home/lkoo/projects/AutomationDetection/DownloadedLC/incremental/quiescent_background_cache.csv,,,,,,False,not_in_flare_streak
4FGL J2253.9+1609,733,734,60080.00001157408,4.24e-07,5.44e-08,2.1e-07,1.2815412128418547e-06,1.1438778896882493e-06,2.9420022568579806e-09,1.1438778896882493e-06,2.9420022568579806e-09,1.2571582e-05,1.2571582e-05,1.1438778896882493e-06,True,False,False,0,False,,,-13.213740132264586,3.0,False,False,,,weekly,10.0,sigma,computed,/home/lkoo/projects/AutomationDetection/DownloadedLC/incremental/quiescent_background_cache.csv,,,,,,False,not_in_flare_streak
4FGL J2253.9+1609,734,735,60087.00001157408,4.1e-07,5.67e-08,4.24e-07,1.2815412128418547e-06,1.1438778896882493e-06,2.9420022568579806e-09,1.1438778896882493e-06,2.9420022568579806e-09,1.2571582e-05,1.2571582e-05,1.1438778896882493e-06,False,False,False,0,False,,,-12.925784451373298,3.0,False,False,,,weekly,10.0,sigma,computed,/home/lkoo/projects/AutomationDetection/DownloadedLC/incremental/quiescent_background_cache.csv,,,,,,False,not_in_flare_streak
4FGL J2253.9+1609,735,736,60094.00001157408,3.21e-07,5.44e-08,4.1e-07,1.2815412128418547e-06,1.1438778896882493e-06,2.9420022568579806e-09,1.1438778896882493e-06,2.9420022568579806e-09,1.2571582e-05,1.2571582e-05,1.1438778896882493e-06,False,False,False,0,False,,,-15.104359712500138,3.0,False,False,,,weekly,10.0,sigma,computed,/home/lkoo/projects/AutomationDetection/DownloadedLC/incremental/quiescent_background_cache.csv,,,,,,False,not_in_flare_streak
4FGL J2253.9+1609,736,737,60101.00001157408,3.17e-07,4.68e-08,3.21e-07,1.2815412128418547e-06,1.1438778896882493e-06,2.9420022568579806e-09,1.1438778896882493e-06,2.9420022568579806e-09,1.2571582e-05,1.2571582e-05,1.1438778896882493e-06,False,False,False,0,False,,,-17.63352330477239,3.0,False,False,,,weekly,10.0,sigma,computed,/home/lkoo/projects/AutomationDetection/DownloadedLC/incremental/quiescent_background_cache.csv,,,,,,False,not_in_flare_streak
4FGL J2253.9+1609,737,738,60108.00001157408,3.04e-07,4.53e-08,3.17e-07,1.2815412128418547e-06,1.1438778896882493e-06,2.9420022568579806e-09,1.1438778896882493e-06,2.9420022568579806e-09,1.2571582e-05,1.2571582e-05,1.1438778896882493e-06,False,False,False,0,False,,,-18.501373949502543,3.0,False,False,,,weekly,10.0,sigma,computed,/home/lkoo/projects/AutomationDetection/DownloadedLC/incremental/quiescent_background_cache.csv,,,,,,False,not_in_flare_streak
4FGL J2253.9+1609,738,739,60115.00001157408,3.11e-07,4.12e-08,3.04e-07,1.2815412128418547e-06,1.1438778896882493e-06,2.9420022568579806e-09,1.1438778896882493e-06,2.9420022568579806e-09,1.2571582e-05,1.2571582e-05,1.1438778896882493e-06,True,False,False,0,False,,,-20.164138879309544,3.0,False,False,,,weekly,10.0,sigma,computed,/home/lkoo/projects/AutomationDetection/DownloadedLC/incremental/quiescent_background_cache.csv,,,,,,False,not_in_flare_streak
4FGL J2253.9+1609,739,740,60122.00001157408,6.07e-07,5.54e-08,3.11e-07,1.2815412128418547e-06,1.1438778896882493e-06,2.9420022568579806e-09,1.1438778896882493e-06,2.9420022568579806e-09,1.2571582e-05,1.2571582e-05,1.1438778896882493e-06,True,False,False,0,False,,,-9.67730070431984,3.0,False,False,,,weekly,10.0,sigma,computed,/home/lkoo/projects/AutomationDetection/DownloadedLC/incremental/quiescent_background_cache.csv,,,,,,False,not_in_flare_streak
4FGL J2253.9+1609,740,741,60129.00001157408,9.22e-07,7.2e-08,6.07e-07,1.2815412128418547e-06,1.1438778896882493e-06,2.9420022568579806e-09,1.1438778896882493e-06,2.9420022568579806e-09,1.2571582e-05,1.2571582e-05,1.1438778896882493e-06,True,False,False,0,False,,,-3.0790679721257384,3.0,False,False,,,weekly,10.0,sigma,computed,/home/lkoo/projects/AutomationDetection/DownloadedLC/incremental/quiescent_background_cache.csv,,,,,,False,not_in_flare_streak
4FGL J2253.9+1609,741,742,60136.00001157408,2.87e-07,4.93e-08,9.22e-07,1.2815412128418547e-06,1.1438778896882493e-06,2.9420022568579806e-09,1.1438778896882493e-06,2.9420022568579806e-09,1.2571582e-05,1.2571582e-05,1.1438778896882493e-06,False,False,False,0,False,,,-17.350024557463303,3.0,False,False,,,weekly,10.0,sigma,computed,/home/lkoo/projects/AutomationDetection/DownloadedLC/incremental/quiescent_background_cache.csv,,,,,,False,not_in_flare_streak
4FGL J2253.9+1609,742,743,60143.00001157408,4.98e-07,5.94e-08,2.87e-07,1.2815412128418547e-06,1.1438778896882493e-06,2.9420022568579806e-09,1.1438778896882493e-06,2.9420022568579806e-09,1.2571582e-05,1.2571582e-05,1.1438778896882493e-06,True,False,False,0,False,,,-10.860052972891571,3.0,False,False,,,weekly,10.0,sigma,computed,/home/lkoo/projects/AutomationDetection/DownloadedLC/incremental/quiescent_background_cache.csv,,,,,,False,not_in_flare_streak
4FGL J2253.9+1609,743,744,60150.00001157408,2.78e-07,5.35e-08,4.98e-07,1.2815412128418547e-06,1.1438778896882493e-06,2.9420022568579806e-09,1.1438778896882493e-06,2.9420022568579806e-09,1.2571582e-05,1.2571582e-05,1.1438778896882493e-06,False,False,False,0,False,,,-16.16021783523273,3.0,False,False,,,weekly,10.0,sigma,computed,/home/lkoo/projects/AutomationDetection/DownloadedLC/incremental/quiescent_background_cache.csv,,,,,,False,not_in_flare_streak
4FGL J2253.9+1609,744,745,60157.00001157408,4.27e-07,6.95e-08,2.78e-07,1.2815412128418547e-06,1.1438778896882493e-06,2.9420022568579806e-09,1.1438778896882493e-06,2.9420022568579806e-09,1.2571582e-05,1.2571582e-05,1.1438778896882493e-06,True,False,False,0,False,,,-10.305560589500967,3.0,False,False,,,weekly,10.0,sigma,computed,/home/lkoo/projects/AutomationDetection/DownloadedLC/incremental/quiescent_background_cache.csv,,,,,,False,not_in_flare_streak
4FGL J2253.9+1609,745,746,60164.00001157408,3.63e-07,5.54e-08,4.27e-07,1.2815412128418547e-06,1.1438778896882493e-06,2.9420022568579806e-09,1.1438778896882493e-06,2.9420022568579806e-09,1.2571582e-05,1.2571582e-05,1.1438778896882493e-06,False,False,False,0,False,,,-14.075435582299567,3.0,False,False,,,weekly,10.0,sigma,computed,/home/lkoo/projects/AutomationDetection/DownloadedLC/incremental/quiescent_background_cache.csv,,,,,,False,not_in_flare_streak
4FGL J2253.9+1609,746,747,60171.00001157408,3.16e-07,5.61e-08,3.63e-07,1.2815412128418547e-06,1.1438778896882493e-06,2.9420022568579806e-09,1.1438778896882493e-06,2.9420022568579806e-09,1.2571582e-05,1.2571582e-05,1.1438778896882493e-06,False,False,False,0,False,,,-14.736930980740794,3.0,False,False,,,weekly,10.0,sigma,computed,/home/lkoo/projects/AutomationDetection/DownloadedLC/incremental/quiescent_background_cache.csv,,,,,,False,not_in_flare_streak
4FGL J2253.9+1609,747,748,60178.00001157408,2.85e-07,4.95e-08,3.16e-07,1.2815412128418547e-06,1.1438778896882493e-06,2.9420022568579806e-09,1.1438778896882493e-06,2.9420022568579806e-09,1.2571582e-05,1.2571582e-05,1.1438778896882493e-06,False,False,False,0,False,,,-17.320503570017156,3.0,False,False,,,weekly,10.0,sigma,computed,/home/lkoo/projects/AutomationDetection/DownloadedLC/incremental/quiescent_background_cache.csv,,,,,,False,not_in_flare_streak
4FGL J2253.9+1609,748,749,60185.00001157408,2.56e-07,5.35e-08,2.85e-07,1.2815412128418547e-06,1.1438778896882493e-06,2.9420022568579806e-09,1.1438778896882493e-06,2.9420022568579806e-09,1.2571582e-05,1.2571582e-05,1.1438778896882493e-06,False,False,False,0,False,,,-16.570812442866288,3.0,False,False,,,weekly,10.0,sigma,computed,/home/lkoo/projects/AutomationDetection/DownloadedLC/incremental/quiescent_background_cache.csv,,,,,,False,not_in_flare_streak
4FGL J2253.9+1609,749,750,60192.00001157408,3.82e-07,6.16e-08,2.56e-07,1.2815412128418547e-06,1.1438778896882493e-06,2.9420022568579806e-09,1.1438778896882493e-06,2.9420022568579806e-09,1.2571582e-05,1.2571582e-05,1.1438778896882493e-06,True,False,False,0,False,,,-12.354065796293566,3.0,False,False,,,weekly,10.0,sigma,computed,/home/lkoo/projects/AutomationDetection/DownloadedLC/incremental/quiescent_background_cache.csv,,,,,,False,not_in_flare_streak
4FGL J2253.9+1609,750,751,60199.00001157408,3.24e-07,6.92e-08,3.82e-07,1.2815412128418547e-06,1.1438778896882493e-06,2.9420022568579806e-09,1.1438778896882493e-06,2.9420022568579806e-09,1.2571582e-05,1.2571582e-05,1.1438778896882493e-06,False,False,False,0,False,,,-11.837253405315979,3.0,False,False,,,weekly,10.0,sigma,computed,/home/lkoo/projects/AutomationDetection/DownloadedLC/incremental/quiescent_background_cache.csv,,,,,,False,not_in_flare_streak
4FGL J2253.9+1609,751,752,60206.00001157408,1.49e-07,5.11e-08,3.24e-07,1.2815412128418547e-06,1.1438778896882493e-06,2.9420022568579806e-09,1.1438778896882493e-06,2.9420022568579806e-09,1.2571582e-05,1.2571582e-05,1.1438778896882493e-06,False,False,False,0,False,,,-19.437047294194237,3.0,False,False,,,weekly,10.0,sigma,computed,/home/lkoo/projects/AutomationDetection/DownloadedLC/incremental/quiescent_background_cache.csv,,,,,,False,not_in_flare_streak
4FGL J2253.9+1609,752,753,60213.00001157408,3.43e-07,6.32e-08,1.49e-07,1.2815412128418547e-06,1.1438778896882493e-06,2.9420022568579806e-09,1.1438778896882493e-06,2.9420022568579806e-09,1.2571582e-05,1.2571582e-05,1.1438778896882493e-06,True,False,False,0,False,,,-12.658410764802412,3.0,False,False,,,weekly,10.0,sigma,computed,/home/lkoo/projects/AutomationDetection/DownloadedLC/incremental/quiescent_background_cache.csv,,,,,,False,not_in_flare_streak
4FGL J2253.9+1609,753,754,60220.00001157408,3.91e-07,6.91e-08,3.43e-07,1.2815412128418547e-06,1.1438778896882493e-06,2.9420022568579806e-09,1.1438778896882493e-06,2.9420022568579806e-09,1.2571582e-05,1.2571582e-05,1.1438778896882493e-06,True,False,False,0,False,,,-10.885621402135671,3.0,False,False,,,weekly,10.0,sigma,computed,/home/lkoo/projects/AutomationDetection/DownloadedLC/incremental/quiescent_background_cache.csv,,,,,,False,not_in_flare_streak
4FGL J2253.9+1609,754,755,60227.00001157408,3.77e-07,1.14e-07,3.91e-07,1.2815412128418547e-06,1.1438778896882493e-06,2.9420022568579806e-09,1.1438778896882493e-06,2.9420022568579806e-09,1.2571582e-05,1.2571582e-05,1.1438778896882493e-06,False,False,False,0,False,,,-6.724760049307081,3.0,False,False,,,weekly,10.0,sigma,computed,/home/lkoo/projects/AutomationDetection/DownloadedLC/incremental/quiescent_background_cache.csv,,,,,,False,not_in_flare_streak
4FGL J2253.9+1609,755,756,60234.00001157408,2.97e-07,6.5e-08,3.77e-07,1.2815412128418547e-06,1.1438778896882493e-06,2.9420022568579806e-09,1.1438778896882493e-06,2.9420022568579806e-09,1.2571582e-05,1.2571582e-05,1.1438778896882493e-06,False,False,False,0,False,,,-13.015565522686025,3.0,False,False,,,weekly,10.0,sigma,computed,/home/lkoo/projects/AutomationDetection/DownloadedLC/incremental/quiescent_background_cache.csv,,,,,,False,not_in_flare_streak
4FGL J2253.9+1609,756,757,60241.00001157408,3.13e-07,5.27e-08,2.97e-07,1.2815412128418547e-06,1.1438778896882493e-06,2.9420022568579806e-09,1.1438778896882493e-06,2.9420022568579806e-09,1.2571582e-05,1.2571582e-05,1.1438778896882493e-06,True,False,False,0,False,,,-15.741673616940563,3.0,False,False,,,weekly,10.0,sigma,computed,/home/lkoo/projects/AutomationDetection/DownloadedLC/incremental/quiescent_background_cache.csv,,,,,,False,not_in_flare_streak
4FGL J2253.9+1609,757,758,60248.00001157408,2.59e-07,5.23e-08,3.13e-07,1.2815412128418547e-06,1.1438778896882493e-06,2.9420022568579806e-09,1.1438778896882493e-06,2.9420022568579806e-09,1.2571582e-05,1.2571582e-05,1.1438778896882493e-06,False,False,False,0,False,,,-16.892565544486146,3.0,False,False,,,weekly,10.0,sigma,computed,/home/lkoo/projects/AutomationDetection/DownloadedLC/incremental/quiescent_background_cache.csv,,,,,,False,not_in_flare_streak
4FGL J2253.9+1609,758,759,60255.00001157408,2.36e-07,5.35e-08,2.59e-07,1.2815412128418547e-06,1.1438778896882493e-06,2.9420022568579806e-09,1.1438778896882493e-06,2.9420022568579806e-09,1.2571582e-05,1.2571582e-05,1.1438778896882493e-06,False,False,False,0,False,,,-16.944080267987705,3.0,False,False,,,weekly,10.0,sigma,computed,/home/lkoo/projects/AutomationDetection/DownloadedLC/incremental/quiescent_background_cache.csv,,,,,,False,not_in_flare_streak
4FGL J2253.9+1609,759,760,60269.00001157408,2.21e-07,4.56e-08,2.36e-07,1.2815412128418547e-06,1.1438778896882493e-06,2.9420022568579806e-09,1.1438778896882493e-06,2.9420022568579806e-09,1.2571582e-05,1.2571582e-05,1.1438778896882493e-06,False,False,False,0,False,,,-20.196559573717355,3.0,False,False,,,weekly,10.0,sigma,computed,/home/lkoo/projects/AutomationDetection/DownloadedLC/incremental/quiescent_background_cache.csv,,,,,,False,not_in_flare_streak
4FGL J2253.9+1609,760,761,60276.00001157408,3.13e-07,4.67e-08,2.21e-07,1.2815412128418547e-06,1.1438778896882493e-06,2.9420022568579806e-09,1.1438778896882493e-06,2.9420022568579806e-09,1.2571582e-05,1.2571582e-05,1.1438778896882493e-06,True,False,False,0,False,,,-17.756616992317504,3.0,False,False,,,weekly,10.0,sigma,computed,/home/lkoo/projects/AutomationDetection/DownloadedLC/incremental/quiescent_background_cache.csv,,,,,,False,not_in_flare_streak
4FGL J2253.9+1609,761,762,60283.00001157408,3.11e-07,4.58e-08,3.13e-07,1.2815412128418547e-06,1.1438778896882493e-06,2.9420022568579806e-09,1.1438778896882493e-06,2.9420022568579806e-09,1.2571582e-05,1.2571582e-05,1.1438778896882493e-06,False,False,False,0,False,,,-18.147704364598315,3.0,False,False,,,weekly,10.0,sigma,computed,/home/lkoo/projects/AutomationDetection/DownloadedLC/incremental/quiescent_background_cache.csv,,,,,,False,not_in_flare_streak
4FGL J2253.9+1609,762,763,60290.00001157408,3.53e-07,5.23e-08,3.11e-07,1.2815412128418547e-06,1.1438778896882493e-06,2.9420022568579806e-09,1.1438778896882493e-06,2.9420022568579806e-09,1.2571582e-05,1.2571582e-05,1.1438778896882493e-06,True,False,False,0,False,,,-15.098079345106557,3.0,False,False,,,weekly,10.0,sigma,computed,/home/lkoo/projects/AutomationDetection/DownloadedLC/incremental/quiescent_background_cache.csv,,,,,,False,not_in_flare_streak
4FGL J2253.9+1609,763,764,60297.00001157408,2.05e-07,4.9e-08,3.53e-07,1.2815412128418547e-06,1.1438778896882493e-06,2.9420022568579806e-09,1.1438778896882493e-06,2.9420022568579806e-09,1.2571582e-05,1.2571582e-05,1.1438778896882493e-06,False,False,False,0,False,,,-19.12632996945666,3.0,False,False,,,weekly,10.0,sigma,computed,/home/lkoo/projects/AutomationDetection/DownloadedLC/incremental/quiescent_background_cache.csv,,,,,,False,not_in_flare_streak
4FGL J2253.9+1609,764,765,60304.00001157408,2.13e-07,5.19e-08,2.05e-07,1.2815412128418547e-06,1.1438778896882493e-06,2.9420022568579806e-09,1.1438778896882493e-06,2.9420022568579806e-09,1.2571582e-05,1.2571582e-05,1.1438778896882493e-06,True,False,False,0,False,,,-17.907242570384675,3.0,False,False,,,weekly,10.0,sigma,computed,/home/lkoo/projects/AutomationDetection/DownloadedLC/incremental/quiescent_background_cache.csv,,,,,,False,not_in_flare_streak
4FGL J2253.9+1609,765,766,60311.00001157408,2.02e-07,3.87e-08,2.13e-07,1.2815412128418547e-06,1.1438778896882493e-06,2.9420022568579806e-09,1.1438778896882493e-06,2.9420022568579806e-09,1.2571582e-05,1.2571582e-05,1.1438778896882493e-06,False,False,False,0,False,,,-24.267907034030404,3.0,False,False,,,weekly,10.0,sigma,computed,/home/lkoo/projects/AutomationDetection/DownloadedLC/incremental/quiescent_background_cache.csv,,,,,,False,not_in_flare_streak
4FGL J2253.9+1609,766,767,60318.00001157408,1.84e-07,3.67e-08,2.02e-07,1.2815412128418547e-06,1.1438778896882493e-06,2.9420022568579806e-09,1.1438778896882493e-06,2.9420022568579806e-09,1.2571582e-05,1.2571582e-05,1.1438778896882493e-06,False,False,False,0,False,,,-26.071076134154094,3.0,False,False,,,weekly,10.0,sigma,computed,/home/lkoo/projects/AutomationDetection/DownloadedLC/incremental/quiescent_background_cache.csv,,,,,,False,not_in_flare_streak
4FGL J2253.9+1609,767,768,60332.00001157408,3.24e-07,5.23e-08,1.84e-07,1.2815412128418547e-06,1.1438778896882493e-06,2.9420022568579806e-09,1.1438778896882493e-06,2.9420022568579806e-09,1.2571582e-05,1.2571582e-05,1.1438778896882493e-06,True,False,False,0,False,,,-15.651697427893877,3.0,False,False,,,weekly,10.0,sigma,computed,/home/lkoo/projects/AutomationDetection/DownloadedLC/incremental/quiescent_background_cache.csv,,,,,,False,not_in_flare_streak
4FGL J2253.9+1609,768,769,60339.00001157408,1.9e-07,4.59e-08,3.24e-07,1.2815412128418547e-06,1.1438778896882493e-06,2.9420022568579806e-09,1.1438778896882493e-06,2.9420022568579806e-09,1.2571582e-05,1.2571582e-05,1.1438778896882493e-06,False,False,False,0,False,,,-20.739095969673553,3.0,False,False,,,weekly,10.0,sigma,computed,/home/lkoo/projects/AutomationDetection/DownloadedLC/incremental/quiescent_background_cache.csv,,,,,,False,not_in_flare_streak
4FGL J2253.9+1609,769,770,60346.00001157408,1.47e-07,4.61e-08,1.9e-07,1.2815412128418547e-06,1.1438778896882493e-06,2.9420022568579806e-09,1.1438778896882493e-06,2.9420022568579806e-09,1.2571582e-05,1.2571582e-05,1.1438778896882493e-06,False,False,False,0,False,,,-21.580348569300895,3.0,False,False,,,weekly,10.0,sigma,computed,/home/lkoo/projects/AutomationDetection/DownloadedLC/incremental/quiescent_background_cache.csv,,,,,,False,not_in_flare_streak
4FGL J2253.9+1609,770,771,60353.00001157408,1.28e-07,5.03e-08,1.47e-07,1.2815412128418547e-06,1.1438778896882493e-06,2.9420022568579806e-09,1.1438778896882493e-06,2.9420022568579806e-09,1.2571582e-05,1.2571582e-05,1.1438778896882493e-06,False,False,False,0,False,,,-20.16192223440557,3.0,False,False,,,weekly,10.0,sigma,computed,/home/lkoo/projects/AutomationDetection/DownloadedLC/incremental/quiescent_background_cache.csv,,,,,,False,not_in_flare_streak
4FGL J2253.9+1609,771,772,60360.00001157408,2.48e-07,5.17e-08,1.28e-07,1.2815412128418547e-06,1.1438778896882493e-06,2.9420022568579806e-09,1.1438778896882493e-06,2.9420022568579806e-09,1.2571582e-05,1.2571582e-05,1.1438778896882493e-06,True,False,False,0,False,,,-17.30040392579251,3.0,False,False,,,weekly,10.0,sigma,computed,/home/lkoo/projects/AutomationDetection/DownloadedLC/incremental/quiescent_background_cache.csv,,,,,,False,not_in_flare_streak
4FGL J2253.9+1609,772,773,60367.00001157408,2.27e-07,5.3e-08,2.48e-07,1.2815412128418547e-06,1.1438778896882493e-06,2.9420022568579806e-09,1.1438778896882493e-06,2.9420022568579806e-09,1.2571582e-05,1.2571582e-05,1.1438778896882493e-06,False,False,False,0,False,,,-17.272991640692915,3.0,False,False,,,weekly,10.0,sigma,computed,/home/lkoo/projects/AutomationDetection/DownloadedLC/incremental/quiescent_background_cache.csv,,,,,,False,not_in_flare_streak
4FGL J2253.9+1609,773,774,60374.00001157408,1.89e-07,5.59e-08,2.27e-07,1.2815412128418547e-06,1.1438778896882493e-06,2.9420022568579806e-09,1.1438778896882493e-06,2.9420022568579806e-09,1.2571582e-05,1.2571582e-05,1.1438778896882493e-06,False,False,False,0,False,,,-17.058285826485335,3.0,False,False,,,weekly,10.0,sigma,computed,/home/lkoo/projects/AutomationDetection/DownloadedLC/incremental/quiescent_background_cache.csv,,,,,,False,not_in_flare_streak
4FGL J2253.9+1609,774,775,60381.00001157408,3.59e-07,5.71e-08,1.89e-07,1.2815412128418547e-06,1.1438778896882493e-06,2.9420022568579806e-09,1.1438778896882493e-06,2.9420022568579806e-09,1.2571582e-05,1.2571582e-05,1.1438778896882493e-06,True,False,False,0,False,,,-13.7274633219317,3.0,False,False,,,weekly,10.0,sigma,computed,/home/lkoo/projects/AutomationDetection/DownloadedLC/incremental/quiescent_background_cache.csv,,,,,,False,not_in_flare_streak
4FGL J2253.9+1609,775,776,60388.00001157408,4.79e-07,1.43e-07,3.59e-07,1.2815412128418547e-06,1.1438778896882493e-06,2.9420022568579806e-09,1.1438778896882493e-06,2.9420022568579806e-09,1.2571582e-05,1.2571582e-05,1.1438778896882493e-06,True,False,False,0,False,,,-4.648512056379175,3.0,False,False,,,weekly,10.0,sigma,computed,/home/lkoo/projects/AutomationDetection/DownloadedLC/incremental/quiescent_background_cache.csv,,,,,,False,not_in_flare_streak
4FGL J2253.9+1609,776,777,60395.00001157408,7.43e-07,6.65e-08,4.79e-07,1.2815412128418547e-06,1.1438778896882493e-06,2.9420022568579806e-09,1.1438778896882493e-06,2.9420022568579806e-09,1.2571582e-05,1.2571582e-05,1.1438778896882493e-06,True,False,False,0,False,,,-6.022348251786369,3.0,False,False,,,weekly,10.0,sigma,computed,/home/lkoo/projects/AutomationDetection/DownloadedLC/incremental/quiescent_background_cache.csv,,,,,,False,not_in_flare_streak
4FGL J2253.9+1609,777,778,60402.00001157408,6.72e-07,6.97e-08,7.43e-07,1.2815412128418547e-06,1.1438778896882493e-06,2.9420022568579806e-09,1.1438778896882493e-06,2.9420022568579806e-09,1.2571582e-05,1.2571582e-05,1.1438778896882493e-06,False,False,False,0,False,,,-6.764104617130233,3.0,False,False,,,weekly,10.0,sigma,computed,/home/lkoo/projects/AutomationDetection/DownloadedLC/incremental/quiescent_background_cache.csv,,,,,,False,not_in_flare_streak
4FGL J2253.9+1609,778,779,60409.00001157408,4.46e-07,7.03e-08,6.72e-07,1.2815412128418547e-06,1.1438778896882493e-06,2.9420022568579806e-09,1.1438778896882493e-06,2.9420022568579806e-09,1.2571582e-05,1.2571582e-05,1.1438778896882493e-06,False,False,False,0,False,,,-9.918457661826833,3.0,False,False,,,weekly,10.0,sigma,computed,/home/lkoo/projects/AutomationDetection/DownloadedLC/incremental/quiescent_background_cache.csv,,,,,,False,not_in_flare_streak
4FGL J2253.9+1609,779,780,60416.00001157408,4.19e-07,5.69e-08,4.46e-07,1.2815412128418547e-06,1.1438778896882493e-06,2.9420022568579806e-09,1.1438778896882493e-06,2.9420022568579806e-09,1.2571582e-05,1.2571582e-05,1.1438778896882493e-06,False,False,False,0,False,,,-12.722511236784415,3.0,False,False,,,weekly,10.0,sigma,computed,/home/lkoo/projects/AutomationDetection/DownloadedLC/incremental/quiescent_background_cache.csv,,,,,,False,not_in_flare_streak
4FGL J2253.9+1609,780,781,60423.00001157408,2.84e-07,5.42e-08,4.19e-07,1.2815412128418547e-06,1.1438778896882493e-06,2.9420022568579806e-09,1.1438778896882493e-06,2.9420022568579806e-09,1.2571582e-05,1.2571582e-05,1.1438778896882493e-06,False,False,False,0,False,,,-15.841585285158146,3.0,False,False,,,weekly,10.0,sigma,computed,/home/lkoo/projects/AutomationDetection/DownloadedLC/incremental/quiescent_background_cache.csv,,,,,,False,not_in_flare_streak
4FGL J2253.9+1609,781,782,60430.00001157408,2.79e-07,4.68e-08,2.84e-07,1.2815412128418547e-06,1.1438778896882493e-06,2.9420022568579806e-09,1.1438778896882493e-06,2.9420022568579806e-09,1.2571582e-05,1.2571582e-05,1.1438778896882493e-06,False,False,False,0,False,,,-18.443889495400587,3.0,False,False,,,weekly,10.0,sigma,computed,/home/lkoo/projects/AutomationDetection/DownloadedLC/incremental/quiescent_background_cache.csv,,,,,,False,not_in_flare_streak
4FGL J2253.9+1609,782,783,60437.00001157408,4.44e-07,5.16e-08,2.79e-07,1.2815412128418547e-06,1.1438778896882493e-06,2.9420022568579806e-09,1.1438778896882493e-06,2.9420022568579806e-09,1.2571582e-05,1.2571582e-05,1.1438778896882493e-06,True,False,False,0,False,,,-13.541532630409979,3.0,False,False,,,weekly,10.0,sigma,computed,/home/lkoo/projects/AutomationDetection/DownloadedLC/incremental/quiescent_background_cache.csv,,,,,,False,not_in_flare_streak
4FGL J2253.9+1609,783,784,60444.00001157408,6.34e-07,6.02e-08,4.44e-07,1.2815412128418547e-06,1.1438778896882493e-06,2.9420022568579806e-09,1.1438778896882493e-06,2.9420022568579806e-09,1.2571582e-05,1.2571582e-05,1.1438778896882493e-06,True,False,False,0,False,,,-8.459636240504828,3.0,False,False,,,weekly,10.0,sigma,computed,/home/lkoo/projects/AutomationDetection/DownloadedLC/incremental/quiescent_background_cache.csv,,,,,,False,not_in_flare_streak
4FGL J2253.9+1609,784,785,60451.00001157408,4.8e-07,5.7e-08,6.34e-07,1.2815412128418547e-06,1.1438778896882493e-06,2.9420022568579806e-09,1.1438778896882493e-06,2.9420022568579806e-09,1.2571582e-05,1.2571582e-05,1.1438778896882493e-06,False,False,False,0,False,,,-11.631497596974768,3.0,False,False,,,weekly,10.0,sigma,computed,/home/lkoo/projects/AutomationDetection/DownloadedLC/incremental/quiescent_background_cache.csv,,,,,,False,not_in_flare_streak
4FGL J2253.9+1609,785,786,60458.00001157408,5.87e-07,6.17e-08,4.8e-07,1.2815412128418547e-06,1.1438778896882493e-06,2.9420022568579806e-09,1.1438778896882493e-06,2.9420022568579806e-09,1.2571582e-05,1.2571582e-05,1.1438778896882493e-06,True,False,False,0,False,,,-9.015330729474023,3.0,False,False,,,weekly,10.0,sigma,computed,/home/lkoo/projects/AutomationDetection/DownloadedLC/incremental/quiescent_background_cache.csv,,,,,,False,not_in_flare_streak
4FGL J2253.9+1609,786,787,60465.00001157408,5.77e-07,5.88e-08,5.87e-07,1.2815412128418547e-06,1.1438778896882493e-06,2.9420022568579806e-09,1.1438778896882493e-06,2.9420022568579806e-09,1.2571582e-05,1.2571582e-05,1.1438778896882493e-06,False,False,False,0,False,,,-9.628735651385286,3.0,False,False,,,weekly,10.0,sigma,computed,/home/lkoo/projects/AutomationDetection/DownloadedLC/incremental/quiescent_background_cache.csv,,,,,,False,not_in_flare_streak
4FGL J2253.9+1609,787,788,60472.00001157408,3.63e-07,4.42e-08,5.77e-07,1.2815412128418547e-06,1.1438778896882493e-06,2.9420022568579806e-09,1.1438778896882493e-06,2.9420022568579806e-09,1.2571582e-05,1.2571582e-05,1.1438778896882493e-06,False,False,False,0,False,,,-17.627914512716977,3.0,False,False,,,weekly,10.0,sigma,computed,/home/lkoo/projects/AutomationDetection/DownloadedLC/incremental/quiescent_background_cache.csv,,,,,,False,not_in_flare_streak
4FGL J2253.9+1609,788,789,60479.00001157408,2.07e-07,3.49e-08,3.63e-07,1.2815412128418547e-06,1.1438778896882493e-06,2.9420022568579806e-09,1.1438778896882493e-06,2.9420022568579806e-09,1.2571582e-05,1.2571582e-05,1.1438778896882493e-06,False,False,False,0,False,,,-26.749762841404326,3.0,False,False,,,weekly,10.0,sigma,computed,/home/lkoo/projects/AutomationDetection/DownloadedLC/incremental/quiescent_background_cache.csv,,,,,,False,not_in_flare_streak
4FGL J2253.9+1609,789,790,60486.00001157408,3.31e-07,4.07e-08,2.07e-07,1.2815412128418547e-06,1.1438778896882493e-06,2.9420022568579806e-09,1.1438778896882493e-06,2.9420022568579806e-09,1.2571582e-05,1.2571582e-05,1.1438778896882493e-06,True,False,False,0,False,,,-19.920454037413627,3.0,False,False,,,weekly,10.0,sigma,computed,/home/lkoo/projects/AutomationDetection/DownloadedLC/incremental/quiescent_background_cache.csv,,,,,,False,not_in_flare_streak
4FGL J2253.9+1609,790,791,60493.00001157408,2.79e-07,5.3e-08,3.31e-07,1.2815412128418547e-06,1.1438778896882493e-06,2.9420022568579806e-09,1.1438778896882493e-06,2.9420022568579806e-09,1.2571582e-05,1.2571582e-05,1.1438778896882493e-06,False,False,False,0,False,,,-16.2933676630426,3.0,False,False,,,weekly,10.0,sigma,computed,/home/lkoo/projects/AutomationDetection/DownloadedLC/incremental/quiescent_background_cache.csv,,,,,,False,not_in_flare_streak
4FGL J2253.9+1609,791,792,60500.00001157408,1.6e-07,4.08e-08,2.79e-07,1.2815412128418547e-06,1.1438778896882493e-06,2.9420022568579806e-09,1.1438778896882493e-06,2.9420022568579806e-09,1.2571582e-05,1.2571582e-05,1.1438778896882493e-06,False,False,False,0,False,,,-24.052204921491366,3.0,False,False,,,weekly,10.0,sigma,computed,/home/lkoo/projects/AutomationDetection/DownloadedLC/incremental/quiescent_background_cache.csv,,,,,,False,not_in_flare_streak
4FGL J2253.9+1609,792,793,60507.00001157408,3.23e-07,5.19e-08,1.6e-07,1.2815412128418547e-06,1.1438778896882493e-06,2.9420022568579806e-09,1.1438778896882493e-06,2.9420022568579806e-09,1.2571582e-05,1.2571582e-05,1.1438778896882493e-06,True,False,False,0,False,,,-15.791179116130758,3.0,False,False,,,weekly,10.0,sigma,computed,/home/lkoo/projects/AutomationDetection/DownloadedLC/incremental/quiescent_background_cache.csv,,,,,,False,not_in_flare_streak
4FGL J2253.9+1609,793,794,60514.00001157408,2.16e-07,4.85e-08,3.23e-07,1.2815412128418547e-06,1.1438778896882493e-06,2.9420022568579806e-09,1.1438778896882493e-06,2.9420022568579806e-09,1.2571582e-05,1.2571582e-05,1.1438778896882493e-06,False,False,False,0,False,,,-19.096401426170242,3.0,False,False,,,weekly,10.0,sigma,computed,/home/lkoo/projects/AutomationDetection/DownloadedLC/incremental/quiescent_background_cache.csv,,,,,,False,not_in_flare_streak
4FGL J2253.9+1609,794,795,60521.00001157408,2.15e-07,5.46e-08,2.16e-07,1.2815412128418547e-06,1.1438778896882493e-06,2.9420022568579806e-09,1.1438778896882493e-06,2.9420022568579806e-09,1.2571582e-05,1.2571582e-05,1.1438778896882493e-06,False,False,False,0,False,,,-16.987772635865365,3.0,False,False,,,weekly,10.0,sigma,computed,/home/lkoo/projects/AutomationDetection/DownloadedLC/incremental/quiescent_background_cache.csv,,,,,,False,not_in_flare_streak
4FGL J2253.9+1609,795,796,60528.00001157408,2.39e-07,5.03e-08,2.15e-07,1.2815412128418547e-06,1.1438778896882493e-06,2.9420022568579806e-09,1.1438778896882493e-06,2.9420022568579806e-09,1.2571582e-05,1.2571582e-05,1.1438778896882493e-06,True,False,False,0,False,,,-17.958927769484397,3.0,False,False,,,weekly,10.0,sigma,computed,/home/lkoo/projects/AutomationDetection/DownloadedLC/incremental/quiescent_background_cache.csv,,,,,,False,not_in_flare_streak
4FGL J2253.9+1609,796,797,60535.00001157408,1.87e-07,4.52e-08,2.39e-07,1.2815412128418547e-06,1.1438778896882493e-06,2.9420022568579806e-09,1.1438778896882493e-06,2.9420022568579806e-09,1.2571582e-05,1.2571582e-05,1.1438778896882493e-06,False,False,False,0,False,,,-21.125163534758148,3.0,False,False,,,weekly,10.0,sigma,computed,/home/lkoo/projects/AutomationDetection/DownloadedLC/incremental/quiescent_background_cache.csv,,,,,,False,not_in_flare_streak
4FGL J2253.9+1609,797,798,60542.00001157408,3.35e-07,5.07e-08,1.87e-07,1.2815412128418547e-06,1.1438778896882493e-06,2.9420022568579806e-09,1.1438778896882493e-06,2.9420022568579806e-09,1.2571582e-05,1.2571582e-05,1.1438778896882493e-06,True,False,False,0,False,,,-15.92740608980423,3.0,False,False,,,weekly,10.0,sigma,computed,/home/lkoo/projects/AutomationDetection/DownloadedLC/incremental/quiescent_background_cache.csv,,,,,,False,not_in_flare_streak
4FGL J2253.9+1609,798,799,60549.00001157408,3.61e-07,4.93e-08,3.35e-07,1.2815412128418547e-06,1.1438778896882493e-06,2.9420022568579806e-09,1.1438778896882493e-06,2.9420022568579806e-09,1.2571582e-05,1.2571582e-05,1.1438778896882493e-06,True,False,False,0,False,,,-15.851675921440735,3.0,False,False,,,weekly,10.0,sigma,computed,/home/lkoo/projects/AutomationDetection/DownloadedLC/incremental/quiescent_background_cache.csv,,,,,,False,not_in_flare_streak
4FGL J2253.9+1609,799,800,60556.00001157408,3.59e-07,5.54e-08,3.61e-07,1.2815412128418547e-06,1.1438778896882493e-06,2.9420022568579806e-09,1.1438778896882493e-06,2.9420022568579806e-09,1.2571582e-05,1.2571582e-05,1.1438778896882493e-06,False,False,False,0,False,,,-14.147536154069725,3.0,False,False,,,weekly,10.0,sigma,computed,/home/lkoo/projects/AutomationDetection/DownloadedLC/incremental/quiescent_background_cache.csv,,,,,,False,not_in_flare_streak
4FGL J2253.9+1609,800,801,60563.00001157408,4.29e-07,6.79e-08,3.59e-07,1.2815412128418547e-06,1.1438778896882493e-06,2.9420022568579806e-09,1.1438778896882493e-06,2.9420022568579806e-09,1.2571582e-05,1.2571582e-05,1.1438778896882493e-06,True,False,False,0,False,,,-10.518524199981849,3.0,False,False,,,weekly,10.0,sigma,computed,/home/lkoo/projects/AutomationDetection/DownloadedLC/incremental/quiescent_background_cache.csv,,,,,,False,not_in_flare_streak
4FGL J2253.9+1609,801,802,60570.00001157408,3.85e-07,8.4e-08,4.29e-07,1.2815412128418547e-06,1.1438778896882493e-06,2.9420022568579806e-09,1.1438778896882493e-06,2.9420022568579806e-09,1.2571582e-05,1.2571582e-05,1.1438778896882493e-06,False,False,False,0,False,,,-9.028724659849031,3.0,False,False,,,weekly,10.0,sigma,computed,/home/lkoo/projects/AutomationDetection/DownloadedLC/incremental/quiescent_background_cache.csv,,,,,,False,not_in_flare_streak
4FGL J2253.9+1609,802,803,60577.00001157408,5.46e-07,6.57e-08,3.85e-07,1.2815412128418547e-06,1.1438778896882493e-06,2.9420022568579806e-09,1.1438778896882493e-06,2.9420022568579806e-09,1.2571582e-05,1.2571582e-05,1.1438778896882493e-06,True,False,False,0,False,,,-9.091010055483663,3.0,False,False,,,weekly,10.0,sigma,computed,/home/lkoo/projects/AutomationDetection/DownloadedLC/incremental/quiescent_background_cache.csv,,,,,,False,not_in_flare_streak
4FGL J2253.9+1609,803,804,60584.00001157408,3.97e-07,6.42e-08,5.46e-07,1.2815412128418547e-06,1.1438778896882493e-06,2.9420022568579806e-09,1.1438778896882493e-06,2.9420022568579806e-09,1.2571582e-05,1.2571582e-05,1.1438778896882493e-06,False,False,False,0,False,,,-11.621415995670326,3.0,False,False,,,weekly,10.0,sigma,computed,/home/lkoo/projects/AutomationDetection/DownloadedLC/incremental/quiescent_background_cache.csv,,,,,,False,not_in_flare_streak
4FGL J2253.9+1609,804,805,60591.00001157408,6.52e-07,1.23e-07,3.97e-07,1.2815412128418547e-06,1.1438778896882493e-06,2.9420022568579806e-09,1.1438778896882493e-06,2.9420022568579806e-09,1.2571582e-05,1.2571582e-05,1.1438778896882493e-06,True,False,False,0,False,,,-3.9978637977246967,3.0,False,False,,,weekly,10.0,sigma,computed,/home/lkoo/projects/AutomationDetection/DownloadedLC/incremental/quiescent_background_cache.csv,,,,,,False,not_in_flare_streak
4FGL J2253.9+1609,805,806,60598.00001157408,7.47e-07,1.13e-07,6.52e-07,1.2815412128418547e-06,1.1438778896882493e-06,2.9420022568579806e-09,1.1438778896882493e-06,2.9420022568579806e-09,1.2571582e-05,1.2571582e-05,1.1438778896882493e-06,True,False,False,0,False,,,-3.5110039609069745,3.0,False,False,,,weekly,10.0,sigma,computed,/home/lkoo/projects/AutomationDetection/DownloadedLC/incremental/quiescent_background_cache.csv,,,,,,False,not_in_flare_streak
4FGL J2253.9+1609,806,807,60605.00001157408,5.17e-07,5.85e-08,7.47e-07,1.2815412128418547e-06,1.1438778896882493e-06,2.9420022568579806e-09,1.1438778896882493e-06,2.9420022568579806e-09,1.2571582e-05,1.2571582e-05,1.1438778896882493e-06,False,False,False,0,False,,,-10.702336011996788,3.0,False,False,,,weekly,10.0,sigma,computed,/home/lkoo/projects/AutomationDetection/DownloadedLC/incremental/quiescent_background_cache.csv,,,,,,False,not_in_flare_streak
4FGL J2253.9+1609,807,808,60612.00001157408,4.58e-07,6.12e-08,5.17e-07,1.2815412128418547e-06,1.1438778896882493e-06,2.9420022568579806e-09,1.1438778896882493e-06,2.9420022568579806e-09,1.2571582e-05,1.2571582e-05,1.1438778896882493e-06,False,False,False,0,False,,,-11.194228093621028,3.0,False,False,,,weekly,10.0,sigma,computed,/home/lkoo/projects/AutomationDetection/DownloadedLC/incremental/quiescent_background_cache.csv,,,,,,False,not_in_flare_streak
4FGL J2253.9+1609,808,809,60619.00001157408,5.86e-07,6.79e-08,4.58e-07,1.2815412128418547e-06,1.1438778896882493e-06,2.9420022568579806e-09,1.1438778896882493e-06,2.9420022568579806e-09,1.2571582e-05,1.2571582e-05,1.1438778896882493e-06,True,False,False,0,False,,,-8.208467722899712,3.0,False,False,,,weekly,10.0,sigma,computed,/home/lkoo/projects/AutomationDetection/DownloadedLC/incremental/quiescent_background_cache.csv,,,,,,False,not_in_flare_streak
4FGL J2253.9+1609,809,810,60626.00001157408,6.41e-07,7.07e-08,5.86e-07,1.2815412128418547e-06,1.1438778896882493e-06,2.9420022568579806e-09,1.1438778896882493e-06,2.9420022568579806e-09,1.2571582e-05,1.2571582e-05,1.1438778896882493e-06,True,False,False,0,False,,,-7.106691132127888,3.0,False,False,,,weekly,10.0,sigma,computed,/home/lkoo/projects/AutomationDetection/DownloadedLC/incremental/quiescent_background_cache.csv,,,,,,False,not_in_flare_streak
4FGL J2253.9+1609,810,811,60633.00001157408,5.35e-07,5.37e-08,6.41e-07,1.2815412128418547e-06,1.1438778896882493e-06,2.9420022568579806e-09,1.1438778896882493e-06,2.9420022568579806e-09,1.2571582e-05,1.2571582e-05,1.1438778896882493e-06,False,False,False,0,False,,,-11.321530167610167,3.0,False,False,,,weekly,10.0,sigma,computed,/home/lkoo/projects/AutomationDetection/DownloadedLC/incremental/quiescent_background_cache.csv,,,,,,False,not_in_flare_streak
4FGL J2253.9+1609,811,812,60640.00001157408,4.07e-07,4.96e-08,5.35e-07,1.2815412128418547e-06,1.1438778896882493e-06,2.9420022568579806e-09,1.1438778896882493e-06,2.9420022568579806e-09,1.2571582e-05,1.2571582e-05,1.1438778896882493e-06,False,False,False,0,False,,,-14.83034378654084,3.0,False,False,,,weekly,10.0,sigma,computed,/home/lkoo/projects/AutomationDetection/DownloadedLC/incremental/quiescent_background_cache.csv,,,,,,False,not_in_flare_streak
4FGL J2253.9+1609,812,813,60647.00001157408,4.06e-07,4.88e-08,4.07e-07,1.2815412128418547e-06,1.1438778896882493e-06,2.9420022568579806e-09,1.1438778896882493e-06,2.9420022568579806e-09,1.2571582e-05,1.2571582e-05,1.1438778896882493e-06,False,False,False,0,False,,,-15.093045492416744,3.0,False,False,,,weekly,10.0,sigma,computed,/home/lkoo/projects/AutomationDetection/DownloadedLC/incremental/quiescent_background_cache.csv,,,,,,False,not_in_flare_streak
4FGL J2253.9+1609,813,814,60654.00001157408,2.81e-07,5.32e-08,4.06e-07,1.2815412128418547e-06,1.1438778896882493e-06,2.9420022568579806e-09,1.1438778896882493e-06,2.9420022568579806e-09,1.2571582e-05,1.2571582e-05,1.1438778896882493e-06,False,False,False,0,False,,,-16.19476487275334,3.0,False,False,,,weekly,10.0,sigma,computed,/home/lkoo/projects/AutomationDetection/DownloadedLC/incremental/quiescent_background_cache.csv,,,,,,False,not_in_flare_streak
4FGL J2253.9+1609,814,815,60661.00001157408,5.39e-07,8.38e-08,2.81e-07,1.2815412128418547e-06,1.1438778896882493e-06,2.9420022568579806e-09,1.1438778896882493e-06,2.9420022568579806e-09,1.2571582e-05,1.2571582e-05,1.1438778896882493e-06,True,False,False,0,False,,,-7.213669074523459,3.0,False,False,,,weekly,10.0,sigma,computed,/home/lkoo/projects/AutomationDetection/DownloadedLC/incremental/quiescent_background_cache.csv,,,,,,False,not_in_flare_streak
4FGL J2253.9+1609,815,816,60675.00001157408,2.54e-07,5.65e-08,5.39e-07,1.2815412128418547e-06,1.1438778896882493e-06,2.9420022568579806e-09,1.1438778896882493e-06,2.9420022568579806e-09,1.2571582e-05,1.2571582e-05,1.1438778896882493e-06,False,False,False,0,False,,,-15.72874234334632,3.0,False,False,,,weekly,10.0,sigma,computed,/home/lkoo/projects/AutomationDetection/DownloadedLC/incremental/quiescent_background_cache.csv,,,,,,False,not_in_flare_streak
4FGL J2253.9+1609,816,817,60682.00001157408,4.08e-07,4.79e-08,2.54e-07,1.2815412128418547e-06,1.1438778896882493e-06,2.9420022568579806e-09,1.1438778896882493e-06,2.9420022568579806e-09,1.2571582e-05,1.2571582e-05,1.1438778896882493e-06,True,False,False,0,False,,,-15.333899799242063,3.0,False,False,,,weekly,10.0,sigma,computed,/home/lkoo/projects/AutomationDetection/DownloadedLC/incremental/quiescent_background_cache.csv,,,,,,False,not_in_flare_streak
4FGL J2253.9+1609,817,818,60689.00001157408,4.47e-07,4.69e-08,4.08e-07,1.2815412128418547e-06,1.1438778896882493e-06,2.9420022568579806e-09,1.1438778896882493e-06,2.9420022568579806e-09,1.2571582e-05,1.2571582e-05,1.1438778896882493e-06,True,False,False,0,False,,,-14.82965521463266,3.0,False,False,,,weekly,10.0,sigma,computed,/home/lkoo/projects/AutomationDetection/DownloadedLC/incremental/quiescent_background_cache.csv,,,,,,False,not_in_flare_streak
4FGL J2253.9+1609,818,819,60696.00001157408,4.3e-07,4.97e-08,4.47e-07,1.2815412128418547e-06,1.1438778896882493e-06,2.9420022568579806e-09,1.1438778896882493e-06,2.9420022568579806e-09,1.2571582e-05,1.2571582e-05,1.1438778896882493e-06,False,False,False,0,False,,,-14.338640377930446,3.0,False,False,,,weekly,10.0,sigma,computed,/home/lkoo/projects/AutomationDetection/DownloadedLC/incremental/quiescent_background_cache.csv,,,,,,False,not_in_flare_streak
4FGL J2253.9+1609,819,820,60703.00001157408,4.88e-07,5.63e-08,4.3e-07,1.2815412128418547e-06,1.1438778896882493e-06,2.9420022568579806e-09,1.1438778896882493e-06,2.9420022568579806e-09,1.2571582e-05,1.2571582e-05,1.1438778896882493e-06,True,False,False,0,False,,,-11.63382285026621,3.0,False,False,,,weekly,10.0,sigma,computed,/home/lkoo/projects/AutomationDetection/DownloadedLC/incremental/quiescent_background_cache.csv,,,,,,False,not_in_flare_streak
4FGL J2253.9+1609,820,821,60710.00001157408,2.42e-07,4.75e-08,4.88e-07,1.2815412128418547e-06,1.1438778896882493e-06,2.9420022568579806e-09,1.1438778896882493e-06,2.9420022568579806e-09,1.2571582e-05,1.2571582e-05,1.1438778896882493e-06,False,False,False,0,False,,,-18.950588815582183,3.0,False,False,,,weekly,10.0,sigma,computed,/home/lkoo/projects/AutomationDetection/DownloadedLC/incremental/quiescent_background_cache.csv,,,,,,False,not_in_flare_streak
4FGL J2253.9+1609,821,822,60717.00001157408,3.77e-07,6.22e-08,2.42e-07,1.2815412128418547e-06,1.1438778896882493e-06,2.9420022568579806e-09,1.1438778896882493e-06,2.9420022568579806e-09,1.2571582e-05,1.2571582e-05,1.1438778896882493e-06,True,False,False,0,False,,,-12.315458133796154,3.0,False,False,,,weekly,10.0,sigma,computed,/home/lkoo/projects/AutomationDetection/DownloadedLC/incremental/quiescent_background_cache.csv,,,,,,False,not_in_flare_streak
4FGL J2253.9+1609,822,823,60724.00001157408,5.34e-07,6.83e-08,3.77e-07,1.2815412128418547e-06,1.1438778896882493e-06,2.9420022568579806e-09,1.1438778896882493e-06,2.9420022568579806e-09,1.2571582e-05,1.2571582e-05,1.1438778896882493e-06,True,False,False,0,False,,,-8.92112566501303,3.0,False,False,,,weekly,10.0,sigma,computed,/home/lkoo/projects/AutomationDetection/DownloadedLC/incremental/quiescent_background_cache.csv,,,,,,False,not_in_flare_streak
4FGL J2253.9+1609,823,824,60731.00001157408,2.82e-07,6.67e-08,5.34e-07,1.2815412128418547e-06,1.1438778896882493e-06,2.9420022568579806e-09,1.1438778896882493e-06,2.9420022568579806e-09,1.2571582e-05,1.2571582e-05,1.1438778896882493e-06,False,False,False,0,False,,,-12.90915612207128,3.0,False,False,,,weekly,10.0,sigma,computed,/home/lkoo/projects/AutomationDetection/DownloadedLC/incremental/quiescent_background_cache.csv,,,,,,False,not_in_flare_streak
4FGL J2253.9+1609,824,825,60738.00001157408,2.94e-07,6.54e-08,2.82e-07,1.2815412128418547e-06,1.1438778896882493e-06,2.9420022568579806e-09,1.1438778896882493e-06,2.9420022568579806e-09,1.2571582e-05,1.2571582e-05,1.1438778896882493e-06,True,False,False,0,False,,,-12.981946094843002,3.0,False,False,,,weekly,10.0,sigma,computed,/home/lkoo/projects/AutomationDetection/DownloadedLC/incremental/quiescent_background_cache.csv,,,,,,False,not_in_flare_streak
4FGL J2253.9+1609,825,826,60745.00001157408,3.3e-07,5.83e-08,2.94e-07,1.2815412128418547e-06,1.1438778896882493e-06,2.9420022568579806e-09,1.1438778896882493e-06,2.9420022568579806e-09,1.2571582e-05,1.2571582e-05,1.1438778896882493e-06,True,False,False,0,False,,,-13.94242851165077,3.0,False,False,,,weekly,10.0,sigma,computed,/home/lkoo/projects/AutomationDetection/DownloadedLC/incremental/quiescent_background_cache.csv,,,,,,False,not_in_flare_streak
4FGL J2253.9+1609,826,827,60752.00001157408,2.86e-07,8.18e-08,3.3e-07,1.2815412128418547e-06,1.1438778896882493e-06,2.9420022568579806e-09,1.1438778896882493e-06,2.9420022568579806e-09,1.2571582e-05,1.2571582e-05,1.1438778896882493e-06,False,False,False,0,False,,,-10.480728341220152,3.0,False,False,,,weekly,10.0,sigma,computed,/home/lkoo/projects/AutomationDetection/DownloadedLC/incremental/quiescent_background_cache.csv,,,,,,False,not_in_flare_streak
4FGL J2253.9+1609,827,828,60759.00001157408,3.98e-07,6.45e-08,2.86e-07,1.2815412128418547e-06,1.1438778896882493e-06,2.9420022568579806e-09,1.1438778896882493e-06,2.9420022568579806e-09,1.2571582e-05,1.2571582e-05,1.1438778896882493e-06,True,False,False,0,False,,,-11.551987610139589,3.0,False,False,,,weekly,10.0,sigma,computed,/home/lkoo/projects/AutomationDetection/DownloadedLC/incremental/quiescent_background_cache.csv,,,,,,False,not_in_flare_streak
4FGL J2253.9+1609,828,829,60766.00001157408,2.79e-07,4.85e-08,3.98e-07,1.2815412128418547e-06,1.1438778896882493e-06,2.9420022568579806e-09,1.1438778896882493e-06,2.9420022568579806e-09,1.2571582e-05,1.2571582e-05,1.1438778896882493e-06,False,False,False,0,False,,,-17.799815632695914,3.0,False,False,,,weekly,10.0,sigma,computed,/home/lkoo/projects/AutomationDetection/DownloadedLC/incremental/quiescent_background_cache.csv,,,,,,False,not_in_flare_streak
4FGL J2253.9+1609,829,830,60773.00001157408,4.18e-07,6.54e-08,2.79e-07,1.2815412128418547e-06,1.1438778896882493e-06,2.9420022568579806e-09,1.1438778896882493e-06,2.9420022568579806e-09,1.2571582e-05,1.2571582e-05,1.1438778896882493e-06,True,False,False,0,False,,,-11.087837146613953,3.0,False,False,,,weekly,10.0,sigma,computed,/home/lkoo/projects/AutomationDetection/DownloadedLC/incremental/quiescent_background_cache.csv,,,,,,False,not_in_flare_streak
4FGL J2253.9+1609,830,831,60780.00001157408,6.47e-07,6.4e-08,4.18e-07,1.2815412128418547e-06,1.1438778896882493e-06,2.9420022568579806e-09,1.1438778896882493e-06,2.9420022568579806e-09,1.2571582e-05,1.2571582e-05,1.1438778896882493e-06,True,False,False,0,False,,,-7.755527135172794,3.0,False,False,,,weekly,10.0,sigma,computed,/home/lkoo/projects/AutomationDetection/DownloadedLC/incremental/quiescent_background_cache.csv,,,,,,False,not_in_flare_streak
4FGL J2253.9+1609,831,832,60787.00001157408,4.52e-07,6.16e-08,6.47e-07,1.2815412128418547e-06,1.1438778896882493e-06,2.9420022568579806e-09,1.1438778896882493e-06,2.9420022568579806e-09,1.2571582e-05,1.2571582e-05,1.1438778896882493e-06,False,False,False,0,False,,,-11.218995967591214,3.0,False,False,,,weekly,10.0,sigma,computed,/home/lkoo/projects/AutomationDetection/DownloadedLC/incremental/quiescent_background_cache.csv,,,,,,False,not_in_flare_streak
4FGL J2253.9+1609,832,833,60794.00001157408,5.26e-07,5.59e-08,4.52e-07,1.2815412128418547e-06,1.1438778896882493e-06,2.9420022568579806e-09,1.1438778896882493e-06,2.9420022568579806e-09,1.2571582e-05,1.2571582e-05,1.1438778896882493e-06,True,False,False,0,False,,,-11.037995289228904,3.0,False,False,,,weekly,10.0,sigma,computed,/home/lkoo/projects/AutomationDetection/DownloadedLC/incremental/quiescent_background_cache.csv,,,,,,False,not_in_flare_streak
4FGL J2253.9+1609,833,834,60801.00001157408,5.5e-07,5.63e-08,5.26e-07,1.2815412128418547e-06,1.1438778896882493e-06,2.9420022568579806e-09,1.1438778896882493e-06,2.9420022568579806e-09,1.2571582e-05,1.2571582e-05,1.1438778896882493e-06,True,False,False,0,False,,,-10.534080004750635,3.0,False,False,,,weekly,10.0,sigma,computed,/home/lkoo/projects/AutomationDetection/DownloadedLC/incremental/quiescent_background_cache.csv,,,,,,False,not_in_flare_streak
4FGL J2253.9+1609,834,835,60808.00001157408,3.18e-07,5.05e-08,5.5e-07,1.2815412128418547e-06,1.1438778896882493e-06,2.9420022568579806e-09,1.1438778896882493e-06,2.9420022568579806e-09,1.2571582e-05,1.2571582e-05,1.1438778896882493e-06,False,False,False,0,False,,,-16.326335841358823,3.0,False,False,,,weekly,10.0,sigma,computed,/home/lkoo/projects/AutomationDetection/DownloadedLC/incremental/quiescent_background_cache.csv,,,,,,False,not_in_flare_streak
4FGL J2253.9+1609,835,836,60815.00001157408,3.73e-07,5.38e-08,3.18e-07,1.2815412128418547e-06,1.1438778896882493e-06,2.9420022568579806e-09,1.1438778896882493e-06,2.9420022568579806e-09,1.2571582e-05,1.2571582e-05,1.1438778896882493e-06,True,False,False,0,False,,,-14.307209524622246,3.0,False,False,,,weekly,10.0,sigma,computed,/home/lkoo/projects/AutomationDetection/DownloadedLC/incremental/quiescent_background_cache.csv,,,,,,False,not_in_flare_streak
4FGL J2253.9+1609,836,837,60822.00001157408,5.62e-07,6.15e-08,3.73e-07,1.2815412128418547e-06,1.1438778896882493e-06,2.9420022568579806e-09,1.1438778896882493e-06,2.9420022568579806e-09,1.2571582e-05,1.2571582e-05,1.1438778896882493e-06,True,False,False,0,False,,,-9.450621783141644,3.0,False,False,,,weekly,10.0,sigma,computed,/home/lkoo/projects/AutomationDetection/DownloadedLC/incremental/quiescent_background_cache.csv,,,,,,False,not_in_flare_streak
4FGL J2253.9+1609,837,838,60829.00001157408,6.67e-07,6.31e-08,5.62e-07,1.2815412128418547e-06,1.1438778896882493e-06,2.9420022568579806e-09,1.1438778896882493e-06,2.9420022568579806e-09,1.2571582e-05,1.2571582e-05,1.1438778896882493e-06,True,False,False,0,False,,,-7.549293271990472,3.0,False,False,,,weekly,10.0,sigma,computed,/home/lkoo/projects/AutomationDetection/DownloadedLC/incremental/quiescent_background_cache.csv,,,,,,False,not_in_flare_streak
4FGL J2253.9+1609,838,839,60836.00001157408,4.59e-07,4.96e-08,6.67e-07,1.2815412128418547e-06,1.1438778896882493e-06,2.9420022568579806e-09,1.1438778896882493e-06,2.9420022568579806e-09,1.2571582e-05,1.2571582e-05,1.1438778896882493e-06,False,False,False,0,False,,,-13.783796064466582,3.0,False,False,,,weekly,10.0,sigma,computed,/home/lkoo/projects/AutomationDetection/DownloadedLC/incremental/quiescent_background_cache.csv,,,,,,False,not_in_flare_streak
4FGL J2253.9+1609,839,840,60843.00001157408,6.48e-07,5.37e-08,4.59e-07,1.2815412128418547e-06,1.1438778896882493e-06,2.9420022568579806e-09,1.1438778896882493e-06,2.9420022568579806e-09,1.2571582e-05,1.2571582e-05,1.1438778896882493e-06,True,False,False,0,False,,,-9.220398018444792,3.0,False,False,,,weekly,10.0,sigma,computed,/home/lkoo/projects/AutomationDetection/DownloadedLC/incremental/quiescent_background_cache.csv,,,,,,False,not_in_flare_streak
4FGL J2253.9+1609,840,841,60850.00001157408,4.82e-07,4.98e-08,6.48e-07,1.2815412128418547e-06,1.1438778896882493e-06,2.9420022568579806e-09,1.1438778896882493e-06,2.9420022568579806e-09,1.2571582e-05,1.2571582e-05,1.1438778896882493e-06,False,False,False,0,False,,,-13.267588798303082,3.0,False,False,,,weekly,10.0,sigma,computed,/home/lkoo/projects/AutomationDetection/DownloadedLC/incremental/quiescent_background_cache.csv,,,,,,False,not_in_flare_streak
