Name,previous_bin_count,current_bin_count,new_point_mjd,new_point_flux,new_point_flux_error,previous_point_flux,average_flux_full_series,previous_quiescent_background,previous_quiescent_background_error,current_quiescent_background,current_quiescent_background_error,previous_detection_threshold,current_detection_threshold,flare_flux_threshold,above_previous_flux,above_flare_flux_threshold,potential_flare_point,consecutive_potential_flare_points,flare_active,flare_start_mjd,flare_end_mjd,confirmed_sigma_delta,confirmed_sigma_threshold,confirmed_start_trigger,confirmed_flare_active,confirmed_flare_start_mjd,confirmed_flare_end_mjd,cadence,lookback_weeks,detection_method,quiescent_background_origin,quiescent_background_cache_path,flare_duration_seconds,streak_mean_flux,source_counts_0p2_5MeV,background_counts,mdp99_percent,mdp99_available,mdp99_reason
4FGL J0539.9-2839,1,2,54711.00001157408,4.98e-08,3.22e-08,5.05e-08,1.0849013020833333e-07,8.209742774566474e-08,2.0594214357236827e-09,8.209742774566474e-08,2.0594214357236827e-09,1.99589e-07,1.99589e-07,8.209742774566474e-08,False,False,False,0,False,,,-1.0009805293616865,3.0,False,False,,,weekly,10.0,sigma,computed,/home/lkoo/projects/AutomationDetection/DownloadedLC/incremental/quiescent_background_cache.csv,,,,,,False,not_in_flare_streak
4FGL J0539.9-2839,2,3,54718.00001157408,5.05e-08,3.45e-08,4.98e-08,1.0849013020833333e-07,8.209742774566474e-08,2.0594214357236827e-09,8.209742774566474e-08,2.0594214357236827e-09,1.99589e-07,1.99589e-07,8.209742774566474e-08,True,False,False,0,False,,,-0.9142400639753447,3.0,False,False,,,weekly,10.0,sigma,computed,/home/lkoo/projects/AutomationDetection/DownloadedLC/incremental/quiescent_background_cache.csv,,,,,,False,not_in_flare_streak
4FGL J0539.9-2839,3,4,54732.00001157408,1.34e-08,8.38e-09,5.05e-08,1.0849013020833333e-07,8.209742774566474e-08,2.0594214357236827e-09,8.209742774566474e-08,2.0594214357236827e-09,1.99589e-07,1.99589e-07,8.209742774566474e-08,False,False,False,0,False,,,-7.9609075565681415,3.0,False,False,,,weekly,10.0,sigma,computed,/home/lkoo/projects/AutomationDetection/DownloadedLC/incremental/quiescent_background_cache.csv,,,,,,False,not_in_flare_streak
4FGL J0539.9-2839,4,5,54781.00001157408,4.89e-08,2.39e-08,1.34e-08,1.0849013020833333e-07,8.209742774566474e-08,2.0594214357236827e-09,8.209742774566474e-08,2.0594214357236827e-09,1.99589e-07,1.99589e-07,8.209742774566474e-08,True,False,False,0,False,,,-1.383885560871908,3.0,False,False,,,weekly,10.0,sigma,computed,/home/lkoo/projects/AutomationDetection/DownloadedLC/incremental/quiescent_background_cache.csv,,,,,,False,not_in_flare_streak
4FGL J0539.9-2839,5,6,54802.00001157408,7.9e-08,3.75e-08,4.89e-08,1.0849013020833333e-07,8.209742774566474e-08,2.0594214357236827e-09,8.209742774566474e-08,2.0594214357236827e-09,1.99589e-07,1.99589e-07,8.209742774566474e-08,True,False,False,0,False,,,-0.08247379734202094,3.0,False,False,,,weekly,10.0,sigma,computed,/home/lkoo/projects/AutomationDetection/DownloadedLC/incremental/quiescent_background_cache.csv,,,,,,False,not_in_flare_streak
4FGL J0539.9-2839,6,7,54823.00001157408,5.27e-09,4.87e-09,7.9e-08,1.0849013020833333e-07,8.209742774566474e-08,2.0594214357236827e-09,8.209742774566474e-08,2.0594214357236827e-09,1.99589e-07,1.99589e-07,8.209742774566474e-08,False,False,False,0,False,,,-14.529890338672821,3.0,False,False,,,weekly,10.0,sigma,computed,/home/lkoo/projects/AutomationDetection/DownloadedLC/incremental/quiescent_background_cache.csv,,,,,,False,not_in_flare_streak
4FGL J0539.9-2839,7,8,54935.00001157408,1.09e-07,3.92e-08,5.27e-09,1.0849013020833333e-07,8.209742774566474e-08,2.0594214357236827e-09,8.209742774566474e-08,2.0594214357236827e-09,1.99589e-07,1.99589e-07,8.209742774566474e-08,True,True,False,0,False,,,0.6853449640668869,3.0,False,False,,,weekly,10.0,sigma,computed,/home/lkoo/projects/AutomationDetection/DownloadedLC/incremental/quiescent_background_cache.csv,,,,,,False,not_in_flare_streak
4FGL J0539.9-2839,8,9,55005.00001157408,8.09e-08,3.31e-08,1.09e-07,1.0849013020833333e-07,8.209742774566474e-08,2.0594214357236827e-09,8.209742774566474e-08,2.0594214357236827e-09,1.99589e-07,1.99589e-07,8.209742774566474e-08,False,False,False,0,False,,,-0.036106246867569226,3.0,False,False,,,weekly,10.0,sigma,computed,/home/lkoo/projects/AutomationDetection/DownloadedLC/incremental/quiescent_background_cache.csv,,,,,,False,not_in_flare_streak
4FGL J0539.9-2839,9,10,55019.00001157408,8.98e-09,7.85e-09,8.09e-08,1.0849013020833333e-07,8.209742774566474e-08,2.0594214357236827e-09,8.209742774566474e-08,2.0594214357236827e-09,1.99589e-07,1.99589e-07,8.209742774566474e-08,False,False,False,0,False,,,-9.009439797279345,3.0,False,False,,,weekly,10.0,sigma,computed,/home/lkoo/projects/AutomationDetection/DownloadedLC/incremental/quiescent_background_cache.csv,,,,,,False,not_in_flare_streak
4FGL J0539.9-2839,10,11,55033.00001157408,6.92e-08,3.93e-08,8.98e-09,1.0849013020833333e-07,8.209742774566474e-08,2.0594214357236827e-09,8.209742774566474e-08,2.0594214357236827e-09,1.99589e-07,1.99589e-07,8.209742774566474e-08,True,False,False,0,False,,,-0.3277291544070322,3.0,False,False,,,weekly,10.0,sigma,computed,/home/lkoo/projects/AutomationDetection/DownloadedLC/incremental/quiescent_background_cache.csv,,,,,,False,not_in_flare_streak
4FGL J0539.9-2839,11,12,55040.00001157408,1.05e-07,3.69e-08,6.92e-08,1.0849013020833333e-07,8.209742774566474e-08,2.0594214357236827e-09,8.209742774566474e-08,2.0594214357236827e-09,1.99589e-07,1.99589e-07,8.209742774566474e-08,True,True,False,0,False,,,0.6197015251965512,3.0,False,False,,,weekly,10.0,sigma,computed,/home/lkoo/projects/AutomationDetection/DownloadedLC/incremental/quiescent_background_cache.csv,,,,,,False,not_in_flare_streak
4FGL J0539.9-2839,12,13,55068.00001157408,4.52e-08,2.96e-08,1.05e-07,1.0849013020833333e-07,8.209742774566474e-08,2.0594214357236827e-09,8.209742774566474e-08,2.0594214357236827e-09,1.99589e-07,1.99589e-07,8.209742774566474e-08,False,False,False,0,False,,,-1.243528588114887,3.0,False,False,,,weekly,10.0,sigma,computed,/home/lkoo/projects/AutomationDetection/DownloadedLC/incremental/quiescent_background_cache.csv,,,,,,False,not_in_flare_streak
4FGL J0539.9-2839,13,14,55082.00001157408,9.83e-08,9.64e-08,4.52e-08,1.0849013020833333e-07,8.209742774566474e-08,2.0594214357236827e-09,8.209742774566474e-08,2.0594214357236827e-09,1.99589e-07,1.99589e-07,8.209742774566474e-08,True,True,False,0,False,,,0.1680381345555639,3.0,False,False,,,weekly,10.0,sigma,computed,/home/lkoo/projects/AutomationDetection/DownloadedLC/incremental/quiescent_background_cache.csv,,,,,,False,not_in_flare_streak
4FGL J0539.9-2839,14,15,55089.00001157408,5.81e-08,3.12e-08,9.83e-08,1.0849013020833333e-07,8.209742774566474e-08,2.0594214357236827e-09,8.209742774566474e-08,2.0594214357236827e-09,1.99589e-07,1.99589e-07,8.209742774566474e-08,False,False,False,0,False,,,-0.7674782152696147,3.0,False,False,,,weekly,10.0,sigma,computed,/home/lkoo/projects/AutomationDetection/DownloadedLC/incremental/quiescent_background_cache.csv,,,,,,False,not_in_flare_streak
4FGL J0539.9-2839,15,16,55096.00001157408,8.46e-08,2.75e-08,5.81e-08,1.0849013020833333e-07,8.209742774566474e-08,2.0594214357236827e-09,8.209742774566474e-08,2.0594214357236827e-09,1.99589e-07,1.99589e-07,8.209742774566474e-08,True,True,False,0,False,,,0.09074851437958888,3.0,False,False,,,weekly,10.0,sigma,computed,/home/lkoo/projects/AutomationDetection/DownloadedLC/incremental/quiescent_background_cache.csv,,,,,,False,not_in_flare_streak
4FGL J0539.9-2839,16,17,55103.00001157408,1.22e-07,3.32e-08,8.46e-08,1.0849013020833333e-07,8.209742774566474e-08,2.0594214357236827e-09,8.209742774566474e-08,2.0594214357236827e-09,1.99589e-07,1.99589e-07,8.209742774566474e-08,True,True,False,0,False,,,1.1995790425838309,3.0,False,False,,,weekly,10.0,sigma,computed,/home/lkoo/projects/AutomationDetection/DownloadedLC/incremental/quiescent_background_cache.csv,,,,,,False,not_in_flare_streak
4FGL J0539.9-2839,17,18,55110.00001157408,8.45e-08,3.59e-08,1.22e-07,1.0849013020833333e-07,8.209742774566474e-08,2.0594214357236827e-09,8.209742774566474e-08,2.0594214357236827e-09,1.99589e-07,1.99589e-07,8.209742774566474e-08,False,True,False,0,False,,,0.0668141724649383,3.0,False,False,,,weekly,10.0,sigma,computed,/home/lkoo/projects/AutomationDetection/DownloadedLC/incremental/quiescent_background_cache.csv,,,,,,False,not_in_flare_streak
4FGL J0539.9-2839,18,19,55117.00001157408,8.86e-08,6.25e-08,8.45e-08,1.0849013020833333e-07,8.209742774566474e-08,2.0594214357236827e-09,8.209742774566474e-08,2.0594214357236827e-09,1.99589e-07,1.99589e-07,8.209742774566474e-08,True,True,False,0,False,,,0.1039847206027012,3.0,False,False,,,weekly,10.0,sigma,computed,/home/lkoo/projects/AutomationDetection/DownloadedLC/incremental/quiescent_background_cache.csv,,,,,,False,not_in_flare_streak
4FGL J0539.9-2839,19,20,55138.00001157408,8.56e-08,4.17e-08,8.86e-08,1.0849013020833333e-07,8.209742774566474e-08,2.0594214357236827e-09,8.209742774566474e-08,2.0594214357236827e-09,1.99589e-07,1.99589e-07,8.209742774566474e-08,False,True,False,0,False,,,0.08389229258747426,3.0,False,False,,,weekly,10.0,sigma,computed,/home/lkoo/projects/AutomationDetection/DownloadedLC/incremental/quiescent_background_cache.csv,,,,,,False,not_in_flare_streak
4FGL J0539.9-2839,20,21,55145.00001157408,8.57e-08,3.73e-08,8.56e-08,1.0849013020833333e-07,8.209742774566474e-08,2.0594214357236827e-09,8.209742774566474e-08,2.0594214357236827e-09,1.99589e-07,1.99589e-07,8.209742774566474e-08,True,True,False,0,False,,,0.09643682910129896,3.0,False,False,,,weekly,10.0,sigma,computed,/home/lkoo/projects/AutomationDetection/DownloadedLC/incremental/quiescent_background_cache.csv,,,,,,False,not_in_flare_streak
4FGL J0539.9-2839,21,22,55194.00001157408,5.72e-08,3.68e-08,8.57e-08,1.0849013020833333e-07,8.209742774566474e-08,2.0594214357236827e-09,8.209742774566474e-08,2.0594214357236827e-09,1.99589e-07,1.99589e-07,8.209742774566474e-08,False,False,False,0,False,,,-0.6755035904354898,3.0,False,False,,,weekly,10.0,sigma,computed,/home/lkoo/projects/AutomationDetection/DownloadedLC/incremental/quiescent_background_cache.csv,,,,,,False,not_in_flare_streak
4FGL J0539.9-2839,22,23,55313.00001157408,4.03e-08,2.12e-08,5.72e-08,1.0849013020833333e-07,8.209742774566474e-08,2.0594214357236827e-09,8.209742774566474e-08,2.0594214357236827e-09,1.99589e-07,1.99589e-07,8.209742774566474e-08,False,False,False,0,False,,,-1.9623395467874085,3.0,False,False,,,weekly,10.0,sigma,computed,/home/lkoo/projects/AutomationDetection/DownloadedLC/incremental/quiescent_background_cache.csv,,,,,,False,not_in_flare_streak
4FGL J0539.9-2839,23,24,55320.00001157408,3.74e-08,2.23e-08,4.03e-08,1.0849013020833333e-07,8.209742774566474e-08,2.0594214357236827e-09,8.209742774566474e-08,2.0594214357236827e-09,1.99589e-07,1.99589e-07,8.209742774566474e-08,False,False,False,0,False,,,-1.9958759548944034,3.0,False,False,,,weekly,10.0,sigma,computed,/home/lkoo/projects/AutomationDetection/DownloadedLC/incremental/quiescent_background_cache.csv,,,,,,False,not_in_flare_streak
4FGL J0539.9-2839,24,25,55327.00001157408,4.96e-08,2.98e-08,3.74e-08,1.0849013020833333e-07,8.209742774566474e-08,2.0594214357236827e-09,8.209742774566474e-08,2.0594214357236827e-09,1.99589e-07,1.99589e-07,8.209742774566474e-08,True,False,False,0,False,,,-1.087922882446968,3.0,False,False,,,weekly,10.0,sigma,computed,/home/lkoo/projects/AutomationDetection/DownloadedLC/incremental/quiescent_background_cache.csv,,,,,,False,not_in_flare_streak
4FGL J0539.9-2839,25,26,55334.00001157408,1.16e-07,5e-08,4.96e-08,1.0849013020833333e-07,8.209742774566474e-08,2.0594214357236827e-09,8.209742774566474e-08,2.0594214357236827e-09,1.99589e-07,1.99589e-07,8.209742774566474e-08,True,True,False,0,False,,,0.6774770232420334,3.0,False,False,,,weekly,10.0,sigma,computed,/home/lkoo/projects/AutomationDetection/DownloadedLC/incremental/quiescent_background_cache.csv,,,,,,False,not_in_flare_streak
4FGL J0539.9-2839,26,27,55341.00001157408,1.38e-07,5.93e-08,1.16e-07,1.0849013020833333e-07,8.209742774566474e-08,2.0594214357236827e-09,8.209742774566474e-08,2.0594214357236827e-09,1.99589e-07,1.99589e-07,8.209742774566474e-08,True,True,False,0,False,,,0.9421398119167683,3.0,False,False,,,weekly,10.0,sigma,computed,/home/lkoo/projects/AutomationDetection/DownloadedLC/incremental/quiescent_background_cache.csv,,,,,,False,not_in_flare_streak
4FGL J0539.9-2839,27,28,55348.00001157408,8.97e-08,5.42e-08,1.38e-07,1.0849013020833333e-07,8.209742774566474e-08,2.0594214357236827e-09,8.209742774566474e-08,2.0594214357236827e-09,1.99589e-07,1.99589e-07,8.209742774566474e-08,False,True,False,0,False,,,0.1401677137335723,3.0,False,False,,,weekly,10.0,sigma,computed,/home/lkoo/projects/AutomationDetection/DownloadedLC/incremental/quiescent_background_cache.csv,,,,,,False,not_in_flare_streak
4FGL J0539.9-2839,28,29,55362.00001157408,4.93e-08,2.75e-08,8.97e-08,1.0849013020833333e-07,8.209742774566474e-08,2.0594214357236827e-09,8.209742774566474e-08,2.0594214357236827e-09,1.99589e-07,1.99589e-07,8.209742774566474e-08,False,False,False,0,False,,,-1.1893034609630315,3.0,False,False,,,weekly,10.0,sigma,computed,/home/lkoo/projects/AutomationDetection/DownloadedLC/incremental/quiescent_background_cache.csv,,,,,,False,not_in_flare_streak
4FGL J0539.9-2839,29,30,55369.00001157408,8.1e-08,2.89e-08,4.93e-08,1.0849013020833333e-07,8.209742774566474e-08,2.0594214357236827e-09,8.209742774566474e-08,2.0594214357236827e-09,1.99589e-07,1.99589e-07,8.209742774566474e-08,True,False,False,0,False,,,-0.03787722943188889,3.0,False,False,,,weekly,10.0,sigma,computed,/home/lkoo/projects/AutomationDetection/DownloadedLC/incremental/quiescent_background_cache.csv,,,,,,False,not_in_flare_streak
4FGL J0539.9-2839,30,31,55376.00001157408,2.11e-07,4.08e-08,8.1e-08,1.0849013020833333e-07,8.209742774566474e-08,2.0594214357236827e-09,8.209742774566474e-08,2.0594214357236827e-09,1.99589e-07,1.99589e-07,8.209742774566474e-08,True,True,False,0,False,,,3.155359670937098,3.0,True,True,55376.00001157408,55376.00001157408,weekly,10.0,sigma,computed,/home/lkoo/projects/AutomationDetection/DownloadedLC/incremental/quiescent_background_cache.csv,,,,,,False,not_in_flare_streak
4FGL J0539.9-2839,31,32,55383.00001157408,5.3e-08,3.34e-08,2.11e-07,1.0849013020833333e-07,8.209742774566474e-08,2.0594214357236827e-09,8.209742774566474e-08,2.0594214357236827e-09,1.99589e-07,1.99589e-07,8.209742774566474e-08,False,False,False,0,False,,,-0.8695291201618573,3.0,False,False,,,weekly,10.0,sigma,computed,/home/lkoo/projects/AutomationDetection/DownloadedLC/incremental/quiescent_background_cache.csv,,,,,,False,not_in_flare_streak
4FGL J0539.9-2839,32,33,55390.00001157408,1.97e-07,6.62e-08,5.3e-08,1.0849013020833333e-07,8.209742774566474e-08,2.0594214357236827e-09,8.209742774566474e-08,2.0594214357236827e-09,1.99589e-07,1.99589e-07,8.209742774566474e-08,True,True,False,0,False,,,1.7348491336759309,3.0,False,False,,,weekly,10.0,sigma,computed,/home/lkoo/projects/AutomationDetection/DownloadedLC/incremental/quiescent_background_cache.csv,,,,,,False,not_in_flare_streak
4FGL J0539.9-2839,33,34,55418.00001157408,9.72e-08,2.71e-08,1.97e-07,1.0849013020833333e-07,8.209742774566474e-08,2.0594214357236827e-09,8.209742774566474e-08,2.0594214357236827e-09,1.99589e-07,1.99589e-07,8.209742774566474e-08,False,True,False,0,False,,,0.5556882495879237,3.0,False,False,,,weekly,10.0,sigma,computed,/home/lkoo/projects/AutomationDetection/DownloadedLC/incremental/quiescent_background_cache.csv,,,,,,False,not_in_flare_streak
4FGL J0539.9-2839,34,35,55425.00001157408,6.2e-08,2.98e-08,9.72e-08,1.0849013020833333e-07,8.209742774566474e-08,2.0594214357236827e-09,8.209742774566474e-08,2.0594214357236827e-09,1.99589e-07,1.99589e-07,8.209742774566474e-08,False,False,False,0,False,,,-0.6728056046143541,3.0,False,False,,,weekly,10.0,sigma,computed,/home/lkoo/projects/AutomationDetection/DownloadedLC/incremental/quiescent_background_cache.csv,,,,,,False,not_in_flare_streak
4FGL J0539.9-2839,35,36,55453.00001157408,1.02e-07,5.54e-08,6.2e-08,1.0849013020833333e-07,8.209742774566474e-08,2.0594214357236827e-09,8.209742774566474e-08,2.0594214357236827e-09,1.99589e-07,1.99589e-07,8.209742774566474e-08,True,True,False,0,False,,,0.3590042416603465,3.0,False,False,,,weekly,10.0,sigma,computed,/home/lkoo/projects/AutomationDetection/DownloadedLC/incremental/quiescent_background_cache.csv,,,,,,False,not_in_flare_streak
4FGL J0539.9-2839,36,37,55481.00001157408,2.1e-08,1.75e-08,1.02e-07,1.0849013020833333e-07,8.209742774566474e-08,2.0594214357236827e-09,8.209742774566474e-08,2.0594214357236827e-09,1.99589e-07,1.99589e-07,8.209742774566474e-08,False,False,False,0,False,,,-3.4673546676023803,3.0,False,False,,,weekly,10.0,sigma,computed,/home/lkoo/projects/AutomationDetection/DownloadedLC/incremental/quiescent_background_cache.csv,,,,,,False,not_in_flare_streak
4FGL J0539.9-2839,37,38,55488.00001157408,4.26e-08,2.11e-08,2.1e-08,1.0849013020833333e-07,8.209742774566474e-08,2.0594214357236827e-09,8.209742774566474e-08,2.0594214357236827e-09,1.99589e-07,1.99589e-07,8.209742774566474e-08,True,False,False,0,False,,,-1.8630629663820504,3.0,False,False,,,weekly,10.0,sigma,computed,/home/lkoo/projects/AutomationDetection/DownloadedLC/incremental/quiescent_background_cache.csv,,,,,,False,not_in_flare_streak
4FGL J0539.9-2839,38,39,55502.00001157408,3.09e-08,2.74e-08,4.26e-08,1.0849013020833333e-07,8.209742774566474e-08,2.0594214357236827e-09,8.209742774566474e-08,2.0594214357236827e-09,1.99589e-07,1.99589e-07,8.209742774566474e-08,False,False,False,0,False,,,-1.8632636694278608,3.0,False,False,,,weekly,10.0,sigma,computed,/home/lkoo/projects/AutomationDetection/DownloadedLC/incremental/quiescent_background_cache.csv,,,,,,False,not_in_flare_streak
4FGL J0539.9-2839,39,40,55516.00001157408,6.65e-08,3.07e-08,3.09e-08,1.0849013020833333e-07,8.209742774566474e-08,2.0594214357236827e-09,8.209742774566474e-08,2.0594214357236827e-09,1.99589e-07,1.99589e-07,8.209742774566474e-08,True,False,False,0,False,,,-0.5069202422812197,3.0,False,False,,,weekly,10.0,sigma,computed,/home/lkoo/projects/AutomationDetection/DownloadedLC/incremental/quiescent_background_cache.csv,,,,,,False,not_in_flare_streak
4FGL J0539.9-2839,40,41,55523.00001157408,1e-07,3.12e-08,6.65e-08,1.0849013020833333e-07,8.209742774566474e-08,2.0594214357236827e-09,8.209742774566474e-08,2.0594214357236827e-09,1.99589e-07,1.99589e-07,8.209742774566474e-08,True,True,False,0,False,,,0.5725544565906534,3.0,False,False,,,weekly,10.0,sigma,computed,/home/lkoo/projects/AutomationDetection/DownloadedLC/incremental/quiescent_background_cache.csv,,,,,,False,not_in_flare_streak
4FGL J0539.9-2839,41,42,55530.00001157408,1.33e-07,3.21e-08,1e-07,1.0849013020833333e-07,8.209742774566474e-08,2.0594214357236827e-09,8.209742774566474e-08,2.0594214357236827e-09,1.99589e-07,1.99589e-07,8.209742774566474e-08,True,True,False,0,False,,,1.5824964435109972,3.0,False,False,,,weekly,10.0,sigma,computed,/home/lkoo/projects/AutomationDetection/DownloadedLC/incremental/quiescent_background_cache.csv,,,,,,False,not_in_flare_streak
4FGL J0539.9-2839,42,43,55537.00001157408,2.28e-07,3.91e-08,1.33e-07,1.0849013020833333e-07,8.209742774566474e-08,2.0594214357236827e-09,8.209742774566474e-08,2.0594214357236827e-09,1.99589e-07,1.99589e-07,8.209742774566474e-08,True,True,False,0,False,,,3.7263583450857825,3.0,True,True,55537.00001157408,55537.00001157408,weekly,10.0,sigma,computed,/home/lkoo/projects/AutomationDetection/DownloadedLC/incremental/quiescent_background_cache.csv,,,,,,False,not_in_flare_streak
4FGL J0539.9-2839,43,44,55544.00001157408,2.88e-07,5.24e-08,2.28e-07,1.0849013020833333e-07,8.209742774566474e-08,2.0594214357236827e-09,8.209742774566474e-08,2.0594214357236827e-09,1.99589e-07,1.99589e-07,8.209742774566474e-08,True,True,False,0,False,,,3.9264071249221266,3.0,True,True,55537.00001157408,55544.00001157408,weekly,10.0,sigma,computed,/home/lkoo/projects/AutomationDetection/DownloadedLC/incremental/quiescent_background_cache.csv,,,,,,False,not_in_flare_streak
4FGL J0539.9-2839,44,45,55551.00001157408,1.04e-07,6.18e-08,2.88e-07,1.0849013020833333e-07,8.209742774566474e-08,2.0594214357236827e-09,8.209742774566474e-08,2.0594214357236827e-09,1.99589e-07,1.99589e-07,8.209742774566474e-08,False,True,False,0,False,,,0.3542139338508681,3.0,False,True,55537.00001157408,55551.00001157408,weekly,10.0,sigma,computed,/home/lkoo/projects/AutomationDetection/DownloadedLC/incremental/quiescent_background_cache.csv,,,,,,False,not_in_flare_streak
4FGL J0539.9-2839,45,46,55558.00001157408,9.65e-08,4.48e-08,1.04e-07,1.0849013020833333e-07,8.209742774566474e-08,2.0594214357236827e-09,8.209742774566474e-08,2.0594214357236827e-09,1.99589e-07,1.99589e-07,8.209742774566474e-08,False,True,False,0,False,,,0.3211468479534828,3.0,False,True,55537.00001157408,55558.00001157408,weekly,10.0,sigma,computed,/home/lkoo/projects/AutomationDetection/DownloadedLC/incremental/quiescent_background_cache.csv,,,,,,False,not_in_flare_streak
4FGL J0539.9-2839,46,47,55565.00001157408,1e-07,3.71e-08,9.65e-08,1.0849013020833333e-07,8.209742774566474e-08,2.0594214357236827e-09,8.209742774566474e-08,2.0594214357236827e-09,1.99589e-07,1.99589e-07,8.209742774566474e-08,True,True,False,0,False,,,0.481807376992792,3.0,False,True,55537.00001157408,55565.00001157408,weekly,10.0,sigma,computed,/home/lkoo/projects/AutomationDetection/DownloadedLC/incremental/quiescent_background_cache.csv,,,,,,False,not_in_flare_streak
4FGL J0539.9-2839,47,48,55579.00001157408,5.97e-08,3.86e-08,1e-07,1.0849013020833333e-07,8.209742774566474e-08,2.0594214357236827e-09,8.209742774566474e-08,2.0594214357236827e-09,1.99589e-07,1.99589e-07,8.209742774566474e-08,False,False,False,0,False,,,-0.5794201595518746,3.0,False,False,,,weekly,10.0,sigma,computed,/home/lkoo/projects/AutomationDetection/DownloadedLC/incremental/quiescent_background_cache.csv,,,,,,False,not_in_flare_streak
4FGL J0539.9-2839,48,49,55586.00001157408,8.41e-08,2.98e-08,5.97e-08,1.0849013020833333e-07,8.209742774566474e-08,2.0594214357236827e-09,8.209742774566474e-08,2.0594214357236827e-09,1.99589e-07,1.99589e-07,8.209742774566474e-08,True,True,False,0,False,,,0.06704051152280452,3.0,False,False,,,weekly,10.0,sigma,computed,/home/lkoo/projects/AutomationDetection/DownloadedLC/incremental/quiescent_background_cache.csv,,,,,,False,not_in_flare_streak
4FGL J0539.9-2839,49,50,55593.00001157408,4.61e-08,2.93e-08,8.41e-08,1.0849013020833333e-07,8.209742774566474e-08,2.0594214357236827e-09,8.209742774566474e-08,2.0594214357236827e-09,1.99589e-07,1.99589e-07,8.209742774566474e-08,False,False,False,0,False,,,-1.2255575573031352,3.0,False,False,,,weekly,10.0,sigma,computed,/home/lkoo/projects/AutomationDetection/DownloadedLC/incremental/quiescent_background_cache.csv,,,,,,False,not_in_flare_streak
4FGL J0539.9-2839,50,51,55600.00001157408,7.8e-08,4.4e-08,4.61e-08,1.0849013020833333e-07,8.209742774566474e-08,2.0594214357236827e-09,8.209742774566474e-08,2.0594214357236827e-09,1.99589e-07,1.99589e-07,8.209742774566474e-08,True,False,False,0,False,,,-0.09302152195936698,3.0,False,False,,,weekly,10.0,sigma,computed,/home/lkoo/projects/AutomationDetection/DownloadedLC/incremental/quiescent_background_cache.csv,,,,,,False,not_in_flare_streak
4FGL J0539.9-2839,51,52,55621.00001157408,4.34e-08,2.97e-08,7.8e-08,1.0849013020833333e-07,8.209742774566474e-08,2.0594214357236827e-09,8.209742774566474e-08,2.0594214357236827e-09,1.99589e-07,1.99589e-07,8.209742774566474e-08,False,False,False,0,False,,,-1.2998225746150847,3.0,False,False,,,weekly,10.0,sigma,computed,/home/lkoo/projects/AutomationDetection/DownloadedLC/incremental/quiescent_background_cache.csv,,,,,,False,not_in_flare_streak
4FGL J0539.9-2839,52,53,55635.00001157408,6.21e-08,3.01e-08,4.34e-08,1.0849013020833333e-07,8.209742774566474e-08,2.0594214357236827e-09,8.209742774566474e-08,2.0594214357236827e-09,1.99589e-07,1.99589e-07,8.209742774566474e-08,True,False,False,0,False,,,-0.6628167916958991,3.0,False,False,,,weekly,10.0,sigma,computed,/home/lkoo/projects/AutomationDetection/DownloadedLC/incremental/quiescent_background_cache.csv,,,,,,False,not_in_flare_streak
4FGL J0539.9-2839,53,54,55691.00001157408,5.58e-08,2.72e-08,6.21e-08,1.0849013020833333e-07,8.209742774566474e-08,2.0594214357236827e-09,8.209742774566474e-08,2.0594214357236827e-09,1.99589e-07,1.99589e-07,8.209742774566474e-08,False,False,False,0,False,,,-0.9640578599609437,3.0,False,False,,,weekly,10.0,sigma,computed,/home/lkoo/projects/AutomationDetection/DownloadedLC/incremental/quiescent_background_cache.csv,,,,,,False,not_in_flare_streak
4FGL J0539.9-2839,54,55,55726.00001157408,3.24e-08,2.47e-08,5.58e-08,1.0849013020833333e-07,8.209742774566474e-08,2.0594214357236827e-09,8.209742774566474e-08,2.0594214357236827e-09,1.99589e-07,1.99589e-07,8.209742774566474e-08,False,False,False,0,False,,,-2.0050842190562514,3.0,False,False,,,weekly,10.0,sigma,computed,/home/lkoo/projects/AutomationDetection/DownloadedLC/incremental/quiescent_background_cache.csv,,,,,,False,not_in_flare_streak
4FGL J0539.9-2839,55,56,55747.00001157408,2.96e-08,2.16e-08,3.24e-08,1.0849013020833333e-07,8.209742774566474e-08,2.0594214357236827e-09,8.209742774566474e-08,2.0594214357236827e-09,1.99589e-07,1.99589e-07,8.209742774566474e-08,False,False,False,0,False,,,-2.419464399799108,3.0,False,False,,,weekly,10.0,sigma,computed,/home/lkoo/projects/AutomationDetection/DownloadedLC/incremental/quiescent_background_cache.csv,,,,,,False,not_in_flare_streak
4FGL J0539.9-2839,56,57,55789.00001157408,6.48e-08,3.83e-08,2.96e-08,1.0849013020833333e-07,8.209742774566474e-08,2.0594214357236827e-09,8.209742774566474e-08,2.0594214357236827e-09,1.99589e-07,1.99589e-07,8.209742774566474e-08,True,False,False,0,False,,,-0.4509784811487537,3.0,False,False,,,weekly,10.0,sigma,computed,/home/lkoo/projects/AutomationDetection/DownloadedLC/incremental/quiescent_background_cache.csv,,,,,,False,not_in_flare_streak
4FGL J0539.9-2839,57,58,55796.00001157408,3.36e-08,2.42e-08,6.48e-08,1.0849013020833333e-07,8.209742774566474e-08,2.0594214357236827e-09,8.209742774566474e-08,2.0594214357236827e-09,1.99589e-07,1.99589e-07,8.209742774566474e-08,False,False,False,0,False,,,-1.9968085197903518,3.0,False,False,,,weekly,10.0,sigma,computed,/home/lkoo/projects/AutomationDetection/DownloadedLC/incremental/quiescent_background_cache.csv,,,,,,False,not_in_flare_streak
4FGL J0539.9-2839,58,59,55810.00001157408,1.03e-07,5.77e-08,3.36e-08,1.0849013020833333e-07,8.209742774566474e-08,2.0594214357236827e-09,8.209742774566474e-08,2.0594214357236827e-09,1.99589e-07,1.99589e-07,8.209742774566474e-08,True,True,False,0,False,,,0.3620324256667962,3.0,False,False,,,weekly,10.0,sigma,computed,/home/lkoo/projects/AutomationDetection/DownloadedLC/incremental/quiescent_background_cache.csv,,,,,,False,not_in_flare_streak
4FGL J0539.9-2839,59,60,55817.00001157408,1.5e-07,5.67e-08,1.03e-07,1.0849013020833333e-07,8.209742774566474e-08,2.0594214357236827e-09,8.209742774566474e-08,2.0594214357236827e-09,1.99589e-07,1.99589e-07,8.209742774566474e-08,True,True,False,0,False,,,1.1967870647790948,3.0,False,False,,,weekly,10.0,sigma,computed,/home/lkoo/projects/AutomationDetection/DownloadedLC/incremental/quiescent_background_cache.csv,,,,,,False,not_in_flare_streak
4FGL J0539.9-2839,60,61,55831.00001157408,7.3e-08,4.29e-08,1.5e-07,1.0849013020833333e-07,8.209742774566474e-08,2.0594214357236827e-09,8.209742774566474e-08,2.0594214357236827e-09,1.99589e-07,1.99589e-07,8.209742774566474e-08,False,False,False,0,False,,,-0.21181732721949575,3.0,False,False,,,weekly,10.0,sigma,computed,/home/lkoo/projects/AutomationDetection/DownloadedLC/incremental/quiescent_background_cache.csv,,,,,,False,not_in_flare_streak
4FGL J0539.9-2839,61,62,55838.00001157408,4.04e-08,2.19e-08,7.3e-08,1.0849013020833333e-07,8.209742774566474e-08,2.0594214357236827e-09,8.209742774566474e-08,2.0594214357236827e-09,1.99589e-07,1.99589e-07,8.209742774566474e-08,False,False,False,0,False,,,-1.8956290088036165,3.0,False,False,,,weekly,10.0,sigma,computed,/home/lkoo/projects/AutomationDetection/DownloadedLC/incremental/quiescent_background_cache.csv,,,,,,False,not_in_flare_streak
4FGL J0539.9-2839,62,63,55845.00001157408,1.2e-07,3.37e-08,4.04e-08,1.0849013020833333e-07,8.209742774566474e-08,2.0594214357236827e-09,8.209742774566474e-08,2.0594214357236827e-09,1.99589e-07,1.99589e-07,8.209742774566474e-08,True,True,False,0,False,,,1.1226111745493785,3.0,False,False,,,weekly,10.0,sigma,computed,/home/lkoo/projects/AutomationDetection/DownloadedLC/incremental/quiescent_background_cache.csv,,,,,,False,not_in_flare_streak
4FGL J0539.9-2839,63,64,55852.00001157408,3.81e-08,2.45e-08,1.2e-07,1.0849013020833333e-07,8.209742774566474e-08,2.0594214357236827e-09,8.209742774566474e-08,2.0594214357236827e-09,1.99589e-07,1.99589e-07,8.209742774566474e-08,False,False,False,0,False,,,-1.7895024170007583,3.0,False,False,,,weekly,10.0,sigma,computed,/home/lkoo/projects/AutomationDetection/DownloadedLC/incremental/quiescent_background_cache.csv,,,,,,False,not_in_flare_streak
4FGL J0539.9-2839,64,65,55859.00001157408,5.79e-08,3.46e-08,3.81e-08,1.0849013020833333e-07,8.209742774566474e-08,2.0594214357236827e-09,8.209742774566474e-08,2.0594214357236827e-09,1.99589e-07,1.99589e-07,8.209742774566474e-08,True,False,False,0,False,,,-0.6981121040860375,3.0,False,False,,,weekly,10.0,sigma,computed,/home/lkoo/projects/AutomationDetection/DownloadedLC/incremental/quiescent_background_cache.csv,,,,,,False,not_in_flare_streak
4FGL J0539.9-2839,65,66,55901.00001157408,5.34e-08,2.85e-08,5.79e-08,1.0849013020833333e-07,8.209742774566474e-08,2.0594214357236827e-09,8.209742774566474e-08,2.0594214357236827e-09,1.99589e-07,1.99589e-07,8.209742774566474e-08,False,False,False,0,False,,,-1.0043086713924572,3.0,False,False,,,weekly,10.0,sigma,computed,/home/lkoo/projects/AutomationDetection/DownloadedLC/incremental/quiescent_background_cache.csv,,,,,,False,not_in_flare_streak
4FGL J0539.9-2839,66,67,55922.00001157408,3.45e-08,2.8e-08,5.34e-08,1.0849013020833333e-07,8.209742774566474e-08,2.0594214357236827e-09,8.209742774566474e-08,2.0594214357236827e-09,1.99589e-07,1.99589e-07,8.209742774566474e-08,False,False,False,0,False,,,-1.695328696147514,3.0,False,False,,,weekly,10.0,sigma,computed,/home/lkoo/projects/AutomationDetection/DownloadedLC/incremental/quiescent_background_cache.csv,,,,,,False,not_in_flare_streak
4FGL J0539.9-2839,67,68,55929.00001157408,1.65e-07,5.86e-08,3.45e-08,1.0849013020833333e-07,8.209742774566474e-08,2.0594214357236827e-09,8.209742774566474e-08,2.0594214357236827e-09,1.99589e-07,1.99589e-07,8.209742774566474e-08,True,True,False,0,False,,,1.4138468252234306,3.0,False,False,,,weekly,10.0,sigma,computed,/home/lkoo/projects/AutomationDetection/DownloadedLC/incremental/quiescent_background_cache.csv,,,,,,False,not_in_flare_streak
4FGL J0539.9-2839,68,69,55936.00001157408,1.14e-07,4.75e-08,1.65e-07,1.0849013020833333e-07,8.209742774566474e-08,2.0594214357236827e-09,8.209742774566474e-08,2.0594214357236827e-09,1.99589e-07,1.99589e-07,8.209742774566474e-08,False,True,False,0,False,,,0.6710027329269952,3.0,False,False,,,weekly,10.0,sigma,computed,/home/lkoo/projects/AutomationDetection/DownloadedLC/incremental/quiescent_background_cache.csv,,,,,,False,not_in_flare_streak
4FGL J0539.9-2839,69,70,55943.00001157408,1.14e-07,3.74e-08,1.14e-07,1.0849013020833333e-07,8.209742774566474e-08,2.0594214357236827e-09,8.209742774566474e-08,2.0594214357236827e-09,1.99589e-07,1.99589e-07,8.209742774566474e-08,False,True,False,0,False,,,0.8517196699554167,3.0,False,False,,,weekly,10.0,sigma,computed,/home/lkoo/projects/AutomationDetection/DownloadedLC/incremental/quiescent_background_cache.csv,,,,,,False,not_in_flare_streak
4FGL J0539.9-2839,70,71,55950.00001157408,6.71e-08,2.62e-08,1.14e-07,1.0849013020833333e-07,8.209742774566474e-08,2.0594214357236827e-09,8.209742774566474e-08,2.0594214357236827e-09,1.99589e-07,1.99589e-07,8.209742774566474e-08,False,False,False,0,False,,,-0.5706606879315772,3.0,False,False,,,weekly,10.0,sigma,computed,/home/lkoo/projects/AutomationDetection/DownloadedLC/incremental/quiescent_background_cache.csv,,,,,,False,not_in_flare_streak
4FGL J0539.9-2839,71,72,55957.00001157408,4.99e-08,2.81e-08,6.71e-08,1.0849013020833333e-07,8.209742774566474e-08,2.0594214357236827e-09,8.209742774566474e-08,2.0594214357236827e-09,1.99589e-07,1.99589e-07,8.209742774566474e-08,False,False,False,0,False,,,-1.1427510260716705,3.0,False,False,,,weekly,10.0,sigma,computed,/home/lkoo/projects/AutomationDetection/DownloadedLC/incremental/quiescent_background_cache.csv,,,,,,False,not_in_flare_streak
4FGL J0539.9-2839,72,73,55964.00001157408,5.31e-08,3.04e-08,4.99e-08,1.0849013020833333e-07,8.209742774566474e-08,2.0594214357236827e-09,8.209742774566474e-08,2.0594214357236827e-09,1.99589e-07,1.99589e-07,8.209742774566474e-08,True,False,False,0,False,,,-0.951681494460173,3.0,False,False,,,weekly,10.0,sigma,computed,/home/lkoo/projects/AutomationDetection/DownloadedLC/incremental/quiescent_background_cache.csv,,,,,,False,not_in_flare_streak
4FGL J0539.9-2839,73,74,55985.00001157408,1.31e-07,6.58e-08,5.31e-08,1.0849013020833333e-07,8.209742774566474e-08,2.0594214357236827e-09,8.209742774566474e-08,2.0594214357236827e-09,1.99589e-07,1.99589e-07,8.209742774566474e-08,True,True,False,0,False,,,0.7428364424700207,3.0,False,False,,,weekly,10.0,sigma,computed,/home/lkoo/projects/AutomationDetection/DownloadedLC/incremental/quiescent_background_cache.csv,,,,,,False,not_in_flare_streak
4FGL J0539.9-2839,74,75,55999.00001157408,3.03e-08,1.99e-08,1.31e-07,1.0849013020833333e-07,8.209742774566474e-08,2.0594214357236827e-09,8.209742774566474e-08,2.0594214357236827e-09,1.99589e-07,1.99589e-07,8.209742774566474e-08,False,False,False,0,False,,,-2.589058496643032,3.0,False,False,,,weekly,10.0,sigma,computed,/home/lkoo/projects/AutomationDetection/DownloadedLC/incremental/quiescent_background_cache.csv,,,,,,False,not_in_flare_streak
4FGL J0539.9-2839,75,76,56006.00001157408,7.79e-08,2.67e-08,3.03e-08,1.0849013020833333e-07,8.209742774566474e-08,2.0594214357236827e-09,8.209742774566474e-08,2.0594214357236827e-09,1.99589e-07,1.99589e-07,8.209742774566474e-08,True,False,False,0,False,,,-0.1567414698600046,3.0,False,False,,,weekly,10.0,sigma,computed,/home/lkoo/projects/AutomationDetection/DownloadedLC/incremental/quiescent_background_cache.csv,,,,,,False,not_in_flare_streak
4FGL J0539.9-2839,76,77,56013.00001157408,6.26e-08,3.8e-08,7.79e-08,1.0849013020833333e-07,8.209742774566474e-08,2.0594214357236827e-09,8.209742774566474e-08,2.0594214357236827e-09,1.99589e-07,1.99589e-07,8.209742774566474e-08,False,False,False,0,False,,,-0.5123383531608336,3.0,False,False,,,weekly,10.0,sigma,computed,/home/lkoo/projects/AutomationDetection/DownloadedLC/incremental/quiescent_background_cache.csv,,,,,,False,not_in_flare_streak
4FGL J0539.9-2839,77,78,56034.00001157408,1.03e-07,6.65e-08,6.26e-08,1.0849013020833333e-07,8.209742774566474e-08,2.0594214357236827e-09,8.209742774566474e-08,2.0594214357236827e-09,1.99589e-07,1.99589e-07,8.209742774566474e-08,True,True,False,0,False,,,0.3141737746749075,3.0,False,False,,,weekly,10.0,sigma,computed,/home/lkoo/projects/AutomationDetection/DownloadedLC/incremental/quiescent_background_cache.csv,,,,,,False,not_in_flare_streak
4FGL J0539.9-2839,78,79,56055.00001157408,3.29e-08,2.22e-08,1.03e-07,1.0849013020833333e-07,8.209742774566474e-08,2.0594214357236827e-09,8.209742774566474e-08,2.0594214357236827e-09,1.99589e-07,1.99589e-07,8.209742774566474e-08,False,False,False,0,False,,,-2.2066259452030583,3.0,False,False,,,weekly,10.0,sigma,computed,/home/lkoo/projects/AutomationDetection/DownloadedLC/incremental/quiescent_background_cache.csv,,,,,,False,not_in_flare_streak
4FGL J0539.9-2839,79,80,56083.00001157408,7.91e-08,5.48e-08,3.29e-08,1.0849013020833333e-07,8.209742774566474e-08,2.0594214357236827e-09,8.209742774566474e-08,2.0594214357236827e-09,1.99589e-07,1.99589e-07,8.209742774566474e-08,True,False,False,0,False,,,-0.05465900255173916,3.0,False,False,,,weekly,10.0,sigma,computed,/home/lkoo/projects/AutomationDetection/DownloadedLC/incremental/quiescent_background_cache.csv,,,,,,False,not_in_flare_streak
4FGL J0539.9-2839,80,81,56118.00001157408,6.95e-09,5.12e-09,7.91e-08,1.0849013020833333e-07,8.209742774566474e-08,2.0594214357236827e-09,8.209742774566474e-08,2.0594214357236827e-09,1.99589e-07,1.99589e-07,8.209742774566474e-08,False,False,False,0,False,,,-13.616968125486922,3.0,False,False,,,weekly,10.0,sigma,computed,/home/lkoo/projects/AutomationDetection/DownloadedLC/incremental/quiescent_background_cache.csv,,,,,,False,not_in_flare_streak
4FGL J0539.9-2839,81,82,56139.00001157408,9.57e-08,4.89e-08,6.95e-09,1.0849013020833333e-07,8.209742774566474e-08,2.0594214357236827e-09,8.209742774566474e-08,2.0594214357236827e-09,1.99589e-07,1.99589e-07,8.209742774566474e-08,True,True,False,0,False,,,0.2779248475027168,3.0,False,False,,,weekly,10.0,sigma,computed,/home/lkoo/projects/AutomationDetection/DownloadedLC/incremental/quiescent_background_cache.csv,,,,,,False,not_in_flare_streak
4FGL J0539.9-2839,82,83,56160.00001157408,1.03e-07,3.29e-08,9.57e-08,1.0849013020833333e-07,8.209742774566474e-08,2.0594214357236827e-09,8.209742774566474e-08,2.0594214357236827e-09,1.99589e-07,1.99589e-07,8.209742774566474e-08,True,True,False,0,False,,,0.6340954662973516,3.0,False,False,,,weekly,10.0,sigma,computed,/home/lkoo/projects/AutomationDetection/DownloadedLC/incremental/quiescent_background_cache.csv,,,,,,False,not_in_flare_streak
4FGL J0539.9-2839,83,84,56181.00001157408,5.42e-08,2.8e-08,1.03e-07,1.0849013020833333e-07,8.209742774566474e-08,2.0594214357236827e-09,8.209742774566474e-08,2.0594214357236827e-09,1.99589e-07,1.99589e-07,8.209742774566474e-08,False,False,False,0,False,,,-0.993652641454664,3.0,False,False,,,weekly,10.0,sigma,computed,/home/lkoo/projects/AutomationDetection/DownloadedLC/incremental/quiescent_background_cache.csv,,,,,,False,not_in_flare_streak
4FGL J0539.9-2839,84,85,56230.00001157408,5.84e-09,5.25e-09,5.42e-08,1.0849013020833333e-07,8.209742774566474e-08,2.0594214357236827e-09,8.209742774566474e-08,2.0594214357236827e-09,1.99589e-07,1.99589e-07,8.209742774566474e-08,False,False,False,0,False,,,-13.522071068606598,3.0,False,False,,,weekly,10.0,sigma,computed,/home/lkoo/projects/AutomationDetection/DownloadedLC/incremental/quiescent_background_cache.csv,,,,,,False,not_in_flare_streak
4FGL J0539.9-2839,85,86,56237.00001157408,9.16e-08,5.98e-08,5.84e-09,1.0849013020833333e-07,8.209742774566474e-08,2.0594214357236827e-09,8.209742774566474e-08,2.0594214357236827e-09,1.99589e-07,1.99589e-07,8.209742774566474e-08,True,True,False,0,False,,,0.15881174234697235,3.0,False,False,,,weekly,10.0,sigma,computed,/home/lkoo/projects/AutomationDetection/DownloadedLC/incremental/quiescent_background_cache.csv,,,,,,False,not_in_flare_streak
4FGL J0539.9-2839,86,87,56244.00001157408,1.23e-07,5.59e-08,9.16e-08,1.0849013020833333e-07,8.209742774566474e-08,2.0594214357236827e-09,8.209742774566474e-08,2.0594214357236827e-09,1.99589e-07,1.99589e-07,8.209742774566474e-08,True,True,False,0,False,,,0.7312136408546146,3.0,False,False,,,weekly,10.0,sigma,computed,/home/lkoo/projects/AutomationDetection/DownloadedLC/incremental/quiescent_background_cache.csv,,,,,,False,not_in_flare_streak
4FGL J0539.9-2839,87,88,56258.00001157408,1.14e-07,5.76e-08,1.23e-07,1.0849013020833333e-07,8.209742774566474e-08,2.0594214357236827e-09,8.209742774566474e-08,2.0594214357236827e-09,1.99589e-07,1.99589e-07,8.209742774566474e-08,False,True,False,0,False,,,0.553510428092963,3.0,False,False,,,weekly,10.0,sigma,computed,/home/lkoo/projects/AutomationDetection/DownloadedLC/incremental/quiescent_background_cache.csv,,,,,,False,not_in_flare_streak
4FGL J0539.9-2839,88,89,56265.00001157408,1.07e-07,3.78e-08,1.14e-07,1.0849013020833333e-07,8.209742774566474e-08,2.0594214357236827e-09,8.209742774566474e-08,2.0594214357236827e-09,1.99589e-07,1.99589e-07,8.209742774566474e-08,False,True,False,0,False,,,0.6578226258533167,3.0,False,False,,,weekly,10.0,sigma,computed,/home/lkoo/projects/AutomationDetection/DownloadedLC/incremental/quiescent_background_cache.csv,,,,,,False,not_in_flare_streak
4FGL J0539.9-2839,89,90,56272.00001157408,8.66e-08,2.8e-08,1.07e-07,1.0849013020833333e-07,8.209742774566474e-08,2.0594214357236827e-09,8.209742774566474e-08,2.0594214357236827e-09,1.99589e-07,1.99589e-07,8.209742774566474e-08,False,True,False,0,False,,,0.16037295103509913,3.0,False,False,,,weekly,10.0,sigma,computed,/home/lkoo/projects/AutomationDetection/DownloadedLC/incremental/quiescent_background_cache.csv,,,,,,False,not_in_flare_streak
4FGL J0539.9-2839,90,91,56279.00001157408,6.26e-08,2.68e-08,8.66e-08,1.0849013020833333e-07,8.209742774566474e-08,2.0594214357236827e-09,8.209742774566474e-08,2.0594214357236827e-09,1.99589e-07,1.99589e-07,8.209742774566474e-08,False,False,False,0,False,,,-0.7253774313850917,3.0,False,False,,,weekly,10.0,sigma,computed,/home/lkoo/projects/AutomationDetection/DownloadedLC/incremental/quiescent_background_cache.csv,,,,,,False,not_in_flare_streak
4FGL J0539.9-2839,91,92,56286.00001157408,1.67e-07,4.13e-08,6.26e-08,1.0849013020833333e-07,8.209742774566474e-08,2.0594214357236827e-09,8.209742774566474e-08,2.0594214357236827e-09,1.99589e-07,1.99589e-07,8.209742774566474e-08,True,True,False,0,False,,,2.05320128604467,3.0,False,False,,,weekly,10.0,sigma,computed,/home/lkoo/projects/AutomationDetection/DownloadedLC/incremental/quiescent_background_cache.csv,,,,,,False,not_in_flare_streak
4FGL J0539.9-2839,92,93,56293.00001157408,2.07e-07,5.66e-08,1.67e-07,1.0849013020833333e-07,8.209742774566474e-08,2.0594214357236827e-09,8.209742774566474e-08,2.0594214357236827e-09,1.99589e-07,1.99589e-07,8.209742774566474e-08,True,True,False,0,False,,,2.205299903568489,3.0,False,False,,,weekly,10.0,sigma,computed,/home/lkoo/projects/AutomationDetection/DownloadedLC/incremental/quiescent_background_cache.csv,,,,,,False,not_in_flare_streak
4FGL J0539.9-2839,93,94,56300.00001157408,1.84e-07,6.17e-08,2.07e-07,1.0849013020833333e-07,8.209742774566474e-08,2.0594214357236827e-09,8.209742774566474e-08,2.0594214357236827e-09,1.99589e-07,1.99589e-07,8.209742774566474e-08,False,True,False,0,False,,,1.6506621611265977,3.0,False,False,,,weekly,10.0,sigma,computed,/home/lkoo/projects/AutomationDetection/DownloadedLC/incremental/quiescent_background_cache.csv,,,,,,False,not_in_flare_streak
4FGL J0539.9-2839,94,95,56307.00001157408,9.78e-08,4.38e-08,1.84e-07,1.0849013020833333e-07,8.209742774566474e-08,2.0594214357236827e-09,8.209742774566474e-08,2.0594214357236827e-09,1.99589e-07,1.99589e-07,8.209742774566474e-08,False,True,False,0,False,,,0.35811058553190805,3.0,False,False,,,weekly,10.0,sigma,computed,/home/lkoo/projects/AutomationDetection/DownloadedLC/incremental/quiescent_background_cache.csv,,,,,,False,not_in_flare_streak
4FGL J0539.9-2839,95,96,56314.00001157408,2.33e-07,5.63e-08,9.78e-08,1.0849013020833333e-07,8.209742774566474e-08,2.0594214357236827e-09,8.209742774566474e-08,2.0594214357236827e-09,1.99589e-07,1.99589e-07,8.209742774566474e-08,True,True,False,0,False,,,2.67853846456999,3.0,False,False,,,weekly,10.0,sigma,computed,/home/lkoo/projects/AutomationDetection/DownloadedLC/incremental/quiescent_background_cache.csv,,,,,,False,not_in_flare_streak
4FGL J0539.9-2839,96,97,56321.00001157408,1.66e-07,3.57e-08,2.33e-07,1.0849013020833333e-07,8.209742774566474e-08,2.0594214357236827e-09,8.209742774566474e-08,2.0594214357236827e-09,1.99589e-07,1.99589e-07,8.209742774566474e-08,False,True,False,0,False,,,2.3463113517150136,3.0,False,False,,,weekly,10.0,sigma,computed,/home/lkoo/projects/AutomationDetection/DownloadedLC/incremental/quiescent_background_cache.csv,,,,,,False,not_in_flare_streak
4FGL J0539.9-2839,97,98,56335.00001157408,5.29e-08,2.71e-08,1.66e-07,1.0849013020833333e-07,8.209742774566474e-08,2.0594214357236827e-09,8.209742774566474e-08,2.0594214357236827e-09,1.99589e-07,1.99589e-07,8.209742774566474e-08,False,False,False,0,False,,,-1.0742982879489924,3.0,False,False,,,weekly,10.0,sigma,computed,/home/lkoo/projects/AutomationDetection/DownloadedLC/incremental/quiescent_background_cache.csv,,,,,,False,not_in_flare_streak
4FGL J0539.9-2839,98,99,56349.00001157408,1.51e-07,6.32e-08,5.29e-08,1.0849013020833333e-07,8.209742774566474e-08,2.0594214357236827e-09,8.209742774566474e-08,2.0594214357236827e-09,1.99589e-07,1.99589e-07,8.209742774566474e-08,True,True,False,0,False,,,1.0896522126853385,3.0,False,False,,,weekly,10.0,sigma,computed,/home/lkoo/projects/AutomationDetection/DownloadedLC/incremental/quiescent_background_cache.csv,,,,,,False,not_in_flare_streak
4FGL J0539.9-2839,99,100,56356.00001157408,1.89e-07,4.31e-08,1.51e-07,1.0849013020833333e-07,8.209742774566474e-08,2.0594214357236827e-09,8.209742774566474e-08,2.0594214357236827e-09,1.99589e-07,1.99589e-07,8.209742774566474e-08,True,True,False,0,False,,,2.477511441146149,3.0,False,False,,,weekly,10.0,sigma,computed,/home/lkoo/projects/AutomationDetection/DownloadedLC/incremental/quiescent_background_cache.csv,,,,,,False,not_in_flare_streak
4FGL J0539.9-2839,100,101,56363.00001157408,3.98e-08,3.78e-08,1.89e-07,1.0849013020833333e-07,8.209742774566474e-08,2.0594214357236827e-09,8.209742774566474e-08,2.0594214357236827e-09,1.99589e-07,1.99589e-07,8.209742774566474e-08,False,False,False,0,False,,,-1.11732252806335,3.0,False,False,,,weekly,10.0,sigma,computed,/home/lkoo/projects/AutomationDetection/DownloadedLC/incremental/quiescent_background_cache.csv,,,,,,False,not_in_flare_streak
4FGL J0539.9-2839,101,102,56370.00001157408,1.95e-07,4.42e-08,3.98e-08,1.0849013020833333e-07,8.209742774566474e-08,2.0594214357236827e-09,8.209742774566474e-08,2.0594214357236827e-09,1.99589e-07,1.99589e-07,8.209742774566474e-08,True,True,False,0,False,,,2.55158867905372,3.0,False,False,,,weekly,10.0,sigma,computed,/home/lkoo/projects/AutomationDetection/DownloadedLC/incremental/quiescent_background_cache.csv,,,,,,False,not_in_flare_streak
4FGL J0539.9-2839,102,103,56377.00001157408,1.3e-07,3.25e-08,1.95e-07,1.0849013020833333e-07,8.209742774566474e-08,2.0594214357236827e-09,8.209742774566474e-08,2.0594214357236827e-09,1.99589e-07,1.99589e-07,8.209742774566474e-08,False,True,False,0,False,,,1.4709750167700273,3.0,False,False,,,weekly,10.0,sigma,computed,/home/lkoo/projects/AutomationDetection/DownloadedLC/incremental/quiescent_background_cache.csv,,,,,,False,not_in_flare_streak
4FGL J0539.9-2839,103,104,56384.00001157408,1.73e-07,3.29e-08,1.3e-07,1.0849013020833333e-07,8.209742774566474e-08,2.0594214357236827e-09,8.209742774566474e-08,2.0594214357236827e-09,1.99589e-07,1.99589e-07,8.209742774566474e-08,True,True,False,0,False,,,2.757598837113768,3.0,False,False,,,weekly,10.0,sigma,computed,/home/lkoo/projects/AutomationDetection/DownloadedLC/incremental/quiescent_background_cache.csv,,,,,,False,not_in_flare_streak
4FGL J0539.9-2839,104,105,56391.00001157408,1.9e-07,4.05e-08,1.73e-07,1.0849013020833333e-07,8.209742774566474e-08,2.0594214357236827e-09,8.209742774566474e-08,2.0594214357236827e-09,1.99589e-07,1.99589e-07,8.209742774566474e-08,True,True,False,0,False,,,2.6608232008991557,3.0,False,False,,,weekly,10.0,sigma,computed,/home/lkoo/projects/AutomationDetection/DownloadedLC/incremental/quiescent_background_cache.csv,,,,,,False,not_in_flare_streak
4FGL J0539.9-2839,105,106,56398.00001157408,1.44e-07,5.72e-08,1.9e-07,1.0849013020833333e-07,8.209742774566474e-08,2.0594214357236827e-09,8.209742774566474e-08,2.0594214357236827e-09,1.99589e-07,1.99589e-07,8.209742774566474e-08,False,True,False,0,False,,,1.0815120581185633,3.0,False,False,,,weekly,10.0,sigma,computed,/home/lkoo/projects/AutomationDetection/DownloadedLC/incremental/quiescent_background_cache.csv,,,,,,False,not_in_flare_streak
4FGL J0539.9-2839,106,107,56405.00001157408,1.03e-07,6.24e-08,1.44e-07,1.0849013020833333e-07,8.209742774566474e-08,2.0594214357236827e-09,8.209742774566474e-08,2.0594214357236827e-09,1.99589e-07,1.99589e-07,8.209742774566474e-08,False,True,False,0,False,,,0.33479483408929467,3.0,False,False,,,weekly,10.0,sigma,computed,/home/lkoo/projects/AutomationDetection/DownloadedLC/incremental/quiescent_background_cache.csv,,,,,,False,not_in_flare_streak
4FGL J0539.9-2839,107,108,56419.00001157408,7.16e-08,4.31e-08,1.03e-07,1.0849013020833333e-07,8.209742774566474e-08,2.0594214357236827e-09,8.209742774566474e-08,2.0594214357236827e-09,1.99589e-07,1.99589e-07,8.209742774566474e-08,False,False,False,0,False,,,-0.24328224096062118,3.0,False,False,,,weekly,10.0,sigma,computed,/home/lkoo/projects/AutomationDetection/DownloadedLC/incremental/quiescent_background_cache.csv,,,,,,False,not_in_flare_streak
4FGL J0539.9-2839,108,109,56447.00001157408,5.52e-08,3.86e-08,7.16e-08,1.0849013020833333e-07,8.209742774566474e-08,2.0594214357236827e-09,8.209742774566474e-08,2.0594214357236827e-09,1.99589e-07,1.99589e-07,8.209742774566474e-08,False,False,False,0,False,,,-0.6958348991189272,3.0,False,False,,,weekly,10.0,sigma,computed,/home/lkoo/projects/AutomationDetection/DownloadedLC/incremental/quiescent_background_cache.csv,,,,,,False,not_in_flare_streak
4FGL J0539.9-2839,109,110,56482.00001157408,5.01e-08,3.28e-08,5.52e-08,1.0849013020833333e-07,8.209742774566474e-08,2.0594214357236827e-09,8.209742774566474e-08,2.0594214357236827e-09,1.99589e-07,1.99589e-07,8.209742774566474e-08,False,False,False,0,False,,,-0.9736141124180963,3.0,False,False,,,weekly,10.0,sigma,computed,/home/lkoo/projects/AutomationDetection/DownloadedLC/incremental/quiescent_background_cache.csv,,,,,,False,not_in_flare_streak
4FGL J0539.9-2839,110,111,56489.00001157408,5.03e-08,3.02e-08,5.01e-08,1.0849013020833333e-07,8.209742774566474e-08,2.0594214357236827e-09,8.209742774566474e-08,2.0594214357236827e-09,1.99589e-07,1.99589e-07,8.209742774566474e-08,True,False,False,0,False,,,-1.050455349859724,3.0,False,False,,,weekly,10.0,sigma,computed,/home/lkoo/projects/AutomationDetection/DownloadedLC/incremental/quiescent_background_cache.csv,,,,,,False,not_in_flare_streak
4FGL J0539.9-2839,111,112,56496.00001157408,6.91e-08,3.75e-08,5.03e-08,1.0849013020833333e-07,8.209742774566474e-08,2.0594214357236827e-09,8.209742774566474e-08,2.0594214357236827e-09,1.99589e-07,1.99589e-07,8.209742774566474e-08,True,False,False,0,False,,,-0.3460765867303434,3.0,False,False,,,weekly,10.0,sigma,computed,/home/lkoo/projects/AutomationDetection/DownloadedLC/incremental/quiescent_background_cache.csv,,,,,,False,not_in_flare_streak
4FGL J0539.9-2839,112,113,56538.00001157408,6.1e-08,3.16e-08,6.91e-08,1.0849013020833333e-07,8.209742774566474e-08,2.0594214357236827e-09,8.209742774566474e-08,2.0594214357236827e-09,1.99589e-07,1.99589e-07,8.209742774566474e-08,False,False,False,0,False,,,-0.666226774261082,3.0,False,False,,,weekly,10.0,sigma,computed,/home/lkoo/projects/AutomationDetection/DownloadedLC/incremental/quiescent_background_cache.csv,,,,,,False,not_in_flare_streak
4FGL J0539.9-2839,113,114,56580.00001157408,6.65e-08,4.13e-08,6.1e-08,1.0849013020833333e-07,8.209742774566474e-08,2.0594214357236827e-09,8.209742774566474e-08,2.0594214357236827e-09,1.99589e-07,1.99589e-07,8.209742774566474e-08,True,False,False,0,False,,,-0.37719303262631615,3.0,False,False,,,weekly,10.0,sigma,computed,/home/lkoo/projects/AutomationDetection/DownloadedLC/incremental/quiescent_background_cache.csv,,,,,,False,not_in_flare_streak
4FGL J0539.9-2839,114,115,56587.00001157408,9.06e-08,3.66e-08,6.65e-08,1.0849013020833333e-07,8.209742774566474e-08,2.0594214357236827e-09,8.209742774566474e-08,2.0594214357236827e-09,1.99589e-07,1.99589e-07,8.209742774566474e-08,True,True,False,0,False,,,0.23194382574138397,3.0,False,False,,,weekly,10.0,sigma,computed,/home/lkoo/projects/AutomationDetection/DownloadedLC/incremental/quiescent_background_cache.csv,,,,,,False,not_in_flare_streak
4FGL J0539.9-2839,115,116,56594.00001157408,7.16e-08,2.54e-08,9.06e-08,1.0849013020833333e-07,8.209742774566474e-08,2.0594214357236827e-09,8.209742774566474e-08,2.0594214357236827e-09,1.99589e-07,1.99589e-07,8.209742774566474e-08,False,False,False,0,False,,,-0.4119327726879489,3.0,False,False,,,weekly,10.0,sigma,computed,/home/lkoo/projects/AutomationDetection/DownloadedLC/incremental/quiescent_background_cache.csv,,,,,,False,not_in_flare_streak
4FGL J0539.9-2839,116,117,56608.00001157408,1.07e-07,4.2e-08,7.16e-08,1.0849013020833333e-07,8.209742774566474e-08,2.0594214357236827e-09,8.209742774566474e-08,2.0594214357236827e-09,1.99589e-07,1.99589e-07,8.209742774566474e-08,True,True,False,0,False,,,0.5922068876297699,3.0,False,False,,,weekly,10.0,sigma,computed,/home/lkoo/projects/AutomationDetection/DownloadedLC/incremental/quiescent_background_cache.csv,,,,,,False,not_in_flare_streak
4FGL J0539.9-2839,117,118,56615.00001157408,1.1e-07,5.7e-08,1.07e-07,1.0849013020833333e-07,8.209742774566474e-08,2.0594214357236827e-09,8.209742774566474e-08,2.0594214357236827e-09,1.99589e-07,1.99589e-07,8.209742774566474e-08,True,True,False,0,False,,,0.4891996171280957,3.0,False,False,,,weekly,10.0,sigma,computed,/home/lkoo/projects/AutomationDetection/DownloadedLC/incremental/quiescent_background_cache.csv,,,,,,False,not_in_flare_streak
4FGL J0539.9-2839,118,119,56629.00001157408,7.82e-08,3.4e-08,1.1e-07,1.0849013020833333e-07,8.209742774566474e-08,2.0594214357236827e-09,8.209742774566474e-08,2.0594214357236827e-09,1.99589e-07,1.99589e-07,8.209742774566474e-08,False,False,False,0,False,,,-0.11442052282599514,3.0,False,False,,,weekly,10.0,sigma,computed,/home/lkoo/projects/AutomationDetection/DownloadedLC/incremental/quiescent_background_cache.csv,,,,,,False,not_in_flare_streak
4FGL J0539.9-2839,119,120,56636.00001157408,1.25e-08,1.16e-08,7.82e-08,1.0849013020833333e-07,8.209742774566474e-08,2.0594214357236827e-09,8.209742774566474e-08,2.0594214357236827e-09,1.99589e-07,1.99589e-07,8.209742774566474e-08,False,False,False,0,False,,,-5.907402362470731,3.0,False,False,,,weekly,10.0,sigma,computed,/home/lkoo/projects/AutomationDetection/DownloadedLC/incremental/quiescent_background_cache.csv,,,,,,False,not_in_flare_streak
4FGL J0539.9-2839,120,121,56643.00001157408,2.2e-08,1.71e-08,1.25e-08,1.0849013020833333e-07,8.209742774566474e-08,2.0594214357236827e-09,8.209742774566474e-08,2.0594214357236827e-09,1.99589e-07,1.99589e-07,8.209742774566474e-08,True,False,False,0,False,,,-3.4892558642085976,3.0,False,False,,,weekly,10.0,sigma,computed,/home/lkoo/projects/AutomationDetection/DownloadedLC/incremental/quiescent_background_cache.csv,,,,,,False,not_in_flare_streak
4FGL J0539.9-2839,121,122,56650.00001157408,4.72e-08,2.73e-08,2.2e-08,1.0849013020833333e-07,8.209742774566474e-08,2.0594214357236827e-09,8.209742774566474e-08,2.0594214357236827e-09,1.99589e-07,1.99589e-07,8.209742774566474e-08,True,False,False,0,False,,,-1.2746723173881278,3.0,False,False,,,weekly,10.0,sigma,computed,/home/lkoo/projects/AutomationDetection/DownloadedLC/incremental/quiescent_background_cache.csv,,,,,,False,not_in_flare_streak
4FGL J0539.9-2839,122,123,56678.00001157408,8.62e-08,5.89e-08,4.72e-08,1.0849013020833333e-07,8.209742774566474e-08,2.0594214357236827e-09,8.209742774566474e-08,2.0594214357236827e-09,1.99589e-07,1.99589e-07,8.209742774566474e-08,True,True,False,0,False,,,0.06961064160522304,3.0,False,False,,,weekly,10.0,sigma,computed,/home/lkoo/projects/AutomationDetection/DownloadedLC/incremental/quiescent_background_cache.csv,,,,,,False,not_in_flare_streak
4FGL J0539.9-2839,123,124,56706.00001157408,3.8e-08,2.24e-08,8.62e-08,1.0849013020833333e-07,8.209742774566474e-08,2.0594214357236827e-09,8.209742774566474e-08,2.0594214357236827e-09,1.99589e-07,1.99589e-07,8.209742774566474e-08,False,False,False,0,False,,,-1.9603674224810743,3.0,False,False,,,weekly,10.0,sigma,computed,/home/lkoo/projects/AutomationDetection/DownloadedLC/incremental/quiescent_background_cache.csv,,,,,,False,not_in_flare_streak
4FGL J0539.9-2839,124,125,56755.00001157408,7.76e-08,2.77e-08,3.8e-08,1.0849013020833333e-07,8.209742774566474e-08,2.0594214357236827e-09,8.209742774566474e-08,2.0594214357236827e-09,1.99589e-07,1.99589e-07,8.209742774566474e-08,True,False,False,0,False,,,-0.16191513397546664,3.0,False,False,,,weekly,10.0,sigma,computed,/home/lkoo/projects/AutomationDetection/DownloadedLC/incremental/quiescent_background_cache.csv,,,,,,False,not_in_flare_streak
4FGL J0539.9-2839,125,126,56804.00001157408,5.8e-08,3.62e-08,7.76e-08,1.0849013020833333e-07,8.209742774566474e-08,2.0594214357236827e-09,8.209742774566474e-08,2.0594214357236827e-09,1.99589e-07,1.99589e-07,8.209742774566474e-08,False,False,False,0,False,,,-0.6646001848283237,3.0,False,False,,,weekly,10.0,sigma,computed,/home/lkoo/projects/AutomationDetection/DownloadedLC/incremental/quiescent_background_cache.csv,,,,,,False,not_in_flare_streak
4FGL J0539.9-2839,126,127,56846.00001157408,1.1e-07,4.23e-08,5.8e-08,1.0849013020833333e-07,8.209742774566474e-08,2.0594214357236827e-09,8.209742774566474e-08,2.0594214357236827e-09,1.99589e-07,1.99589e-07,8.209742774566474e-08,True,True,False,0,False,,,0.6588548866662617,3.0,False,False,,,weekly,10.0,sigma,computed,/home/lkoo/projects/AutomationDetection/DownloadedLC/incremental/quiescent_background_cache.csv,,,,,,False,not_in_flare_streak
4FGL J0539.9-2839,127,128,56853.00001157408,7.4e-08,2.46e-08,1.1e-07,1.0849013020833333e-07,8.209742774566474e-08,2.0594214357236827e-09,8.209742774566474e-08,2.0594214357236827e-09,1.99589e-07,1.99589e-07,8.209742774566474e-08,False,False,False,0,False,,,-0.32801629809137184,3.0,False,False,,,weekly,10.0,sigma,computed,/home/lkoo/projects/AutomationDetection/DownloadedLC/incremental/quiescent_background_cache.csv,,,,,,False,not_in_flare_streak
4FGL J0539.9-2839,128,129,56874.00001157408,9.74e-08,4.22e-08,7.4e-08,1.0849013020833333e-07,8.209742774566474e-08,2.0594214357236827e-09,8.209742774566474e-08,2.0594214357236827e-09,1.99589e-07,1.99589e-07,8.209742774566474e-08,True,True,False,0,False,,,0.36218916047515926,3.0,False,False,,,weekly,10.0,sigma,computed,/home/lkoo/projects/AutomationDetection/DownloadedLC/incremental/quiescent_background_cache.csv,,,,,,False,not_in_flare_streak
4FGL J0539.9-2839,129,130,56888.00001157408,1.34e-07,5.04e-08,9.74e-08,1.0849013020833333e-07,8.209742774566474e-08,2.0594214357236827e-09,8.209742774566474e-08,2.0594214357236827e-09,1.99589e-07,1.99589e-07,8.209742774566474e-08,True,True,False,0,False,,,1.0289542952493271,3.0,False,False,,,weekly,10.0,sigma,computed,/home/lkoo/projects/AutomationDetection/DownloadedLC/incremental/quiescent_background_cache.csv,,,,,,False,not_in_flare_streak
4FGL J0539.9-2839,130,131,56902.00001157408,1.54e-08,1.38e-08,1.34e-07,1.0849013020833333e-07,8.209742774566474e-08,2.0594214357236827e-09,8.209742774566474e-08,2.0594214357236827e-09,1.99589e-07,1.99589e-07,8.209742774566474e-08,False,False,False,0,False,,,-4.780210917019486,3.0,False,False,,,weekly,10.0,sigma,computed,/home/lkoo/projects/AutomationDetection/DownloadedLC/incremental/quiescent_background_cache.csv,,,,,,False,not_in_flare_streak
4FGL J0539.9-2839,131,132,56909.00001157408,7.25e-08,2.85e-08,1.54e-08,1.0849013020833333e-07,8.209742774566474e-08,2.0594214357236827e-09,8.209742774566474e-08,2.0594214357236827e-09,1.99589e-07,1.99589e-07,8.209742774566474e-08,True,False,False,0,False,,,-0.33587609291880793,3.0,False,False,,,weekly,10.0,sigma,computed,/home/lkoo/projects/AutomationDetection/DownloadedLC/incremental/quiescent_background_cache.csv,,,,,,False,not_in_flare_streak
4FGL J0539.9-2839,132,133,56916.00001157408,2.89e-08,1.79e-08,7.25e-08,1.0849013020833333e-07,8.209742774566474e-08,2.0594214357236827e-09,8.209742774566474e-08,2.0594214357236827e-09,1.99589e-07,1.99589e-07,8.209742774566474e-08,False,False,False,0,False,,,-2.9524470390706714,3.0,False,False,,,weekly,10.0,sigma,computed,/home/lkoo/projects/AutomationDetection/DownloadedLC/incremental/quiescent_background_cache.csv,,,,,,False,not_in_flare_streak
4FGL J0539.9-2839,133,134,56944.00001157408,5.08e-08,3.16e-08,2.89e-08,1.0849013020833333e-07,8.209742774566474e-08,2.0594214357236827e-09,8.209742774566474e-08,2.0594214357236827e-09,1.99589e-07,1.99589e-07,8.209742774566474e-08,True,False,False,0,False,,,-0.9883282730496932,3.0,False,False,,,weekly,10.0,sigma,computed,/home/lkoo/projects/AutomationDetection/DownloadedLC/incremental/quiescent_background_cache.csv,,,,,,False,not_in_flare_streak
4FGL J0539.9-2839,134,135,56951.00001157408,4.21e-08,3.64e-08,5.08e-08,1.0849013020833333e-07,8.209742774566474e-08,2.0594214357236827e-09,8.209742774566474e-08,2.0594214357236827e-09,1.99589e-07,1.99589e-07,8.209742774566474e-08,False,False,False,0,False,,,-1.0970759572555353,3.0,False,False,,,weekly,10.0,sigma,computed,/home/lkoo/projects/AutomationDetection/DownloadedLC/incremental/quiescent_background_cache.csv,,,,,,False,not_in_flare_streak
4FGL J0539.9-2839,135,136,56958.00001157408,5.49e-08,2.99e-08,4.21e-08,1.0849013020833333e-07,8.209742774566474e-08,2.0594214357236827e-09,8.209742774566474e-08,2.0594214357236827e-09,1.99589e-07,1.99589e-07,8.209742774566474e-08,True,False,False,0,False,,,-0.9074629958713678,3.0,False,False,,,weekly,10.0,sigma,computed,/home/lkoo/projects/AutomationDetection/DownloadedLC/incremental/quiescent_background_cache.csv,,,,,,False,not_in_flare_streak
4FGL J0539.9-2839,136,137,56979.00001157408,2.74e-08,2.1e-08,5.49e-08,1.0849013020833333e-07,8.209742774566474e-08,2.0594214357236827e-09,8.209742774566474e-08,2.0594214357236827e-09,1.99589e-07,1.99589e-07,8.209742774566474e-08,False,False,False,0,False,,,-2.5922042770288507,3.0,False,False,,,weekly,10.0,sigma,computed,/home/lkoo/projects/AutomationDetection/DownloadedLC/incremental/quiescent_background_cache.csv,,,,,,False,not_in_flare_streak
4FGL J0539.9-2839,137,138,56993.00001157408,1.29e-07,7.09e-08,2.74e-08,1.0849013020833333e-07,8.209742774566474e-08,2.0594214357236827e-09,8.209742774566474e-08,2.0594214357236827e-09,1.99589e-07,1.99589e-07,8.209742774566474e-08,True,True,False,0,False,,,0.6612524465898731,3.0,False,False,,,weekly,10.0,sigma,computed,/home/lkoo/projects/AutomationDetection/DownloadedLC/incremental/quiescent_background_cache.csv,,,,,,False,not_in_flare_streak
4FGL J0539.9-2839,138,139,57014.00001157408,2.08e-08,1.64e-08,1.29e-07,1.0849013020833333e-07,8.209742774566474e-08,2.0594214357236827e-09,8.209742774566474e-08,2.0594214357236827e-09,1.99589e-07,1.99589e-07,8.209742774566474e-08,False,False,False,0,False,,,-3.708522650192571,3.0,False,False,,,weekly,10.0,sigma,computed,/home/lkoo/projects/AutomationDetection/DownloadedLC/incremental/quiescent_background_cache.csv,,,,,,False,not_in_flare_streak
4FGL J0539.9-2839,139,140,57084.00001157408,3.69e-08,3.13e-08,2.08e-08,1.0849013020833333e-07,8.209742774566474e-08,2.0594214357236827e-09,8.209742774566474e-08,2.0594214357236827e-09,1.99589e-07,1.99589e-07,8.209742774566474e-08,True,False,False,0,False,,,-1.4408917323774217,3.0,False,False,,,weekly,10.0,sigma,computed,/home/lkoo/projects/AutomationDetection/DownloadedLC/incremental/quiescent_background_cache.csv,,,,,,False,not_in_flare_streak
4FGL J0539.9-2839,140,141,57112.00001157408,6.44e-08,3.65e-08,3.69e-08,1.0849013020833333e-07,8.209742774566474e-08,2.0594214357236827e-09,8.209742774566474e-08,2.0594214357236827e-09,1.99589e-07,1.99589e-07,8.209742774566474e-08,True,False,False,0,False,,,-0.48409109463898053,3.0,False,False,,,weekly,10.0,sigma,computed,/home/lkoo/projects/AutomationDetection/DownloadedLC/incremental/quiescent_background_cache.csv,,,,,,False,not_in_flare_streak
4FGL J0539.9-2839,141,142,57119.00001157408,5.58e-08,2.74e-08,6.44e-08,1.0849013020833333e-07,8.209742774566474e-08,2.0594214357236827e-09,8.209742774566474e-08,2.0594214357236827e-09,1.99589e-07,1.99589e-07,8.209742774566474e-08,False,False,False,0,False,,,-0.9570606156488093,3.0,False,False,,,weekly,10.0,sigma,computed,/home/lkoo/projects/AutomationDetection/DownloadedLC/incremental/quiescent_background_cache.csv,,,,,,False,not_in_flare_streak
4FGL J0539.9-2839,142,143,57126.00001157408,6.49e-08,3.73e-08,5.58e-08,1.0849013020833333e-07,8.209742774566474e-08,2.0594214357236827e-09,8.209742774566474e-08,2.0594214357236827e-09,1.99589e-07,1.99589e-07,8.209742774566474e-08,True,False,False,0,False,,,-0.460355902229259,3.0,False,False,,,weekly,10.0,sigma,computed,/home/lkoo/projects/AutomationDetection/DownloadedLC/incremental/quiescent_background_cache.csv,,,,,,False,not_in_flare_streak
4FGL J0539.9-2839,143,144,57133.00001157408,4.92e-08,2.84e-08,6.49e-08,1.0849013020833333e-07,8.209742774566474e-08,2.0594214357236827e-09,8.209742774566474e-08,2.0594214357236827e-09,1.99589e-07,1.99589e-07,8.209742774566474e-08,False,False,False,0,False,,,-1.155326529019241,3.0,False,False,,,weekly,10.0,sigma,computed,/home/lkoo/projects/AutomationDetection/DownloadedLC/incremental/quiescent_background_cache.csv,,,,,,False,not_in_flare_streak
4FGL J0539.9-2839,144,145,57140.00001157408,3.78e-08,2.13e-08,4.92e-08,1.0849013020833333e-07,8.209742774566474e-08,2.0594214357236827e-09,8.209742774566474e-08,2.0594214357236827e-09,1.99589e-07,1.99589e-07,8.209742774566474e-08,False,False,False,0,False,,,-2.070038312394226,3.0,False,False,,,weekly,10.0,sigma,computed,/home/lkoo/projects/AutomationDetection/DownloadedLC/incremental/quiescent_background_cache.csv,,,,,,False,not_in_flare_streak
4FGL J0539.9-2839,145,146,57154.00001157408,1.31e-07,1.12e-07,3.78e-08,1.0849013020833333e-07,8.209742774566474e-08,2.0594214357236827e-09,8.209742774566474e-08,2.0594214357236827e-09,1.99589e-07,1.99589e-07,8.209742774566474e-08,True,True,False,0,False,,,0.43655631423549024,3.0,False,False,,,weekly,10.0,sigma,computed,/home/lkoo/projects/AutomationDetection/DownloadedLC/incremental/quiescent_background_cache.csv,,,,,,False,not_in_flare_streak
4FGL J0539.9-2839,146,147,57161.00001157408,9.84e-08,5.66e-08,1.31e-07,1.0849013020833333e-07,8.209742774566474e-08,2.0594214357236827e-09,8.209742774566474e-08,2.0594214357236827e-09,1.99589e-07,1.99589e-07,8.209742774566474e-08,False,True,False,0,False,,,0.28784083763459883,3.0,False,False,,,weekly,10.0,sigma,computed,/home/lkoo/projects/AutomationDetection/DownloadedLC/incremental/quiescent_background_cache.csv,,,,,,False,not_in_flare_streak
4FGL J0539.9-2839,147,148,57168.00001157408,1.32e-07,3.62e-08,9.84e-08,1.0849013020833333e-07,8.209742774566474e-08,2.0594214357236827e-09,8.209742774566474e-08,2.0594214357236827e-09,1.99589e-07,1.99589e-07,8.209742774566474e-08,True,True,False,0,False,,,1.3762987109529399,3.0,False,False,,,weekly,10.0,sigma,computed,/home/lkoo/projects/AutomationDetection/DownloadedLC/incremental/quiescent_background_cache.csv,,,,,,False,not_in_flare_streak
4FGL J0539.9-2839,148,149,57175.00001157408,1.09e-07,3.23e-08,1.32e-07,1.0849013020833333e-07,8.209742774566474e-08,2.0594214357236827e-09,8.209742774566474e-08,2.0594214357236827e-09,1.99589e-07,1.99589e-07,8.209742774566474e-08,False,True,False,0,False,,,0.8312091580841056,3.0,False,False,,,weekly,10.0,sigma,computed,/home/lkoo/projects/AutomationDetection/DownloadedLC/incremental/quiescent_background_cache.csv,,,,,,False,not_in_flare_streak
4FGL J0539.9-2839,149,150,57182.00001157408,6.22e-08,2.9e-08,1.09e-07,1.0849013020833333e-07,8.209742774566474e-08,2.0594214357236827e-09,8.209742774566474e-08,2.0594214357236827e-09,1.99589e-07,1.99589e-07,8.209742774566474e-08,False,False,False,0,False,,,-0.6843946454617983,3.0,False,False,,,weekly,10.0,sigma,computed,/home/lkoo/projects/AutomationDetection/DownloadedLC/incremental/quiescent_background_cache.csv,,,,,,False,not_in_flare_streak
4FGL J0539.9-2839,150,151,57210.00001157408,7.35e-08,4.55e-08,6.22e-08,1.0849013020833333e-07,8.209742774566474e-08,2.0594214357236827e-09,8.209742774566474e-08,2.0594214357236827e-09,1.99589e-07,1.99589e-07,8.209742774566474e-08,True,False,False,0,False,,,-0.18876120210320216,3.0,False,False,,,weekly,10.0,sigma,computed,/home/lkoo/projects/AutomationDetection/DownloadedLC/incremental/quiescent_background_cache.csv,,,,,,False,not_in_flare_streak
4FGL J0539.9-2839,151,152,57217.00001157408,1.5e-07,4.14e-08,7.35e-08,1.0849013020833333e-07,8.209742774566474e-08,2.0594214357236827e-09,8.209742774566474e-08,2.0594214357236827e-09,1.99589e-07,1.99589e-07,8.209742774566474e-08,True,True,False,0,False,,,1.6381332112561502,3.0,False,False,,,weekly,10.0,sigma,computed,/home/lkoo/projects/AutomationDetection/DownloadedLC/incremental/quiescent_background_cache.csv,,,,,,False,not_in_flare_streak
4FGL J0539.9-2839,152,153,57224.00001157408,6.5e-08,2.8e-08,1.5e-07,1.0849013020833333e-07,8.209742774566474e-08,2.0594214357236827e-09,8.209742774566474e-08,2.0594214357236827e-09,1.99589e-07,1.99589e-07,8.209742774566474e-08,False,False,False,0,False,,,-0.6089774439580763,3.0,False,False,,,weekly,10.0,sigma,computed,/home/lkoo/projects/AutomationDetection/DownloadedLC/incremental/quiescent_background_cache.csv,,,,,,False,not_in_flare_streak
4FGL J0539.9-2839,153,154,57231.00001157408,5.18e-08,2.38e-08,6.5e-08,1.0849013020833333e-07,8.209742774566474e-08,2.0594214357236827e-09,8.209742774566474e-08,2.0594214357236827e-09,1.99589e-07,1.99589e-07,8.209742774566474e-08,False,False,False,0,False,,,-1.2682619678689822,3.0,False,False,,,weekly,10.0,sigma,computed,/home/lkoo/projects/AutomationDetection/DownloadedLC/incremental/quiescent_background_cache.csv,,,,,,False,not_in_flare_streak
4FGL J0539.9-2839,154,155,57238.00001157408,4.8e-08,2.44e-08,5.18e-08,1.0849013020833333e-07,8.209742774566474e-08,2.0594214357236827e-09,8.209742774566474e-08,2.0594214357236827e-09,1.99589e-07,1.99589e-07,8.209742774566474e-08,False,False,False,0,False,,,-1.392484485244167,3.0,False,False,,,weekly,10.0,sigma,computed,/home/lkoo/projects/AutomationDetection/DownloadedLC/incremental/quiescent_background_cache.csv,,,,,,False,not_in_flare_streak
4FGL J0539.9-2839,155,156,57245.00001157408,8.21e-08,4e-08,4.8e-08,1.0849013020833333e-07,8.209742774566474e-08,2.0594214357236827e-09,8.209742774566474e-08,2.0594214357236827e-09,1.99589e-07,1.99589e-07,8.209742774566474e-08,True,True,False,0,False,,,6.42212970777247e-05,3.0,False,False,,,weekly,10.0,sigma,computed,/home/lkoo/projects/AutomationDetection/DownloadedLC/incremental/quiescent_background_cache.csv,,,,,,False,not_in_flare_streak
4FGL J0539.9-2839,156,157,57252.00001157408,9.62e-08,5.32e-08,8.21e-08,1.0849013020833333e-07,8.209742774566474e-08,2.0594214357236827e-09,8.209742774566474e-08,2.0594214357236827e-09,1.99589e-07,1.99589e-07,8.209742774566474e-08,True,True,False,0,False,,,0.2648875471606162,3.0,False,False,,,weekly,10.0,sigma,computed,/home/lkoo/projects/AutomationDetection/DownloadedLC/incremental/quiescent_background_cache.csv,,,,,,False,not_in_flare_streak
4FGL J0539.9-2839,157,158,57259.00001157408,1.34e-07,5.33e-08,9.62e-08,1.0849013020833333e-07,8.209742774566474e-08,2.0594214357236827e-09,8.209742774566474e-08,2.0594214357236827e-09,1.99589e-07,1.99589e-07,8.209742774566474e-08,True,True,False,0,False,,,0.9730557679345833,3.0,False,False,,,weekly,10.0,sigma,computed,/home/lkoo/projects/AutomationDetection/DownloadedLC/incremental/quiescent_background_cache.csv,,,,,,False,not_in_flare_streak
4FGL J0539.9-2839,158,159,57273.00001157408,4.69e-08,2.52e-08,1.34e-07,1.0849013020833333e-07,8.209742774566474e-08,2.0594214357236827e-09,8.209742774566474e-08,2.0594214357236827e-09,1.99589e-07,1.99589e-07,8.209742774566474e-08,False,False,False,0,False,,,-1.3920824359903998,3.0,False,False,,,weekly,10.0,sigma,computed,/home/lkoo/projects/AutomationDetection/DownloadedLC/incremental/quiescent_background_cache.csv,,,,,,False,not_in_flare_streak
4FGL J0539.9-2839,159,160,57301.00001157408,1.59e-08,1.51e-08,4.69e-08,1.0849013020833333e-07,8.209742774566474e-08,2.0594214357236827e-09,8.209742774566474e-08,2.0594214357236827e-09,1.99589e-07,1.99589e-07,8.209742774566474e-08,False,False,False,0,False,,,-4.343722929588735,3.0,False,False,,,weekly,10.0,sigma,computed,/home/lkoo/projects/AutomationDetection/DownloadedLC/incremental/quiescent_background_cache.csv,,,,,,False,not_in_flare_streak
4FGL J0539.9-2839,160,161,57336.00001157408,3.61e-08,1.85e-08,1.59e-08,1.0849013020833333e-07,8.209742774566474e-08,2.0594214357236827e-09,8.209742774566474e-08,2.0594214357236827e-09,1.99589e-07,1.99589e-07,8.209742774566474e-08,True,False,False,0,False,,,-2.4710835572377263,3.0,False,False,,,weekly,10.0,sigma,computed,/home/lkoo/projects/AutomationDetection/DownloadedLC/incremental/quiescent_background_cache.csv,,,,,,False,not_in_flare_streak
4FGL J0539.9-2839,161,162,57385.00001157408,8.89e-08,2.77e-08,3.61e-08,1.0849013020833333e-07,8.209742774566474e-08,2.0594214357236827e-09,8.209742774566474e-08,2.0594214357236827e-09,1.99589e-07,1.99589e-07,8.209742774566474e-08,True,True,False,0,False,,,0.2449043009084931,3.0,False,False,,,weekly,10.0,sigma,computed,/home/lkoo/projects/AutomationDetection/DownloadedLC/incremental/quiescent_background_cache.csv,,,,,,False,not_in_flare_streak
4FGL J0539.9-2839,162,163,57399.00001157408,6.67e-08,3.33e-08,8.89e-08,1.0849013020833333e-07,8.209742774566474e-08,2.0594214357236827e-09,8.209742774566474e-08,2.0594214357236827e-09,1.99589e-07,1.99589e-07,8.209742774566474e-08,False,False,False,0,False,,,-0.4615034942882593,3.0,False,False,,,weekly,10.0,sigma,computed,/home/lkoo/projects/AutomationDetection/DownloadedLC/incremental/quiescent_background_cache.csv,,,,,,False,not_in_flare_streak
4FGL J0539.9-2839,163,164,57406.00001157408,4.42e-08,2.56e-08,6.67e-08,1.0849013020833333e-07,8.209742774566474e-08,2.0594214357236827e-09,8.209742774566474e-08,2.0594214357236827e-09,1.99589e-07,1.99589e-07,8.209742774566474e-08,False,False,False,0,False,,,-1.4756012335016697,3.0,False,False,,,weekly,10.0,sigma,computed,/home/lkoo/projects/AutomationDetection/DownloadedLC/incremental/quiescent_background_cache.csv,,,,,,False,not_in_flare_streak
4FGL J0539.9-2839,164,165,57427.00001157408,5.92e-08,3.52e-08,4.42e-08,1.0849013020833333e-07,8.209742774566474e-08,2.0594214357236827e-09,8.209742774566474e-08,2.0594214357236827e-09,1.99589e-07,1.99589e-07,8.209742774566474e-08,True,False,False,0,False,,,-0.6493846385947815,3.0,False,False,,,weekly,10.0,sigma,computed,/home/lkoo/projects/AutomationDetection/DownloadedLC/incremental/quiescent_background_cache.csv,,,,,,False,not_in_flare_streak
4FGL J0539.9-2839,165,166,57434.00001157408,3.2e-08,2.75e-08,5.92e-08,1.0849013020833333e-07,8.209742774566474e-08,2.0594214357236827e-09,8.209742774566474e-08,2.0594214357236827e-09,1.99589e-07,1.99589e-07,8.209742774566474e-08,False,False,False,0,False,,,-1.8166377151677715,3.0,False,False,,,weekly,10.0,sigma,computed,/home/lkoo/projects/AutomationDetection/DownloadedLC/incremental/quiescent_background_cache.csv,,,,,,False,not_in_flare_streak
4FGL J0539.9-2839,166,167,57441.00001157408,1.75e-07,3.52e-08,3.2e-08,1.0849013020833333e-07,8.209742774566474e-08,2.0594214357236827e-09,8.209742774566474e-08,2.0594214357236827e-09,1.99589e-07,1.99589e-07,8.209742774566474e-08,True,True,False,0,False,,,2.634772079118341,3.0,False,False,,,weekly,10.0,sigma,computed,/home/lkoo/projects/AutomationDetection/DownloadedLC/incremental/quiescent_background_cache.csv,,,,,,False,not_in_flare_streak
4FGL J0539.9-2839,167,168,57448.00001157408,1.02e-07,2.94e-08,1.75e-07,1.0849013020833333e-07,8.209742774566474e-08,2.0594214357236827e-09,8.209742774566474e-08,2.0594214357236827e-09,1.99589e-07,1.99589e-07,8.209742774566474e-08,False,True,False,0,False,,,0.6753034875211811,3.0,False,False,,,weekly,10.0,sigma,computed,/home/lkoo/projects/AutomationDetection/DownloadedLC/incremental/quiescent_background_cache.csv,,,,,,False,not_in_flare_streak
4FGL J0539.9-2839,168,169,57455.00001157408,7.07e-08,3.81e-08,1.02e-07,1.0849013020833333e-07,8.209742774566474e-08,2.0594214357236827e-09,8.209742774566474e-08,2.0594214357236827e-09,1.99589e-07,1.99589e-07,8.209742774566474e-08,False,False,False,0,False,,,-0.2987090294704905,3.0,False,False,,,weekly,10.0,sigma,computed,/home/lkoo/projects/AutomationDetection/DownloadedLC/incremental/quiescent_background_cache.csv,,,,,,False,not_in_flare_streak
4FGL J0539.9-2839,169,170,57469.00001157408,1.48e-07,6.32e-08,7.07e-08,1.0849013020833333e-07,8.209742774566474e-08,2.0594214357236827e-09,8.209742774566474e-08,2.0594214357236827e-09,1.99589e-07,1.99589e-07,8.209742774566474e-08,True,True,False,0,False,,,1.0422090399400668,3.0,False,False,,,weekly,10.0,sigma,computed,/home/lkoo/projects/AutomationDetection/DownloadedLC/incremental/quiescent_background_cache.csv,,,,,,False,not_in_flare_streak
4FGL J0539.9-2839,170,171,57504.00001157408,6.8e-08,3.28e-08,1.48e-07,1.0849013020833333e-07,8.209742774566474e-08,2.0594214357236827e-09,8.209742774566474e-08,2.0594214357236827e-09,1.99589e-07,1.99589e-07,8.209742774566474e-08,False,False,False,0,False,,,-0.4289549369740588,3.0,False,False,,,weekly,10.0,sigma,computed,/home/lkoo/projects/AutomationDetection/DownloadedLC/incremental/quiescent_background_cache.csv,,,,,,False,not_in_flare_streak
4FGL J0539.9-2839,171,172,57518.00001157408,1.22e-07,6.26e-08,6.8e-08,1.0849013020833333e-07,8.209742774566474e-08,2.0594214357236827e-09,8.209742774566474e-08,2.0594214357236827e-09,1.99589e-07,1.99589e-07,8.209742774566474e-08,True,True,False,0,False,,,0.6370766258883924,3.0,False,False,,,weekly,10.0,sigma,computed,/home/lkoo/projects/AutomationDetection/DownloadedLC/incremental/quiescent_background_cache.csv,,,,,,False,not_in_flare_streak
4FGL J0539.9-2839,172,173,57525.00001157408,1.35e-07,8.15e-08,1.22e-07,1.0849013020833333e-07,8.209742774566474e-08,2.0594214357236827e-09,8.209742774566474e-08,2.0594214357236827e-09,1.99589e-07,1.99589e-07,8.209742774566474e-08,True,True,False,0,False,,,0.6489041795649996,3.0,False,False,,,weekly,10.0,sigma,computed,/home/lkoo/projects/AutomationDetection/DownloadedLC/incremental/quiescent_background_cache.csv,,,,,,False,not_in_flare_streak
4FGL J0539.9-2839,173,174,57532.00001157408,6.54e-08,3.69e-08,1.35e-07,1.0849013020833333e-07,8.209742774566474e-08,2.0594214357236827e-09,8.209742774566474e-08,2.0594214357236827e-09,1.99589e-07,1.99589e-07,8.209742774566474e-08,False,False,False,0,False,,,-0.45180171580460665,3.0,False,False,,,weekly,10.0,sigma,computed,/home/lkoo/projects/AutomationDetection/DownloadedLC/incremental/quiescent_background_cache.csv,,,,,,False,not_in_flare_streak
4FGL J0539.9-2839,174,175,57539.00001157408,2.42e-08,1.7e-08,6.54e-08,1.0849013020833333e-07,8.209742774566474e-08,2.0594214357236827e-09,8.209742774566474e-08,2.0594214357236827e-09,1.99589e-07,1.99589e-07,8.209742774566474e-08,False,False,False,0,False,,,-3.3810123960836025,3.0,False,False,,,weekly,10.0,sigma,computed,/home/lkoo/projects/AutomationDetection/DownloadedLC/incremental/quiescent_background_cache.csv,,,,,,False,not_in_flare_streak
4FGL J0539.9-2839,175,176,57546.00001157408,5.49e-08,2.54e-08,2.42e-08,1.0849013020833333e-07,8.209742774566474e-08,2.0594214357236827e-09,8.209742774566474e-08,2.0594214357236827e-09,1.99589e-07,1.99589e-07,8.209742774566474e-08,True,False,False,0,False,,,-1.0672625801952955,3.0,False,False,,,weekly,10.0,sigma,computed,/home/lkoo/projects/AutomationDetection/DownloadedLC/incremental/quiescent_background_cache.csv,,,,,,False,not_in_flare_streak
4FGL J0539.9-2839,176,177,57553.00001157408,6.19e-08,2.66e-08,5.49e-08,1.0849013020833333e-07,8.209742774566474e-08,2.0594214357236827e-09,8.209742774566474e-08,2.0594214357236827e-09,1.99589e-07,1.99589e-07,8.209742774566474e-08,True,False,False,0,False,,,-0.7570362924746323,3.0,False,False,,,weekly,10.0,sigma,computed,/home/lkoo/projects/AutomationDetection/DownloadedLC/incremental/quiescent_background_cache.csv,,,,,,False,not_in_flare_streak
4FGL J0539.9-2839,177,178,57616.00001157408,5.66e-08,3.18e-08,6.19e-08,1.0849013020833333e-07,8.209742774566474e-08,2.0594214357236827e-09,8.209742774566474e-08,2.0594214357236827e-09,1.99589e-07,1.99589e-07,8.209742774566474e-08,False,False,False,0,False,,,-0.8001297573802667,3.0,False,False,,,weekly,10.0,sigma,computed,/home/lkoo/projects/AutomationDetection/DownloadedLC/incremental/quiescent_background_cache.csv,,,,,,False,not_in_flare_streak
4FGL J0539.9-2839,178,179,57637.00001157408,5.96e-08,3.41e-08,5.66e-08,1.0849013020833333e-07,8.209742774566474e-08,2.0594214357236827e-09,8.209742774566474e-08,2.0594214357236827e-09,1.99589e-07,1.99589e-07,8.209742774566474e-08,True,False,False,0,False,,,-0.6585487167588193,3.0,False,False,,,weekly,10.0,sigma,computed,/home/lkoo/projects/AutomationDetection/DownloadedLC/incremental/quiescent_background_cache.csv,,,,,,False,not_in_flare_streak
4FGL J0539.9-2839,179,180,57686.00001157408,1.12e-07,6.46e-08,5.96e-08,1.0849013020833333e-07,8.209742774566474e-08,2.0594214357236827e-09,8.209742774566474e-08,2.0594214357236827e-09,1.99589e-07,1.99589e-07,8.209742774566474e-08,True,True,False,0,False,,,0.46265307604197997,3.0,False,False,,,weekly,10.0,sigma,computed,/home/lkoo/projects/AutomationDetection/DownloadedLC/incremental/quiescent_background_cache.csv,,,,,,False,not_in_flare_streak
4FGL J0539.9-2839,180,181,57700.00001157408,7.02e-08,3.08e-08,1.12e-07,1.0849013020833333e-07,8.209742774566474e-08,2.0594214357236827e-09,8.209742774566474e-08,2.0594214357236827e-09,1.99589e-07,1.99589e-07,8.209742774566474e-08,False,False,False,0,False,,,-0.3854195081834726,3.0,False,False,,,weekly,10.0,sigma,computed,/home/lkoo/projects/AutomationDetection/DownloadedLC/incremental/quiescent_background_cache.csv,,,,,,False,not_in_flare_streak
4FGL J0539.9-2839,181,182,57714.00001157408,5.41e-08,2.44e-08,7.02e-08,1.0849013020833333e-07,8.209742774566474e-08,2.0594214357236827e-09,8.209742774566474e-08,2.0594214357236827e-09,1.99589e-07,1.99589e-07,8.209742774566474e-08,False,False,False,0,False,,,-1.1433702287862324,3.0,False,False,,,weekly,10.0,sigma,computed,/home/lkoo/projects/AutomationDetection/DownloadedLC/incremental/quiescent_background_cache.csv,,,,,,False,not_in_flare_streak
4FGL J0539.9-2839,182,183,57728.00001157408,1.51e-07,5.97e-08,5.41e-08,1.0849013020833333e-07,8.209742774566474e-08,2.0594214357236827e-09,8.209742774566474e-08,2.0594214357236827e-09,1.99589e-07,1.99589e-07,8.209742774566474e-08,True,True,False,0,False,,,1.1534608419470513,3.0,False,False,,,weekly,10.0,sigma,computed,/home/lkoo/projects/AutomationDetection/DownloadedLC/incremental/quiescent_background_cache.csv,,,,,,False,not_in_flare_streak
4FGL J0539.9-2839,183,184,57777.00001157408,9.07e-08,7.11e-08,1.51e-07,1.0849013020833333e-07,8.209742774566474e-08,2.0594214357236827e-09,8.209742774566474e-08,2.0594214357236827e-09,1.99589e-07,1.99589e-07,8.209742774566474e-08,False,True,False,0,False,,,0.12094185419619731,3.0,False,False,,,weekly,10.0,sigma,computed,/home/lkoo/projects/AutomationDetection/DownloadedLC/incremental/quiescent_background_cache.csv,,,,,,False,not_in_flare_streak
4FGL J0539.9-2839,184,185,57798.00001157408,4.4e-08,2.75e-08,9.07e-08,1.0849013020833333e-07,8.209742774566474e-08,2.0594214357236827e-09,8.209742774566474e-08,2.0594214357236827e-09,1.99589e-07,1.99589e-07,8.209742774566474e-08,False,False,False,0,False,,,-1.3814925677425185,3.0,False,False,,,weekly,10.0,sigma,computed,/home/lkoo/projects/AutomationDetection/DownloadedLC/incremental/quiescent_background_cache.csv,,,,,,False,not_in_flare_streak
4FGL J0539.9-2839,185,186,57819.00001157408,6.57e-08,3.19e-08,4.4e-08,1.0849013020833333e-07,8.209742774566474e-08,2.0594214357236827e-09,8.209742774566474e-08,2.0594214357236827e-09,1.99589e-07,1.99589e-07,8.209742774566474e-08,True,False,False,0,False,,,-0.5129581007788306,3.0,False,False,,,weekly,10.0,sigma,computed,/home/lkoo/projects/AutomationDetection/DownloadedLC/incremental/quiescent_background_cache.csv,,,,,,False,not_in_flare_streak
4FGL J0539.9-2839,186,187,57826.00001157408,9.35e-08,4.06e-08,6.57e-08,1.0849013020833333e-07,8.209742774566474e-08,2.0594214357236827e-09,8.209742774566474e-08,2.0594214357236827e-09,1.99589e-07,1.99589e-07,8.209742774566474e-08,True,True,False,0,False,,,0.28049091477396454,3.0,False,False,,,weekly,10.0,sigma,computed,/home/lkoo/projects/AutomationDetection/DownloadedLC/incremental/quiescent_background_cache.csv,,,,,,False,not_in_flare_streak
4FGL J0539.9-2839,187,188,57833.00001157408,8.76e-08,5.75e-08,9.35e-08,1.0849013020833333e-07,8.209742774566474e-08,2.0594214357236827e-09,8.209742774566474e-08,2.0594214357236827e-09,1.99589e-07,1.99589e-07,8.209742774566474e-08,False,True,False,0,False,,,0.09563558835445171,3.0,False,False,,,weekly,10.0,sigma,computed,/home/lkoo/projects/AutomationDetection/DownloadedLC/incremental/quiescent_background_cache.csv,,,,,,False,not_in_flare_streak
4FGL J0539.9-2839,188,189,57840.00001157408,1.6e-07,5.79e-08,8.76e-08,1.0849013020833333e-07,8.209742774566474e-08,2.0594214357236827e-09,8.209742774566474e-08,2.0594214357236827e-09,1.99589e-07,1.99589e-07,8.209742774566474e-08,True,True,False,0,False,,,1.3446172837440584,3.0,False,False,,,weekly,10.0,sigma,computed,/home/lkoo/projects/AutomationDetection/DownloadedLC/incremental/quiescent_background_cache.csv,,,,,,False,not_in_flare_streak
4FGL J0539.9-2839,189,190,57861.00001157408,1.16e-07,3.13e-08,1.6e-07,1.0849013020833333e-07,8.209742774566474e-08,2.0594214357236827e-09,8.209742774566474e-08,2.0594214357236827e-09,1.99589e-07,1.99589e-07,8.209742774566474e-08,False,True,False,0,False,,,1.0808123051269318,3.0,False,False,,,weekly,10.0,sigma,computed,/home/lkoo/projects/AutomationDetection/DownloadedLC/incremental/quiescent_background_cache.csv,,,,,,False,not_in_flare_streak
4FGL J0539.9-2839,190,191,57868.00001157408,5.23e-08,3.03e-08,1.16e-07,1.0849013020833333e-07,8.209742774566474e-08,2.0594214357236827e-09,8.209742774566474e-08,2.0594214357236827e-09,1.99589e-07,1.99589e-07,8.209742774566474e-08,False,False,False,0,False,,,-0.9811498040998283,3.0,False,False,,,weekly,10.0,sigma,computed,/home/lkoo/projects/AutomationDetection/DownloadedLC/incremental/quiescent_background_cache.csv,,,,,,False,not_in_flare_streak
4FGL J0539.9-2839,191,192,57875.00001157408,6.53e-07,5.62e-08,5.23e-08,1.0849013020833333e-07,8.209742774566474e-08,2.0594214357236827e-09,8.209742774566474e-08,2.0594214357236827e-09,1.99589e-07,1.99589e-07,8.209742774566474e-08,True,True,False,0,False,,,10.151595162656553,3.0,True,True,57875.00001157408,57875.00001157408,weekly,10.0,sigma,computed,/home/lkoo/projects/AutomationDetection/DownloadedLC/incremental/quiescent_background_cache.csv,,,,,,False,not_in_flare_streak
4FGL J0539.9-2839,192,193,57882.00001157408,1.82e-07,5.06e-08,6.53e-07,1.0849013020833333e-07,8.209742774566474e-08,2.0594214357236827e-09,8.209742774566474e-08,2.0594214357236827e-09,1.99589e-07,1.99589e-07,8.209742774566474e-08,False,True,False,0,False,,,1.9727259088895666,3.0,False,True,57875.00001157408,57882.00001157408,weekly,10.0,sigma,computed,/home/lkoo/projects/AutomationDetection/DownloadedLC/incremental/quiescent_background_cache.csv,,,,,,False,not_in_flare_streak
4FGL J0539.9-2839,193,194,57896.00001157408,4.36e-08,3.51e-08,1.82e-07,1.0849013020833333e-07,8.209742774566474e-08,2.0594214357236827e-09,8.209742774566474e-08,2.0594214357236827e-09,1.99589e-07,1.99589e-07,8.209742774566474e-08,False,False,False,0,False,,,-1.0949098090587883,3.0,False,False,,,weekly,10.0,sigma,computed,/home/lkoo/projects/AutomationDetection/DownloadedLC/incremental/quiescent_background_cache.csv,,,,,,False,not_in_flare_streak
4FGL J0539.9-2839,194,195,57910.00001157408,6.48e-08,3.81e-08,4.36e-08,1.0849013020833333e-07,8.209742774566474e-08,2.0594214357236827e-09,8.209742774566474e-08,2.0594214357236827e-09,1.99589e-07,1.99589e-07,8.209742774566474e-08,True,False,False,0,False,,,-0.45333894362337973,3.0,False,False,,,weekly,10.0,sigma,computed,/home/lkoo/projects/AutomationDetection/DownloadedLC/incremental/quiescent_background_cache.csv,,,,,,False,not_in_flare_streak
4FGL J0539.9-2839,195,196,57917.00001157408,6.03e-08,2.92e-08,6.48e-08,1.0849013020833333e-07,8.209742774566474e-08,2.0594214357236827e-09,8.209742774566474e-08,2.0594214357236827e-09,1.99589e-07,1.99589e-07,8.209742774566474e-08,False,False,False,0,False,,,-0.744637554401864,3.0,False,False,,,weekly,10.0,sigma,computed,/home/lkoo/projects/AutomationDetection/DownloadedLC/incremental/quiescent_background_cache.csv,,,,,,False,not_in_flare_streak
4FGL J0539.9-2839,196,197,57924.00001157408,1.58e-07,3.68e-08,6.03e-08,1.0849013020833333e-07,8.209742774566474e-08,2.0594214357236827e-09,8.209742774566474e-08,2.0594214357236827e-09,1.99589e-07,1.99589e-07,8.209742774566474e-08,True,True,False,0,False,,,2.059347680606101,3.0,False,False,,,weekly,10.0,sigma,computed,/home/lkoo/projects/AutomationDetection/DownloadedLC/incremental/quiescent_background_cache.csv,,,,,,False,not_in_flare_streak
4FGL J0539.9-2839,197,198,57931.00001157408,1.16e-07,4.34e-08,1.58e-07,1.0849013020833333e-07,8.209742774566474e-08,2.0594214357236827e-09,8.209742774566474e-08,2.0594214357236827e-09,1.99589e-07,1.99589e-07,8.209742774566474e-08,False,True,False,0,False,,,0.7802872659128437,3.0,False,False,,,weekly,10.0,sigma,computed,/home/lkoo/projects/AutomationDetection/DownloadedLC/incremental/quiescent_background_cache.csv,,,,,,False,not_in_flare_streak
4FGL J0539.9-2839,198,199,57959.00001157408,6.38e-08,3.75e-08,1.16e-07,1.0849013020833333e-07,8.209742774566474e-08,2.0594214357236827e-09,8.209742774566474e-08,2.0594214357236827e-09,1.99589e-07,1.99589e-07,8.209742774566474e-08,False,False,False,0,False,,,-0.48719727195843526,3.0,False,False,,,weekly,10.0,sigma,computed,/home/lkoo/projects/AutomationDetection/DownloadedLC/incremental/quiescent_background_cache.csv,,,,,,False,not_in_flare_streak
4FGL J0539.9-2839,199,200,57980.00001157408,4.33e-08,2.19e-08,6.38e-08,1.0849013020833333e-07,8.209742774566474e-08,2.0594214357236827e-09,8.209742774566474e-08,2.0594214357236827e-09,1.99589e-07,1.99589e-07,8.209742774566474e-08,False,False,False,0,False,,,-1.7637905616202159,3.0,False,False,,,weekly,10.0,sigma,computed,/home/lkoo/projects/AutomationDetection/DownloadedLC/incremental/quiescent_background_cache.csv,,,,,,False,not_in_flare_streak
4FGL J0539.9-2839,200,201,57987.00001157408,9.99e-08,4.24e-08,4.33e-08,1.0849013020833333e-07,8.209742774566474e-08,2.0594214357236827e-09,8.209742774566474e-08,2.0594214357236827e-09,1.99589e-07,1.99589e-07,8.209742774566474e-08,True,True,False,0,False,,,0.41937758760085536,3.0,False,False,,,weekly,10.0,sigma,computed,/home/lkoo/projects/AutomationDetection/DownloadedLC/incremental/quiescent_background_cache.csv,,,,,,False,not_in_flare_streak
4FGL J0539.9-2839,201,202,57994.00001157408,1.86e-07,5.25e-08,9.99e-08,1.0849013020833333e-07,8.209742774566474e-08,2.0594214357236827e-09,8.209742774566474e-08,2.0594214357236827e-09,1.99589e-07,1.99589e-07,8.209742774566474e-08,True,True,False,0,False,,,1.977575688674073,3.0,False,False,,,weekly,10.0,sigma,computed,/home/lkoo/projects/AutomationDetection/DownloadedLC/incremental/quiescent_background_cache.csv,,,,,,False,not_in_flare_streak
4FGL J0539.9-2839,202,203,58001.00001157408,8.83e-08,5.47e-08,1.86e-07,1.0849013020833333e-07,8.209742774566474e-08,2.0594214357236827e-09,8.209742774566474e-08,2.0594214357236827e-09,1.99589e-07,1.99589e-07,8.209742774566474e-08,False,True,False,0,False,,,0.11331226549668806,3.0,False,False,,,weekly,10.0,sigma,computed,/home/lkoo/projects/AutomationDetection/DownloadedLC/incremental/quiescent_background_cache.csv,,,,,,False,not_in_flare_streak
4FGL J0539.9-2839,203,204,58036.00001157408,2.29e-08,1.82e-08,8.83e-08,1.0849013020833333e-07,8.209742774566474e-08,2.0594214357236827e-09,8.209742774566474e-08,2.0594214357236827e-09,1.99589e-07,1.99589e-07,8.209742774566474e-08,False,False,False,0,False,,,-3.2319804971783337,3.0,False,False,,,weekly,10.0,sigma,computed,/home/lkoo/projects/AutomationDetection/DownloadedLC/incremental/quiescent_background_cache.csv,,,,,,False,not_in_flare_streak
4FGL J0539.9-2839,204,205,58155.00001157408,5.2e-08,4.02e-08,2.29e-08,1.0849013020833333e-07,8.209742774566474e-08,2.0594214357236827e-09,8.209742774566474e-08,2.0594214357236827e-09,1.99589e-07,1.99589e-07,8.209742774566474e-08,True,False,False,0,False,,,-0.7477117092843827,3.0,False,False,,,weekly,10.0,sigma,computed,/home/lkoo/projects/AutomationDetection/DownloadedLC/incremental/quiescent_background_cache.csv,,,,,,False,not_in_flare_streak
4FGL J0539.9-2839,205,206,58183.00001157408,3.22e-08,2.19e-08,5.2e-08,1.0849013020833333e-07,8.209742774566474e-08,2.0594214357236827e-09,8.209742774566474e-08,2.0594214357236827e-09,1.99589e-07,1.99589e-07,8.209742774566474e-08,False,False,False,0,False,,,-2.26841358359806,3.0,False,False,,,weekly,10.0,sigma,computed,/home/lkoo/projects/AutomationDetection/DownloadedLC/incremental/quiescent_background_cache.csv,,,,,,False,not_in_flare_streak
4FGL J0539.9-2839,206,207,58211.00001157408,7.08e-08,4.83e-08,3.22e-08,1.0849013020833333e-07,8.209742774566474e-08,2.0594214357236827e-09,8.209742774566474e-08,2.0594214357236827e-09,1.99589e-07,1.99589e-07,8.209742774566474e-08,True,False,False,0,False,,,-0.23368886770793862,3.0,False,False,,,weekly,10.0,sigma,computed,/home/lkoo/projects/AutomationDetection/DownloadedLC/incremental/quiescent_background_cache.csv,,,,,,False,not_in_flare_streak
4FGL J0539.9-2839,207,208,58232.00001157408,4.42e-08,1.94e-08,7.08e-08,1.0849013020833333e-07,8.209742774566474e-08,2.0594214357236827e-09,8.209742774566474e-08,2.0594214357236827e-09,1.99589e-07,1.99589e-07,8.209742774566474e-08,False,False,False,0,False,,,-1.9425609201989376,3.0,False,False,,,weekly,10.0,sigma,computed,/home/lkoo/projects/AutomationDetection/DownloadedLC/incremental/quiescent_background_cache.csv,,,,,,False,not_in_flare_streak
4FGL J0539.9-2839,208,209,58246.00001157408,8.13e-08,6.02e-08,4.42e-08,1.0849013020833333e-07,8.209742774566474e-08,2.0594214357236827e-09,8.209742774566474e-08,2.0594214357236827e-09,1.99589e-07,1.99589e-07,8.209742774566474e-08,True,False,False,0,False,,,-0.013238563782228555,3.0,False,False,,,weekly,10.0,sigma,computed,/home/lkoo/projects/AutomationDetection/DownloadedLC/incremental/quiescent_background_cache.csv,,,,,,False,not_in_flare_streak
4FGL J0539.9-2839,209,210,58253.00001157408,2.81e-08,1.91e-08,8.13e-08,1.0849013020833333e-07,8.209742774566474e-08,2.0594214357236827e-09,8.209742774566474e-08,2.0594214357236827e-09,1.99589e-07,1.99589e-07,8.209742774566474e-08,False,False,False,0,False,,,-2.8107987472132034,3.0,False,False,,,weekly,10.0,sigma,computed,/home/lkoo/projects/AutomationDetection/DownloadedLC/incremental/quiescent_background_cache.csv,,,,,,False,not_in_flare_streak
4FGL J0539.9-2839,210,211,58288.00001157408,1.42e-07,7.25e-08,2.81e-08,1.0849013020833333e-07,8.209742774566474e-08,2.0594214357236827e-09,8.209742774566474e-08,2.0594214357236827e-09,1.99589e-07,1.99589e-07,8.209742774566474e-08,True,True,False,0,False,,,0.825909234074165,3.0,False,False,,,weekly,10.0,sigma,computed,/home/lkoo/projects/AutomationDetection/DownloadedLC/incremental/quiescent_background_cache.csv,,,,,,False,not_in_flare_streak
4FGL J0539.9-2839,211,212,58316.00001157408,1.07e-07,4.55e-08,1.42e-07,1.0849013020833333e-07,8.209742774566474e-08,2.0594214357236827e-09,8.209742774566474e-08,2.0594214357236827e-09,1.99589e-07,1.99589e-07,8.209742774566474e-08,False,True,False,0,False,,,0.5467495177915832,3.0,False,False,,,weekly,10.0,sigma,computed,/home/lkoo/projects/AutomationDetection/DownloadedLC/incremental/quiescent_background_cache.csv,,,,,,False,not_in_flare_streak
4FGL J0539.9-2839,212,213,58407.00001157408,4.54e-08,2.47e-08,1.07e-07,1.0849013020833333e-07,8.209742774566474e-08,2.0594214357236827e-09,8.209742774566474e-08,2.0594214357236827e-09,1.99589e-07,1.99589e-07,8.209742774566474e-08,False,False,False,0,False,,,-1.4805883642379887,3.0,False,False,,,weekly,10.0,sigma,computed,/home/lkoo/projects/AutomationDetection/DownloadedLC/incremental/quiescent_background_cache.csv,,,,,,False,not_in_flare_streak
4FGL J0539.9-2839,213,214,58582.00001157408,2.8e-08,1.95e-08,4.54e-08,1.0849013020833333e-07,8.209742774566474e-08,2.0594214357236827e-09,8.209742774566474e-08,2.0594214357236827e-09,1.99589e-07,1.99589e-07,8.209742774566474e-08,False,False,False,0,False,,,-2.75888376753127,3.0,False,False,,,weekly,10.0,sigma,computed,/home/lkoo/projects/AutomationDetection/DownloadedLC/incremental/quiescent_background_cache.csv,,,,,,False,not_in_flare_streak
4FGL J0539.9-2839,214,215,58610.00001157408,3.85e-08,2.52e-08,2.8e-08,1.0849013020833333e-07,8.209742774566474e-08,2.0594214357236827e-09,8.209742774566474e-08,2.0594214357236827e-09,1.99589e-07,1.99589e-07,8.209742774566474e-08,True,False,False,0,False,,,-1.7243082039304916,3.0,False,False,,,weekly,10.0,sigma,computed,/home/lkoo/projects/AutomationDetection/DownloadedLC/incremental/quiescent_background_cache.csv,,,,,,False,not_in_flare_streak
4FGL J0539.9-2839,215,216,58617.00001157408,5.33e-08,3.14e-08,3.85e-08,1.0849013020833333e-07,8.209742774566474e-08,2.0594214357236827e-09,8.209742774566474e-08,2.0594214357236827e-09,1.99589e-07,1.99589e-07,8.209742774566474e-08,True,False,False,0,False,,,-0.9151493371331442,3.0,False,False,,,weekly,10.0,sigma,computed,/home/lkoo/projects/AutomationDetection/DownloadedLC/incremental/quiescent_background_cache.csv,,,,,,False,not_in_flare_streak
4FGL J0539.9-2839,216,217,58638.00001157408,4.29e-08,2.88e-08,5.33e-08,1.0849013020833333e-07,8.209742774566474e-08,2.0594214357236827e-09,8.209742774566474e-08,2.0594214357236827e-09,1.99589e-07,1.99589e-07,8.209742774566474e-08,False,False,False,0,False,,,-1.3575553946730958,3.0,False,False,,,weekly,10.0,sigma,computed,/home/lkoo/projects/AutomationDetection/DownloadedLC/incremental/quiescent_background_cache.csv,,,,,,False,not_in_flare_streak
4FGL J0539.9-2839,217,218,58729.00001157408,6.1e-08,3.15e-08,4.29e-08,1.0849013020833333e-07,8.209742774566474e-08,2.0594214357236827e-09,8.209742774566474e-08,2.0594214357236827e-09,1.99589e-07,1.99589e-07,8.209742774566474e-08,True,False,False,0,False,,,-0.6683327922941449,3.0,False,False,,,weekly,10.0,sigma,computed,/home/lkoo/projects/AutomationDetection/DownloadedLC/incremental/quiescent_background_cache.csv,,,,,,False,not_in_flare_streak
4FGL J0539.9-2839,218,219,58764.00001157408,4.99e-08,2.56e-08,6.1e-08,1.0849013020833333e-07,8.209742774566474e-08,2.0594214357236827e-09,8.209742774566474e-08,2.0594214357236827e-09,1.99589e-07,1.99589e-07,8.209742774566474e-08,False,False,False,0,False,,,-1.253661974525929,3.0,False,False,,,weekly,10.0,sigma,computed,/home/lkoo/projects/AutomationDetection/DownloadedLC/incremental/quiescent_background_cache.csv,,,,,,False,not_in_flare_streak
4FGL J0539.9-2839,219,220,58792.00001157408,2.71e-08,2.11e-08,4.99e-08,1.0849013020833333e-07,8.209742774566474e-08,2.0594214357236827e-09,8.209742774566474e-08,2.0594214357236827e-09,1.99589e-07,1.99589e-07,8.209742774566474e-08,False,False,False,0,False,,,-2.5941859186125633,3.0,False,False,,,weekly,10.0,sigma,computed,/home/lkoo/projects/AutomationDetection/DownloadedLC/incremental/quiescent_background_cache.csv,,,,,,False,not_in_flare_streak
4FGL J0539.9-2839,220,221,58799.00001157408,8.63e-08,3.83e-08,2.71e-08,1.0849013020833333e-07,8.209742774566474e-08,2.0594214357236827e-09,8.209742774566474e-08,2.0594214357236827e-09,1.99589e-07,1.99589e-07,8.209742774566474e-08,True,True,False,0,False,,,0.1095694504434638,3.0,False,False,,,weekly,10.0,sigma,computed,/home/lkoo/projects/AutomationDetection/DownloadedLC/incremental/quiescent_background_cache.csv,,,,,,False,not_in_flare_streak
4FGL J0539.9-2839,221,222,58806.00001157408,8.77e-09,8.43e-09,8.63e-08,1.0849013020833333e-07,8.209742774566474e-08,2.0594214357236827e-09,8.209742774566474e-08,2.0594214357236827e-09,1.99589e-07,1.99589e-07,8.209742774566474e-08,False,False,False,0,False,,,-8.449895232249153,3.0,False,False,,,weekly,10.0,sigma,computed,/home/lkoo/projects/AutomationDetection/DownloadedLC/incremental/quiescent_background_cache.csv,,,,,,False,not_in_flare_streak
4FGL J0539.9-2839,222,223,58834.00001157408,2.52e-08,2.23e-08,8.77e-09,1.0849013020833333e-07,8.209742774566474e-08,2.0594214357236827e-09,8.209742774566474e-08,2.0594214357236827e-09,1.99589e-07,1.99589e-07,8.209742774566474e-08,True,False,False,0,False,,,-2.5406430226609245,3.0,False,False,,,weekly,10.0,sigma,computed,/home/lkoo/projects/AutomationDetection/DownloadedLC/incremental/quiescent_background_cache.csv,,,,,,False,not_in_flare_streak
4FGL J0539.9-2839,223,224,58841.00001157408,3.6e-08,2.92e-08,2.52e-08,1.0849013020833333e-07,8.209742774566474e-08,2.0594214357236827e-09,8.209742774566474e-08,2.0594214357236827e-09,1.99589e-07,1.99589e-07,8.209742774566474e-08,True,False,False,0,False,,,-1.5747672735181082,3.0,False,False,,,weekly,10.0,sigma,computed,/home/lkoo/projects/AutomationDetection/DownloadedLC/incremental/quiescent_background_cache.csv,,,,,,False,not_in_flare_streak
4FGL J0539.9-2839,224,225,58855.00001157408,1.62e-08,1.52e-08,3.6e-08,1.0849013020833333e-07,8.209742774566474e-08,2.0594214357236827e-09,8.209742774566474e-08,2.0594214357236827e-09,1.99589e-07,1.99589e-07,8.209742774566474e-08,False,False,False,0,False,,,-4.296104472243455,3.0,False,False,,,weekly,10.0,sigma,computed,/home/lkoo/projects/AutomationDetection/DownloadedLC/incremental/quiescent_background_cache.csv,,,,,,False,not_in_flare_streak
4FGL J0539.9-2839,225,226,58904.00001157408,7.3e-08,4.46e-08,1.62e-08,1.0849013020833333e-07,8.209742774566474e-08,2.0594214357236827e-09,8.209742774566474e-08,2.0594214357236827e-09,1.99589e-07,1.99589e-07,8.209742774566474e-08,True,False,False,0,False,,,-0.20376109014513588,3.0,False,False,,,weekly,10.0,sigma,computed,/home/lkoo/projects/AutomationDetection/DownloadedLC/incremental/quiescent_background_cache.csv,,,,,,False,not_in_flare_streak
4FGL J0539.9-2839,226,227,58946.00001157408,6.88e-08,5.3e-08,7.3e-08,1.0849013020833333e-07,8.209742774566474e-08,2.0594214357236827e-09,8.209742774566474e-08,2.0594214357236827e-09,1.99589e-07,1.99589e-07,8.209742774566474e-08,False,False,False,0,False,,,-0.25070566839480796,3.0,False,False,,,weekly,10.0,sigma,computed,/home/lkoo/projects/AutomationDetection/DownloadedLC/incremental/quiescent_background_cache.csv,,,,,,False,not_in_flare_streak
4FGL J0539.9-2839,227,228,58953.00001157408,1.2e-07,4.6e-08,6.88e-08,1.0849013020833333e-07,8.209742774566474e-08,2.0594214357236827e-09,8.209742774566474e-08,2.0594214357236827e-09,1.99589e-07,1.99589e-07,8.209742774566474e-08,True,True,False,0,False,,,0.8231444378830686,3.0,False,False,,,weekly,10.0,sigma,computed,/home/lkoo/projects/AutomationDetection/DownloadedLC/incremental/quiescent_background_cache.csv,,,,,,False,not_in_flare_streak
4FGL J0539.9-2839,228,229,58974.00001157408,1.4e-08,1.13e-08,1.2e-07,1.0849013020833333e-07,8.209742774566474e-08,2.0594214357236827e-09,8.209742774566474e-08,2.0594214357236827e-09,1.99589e-07,1.99589e-07,8.209742774566474e-08,False,False,False,0,False,,,-5.9286651727351325,3.0,False,False,,,weekly,10.0,sigma,computed,/home/lkoo/projects/AutomationDetection/DownloadedLC/incremental/quiescent_background_cache.csv,,,,,,False,not_in_flare_streak
4FGL J0539.9-2839,229,230,59002.00001157408,9.02e-08,4.71e-08,1.4e-08,1.0849013020833333e-07,8.209742774566474e-08,2.0594214357236827e-09,8.209742774566474e-08,2.0594214357236827e-09,1.99589e-07,1.99589e-07,8.209742774566474e-08,True,True,False,0,False,,,0.17186492533693487,3.0,False,False,,,weekly,10.0,sigma,computed,/home/lkoo/projects/AutomationDetection/DownloadedLC/incremental/quiescent_background_cache.csv,,,,,,False,not_in_flare_streak
4FGL J0539.9-2839,230,231,59016.00001157408,2.79e-08,2.14e-08,9.02e-08,1.0849013020833333e-07,8.209742774566474e-08,2.0594214357236827e-09,8.209742774566474e-08,2.0594214357236827e-09,1.99589e-07,1.99589e-07,8.209742774566474e-08,False,False,False,0,False,,,-2.5209436196685258,3.0,False,False,,,weekly,10.0,sigma,computed,/home/lkoo/projects/AutomationDetection/DownloadedLC/incremental/quiescent_background_cache.csv,,,,,,False,not_in_flare_streak
4FGL J0539.9-2839,231,232,59037.00001157408,4.4e-08,2.28e-08,2.79e-08,1.0849013020833333e-07,8.209742774566474e-08,2.0594214357236827e-09,8.209742774566474e-08,2.0594214357236827e-09,1.99589e-07,1.99589e-07,8.209742774566474e-08,True,False,False,0,False,,,-1.6641648960240982,3.0,False,False,,,weekly,10.0,sigma,computed,/home/lkoo/projects/AutomationDetection/DownloadedLC/incremental/quiescent_background_cache.csv,,,,,,False,not_in_flare_streak
4FGL J0539.9-2839,232,233,59044.00001157408,8.99e-08,2.97e-08,4.4e-08,1.0849013020833333e-07,8.209742774566474e-08,2.0594214357236827e-09,8.209742774566474e-08,2.0594214357236827e-09,1.99589e-07,1.99589e-07,8.209742774566474e-08,True,True,False,0,False,,,0.26208355818653833,3.0,False,False,,,weekly,10.0,sigma,computed,/home/lkoo/projects/AutomationDetection/DownloadedLC/incremental/quiescent_background_cache.csv,,,,,,False,not_in_flare_streak
4FGL J0539.9-2839,233,234,59051.00001157408,5.05e-08,3.22e-08,8.99e-08,1.0849013020833333e-07,8.209742774566474e-08,2.0594214357236827e-09,8.209742774566474e-08,2.0594214357236827e-09,1.99589e-07,1.99589e-07,8.209742774566474e-08,False,False,False,0,False,,,-0.9792857251787983,3.0,False,False,,,weekly,10.0,sigma,computed,/home/lkoo/projects/AutomationDetection/DownloadedLC/incremental/quiescent_background_cache.csv,,,,,,False,not_in_flare_streak
4FGL J0539.9-2839,234,235,59065.00001157408,7.42e-08,5.93e-08,5.05e-08,1.0849013020833333e-07,8.209742774566474e-08,2.0594214357236827e-09,8.209742774566474e-08,2.0594214357236827e-09,1.99589e-07,1.99589e-07,8.209742774566474e-08,True,False,False,0,False,,,-0.1330972939326568,3.0,False,False,,,weekly,10.0,sigma,computed,/home/lkoo/projects/AutomationDetection/DownloadedLC/incremental/quiescent_background_cache.csv,,,,,,False,not_in_flare_streak
4FGL J0539.9-2839,235,236,59072.00001157408,7.9e-08,3.34e-08,7.42e-08,1.0849013020833333e-07,8.209742774566474e-08,2.0594214357236827e-09,8.209742774566474e-08,2.0594214357236827e-09,1.99589e-07,1.99589e-07,8.209742774566474e-08,True,False,False,0,False,,,-0.09256157094003128,3.0,False,False,,,weekly,10.0,sigma,computed,/home/lkoo/projects/AutomationDetection/DownloadedLC/incremental/quiescent_background_cache.csv,,,,,,False,not_in_flare_streak
4FGL J0539.9-2839,236,237,59079.00001157408,4.75e-08,3.43e-08,7.9e-08,1.0849013020833333e-07,8.209742774566474e-08,2.0594214357236827e-09,8.209742774566474e-08,2.0594214357236827e-09,1.99589e-07,1.99589e-07,8.209742774566474e-08,False,False,False,0,False,,,-1.0068581464696995,3.0,False,False,,,weekly,10.0,sigma,computed,/home/lkoo/projects/AutomationDetection/DownloadedLC/incremental/quiescent_background_cache.csv,,,,,,False,not_in_flare_streak
4FGL J0539.9-2839,237,238,59093.00001157408,9.79e-08,2.96e-08,4.75e-08,1.0849013020833333e-07,8.209742774566474e-08,2.0594214357236827e-09,8.209742774566474e-08,2.0594214357236827e-09,1.99589e-07,1.99589e-07,8.209742774566474e-08,True,True,False,0,False,,,0.5325832060563055,3.0,False,False,,,weekly,10.0,sigma,computed,/home/lkoo/projects/AutomationDetection/DownloadedLC/incremental/quiescent_background_cache.csv,,,,,,False,not_in_flare_streak
4FGL J0539.9-2839,238,239,59121.00001157408,6.04e-08,3.39e-08,9.79e-08,1.0849013020833333e-07,8.209742774566474e-08,2.0594214357236827e-09,8.209742774566474e-08,2.0594214357236827e-09,1.99589e-07,1.99589e-07,8.209742774566474e-08,False,False,False,0,False,,,-0.6388643217942283,3.0,False,False,,,weekly,10.0,sigma,computed,/home/lkoo/projects/AutomationDetection/DownloadedLC/incremental/quiescent_background_cache.csv,,,,,,False,not_in_flare_streak
4FGL J0539.9-2839,239,240,59128.00001157408,1.07e-07,3.5e-08,6.04e-08,1.0849013020833333e-07,8.209742774566474e-08,2.0594214357236827e-09,8.209742774566474e-08,2.0594214357236827e-09,1.99589e-07,1.99589e-07,8.209742774566474e-08,True,True,False,0,False,,,0.7102735659765061,3.0,False,False,,,weekly,10.0,sigma,computed,/home/lkoo/projects/AutomationDetection/DownloadedLC/incremental/quiescent_background_cache.csv,,,,,,False,not_in_flare_streak
4FGL J0539.9-2839,240,241,59135.00001157408,4.51e-08,2.31e-08,1.07e-07,1.0849013020833333e-07,8.209742774566474e-08,2.0594214357236827e-09,8.209742774566474e-08,2.0594214357236827e-09,1.99589e-07,1.99589e-07,8.209742774566474e-08,False,False,False,0,False,,,-1.5952929759840757,3.0,False,False,,,weekly,10.0,sigma,computed,/home/lkoo/projects/AutomationDetection/DownloadedLC/incremental/quiescent_background_cache.csv,,,,,,False,not_in_flare_streak
4FGL J0539.9-2839,241,242,59156.00001157408,1.17e-07,5.45e-08,4.51e-08,1.0849013020833333e-07,8.209742774566474e-08,2.0594214357236827e-09,8.209742774566474e-08,2.0594214357236827e-09,1.99589e-07,1.99589e-07,8.209742774566474e-08,True,True,False,0,False,,,0.639957435535847,3.0,False,False,,,weekly,10.0,sigma,computed,/home/lkoo/projects/AutomationDetection/DownloadedLC/incremental/quiescent_background_cache.csv,,,,,,False,not_in_flare_streak
4FGL J0539.9-2839,242,243,59163.00001157408,1.73e-07,5.27e-08,1.17e-07,1.0849013020833333e-07,8.209742774566474e-08,2.0594214357236827e-09,8.209742774566474e-08,2.0594214357236827e-09,1.99589e-07,1.99589e-07,8.209742774566474e-08,True,True,False,0,False,,,1.7235909432765484,3.0,False,False,,,weekly,10.0,sigma,computed,/home/lkoo/projects/AutomationDetection/DownloadedLC/incremental/quiescent_background_cache.csv,,,,,,False,not_in_flare_streak
4FGL J0539.9-2839,243,244,59170.00001157408,6.9e-08,2.8e-08,1.73e-07,1.0849013020833333e-07,8.209742774566474e-08,2.0594214357236827e-09,8.209742774566474e-08,2.0594214357236827e-09,1.99589e-07,1.99589e-07,8.209742774566474e-08,False,False,False,0,False,,,-0.46650514858896985,3.0,False,False,,,weekly,10.0,sigma,computed,/home/lkoo/projects/AutomationDetection/DownloadedLC/incremental/quiescent_background_cache.csv,,,,,,False,not_in_flare_streak
4FGL J0539.9-2839,244,245,59191.00001157408,1.02e-07,2.99e-08,6.9e-08,1.0849013020833333e-07,8.209742774566474e-08,2.0594214357236827e-09,8.209742774566474e-08,2.0594214357236827e-09,1.99589e-07,1.99589e-07,8.209742774566474e-08,True,True,False,0,False,,,0.664064558323694,3.0,False,False,,,weekly,10.0,sigma,computed,/home/lkoo/projects/AutomationDetection/DownloadedLC/incremental/quiescent_background_cache.csv,,,,,,False,not_in_flare_streak
4FGL J0539.9-2839,245,246,59198.00001157408,3.29e-07,4.83e-08,1.02e-07,1.0849013020833333e-07,8.209742774566474e-08,2.0594214357236827e-09,8.209742774566474e-08,2.0594214357236827e-09,1.99589e-07,1.99589e-07,8.209742774566474e-08,True,True,False,0,False,,,5.1072141237136215,3.0,True,True,59198.00001157408,59198.00001157408,weekly,10.0,sigma,computed,/home/lkoo/projects/AutomationDetection/DownloadedLC/incremental/quiescent_background_cache.csv,,,,,,False,not_in_flare_streak
4FGL J0539.9-2839,246,247,59205.00001157408,5.11e-07,5.34e-08,3.29e-07,1.0849013020833333e-07,8.209742774566474e-08,2.0594214357236827e-09,8.209742774566474e-08,2.0594214357236827e-09,1.99589e-07,1.99589e-07,8.209742774566474e-08,True,True,False,0,False,,,8.025916991340077,3.0,True,True,59198.00001157408,59205.00001157408,weekly,10.0,sigma,computed,/home/lkoo/projects/AutomationDetection/DownloadedLC/incremental/quiescent_background_cache.csv,,,,,,False,not_in_flare_streak
4FGL J0539.9-2839,247,248,59212.00001157408,6.04e-07,7.73e-08,5.11e-07,1.0849013020833333e-07,8.209742774566474e-08,2.0594214357236827e-09,8.209742774566474e-08,2.0594214357236827e-09,1.99589e-07,1.99589e-07,8.209742774566474e-08,True,True,False,0,False,,,6.749255491651087,3.0,True,True,59198.00001157408,59212.00001157408,weekly,10.0,sigma,computed,/home/lkoo/projects/AutomationDetection/DownloadedLC/incremental/quiescent_background_cache.csv,,,,,,False,not_in_flare_streak
4FGL J0539.9-2839,248,249,59219.00001157408,9.59e-08,3.56e-08,6.04e-07,1.0849013020833333e-07,8.209742774566474e-08,2.0594214357236827e-09,8.209742774566474e-08,2.0594214357236827e-09,1.99589e-07,1.99589e-07,8.209742774566474e-08,False,True,False,0,False,,,0.38706558776773897,3.0,False,True,59198.00001157408,59219.00001157408,weekly,10.0,sigma,computed,/home/lkoo/projects/AutomationDetection/DownloadedLC/incremental/quiescent_background_cache.csv,,,,,,False,not_in_flare_streak
4FGL J0539.9-2839,249,250,59226.00001157408,1.34e-07,4.4e-08,9.59e-08,1.0849013020833333e-07,8.209742774566474e-08,2.0594214357236827e-09,8.209742774566474e-08,2.0594214357236827e-09,1.99589e-07,1.99589e-07,8.209742774566474e-08,True,True,False,0,False,,,1.1783139482599962,3.0,False,True,59198.00001157408,59226.00001157408,weekly,10.0,sigma,computed,/home/lkoo/projects/AutomationDetection/DownloadedLC/incremental/quiescent_background_cache.csv,,,,,,False,not_in_flare_streak
4FGL J0539.9-2839,250,251,59233.00001157408,4.97e-08,2.84e-08,1.34e-07,1.0849013020833333e-07,8.209742774566474e-08,2.0594214357236827e-09,8.209742774566474e-08,2.0594214357236827e-09,1.99589e-07,1.99589e-07,8.209742774566474e-08,False,False,False,0,False,,,-1.1377670022083415,3.0,False,False,,,weekly,10.0,sigma,computed,/home/lkoo/projects/AutomationDetection/DownloadedLC/incremental/quiescent_background_cache.csv,,,,,,False,not_in_flare_streak
4FGL J0539.9-2839,251,252,59240.00001157408,1.1e-07,3.09e-08,4.97e-08,1.0849013020833333e-07,8.209742774566474e-08,2.0594214357236827e-09,8.209742774566474e-08,2.0594214357236827e-09,1.99589e-07,1.99589e-07,8.209742774566474e-08,True,True,False,0,False,,,0.9009969920744485,3.0,False,False,,,weekly,10.0,sigma,computed,/home/lkoo/projects/AutomationDetection/DownloadedLC/incremental/quiescent_background_cache.csv,,,,,,False,not_in_flare_streak
4FGL J0539.9-2839,252,253,59247.00001157408,3.81e-08,2.28e-08,1.1e-07,1.0849013020833333e-07,8.209742774566474e-08,2.0594214357236827e-09,8.209742774566474e-08,2.0594214357236827e-09,1.99589e-07,1.99589e-07,8.209742774566474e-08,False,False,False,0,False,,,-1.9218876208256297,3.0,False,False,,,weekly,10.0,sigma,computed,/home/lkoo/projects/AutomationDetection/DownloadedLC/incremental/quiescent_background_cache.csv,,,,,,False,not_in_flare_streak
4FGL J0539.9-2839,253,254,59254.00001157408,9.73e-08,2.94e-08,3.81e-08,1.0849013020833333e-07,8.209742774566474e-08,2.0594214357236827e-09,8.209742774566474e-08,2.0594214357236827e-09,1.99589e-07,1.99589e-07,8.209742774566474e-08,True,True,False,0,False,,,0.5158303123561875,3.0,False,False,,,weekly,10.0,sigma,computed,/home/lkoo/projects/AutomationDetection/DownloadedLC/incremental/quiescent_background_cache.csv,,,,,,False,not_in_flare_streak
4FGL J0539.9-2839,254,255,59261.00001157408,8.44e-08,4.01e-08,9.73e-08,1.0849013020833333e-07,8.209742774566474e-08,2.0594214357236827e-09,8.209742774566474e-08,2.0594214357236827e-09,1.99589e-07,1.99589e-07,8.209742774566474e-08,False,True,False,0,False,,,0.057345178709090096,3.0,False,False,,,weekly,10.0,sigma,computed,/home/lkoo/projects/AutomationDetection/DownloadedLC/incremental/quiescent_background_cache.csv,,,,,,False,not_in_flare_streak
4FGL J0539.9-2839,255,256,59275.00001157408,1.35e-07,5.52e-08,8.44e-08,1.0849013020833333e-07,8.209742774566474e-08,2.0594214357236827e-09,8.209742774566474e-08,2.0594214357236827e-09,1.99589e-07,1.99589e-07,8.209742774566474e-08,True,True,False,0,False,,,0.9577136365649904,3.0,False,False,,,weekly,10.0,sigma,computed,/home/lkoo/projects/AutomationDetection/DownloadedLC/incremental/quiescent_background_cache.csv,,,,,,False,not_in_flare_streak
4FGL J0539.9-2839,256,257,59282.00001157408,1.09e-07,3.88e-08,1.35e-07,1.0849013020833333e-07,8.209742774566474e-08,2.0594214357236827e-09,8.209742774566474e-08,2.0594214357236827e-09,1.99589e-07,1.99589e-07,8.209742774566474e-08,False,True,False,0,False,,,0.6923906278714826,3.0,False,False,,,weekly,10.0,sigma,computed,/home/lkoo/projects/AutomationDetection/DownloadedLC/incremental/quiescent_background_cache.csv,,,,,,False,not_in_flare_streak
4FGL J0539.9-2839,257,258,59289.00001157408,1.38e-07,3.06e-08,1.09e-07,1.0849013020833333e-07,8.209742774566474e-08,2.0594214357236827e-09,8.209742774566474e-08,2.0594214357236827e-09,1.99589e-07,1.99589e-07,8.209742774566474e-08,True,True,False,0,False,,,1.822758044150353,3.0,False,False,,,weekly,10.0,sigma,computed,/home/lkoo/projects/AutomationDetection/DownloadedLC/incremental/quiescent_background_cache.csv,,,,,,False,not_in_flare_streak
4FGL J0539.9-2839,258,259,59296.00001157408,8.27e-08,2.59e-08,1.38e-07,1.0849013020833333e-07,8.209742774566474e-08,2.0594214357236827e-09,8.209742774566474e-08,2.0594214357236827e-09,1.99589e-07,1.99589e-07,8.209742774566474e-08,False,True,False,0,False,,,0.02319213703049471,3.0,False,False,,,weekly,10.0,sigma,computed,/home/lkoo/projects/AutomationDetection/DownloadedLC/incremental/quiescent_background_cache.csv,,,,,,False,not_in_flare_streak
4FGL J0539.9-2839,259,260,59303.00001157408,1.64e-07,4.08e-08,8.27e-08,1.0849013020833333e-07,8.209742774566474e-08,2.0594214357236827e-09,8.209742774566474e-08,2.0594214357236827e-09,1.99589e-07,1.99589e-07,8.209742774566474e-08,True,True,False,0,False,,,2.004863587418828,3.0,False,False,,,weekly,10.0,sigma,computed,/home/lkoo/projects/AutomationDetection/DownloadedLC/incremental/quiescent_background_cache.csv,,,,,,False,not_in_flare_streak
4FGL J0539.9-2839,260,261,59310.00001157408,2.65e-07,6.27e-08,1.64e-07,1.0849013020833333e-07,8.209742774566474e-08,2.0594214357236827e-09,8.209742774566474e-08,2.0594214357236827e-09,1.99589e-07,1.99589e-07,8.209742774566474e-08,True,True,False,0,False,,,2.915534148076855,3.0,False,False,,,weekly,10.0,sigma,computed,/home/lkoo/projects/AutomationDetection/DownloadedLC/incremental/quiescent_background_cache.csv,,,,,,False,not_in_flare_streak
4FGL J0539.9-2839,261,262,59317.00001157408,5.65e-07,8.89e-08,2.65e-07,1.0849013020833333e-07,8.209742774566474e-08,2.0594214357236827e-09,8.209742774566474e-08,2.0594214357236827e-09,1.99589e-07,1.99589e-07,8.209742774566474e-08,True,True,False,0,False,,,5.430518006772265,3.0,True,True,59317.00001157408,59317.00001157408,weekly,10.0,sigma,computed,/home/lkoo/projects/AutomationDetection/DownloadedLC/incremental/quiescent_background_cache.csv,,,,,,False,not_in_flare_streak
4FGL J0539.9-2839,262,263,59324.00001157408,1.77e-07,4.05e-08,5.65e-07,1.0849013020833333e-07,8.209742774566474e-08,2.0594214357236827e-09,8.209742774566474e-08,2.0594214357236827e-09,1.99589e-07,1.99589e-07,8.209742774566474e-08,False,True,False,0,False,,,2.340249734585898,3.0,False,True,59317.00001157408,59324.00001157408,weekly,10.0,sigma,computed,/home/lkoo/projects/AutomationDetection/DownloadedLC/incremental/quiescent_background_cache.csv,,,,,,False,not_in_flare_streak
4FGL J0539.9-2839,263,264,59331.00001157408,2.17e-07,3.82e-08,1.77e-07,1.0849013020833333e-07,8.209742774566474e-08,2.0594214357236827e-09,8.209742774566474e-08,2.0594214357236827e-09,1.99589e-07,1.99589e-07,8.209742774566474e-08,True,True,False,0,False,,,3.5263600623396747,3.0,True,True,59317.00001157408,59331.00001157408,weekly,10.0,sigma,computed,/home/lkoo/projects/AutomationDetection/DownloadedLC/incremental/quiescent_background_cache.csv,,,,,,False,not_in_flare_streak
4FGL J0539.9-2839,264,265,59338.00001157408,2.64e-07,3.82e-08,2.17e-07,1.0849013020833333e-07,8.209742774566474e-08,2.0594214357236827e-09,8.209742774566474e-08,2.0594214357236827e-09,1.99589e-07,1.99589e-07,8.209742774566474e-08,True,True,False,0,False,,,4.7549424396830275,3.0,True,True,59317.00001157408,59338.00001157408,weekly,10.0,sigma,computed,/home/lkoo/projects/AutomationDetection/DownloadedLC/incremental/quiescent_background_cache.csv,,,,,,False,not_in_flare_streak
4FGL J0539.9-2839,265,266,59345.00001157408,4.69e-07,4.39e-08,2.64e-07,1.0849013020833333e-07,8.209742774566474e-08,2.0594214357236827e-09,8.209742774566474e-08,2.0594214357236827e-09,1.99589e-07,1.99589e-07,8.209742774566474e-08,True,True,False,0,False,,,8.803588720668174,3.0,True,True,59317.00001157408,59345.00001157408,weekly,10.0,sigma,computed,/home/lkoo/projects/AutomationDetection/DownloadedLC/incremental/quiescent_background_cache.csv,,,,,,False,not_in_flare_streak
4FGL J0539.9-2839,266,267,59352.00001157408,4.47e-07,4.96e-08,4.69e-07,1.0849013020833333e-07,8.209742774566474e-08,2.0594214357236827e-09,8.209742774566474e-08,2.0594214357236827e-09,1.99589e-07,1.99589e-07,8.209742774566474e-08,False,True,False,0,False,,,7.350573381024554,3.0,True,True,59317.00001157408,59352.00001157408,weekly,10.0,sigma,computed,/home/lkoo/projects/AutomationDetection/DownloadedLC/incremental/quiescent_background_cache.csv,,,,,,False,not_in_flare_streak
4FGL J0539.9-2839,267,268,59359.00001157408,2.64e-07,4.76e-08,4.47e-07,1.0849013020833333e-07,8.209742774566474e-08,2.0594214357236827e-09,8.209742774566474e-08,2.0594214357236827e-09,1.99589e-07,1.99589e-07,8.209742774566474e-08,False,True,False,0,False,,,3.8179109573891963,3.0,True,True,59317.00001157408,59359.00001157408,weekly,10.0,sigma,computed,/home/lkoo/projects/AutomationDetection/DownloadedLC/incremental/quiescent_background_cache.csv,,,,,,False,not_in_flare_streak
4FGL J0539.9-2839,268,269,59366.00001157408,5.72e-07,5.73e-08,2.64e-07,1.0849013020833333e-07,8.209742774566474e-08,2.0594214357236827e-09,8.209742774566474e-08,2.0594214357236827e-09,1.99589e-07,1.99589e-07,8.209742774566474e-08,True,True,False,0,False,,,8.544266329031055,3.0,True,True,59317.00001157408,59366.00001157408,weekly,10.0,sigma,computed,/home/lkoo/projects/AutomationDetection/DownloadedLC/incremental/quiescent_background_cache.csv,,,,,,False,not_in_flare_streak
4FGL J0539.9-2839,269,270,59373.00001157408,4.71e-07,6.14e-08,5.72e-07,1.0849013020833333e-07,8.209742774566474e-08,2.0594214357236827e-09,8.209742774566474e-08,2.0594214357236827e-09,1.99589e-07,1.99589e-07,8.209742774566474e-08,False,True,False,0,False,,,6.33035827950323,3.0,True,True,59317.00001157408,59373.00001157408,weekly,10.0,sigma,computed,/home/lkoo/projects/AutomationDetection/DownloadedLC/incremental/quiescent_background_cache.csv,,,,,,False,not_in_flare_streak
4FGL J0539.9-2839,270,271,59380.00001157408,3.34e-07,4.71e-08,4.71e-07,1.0849013020833333e-07,8.209742774566474e-08,2.0594214357236827e-09,8.209742774566474e-08,2.0594214357236827e-09,1.99589e-07,1.99589e-07,8.209742774566474e-08,False,True,False,0,False,,,5.3431447957170946,3.0,True,True,59317.00001157408,59380.00001157408,weekly,10.0,sigma,computed,/home/lkoo/projects/AutomationDetection/DownloadedLC/incremental/quiescent_background_cache.csv,,,,,,False,not_in_flare_streak
4FGL J0539.9-2839,271,272,59387.00001157408,2.65e-07,4.74e-08,3.34e-07,1.0849013020833333e-07,8.209742774566474e-08,2.0594214357236827e-09,8.209742774566474e-08,2.0594214357236827e-09,1.99589e-07,1.99589e-07,8.209742774566474e-08,False,True,False,0,False,,,3.8550671597061927,3.0,True,True,59317.00001157408,59387.00001157408,weekly,10.0,sigma,computed,/home/lkoo/projects/AutomationDetection/DownloadedLC/incremental/quiescent_background_cache.csv,,,,,,False,not_in_flare_streak
4FGL J0539.9-2839,272,273,59394.00001157408,2.62e-07,4.19e-08,2.65e-07,1.0849013020833333e-07,8.209742774566474e-08,2.0594214357236827e-09,8.209742774566474e-08,2.0594214357236827e-09,1.99589e-07,1.99589e-07,8.209742774566474e-08,False,True,False,0,False,,,4.288440576464212,3.0,True,True,59317.00001157408,59394.00001157408,weekly,10.0,sigma,computed,/home/lkoo/projects/AutomationDetection/DownloadedLC/incremental/quiescent_background_cache.csv,,,,,,False,not_in_flare_streak
4FGL J0539.9-2839,273,274,59401.00001157408,2.64e-07,4.03e-08,2.62e-07,1.0849013020833333e-07,8.209742774566474e-08,2.0594214357236827e-09,8.209742774566474e-08,2.0594214357236827e-09,1.99589e-07,1.99589e-07,8.209742774566474e-08,True,True,False,0,False,,,4.507829340862797,3.0,True,True,59317.00001157408,59401.00001157408,weekly,10.0,sigma,computed,/home/lkoo/projects/AutomationDetection/DownloadedLC/incremental/quiescent_background_cache.csv,,,,,,False,not_in_flare_streak
4FGL J0539.9-2839,274,275,59408.00001157408,3.3e-07,4.12e-08,2.64e-07,1.0849013020833333e-07,8.209742774566474e-08,2.0594214357236827e-09,8.209742774566474e-08,2.0594214357236827e-09,1.99589e-07,1.99589e-07,8.209742774566474e-08,True,True,False,0,False,,,6.009549690305058,3.0,True,True,59317.00001157408,59408.00001157408,weekly,10.0,sigma,computed,/home/lkoo/projects/AutomationDetection/DownloadedLC/incremental/quiescent_background_cache.csv,,,,,,False,not_in_flare_streak
4FGL J0539.9-2839,275,276,59415.00001157408,1.61e-07,3.64e-08,3.3e-07,1.0849013020833333e-07,8.209742774566474e-08,2.0594214357236827e-09,8.209742774566474e-08,2.0594214357236827e-09,1.99589e-07,1.99589e-07,8.209742774566474e-08,False,True,False,0,False,,,2.164192045955536,3.0,False,True,59317.00001157408,59415.00001157408,weekly,10.0,sigma,computed,/home/lkoo/projects/AutomationDetection/DownloadedLC/incremental/quiescent_background_cache.csv,,,,,,False,not_in_flare_streak
4FGL J0539.9-2839,276,277,59422.00001157408,2.12e-07,4.63e-08,1.61e-07,1.0849013020833333e-07,8.209742774566474e-08,2.0594214357236827e-09,8.209742774566474e-08,2.0594214357236827e-09,1.99589e-07,1.99589e-07,8.209742774566474e-08,True,True,False,0,False,,,2.8028997568861773,3.0,False,True,59317.00001157408,59422.00001157408,weekly,10.0,sigma,computed,/home/lkoo/projects/AutomationDetection/DownloadedLC/incremental/quiescent_background_cache.csv,,,,,,False,not_in_flare_streak
4FGL J0539.9-2839,277,278,59429.00001157408,4.32e-08,3.41e-08,2.12e-07,1.0849013020833333e-07,8.209742774566474e-08,2.0594214357236827e-09,8.209742774566474e-08,2.0594214357236827e-09,1.99589e-07,1.99589e-07,8.209742774566474e-08,False,False,False,0,False,,,-1.1386124412406473,3.0,False,False,,,weekly,10.0,sigma,computed,/home/lkoo/projects/AutomationDetection/DownloadedLC/incremental/quiescent_background_cache.csv,,,,,,False,not_in_flare_streak
4FGL J0539.9-2839,278,279,59443.00001157408,1.75e-07,3.68e-08,4.32e-08,1.0849013020833333e-07,8.209742774566474e-08,2.0594214357236827e-09,8.209742774566474e-08,2.0594214357236827e-09,1.99589e-07,1.99589e-07,8.209742774566474e-08,True,True,False,0,False,,,2.5205825179841463,3.0,False,False,,,weekly,10.0,sigma,computed,/home/lkoo/projects/AutomationDetection/DownloadedLC/incremental/quiescent_background_cache.csv,,,,,,False,not_in_flare_streak
4FGL J0539.9-2839,279,280,59450.00001157408,1.11e-07,3.13e-08,1.75e-07,1.0849013020833333e-07,8.209742774566474e-08,2.0594214357236827e-09,8.209742774566474e-08,2.0594214357236827e-09,1.99589e-07,1.99589e-07,8.209742774566474e-08,False,True,False,0,False,,,0.9214125556007399,3.0,False,False,,,weekly,10.0,sigma,computed,/home/lkoo/projects/AutomationDetection/DownloadedLC/incremental/quiescent_background_cache.csv,,,,,,False,not_in_flare_streak
4FGL J0539.9-2839,280,281,59457.00001157408,1.43e-07,2.97e-08,1.11e-07,1.0849013020833333e-07,8.209742774566474e-08,2.0594214357236827e-09,8.209742774566474e-08,2.0594214357236827e-09,1.99589e-07,1.99589e-07,8.209742774566474e-08,True,True,False,0,False,,,2.045679593708391,3.0,False,False,,,weekly,10.0,sigma,computed,/home/lkoo/projects/AutomationDetection/DownloadedLC/incremental/quiescent_background_cache.csv,,,,,,False,not_in_flare_streak
4FGL J0539.9-2839,281,282,59464.00001157408,5.71e-08,2.52e-08,1.43e-07,1.0849013020833333e-07,8.209742774566474e-08,2.0594214357236827e-09,8.209742774566474e-08,2.0594214357236827e-09,1.99589e-07,1.99589e-07,8.209742774566474e-08,False,False,False,0,False,,,-0.9886654320631456,3.0,False,False,,,weekly,10.0,sigma,computed,/home/lkoo/projects/AutomationDetection/DownloadedLC/incremental/quiescent_background_cache.csv,,,,,,False,not_in_flare_streak
4FGL J0539.9-2839,282,283,59471.00001157408,1.31e-07,4.32e-08,5.71e-08,1.0849013020833333e-07,8.209742774566474e-08,2.0594214357236827e-09,8.209742774566474e-08,2.0594214357236827e-09,1.99589e-07,1.99589e-07,8.209742774566474e-08,True,True,False,0,False,,,1.1307198796346796,3.0,False,False,,,weekly,10.0,sigma,computed,/home/lkoo/projects/AutomationDetection/DownloadedLC/incremental/quiescent_background_cache.csv,,,,,,False,not_in_flare_streak
4FGL J0539.9-2839,283,284,59485.00001157408,1.16e-07,4.48e-08,1.31e-07,1.0849013020833333e-07,8.209742774566474e-08,2.0594214357236827e-09,8.209742774566474e-08,2.0594214357236827e-09,1.99589e-07,1.99589e-07,8.209742774566474e-08,False,True,False,0,False,,,0.7559555352147399,3.0,False,False,,,weekly,10.0,sigma,computed,/home/lkoo/projects/AutomationDetection/DownloadedLC/incremental/quiescent_background_cache.csv,,,,,,False,not_in_flare_streak
4FGL J0539.9-2839,284,285,59492.00001157408,1.72e-07,3.19e-08,1.16e-07,1.0849013020833333e-07,8.209742774566474e-08,2.0594214357236827e-09,8.209742774566474e-08,2.0594214357236827e-09,1.99589e-07,1.99589e-07,8.209742774566474e-08,True,True,False,0,False,,,2.812407740653587,3.0,False,False,,,weekly,10.0,sigma,computed,/home/lkoo/projects/AutomationDetection/DownloadedLC/incremental/quiescent_background_cache.csv,,,,,,False,not_in_flare_streak
4FGL J0539.9-2839,285,286,59499.00001157408,2.59e-07,4.03e-08,1.72e-07,1.0849013020833333e-07,8.209742774566474e-08,2.0594214357236827e-09,8.209742774566474e-08,2.0594214357236827e-09,1.99589e-07,1.99589e-07,8.209742774566474e-08,True,True,False,0,False,,,4.383921545469997,3.0,True,True,59499.00001157408,59499.00001157408,weekly,10.0,sigma,computed,/home/lkoo/projects/AutomationDetection/DownloadedLC/incremental/quiescent_background_cache.csv,,,,,,False,not_in_flare_streak
4FGL J0539.9-2839,286,287,59506.00001157408,1.66e-07,3.24e-08,2.59e-07,1.0849013020833333e-07,8.209742774566474e-08,2.0594214357236827e-09,8.209742774566474e-08,2.0594214357236827e-09,1.99589e-07,1.99589e-07,8.209742774566474e-08,False,True,False,0,False,,,2.584370168872802,3.0,False,True,59499.00001157408,59506.00001157408,weekly,10.0,sigma,computed,/home/lkoo/projects/AutomationDetection/DownloadedLC/incremental/quiescent_background_cache.csv,,,,,,False,not_in_flare_streak
4FGL J0539.9-2839,287,288,59513.00001157408,1.64e-07,3.36e-08,1.66e-07,1.0849013020833333e-07,8.209742774566474e-08,2.0594214357236827e-09,8.209742774566474e-08,2.0594214357236827e-09,1.99589e-07,1.99589e-07,8.209742774566474e-08,False,True,False,0,False,,,2.433010736908447,3.0,False,True,59499.00001157408,59513.00001157408,weekly,10.0,sigma,computed,/home/lkoo/projects/AutomationDetection/DownloadedLC/incremental/quiescent_background_cache.csv,,,,,,False,not_in_flare_streak
4FGL J0539.9-2839,288,289,59520.00001157408,1.13e-07,3.93e-08,1.64e-07,1.0849013020833333e-07,8.209742774566474e-08,2.0594214357236827e-09,8.209742774566474e-08,2.0594214357236827e-09,1.99589e-07,1.99589e-07,8.209742774566474e-08,False,True,False,0,False,,,0.7852475759997773,3.0,False,True,59499.00001157408,59520.00001157408,weekly,10.0,sigma,computed,/home/lkoo/projects/AutomationDetection/DownloadedLC/incremental/quiescent_background_cache.csv,,,,,,False,not_in_flare_streak
4FGL J0539.9-2839,289,290,59527.00001157408,1.14e-07,4.86e-08,1.13e-07,1.0849013020833333e-07,8.209742774566474e-08,2.0594214357236827e-09,8.209742774566474e-08,2.0594214357236827e-09,1.99589e-07,1.99589e-07,8.209742774566474e-08,True,True,False,0,False,,,0.6558429648620013,3.0,False,True,59499.00001157408,59527.00001157408,weekly,10.0,sigma,computed,/home/lkoo/projects/AutomationDetection/DownloadedLC/incremental/quiescent_background_cache.csv,,,,,,False,not_in_flare_streak
4FGL J0539.9-2839,290,291,59534.00001157408,1.2e-07,5.31e-08,1.14e-07,1.0849013020833333e-07,8.209742774566474e-08,2.0594214357236827e-09,8.209742774566474e-08,2.0594214357236827e-09,1.99589e-07,1.99589e-07,8.209742774566474e-08,True,True,False,0,False,,,0.7132598516410348,3.0,False,True,59499.00001157408,59534.00001157408,weekly,10.0,sigma,computed,/home/lkoo/projects/AutomationDetection/DownloadedLC/incremental/quiescent_background_cache.csv,,,,,,False,not_in_flare_streak
4FGL J0539.9-2839,291,292,59541.00001157408,1.19e-07,3.57e-08,1.2e-07,1.0849013020833333e-07,8.209742774566474e-08,2.0594214357236827e-09,8.209742774566474e-08,2.0594214357236827e-09,1.99589e-07,1.99589e-07,8.209742774566474e-08,False,True,False,0,False,,,1.0319698414652172,3.0,False,True,59499.00001157408,59541.00001157408,weekly,10.0,sigma,computed,/home/lkoo/projects/AutomationDetection/DownloadedLC/incremental/quiescent_background_cache.csv,,,,,,False,not_in_flare_streak
4FGL J0539.9-2839,292,293,59555.00001157408,4.03e-08,2.31e-08,1.19e-07,1.0849013020833333e-07,8.209742774566474e-08,2.0594214357236827e-09,8.209742774566474e-08,2.0594214357236827e-09,1.99589e-07,1.99589e-07,8.209742774566474e-08,False,False,False,0,False,,,-1.8022642913242577,3.0,False,False,,,weekly,10.0,sigma,computed,/home/lkoo/projects/AutomationDetection/DownloadedLC/incremental/quiescent_background_cache.csv,,,,,,False,not_in_flare_streak
4FGL J0539.9-2839,293,294,59562.00001157408,7.62e-08,2.77e-08,4.03e-08,1.0849013020833333e-07,8.209742774566474e-08,2.0594214357236827e-09,8.209742774566474e-08,2.0594214357236827e-09,1.99589e-07,1.99589e-07,8.209742774566474e-08,True,False,False,0,False,,,-0.21231754183719612,3.0,False,False,,,weekly,10.0,sigma,computed,/home/lkoo/projects/AutomationDetection/DownloadedLC/incremental/quiescent_background_cache.csv,,,,,,False,not_in_flare_streak
4FGL J0539.9-2839,294,295,59576.00001157408,9.55e-08,3.25e-08,7.62e-08,1.0849013020833333e-07,8.209742774566474e-08,2.0594214357236827e-09,8.209742774566474e-08,2.0594214357236827e-09,1.99589e-07,1.99589e-07,8.209742774566474e-08,True,True,False,0,False,,,0.4115613842594452,3.0,False,False,,,weekly,10.0,sigma,computed,/home/lkoo/projects/AutomationDetection/DownloadedLC/incremental/quiescent_background_cache.csv,,,,,,False,not_in_flare_streak
4FGL J0539.9-2839,295,296,59583.00001157408,7.9e-08,4.4e-08,9.55e-08,1.0849013020833333e-07,8.209742774566474e-08,2.0594214357236827e-09,8.209742774566474e-08,2.0594214357236827e-09,1.99589e-07,1.99589e-07,8.209742774566474e-08,False,False,False,0,False,,,-0.07031910284830672,3.0,False,False,,,weekly,10.0,sigma,computed,/home/lkoo/projects/AutomationDetection/DownloadedLC/incremental/quiescent_background_cache.csv,,,,,,False,not_in_flare_streak
4FGL J0539.9-2839,296,297,59590.00001157408,1.22e-07,4.19e-08,7.9e-08,1.0849013020833333e-07,8.209742774566474e-08,2.0594214357236827e-09,8.209742774566474e-08,2.0594214357236827e-09,1.99589e-07,1.99589e-07,8.209742774566474e-08,True,True,False,0,False,,,0.9511804518218211,3.0,False,False,,,weekly,10.0,sigma,computed,/home/lkoo/projects/AutomationDetection/DownloadedLC/incremental/quiescent_background_cache.csv,,,,,,False,not_in_flare_streak
4FGL J0539.9-2839,297,298,59604.00001157408,2.77e-08,2.08e-08,1.22e-07,1.0849013020833333e-07,8.209742774566474e-08,2.0594214357236827e-09,8.209742774566474e-08,2.0594214357236827e-09,1.99589e-07,1.99589e-07,8.209742774566474e-08,False,False,False,0,False,,,-2.6025355915118418,3.0,False,False,,,weekly,10.0,sigma,computed,/home/lkoo/projects/AutomationDetection/DownloadedLC/incremental/quiescent_background_cache.csv,,,,,,False,not_in_flare_streak
4FGL J0539.9-2839,298,299,59646.00001157408,2.89e-08,2.1e-08,2.77e-08,1.0849013020833333e-07,8.209742774566474e-08,2.0594214357236827e-09,8.209742774566474e-08,2.0594214357236827e-09,1.99589e-07,1.99589e-07,8.209742774566474e-08,True,False,False,0,False,,,-2.5211167218037067,3.0,False,False,,,weekly,10.0,sigma,computed,/home/lkoo/projects/AutomationDetection/DownloadedLC/incremental/quiescent_background_cache.csv,,,,,,False,not_in_flare_streak
4FGL J0539.9-2839,299,300,59653.00001157408,7.45e-08,3.44e-08,2.89e-08,1.0849013020833333e-07,8.209742774566474e-08,2.0594214357236827e-09,8.209742774566474e-08,2.0594214357236827e-09,1.99589e-07,1.99589e-07,8.209742774566474e-08,True,False,False,0,False,,,-0.2204607403627455,3.0,False,False,,,weekly,10.0,sigma,computed,/home/lkoo/projects/AutomationDetection/DownloadedLC/incremental/quiescent_background_cache.csv,,,,,,False,not_in_flare_streak
4FGL J0539.9-2839,300,301,59660.00001157408,5.4e-08,2.6e-08,7.45e-08,1.0849013020833333e-07,8.209742774566474e-08,2.0594214357236827e-09,8.209742774566474e-08,2.0594214357236827e-09,1.99589e-07,1.99589e-07,8.209742774566474e-08,False,False,False,0,False,,,-1.0772961099991658,3.0,False,False,,,weekly,10.0,sigma,computed,/home/lkoo/projects/AutomationDetection/DownloadedLC/incremental/quiescent_background_cache.csv,,,,,,False,not_in_flare_streak
4FGL J0539.9-2839,301,302,59667.00001157408,8.83e-08,3.31e-08,5.4e-08,1.0849013020833333e-07,8.209742774566474e-08,2.0594214357236827e-09,8.209742774566474e-08,2.0594214357236827e-09,1.99589e-07,1.99589e-07,8.209742774566474e-08,True,True,False,0,False,,,0.18702723887915296,3.0,False,False,,,weekly,10.0,sigma,computed,/home/lkoo/projects/AutomationDetection/DownloadedLC/incremental/quiescent_background_cache.csv,,,,,,False,not_in_flare_streak
4FGL J0539.9-2839,302,303,59674.00001157408,6.2e-08,3.35e-08,8.83e-08,1.0849013020833333e-07,8.209742774566474e-08,2.0594214357236827e-09,8.209742774566474e-08,2.0594214357236827e-09,1.99589e-07,1.99589e-07,8.209742774566474e-08,False,False,False,0,False,,,-0.5987928018996903,3.0,False,False,,,weekly,10.0,sigma,computed,/home/lkoo/projects/AutomationDetection/DownloadedLC/incremental/quiescent_background_cache.csv,,,,,,False,not_in_flare_streak
4FGL J0539.9-2839,303,304,59688.00001157408,1.19e-07,5.3e-08,6.2e-08,1.0849013020833333e-07,8.209742774566474e-08,2.0594214357236827e-09,8.209742774566474e-08,2.0594214357236827e-09,1.99589e-07,1.99589e-07,8.209742774566474e-08,True,True,False,0,False,,,0.695749901369238,3.0,False,False,,,weekly,10.0,sigma,computed,/home/lkoo/projects/AutomationDetection/DownloadedLC/incremental/quiescent_background_cache.csv,,,,,,False,not_in_flare_streak
4FGL J0539.9-2839,304,305,59695.00001157408,4.38e-08,3.24e-08,1.19e-07,1.0849013020833333e-07,8.209742774566474e-08,2.0594214357236827e-09,8.209742774566474e-08,2.0594214357236827e-09,1.99589e-07,1.99589e-07,8.209742774566474e-08,False,False,False,0,False,,,-1.1796388019003012,3.0,False,False,,,weekly,10.0,sigma,computed,/home/lkoo/projects/AutomationDetection/DownloadedLC/incremental/quiescent_background_cache.csv,,,,,,False,not_in_flare_streak
4FGL J0539.9-2839,305,306,59702.00001157408,6.34e-08,2.57e-08,4.38e-08,1.0849013020833333e-07,8.209742774566474e-08,2.0594214357236827e-09,8.209742774566474e-08,2.0594214357236827e-09,1.99589e-07,1.99589e-07,8.209742774566474e-08,True,False,False,0,False,,,-0.725201721671673,3.0,False,False,,,weekly,10.0,sigma,computed,/home/lkoo/projects/AutomationDetection/DownloadedLC/incremental/quiescent_background_cache.csv,,,,,,False,not_in_flare_streak
4FGL J0539.9-2839,306,307,59709.00001157408,1.47e-07,3.32e-08,6.34e-08,1.0849013020833333e-07,8.209742774566474e-08,2.0594214357236827e-09,8.209742774566474e-08,2.0594214357236827e-09,1.99589e-07,1.99589e-07,8.209742774566474e-08,True,True,False,0,False,,,1.9511465323548074,3.0,False,False,,,weekly,10.0,sigma,computed,/home/lkoo/projects/AutomationDetection/DownloadedLC/incremental/quiescent_background_cache.csv,,,,,,False,not_in_flare_streak
4FGL J0539.9-2839,307,308,59716.00001157408,1.95e-07,3.52e-08,1.47e-07,1.0849013020833333e-07,8.209742774566474e-08,2.0594214357236827e-09,8.209742774566474e-08,2.0594214357236827e-09,1.99589e-07,1.99589e-07,8.209742774566474e-08,True,True,False,0,False,,,3.201983947462577,3.0,True,True,59716.00001157408,59716.00001157408,weekly,10.0,sigma,computed,/home/lkoo/projects/AutomationDetection/DownloadedLC/incremental/quiescent_background_cache.csv,,,,,,False,not_in_flare_streak
4FGL J0539.9-2839,308,309,59723.00001157408,5.93e-07,5.06e-08,1.95e-07,1.0849013020833333e-07,8.209742774566474e-08,2.0594214357236827e-09,8.209742774566474e-08,2.0594214357236827e-09,1.99589e-07,1.99589e-07,8.209742774566474e-08,True,True,False,0,False,,,10.088536445674098,3.0,True,True,59716.00001157408,59723.00001157408,weekly,10.0,sigma,computed,/home/lkoo/projects/AutomationDetection/DownloadedLC/incremental/quiescent_background_cache.csv,,,,,,False,not_in_flare_streak
4FGL J0539.9-2839,309,310,59730.00001157408,3.52e-07,5.58e-08,5.93e-07,1.0849013020833333e-07,8.209742774566474e-08,2.0594214357236827e-09,8.209742774566474e-08,2.0594214357236827e-09,1.99589e-07,1.99589e-07,8.209742774566474e-08,False,True,False,0,False,,,4.83367270892826,3.0,True,True,59716.00001157408,59730.00001157408,weekly,10.0,sigma,computed,/home/lkoo/projects/AutomationDetection/DownloadedLC/incremental/quiescent_background_cache.csv,,,,,,False,not_in_flare_streak
4FGL J0539.9-2839,310,311,59737.00001157408,9.58e-08,3.38e-08,3.52e-07,1.0849013020833333e-07,8.209742774566474e-08,2.0594214357236827e-09,8.209742774566474e-08,2.0594214357236827e-09,1.99589e-07,1.99589e-07,8.209742774566474e-08,False,True,False,0,False,,,0.404651124427861,3.0,False,True,59716.00001157408,59737.00001157408,weekly,10.0,sigma,computed,/home/lkoo/projects/AutomationDetection/DownloadedLC/incremental/quiescent_background_cache.csv,,,,,,False,not_in_flare_streak
4FGL J0539.9-2839,311,312,59765.00001157408,4.97e-08,3.9e-08,9.58e-08,1.0849013020833333e-07,8.209742774566474e-08,2.0594214357236827e-09,8.209742774566474e-08,2.0594214357236827e-09,1.99589e-07,1.99589e-07,8.209742774566474e-08,False,False,False,0,False,,,-0.8295475090979928,3.0,False,False,,,weekly,10.0,sigma,computed,/home/lkoo/projects/AutomationDetection/DownloadedLC/incremental/quiescent_background_cache.csv,,,,,,False,not_in_flare_streak
4FGL J0539.9-2839,312,313,59786.00001157408,8.04e-08,4.56e-08,4.97e-08,1.0849013020833333e-07,8.209742774566474e-08,2.0594214357236827e-09,8.209742774566474e-08,2.0594214357236827e-09,1.99589e-07,1.99589e-07,8.209742774566474e-08,True,False,False,0,False,,,-0.03718638793117459,3.0,False,False,,,weekly,10.0,sigma,computed,/home/lkoo/projects/AutomationDetection/DownloadedLC/incremental/quiescent_background_cache.csv,,,,,,False,not_in_flare_streak
4FGL J0539.9-2839,313,314,59793.00001157408,5.71e-08,3.52e-08,8.04e-08,1.0849013020833333e-07,8.209742774566474e-08,2.0594214357236827e-09,8.209742774566474e-08,2.0594214357236827e-09,1.99589e-07,1.99589e-07,8.209742774566474e-08,False,False,False,0,False,,,-0.7089418847709262,3.0,False,False,,,weekly,10.0,sigma,computed,/home/lkoo/projects/AutomationDetection/DownloadedLC/incremental/quiescent_background_cache.csv,,,,,,False,not_in_flare_streak
4FGL J0539.9-2839,314,315,59807.00001157408,7.18e-08,5.08e-08,5.71e-08,1.0849013020833333e-07,8.209742774566474e-08,2.0594214357236827e-09,8.209742774566474e-08,2.0594214357236827e-09,1.99589e-07,1.99589e-07,8.209742774566474e-08,True,False,False,0,False,,,-0.2025389051231518,3.0,False,False,,,weekly,10.0,sigma,computed,/home/lkoo/projects/AutomationDetection/DownloadedLC/incremental/quiescent_background_cache.csv,,,,,,False,not_in_flare_streak
4FGL J0539.9-2839,315,316,59814.00001157408,2.41e-08,2.37e-08,7.18e-08,1.0849013020833333e-07,8.209742774566474e-08,2.0594214357236827e-09,8.209742774566474e-08,2.0594214357236827e-09,1.99589e-07,1.99589e-07,8.209742774566474e-08,False,False,False,0,False,,,-2.4379618615885867,3.0,False,False,,,weekly,10.0,sigma,computed,/home/lkoo/projects/AutomationDetection/DownloadedLC/incremental/quiescent_background_cache.csv,,,,,,False,not_in_flare_streak
4FGL J0539.9-2839,316,317,59835.00001157408,2.9e-08,2.82e-08,2.41e-08,1.0849013020833333e-07,8.209742774566474e-08,2.0594214357236827e-09,8.209742774566474e-08,2.0594214357236827e-09,1.99589e-07,1.99589e-07,8.209742774566474e-08,True,False,False,0,False,,,-1.877886545041042,3.0,False,False,,,weekly,10.0,sigma,computed,/home/lkoo/projects/AutomationDetection/DownloadedLC/incremental/quiescent_background_cache.csv,,,,,,False,not_in_flare_streak
4FGL J0539.9-2839,317,318,59842.00001157408,9.43e-08,4.43e-08,2.9e-08,1.0849013020833333e-07,8.209742774566474e-08,2.0594214357236827e-09,8.209742774566474e-08,2.0594214357236827e-09,1.99589e-07,1.99589e-07,8.209742774566474e-08,True,True,False,0,False,,,0.2751559334411951,3.0,False,False,,,weekly,10.0,sigma,computed,/home/lkoo/projects/AutomationDetection/DownloadedLC/incremental/quiescent_background_cache.csv,,,,,,False,not_in_flare_streak
4FGL J0539.9-2839,318,319,59870.00001157408,6.1e-08,2.85e-08,9.43e-08,1.0849013020833333e-07,8.209742774566474e-08,2.0594214357236827e-09,8.209742774566474e-08,2.0594214357236827e-09,1.99589e-07,1.99589e-07,8.209742774566474e-08,False,False,False,0,False,,,-0.7383354988060834,3.0,False,False,,,weekly,10.0,sigma,computed,/home/lkoo/projects/AutomationDetection/DownloadedLC/incremental/quiescent_background_cache.csv,,,,,,False,not_in_flare_streak
4FGL J0539.9-2839,319,320,59884.00001157408,9.6e-08,3.25e-08,6.1e-08,1.0849013020833333e-07,8.209742774566474e-08,2.0594214357236827e-09,8.209742774566474e-08,2.0594214357236827e-09,1.99589e-07,1.99589e-07,8.209742774566474e-08,True,True,False,0,False,,,0.4269152050204681,3.0,False,False,,,weekly,10.0,sigma,computed,/home/lkoo/projects/AutomationDetection/DownloadedLC/incremental/quiescent_background_cache.csv,,,,,,False,not_in_flare_streak
4FGL J0539.9-2839,320,321,59891.00001157408,1.54e-07,5.55e-08,9.6e-08,1.0849013020833333e-07,8.209742774566474e-08,2.0594214357236827e-09,8.209742774566474e-08,2.0594214357236827e-09,1.99589e-07,1.99589e-07,8.209742774566474e-08,True,True,False,0,False,,,1.2946508423561367,3.0,False,False,,,weekly,10.0,sigma,computed,/home/lkoo/projects/AutomationDetection/DownloadedLC/incremental/quiescent_background_cache.csv,,,,,,False,not_in_flare_streak
4FGL J0539.9-2839,321,322,59905.00001157408,6.58e-08,3.87e-08,1.54e-07,1.0849013020833333e-07,8.209742774566474e-08,2.0594214357236827e-09,8.209742774566474e-08,2.0594214357236827e-09,1.99589e-07,1.99589e-07,8.209742774566474e-08,False,False,False,0,False,,,-0.4205271523641863,3.0,False,False,,,weekly,10.0,sigma,computed,/home/lkoo/projects/AutomationDetection/DownloadedLC/incremental/quiescent_background_cache.csv,,,,,,False,not_in_flare_streak
4FGL J0539.9-2839,322,323,59912.00001157408,1.59e-07,3.99e-08,6.58e-08,1.0849013020833333e-07,8.209742774566474e-08,2.0594214357236827e-09,8.209742774566474e-08,2.0594214357236827e-09,1.99589e-07,1.99589e-07,8.209742774566474e-08,True,True,False,0,False,,,1.9248205459744676,3.0,False,False,,,weekly,10.0,sigma,computed,/home/lkoo/projects/AutomationDetection/DownloadedLC/incremental/quiescent_background_cache.csv,,,,,,False,not_in_flare_streak
4FGL J0539.9-2839,323,324,59919.00001157408,5.63e-08,2.42e-08,1.59e-07,1.0849013020833333e-07,8.209742774566474e-08,2.0594214357236827e-09,8.209742774566474e-08,2.0594214357236827e-09,1.99589e-07,1.99589e-07,8.209742774566474e-08,False,False,False,0,False,,,-1.0621702202716132,3.0,False,False,,,weekly,10.0,sigma,computed,/home/lkoo/projects/AutomationDetection/DownloadedLC/incremental/quiescent_background_cache.csv,,,,,,False,not_in_flare_streak
4FGL J0539.9-2839,324,325,59926.00001157408,1.81e-07,3.47e-08,5.63e-08,1.0849013020833333e-07,8.209742774566474e-08,2.0594214357236827e-09,8.209742774566474e-08,2.0594214357236827e-09,1.99589e-07,1.99589e-07,8.209742774566474e-08,True,True,False,0,False,,,2.8452117211414545,3.0,False,False,,,weekly,10.0,sigma,computed,/home/lkoo/projects/AutomationDetection/DownloadedLC/incremental/quiescent_background_cache.csv,,,,,,False,not_in_flare_streak
4FGL J0539.9-2839,325,326,59933.00001157408,5.76e-07,4.86e-08,1.81e-07,1.0849013020833333e-07,8.209742774566474e-08,2.0594214357236827e-09,8.209742774566474e-08,2.0594214357236827e-09,1.99589e-07,1.99589e-07,8.209742774566474e-08,True,True,False,0,False,,,10.153492475712019,3.0,True,True,59933.00001157408,59933.00001157408,weekly,10.0,sigma,computed,/home/lkoo/projects/AutomationDetection/DownloadedLC/incremental/quiescent_background_cache.csv,,,,,,False,not_in_flare_streak
4FGL J0539.9-2839,326,327,59940.00001157408,2.84e-07,4.27e-08,5.76e-07,1.0849013020833333e-07,8.209742774566474e-08,2.0594214357236827e-09,8.209742774566474e-08,2.0594214357236827e-09,1.99589e-07,1.99589e-07,8.209742774566474e-08,False,True,False,0,False,,,4.7229076096577,3.0,True,True,59933.00001157408,59940.00001157408,weekly,10.0,sigma,computed,/home/lkoo/projects/AutomationDetection/DownloadedLC/incremental/quiescent_background_cache.csv,,,,,,False,not_in_flare_streak
4FGL J0539.9-2839,327,328,59947.00001157408,6.21e-07,6.09e-08,2.84e-07,1.0849013020833333e-07,8.209742774566474e-08,2.0594214357236827e-09,8.209742774566474e-08,2.0594214357236827e-09,1.99589e-07,1.99589e-07,8.209742774566474e-08,True,True,False,0,False,,,8.843919618244332,3.0,True,True,59933.00001157408,59947.00001157408,weekly,10.0,sigma,computed,/home/lkoo/projects/AutomationDetection/DownloadedLC/incremental/quiescent_background_cache.csv,,,,,,False,not_in_flare_streak
4FGL J0539.9-2839,328,329,59954.00001157408,1.08e-07,5.58e-08,6.21e-07,1.0849013020833333e-07,8.209742774566474e-08,2.0594214357236827e-09,8.209742774566474e-08,2.0594214357236827e-09,1.99589e-07,1.99589e-07,8.209742774566474e-08,False,True,False,0,False,,,0.4638879709484193,3.0,False,True,59933.00001157408,59954.00001157408,weekly,10.0,sigma,computed,/home/lkoo/projects/AutomationDetection/DownloadedLC/incremental/quiescent_background_cache.csv,,,,,,False,not_in_flare_streak
4FGL J0539.9-2839,329,330,59961.00001157408,6.64e-08,4.09e-08,1.08e-07,1.0849013020833333e-07,8.209742774566474e-08,2.0594214357236827e-09,8.209742774566474e-08,2.0594214357236827e-09,1.99589e-07,1.99589e-07,8.209742774566474e-08,False,False,False,0,False,,,-0.38331457206806774,3.0,False,False,,,weekly,10.0,sigma,computed,/home/lkoo/projects/AutomationDetection/DownloadedLC/incremental/quiescent_background_cache.csv,,,,,,False,not_in_flare_streak
4FGL J0539.9-2839,330,331,59968.00001157408,6.99e-08,3.49e-08,6.64e-08,1.0849013020833333e-07,8.209742774566474e-08,2.0594214357236827e-09,8.209742774566474e-08,2.0594214357236827e-09,1.99589e-07,1.99589e-07,8.209742774566474e-08,True,False,False,0,False,,,-0.34888959293612837,3.0,False,False,,,weekly,10.0,sigma,computed,/home/lkoo/projects/AutomationDetection/DownloadedLC/incremental/quiescent_background_cache.csv,,,,,,False,not_in_flare_streak
4FGL J0539.9-2839,331,332,59982.00001157408,4.05e-08,2.5e-08,6.99e-08,1.0849013020833333e-07,8.209742774566474e-08,2.0594214357236827e-09,8.209742774566474e-08,2.0594214357236827e-09,1.99589e-07,1.99589e-07,8.209742774566474e-08,False,False,False,0,False,,,-1.6582801226458501,3.0,False,False,,,weekly,10.0,sigma,computed,/home/lkoo/projects/AutomationDetection/DownloadedLC/incremental/quiescent_background_cache.csv,,,,,,False,not_in_flare_streak
4FGL J0539.9-2839,332,333,59989.00001157408,1.79e-07,3.17e-08,4.05e-08,1.0849013020833333e-07,8.209742774566474e-08,2.0594214357236827e-09,8.209742774566474e-08,2.0594214357236827e-09,1.99589e-07,1.99589e-07,8.209742774566474e-08,True,True,False,0,False,,,3.0504329608771488,3.0,True,True,59989.00001157408,59989.00001157408,weekly,10.0,sigma,computed,/home/lkoo/projects/AutomationDetection/DownloadedLC/incremental/quiescent_background_cache.csv,,,,,,False,not_in_flare_streak
4FGL J0539.9-2839,333,334,59996.00001157408,8.17e-08,2.99e-08,1.79e-07,1.0849013020833333e-07,8.209742774566474e-08,2.0594214357236827e-09,8.209742774566474e-08,2.0594214357236827e-09,1.99589e-07,1.99589e-07,8.209742774566474e-08,False,False,False,0,False,,,-0.01326048095782953,3.0,False,False,,,weekly,10.0,sigma,computed,/home/lkoo/projects/AutomationDetection/DownloadedLC/incremental/quiescent_background_cache.csv,,,,,,False,not_in_flare_streak
4FGL J0539.9-2839,334,335,60003.00001157408,7.94e-08,3.81e-08,8.17e-08,1.0849013020833333e-07,8.209742774566474e-08,2.0594214357236827e-09,8.209742774566474e-08,2.0594214357236827e-09,1.99589e-07,1.99589e-07,8.209742774566474e-08,False,False,False,0,False,,,-0.07069542724504414,3.0,False,False,,,weekly,10.0,sigma,computed,/home/lkoo/projects/AutomationDetection/DownloadedLC/incremental/quiescent_background_cache.csv,,,,,,False,not_in_flare_streak
4FGL J0539.9-2839,335,336,60031.00001157408,4.34e-08,2.61e-08,7.94e-08,1.0849013020833333e-07,8.209742774566474e-08,2.0594214357236827e-09,8.209742774566474e-08,2.0594214357236827e-09,1.99589e-07,1.99589e-07,8.209742774566474e-08,False,False,False,0,False,,,-1.478065983616452,3.0,False,False,,,weekly,10.0,sigma,computed,/home/lkoo/projects/AutomationDetection/DownloadedLC/incremental/quiescent_background_cache.csv,,,,,,False,not_in_flare_streak
4FGL J0539.9-2839,336,337,60045.00001157408,5.72e-08,3.51e-08,4.34e-08,1.0849013020833333e-07,8.209742774566474e-08,2.0594214357236827e-09,8.209742774566474e-08,2.0594214357236827e-09,1.99589e-07,1.99589e-07,8.209742774566474e-08,True,False,False,0,False,,,-0.7081106311610806,3.0,False,False,,,weekly,10.0,sigma,computed,/home/lkoo/projects/AutomationDetection/DownloadedLC/incremental/quiescent_background_cache.csv,,,,,,False,not_in_flare_streak
4FGL J0539.9-2839,337,338,60059.00001157408,5.23e-08,3.36e-08,5.72e-08,1.0849013020833333e-07,8.209742774566474e-08,2.0594214357236827e-09,8.209742774566474e-08,2.0594214357236827e-09,1.99589e-07,1.99589e-07,8.209742774566474e-08,False,False,False,0,False,,,-0.8851670911180515,3.0,False,False,,,weekly,10.0,sigma,computed,/home/lkoo/projects/AutomationDetection/DownloadedLC/incremental/quiescent_background_cache.csv,,,,,,False,not_in_flare_streak
4FGL J0539.9-2839,338,339,60066.00001157408,4.78e-08,3.28e-08,5.23e-08,1.0849013020833333e-07,8.209742774566474e-08,2.0594214357236827e-09,8.209742774566474e-08,2.0594214357236827e-09,1.99589e-07,1.99589e-07,8.209742774566474e-08,False,False,False,0,False,,,-1.0435982522796206,3.0,False,False,,,weekly,10.0,sigma,computed,/home/lkoo/projects/AutomationDetection/DownloadedLC/incremental/quiescent_background_cache.csv,,,,,,False,not_in_flare_streak
4FGL J0539.9-2839,339,340,60073.00001157408,5.6e-08,2.23e-08,4.78e-08,1.0849013020833333e-07,8.209742774566474e-08,2.0594214357236827e-09,8.209742774566474e-08,2.0594214357236827e-09,1.99589e-07,1.99589e-07,8.209742774566474e-08,True,False,False,0,False,,,-1.1653294417421665,3.0,False,False,,,weekly,10.0,sigma,computed,/home/lkoo/projects/AutomationDetection/DownloadedLC/incremental/quiescent_background_cache.csv,,,,,,False,not_in_flare_streak
4FGL J0539.9-2839,340,341,60080.00001157408,1.49e-07,3.46e-08,5.6e-08,1.0849013020833333e-07,8.209742774566474e-08,2.0594214357236827e-09,8.209742774566474e-08,2.0594214357236827e-09,1.99589e-07,1.99589e-07,8.209742774566474e-08,True,True,False,0,False,,,1.930184314471607,3.0,False,False,,,weekly,10.0,sigma,computed,/home/lkoo/projects/AutomationDetection/DownloadedLC/incremental/quiescent_background_cache.csv,,,,,,False,not_in_flare_streak
4FGL J0539.9-2839,341,342,60087.00001157408,7.91e-08,3.11e-08,1.49e-07,1.0849013020833333e-07,8.209742774566474e-08,2.0594214357236827e-09,8.209742774566474e-08,2.0594214357236827e-09,1.99589e-07,1.99589e-07,8.209742774566474e-08,False,False,False,0,False,,,-0.09616969191737099,3.0,False,False,,,weekly,10.0,sigma,computed,/home/lkoo/projects/AutomationDetection/DownloadedLC/incremental/quiescent_background_cache.csv,,,,,,False,not_in_flare_streak
4FGL J0539.9-2839,342,343,60094.00001157408,2.69e-08,1.66e-08,7.91e-08,1.0849013020833333e-07,8.209742774566474e-08,2.0594214357236827e-09,8.209742774566474e-08,2.0594214357236827e-09,1.99589e-07,1.99589e-07,8.209742774566474e-08,False,False,False,0,False,,,-3.299848796346661,3.0,False,False,,,weekly,10.0,sigma,computed,/home/lkoo/projects/AutomationDetection/DownloadedLC/incremental/quiescent_background_cache.csv,,,,,,False,not_in_flare_streak
4FGL J0539.9-2839,343,344,60101.00001157408,5.71e-08,3.24e-08,2.69e-08,1.0849013020833333e-07,8.209742774566474e-08,2.0594214357236827e-09,8.209742774566474e-08,2.0594214357236827e-09,1.99589e-07,1.99589e-07,8.209742774566474e-08,True,False,False,0,False,,,-0.769971704426633,3.0,False,False,,,weekly,10.0,sigma,computed,/home/lkoo/projects/AutomationDetection/DownloadedLC/incremental/quiescent_background_cache.csv,,,,,,False,not_in_flare_streak
4FGL J0539.9-2839,344,345,60108.00001157408,4.85e-08,3.04e-08,5.71e-08,1.0849013020833333e-07,8.209742774566474e-08,2.0594214357236827e-09,8.209742774566474e-08,2.0594214357236827e-09,1.99589e-07,1.99589e-07,8.209742774566474e-08,False,False,False,0,False,,,-1.1026512602240102,3.0,False,False,,,weekly,10.0,sigma,computed,/home/lkoo/projects/AutomationDetection/DownloadedLC/incremental/quiescent_background_cache.csv,,,,,,False,not_in_flare_streak
4FGL J0539.9-2839,345,346,60115.00001157408,4.81e-08,2.17e-08,4.85e-08,1.0849013020833333e-07,8.209742774566474e-08,2.0594214357236827e-09,8.209742774566474e-08,2.0594214357236827e-09,1.99589e-07,1.99589e-07,8.209742774566474e-08,False,False,False,0,False,,,-1.5596935528482938,3.0,False,False,,,weekly,10.0,sigma,computed,/home/lkoo/projects/AutomationDetection/DownloadedLC/incremental/quiescent_background_cache.csv,,,,,,False,not_in_flare_streak
4FGL J0539.9-2839,346,347,60129.00001157408,6.11e-08,3.27e-08,4.81e-08,1.0849013020833333e-07,8.209742774566474e-08,2.0594214357236827e-09,8.209742774566474e-08,2.0594214357236827e-09,1.99589e-07,1.99589e-07,8.209742774566474e-08,True,False,False,0,False,,,-0.6408534943196249,3.0,False,False,,,weekly,10.0,sigma,computed,/home/lkoo/projects/AutomationDetection/DownloadedLC/incremental/quiescent_background_cache.csv,,,,,,False,not_in_flare_streak
4FGL J0539.9-2839,347,348,60136.00001157408,7.36e-08,2.8e-08,6.11e-08,1.0849013020833333e-07,8.209742774566474e-08,2.0594214357236827e-09,8.209742774566474e-08,2.0594214357236827e-09,1.99589e-07,1.99589e-07,8.209742774566474e-08,True,False,False,0,False,,,-0.3026620089144972,3.0,False,False,,,weekly,10.0,sigma,computed,/home/lkoo/projects/AutomationDetection/DownloadedLC/incremental/quiescent_background_cache.csv,,,,,,False,not_in_flare_streak
4FGL J0539.9-2839,348,349,60143.00001157408,1.85e-07,4.16e-08,7.36e-08,1.0849013020833333e-07,8.209742774566474e-08,2.0594214357236827e-09,8.209742774566474e-08,2.0594214357236827e-09,1.99589e-07,1.99589e-07,8.209742774566474e-08,True,True,False,0,False,,,2.4705939405622415,3.0,False,False,,,weekly,10.0,sigma,computed,/home/lkoo/projects/AutomationDetection/DownloadedLC/incremental/quiescent_background_cache.csv,,,,,,False,not_in_flare_streak
4FGL J0539.9-2839,349,350,60150.00001157408,1.26e-07,2.92e-08,1.85e-07,1.0849013020833333e-07,8.209742774566474e-08,2.0594214357236827e-09,8.209742774566474e-08,2.0594214357236827e-09,1.99589e-07,1.99589e-07,8.209742774566474e-08,False,True,False,0,False,,,1.49978724172724,3.0,False,False,,,weekly,10.0,sigma,computed,/home/lkoo/projects/AutomationDetection/DownloadedLC/incremental/quiescent_background_cache.csv,,,,,,False,not_in_flare_streak
4FGL J0539.9-2839,350,351,60164.00001157408,1.06e-07,3.91e-08,1.26e-07,1.0849013020833333e-07,8.209742774566474e-08,2.0594214357236827e-09,8.209742774566474e-08,2.0594214357236827e-09,1.99589e-07,1.99589e-07,8.209742774566474e-08,False,True,False,0,False,,,0.610472784768272,3.0,False,False,,,weekly,10.0,sigma,computed,/home/lkoo/projects/AutomationDetection/DownloadedLC/incremental/quiescent_background_cache.csv,,,,,,False,not_in_flare_streak
4FGL J0539.9-2839,351,352,60171.00001157408,1.24e-07,4.61e-08,1.06e-07,1.0849013020833333e-07,8.209742774566474e-08,2.0594214357236827e-09,8.209742774566474e-08,2.0594214357236827e-09,1.99589e-07,1.99589e-07,8.209742774566474e-08,True,True,False,0,False,,,0.9080438804979122,3.0,False,False,,,weekly,10.0,sigma,computed,/home/lkoo/projects/AutomationDetection/DownloadedLC/incremental/quiescent_background_cache.csv,,,,,,False,not_in_flare_streak
4FGL J0539.9-2839,352,353,60178.00001157408,6.91e-08,3.22e-08,1.24e-07,1.0849013020833333e-07,8.209742774566474e-08,2.0594214357236827e-09,8.209742774566474e-08,2.0594214357236827e-09,1.99589e-07,1.99589e-07,8.209742774566474e-08,False,False,False,0,False,,,-0.40282378546205144,3.0,False,False,,,weekly,10.0,sigma,computed,/home/lkoo/projects/AutomationDetection/DownloadedLC/incremental/quiescent_background_cache.csv,,,,,,False,not_in_flare_streak
4FGL J0539.9-2839,353,354,60185.00001157408,1.13e-07,3.12e-08,6.91e-08,1.0849013020833333e-07,8.209742774566474e-08,2.0594214357236827e-09,8.209742774566474e-08,2.0594214357236827e-09,1.99589e-07,1.99589e-07,8.209742774566474e-08,True,True,False,0,False,,,0.9883163834208085,3.0,False,False,,,weekly,10.0,sigma,computed,/home/lkoo/projects/AutomationDetection/DownloadedLC/incremental/quiescent_background_cache.csv,,,,,,False,not_in_flare_streak
4FGL J0539.9-2839,354,355,60192.00001157408,2.86e-07,3.95e-08,1.13e-07,1.0849013020833333e-07,8.209742774566474e-08,2.0594214357236827e-09,8.209742774566474e-08,2.0594214357236827e-09,1.99589e-07,1.99589e-07,8.209742774566474e-08,True,True,False,0,False,,,5.155088671083151,3.0,True,True,60192.00001157408,60192.00001157408,weekly,10.0,sigma,computed,/home/lkoo/projects/AutomationDetection/DownloadedLC/incremental/quiescent_background_cache.csv,,,,,,False,not_in_flare_streak
4FGL J0539.9-2839,355,356,60199.00001157408,2.99e-07,4.01e-08,2.86e-07,1.0849013020833333e-07,8.209742774566474e-08,2.0594214357236827e-09,8.209742774566474e-08,2.0594214357236827e-09,1.99589e-07,1.99589e-07,8.209742774566474e-08,True,True,False,0,False,,,5.401922456490753,3.0,True,True,60192.00001157408,60199.00001157408,weekly,10.0,sigma,computed,/home/lkoo/projects/AutomationDetection/DownloadedLC/incremental/quiescent_background_cache.csv,,,,,,False,not_in_flare_streak
4FGL J0539.9-2839,356,357,60206.00001157408,5.67e-07,5.97e-08,2.99e-07,1.0849013020833333e-07,8.209742774566474e-08,2.0594214357236827e-09,8.209742774566474e-08,2.0594214357236827e-09,1.99589e-07,1.99589e-07,8.209742774566474e-08,True,True,False,0,False,,,8.117492728576403,3.0,True,True,60192.00001157408,60206.00001157408,weekly,10.0,sigma,computed,/home/lkoo/projects/AutomationDetection/DownloadedLC/incremental/quiescent_background_cache.csv,,,,,,False,not_in_flare_streak
4FGL J0539.9-2839,357,358,60213.00001157408,2.44e-07,5.79e-08,5.67e-07,1.0849013020833333e-07,8.209742774566474e-08,2.0594214357236827e-09,8.209742774566474e-08,2.0594214357236827e-09,1.99589e-07,1.99589e-07,8.209742774566474e-08,False,True,False,0,False,,,2.794477648633555,3.0,False,True,60192.00001157408,60213.00001157408,weekly,10.0,sigma,computed,/home/lkoo/projects/AutomationDetection/DownloadedLC/incremental/quiescent_background_cache.csv,,,,,,False,not_in_flare_streak
4FGL J0539.9-2839,358,359,60220.00001157408,2.81e-07,5.74e-08,2.44e-07,1.0849013020833333e-07,8.209742774566474e-08,2.0594214357236827e-09,8.209742774566474e-08,2.0594214357236827e-09,1.99589e-07,1.99589e-07,8.209742774566474e-08,True,True,False,0,False,,,3.4629734483972503,3.0,True,True,60192.00001157408,60220.00001157408,weekly,10.0,sigma,computed,/home/lkoo/projects/AutomationDetection/DownloadedLC/incremental/quiescent_background_cache.csv,,,,,,False,not_in_flare_streak
4FGL J0539.9-2839,359,360,60227.00001157408,2.14e-07,4.2e-08,2.81e-07,1.0849013020833333e-07,8.209742774566474e-08,2.0594214357236827e-09,8.209742774566474e-08,2.0594214357236827e-09,1.99589e-07,1.99589e-07,8.209742774566474e-08,False,True,False,0,False,,,3.1367688039335784,3.0,True,True,60192.00001157408,60227.00001157408,weekly,10.0,sigma,computed,/home/lkoo/projects/AutomationDetection/DownloadedLC/incremental/quiescent_background_cache.csv,,,,,,False,not_in_flare_streak
4FGL J0539.9-2839,360,361,60234.00001157408,3.26e-07,4.15e-08,2.14e-07,1.0849013020833333e-07,8.209742774566474e-08,2.0594214357236827e-09,8.209742774566474e-08,2.0594214357236827e-09,1.99589e-07,1.99589e-07,8.209742774566474e-08,True,True,False,0,False,,,5.869947187569427,3.0,True,True,60192.00001157408,60234.00001157408,weekly,10.0,sigma,computed,/home/lkoo/projects/AutomationDetection/DownloadedLC/incremental/quiescent_background_cache.csv,,,,,,False,not_in_flare_streak
4FGL J0539.9-2839,361,362,60241.00001157408,2.16e-07,3.77e-08,3.26e-07,1.0849013020833333e-07,8.209742774566474e-08,2.0594214357236827e-09,8.209742774566474e-08,2.0594214357236827e-09,1.99589e-07,1.99589e-07,8.209742774566474e-08,False,True,False,0,False,,,3.5465048150558554,3.0,True,True,60192.00001157408,60241.00001157408,weekly,10.0,sigma,computed,/home/lkoo/projects/AutomationDetection/DownloadedLC/incremental/quiescent_background_cache.csv,,,,,,False,not_in_flare_streak
4FGL J0539.9-2839,362,363,60248.00001157408,2.03e-07,3.91e-08,2.16e-07,1.0849013020833333e-07,8.209742774566474e-08,2.0594214357236827e-09,8.209742774566474e-08,2.0594214357236827e-09,1.99589e-07,1.99589e-07,8.209742774566474e-08,False,True,False,0,False,,,3.087857205676457,3.0,True,True,60192.00001157408,60248.00001157408,weekly,10.0,sigma,computed,/home/lkoo/projects/AutomationDetection/DownloadedLC/incremental/quiescent_background_cache.csv,,,,,,False,not_in_flare_streak
4FGL J0539.9-2839,363,364,60255.00001157408,8.23e-08,3.1e-08,2.03e-07,1.0849013020833333e-07,8.209742774566474e-08,2.0594214357236827e-09,8.209742774566474e-08,2.0594214357236827e-09,1.99589e-07,1.99589e-07,8.209742774566474e-08,False,True,False,0,False,,,0.0065202167331390405,3.0,False,True,60192.00001157408,60255.00001157408,weekly,10.0,sigma,computed,/home/lkoo/projects/AutomationDetection/DownloadedLC/incremental/quiescent_background_cache.csv,,,,,,False,not_in_flare_streak
4FGL J0539.9-2839,364,365,60269.00001157408,5.37e-08,4.27e-08,8.23e-08,1.0849013020833333e-07,8.209742774566474e-08,2.0594214357236827e-09,8.209742774566474e-08,2.0594214357236827e-09,1.99589e-07,1.99589e-07,8.209742774566474e-08,False,False,False,0,False,,,-0.664273001067845,3.0,False,False,,,weekly,10.0,sigma,computed,/home/lkoo/projects/AutomationDetection/DownloadedLC/incremental/quiescent_background_cache.csv,,,,,,False,not_in_flare_streak
4FGL J0539.9-2839,365,366,60297.00001157408,4.1e-08,2.04e-08,5.37e-08,1.0849013020833333e-07,8.209742774566474e-08,2.0594214357236827e-09,8.209742774566474e-08,2.0594214357236827e-09,1.99589e-07,1.99589e-07,8.209742774566474e-08,False,False,False,0,False,,,-2.0043919897573823,3.0,False,False,,,weekly,10.0,sigma,computed,/home/lkoo/projects/AutomationDetection/DownloadedLC/incremental/quiescent_background_cache.csv,,,,,,False,not_in_flare_streak
4FGL J0539.9-2839,366,367,60360.00001157408,5.19e-08,2.13e-08,4.1e-08,1.0849013020833333e-07,8.209742774566474e-08,2.0594214357236827e-09,8.209742774566474e-08,2.0594214357236827e-09,1.99589e-07,1.99589e-07,8.209742774566474e-08,True,False,False,0,False,,,-1.4111391010824563,3.0,False,False,,,weekly,10.0,sigma,computed,/home/lkoo/projects/AutomationDetection/DownloadedLC/incremental/quiescent_background_cache.csv,,,,,,False,not_in_flare_streak
4FGL J0539.9-2839,367,368,60479.00001157408,4.15e-08,3.39e-08,5.19e-08,1.0849013020833333e-07,8.209742774566474e-08,2.0594214357236827e-09,8.209742774566474e-08,2.0594214357236827e-09,1.99589e-07,1.99589e-07,8.209742774566474e-08,False,False,False,0,False,,,-1.1953605029751273,3.0,False,False,,,weekly,10.0,sigma,computed,/home/lkoo/projects/AutomationDetection/DownloadedLC/incremental/quiescent_background_cache.csv,,,,,,False,not_in_flare_streak
4FGL J0539.9-2839,368,369,60486.00001157408,3.58e-08,2.45e-08,4.15e-08,1.0849013020833333e-07,8.209742774566474e-08,2.0594214357236827e-09,8.209742774566474e-08,2.0594214357236827e-09,1.99589e-07,1.99589e-07,8.209742774566474e-08,False,False,False,0,False,,,-1.8830500576240738,3.0,False,False,,,weekly,10.0,sigma,computed,/home/lkoo/projects/AutomationDetection/DownloadedLC/incremental/quiescent_background_cache.csv,,,,,,False,not_in_flare_streak
4FGL J0539.9-2839,369,370,60493.00001157408,6.57e-08,3.47e-08,3.58e-08,1.0849013020833333e-07,8.209742774566474e-08,2.0594214357236827e-09,8.209742774566474e-08,2.0594214357236827e-09,1.99589e-07,1.99589e-07,8.209742774566474e-08,True,False,False,0,False,,,-0.47171830373188706,3.0,False,False,,,weekly,10.0,sigma,computed,/home/lkoo/projects/AutomationDetection/DownloadedLC/incremental/quiescent_background_cache.csv,,,,,,False,not_in_flare_streak
4FGL J0539.9-2839,370,371,60514.00001157408,5.02e-08,2.86e-08,6.57e-08,1.0849013020833333e-07,8.209742774566474e-08,2.0594214357236827e-09,8.209742774566474e-08,2.0594214357236827e-09,1.99589e-07,1.99589e-07,8.209742774566474e-08,False,False,False,0,False,,,-1.1124144069234048,3.0,False,False,,,weekly,10.0,sigma,computed,/home/lkoo/projects/AutomationDetection/DownloadedLC/incremental/quiescent_background_cache.csv,,,,,,False,not_in_flare_streak
4FGL J0539.9-2839,371,372,60521.00001157408,6.33e-08,2.66e-08,5.02e-08,1.0849013020833333e-07,8.209742774566474e-08,2.0594214357236827e-09,8.209742774566474e-08,2.0594214357236827e-09,1.99589e-07,1.99589e-07,8.209742774566474e-08,True,False,False,0,False,,,-0.7045617485470287,3.0,False,False,,,weekly,10.0,sigma,computed,/home/lkoo/projects/AutomationDetection/DownloadedLC/incremental/quiescent_background_cache.csv,,,,,,False,not_in_flare_streak
4FGL J0539.9-2839,372,373,60549.00001157408,1.23e-07,3.46e-08,6.33e-08,1.0849013020833333e-07,8.209742774566474e-08,2.0594214357236827e-09,8.209742774566474e-08,2.0594214357236827e-09,1.99589e-07,1.99589e-07,8.209742774566474e-08,True,True,False,0,False,,,1.1800667855748042,3.0,False,False,,,weekly,10.0,sigma,computed,/home/lkoo/projects/AutomationDetection/DownloadedLC/incremental/quiescent_background_cache.csv,,,,,,False,not_in_flare_streak
4FGL J0539.9-2839,373,374,60584.00001157408,8.97e-08,4.96e-08,1.23e-07,1.0849013020833333e-07,8.209742774566474e-08,2.0594214357236827e-09,8.209742774566474e-08,2.0594214357236827e-09,1.99589e-07,1.99589e-07,8.209742774566474e-08,False,True,False,0,False,,,0.15314571474459832,3.0,False,False,,,weekly,10.0,sigma,computed,/home/lkoo/projects/AutomationDetection/DownloadedLC/incremental/quiescent_background_cache.csv,,,,,,False,not_in_flare_streak
4FGL J0539.9-2839,374,375,60598.00001157408,3.56e-08,2.05e-08,8.97e-08,1.0849013020833333e-07,8.209742774566474e-08,2.0594214357236827e-09,8.209742774566474e-08,2.0594214357236827e-09,1.99589e-07,1.99589e-07,8.209742774566474e-08,False,False,False,0,False,,,-2.25680779909822,3.0,False,False,,,weekly,10.0,sigma,computed,/home/lkoo/projects/AutomationDetection/DownloadedLC/incremental/quiescent_background_cache.csv,,,,,,False,not_in_flare_streak
4FGL J0539.9-2839,375,376,60612.00001157408,5.88e-08,2.37e-08,3.56e-08,1.0849013020833333e-07,8.209742774566474e-08,2.0594214357236827e-09,8.209742774566474e-08,2.0594214357236827e-09,1.99589e-07,1.99589e-07,8.209742774566474e-08,True,False,False,0,False,,,-0.9793234376897348,3.0,False,False,,,weekly,10.0,sigma,computed,/home/lkoo/projects/AutomationDetection/DownloadedLC/incremental/quiescent_background_cache.csv,,,,,,False,not_in_flare_streak
4FGL J0539.9-2839,376,377,60633.00001157408,5.65e-08,3.04e-08,5.88e-08,1.0849013020833333e-07,8.209742774566474e-08,2.0594214357236827e-09,8.209742774566474e-08,2.0594214357236827e-09,1.99589e-07,1.99589e-07,8.209742774566474e-08,False,False,False,0,False,,,-0.8400951458521194,3.0,False,False,,,weekly,10.0,sigma,computed,/home/lkoo/projects/AutomationDetection/DownloadedLC/incremental/quiescent_background_cache.csv,,,,,,False,not_in_flare_streak
4FGL J0539.9-2839,377,378,60647.00001157408,8.19e-08,4.88e-08,5.65e-08,1.0849013020833333e-07,8.209742774566474e-08,2.0594214357236827e-09,8.209742774566474e-08,2.0594214357236827e-09,1.99589e-07,1.99589e-07,8.209742774566474e-08,True,False,False,0,False,,,-0.004042052787661186,3.0,False,False,,,weekly,10.0,sigma,computed,/home/lkoo/projects/AutomationDetection/DownloadedLC/incremental/quiescent_background_cache.csv,,,,,,False,not_in_flare_streak
4FGL J0539.9-2839,378,379,60696.00001157408,1.56e-07,5.2e-08,8.19e-08,1.0849013020833333e-07,8.209742774566474e-08,2.0594214357236827e-09,8.209742774566474e-08,2.0594214357236827e-09,1.99589e-07,1.99589e-07,8.209742774566474e-08,True,True,False,0,False,,,1.4200900452635825,3.0,False,False,,,weekly,10.0,sigma,computed,/home/lkoo/projects/AutomationDetection/DownloadedLC/incremental/quiescent_background_cache.csv,,,,,,False,not_in_flare_streak
4FGL J0539.9-2839,379,380,60703.00001157408,6.51e-08,3.53e-08,1.56e-07,1.0849013020833333e-07,8.209742774566474e-08,2.0594214357236827e-09,8.209742774566474e-08,2.0594214357236827e-09,1.99589e-07,1.99589e-07,8.209742774566474e-08,False,False,False,0,False,,,-0.48069617525500064,3.0,False,False,,,weekly,10.0,sigma,computed,/home/lkoo/projects/AutomationDetection/DownloadedLC/incremental/quiescent_background_cache.csv,,,,,,False,not_in_flare_streak
4FGL J0539.9-2839,380,381,60724.00001157408,3.63e-08,1.79e-08,6.51e-08,1.0849013020833333e-07,8.209742774566474e-08,2.0594214357236827e-09,8.209742774566474e-08,2.0594214357236827e-09,1.99589e-07,1.99589e-07,8.209742774566474e-08,False,False,False,0,False,,,-2.5417484580494594,3.0,False,False,,,weekly,10.0,sigma,computed,/home/lkoo/projects/AutomationDetection/DownloadedLC/incremental/quiescent_background_cache.csv,,,,,,False,not_in_flare_streak
4FGL J0539.9-2839,381,382,60731.00001157408,5.57e-08,3.96e-08,3.63e-08,1.0849013020833333e-07,8.209742774566474e-08,2.0594214357236827e-09,8.209742774566474e-08,2.0594214357236827e-09,1.99589e-07,1.99589e-07,8.209742774566474e-08,True,False,False,0,False,,,-0.6657020957959866,3.0,False,False,,,weekly,10.0,sigma,computed,/home/lkoo/projects/AutomationDetection/DownloadedLC/incremental/quiescent_background_cache.csv,,,,,,False,not_in_flare_streak
4FGL J0539.9-2839,382,383,60780.00001157408,6.34e-08,3.77e-08,5.57e-08,1.0849013020833333e-07,8.209742774566474e-08,2.0594214357236827e-09,8.209742774566474e-08,2.0594214357236827e-09,1.99589e-07,1.99589e-07,8.209742774566474e-08,True,False,False,0,False,,,-0.49521466550477017,3.0,False,False,,,weekly,10.0,sigma,computed,/home/lkoo/projects/AutomationDetection/DownloadedLC/incremental/quiescent_background_cache.csv,,,,,,False,not_in_flare_streak
4FGL J0539.9-2839,383,384,60843.00001157408,3.85e-08,2.63e-08,6.34e-08,1.0849013020833333e-07,8.209742774566474e-08,2.0594214357236827e-09,8.209742774566474e-08,2.0594214357236827e-09,1.99589e-07,1.99589e-07,8.209742774566474e-08,False,False,False,0,False,,,-1.6526378983063286,3.0,False,False,,,weekly,10.0,sigma,computed,/home/lkoo/projects/AutomationDetection/DownloadedLC/incremental/quiescent_background_cache.csv,,,,,,False,not_in_flare_streak
