Name,previous_bin_count,current_bin_count,new_point_mjd,new_point_flux,new_point_flux_error,previous_point_flux,average_flux_full_series,previous_quiescent_background,previous_quiescent_background_error,current_quiescent_background,current_quiescent_background_error,previous_detection_threshold,current_detection_threshold,flare_flux_threshold,above_previous_flux,above_flare_flux_threshold,potential_flare_point,consecutive_potential_flare_points,flare_active,flare_start_mjd,flare_end_mjd,confirmed_sigma_delta,confirmed_sigma_threshold,confirmed_start_trigger,confirmed_flare_active,confirmed_flare_start_mjd,confirmed_flare_end_mjd,cadence,lookback_weeks,detection_method,quiescent_background_origin,quiescent_background_cache_path,flare_duration_seconds,streak_mean_flux,source_counts_0p2_5MeV,background_counts,mdp99_percent,mdp99_available,mdp99_reason
4FGL J2143.5+1743,1,2,54690.00001157408,1.88e-07,4.07e-08,1.19e-07,1.5279505474452557e-07,1.2024050359712233e-07,2.2779194531120757e-09,1.2024050359712233e-07,2.2779194531120757e-09,1.98983e-07,1.98983e-07,1.2024050359712233e-07,True,True,False,0,False,,,1.6622510454318862,3.0,False,False,,,weekly,10.0,sigma,computed,/home/lkoo/projects/AutomationDetection/DownloadedLC/incremental/quiescent_background_cache.csv,,,,,,False,not_in_flare_streak
4FGL J2143.5+1743,2,3,54697.00001157408,1.13e-07,3.24e-08,1.88e-07,1.5279505474452557e-07,1.2024050359712233e-07,2.2779194531120757e-09,1.2024050359712233e-07,2.2779194531120757e-09,1.98983e-07,1.98983e-07,1.2024050359712233e-07,False,False,False,0,False,,,-0.22292206546148186,3.0,False,False,,,weekly,10.0,sigma,computed,/home/lkoo/projects/AutomationDetection/DownloadedLC/incremental/quiescent_background_cache.csv,,,,,,False,not_in_flare_streak
4FGL J2143.5+1743,3,4,54704.00001157408,7.02e-08,3.11e-08,1.13e-07,1.5279505474452557e-07,1.2024050359712233e-07,2.2779194531120757e-09,1.2024050359712233e-07,2.2779194531120757e-09,1.98983e-07,1.98983e-07,1.2024050359712233e-07,False,False,False,0,False,,,-1.604720639538973,3.0,False,False,,,weekly,10.0,sigma,computed,/home/lkoo/projects/AutomationDetection/DownloadedLC/incremental/quiescent_background_cache.csv,,,,,,False,not_in_flare_streak
4FGL J2143.5+1743,4,5,54711.00001157408,1.81e-07,4.7e-08,7.02e-08,1.5279505474452557e-07,1.2024050359712233e-07,2.2779194531120757e-09,1.2024050359712233e-07,2.2779194531120757e-09,1.98983e-07,1.98983e-07,1.2024050359712233e-07,True,True,False,0,False,,,1.2912395782816564,3.0,False,False,,,weekly,10.0,sigma,computed,/home/lkoo/projects/AutomationDetection/DownloadedLC/incremental/quiescent_background_cache.csv,,,,,,False,not_in_flare_streak
4FGL J2143.5+1743,5,6,54718.00001157408,2.19e-07,5.17e-08,1.81e-07,1.5279505474452557e-07,1.2024050359712233e-07,2.2779194531120757e-09,1.2024050359712233e-07,2.2779194531120757e-09,1.98983e-07,1.98983e-07,1.2024050359712233e-07,True,True,False,0,False,,,1.9083902163667075,3.0,False,False,,,weekly,10.0,sigma,computed,/home/lkoo/projects/AutomationDetection/DownloadedLC/incremental/quiescent_background_cache.csv,,,,,,False,not_in_flare_streak
4FGL J2143.5+1743,6,7,54725.00001157408,2.97e-07,5.01e-08,2.19e-07,1.5279505474452557e-07,1.2024050359712233e-07,2.2779194531120757e-09,1.2024050359712233e-07,2.2779194531120757e-09,1.98983e-07,1.98983e-07,1.2024050359712233e-07,True,True,False,0,False,,,3.524492468675979,3.0,True,True,54725.00001157408,54725.00001157408,weekly,10.0,sigma,computed,/home/lkoo/projects/AutomationDetection/DownloadedLC/incremental/quiescent_background_cache.csv,,,,,,False,not_in_flare_streak
4FGL J2143.5+1743,7,8,54732.00001157408,1.34e-07,3.82e-08,2.97e-07,1.5279505474452557e-07,1.2024050359712233e-07,2.2779194531120757e-09,1.2024050359712233e-07,2.2779194531120757e-09,1.98983e-07,1.98983e-07,1.2024050359712233e-07,False,True,False,0,False,,,0.3595575322115166,3.0,False,True,54725.00001157408,54732.00001157408,weekly,10.0,sigma,computed,/home/lkoo/projects/AutomationDetection/DownloadedLC/incremental/quiescent_background_cache.csv,,,,,,False,not_in_flare_streak
4FGL J2143.5+1743,8,9,54739.00001157408,1.55e-07,3.92e-08,1.34e-07,1.5279505474452557e-07,1.2024050359712233e-07,2.2779194531120757e-09,1.2024050359712233e-07,2.2779194531120757e-09,1.98983e-07,1.98983e-07,1.2024050359712233e-07,True,True,False,0,False,,,0.8852284894269579,3.0,False,True,54725.00001157408,54739.00001157408,weekly,10.0,sigma,computed,/home/lkoo/projects/AutomationDetection/DownloadedLC/incremental/quiescent_background_cache.csv,,,,,,False,not_in_flare_streak
4FGL J2143.5+1743,9,10,54746.00001157408,1.27e-07,4.05e-08,1.55e-07,1.5279505474452557e-07,1.2024050359712233e-07,2.2779194531120757e-09,1.2024050359712233e-07,2.2779194531120757e-09,1.98983e-07,1.98983e-07,1.2024050359712233e-07,False,True,False,0,False,,,0.16663777528013854,3.0,False,True,54725.00001157408,54746.00001157408,weekly,10.0,sigma,computed,/home/lkoo/projects/AutomationDetection/DownloadedLC/incremental/quiescent_background_cache.csv,,,,,,False,not_in_flare_streak
4FGL J2143.5+1743,10,11,54753.00001157408,1.12e-07,4.07e-08,1.27e-07,1.5279505474452557e-07,1.2024050359712233e-07,2.2779194531120757e-09,1.2024050359712233e-07,2.2779194531120757e-09,1.98983e-07,1.98983e-07,1.2024050359712233e-07,False,False,False,0,False,,,-0.20215300358430774,3.0,False,False,,,weekly,10.0,sigma,computed,/home/lkoo/projects/AutomationDetection/DownloadedLC/incremental/quiescent_background_cache.csv,,,,,,False,not_in_flare_streak
4FGL J2143.5+1743,11,12,54760.00001157408,1.4e-07,4.04e-08,1.12e-07,1.5279505474452557e-07,1.2024050359712233e-07,2.2779194531120757e-09,1.2024050359712233e-07,2.2779194531120757e-09,1.98983e-07,1.98983e-07,1.2024050359712233e-07,True,True,False,0,False,,,0.4883208336671736,3.0,False,False,,,weekly,10.0,sigma,computed,/home/lkoo/projects/AutomationDetection/DownloadedLC/incremental/quiescent_background_cache.csv,,,,,,False,not_in_flare_streak
4FGL J2143.5+1743,12,13,54774.00001157408,5.51e-08,3.43e-08,1.4e-07,1.5279505474452557e-07,1.2024050359712233e-07,2.2779194531120757e-09,1.2024050359712233e-07,2.2779194531120757e-09,1.98983e-07,1.98983e-07,1.2024050359712233e-07,False,False,False,0,False,,,-1.8949657645677516,3.0,False,False,,,weekly,10.0,sigma,computed,/home/lkoo/projects/AutomationDetection/DownloadedLC/incremental/quiescent_background_cache.csv,,,,,,False,not_in_flare_streak
4FGL J2143.5+1743,13,14,54781.00001157408,1.18e-07,4.25e-08,5.51e-08,1.5279505474452557e-07,1.2024050359712233e-07,2.2779194531120757e-09,1.2024050359712233e-07,2.2779194531120757e-09,1.98983e-07,1.98983e-07,1.2024050359712233e-07,True,False,False,0,False,,,-0.05264217184483667,3.0,False,False,,,weekly,10.0,sigma,computed,/home/lkoo/projects/AutomationDetection/DownloadedLC/incremental/quiescent_background_cache.csv,,,,,,False,not_in_flare_streak
4FGL J2143.5+1743,14,15,54788.00001157408,1.83e-07,3.75e-08,1.18e-07,1.5279505474452557e-07,1.2024050359712233e-07,2.2779194531120757e-09,1.2024050359712233e-07,2.2779194531120757e-09,1.98983e-07,1.98983e-07,1.2024050359712233e-07,True,True,False,0,False,,,1.6705074088062073,3.0,False,False,,,weekly,10.0,sigma,computed,/home/lkoo/projects/AutomationDetection/DownloadedLC/incremental/quiescent_background_cache.csv,,,,,,False,not_in_flare_streak
4FGL J2143.5+1743,15,16,54795.00001157408,7.68e-08,3.3e-08,1.83e-07,1.5279505474452557e-07,1.2024050359712233e-07,2.2779194531120757e-09,1.2024050359712233e-07,2.2779194531120757e-09,1.98983e-07,1.98983e-07,1.2024050359712233e-07,False,False,False,0,False,,,-1.313253888890477,3.0,False,False,,,weekly,10.0,sigma,computed,/home/lkoo/projects/AutomationDetection/DownloadedLC/incremental/quiescent_background_cache.csv,,,,,,False,not_in_flare_streak
4FGL J2143.5+1743,16,17,54802.00001157408,2.94e-08,2.2e-08,7.68e-08,1.5279505474452557e-07,1.2024050359712233e-07,2.2779194531120757e-09,1.2024050359712233e-07,2.2779194531120757e-09,1.98983e-07,1.98983e-07,1.2024050359712233e-07,False,False,False,0,False,,,-4.1071562820987815,3.0,False,False,,,weekly,10.0,sigma,computed,/home/lkoo/projects/AutomationDetection/DownloadedLC/incremental/quiescent_background_cache.csv,,,,,,False,not_in_flare_streak
4FGL J2143.5+1743,17,18,54809.00001157408,1.06e-07,4.28e-08,2.94e-08,1.5279505474452557e-07,1.2024050359712233e-07,2.2779194531120757e-09,1.2024050359712233e-07,2.2779194531120757e-09,1.98983e-07,1.98983e-07,1.2024050359712233e-07,True,False,False,0,False,,,-0.33225180692843675,3.0,False,False,,,weekly,10.0,sigma,computed,/home/lkoo/projects/AutomationDetection/DownloadedLC/incremental/quiescent_background_cache.csv,,,,,,False,not_in_flare_streak
4FGL J2143.5+1743,18,19,54816.00001157408,1.72e-07,4.54e-08,1.06e-07,1.5279505474452557e-07,1.2024050359712233e-07,2.2779194531120757e-09,1.2024050359712233e-07,2.2779194531120757e-09,1.98983e-07,1.98983e-07,1.2024050359712233e-07,True,True,False,0,False,,,1.1386446599376325,3.0,False,False,,,weekly,10.0,sigma,computed,/home/lkoo/projects/AutomationDetection/DownloadedLC/incremental/quiescent_background_cache.csv,,,,,,False,not_in_flare_streak
4FGL J2143.5+1743,19,20,54823.00001157408,1.38e-07,5.39e-08,1.72e-07,1.5279505474452557e-07,1.2024050359712233e-07,2.2779194531120757e-09,1.2024050359712233e-07,2.2779194531120757e-09,1.98983e-07,1.98983e-07,1.2024050359712233e-07,False,True,False,0,False,,,0.3291958764061873,3.0,False,False,,,weekly,10.0,sigma,computed,/home/lkoo/projects/AutomationDetection/DownloadedLC/incremental/quiescent_background_cache.csv,,,,,,False,not_in_flare_streak
4FGL J2143.5+1743,20,21,54830.00001157408,1.49e-07,5.15e-08,1.38e-07,1.5279505474452557e-07,1.2024050359712233e-07,2.2779194531120757e-09,1.2024050359712233e-07,2.2779194531120757e-09,1.98983e-07,1.98983e-07,1.2024050359712233e-07,True,True,False,0,False,,,0.5578913548958747,3.0,False,False,,,weekly,10.0,sigma,computed,/home/lkoo/projects/AutomationDetection/DownloadedLC/incremental/quiescent_background_cache.csv,,,,,,False,not_in_flare_streak
4FGL J2143.5+1743,21,22,54844.00001157408,2.37e-07,4.58e-08,1.49e-07,1.5279505474452557e-07,1.2024050359712233e-07,2.2779194531120757e-09,1.2024050359712233e-07,2.2779194531120757e-09,1.98983e-07,1.98983e-07,1.2024050359712233e-07,True,True,False,0,False,,,2.5461866858761666,3.0,False,False,,,weekly,10.0,sigma,computed,/home/lkoo/projects/AutomationDetection/DownloadedLC/incremental/quiescent_background_cache.csv,,,,,,False,not_in_flare_streak
4FGL J2143.5+1743,22,23,54851.00001157408,1.99e-07,4.4e-08,2.37e-07,1.5279505474452557e-07,1.2024050359712233e-07,2.2779194531120757e-09,1.2024050359712233e-07,2.2779194531120757e-09,1.98983e-07,1.98983e-07,1.2024050359712233e-07,False,True,False,0,False,,,1.7875945791332655,3.0,False,False,,,weekly,10.0,sigma,computed,/home/lkoo/projects/AutomationDetection/DownloadedLC/incremental/quiescent_background_cache.csv,,,,,,False,not_in_flare_streak
4FGL J2143.5+1743,23,24,54858.00001157408,2.3e-07,4.14e-08,1.99e-07,1.5279505474452557e-07,1.2024050359712233e-07,2.2779194531120757e-09,1.2024050359712233e-07,2.2779194531120757e-09,1.98983e-07,1.98983e-07,1.2024050359712233e-07,True,True,False,0,False,,,2.647191482227785,3.0,False,False,,,weekly,10.0,sigma,computed,/home/lkoo/projects/AutomationDetection/DownloadedLC/incremental/quiescent_background_cache.csv,,,,,,False,not_in_flare_streak
4FGL J2143.5+1743,24,25,54865.00001157408,4.01e-07,5.35e-08,2.3e-07,1.5279505474452557e-07,1.2024050359712233e-07,2.2779194531120757e-09,1.2024050359712233e-07,2.2779194531120757e-09,1.98983e-07,1.98983e-07,1.2024050359712233e-07,True,True,False,0,False,,,5.243090658014227,3.0,True,True,54865.00001157408,54865.00001157408,weekly,10.0,sigma,computed,/home/lkoo/projects/AutomationDetection/DownloadedLC/incremental/quiescent_background_cache.csv,,,,,,False,not_in_flare_streak
4FGL J2143.5+1743,25,26,54872.00001157408,2.11e-07,4.68e-08,4.01e-07,1.5279505474452557e-07,1.2024050359712233e-07,2.2779194531120757e-09,1.2024050359712233e-07,2.2779194531120757e-09,1.98983e-07,1.98983e-07,1.2024050359712233e-07,False,True,False,0,False,,,1.9370123394968475,3.0,False,True,54865.00001157408,54872.00001157408,weekly,10.0,sigma,computed,/home/lkoo/projects/AutomationDetection/DownloadedLC/incremental/quiescent_background_cache.csv,,,,,,False,not_in_flare_streak
4FGL J2143.5+1743,26,27,54879.00001157408,2.89e-07,5.85e-08,2.11e-07,1.5279505474452557e-07,1.2024050359712233e-07,2.2779194531120757e-09,1.2024050359712233e-07,2.2779194531120757e-09,1.98983e-07,1.98983e-07,1.2024050359712233e-07,True,True,False,0,False,,,2.882593207335771,3.0,False,True,54865.00001157408,54879.00001157408,weekly,10.0,sigma,computed,/home/lkoo/projects/AutomationDetection/DownloadedLC/incremental/quiescent_background_cache.csv,,,,,,False,not_in_flare_streak
4FGL J2143.5+1743,27,28,54886.00001157408,2.4e-07,5.02e-08,2.89e-07,1.5279505474452557e-07,1.2024050359712233e-07,2.2779194531120757e-09,1.2024050359712233e-07,2.2779194531120757e-09,1.98983e-07,1.98983e-07,1.2024050359712233e-07,False,True,False,0,False,,,2.383195027999026,3.0,False,True,54865.00001157408,54886.00001157408,weekly,10.0,sigma,computed,/home/lkoo/projects/AutomationDetection/DownloadedLC/incremental/quiescent_background_cache.csv,,,,,,False,not_in_flare_streak
4FGL J2143.5+1743,28,29,54893.00001157408,9.93e-08,3.46e-08,2.4e-07,1.5279505474452557e-07,1.2024050359712233e-07,2.2779194531120757e-09,1.2024050359712233e-07,2.2779194531120757e-09,1.98983e-07,1.98983e-07,1.2024050359712233e-07,False,False,False,0,False,,,-0.6039095028436254,3.0,False,False,,,weekly,10.0,sigma,computed,/home/lkoo/projects/AutomationDetection/DownloadedLC/incremental/quiescent_background_cache.csv,,,,,,False,not_in_flare_streak
4FGL J2143.5+1743,29,30,54900.00001157408,1.66e-07,5.06e-08,9.93e-08,1.5279505474452557e-07,1.2024050359712233e-07,2.2779194531120757e-09,1.2024050359712233e-07,2.2779194531120757e-09,1.98983e-07,1.98983e-07,1.2024050359712233e-07,True,True,False,0,False,,,0.903422882386121,3.0,False,False,,,weekly,10.0,sigma,computed,/home/lkoo/projects/AutomationDetection/DownloadedLC/incremental/quiescent_background_cache.csv,,,,,,False,not_in_flare_streak
4FGL J2143.5+1743,30,31,54907.00001157408,2.46e-07,4.89e-08,1.66e-07,1.5279505474452557e-07,1.2024050359712233e-07,2.2779194531120757e-09,1.2024050359712233e-07,2.2779194531120757e-09,1.98983e-07,1.98983e-07,1.2024050359712233e-07,True,True,False,0,False,,,2.5689830111742054,3.0,False,False,,,weekly,10.0,sigma,computed,/home/lkoo/projects/AutomationDetection/DownloadedLC/incremental/quiescent_background_cache.csv,,,,,,False,not_in_flare_streak
4FGL J2143.5+1743,31,32,54914.00001157408,3.85e-07,5.23e-08,2.46e-07,1.5279505474452557e-07,1.2024050359712233e-07,2.2779194531120757e-09,1.2024050359712233e-07,2.2779194531120757e-09,1.98983e-07,1.98983e-07,1.2024050359712233e-07,True,True,False,0,False,,,5.057528207911667,3.0,True,True,54914.00001157408,54914.00001157408,weekly,10.0,sigma,computed,/home/lkoo/projects/AutomationDetection/DownloadedLC/incremental/quiescent_background_cache.csv,,,,,,False,not_in_flare_streak
4FGL J2143.5+1743,32,33,54921.00001157408,2.9e-07,4.75e-08,3.85e-07,1.5279505474452557e-07,1.2024050359712233e-07,2.2779194531120757e-09,1.2024050359712233e-07,2.2779194531120757e-09,1.98983e-07,1.98983e-07,1.2024050359712233e-07,False,True,False,0,False,,,3.5697816056328526,3.0,True,True,54914.00001157408,54921.00001157408,weekly,10.0,sigma,computed,/home/lkoo/projects/AutomationDetection/DownloadedLC/incremental/quiescent_background_cache.csv,,,,,,False,not_in_flare_streak
4FGL J2143.5+1743,33,34,54928.00001157408,3.28e-07,5.55e-08,2.9e-07,1.5279505474452557e-07,1.2024050359712233e-07,2.2779194531120757e-09,1.2024050359712233e-07,2.2779194531120757e-09,1.98983e-07,1.98983e-07,1.2024050359712233e-07,True,True,False,0,False,,,3.7402652935768197,3.0,True,True,54914.00001157408,54928.00001157408,weekly,10.0,sigma,computed,/home/lkoo/projects/AutomationDetection/DownloadedLC/incremental/quiescent_background_cache.csv,,,,,,False,not_in_flare_streak
4FGL J2143.5+1743,34,35,54935.00001157408,3.82e-07,5.42e-08,3.28e-07,1.5279505474452557e-07,1.2024050359712233e-07,2.2779194531120757e-09,1.2024050359712233e-07,2.2779194531120757e-09,1.98983e-07,1.98983e-07,1.2024050359712233e-07,True,True,False,0,False,,,4.825251328945562,3.0,True,True,54914.00001157408,54935.00001157408,weekly,10.0,sigma,computed,/home/lkoo/projects/AutomationDetection/DownloadedLC/incremental/quiescent_background_cache.csv,,,,,,False,not_in_flare_streak
4FGL J2143.5+1743,35,36,54942.00001157408,4.11e-07,5.86e-08,3.82e-07,1.5279505474452557e-07,1.2024050359712233e-07,2.2779194531120757e-09,1.2024050359712233e-07,2.2779194531120757e-09,1.98983e-07,1.98983e-07,1.2024050359712233e-07,True,True,False,0,False,,,4.958021631999459,3.0,True,True,54914.00001157408,54942.00001157408,weekly,10.0,sigma,computed,/home/lkoo/projects/AutomationDetection/DownloadedLC/incremental/quiescent_background_cache.csv,,,,,,False,not_in_flare_streak
4FGL J2143.5+1743,36,37,54949.00001157408,2.48e-07,4.67e-08,4.11e-07,1.5279505474452557e-07,1.2024050359712233e-07,2.2779194531120757e-09,1.2024050359712233e-07,2.2779194531120757e-09,1.98983e-07,1.98983e-07,1.2024050359712233e-07,False,True,False,0,False,,,2.732500646202976,3.0,False,True,54914.00001157408,54949.00001157408,weekly,10.0,sigma,computed,/home/lkoo/projects/AutomationDetection/DownloadedLC/incremental/quiescent_background_cache.csv,,,,,,False,not_in_flare_streak
4FGL J2143.5+1743,37,38,54956.00001157408,2.65e-07,4.99e-08,2.48e-07,1.5279505474452557e-07,1.2024050359712233e-07,2.2779194531120757e-09,1.2024050359712233e-07,2.2779194531120757e-09,1.98983e-07,1.98983e-07,1.2024050359712233e-07,True,True,False,0,False,,,2.897973948002002,3.0,False,True,54914.00001157408,54956.00001157408,weekly,10.0,sigma,computed,/home/lkoo/projects/AutomationDetection/DownloadedLC/incremental/quiescent_background_cache.csv,,,,,,False,not_in_flare_streak
4FGL J2143.5+1743,38,39,54963.00001157408,1.37e-07,4.1e-08,2.65e-07,1.5279505474452557e-07,1.2024050359712233e-07,2.2779194531120757e-09,1.2024050359712233e-07,2.2779194531120757e-09,1.98983e-07,1.98983e-07,1.2024050359712233e-07,False,True,False,0,False,,,0.40813876817920214,3.0,False,True,54914.00001157408,54963.00001157408,weekly,10.0,sigma,computed,/home/lkoo/projects/AutomationDetection/DownloadedLC/incremental/quiescent_background_cache.csv,,,,,,False,not_in_flare_streak
4FGL J2143.5+1743,39,40,54970.00001157408,1.32e-07,4.05e-08,1.37e-07,1.5279505474452557e-07,1.2024050359712233e-07,2.2779194531120757e-09,1.2024050359712233e-07,2.2779194531120757e-09,1.98983e-07,1.98983e-07,1.2024050359712233e-07,False,True,False,0,False,,,0.2898997502470873,3.0,False,True,54914.00001157408,54970.00001157408,weekly,10.0,sigma,computed,/home/lkoo/projects/AutomationDetection/DownloadedLC/incremental/quiescent_background_cache.csv,,,,,,False,not_in_flare_streak
4FGL J2143.5+1743,40,41,54977.00001157408,2.57e-07,5.12e-08,1.32e-07,1.5279505474452557e-07,1.2024050359712233e-07,2.2779194531120757e-09,1.2024050359712233e-07,2.2779194531120757e-09,1.98983e-07,1.98983e-07,1.2024050359712233e-07,True,True,False,0,False,,,2.6684442407635753,3.0,False,True,54914.00001157408,54977.00001157408,weekly,10.0,sigma,computed,/home/lkoo/projects/AutomationDetection/DownloadedLC/incremental/quiescent_background_cache.csv,,,,,,False,not_in_flare_streak
4FGL J2143.5+1743,41,42,54984.00001157408,1.03e-07,4.06e-08,2.57e-07,1.5279505474452557e-07,1.2024050359712233e-07,2.2779194531120757e-09,1.2024050359712233e-07,2.2779194531120757e-09,1.98983e-07,1.98983e-07,1.2024050359712233e-07,False,False,False,0,False,,,-0.42397614709662523,3.0,False,False,,,weekly,10.0,sigma,computed,/home/lkoo/projects/AutomationDetection/DownloadedLC/incremental/quiescent_background_cache.csv,,,,,,False,not_in_flare_streak
4FGL J2143.5+1743,42,43,54991.00001157408,1.4e-07,4.85e-08,1.03e-07,1.5279505474452557e-07,1.2024050359712233e-07,2.2779194531120757e-09,1.2024050359712233e-07,2.2779194531120757e-09,1.98983e-07,1.98983e-07,1.2024050359712233e-07,True,True,False,0,False,,,0.40696367597314953,3.0,False,False,,,weekly,10.0,sigma,computed,/home/lkoo/projects/AutomationDetection/DownloadedLC/incremental/quiescent_background_cache.csv,,,,,,False,not_in_flare_streak
4FGL J2143.5+1743,43,44,55005.00001157408,8.95e-08,3.62e-08,1.4e-07,1.5279505474452557e-07,1.2024050359712233e-07,2.2779194531120757e-09,1.2024050359712233e-07,2.2779194531120757e-09,1.98983e-07,1.98983e-07,1.2024050359712233e-07,False,False,False,0,False,,,-0.8475089098830874,3.0,False,False,,,weekly,10.0,sigma,computed,/home/lkoo/projects/AutomationDetection/DownloadedLC/incremental/quiescent_background_cache.csv,,,,,,False,not_in_flare_streak
4FGL J2143.5+1743,44,45,55012.00001157408,4.26e-08,2.41e-08,8.95e-08,1.5279505474452557e-07,1.2024050359712233e-07,2.2779194531120757e-09,1.2024050359712233e-07,2.2779194531120757e-09,1.98983e-07,1.98983e-07,1.2024050359712233e-07,False,False,False,0,False,,,-3.2073026047409803,3.0,False,False,,,weekly,10.0,sigma,computed,/home/lkoo/projects/AutomationDetection/DownloadedLC/incremental/quiescent_background_cache.csv,,,,,,False,not_in_flare_streak
4FGL J2143.5+1743,45,46,55026.00001157408,4.93e-08,2.79e-08,4.26e-08,1.5279505474452557e-07,1.2024050359712233e-07,2.2779194531120757e-09,1.2024050359712233e-07,2.2779194531120757e-09,1.98983e-07,1.98983e-07,1.2024050359712233e-07,True,False,False,0,False,,,-2.5342377366433655,3.0,False,False,,,weekly,10.0,sigma,computed,/home/lkoo/projects/AutomationDetection/DownloadedLC/incremental/quiescent_background_cache.csv,,,,,,False,not_in_flare_streak
4FGL J2143.5+1743,46,47,55033.00001157408,1.88e-07,5.48e-08,4.93e-08,1.5279505474452557e-07,1.2024050359712233e-07,2.2779194531120757e-09,1.2024050359712233e-07,2.2779194531120757e-09,1.98983e-07,1.98983e-07,1.2024050359712233e-07,True,True,False,0,False,,,1.2354202872997644,3.0,False,False,,,weekly,10.0,sigma,computed,/home/lkoo/projects/AutomationDetection/DownloadedLC/incremental/quiescent_background_cache.csv,,,,,,False,not_in_flare_streak
4FGL J2143.5+1743,47,48,55040.00001157408,1.79e-07,5.25e-08,1.88e-07,1.5279505474452557e-07,1.2024050359712233e-07,2.2779194531120757e-09,1.2024050359712233e-07,2.2779194531120757e-09,1.98983e-07,1.98983e-07,1.2024050359712233e-07,False,True,False,0,False,,,1.1181764581647942,3.0,False,False,,,weekly,10.0,sigma,computed,/home/lkoo/projects/AutomationDetection/DownloadedLC/incremental/quiescent_background_cache.csv,,,,,,False,not_in_flare_streak
4FGL J2143.5+1743,48,49,55047.00001157408,1.48e-07,4.23e-08,1.79e-07,1.5279505474452557e-07,1.2024050359712233e-07,2.2779194531120757e-09,1.2024050359712233e-07,2.2779194531120757e-09,1.98983e-07,1.98983e-07,1.2024050359712233e-07,False,True,False,0,False,,,0.6553033724270644,3.0,False,False,,,weekly,10.0,sigma,computed,/home/lkoo/projects/AutomationDetection/DownloadedLC/incremental/quiescent_background_cache.csv,,,,,,False,not_in_flare_streak
4FGL J2143.5+1743,49,50,55054.00001157408,8.35e-08,3.48e-08,1.48e-07,1.5279505474452557e-07,1.2024050359712233e-07,2.2779194531120757e-09,1.2024050359712233e-07,2.2779194531120757e-09,1.98983e-07,1.98983e-07,1.2024050359712233e-07,False,False,False,0,False,,,-1.0535070405738014,3.0,False,False,,,weekly,10.0,sigma,computed,/home/lkoo/projects/AutomationDetection/DownloadedLC/incremental/quiescent_background_cache.csv,,,,,,False,not_in_flare_streak
4FGL J2143.5+1743,50,51,55061.00001157408,1.81e-07,4.65e-08,8.35e-08,1.5279505474452557e-07,1.2024050359712233e-07,2.2779194531120757e-09,1.2024050359712233e-07,2.2779194531120757e-09,1.98983e-07,1.98983e-07,1.2024050359712233e-07,True,True,False,0,False,,,1.3050908117658409,3.0,False,False,,,weekly,10.0,sigma,computed,/home/lkoo/projects/AutomationDetection/DownloadedLC/incremental/quiescent_background_cache.csv,,,,,,False,not_in_flare_streak
4FGL J2143.5+1743,51,52,55068.00001157408,1.29e-07,4.11e-08,1.81e-07,1.5279505474452557e-07,1.2024050359712233e-07,2.2779194531120757e-09,1.2024050359712233e-07,2.2779194531120757e-09,1.98983e-07,1.98983e-07,1.2024050359712233e-07,False,True,False,0,False,,,0.21279984438002483,3.0,False,False,,,weekly,10.0,sigma,computed,/home/lkoo/projects/AutomationDetection/DownloadedLC/incremental/quiescent_background_cache.csv,,,,,,False,not_in_flare_streak
4FGL J2143.5+1743,52,53,55075.00001157408,1.53e-07,4.74e-08,1.29e-07,1.5279505474452557e-07,1.2024050359712233e-07,2.2779194531120757e-09,1.2024050359712233e-07,2.2779194531120757e-09,1.98983e-07,1.98983e-07,1.2024050359712233e-07,True,True,False,0,False,,,0.6903319112420695,3.0,False,False,,,weekly,10.0,sigma,computed,/home/lkoo/projects/AutomationDetection/DownloadedLC/incremental/quiescent_background_cache.csv,,,,,,False,not_in_flare_streak
4FGL J2143.5+1743,53,54,55082.00001157408,1.26e-07,4.45e-08,1.53e-07,1.5279505474452557e-07,1.2024050359712233e-07,2.2779194531120757e-09,1.2024050359712233e-07,2.2779194531120757e-09,1.98983e-07,1.98983e-07,1.2024050359712233e-07,False,True,False,0,False,,,0.12925764712627782,3.0,False,False,,,weekly,10.0,sigma,computed,/home/lkoo/projects/AutomationDetection/DownloadedLC/incremental/quiescent_background_cache.csv,,,,,,False,not_in_flare_streak
4FGL J2143.5+1743,54,55,55089.00001157408,1.41e-07,4.43e-08,1.26e-07,1.5279505474452557e-07,1.2024050359712233e-07,2.2779194531120757e-09,1.2024050359712233e-07,2.2779194531120757e-09,1.98983e-07,1.98983e-07,1.2024050359712233e-07,True,True,False,0,False,,,0.46799336700044497,3.0,False,False,,,weekly,10.0,sigma,computed,/home/lkoo/projects/AutomationDetection/DownloadedLC/incremental/quiescent_background_cache.csv,,,,,,False,not_in_flare_streak
4FGL J2143.5+1743,55,56,55096.00001157408,1.52e-07,5.23e-08,1.41e-07,1.5279505474452557e-07,1.2024050359712233e-07,2.2779194531120757e-09,1.2024050359712233e-07,2.2779194531120757e-09,1.98983e-07,1.98983e-07,1.2024050359712233e-07,True,True,False,0,False,,,0.6066809731432815,3.0,False,False,,,weekly,10.0,sigma,computed,/home/lkoo/projects/AutomationDetection/DownloadedLC/incremental/quiescent_background_cache.csv,,,,,,False,not_in_flare_streak
4FGL J2143.5+1743,56,57,55103.00001157408,1.56e-07,4.78e-08,1.52e-07,1.5279505474452557e-07,1.2024050359712233e-07,2.2779194531120757e-09,1.2024050359712233e-07,2.2779194531120757e-09,1.98983e-07,1.98983e-07,1.2024050359712233e-07,True,True,False,0,False,,,0.747258580970087,3.0,False,False,,,weekly,10.0,sigma,computed,/home/lkoo/projects/AutomationDetection/DownloadedLC/incremental/quiescent_background_cache.csv,,,,,,False,not_in_flare_streak
4FGL J2143.5+1743,57,58,55110.00001157408,3e-07,5.97e-08,1.56e-07,1.5279505474452557e-07,1.2024050359712233e-07,2.2779194531120757e-09,1.2024050359712233e-07,2.2779194531120757e-09,1.98983e-07,1.98983e-07,1.2024050359712233e-07,True,True,False,0,False,,,3.008857357384989,3.0,True,True,55110.00001157408,55110.00001157408,weekly,10.0,sigma,computed,/home/lkoo/projects/AutomationDetection/DownloadedLC/incremental/quiescent_background_cache.csv,,,,,,False,not_in_flare_streak
4FGL J2143.5+1743,58,59,55117.00001157408,7.98e-08,3.88e-08,3e-07,1.5279505474452557e-07,1.2024050359712233e-07,2.2779194531120757e-09,1.2024050359712233e-07,2.2779194531120757e-09,1.98983e-07,1.98983e-07,1.2024050359712233e-07,False,False,False,0,False,,,-1.0404893952227507,3.0,False,False,,,weekly,10.0,sigma,computed,/home/lkoo/projects/AutomationDetection/DownloadedLC/incremental/quiescent_background_cache.csv,,,,,,False,not_in_flare_streak
4FGL J2143.5+1743,59,60,55124.00001157408,1.35e-07,4.49e-08,7.98e-08,1.5279505474452557e-07,1.2024050359712233e-07,2.2779194531120757e-09,1.2024050359712233e-07,2.2779194531120757e-09,1.98983e-07,1.98983e-07,1.2024050359712233e-07,True,True,False,0,False,,,0.3282970732879294,3.0,False,False,,,weekly,10.0,sigma,computed,/home/lkoo/projects/AutomationDetection/DownloadedLC/incremental/quiescent_background_cache.csv,,,,,,False,not_in_flare_streak
4FGL J2143.5+1743,60,61,55131.00001157408,4.57e-07,6.32e-08,1.35e-07,1.5279505474452557e-07,1.2024050359712233e-07,2.2779194531120757e-09,1.2024050359712233e-07,2.2779194531120757e-09,1.98983e-07,1.98983e-07,1.2024050359712233e-07,True,True,False,0,False,,,5.325015303381738,3.0,True,True,55131.00001157408,55131.00001157408,weekly,10.0,sigma,computed,/home/lkoo/projects/AutomationDetection/DownloadedLC/incremental/quiescent_background_cache.csv,,,,,,False,not_in_flare_streak
4FGL J2143.5+1743,61,62,55138.00001157408,4.85e-07,6.02e-08,4.57e-07,1.5279505474452557e-07,1.2024050359712233e-07,2.2779194531120757e-09,1.2024050359712233e-07,2.2779194531120757e-09,1.98983e-07,1.98983e-07,1.2024050359712233e-07,True,True,False,0,False,,,6.05479475630185,3.0,True,True,55131.00001157408,55138.00001157408,weekly,10.0,sigma,computed,/home/lkoo/projects/AutomationDetection/DownloadedLC/incremental/quiescent_background_cache.csv,,,,,,False,not_in_flare_streak
4FGL J2143.5+1743,62,63,55145.00001157408,2.5e-07,4.96e-08,4.85e-07,1.5279505474452557e-07,1.2024050359712233e-07,2.2779194531120757e-09,1.2024050359712233e-07,2.2779194531120757e-09,1.98983e-07,1.98983e-07,1.2024050359712233e-07,False,True,False,0,False,,,2.613364304653241,3.0,False,True,55131.00001157408,55145.00001157408,weekly,10.0,sigma,computed,/home/lkoo/projects/AutomationDetection/DownloadedLC/incremental/quiescent_background_cache.csv,,,,,,False,not_in_flare_streak
4FGL J2143.5+1743,63,64,55152.00001157408,1.87e-07,4.79e-08,2.5e-07,1.5279505474452557e-07,1.2024050359712233e-07,2.2779194531120757e-09,1.2024050359712233e-07,2.2779194531120757e-09,1.98983e-07,1.98983e-07,1.2024050359712233e-07,False,True,False,0,False,,,1.3921531173550097,3.0,False,True,55131.00001157408,55152.00001157408,weekly,10.0,sigma,computed,/home/lkoo/projects/AutomationDetection/DownloadedLC/incremental/quiescent_background_cache.csv,,,,,,False,not_in_flare_streak
4FGL J2143.5+1743,64,65,55159.00001157408,5.75e-08,3.45e-08,1.87e-07,1.5279505474452557e-07,1.2024050359712233e-07,2.2779194531120757e-09,1.2024050359712233e-07,2.2779194531120757e-09,1.98983e-07,1.98983e-07,1.2024050359712233e-07,False,False,False,0,False,,,-1.8146142010218609,3.0,False,False,,,weekly,10.0,sigma,computed,/home/lkoo/projects/AutomationDetection/DownloadedLC/incremental/quiescent_background_cache.csv,,,,,,False,not_in_flare_streak
4FGL J2143.5+1743,65,66,55166.00001157408,1.53e-07,5.23e-08,5.75e-08,1.5279505474452557e-07,1.2024050359712233e-07,2.2779194531120757e-09,1.2024050359712233e-07,2.2779194531120757e-09,1.98983e-07,1.98983e-07,1.2024050359712233e-07,True,True,False,0,False,,,0.6257833217903561,3.0,False,False,,,weekly,10.0,sigma,computed,/home/lkoo/projects/AutomationDetection/DownloadedLC/incremental/quiescent_background_cache.csv,,,,,,False,not_in_flare_streak
4FGL J2143.5+1743,66,67,55180.00001157408,1.46e-07,5.1e-08,1.53e-07,1.5279505474452557e-07,1.2024050359712233e-07,2.2779194531120757e-09,1.2024050359712233e-07,2.2779194531120757e-09,1.98983e-07,1.98983e-07,1.2024050359712233e-07,False,True,False,0,False,,,0.5045850994631158,3.0,False,False,,,weekly,10.0,sigma,computed,/home/lkoo/projects/AutomationDetection/DownloadedLC/incremental/quiescent_background_cache.csv,,,,,,False,not_in_flare_streak
4FGL J2143.5+1743,67,68,55187.00001157408,1.79e-07,5.32e-08,1.46e-07,1.5279505474452557e-07,1.2024050359712233e-07,2.2779194531120757e-09,1.2024050359712233e-07,2.2779194531120757e-09,1.98983e-07,1.98983e-07,1.2024050359712233e-07,True,True,False,0,False,,,1.1034907141359416,3.0,False,False,,,weekly,10.0,sigma,computed,/home/lkoo/projects/AutomationDetection/DownloadedLC/incremental/quiescent_background_cache.csv,,,,,,False,not_in_flare_streak
4FGL J2143.5+1743,68,69,55194.00001157408,1.88e-07,4.6e-08,1.79e-07,1.5279505474452557e-07,1.2024050359712233e-07,2.2779194531120757e-09,1.2024050359712233e-07,2.2779194531120757e-09,1.98983e-07,1.98983e-07,1.2024050359712233e-07,True,True,False,0,False,,,1.4712297387560436,3.0,False,False,,,weekly,10.0,sigma,computed,/home/lkoo/projects/AutomationDetection/DownloadedLC/incremental/quiescent_background_cache.csv,,,,,,False,not_in_flare_streak
4FGL J2143.5+1743,69,70,55201.00001157408,2.08e-07,4.88e-08,1.88e-07,1.5279505474452557e-07,1.2024050359712233e-07,2.2779194531120757e-09,1.2024050359712233e-07,2.2779194531120757e-09,1.98983e-07,1.98983e-07,1.2024050359712233e-07,True,True,False,0,False,,,1.7963943202163657,3.0,False,False,,,weekly,10.0,sigma,computed,/home/lkoo/projects/AutomationDetection/DownloadedLC/incremental/quiescent_background_cache.csv,,,,,,False,not_in_flare_streak
4FGL J2143.5+1743,70,71,55208.00001157408,4.64e-07,6.97e-08,2.08e-07,1.5279505474452557e-07,1.2024050359712233e-07,2.2779194531120757e-09,1.2024050359712233e-07,2.2779194531120757e-09,1.98983e-07,1.98983e-07,1.2024050359712233e-07,True,True,False,0,False,,,4.929355220837569,3.0,True,True,55208.00001157408,55208.00001157408,weekly,10.0,sigma,computed,/home/lkoo/projects/AutomationDetection/DownloadedLC/incremental/quiescent_background_cache.csv,,,,,,False,not_in_flare_streak
4FGL J2143.5+1743,71,72,55215.00001157408,9.42e-08,4.63e-08,4.64e-07,1.5279505474452557e-07,1.2024050359712233e-07,2.2779194531120757e-09,1.2024050359712233e-07,2.2779194531120757e-09,1.98983e-07,1.98983e-07,1.2024050359712233e-07,False,False,False,0,False,,,-0.5617504206621726,3.0,False,False,,,weekly,10.0,sigma,computed,/home/lkoo/projects/AutomationDetection/DownloadedLC/incremental/quiescent_background_cache.csv,,,,,,False,not_in_flare_streak
4FGL J2143.5+1743,72,73,55222.00001157408,1.74e-07,5.55e-08,9.42e-08,1.5279505474452557e-07,1.2024050359712233e-07,2.2779194531120757e-09,1.2024050359712233e-07,2.2779194531120757e-09,1.98983e-07,1.98983e-07,1.2024050359712233e-07,True,True,False,0,False,,,0.9678247304081649,3.0,False,False,,,weekly,10.0,sigma,computed,/home/lkoo/projects/AutomationDetection/DownloadedLC/incremental/quiescent_background_cache.csv,,,,,,False,not_in_flare_streak
4FGL J2143.5+1743,73,74,55229.00001157408,1.12e-07,4.78e-08,1.74e-07,1.5279505474452557e-07,1.2024050359712233e-07,2.2779194531120757e-09,1.2024050359712233e-07,2.2779194531120757e-09,1.98983e-07,1.98983e-07,1.2024050359712233e-07,False,False,False,0,False,,,-0.17220004876715764,3.0,False,False,,,weekly,10.0,sigma,computed,/home/lkoo/projects/AutomationDetection/DownloadedLC/incremental/quiescent_background_cache.csv,,,,,,False,not_in_flare_streak
4FGL J2143.5+1743,74,75,55236.00001157408,9.83e-08,5.97e-08,1.12e-07,1.5279505474452557e-07,1.2024050359712233e-07,2.2779194531120757e-09,1.2024050359712233e-07,2.2779194531120757e-09,1.98983e-07,1.98983e-07,1.2024050359712233e-07,False,False,False,0,False,,,-0.3672453861629562,3.0,False,False,,,weekly,10.0,sigma,computed,/home/lkoo/projects/AutomationDetection/DownloadedLC/incremental/quiescent_background_cache.csv,,,,,,False,not_in_flare_streak
4FGL J2143.5+1743,75,76,55243.00001157408,1.31e-07,4.93e-08,9.83e-08,1.5279505474452557e-07,1.2024050359712233e-07,2.2779194531120757e-09,1.2024050359712233e-07,2.2779194531120757e-09,1.98983e-07,1.98983e-07,1.2024050359712233e-07,True,True,False,0,False,,,0.2180127666243133,3.0,False,False,,,weekly,10.0,sigma,computed,/home/lkoo/projects/AutomationDetection/DownloadedLC/incremental/quiescent_background_cache.csv,,,,,,False,not_in_flare_streak
4FGL J2143.5+1743,76,77,55250.00001157408,1.94e-07,4.14e-08,1.31e-07,1.5279505474452557e-07,1.2024050359712233e-07,2.2779194531120757e-09,1.2024050359712233e-07,2.2779194531120757e-09,1.98983e-07,1.98983e-07,1.2024050359712233e-07,True,True,False,0,False,,,1.7789395634106562,3.0,False,False,,,weekly,10.0,sigma,computed,/home/lkoo/projects/AutomationDetection/DownloadedLC/incremental/quiescent_background_cache.csv,,,,,,False,not_in_flare_streak
4FGL J2143.5+1743,77,78,55257.00001157408,3.04e-07,4.71e-08,1.94e-07,1.5279505474452557e-07,1.2024050359712233e-07,2.2779194531120757e-09,1.2024050359712233e-07,2.2779194531120757e-09,1.98983e-07,1.98983e-07,1.2024050359712233e-07,True,True,False,0,False,,,3.8969206714553226,3.0,True,True,55257.00001157408,55257.00001157408,weekly,10.0,sigma,computed,/home/lkoo/projects/AutomationDetection/DownloadedLC/incremental/quiescent_background_cache.csv,,,,,,False,not_in_flare_streak
4FGL J2143.5+1743,78,79,55264.00001157408,2.98e-07,5.92e-08,3.04e-07,1.5279505474452557e-07,1.2024050359712233e-07,2.2779194531120757e-09,1.2024050359712233e-07,2.2779194531120757e-09,1.98983e-07,1.98983e-07,1.2024050359712233e-07,False,True,False,0,False,,,3.000473789485314,3.0,True,True,55257.00001157408,55264.00001157408,weekly,10.0,sigma,computed,/home/lkoo/projects/AutomationDetection/DownloadedLC/incremental/quiescent_background_cache.csv,,,,,,False,not_in_flare_streak
4FGL J2143.5+1743,79,80,55271.00001157408,1.58e-07,4.89e-08,2.98e-07,1.5279505474452557e-07,1.2024050359712233e-07,2.2779194531120757e-09,1.2024050359712233e-07,2.2779194531120757e-09,1.98983e-07,1.98983e-07,1.2024050359712233e-07,False,True,False,0,False,,,0.7713413900667195,3.0,False,True,55257.00001157408,55271.00001157408,weekly,10.0,sigma,computed,/home/lkoo/projects/AutomationDetection/DownloadedLC/incremental/quiescent_background_cache.csv,,,,,,False,not_in_flare_streak
4FGL J2143.5+1743,80,81,55278.00001157408,1.8e-07,5.12e-08,1.58e-07,1.5279505474452557e-07,1.2024050359712233e-07,2.2779194531120757e-09,1.2024050359712233e-07,2.2779194531120757e-09,1.98983e-07,1.98983e-07,1.2024050359712233e-07,True,True,False,0,False,,,1.1660242118574744,3.0,False,True,55257.00001157408,55278.00001157408,weekly,10.0,sigma,computed,/home/lkoo/projects/AutomationDetection/DownloadedLC/incremental/quiescent_background_cache.csv,,,,,,False,not_in_flare_streak
4FGL J2143.5+1743,81,82,55285.00001157408,4.74e-08,2.8e-08,1.8e-07,1.5279505474452557e-07,1.2024050359712233e-07,2.2779194531120757e-09,1.2024050359712233e-07,2.2779194531120757e-09,1.98983e-07,1.98983e-07,1.2024050359712233e-07,False,False,False,0,False,,,-2.5928801974645266,3.0,False,False,,,weekly,10.0,sigma,computed,/home/lkoo/projects/AutomationDetection/DownloadedLC/incremental/quiescent_background_cache.csv,,,,,,False,not_in_flare_streak
4FGL J2143.5+1743,82,83,55292.00001157408,9.32e-08,3.19e-08,4.74e-08,1.5279505474452557e-07,1.2024050359712233e-07,2.2779194531120757e-09,1.2024050359712233e-07,2.2779194531120757e-09,1.98983e-07,1.98983e-07,1.2024050359712233e-07,True,False,False,0,False,,,-0.8455117470379745,3.0,False,False,,,weekly,10.0,sigma,computed,/home/lkoo/projects/AutomationDetection/DownloadedLC/incremental/quiescent_background_cache.csv,,,,,,False,not_in_flare_streak
4FGL J2143.5+1743,83,84,55299.00001157408,8.1e-08,4.19e-08,9.32e-08,1.5279505474452557e-07,1.2024050359712233e-07,2.2779194531120757e-09,1.2024050359712233e-07,2.2779194531120757e-09,1.98983e-07,1.98983e-07,1.2024050359712233e-07,False,False,False,0,False,,,-0.9351465825495304,3.0,False,False,,,weekly,10.0,sigma,computed,/home/lkoo/projects/AutomationDetection/DownloadedLC/incremental/quiescent_background_cache.csv,,,,,,False,not_in_flare_streak
4FGL J2143.5+1743,84,85,55306.00001157408,1.5e-07,4.9e-08,8.1e-08,1.5279505474452557e-07,1.2024050359712233e-07,2.2779194531120757e-09,1.2024050359712233e-07,2.2779194531120757e-09,1.98983e-07,1.98983e-07,1.2024050359712233e-07,True,True,False,0,False,,,0.6066814508051113,3.0,False,False,,,weekly,10.0,sigma,computed,/home/lkoo/projects/AutomationDetection/DownloadedLC/incremental/quiescent_background_cache.csv,,,,,,False,not_in_flare_streak
4FGL J2143.5+1743,85,86,55313.00001157408,5.75e-08,3.14e-08,1.5e-07,1.5279505474452557e-07,1.2024050359712233e-07,2.2779194531120757e-09,1.2024050359712233e-07,2.2779194531120757e-09,1.98983e-07,1.98983e-07,1.2024050359712233e-07,False,False,False,0,False,,,-1.9928680517854673,3.0,False,False,,,weekly,10.0,sigma,computed,/home/lkoo/projects/AutomationDetection/DownloadedLC/incremental/quiescent_background_cache.csv,,,,,,False,not_in_flare_streak
4FGL J2143.5+1743,86,87,55320.00001157408,8.6e-08,3.86e-08,5.75e-08,1.5279505474452557e-07,1.2024050359712233e-07,2.2779194531120757e-09,1.2024050359712233e-07,2.2779194531120757e-09,1.98983e-07,1.98983e-07,1.2024050359712233e-07,True,False,False,0,False,,,-0.8855190697348361,3.0,False,False,,,weekly,10.0,sigma,computed,/home/lkoo/projects/AutomationDetection/DownloadedLC/incremental/quiescent_background_cache.csv,,,,,,False,not_in_flare_streak
4FGL J2143.5+1743,87,88,55327.00001157408,1.79e-07,5.39e-08,8.6e-08,1.5279505474452557e-07,1.2024050359712233e-07,2.2779194531120757e-09,1.2024050359712233e-07,2.2779194531120757e-09,1.98983e-07,1.98983e-07,1.2024050359712233e-07,True,True,False,0,False,,,1.0891853843556745,3.0,False,False,,,weekly,10.0,sigma,computed,/home/lkoo/projects/AutomationDetection/DownloadedLC/incremental/quiescent_background_cache.csv,,,,,,False,not_in_flare_streak
4FGL J2143.5+1743,88,89,55334.00001157408,2.35e-07,5.64e-08,1.79e-07,1.5279505474452557e-07,1.2024050359712233e-07,2.2779194531120757e-09,1.2024050359712233e-07,2.2779194531120757e-09,1.98983e-07,1.98983e-07,1.2024050359712233e-07,True,True,False,0,False,,,2.0330852921815765,3.0,False,False,,,weekly,10.0,sigma,computed,/home/lkoo/projects/AutomationDetection/DownloadedLC/incremental/quiescent_background_cache.csv,,,,,,False,not_in_flare_streak
4FGL J2143.5+1743,89,90,55341.00001157408,1.39e-07,4.49e-08,2.35e-07,1.5279505474452557e-07,1.2024050359712233e-07,2.2779194531120757e-09,1.2024050359712233e-07,2.2779194531120757e-09,1.98983e-07,1.98983e-07,1.2024050359712233e-07,False,True,False,0,False,,,0.41726950549745095,3.0,False,False,,,weekly,10.0,sigma,computed,/home/lkoo/projects/AutomationDetection/DownloadedLC/incremental/quiescent_background_cache.csv,,,,,,False,not_in_flare_streak
4FGL J2143.5+1743,90,91,55348.00001157408,1.08e-07,4.46e-08,1.39e-07,1.5279505474452557e-07,1.2024050359712233e-07,2.2779194531120757e-09,1.2024050359712233e-07,2.2779194531120757e-09,1.98983e-07,1.98983e-07,1.2024050359712233e-07,False,False,False,0,False,,,-0.2740934863995449,3.0,False,False,,,weekly,10.0,sigma,computed,/home/lkoo/projects/AutomationDetection/DownloadedLC/incremental/quiescent_background_cache.csv,,,,,,False,not_in_flare_streak
4FGL J2143.5+1743,91,92,55355.00001157408,1.97e-07,4.94e-08,1.08e-07,1.5279505474452557e-07,1.2024050359712233e-07,2.2779194531120757e-09,1.2024050359712233e-07,2.2779194531120757e-09,1.98983e-07,1.98983e-07,1.2024050359712233e-07,True,True,False,0,False,,,1.5521866351201625,3.0,False,False,,,weekly,10.0,sigma,computed,/home/lkoo/projects/AutomationDetection/DownloadedLC/incremental/quiescent_background_cache.csv,,,,,,False,not_in_flare_streak
4FGL J2143.5+1743,92,93,55362.00001157408,7.52e-08,6.28e-08,1.97e-07,1.5279505474452557e-07,1.2024050359712233e-07,2.2779194531120757e-09,1.2024050359712233e-07,2.2779194531120757e-09,1.98983e-07,1.98983e-07,1.2024050359712233e-07,False,False,False,0,False,,,-0.7167341221242101,3.0,False,False,,,weekly,10.0,sigma,computed,/home/lkoo/projects/AutomationDetection/DownloadedLC/incremental/quiescent_background_cache.csv,,,,,,False,not_in_flare_streak
4FGL J2143.5+1743,93,94,55369.00001157408,7.79e-08,7.1e-08,7.52e-08,1.5279505474452557e-07,1.2024050359712233e-07,2.2779194531120757e-09,1.2024050359712233e-07,2.2779194531120757e-09,1.98983e-07,1.98983e-07,1.2024050359712233e-07,True,False,False,0,False,,,-0.5960384360517808,3.0,False,False,,,weekly,10.0,sigma,computed,/home/lkoo/projects/AutomationDetection/DownloadedLC/incremental/quiescent_background_cache.csv,,,,,,False,not_in_flare_streak
4FGL J2143.5+1743,94,95,55376.00001157408,6.8e-08,4.42e-08,7.79e-08,1.5279505474452557e-07,1.2024050359712233e-07,2.2779194531120757e-09,1.2024050359712233e-07,2.2779194531120757e-09,1.98983e-07,1.98983e-07,1.2024050359712233e-07,False,False,False,0,False,,,-1.1803453720323505,3.0,False,False,,,weekly,10.0,sigma,computed,/home/lkoo/projects/AutomationDetection/DownloadedLC/incremental/quiescent_background_cache.csv,,,,,,False,not_in_flare_streak
4FGL J2143.5+1743,95,96,55383.00001157408,1.45e-07,5.56e-08,6.8e-08,1.5279505474452557e-07,1.2024050359712233e-07,2.2779194531120757e-09,1.2024050359712233e-07,2.2779194531120757e-09,1.98983e-07,1.98983e-07,1.2024050359712233e-07,True,True,False,0,False,,,0.4449414180025018,3.0,False,False,,,weekly,10.0,sigma,computed,/home/lkoo/projects/AutomationDetection/DownloadedLC/incremental/quiescent_background_cache.csv,,,,,,False,not_in_flare_streak
4FGL J2143.5+1743,96,97,55390.00001157408,1.19e-07,5.14e-08,1.45e-07,1.5279505474452557e-07,1.2024050359712233e-07,2.2779194531120757e-09,1.2024050359712233e-07,2.2779194531120757e-09,1.98983e-07,1.98983e-07,1.2024050359712233e-07,False,False,False,0,False,,,-0.024110645697345008,3.0,False,False,,,weekly,10.0,sigma,computed,/home/lkoo/projects/AutomationDetection/DownloadedLC/incremental/quiescent_background_cache.csv,,,,,,False,not_in_flare_streak
4FGL J2143.5+1743,97,98,55397.00001157408,1.56e-07,5.11e-08,1.19e-07,1.5279505474452557e-07,1.2024050359712233e-07,2.2779194531120757e-09,1.2024050359712233e-07,2.2779194531120757e-09,1.98983e-07,1.98983e-07,1.2024050359712233e-07,True,True,False,0,False,,,0.6991001795920941,3.0,False,False,,,weekly,10.0,sigma,computed,/home/lkoo/projects/AutomationDetection/DownloadedLC/incremental/quiescent_background_cache.csv,,,,,,False,not_in_flare_streak
4FGL J2143.5+1743,98,99,55404.00001157408,1.08e-07,4.09e-08,1.56e-07,1.5279505474452557e-07,1.2024050359712233e-07,2.2779194531120757e-09,1.2024050359712233e-07,2.2779194531120757e-09,1.98983e-07,1.98983e-07,1.2024050359712233e-07,False,False,False,0,False,,,-0.29881572467374157,3.0,False,False,,,weekly,10.0,sigma,computed,/home/lkoo/projects/AutomationDetection/DownloadedLC/incremental/quiescent_background_cache.csv,,,,,,False,not_in_flare_streak
4FGL J2143.5+1743,99,100,55418.00001157408,9.32e-08,4.34e-08,1.08e-07,1.5279505474452557e-07,1.2024050359712233e-07,2.2779194531120757e-09,1.2024050359712233e-07,2.2779194531120757e-09,1.98983e-07,1.98983e-07,1.2024050359712233e-07,False,False,False,0,False,,,-0.6221966398607789,3.0,False,False,,,weekly,10.0,sigma,computed,/home/lkoo/projects/AutomationDetection/DownloadedLC/incremental/quiescent_background_cache.csv,,,,,,False,not_in_flare_streak
4FGL J2143.5+1743,100,101,55425.00001157408,1.94e-07,5.59e-08,9.32e-08,1.5279505474452557e-07,1.2024050359712233e-07,2.2779194531120757e-09,1.2024050359712233e-07,2.2779194531120757e-09,1.98983e-07,1.98983e-07,1.2024050359712233e-07,True,True,False,0,False,,,1.318395916621882,3.0,False,False,,,weekly,10.0,sigma,computed,/home/lkoo/projects/AutomationDetection/DownloadedLC/incremental/quiescent_background_cache.csv,,,,,,False,not_in_flare_streak
4FGL J2143.5+1743,101,102,55432.00001157408,1.08e-07,4.88e-08,1.94e-07,1.5279505474452557e-07,1.2024050359712233e-07,2.2779194531120757e-09,1.2024050359712233e-07,2.2779194531120757e-09,1.98983e-07,1.98983e-07,1.2024050359712233e-07,False,False,False,0,False,,,-0.2505571709016498,3.0,False,False,,,weekly,10.0,sigma,computed,/home/lkoo/projects/AutomationDetection/DownloadedLC/incremental/quiescent_background_cache.csv,,,,,,False,not_in_flare_streak
4FGL J2143.5+1743,102,103,55439.00001157408,1.28e-07,4.32e-08,1.08e-07,1.5279505474452557e-07,1.2024050359712233e-07,2.2779194531120757e-09,1.2024050359712233e-07,2.2779194531120757e-09,1.98983e-07,1.98983e-07,1.2024050359712233e-07,True,True,False,0,False,,,0.17936878577137408,3.0,False,False,,,weekly,10.0,sigma,computed,/home/lkoo/projects/AutomationDetection/DownloadedLC/incremental/quiescent_background_cache.csv,,,,,,False,not_in_flare_streak
4FGL J2143.5+1743,103,104,55446.00001157408,2.77e-07,5.89e-08,1.28e-07,1.5279505474452557e-07,1.2024050359712233e-07,2.2779194531120757e-09,1.2024050359712233e-07,2.2779194531120757e-09,1.98983e-07,1.98983e-07,1.2024050359712233e-07,True,True,False,0,False,,,2.6594634077367805,3.0,False,False,,,weekly,10.0,sigma,computed,/home/lkoo/projects/AutomationDetection/DownloadedLC/incremental/quiescent_background_cache.csv,,,,,,False,not_in_flare_streak
4FGL J2143.5+1743,104,105,55453.00001157408,1.79e-07,5.12e-08,2.77e-07,1.5279505474452557e-07,1.2024050359712233e-07,2.2779194531120757e-09,1.2024050359712233e-07,2.2779194531120757e-09,1.98983e-07,1.98983e-07,1.2024050359712233e-07,False,True,False,0,False,,,1.1465122634301226,3.0,False,False,,,weekly,10.0,sigma,computed,/home/lkoo/projects/AutomationDetection/DownloadedLC/incremental/quiescent_background_cache.csv,,,,,,False,not_in_flare_streak
4FGL J2143.5+1743,105,106,55460.00001157408,2.41e-07,5.46e-08,1.79e-07,1.5279505474452557e-07,1.2024050359712233e-07,2.2779194531120757e-09,1.2024050359712233e-07,2.2779194531120757e-09,1.98983e-07,1.98983e-07,1.2024050359712233e-07,True,True,False,0,False,,,2.2097900775209727,3.0,False,False,,,weekly,10.0,sigma,computed,/home/lkoo/projects/AutomationDetection/DownloadedLC/incremental/quiescent_background_cache.csv,,,,,,False,not_in_flare_streak
4FGL J2143.5+1743,106,107,55467.00001157408,4.18e-07,6.18e-08,2.41e-07,1.5279505474452557e-07,1.2024050359712233e-07,2.2779194531120757e-09,1.2024050359712233e-07,2.2779194531120757e-09,1.98983e-07,1.98983e-07,1.2024050359712233e-07,True,True,False,0,False,,,4.814845152899527,3.0,True,True,55467.00001157408,55467.00001157408,weekly,10.0,sigma,computed,/home/lkoo/projects/AutomationDetection/DownloadedLC/incremental/quiescent_background_cache.csv,,,,,,False,not_in_flare_streak
4FGL J2143.5+1743,107,108,55474.00001157408,3.24e-07,5.41e-08,4.18e-07,1.5279505474452557e-07,1.2024050359712233e-07,2.2779194531120757e-09,1.2024050359712233e-07,2.2779194531120757e-09,1.98983e-07,1.98983e-07,1.2024050359712233e-07,False,True,False,0,False,,,3.76301505471264,3.0,True,True,55467.00001157408,55474.00001157408,weekly,10.0,sigma,computed,/home/lkoo/projects/AutomationDetection/DownloadedLC/incremental/quiescent_background_cache.csv,,,,,,False,not_in_flare_streak
4FGL J2143.5+1743,108,109,55481.00001157408,2.14e-07,5.21e-08,3.24e-07,1.5279505474452557e-07,1.2024050359712233e-07,2.2779194531120757e-09,1.2024050359712233e-07,2.2779194531120757e-09,1.98983e-07,1.98983e-07,1.2024050359712233e-07,False,True,False,0,False,,,1.797888838333601,3.0,False,True,55467.00001157408,55481.00001157408,weekly,10.0,sigma,computed,/home/lkoo/projects/AutomationDetection/DownloadedLC/incremental/quiescent_background_cache.csv,,,,,,False,not_in_flare_streak
4FGL J2143.5+1743,109,110,55488.00001157408,1.29e-07,4.98e-08,2.14e-07,1.5279505474452557e-07,1.2024050359712233e-07,2.2779194531120757e-09,1.2024050359712233e-07,2.2779194531120757e-09,1.98983e-07,1.98983e-07,1.2024050359712233e-07,False,True,False,0,False,,,0.17570978182851202,3.0,False,True,55467.00001157408,55488.00001157408,weekly,10.0,sigma,computed,/home/lkoo/projects/AutomationDetection/DownloadedLC/incremental/quiescent_background_cache.csv,,,,,,False,not_in_flare_streak
4FGL J2143.5+1743,110,111,55495.00001157408,2.52e-07,4.95e-08,1.29e-07,1.5279505474452557e-07,1.2024050359712233e-07,2.2779194531120757e-09,1.2024050359712233e-07,2.2779194531120757e-09,1.98983e-07,1.98983e-07,1.2024050359712233e-07,True,True,False,0,False,,,2.6589940090844197,3.0,False,True,55467.00001157408,55495.00001157408,weekly,10.0,sigma,computed,/home/lkoo/projects/AutomationDetection/DownloadedLC/incremental/quiescent_background_cache.csv,,,,,,False,not_in_flare_streak
4FGL J2143.5+1743,111,112,55502.00001157408,1.63e-07,4.45e-08,2.52e-07,1.5279505474452557e-07,1.2024050359712233e-07,2.2779194531120757e-09,1.2024050359712233e-07,2.2779194531120757e-09,1.98983e-07,1.98983e-07,1.2024050359712233e-07,False,True,False,0,False,,,0.9596311050006064,3.0,False,True,55467.00001157408,55502.00001157408,weekly,10.0,sigma,computed,/home/lkoo/projects/AutomationDetection/DownloadedLC/incremental/quiescent_background_cache.csv,,,,,,False,not_in_flare_streak
4FGL J2143.5+1743,112,113,55509.00001157408,4.12e-07,5.7e-08,1.63e-07,1.5279505474452557e-07,1.2024050359712233e-07,2.2779194531120757e-09,1.2024050359712233e-07,2.2779194531120757e-09,1.98983e-07,1.98983e-07,1.2024050359712233e-07,True,True,False,0,False,,,5.11450514538835,3.0,True,True,55467.00001157408,55509.00001157408,weekly,10.0,sigma,computed,/home/lkoo/projects/AutomationDetection/DownloadedLC/incremental/quiescent_background_cache.csv,,,,,,False,not_in_flare_streak
4FGL J2143.5+1743,113,114,55516.00001157408,7.41e-08,3.64e-08,4.12e-07,1.5279505474452557e-07,1.2024050359712233e-07,2.2779194531120757e-09,1.2024050359712233e-07,2.2779194531120757e-09,1.98983e-07,1.98983e-07,1.2024050359712233e-07,False,False,False,0,False,,,-1.2651213872924825,3.0,False,False,,,weekly,10.0,sigma,computed,/home/lkoo/projects/AutomationDetection/DownloadedLC/incremental/quiescent_background_cache.csv,,,,,,False,not_in_flare_streak
4FGL J2143.5+1743,114,115,55523.00001157408,7.82e-08,4.24e-08,7.41e-08,1.5279505474452557e-07,1.2024050359712233e-07,2.2779194531120757e-09,1.2024050359712233e-07,2.2779194531120757e-09,1.98983e-07,1.98983e-07,1.2024050359712233e-07,True,False,False,0,False,,,-0.990093475748798,3.0,False,False,,,weekly,10.0,sigma,computed,/home/lkoo/projects/AutomationDetection/DownloadedLC/incremental/quiescent_background_cache.csv,,,,,,False,not_in_flare_streak
4FGL J2143.5+1743,115,116,55530.00001157408,1.79e-07,4.15e-08,7.82e-08,1.5279505474452557e-07,1.2024050359712233e-07,2.2779194531120757e-09,1.2024050359712233e-07,2.2779194531120757e-09,1.98983e-07,1.98983e-07,1.2024050359712233e-07,True,True,False,0,False,,,1.413763338073155,3.0,False,False,,,weekly,10.0,sigma,computed,/home/lkoo/projects/AutomationDetection/DownloadedLC/incremental/quiescent_background_cache.csv,,,,,,False,not_in_flare_streak
4FGL J2143.5+1743,116,117,55537.00001157408,1.25e-07,3.61e-08,1.79e-07,1.5279505474452557e-07,1.2024050359712233e-07,2.2779194531120757e-09,1.2024050359712233e-07,2.2779194531120757e-09,1.98983e-07,1.98983e-07,1.2024050359712233e-07,False,True,False,0,False,,,0.13158031293377806,3.0,False,False,,,weekly,10.0,sigma,computed,/home/lkoo/projects/AutomationDetection/DownloadedLC/incremental/quiescent_background_cache.csv,,,,,,False,not_in_flare_streak
4FGL J2143.5+1743,117,118,55544.00001157408,1.51e-07,4.34e-08,1.25e-07,1.5279505474452557e-07,1.2024050359712233e-07,2.2779194531120757e-09,1.2024050359712233e-07,2.2779194531120757e-09,1.98983e-07,1.98983e-07,1.2024050359712233e-07,True,True,False,0,False,,,0.7077699288010644,3.0,False,False,,,weekly,10.0,sigma,computed,/home/lkoo/projects/AutomationDetection/DownloadedLC/incremental/quiescent_background_cache.csv,,,,,,False,not_in_flare_streak
4FGL J2143.5+1743,118,119,55551.00001157408,2.05e-07,4.87e-08,1.51e-07,1.5279505474452557e-07,1.2024050359712233e-07,2.2779194531120757e-09,1.2024050359712233e-07,2.2779194531120757e-09,1.98983e-07,1.98983e-07,1.2024050359712233e-07,True,True,False,0,False,,,1.7385406051232357,3.0,False,False,,,weekly,10.0,sigma,computed,/home/lkoo/projects/AutomationDetection/DownloadedLC/incremental/quiescent_background_cache.csv,,,,,,False,not_in_flare_streak
4FGL J2143.5+1743,119,120,55558.00001157408,2.52e-07,6.85e-08,2.05e-07,1.5279505474452557e-07,1.2024050359712233e-07,2.2779194531120757e-09,1.2024050359712233e-07,2.2779194531120757e-09,1.98983e-07,1.98983e-07,1.2024050359712233e-07,True,True,False,0,False,,,1.9224336315048518,3.0,False,False,,,weekly,10.0,sigma,computed,/home/lkoo/projects/AutomationDetection/DownloadedLC/incremental/quiescent_background_cache.csv,,,,,,False,not_in_flare_streak
4FGL J2143.5+1743,120,121,55565.00001157408,3.25e-07,5.93e-08,2.52e-07,1.5279505474452557e-07,1.2024050359712233e-07,2.2779194531120757e-09,1.2024050359712233e-07,2.2779194531120757e-09,1.98983e-07,1.98983e-07,1.2024050359712233e-07,True,True,False,0,False,,,3.450397846297511,3.0,True,True,55565.00001157408,55565.00001157408,weekly,10.0,sigma,computed,/home/lkoo/projects/AutomationDetection/DownloadedLC/incremental/quiescent_background_cache.csv,,,,,,False,not_in_flare_streak
4FGL J2143.5+1743,121,122,55572.00001157408,1.1e-07,3.79e-08,3.25e-07,1.5279505474452557e-07,1.2024050359712233e-07,2.2779194531120757e-09,1.2024050359712233e-07,2.2779194531120757e-09,1.98983e-07,1.98983e-07,1.2024050359712233e-07,False,False,False,0,False,,,-0.26971126798592315,3.0,False,False,,,weekly,10.0,sigma,computed,/home/lkoo/projects/AutomationDetection/DownloadedLC/incremental/quiescent_background_cache.csv,,,,,,False,not_in_flare_streak
4FGL J2143.5+1743,122,123,55579.00001157408,2.01e-07,5.22e-08,1.1e-07,1.5279505474452557e-07,1.2024050359712233e-07,2.2779194531120757e-09,1.2024050359712233e-07,2.2779194531120757e-09,1.98983e-07,1.98983e-07,1.2024050359712233e-07,True,True,False,0,False,,,1.5456458014476608,3.0,False,False,,,weekly,10.0,sigma,computed,/home/lkoo/projects/AutomationDetection/DownloadedLC/incremental/quiescent_background_cache.csv,,,,,,False,not_in_flare_streak
4FGL J2143.5+1743,123,124,55586.00001157408,3.02e-07,5.73e-08,2.01e-07,1.5279505474452557e-07,1.2024050359712233e-07,2.2779194531120757e-09,1.2024050359712233e-07,2.2779194531120757e-09,1.98983e-07,1.98983e-07,1.2024050359712233e-07,True,True,False,0,False,,,3.1695643963846902,3.0,True,True,55586.00001157408,55586.00001157408,weekly,10.0,sigma,computed,/home/lkoo/projects/AutomationDetection/DownloadedLC/incremental/quiescent_background_cache.csv,,,,,,False,not_in_flare_streak
4FGL J2143.5+1743,124,125,55593.00001157408,2.03e-07,5.04e-08,3.02e-07,1.5279505474452557e-07,1.2024050359712233e-07,2.2779194531120757e-09,1.2024050359712233e-07,2.2779194531120757e-09,1.98983e-07,1.98983e-07,1.2024050359712233e-07,False,True,False,0,False,,,1.640378911125581,3.0,False,True,55586.00001157408,55593.00001157408,weekly,10.0,sigma,computed,/home/lkoo/projects/AutomationDetection/DownloadedLC/incremental/quiescent_background_cache.csv,,,,,,False,not_in_flare_streak
4FGL J2143.5+1743,125,126,55600.00001157408,1.98e-07,5.83e-08,2.03e-07,1.5279505474452557e-07,1.2024050359712233e-07,2.2779194531120757e-09,1.2024050359712233e-07,2.2779194531120757e-09,1.98983e-07,1.98983e-07,1.2024050359712233e-07,False,True,False,0,False,,,1.332765154238501,3.0,False,True,55586.00001157408,55600.00001157408,weekly,10.0,sigma,computed,/home/lkoo/projects/AutomationDetection/DownloadedLC/incremental/quiescent_background_cache.csv,,,,,,False,not_in_flare_streak
4FGL J2143.5+1743,126,127,55607.00001157408,1.94e-07,4.81e-08,1.98e-07,1.5279505474452557e-07,1.2024050359712233e-07,2.2779194531120757e-09,1.2024050359712233e-07,2.2779194531120757e-09,1.98983e-07,1.98983e-07,1.2024050359712233e-07,False,True,False,0,False,,,1.5317447428551065,3.0,False,True,55586.00001157408,55607.00001157408,weekly,10.0,sigma,computed,/home/lkoo/projects/AutomationDetection/DownloadedLC/incremental/quiescent_background_cache.csv,,,,,,False,not_in_flare_streak
4FGL J2143.5+1743,127,128,55614.00001157408,2.27e-07,5.2e-08,1.94e-07,1.5279505474452557e-07,1.2024050359712233e-07,2.2779194531120757e-09,1.2024050359712233e-07,2.2779194531120757e-09,1.98983e-07,1.98983e-07,1.2024050359712233e-07,True,True,False,0,False,,,2.0511001735006205,3.0,False,True,55586.00001157408,55614.00001157408,weekly,10.0,sigma,computed,/home/lkoo/projects/AutomationDetection/DownloadedLC/incremental/quiescent_background_cache.csv,,,,,,False,not_in_flare_streak
4FGL J2143.5+1743,128,129,55621.00001157408,2.55e-07,5.62e-08,2.27e-07,1.5279505474452557e-07,1.2024050359712233e-07,2.2779194531120757e-09,1.2024050359712233e-07,2.2779194531120757e-09,1.98983e-07,1.98983e-07,1.2024050359712233e-07,True,True,False,0,False,,,2.395888544770172,3.0,False,True,55586.00001157408,55621.00001157408,weekly,10.0,sigma,computed,/home/lkoo/projects/AutomationDetection/DownloadedLC/incremental/quiescent_background_cache.csv,,,,,,False,not_in_flare_streak
4FGL J2143.5+1743,129,130,55628.00001157408,2.55e-07,6.32e-08,2.55e-07,1.5279505474452557e-07,1.2024050359712233e-07,2.2779194531120757e-09,1.2024050359712233e-07,2.2779194531120757e-09,1.98983e-07,1.98983e-07,1.2024050359712233e-07,False,True,False,0,False,,,2.130886844428741,3.0,False,True,55586.00001157408,55628.00001157408,weekly,10.0,sigma,computed,/home/lkoo/projects/AutomationDetection/DownloadedLC/incremental/quiescent_background_cache.csv,,,,,,False,not_in_flare_streak
4FGL J2143.5+1743,130,131,55635.00001157408,2.74e-07,5.43e-08,2.55e-07,1.5279505474452557e-07,1.2024050359712233e-07,2.2779194531120757e-09,1.2024050359712233e-07,2.2779194531120757e-09,1.98983e-07,1.98983e-07,1.2024050359712233e-07,True,True,False,0,False,,,2.829178221977785,3.0,False,True,55586.00001157408,55635.00001157408,weekly,10.0,sigma,computed,/home/lkoo/projects/AutomationDetection/DownloadedLC/incremental/quiescent_background_cache.csv,,,,,,False,not_in_flare_streak
4FGL J2143.5+1743,131,132,55642.00001157408,2.27e-07,3.42e-08,2.74e-07,1.5279505474452557e-07,1.2024050359712233e-07,2.2779194531120757e-09,1.2024050359712233e-07,2.2779194531120757e-09,1.98983e-07,1.98983e-07,1.2024050359712233e-07,False,True,False,0,False,,,3.1147213709255315,3.0,True,True,55586.00001157408,55642.00001157408,weekly,10.0,sigma,computed,/home/lkoo/projects/AutomationDetection/DownloadedLC/incremental/quiescent_background_cache.csv,,,,,,False,not_in_flare_streak
4FGL J2143.5+1743,132,133,55649.00001157408,4.31e-07,5.58e-08,2.27e-07,1.5279505474452557e-07,1.2024050359712233e-07,2.2779194531120757e-09,1.2024050359712233e-07,2.2779194531120757e-09,1.98983e-07,1.98983e-07,1.2024050359712233e-07,True,True,False,0,False,,,5.56453185405005,3.0,True,True,55586.00001157408,55649.00001157408,weekly,10.0,sigma,computed,/home/lkoo/projects/AutomationDetection/DownloadedLC/incremental/quiescent_background_cache.csv,,,,,,False,not_in_flare_streak
4FGL J2143.5+1743,133,134,55656.00001157408,1.01e-07,3.71e-08,4.31e-07,1.5279505474452557e-07,1.2024050359712233e-07,2.2779194531120757e-09,1.2024050359712233e-07,2.2779194531120757e-09,1.98983e-07,1.98983e-07,1.2024050359712233e-07,False,False,False,0,False,,,-0.5176371565690893,3.0,False,False,,,weekly,10.0,sigma,computed,/home/lkoo/projects/AutomationDetection/DownloadedLC/incremental/quiescent_background_cache.csv,,,,,,False,not_in_flare_streak
4FGL J2143.5+1743,134,135,55663.00001157408,1.12e-07,4.24e-08,1.01e-07,1.5279505474452557e-07,1.2024050359712233e-07,2.2779194531120757e-09,1.2024050359712233e-07,2.2779194531120757e-09,1.98983e-07,1.98983e-07,1.2024050359712233e-07,True,False,False,0,False,,,-0.19407162498771297,3.0,False,False,,,weekly,10.0,sigma,computed,/home/lkoo/projects/AutomationDetection/DownloadedLC/incremental/quiescent_background_cache.csv,,,,,,False,not_in_flare_streak
4FGL J2143.5+1743,135,136,55670.00001157408,6.07e-08,3.51e-08,1.12e-07,1.5279505474452557e-07,1.2024050359712233e-07,2.2779194531120757e-09,1.2024050359712233e-07,2.2779194531120757e-09,1.98983e-07,1.98983e-07,1.2024050359712233e-07,False,False,False,0,False,,,-1.6927496708647554,3.0,False,False,,,weekly,10.0,sigma,computed,/home/lkoo/projects/AutomationDetection/DownloadedLC/incremental/quiescent_background_cache.csv,,,,,,False,not_in_flare_streak
4FGL J2143.5+1743,136,137,55677.00001157408,8.61e-08,6.16e-08,6.07e-08,1.5279505474452557e-07,1.2024050359712233e-07,2.2779194531120757e-09,1.2024050359712233e-07,2.2779194531120757e-09,1.98983e-07,1.98983e-07,1.2024050359712233e-07,True,False,False,0,False,,,-0.553850399151043,3.0,False,False,,,weekly,10.0,sigma,computed,/home/lkoo/projects/AutomationDetection/DownloadedLC/incremental/quiescent_background_cache.csv,,,,,,False,not_in_flare_streak
4FGL J2143.5+1743,137,138,55684.00001157408,7.93e-08,5.4e-08,8.61e-08,1.5279505474452557e-07,1.2024050359712233e-07,2.2779194531120757e-09,1.2024050359712233e-07,2.2779194531120757e-09,1.98983e-07,1.98983e-07,1.2024050359712233e-07,False,False,False,0,False,,,-0.757483815983165,3.0,False,False,,,weekly,10.0,sigma,computed,/home/lkoo/projects/AutomationDetection/DownloadedLC/incremental/quiescent_background_cache.csv,,,,,,False,not_in_flare_streak
4FGL J2143.5+1743,138,139,55698.00001157408,1.34e-07,4.85e-08,7.93e-08,1.5279505474452557e-07,1.2024050359712233e-07,2.2779194531120757e-09,1.2024050359712233e-07,2.2779194531120757e-09,1.98983e-07,1.98983e-07,1.2024050359712233e-07,True,True,False,0,False,,,0.2833885601881497,3.0,False,False,,,weekly,10.0,sigma,computed,/home/lkoo/projects/AutomationDetection/DownloadedLC/incremental/quiescent_background_cache.csv,,,,,,False,not_in_flare_streak
4FGL J2143.5+1743,139,140,55705.00001157408,1.06e-07,4.27e-08,1.34e-07,1.5279505474452557e-07,1.2024050359712233e-07,2.2779194531120757e-09,1.2024050359712233e-07,2.2779194531120757e-09,1.98983e-07,1.98983e-07,1.2024050359712233e-07,False,False,False,0,False,,,-0.33302770863873726,3.0,False,False,,,weekly,10.0,sigma,computed,/home/lkoo/projects/AutomationDetection/DownloadedLC/incremental/quiescent_background_cache.csv,,,,,,False,not_in_flare_streak
4FGL J2143.5+1743,140,141,55712.00001157408,1.79e-07,4.43e-08,1.06e-07,1.5279505474452557e-07,1.2024050359712233e-07,2.2779194531120757e-09,1.2024050359712233e-07,2.2779194531120757e-09,1.98983e-07,1.98983e-07,1.2024050359712233e-07,True,True,False,0,False,,,1.324649405320899,3.0,False,False,,,weekly,10.0,sigma,computed,/home/lkoo/projects/AutomationDetection/DownloadedLC/incremental/quiescent_background_cache.csv,,,,,,False,not_in_flare_streak
4FGL J2143.5+1743,141,142,55719.00001157408,2.89e-07,5.42e-08,1.79e-07,1.5279505474452557e-07,1.2024050359712233e-07,2.2779194531120757e-09,1.2024050359712233e-07,2.2779194531120757e-09,1.98983e-07,1.98983e-07,1.2024050359712233e-07,True,True,False,0,False,,,3.110897581483952,3.0,True,True,55719.00001157408,55719.00001157408,weekly,10.0,sigma,computed,/home/lkoo/projects/AutomationDetection/DownloadedLC/incremental/quiescent_background_cache.csv,,,,,,False,not_in_flare_streak
4FGL J2143.5+1743,142,143,55726.00001157408,2.08e-07,5e-08,2.89e-07,1.5279505474452557e-07,1.2024050359712233e-07,2.2779194531120757e-09,1.2024050359712233e-07,2.2779194531120757e-09,1.98983e-07,1.98983e-07,1.2024050359712233e-07,False,True,False,0,False,,,1.7533712516732218,3.0,False,True,55719.00001157408,55726.00001157408,weekly,10.0,sigma,computed,/home/lkoo/projects/AutomationDetection/DownloadedLC/incremental/quiescent_background_cache.csv,,,,,,False,not_in_flare_streak
4FGL J2143.5+1743,143,144,55733.00001157408,1.4e-07,4.13e-08,2.08e-07,1.5279505474452557e-07,1.2024050359712233e-07,2.2779194531120757e-09,1.2024050359712233e-07,2.2779194531120757e-09,1.98983e-07,1.98983e-07,1.2024050359712233e-07,False,True,False,0,False,,,0.47771209211886345,3.0,False,True,55719.00001157408,55733.00001157408,weekly,10.0,sigma,computed,/home/lkoo/projects/AutomationDetection/DownloadedLC/incremental/quiescent_background_cache.csv,,,,,,False,not_in_flare_streak
4FGL J2143.5+1743,144,145,55740.00001157408,7.49e-08,4.39e-08,1.4e-07,1.5279505474452557e-07,1.2024050359712233e-07,2.2779194531120757e-09,1.2024050359712233e-07,2.2779194531120757e-09,1.98983e-07,1.98983e-07,1.2024050359712233e-07,False,False,False,0,False,,,-1.0314256959823271,3.0,False,False,,,weekly,10.0,sigma,computed,/home/lkoo/projects/AutomationDetection/DownloadedLC/incremental/quiescent_background_cache.csv,,,,,,False,not_in_flare_streak
4FGL J2143.5+1743,145,146,55747.00001157408,8.55e-08,4.02e-08,7.49e-08,1.5279505474452557e-07,1.2024050359712233e-07,2.2779194531120757e-09,1.2024050359712233e-07,2.2779194531120757e-09,1.98983e-07,1.98983e-07,1.2024050359712233e-07,True,False,False,0,False,,,-0.8628075544061937,3.0,False,False,,,weekly,10.0,sigma,computed,/home/lkoo/projects/AutomationDetection/DownloadedLC/incremental/quiescent_background_cache.csv,,,,,,False,not_in_flare_streak
4FGL J2143.5+1743,146,147,55761.00001157408,1.03e-07,4.6e-08,8.55e-08,1.5279505474452557e-07,1.2024050359712233e-07,2.2779194531120757e-09,1.2024050359712233e-07,2.2779194531120757e-09,1.98983e-07,1.98983e-07,1.2024050359712233e-07,True,False,False,0,False,,,-0.37433486005276323,3.0,False,False,,,weekly,10.0,sigma,computed,/home/lkoo/projects/AutomationDetection/DownloadedLC/incremental/quiescent_background_cache.csv,,,,,,False,not_in_flare_streak
4FGL J2143.5+1743,147,148,55768.00001157408,1.57e-07,5.05e-08,1.03e-07,1.5279505474452557e-07,1.2024050359712233e-07,2.2779194531120757e-09,1.2024050359712233e-07,2.2779194531120757e-09,1.98983e-07,1.98983e-07,1.2024050359712233e-07,True,True,False,0,False,,,0.7271714188605939,3.0,False,False,,,weekly,10.0,sigma,computed,/home/lkoo/projects/AutomationDetection/DownloadedLC/incremental/quiescent_background_cache.csv,,,,,,False,not_in_flare_streak
4FGL J2143.5+1743,148,149,55775.00001157408,1.01e-07,3.72e-08,1.57e-07,1.5279505474452557e-07,1.2024050359712233e-07,2.2779194531120757e-09,1.2024050359712233e-07,2.2779194531120757e-09,1.98983e-07,1.98983e-07,1.2024050359712233e-07,False,False,False,0,False,,,-0.5162508639553655,3.0,False,False,,,weekly,10.0,sigma,computed,/home/lkoo/projects/AutomationDetection/DownloadedLC/incremental/quiescent_background_cache.csv,,,,,,False,not_in_flare_streak
4FGL J2143.5+1743,149,150,55782.00001157408,1.43e-07,4.36e-08,1.01e-07,1.5279505474452557e-07,1.2024050359712233e-07,2.2779194531120757e-09,1.2024050359712233e-07,2.2779194531120757e-09,1.98983e-07,1.98983e-07,1.2024050359712233e-07,True,True,False,0,False,,,0.5212958107978097,3.0,False,False,,,weekly,10.0,sigma,computed,/home/lkoo/projects/AutomationDetection/DownloadedLC/incremental/quiescent_background_cache.csv,,,,,,False,not_in_flare_streak
4FGL J2143.5+1743,150,151,55789.00001157408,1.27e-07,3.94e-08,1.43e-07,1.5279505474452557e-07,1.2024050359712233e-07,2.2779194531120757e-09,1.2024050359712233e-07,2.2779194531120757e-09,1.98983e-07,1.98983e-07,1.2024050359712233e-07,False,True,False,0,False,,,0.1712748097084594,3.0,False,False,,,weekly,10.0,sigma,computed,/home/lkoo/projects/AutomationDetection/DownloadedLC/incremental/quiescent_background_cache.csv,,,,,,False,not_in_flare_streak
4FGL J2143.5+1743,151,152,55796.00001157408,1.32e-07,4.3e-08,1.27e-07,1.5279505474452557e-07,1.2024050359712233e-07,2.2779194531120757e-09,1.2024050359712233e-07,2.2779194531120757e-09,1.98983e-07,1.98983e-07,1.2024050359712233e-07,True,True,False,0,False,,,0.27309373248290436,3.0,False,False,,,weekly,10.0,sigma,computed,/home/lkoo/projects/AutomationDetection/DownloadedLC/incremental/quiescent_background_cache.csv,,,,,,False,not_in_flare_streak
4FGL J2143.5+1743,152,153,55803.00001157408,1.47e-07,5.43e-08,1.32e-07,1.5279505474452557e-07,1.2024050359712233e-07,2.2779194531120757e-09,1.2024050359712233e-07,2.2779194531120757e-09,1.98983e-07,1.98983e-07,1.2024050359712233e-07,True,True,False,0,False,,,0.4923753408748645,3.0,False,False,,,weekly,10.0,sigma,computed,/home/lkoo/projects/AutomationDetection/DownloadedLC/incremental/quiescent_background_cache.csv,,,,,,False,not_in_flare_streak
4FGL J2143.5+1743,153,154,55810.00001157408,1.35e-07,7.83e-08,1.47e-07,1.5279505474452557e-07,1.2024050359712233e-07,2.2779194531120757e-09,1.2024050359712233e-07,2.2779194531120757e-09,1.98983e-07,1.98983e-07,1.2024050359712233e-07,False,True,False,0,False,,,0.1884195973026986,3.0,False,False,,,weekly,10.0,sigma,computed,/home/lkoo/projects/AutomationDetection/DownloadedLC/incremental/quiescent_background_cache.csv,,,,,,False,not_in_flare_streak
4FGL J2143.5+1743,154,155,55817.00001157408,7.2e-08,3.11e-08,1.35e-07,1.5279505474452557e-07,1.2024050359712233e-07,2.2779194531120757e-09,1.2024050359712233e-07,2.2779194531120757e-09,1.98983e-07,1.98983e-07,1.2024050359712233e-07,False,False,False,0,False,,,-1.546997456446622,3.0,False,False,,,weekly,10.0,sigma,computed,/home/lkoo/projects/AutomationDetection/DownloadedLC/incremental/quiescent_background_cache.csv,,,,,,False,not_in_flare_streak
4FGL J2143.5+1743,155,156,55824.00001157408,1.32e-07,5.62e-08,7.2e-08,1.5279505474452557e-07,1.2024050359712233e-07,2.2779194531120757e-09,1.2024050359712233e-07,2.2779194531120757e-09,1.98983e-07,1.98983e-07,1.2024050359712233e-07,True,True,False,0,False,,,0.20907203926979792,3.0,False,False,,,weekly,10.0,sigma,computed,/home/lkoo/projects/AutomationDetection/DownloadedLC/incremental/quiescent_background_cache.csv,,,,,,False,not_in_flare_streak
4FGL J2143.5+1743,156,157,55831.00001157408,7.04e-08,3.36e-08,1.32e-07,1.5279505474452557e-07,1.2024050359712233e-07,2.2779194531120757e-09,1.2024050359712233e-07,2.2779194531120757e-09,1.98983e-07,1.98983e-07,1.2024050359712233e-07,False,False,False,0,False,,,-1.4799511504861393,3.0,False,False,,,weekly,10.0,sigma,computed,/home/lkoo/projects/AutomationDetection/DownloadedLC/incremental/quiescent_background_cache.csv,,,,,,False,not_in_flare_streak
4FGL J2143.5+1743,157,158,55845.00001157408,5.84e-08,2.57e-08,7.04e-08,1.5279505474452557e-07,1.2024050359712233e-07,2.2779194531120757e-09,1.2024050359712233e-07,2.2779194531120757e-09,1.98983e-07,1.98983e-07,1.2024050359712233e-07,False,False,False,0,False,,,-2.396848678513366,3.0,False,False,,,weekly,10.0,sigma,computed,/home/lkoo/projects/AutomationDetection/DownloadedLC/incremental/quiescent_background_cache.csv,,,,,,False,not_in_flare_streak
4FGL J2143.5+1743,158,159,55852.00001157408,1.4e-07,5.59e-08,5.84e-08,1.5279505474452557e-07,1.2024050359712233e-07,2.2779194531120757e-09,1.2024050359712233e-07,2.2779194531120757e-09,1.98983e-07,1.98983e-07,1.2024050359712233e-07,True,True,False,0,False,,,0.35318624234861706,3.0,False,False,,,weekly,10.0,sigma,computed,/home/lkoo/projects/AutomationDetection/DownloadedLC/incremental/quiescent_background_cache.csv,,,,,,False,not_in_flare_streak
4FGL J2143.5+1743,159,160,55859.00001157408,1.85e-07,5.87e-08,1.4e-07,1.5279505474452557e-07,1.2024050359712233e-07,2.2779194531120757e-09,1.2024050359712233e-07,2.2779194531120757e-09,1.98983e-07,1.98983e-07,1.2024050359712233e-07,True,True,False,0,False,,,1.1023984710503063,3.0,False,False,,,weekly,10.0,sigma,computed,/home/lkoo/projects/AutomationDetection/DownloadedLC/incremental/quiescent_background_cache.csv,,,,,,False,not_in_flare_streak
4FGL J2143.5+1743,160,161,55866.00001157408,2.21e-07,5.64e-08,1.85e-07,1.5279505474452557e-07,1.2024050359712233e-07,2.2779194531120757e-09,1.2024050359712233e-07,2.2779194531120757e-09,1.98983e-07,1.98983e-07,1.2024050359712233e-07,True,True,False,0,False,,,1.7850605536395177,3.0,False,False,,,weekly,10.0,sigma,computed,/home/lkoo/projects/AutomationDetection/DownloadedLC/incremental/quiescent_background_cache.csv,,,,,,False,not_in_flare_streak
4FGL J2143.5+1743,161,162,55873.00001157408,1.24e-07,6.35e-08,2.21e-07,1.5279505474452557e-07,1.2024050359712233e-07,2.2779194531120757e-09,1.2024050359712233e-07,2.2779194531120757e-09,1.98983e-07,1.98983e-07,1.2024050359712233e-07,False,True,False,0,False,,,0.05916661060670307,3.0,False,False,,,weekly,10.0,sigma,computed,/home/lkoo/projects/AutomationDetection/DownloadedLC/incremental/quiescent_background_cache.csv,,,,,,False,not_in_flare_streak
4FGL J2143.5+1743,162,163,55880.00001157408,1.16e-07,4.08e-08,1.24e-07,1.5279505474452557e-07,1.2024050359712233e-07,2.2779194531120757e-09,1.2024050359712233e-07,2.2779194531120757e-09,1.98983e-07,1.98983e-07,1.2024050359712233e-07,False,False,False,0,False,,,-0.10377230110712941,3.0,False,False,,,weekly,10.0,sigma,computed,/home/lkoo/projects/AutomationDetection/DownloadedLC/incremental/quiescent_background_cache.csv,,,,,,False,not_in_flare_streak
4FGL J2143.5+1743,163,164,55887.00001157408,1.61e-07,4.17e-08,1.16e-07,1.5279505474452557e-07,1.2024050359712233e-07,2.2779194531120757e-09,1.2024050359712233e-07,2.2779194531120757e-09,1.98983e-07,1.98983e-07,1.2024050359712233e-07,True,True,False,0,False,,,0.9759908438437193,3.0,False,False,,,weekly,10.0,sigma,computed,/home/lkoo/projects/AutomationDetection/DownloadedLC/incremental/quiescent_background_cache.csv,,,,,,False,not_in_flare_streak
4FGL J2143.5+1743,164,165,55894.00001157408,1.06e-07,3.63e-08,1.61e-07,1.5279505474452557e-07,1.2024050359712233e-07,2.2779194531120757e-09,1.2024050359712233e-07,2.2779194531120757e-09,1.98983e-07,1.98983e-07,1.2024050359712233e-07,False,False,False,0,False,,,-0.3915302307107046,3.0,False,False,,,weekly,10.0,sigma,computed,/home/lkoo/projects/AutomationDetection/DownloadedLC/incremental/quiescent_background_cache.csv,,,,,,False,not_in_flare_streak
4FGL J2143.5+1743,165,166,55901.00001157408,1.12e-07,4.32e-08,1.06e-07,1.5279505474452557e-07,1.2024050359712233e-07,2.2779194531120757e-09,1.2024050359712233e-07,2.2779194531120757e-09,1.98983e-07,1.98983e-07,1.2024050359712233e-07,True,False,False,0,False,,,-0.19048776461991923,3.0,False,False,,,weekly,10.0,sigma,computed,/home/lkoo/projects/AutomationDetection/DownloadedLC/incremental/quiescent_background_cache.csv,,,,,,False,not_in_flare_streak
4FGL J2143.5+1743,166,167,55915.00001157408,1.44e-07,5.41e-08,1.12e-07,1.5279505474452557e-07,1.2024050359712233e-07,2.2779194531120757e-09,1.2024050359712233e-07,2.2779194531120757e-09,1.98983e-07,1.98983e-07,1.2024050359712233e-07,True,True,False,0,False,,,0.43878859260449554,3.0,False,False,,,weekly,10.0,sigma,computed,/home/lkoo/projects/AutomationDetection/DownloadedLC/incremental/quiescent_background_cache.csv,,,,,,False,not_in_flare_streak
4FGL J2143.5+1743,167,168,55922.00001157408,1.27e-07,5.06e-08,1.44e-07,1.5279505474452557e-07,1.2024050359712233e-07,2.2779194531120757e-09,1.2024050359712233e-07,2.2779194531120757e-09,1.98983e-07,1.98983e-07,1.2024050359712233e-07,False,True,False,0,False,,,0.13345172486169105,3.0,False,False,,,weekly,10.0,sigma,computed,/home/lkoo/projects/AutomationDetection/DownloadedLC/incremental/quiescent_background_cache.csv,,,,,,False,not_in_flare_streak
4FGL J2143.5+1743,168,169,55936.00001157408,1.77e-07,5.34e-08,1.27e-07,1.5279505474452557e-07,1.2024050359712233e-07,2.2779194531120757e-09,1.2024050359712233e-07,2.2779194531120757e-09,1.98983e-07,1.98983e-07,1.2024050359712233e-07,True,True,False,0,False,,,1.0619461575078828,3.0,False,False,,,weekly,10.0,sigma,computed,/home/lkoo/projects/AutomationDetection/DownloadedLC/incremental/quiescent_background_cache.csv,,,,,,False,not_in_flare_streak
4FGL J2143.5+1743,169,170,55943.00001157408,1.23e-07,4.86e-08,1.77e-07,1.5279505474452557e-07,1.2024050359712233e-07,2.2779194531120757e-09,1.2024050359712233e-07,2.2779194531120757e-09,1.98983e-07,1.98983e-07,1.2024050359712233e-07,False,True,False,0,False,,,0.056717495097688274,3.0,False,False,,,weekly,10.0,sigma,computed,/home/lkoo/projects/AutomationDetection/DownloadedLC/incremental/quiescent_background_cache.csv,,,,,,False,not_in_flare_streak
4FGL J2143.5+1743,170,171,55950.00001157408,3.02e-08,2.22e-08,1.23e-07,1.5279505474452557e-07,1.2024050359712233e-07,2.2779194531120757e-09,1.2024050359712233e-07,2.2779194531120757e-09,1.98983e-07,1.98983e-07,1.2024050359712233e-07,False,False,False,0,False,,,-4.0346943058651155,3.0,False,False,,,weekly,10.0,sigma,computed,/home/lkoo/projects/AutomationDetection/DownloadedLC/incremental/quiescent_background_cache.csv,,,,,,False,not_in_flare_streak
4FGL J2143.5+1743,171,172,55957.00001157408,1.47e-07,4.96e-08,3.02e-08,1.5279505474452557e-07,1.2024050359712233e-07,2.2779194531120757e-09,1.2024050359712233e-07,2.2779194531120757e-09,1.98983e-07,1.98983e-07,1.2024050359712233e-07,True,True,False,0,False,,,0.538937917057348,3.0,False,False,,,weekly,10.0,sigma,computed,/home/lkoo/projects/AutomationDetection/DownloadedLC/incremental/quiescent_background_cache.csv,,,,,,False,not_in_flare_streak
4FGL J2143.5+1743,172,173,55964.00001157408,2.87e-07,6.68e-08,1.47e-07,1.5279505474452557e-07,1.2024050359712233e-07,2.2779194531120757e-09,1.2024050359712233e-07,2.2779194531120757e-09,1.98983e-07,1.98983e-07,1.2024050359712233e-07,True,True,False,0,False,,,2.4949494418910096,3.0,False,False,,,weekly,10.0,sigma,computed,/home/lkoo/projects/AutomationDetection/DownloadedLC/incremental/quiescent_background_cache.csv,,,,,,False,not_in_flare_streak
4FGL J2143.5+1743,173,174,55971.00001157408,1.71e-07,5.3e-08,2.87e-07,1.5279505474452557e-07,1.2024050359712233e-07,2.2779194531120757e-09,1.2024050359712233e-07,2.2779194531120757e-09,1.98983e-07,1.98983e-07,1.2024050359712233e-07,False,True,False,0,False,,,0.9568429922700462,3.0,False,False,,,weekly,10.0,sigma,computed,/home/lkoo/projects/AutomationDetection/DownloadedLC/incremental/quiescent_background_cache.csv,,,,,,False,not_in_flare_streak
4FGL J2143.5+1743,174,175,55978.00001157408,1.8e-07,5.42e-08,1.71e-07,1.5279505474452557e-07,1.2024050359712233e-07,2.2779194531120757e-09,1.2024050359712233e-07,2.2779194531120757e-09,1.98983e-07,1.98983e-07,1.2024050359712233e-07,True,True,False,0,False,,,1.1016012538138922,3.0,False,False,,,weekly,10.0,sigma,computed,/home/lkoo/projects/AutomationDetection/DownloadedLC/incremental/quiescent_background_cache.csv,,,,,,False,not_in_flare_streak
4FGL J2143.5+1743,175,176,55985.00001157408,8.32e-08,4.58e-08,1.8e-07,1.5279505474452557e-07,1.2024050359712233e-07,2.2779194531120757e-09,1.2024050359712233e-07,2.2779194531120757e-09,1.98983e-07,1.98983e-07,1.2024050359712233e-07,False,False,False,0,False,,,-0.8077461791349136,3.0,False,False,,,weekly,10.0,sigma,computed,/home/lkoo/projects/AutomationDetection/DownloadedLC/incremental/quiescent_background_cache.csv,,,,,,False,not_in_flare_streak
4FGL J2143.5+1743,176,177,55992.00001157408,1.97e-07,4.78e-08,8.32e-08,1.5279505474452557e-07,1.2024050359712233e-07,2.2779194531120757e-09,1.2024050359712233e-07,2.2779194531120757e-09,1.98983e-07,1.98983e-07,1.2024050359712233e-07,True,True,False,0,False,,,1.6040268495888834,3.0,False,False,,,weekly,10.0,sigma,computed,/home/lkoo/projects/AutomationDetection/DownloadedLC/incremental/quiescent_background_cache.csv,,,,,,False,not_in_flare_streak
4FGL J2143.5+1743,177,178,55999.00001157408,2.48e-07,5.32e-08,1.97e-07,1.5279505474452557e-07,1.2024050359712233e-07,2.2779194531120757e-09,1.2024050359712233e-07,2.2779194531120757e-09,1.98983e-07,1.98983e-07,1.2024050359712233e-07,True,True,False,0,False,,,2.399295884985756,3.0,False,False,,,weekly,10.0,sigma,computed,/home/lkoo/projects/AutomationDetection/DownloadedLC/incremental/quiescent_background_cache.csv,,,,,,False,not_in_flare_streak
4FGL J2143.5+1743,178,179,56006.00001157408,1.87e-07,5.03e-08,2.48e-07,1.5279505474452557e-07,1.2024050359712233e-07,2.2779194531120757e-09,1.2024050359712233e-07,2.2779194531120757e-09,1.98983e-07,1.98983e-07,1.2024050359712233e-07,False,True,False,0,False,,,1.3258676657005237,3.0,False,False,,,weekly,10.0,sigma,computed,/home/lkoo/projects/AutomationDetection/DownloadedLC/incremental/quiescent_background_cache.csv,,,,,,False,not_in_flare_streak
4FGL J2143.5+1743,179,180,56013.00001157408,2.99e-07,5.86e-08,1.87e-07,1.5279505474452557e-07,1.2024050359712233e-07,2.2779194531120757e-09,1.2024050359712233e-07,2.2779194531120757e-09,1.98983e-07,1.98983e-07,1.2024050359712233e-07,True,True,False,0,False,,,3.04820121459677,3.0,True,True,56013.00001157408,56013.00001157408,weekly,10.0,sigma,computed,/home/lkoo/projects/AutomationDetection/DownloadedLC/incremental/quiescent_background_cache.csv,,,,,,False,not_in_flare_streak
4FGL J2143.5+1743,180,181,56020.00001157408,2.13e-07,4.91e-08,2.99e-07,1.5279505474452557e-07,1.2024050359712233e-07,2.2779194531120757e-09,1.2024050359712233e-07,2.2779194531120757e-09,1.98983e-07,1.98983e-07,1.2024050359712233e-07,False,True,False,0,False,,,1.8871656133105266,3.0,False,True,56013.00001157408,56020.00001157408,weekly,10.0,sigma,computed,/home/lkoo/projects/AutomationDetection/DownloadedLC/incremental/quiescent_background_cache.csv,,,,,,False,not_in_flare_streak
4FGL J2143.5+1743,181,182,56027.00001157408,1.06e-07,4.43e-08,2.13e-07,1.5279505474452557e-07,1.2024050359712233e-07,2.2779194531120757e-09,1.2024050359712233e-07,2.2779194531120757e-09,1.98983e-07,1.98983e-07,1.2024050359712233e-07,False,False,False,0,False,,,-0.3210319314526051,3.0,False,False,,,weekly,10.0,sigma,computed,/home/lkoo/projects/AutomationDetection/DownloadedLC/incremental/quiescent_background_cache.csv,,,,,,False,not_in_flare_streak
4FGL J2143.5+1743,182,183,56034.00001157408,8.72e-08,3.67e-08,1.06e-07,1.5279505474452557e-07,1.2024050359712233e-07,2.2779194531120757e-09,1.2024050359712233e-07,2.2779194531120757e-09,1.98983e-07,1.98983e-07,1.2024050359712233e-07,False,False,False,0,False,,,-0.8985570121684333,3.0,False,False,,,weekly,10.0,sigma,computed,/home/lkoo/projects/AutomationDetection/DownloadedLC/incremental/quiescent_background_cache.csv,,,,,,False,not_in_flare_streak
4FGL J2143.5+1743,183,184,56041.00001157408,1.59e-07,4.62e-08,8.72e-08,1.5279505474452557e-07,1.2024050359712233e-07,2.2779194531120757e-09,1.2024050359712233e-07,2.2779194531120757e-09,1.98983e-07,1.98983e-07,1.2024050359712233e-07,True,True,False,0,False,,,0.8379322318986067,3.0,False,False,,,weekly,10.0,sigma,computed,/home/lkoo/projects/AutomationDetection/DownloadedLC/incremental/quiescent_background_cache.csv,,,,,,False,not_in_flare_streak
4FGL J2143.5+1743,184,185,56048.00001157408,9.68e-08,3.96e-08,1.59e-07,1.5279505474452557e-07,1.2024050359712233e-07,2.2779194531120757e-09,1.2024050359712233e-07,2.2779194531120757e-09,1.98983e-07,1.98983e-07,1.2024050359712233e-07,False,False,False,0,False,,,-0.5909550048606823,3.0,False,False,,,weekly,10.0,sigma,computed,/home/lkoo/projects/AutomationDetection/DownloadedLC/incremental/quiescent_background_cache.csv,,,,,,False,not_in_flare_streak
4FGL J2143.5+1743,185,186,56055.00001157408,8.78e-08,4.2e-08,9.68e-08,1.5279505474452557e-07,1.2024050359712233e-07,2.2779194531120757e-09,1.2024050359712233e-07,2.2779194531120757e-09,1.98983e-07,1.98983e-07,1.2024050359712233e-07,False,False,False,0,False,,,-0.7712594216895474,3.0,False,False,,,weekly,10.0,sigma,computed,/home/lkoo/projects/AutomationDetection/DownloadedLC/incremental/quiescent_background_cache.csv,,,,,,False,not_in_flare_streak
4FGL J2143.5+1743,186,187,56062.00001157408,1.47e-07,5.03e-08,8.78e-08,1.5279505474452557e-07,1.2024050359712233e-07,2.2779194531120757e-09,1.2024050359712233e-07,2.2779194531120757e-09,1.98983e-07,1.98983e-07,1.2024050359712233e-07,True,True,False,0,False,,,0.5314532454962563,3.0,False,False,,,weekly,10.0,sigma,computed,/home/lkoo/projects/AutomationDetection/DownloadedLC/incremental/quiescent_background_cache.csv,,,,,,False,not_in_flare_streak
4FGL J2143.5+1743,187,188,56069.00001157408,9.66e-08,4.35e-08,1.47e-07,1.5279505474452557e-07,1.2024050359712233e-07,2.2779194531120757e-09,1.2024050359712233e-07,2.2779194531120757e-09,1.98983e-07,1.98983e-07,1.2024050359712233e-07,False,False,False,0,False,,,-0.5427162455582871,3.0,False,False,,,weekly,10.0,sigma,computed,/home/lkoo/projects/AutomationDetection/DownloadedLC/incremental/quiescent_background_cache.csv,,,,,,False,not_in_flare_streak
4FGL J2143.5+1743,188,189,56083.00001157408,5.84e-08,3.64e-08,9.66e-08,1.5279505474452557e-07,1.2024050359712233e-07,2.2779194531120757e-09,1.2024050359712233e-07,2.2779194531120757e-09,1.98983e-07,1.98983e-07,1.2024050359712233e-07,False,False,False,0,False,,,-1.6955979584613055,3.0,False,False,,,weekly,10.0,sigma,computed,/home/lkoo/projects/AutomationDetection/DownloadedLC/incremental/quiescent_background_cache.csv,,,,,,False,not_in_flare_streak
4FGL J2143.5+1743,189,190,56090.00001157408,2.1e-07,5.04e-08,5.84e-08,1.5279505474452557e-07,1.2024050359712233e-07,2.2779194531120757e-09,1.2024050359712233e-07,2.2779194531120757e-09,1.98983e-07,1.98983e-07,1.2024050359712233e-07,True,True,False,0,False,,,1.7791261591994565,3.0,False,False,,,weekly,10.0,sigma,computed,/home/lkoo/projects/AutomationDetection/DownloadedLC/incremental/quiescent_background_cache.csv,,,,,,False,not_in_flare_streak
4FGL J2143.5+1743,190,191,56097.00001157408,1.31e-07,4.21e-08,2.1e-07,1.5279505474452557e-07,1.2024050359712233e-07,2.2779194531120757e-09,1.2024050359712233e-07,2.2779194531120757e-09,1.98983e-07,1.98983e-07,1.2024050359712233e-07,False,True,False,0,False,,,0.2551967012079041,3.0,False,False,,,weekly,10.0,sigma,computed,/home/lkoo/projects/AutomationDetection/DownloadedLC/incremental/quiescent_background_cache.csv,,,,,,False,not_in_flare_streak
4FGL J2143.5+1743,191,192,56104.00001157408,4.09e-08,3.11e-08,1.31e-07,1.5279505474452557e-07,1.2024050359712233e-07,2.2779194531120757e-09,1.2024050359712233e-07,2.2779194531120757e-09,1.98983e-07,1.98983e-07,1.2024050359712233e-07,False,False,False,0,False,,,-2.5443257865422457,3.0,False,False,,,weekly,10.0,sigma,computed,/home/lkoo/projects/AutomationDetection/DownloadedLC/incremental/quiescent_background_cache.csv,,,,,,False,not_in_flare_streak
4FGL J2143.5+1743,192,193,56118.00001157408,1.24e-07,4.38e-08,4.09e-08,1.5279505474452557e-07,1.2024050359712233e-07,2.2779194531120757e-09,1.2024050359712233e-07,2.2779194531120757e-09,1.98983e-07,1.98983e-07,1.2024050359712233e-07,True,True,False,0,False,,,0.08571740704124958,3.0,False,False,,,weekly,10.0,sigma,computed,/home/lkoo/projects/AutomationDetection/DownloadedLC/incremental/quiescent_background_cache.csv,,,,,,False,not_in_flare_streak
4FGL J2143.5+1743,193,194,56125.00001157408,5.45e-08,3.8e-08,1.24e-07,1.5279505474452557e-07,1.2024050359712233e-07,2.2779194531120757e-09,1.2024050359712233e-07,2.2779194531120757e-09,1.98983e-07,1.98983e-07,1.2024050359712233e-07,False,False,False,0,False,,,-1.726913261539644,3.0,False,False,,,weekly,10.0,sigma,computed,/home/lkoo/projects/AutomationDetection/DownloadedLC/incremental/quiescent_background_cache.csv,,,,,,False,not_in_flare_streak
4FGL J2143.5+1743,194,195,56132.00001157408,6.29e-08,6.29e-08,5.45e-08,1.5279505474452557e-07,1.2024050359712233e-07,2.2779194531120757e-09,1.2024050359712233e-07,2.2779194531120757e-09,1.98983e-07,1.98983e-07,1.2024050359712233e-07,True,False,False,0,False,,,-0.9110165165305634,3.0,False,False,,,weekly,10.0,sigma,computed,/home/lkoo/projects/AutomationDetection/DownloadedLC/incremental/quiescent_background_cache.csv,,,,,,False,not_in_flare_streak
4FGL J2143.5+1743,195,196,56146.00001157408,2.08e-07,5.49e-08,6.29e-08,1.5279505474452557e-07,1.2024050359712233e-07,2.2779194531120757e-09,1.2024050359712233e-07,2.2779194531120757e-09,1.98983e-07,1.98983e-07,1.2024050359712233e-07,True,True,False,0,False,,,1.5971593892118554,3.0,False,False,,,weekly,10.0,sigma,computed,/home/lkoo/projects/AutomationDetection/DownloadedLC/incremental/quiescent_background_cache.csv,,,,,,False,not_in_flare_streak
4FGL J2143.5+1743,196,197,56153.00001157408,8.9e-08,4.3e-08,2.08e-07,1.5279505474452557e-07,1.2024050359712233e-07,2.2779194531120757e-09,1.2024050359712233e-07,2.2779194531120757e-09,1.98983e-07,1.98983e-07,1.2024050359712233e-07,False,False,False,0,False,,,-0.7255060454711287,3.0,False,False,,,weekly,10.0,sigma,computed,/home/lkoo/projects/AutomationDetection/DownloadedLC/incremental/quiescent_background_cache.csv,,,,,,False,not_in_flare_streak
4FGL J2143.5+1743,197,198,56160.00001157408,5.45e-08,2.81e-08,8.9e-08,1.5279505474452557e-07,1.2024050359712233e-07,2.2779194531120757e-09,1.2024050359712233e-07,2.2779194531120757e-09,1.98983e-07,1.98983e-07,1.2024050359712233e-07,False,False,False,0,False,,,-2.331870311988118,3.0,False,False,,,weekly,10.0,sigma,computed,/home/lkoo/projects/AutomationDetection/DownloadedLC/incremental/quiescent_background_cache.csv,,,,,,False,not_in_flare_streak
4FGL J2143.5+1743,198,199,56167.00001157408,1.59e-07,4.61e-08,5.45e-08,1.5279505474452557e-07,1.2024050359712233e-07,2.2779194531120757e-09,1.2024050359712233e-07,2.2779194531120757e-09,1.98983e-07,1.98983e-07,1.2024050359712233e-07,True,True,False,0,False,,,0.8397454499493201,3.0,False,False,,,weekly,10.0,sigma,computed,/home/lkoo/projects/AutomationDetection/DownloadedLC/incremental/quiescent_background_cache.csv,,,,,,False,not_in_flare_streak
4FGL J2143.5+1743,199,200,56174.00001157408,1.55e-07,5.04e-08,1.59e-07,1.5279505474452557e-07,1.2024050359712233e-07,2.2779194531120757e-09,1.2024050359712233e-07,2.2779194531120757e-09,1.98983e-07,1.98983e-07,1.2024050359712233e-07,False,True,False,0,False,,,0.6889692100475782,3.0,False,False,,,weekly,10.0,sigma,computed,/home/lkoo/projects/AutomationDetection/DownloadedLC/incremental/quiescent_background_cache.csv,,,,,,False,not_in_flare_streak
4FGL J2143.5+1743,200,201,56181.00001157408,4.77e-08,3.23e-08,1.55e-07,1.5279505474452557e-07,1.2024050359712233e-07,2.2779194531120757e-09,1.2024050359712233e-07,2.2779194531120757e-09,1.98983e-07,1.98983e-07,1.2024050359712233e-07,False,False,False,0,False,,,-2.2402718160760404,3.0,False,False,,,weekly,10.0,sigma,computed,/home/lkoo/projects/AutomationDetection/DownloadedLC/incremental/quiescent_background_cache.csv,,,,,,False,not_in_flare_streak
4FGL J2143.5+1743,201,202,56188.00001157408,1.62e-07,6.13e-08,4.77e-08,1.5279505474452557e-07,1.2024050359712233e-07,2.2779194531120757e-09,1.2024050359712233e-07,2.2779194531120757e-09,1.98983e-07,1.98983e-07,1.2024050359712233e-07,True,True,False,0,False,,,0.6807617261528071,3.0,False,False,,,weekly,10.0,sigma,computed,/home/lkoo/projects/AutomationDetection/DownloadedLC/incremental/quiescent_background_cache.csv,,,,,,False,not_in_flare_streak
4FGL J2143.5+1743,202,203,56195.00001157408,7.4e-08,3.37e-08,1.62e-07,1.5279505474452557e-07,1.2024050359712233e-07,2.2779194531120757e-09,1.2024050359712233e-07,2.2779194531120757e-09,1.98983e-07,1.98983e-07,1.2024050359712233e-07,False,False,False,0,False,,,-1.368997887421116,3.0,False,False,,,weekly,10.0,sigma,computed,/home/lkoo/projects/AutomationDetection/DownloadedLC/incremental/quiescent_background_cache.csv,,,,,,False,not_in_flare_streak
4FGL J2143.5+1743,203,204,56202.00001157408,3.99e-08,2.24e-08,7.4e-08,1.5279505474452557e-07,1.2024050359712233e-07,2.2779194531120757e-09,1.2024050359712233e-07,2.2779194531120757e-09,1.98983e-07,1.98983e-07,1.2024050359712233e-07,False,False,False,0,False,,,-3.5682267926325593,3.0,False,False,,,weekly,10.0,sigma,computed,/home/lkoo/projects/AutomationDetection/DownloadedLC/incremental/quiescent_background_cache.csv,,,,,,False,not_in_flare_streak
4FGL J2143.5+1743,204,205,56209.00001157408,8.14e-08,4.11e-08,3.99e-08,1.5279505474452557e-07,1.2024050359712233e-07,2.2779194531120757e-09,1.2024050359712233e-07,2.2779194531120757e-09,1.98983e-07,1.98983e-07,1.2024050359712233e-07,True,False,False,0,False,,,-0.9435762903440569,3.0,False,False,,,weekly,10.0,sigma,computed,/home/lkoo/projects/AutomationDetection/DownloadedLC/incremental/quiescent_background_cache.csv,,,,,,False,not_in_flare_streak
4FGL J2143.5+1743,205,206,56216.00001157408,4.56e-08,3.13e-08,8.14e-08,1.5279505474452557e-07,1.2024050359712233e-07,2.2779194531120757e-09,1.2024050359712233e-07,2.2779194531120757e-09,1.98983e-07,1.98983e-07,1.2024050359712233e-07,False,False,False,0,False,,,-2.3783903852295456,3.0,False,False,,,weekly,10.0,sigma,computed,/home/lkoo/projects/AutomationDetection/DownloadedLC/incremental/quiescent_background_cache.csv,,,,,,False,not_in_flare_streak
4FGL J2143.5+1743,206,207,56223.00001157408,1.25e-07,4.9e-08,4.56e-08,1.5279505474452557e-07,1.2024050359712233e-07,2.2779194531120757e-09,1.2024050359712233e-07,2.2779194531120757e-09,1.98983e-07,1.98983e-07,1.2024050359712233e-07,True,True,False,0,False,,,0.09702779051463777,3.0,False,False,,,weekly,10.0,sigma,computed,/home/lkoo/projects/AutomationDetection/DownloadedLC/incremental/quiescent_background_cache.csv,,,,,,False,not_in_flare_streak
4FGL J2143.5+1743,207,208,56230.00001157408,1.39e-07,5.46e-08,1.25e-07,1.5279505474452557e-07,1.2024050359712233e-07,2.2779194531120757e-09,1.2024050359712233e-07,2.2779194531120757e-09,1.98983e-07,1.98983e-07,1.2024050359712233e-07,True,True,False,0,False,,,0.3432818970366423,3.0,False,False,,,weekly,10.0,sigma,computed,/home/lkoo/projects/AutomationDetection/DownloadedLC/incremental/quiescent_background_cache.csv,,,,,,False,not_in_flare_streak
4FGL J2143.5+1743,208,209,56237.00001157408,1.14e-07,4.7e-08,1.39e-07,1.5279505474452557e-07,1.2024050359712233e-07,2.2779194531120757e-09,1.2024050359712233e-07,2.2779194531120757e-09,1.98983e-07,1.98983e-07,1.2024050359712233e-07,False,False,False,0,False,,,-0.13262100099683768,3.0,False,False,,,weekly,10.0,sigma,computed,/home/lkoo/projects/AutomationDetection/DownloadedLC/incremental/quiescent_background_cache.csv,,,,,,False,not_in_flare_streak
4FGL J2143.5+1743,209,210,56244.00001157408,1.41e-07,5.9e-08,1.14e-07,1.5279505474452557e-07,1.2024050359712233e-07,2.2779194531120757e-09,1.2024050359712233e-07,2.2779194531120757e-09,1.98983e-07,1.98983e-07,1.2024050359712233e-07,True,True,False,0,False,,,0.3515939188790549,3.0,False,False,,,weekly,10.0,sigma,computed,/home/lkoo/projects/AutomationDetection/DownloadedLC/incremental/quiescent_background_cache.csv,,,,,,False,not_in_flare_streak
4FGL J2143.5+1743,210,211,56251.00001157408,8.3e-08,4.02e-08,1.41e-07,1.5279505474452557e-07,1.2024050359712233e-07,2.2779194531120757e-09,1.2024050359712233e-07,2.2779194531120757e-09,1.98983e-07,1.98983e-07,1.2024050359712233e-07,False,False,False,0,False,,,-0.9248970080027777,3.0,False,False,,,weekly,10.0,sigma,computed,/home/lkoo/projects/AutomationDetection/DownloadedLC/incremental/quiescent_background_cache.csv,,,,,,False,not_in_flare_streak
4FGL J2143.5+1743,211,212,56258.00001157408,1.18e-07,4.29e-08,8.3e-08,1.5279505474452557e-07,1.2024050359712233e-07,2.2779194531120757e-09,1.2024050359712233e-07,2.2779194531120757e-09,1.98983e-07,1.98983e-07,1.2024050359712233e-07,True,False,False,0,False,,,-0.05215272220922767,3.0,False,False,,,weekly,10.0,sigma,computed,/home/lkoo/projects/AutomationDetection/DownloadedLC/incremental/quiescent_background_cache.csv,,,,,,False,not_in_flare_streak
4FGL J2143.5+1743,212,213,56265.00001157408,9.69e-08,4.06e-08,1.18e-07,1.5279505474452557e-07,1.2024050359712233e-07,2.2779194531120757e-09,1.2024050359712233e-07,2.2779194531120757e-09,1.98983e-07,1.98983e-07,1.2024050359712233e-07,False,False,False,0,False,,,-0.5739865271716651,3.0,False,False,,,weekly,10.0,sigma,computed,/home/lkoo/projects/AutomationDetection/DownloadedLC/incremental/quiescent_background_cache.csv,,,,,,False,not_in_flare_streak
4FGL J2143.5+1743,213,214,56272.00001157408,5.34e-08,3.69e-08,9.69e-08,1.5279505474452557e-07,1.2024050359712233e-07,2.2779194531120757e-09,1.2024050359712233e-07,2.2779194531120757e-09,1.98983e-07,1.98983e-07,1.2024050359712233e-07,False,False,False,0,False,,,-1.8079540993390115,3.0,False,False,,,weekly,10.0,sigma,computed,/home/lkoo/projects/AutomationDetection/DownloadedLC/incremental/quiescent_background_cache.csv,,,,,,False,not_in_flare_streak
4FGL J2143.5+1743,214,215,56286.00001157408,1.43e-07,5.62e-08,5.34e-08,1.5279505474452557e-07,1.2024050359712233e-07,2.2779194531120757e-09,1.2024050359712233e-07,2.2779194531120757e-09,1.98983e-07,1.98983e-07,1.2024050359712233e-07,True,True,False,0,False,,,0.4046409950462542,3.0,False,False,,,weekly,10.0,sigma,computed,/home/lkoo/projects/AutomationDetection/DownloadedLC/incremental/quiescent_background_cache.csv,,,,,,False,not_in_flare_streak
4FGL J2143.5+1743,215,216,56293.00001157408,2.75e-08,2.3e-08,1.43e-07,1.5279505474452557e-07,1.2024050359712233e-07,2.2779194531120757e-09,1.2024050359712233e-07,2.2779194531120757e-09,1.98983e-07,1.98983e-07,1.2024050359712233e-07,False,False,False,0,False,,,-4.0125643766216506,3.0,False,False,,,weekly,10.0,sigma,computed,/home/lkoo/projects/AutomationDetection/DownloadedLC/incremental/quiescent_background_cache.csv,,,,,,False,not_in_flare_streak
4FGL J2143.5+1743,216,217,56300.00001157408,9.68e-08,4.51e-08,2.75e-08,1.5279505474452557e-07,1.2024050359712233e-07,2.2779194531120757e-09,1.2024050359712233e-07,2.2779194531120757e-09,1.98983e-07,1.98983e-07,1.2024050359712233e-07,True,False,False,0,False,,,-0.5190834016025371,3.0,False,False,,,weekly,10.0,sigma,computed,/home/lkoo/projects/AutomationDetection/DownloadedLC/incremental/quiescent_background_cache.csv,,,,,,False,not_in_flare_streak
4FGL J2143.5+1743,217,218,56307.00001157408,1.04e-07,5.51e-08,9.68e-08,1.5279505474452557e-07,1.2024050359712233e-07,2.2779194531120757e-09,1.2024050359712233e-07,2.2779194531120757e-09,1.98983e-07,1.98983e-07,1.2024050359712233e-07,True,False,False,0,False,,,-0.294494425518253,3.0,False,False,,,weekly,10.0,sigma,computed,/home/lkoo/projects/AutomationDetection/DownloadedLC/incremental/quiescent_background_cache.csv,,,,,,False,not_in_flare_streak
4FGL J2143.5+1743,218,219,56314.00001157408,3.44e-07,5.73e-08,1.04e-07,1.5279505474452557e-07,1.2024050359712233e-07,2.2779194531120757e-09,1.2024050359712233e-07,2.2779194531120757e-09,1.98983e-07,1.98983e-07,1.2024050359712233e-07,True,True,False,0,False,,,3.9019701704031613,3.0,True,True,56314.00001157408,56314.00001157408,weekly,10.0,sigma,computed,/home/lkoo/projects/AutomationDetection/DownloadedLC/incremental/quiescent_background_cache.csv,,,,,,False,not_in_flare_streak
4FGL J2143.5+1743,219,220,56321.00001157408,8.05e-08,3.3e-08,3.44e-07,1.5279505474452557e-07,1.2024050359712233e-07,2.2779194531120757e-09,1.2024050359712233e-07,2.2779194531120757e-09,1.98983e-07,1.98983e-07,1.2024050359712233e-07,False,False,False,0,False,,,-1.2013988460954244,3.0,False,False,,,weekly,10.0,sigma,computed,/home/lkoo/projects/AutomationDetection/DownloadedLC/incremental/quiescent_background_cache.csv,,,,,,False,not_in_flare_streak
4FGL J2143.5+1743,220,221,56328.00001157408,1.86e-07,4.8e-08,8.05e-08,1.5279505474452557e-07,1.2024050359712233e-07,2.2779194531120757e-09,1.2024050359712233e-07,2.2779194531120757e-09,1.98983e-07,1.98983e-07,1.2024050359712233e-07,True,True,False,0,False,,,1.3684494092234367,3.0,False,False,,,weekly,10.0,sigma,computed,/home/lkoo/projects/AutomationDetection/DownloadedLC/incremental/quiescent_background_cache.csv,,,,,,False,not_in_flare_streak
4FGL J2143.5+1743,221,222,56335.00001157408,2.17e-07,5.29e-08,1.86e-07,1.5279505474452557e-07,1.2024050359712233e-07,2.2779194531120757e-09,1.2024050359712233e-07,2.2779194531120757e-09,1.98983e-07,1.98983e-07,1.2024050359712233e-07,True,True,False,0,False,,,1.8274085712038655,3.0,False,False,,,weekly,10.0,sigma,computed,/home/lkoo/projects/AutomationDetection/DownloadedLC/incremental/quiescent_background_cache.csv,,,,,,False,not_in_flare_streak
4FGL J2143.5+1743,222,223,56342.00001157408,6.29e-08,4.71e-08,2.17e-07,1.5279505474452557e-07,1.2024050359712233e-07,2.2779194531120757e-09,1.2024050359712233e-07,2.2779194531120757e-09,1.98983e-07,1.98983e-07,1.2024050359712233e-07,False,False,False,0,False,,,-1.2159991627827786,3.0,False,False,,,weekly,10.0,sigma,computed,/home/lkoo/projects/AutomationDetection/DownloadedLC/incremental/quiescent_background_cache.csv,,,,,,False,not_in_flare_streak
4FGL J2143.5+1743,223,224,56349.00001157408,2.75e-08,2.19e-08,6.29e-08,1.5279505474452557e-07,1.2024050359712233e-07,2.2779194531120757e-09,1.2024050359712233e-07,2.2779194531120757e-09,1.98983e-07,1.98983e-07,1.2024050359712233e-07,False,False,False,0,False,,,-4.212002587954934,3.0,False,False,,,weekly,10.0,sigma,computed,/home/lkoo/projects/AutomationDetection/DownloadedLC/incremental/quiescent_background_cache.csv,,,,,,False,not_in_flare_streak
4FGL J2143.5+1743,224,225,56356.00001157408,1.39e-07,8.21e-08,2.75e-08,1.5279505474452557e-07,1.2024050359712233e-07,2.2779194531120757e-09,1.2024050359712233e-07,2.2779194531120757e-09,1.98983e-07,1.98983e-07,1.2024050359712233e-07,True,True,False,0,False,,,0.22840779331460095,3.0,False,False,,,weekly,10.0,sigma,computed,/home/lkoo/projects/AutomationDetection/DownloadedLC/incremental/quiescent_background_cache.csv,,,,,,False,not_in_flare_streak
4FGL J2143.5+1743,225,226,56363.00001157408,1.85e-07,4.79e-08,1.39e-07,1.5279505474452557e-07,1.2024050359712233e-07,2.2779194531120757e-09,1.2024050359712233e-07,2.2779194531120757e-09,1.98983e-07,1.98983e-07,1.2024050359712233e-07,True,True,False,0,False,,,1.3504465979123317,3.0,False,False,,,weekly,10.0,sigma,computed,/home/lkoo/projects/AutomationDetection/DownloadedLC/incremental/quiescent_background_cache.csv,,,,,,False,not_in_flare_streak
4FGL J2143.5+1743,226,227,56370.00001157408,7.8e-08,3.62e-08,1.85e-07,1.5279505474452557e-07,1.2024050359712233e-07,2.2779194531120757e-09,1.2024050359712233e-07,2.2779194531120757e-09,1.98983e-07,1.98983e-07,1.2024050359712233e-07,False,False,False,0,False,,,-1.1645613756262927,3.0,False,False,,,weekly,10.0,sigma,computed,/home/lkoo/projects/AutomationDetection/DownloadedLC/incremental/quiescent_background_cache.csv,,,,,,False,not_in_flare_streak
4FGL J2143.5+1743,227,228,56377.00001157408,7e-08,3.86e-08,7.8e-08,1.5279505474452557e-07,1.2024050359712233e-07,2.2779194531120757e-09,1.2024050359712233e-07,2.2779194531120757e-09,1.98983e-07,1.98983e-07,1.2024050359712233e-07,False,False,False,0,False,,,-1.2993069416208127,3.0,False,False,,,weekly,10.0,sigma,computed,/home/lkoo/projects/AutomationDetection/DownloadedLC/incremental/quiescent_background_cache.csv,,,,,,False,not_in_flare_streak
4FGL J2143.5+1743,228,229,56384.00001157408,2.4e-07,5.72e-08,7e-08,1.5279505474452557e-07,1.2024050359712233e-07,2.2779194531120757e-09,1.2024050359712233e-07,2.2779194531120757e-09,1.98983e-07,1.98983e-07,1.2024050359712233e-07,True,True,False,0,False,,,2.092039230382488,3.0,False,False,,,weekly,10.0,sigma,computed,/home/lkoo/projects/AutomationDetection/DownloadedLC/incremental/quiescent_background_cache.csv,,,,,,False,not_in_flare_streak
4FGL J2143.5+1743,229,230,56391.00001157408,3.45e-07,5.67e-08,2.4e-07,1.5279505474452557e-07,1.2024050359712233e-07,2.2779194531120757e-09,1.2024050359712233e-07,2.2779194531120757e-09,1.98983e-07,1.98983e-07,1.2024050359712233e-07,True,True,False,0,False,,,3.9608171394484164,3.0,True,True,56391.00001157408,56391.00001157408,weekly,10.0,sigma,computed,/home/lkoo/projects/AutomationDetection/DownloadedLC/incremental/quiescent_background_cache.csv,,,,,,False,not_in_flare_streak
4FGL J2143.5+1743,230,231,56398.00001157408,6.57e-07,6.34e-08,3.45e-07,1.5279505474452557e-07,1.2024050359712233e-07,2.2779194531120757e-09,1.2024050359712233e-07,2.2779194531120757e-09,1.98983e-07,1.98983e-07,1.2024050359712233e-07,True,True,False,0,False,,,8.460778794703534,3.0,True,True,56391.00001157408,56398.00001157408,weekly,10.0,sigma,computed,/home/lkoo/projects/AutomationDetection/DownloadedLC/incremental/quiescent_background_cache.csv,,,,,,False,not_in_flare_streak
4FGL J2143.5+1743,231,232,56405.00001157408,4.14e-07,5.47e-08,6.57e-07,1.5279505474452557e-07,1.2024050359712233e-07,2.2779194531120757e-09,1.2024050359712233e-07,2.2779194531120757e-09,1.98983e-07,1.98983e-07,1.2024050359712233e-07,False,True,False,0,False,,,5.36572407081539,3.0,True,True,56391.00001157408,56405.00001157408,weekly,10.0,sigma,computed,/home/lkoo/projects/AutomationDetection/DownloadedLC/incremental/quiescent_background_cache.csv,,,,,,False,not_in_flare_streak
4FGL J2143.5+1743,232,233,56412.00001157408,4.64e-07,6.16e-08,4.14e-07,1.5279505474452557e-07,1.2024050359712233e-07,2.2779194531120757e-09,1.2024050359712233e-07,2.2779194531120757e-09,1.98983e-07,1.98983e-07,1.2024050359712233e-07,True,True,False,0,False,,,5.576699645131867,3.0,True,True,56391.00001157408,56412.00001157408,weekly,10.0,sigma,computed,/home/lkoo/projects/AutomationDetection/DownloadedLC/incremental/quiescent_background_cache.csv,,,,,,False,not_in_flare_streak
4FGL J2143.5+1743,233,234,56419.00001157408,3.05e-07,5.1e-08,4.64e-07,1.5279505474452557e-07,1.2024050359712233e-07,2.2779194531120757e-09,1.2024050359712233e-07,2.2779194531120757e-09,1.98983e-07,1.98983e-07,1.2024050359712233e-07,False,True,False,0,False,,,3.6191269973269558,3.0,True,True,56391.00001157408,56419.00001157408,weekly,10.0,sigma,computed,/home/lkoo/projects/AutomationDetection/DownloadedLC/incremental/quiescent_background_cache.csv,,,,,,False,not_in_flare_streak
4FGL J2143.5+1743,234,235,56426.00001157408,2.92e-07,3.83e-08,3.05e-07,1.5279505474452557e-07,1.2024050359712233e-07,2.2779194531120757e-09,1.2024050359712233e-07,2.2779194531120757e-09,1.98983e-07,1.98983e-07,1.2024050359712233e-07,False,True,False,0,False,,,4.476671343594524,3.0,True,True,56391.00001157408,56426.00001157408,weekly,10.0,sigma,computed,/home/lkoo/projects/AutomationDetection/DownloadedLC/incremental/quiescent_background_cache.csv,,,,,,False,not_in_flare_streak
4FGL J2143.5+1743,235,236,56433.00001157408,1.74e-07,4.7e-08,2.92e-07,1.5279505474452557e-07,1.2024050359712233e-07,2.2779194531120757e-09,1.2024050359712233e-07,2.2779194531120757e-09,1.98983e-07,1.98983e-07,1.2024050359712233e-07,False,True,False,0,False,,,1.1424780252227094,3.0,False,True,56391.00001157408,56433.00001157408,weekly,10.0,sigma,computed,/home/lkoo/projects/AutomationDetection/DownloadedLC/incremental/quiescent_background_cache.csv,,,,,,False,not_in_flare_streak
4FGL J2143.5+1743,236,237,56440.00001157408,1.38e-07,5.39e-08,1.74e-07,1.5279505474452557e-07,1.2024050359712233e-07,2.2779194531120757e-09,1.2024050359712233e-07,2.2779194531120757e-09,1.98983e-07,1.98983e-07,1.2024050359712233e-07,False,True,False,0,False,,,0.3291958764061873,3.0,False,True,56391.00001157408,56440.00001157408,weekly,10.0,sigma,computed,/home/lkoo/projects/AutomationDetection/DownloadedLC/incremental/quiescent_background_cache.csv,,,,,,False,not_in_flare_streak
4FGL J2143.5+1743,237,238,56447.00001157408,1.59e-07,4.53e-08,1.38e-07,1.5279505474452557e-07,1.2024050359712233e-07,2.2779194531120757e-09,1.2024050359712233e-07,2.2779194531120757e-09,1.98983e-07,1.98983e-07,1.2024050359712233e-07,True,True,False,0,False,,,0.8545383109900334,3.0,False,True,56391.00001157408,56447.00001157408,weekly,10.0,sigma,computed,/home/lkoo/projects/AutomationDetection/DownloadedLC/incremental/quiescent_background_cache.csv,,,,,,False,not_in_flare_streak
4FGL J2143.5+1743,238,239,56454.00001157408,3.96e-07,6.67e-08,1.59e-07,1.5279505474452557e-07,1.2024050359712233e-07,2.2779194531120757e-09,1.2024050359712233e-07,2.2779194531120757e-09,1.98983e-07,1.98983e-07,1.2024050359712233e-07,True,True,False,0,False,,,4.131916376540962,3.0,True,True,56391.00001157408,56454.00001157408,weekly,10.0,sigma,computed,/home/lkoo/projects/AutomationDetection/DownloadedLC/incremental/quiescent_background_cache.csv,,,,,,False,not_in_flare_streak
4FGL J2143.5+1743,239,240,56461.00001157408,2.83e-07,6.04e-08,3.96e-07,1.5279505474452557e-07,1.2024050359712233e-07,2.2779194531120757e-09,1.2024050359712233e-07,2.2779194531120757e-09,1.98983e-07,1.98983e-07,1.2024050359712233e-07,False,True,False,0,False,,,2.692779308193354,3.0,False,True,56391.00001157408,56461.00001157408,weekly,10.0,sigma,computed,/home/lkoo/projects/AutomationDetection/DownloadedLC/incremental/quiescent_background_cache.csv,,,,,,False,not_in_flare_streak
4FGL J2143.5+1743,240,241,56468.00001157408,1.74e-07,5.72e-08,2.83e-07,1.5279505474452557e-07,1.2024050359712233e-07,2.2779194531120757e-09,1.2024050359712233e-07,2.2779194531120757e-09,1.98983e-07,1.98983e-07,1.2024050359712233e-07,False,True,False,0,False,,,0.9391069506678712,3.0,False,True,56391.00001157408,56468.00001157408,weekly,10.0,sigma,computed,/home/lkoo/projects/AutomationDetection/DownloadedLC/incremental/quiescent_background_cache.csv,,,,,,False,not_in_flare_streak
4FGL J2143.5+1743,241,242,56475.00001157408,1.45e-07,4.6e-08,1.74e-07,1.5279505474452557e-07,1.2024050359712233e-07,2.2779194531120757e-09,1.2024050359712233e-07,2.2779194531120757e-09,1.98983e-07,1.98983e-07,1.2024050359712233e-07,False,True,False,0,False,,,0.5375911770057059,3.0,False,True,56391.00001157408,56475.00001157408,weekly,10.0,sigma,computed,/home/lkoo/projects/AutomationDetection/DownloadedLC/incremental/quiescent_background_cache.csv,,,,,,False,not_in_flare_streak
4FGL J2143.5+1743,242,243,56482.00001157408,1.62e-07,4.75e-08,1.45e-07,1.5279505474452557e-07,1.2024050359712233e-07,2.2779194531120757e-09,1.2024050359712233e-07,2.2779194531120757e-09,1.98983e-07,1.98983e-07,1.2024050359712233e-07,True,True,False,0,False,,,0.8781381028941188,3.0,False,True,56391.00001157408,56482.00001157408,weekly,10.0,sigma,computed,/home/lkoo/projects/AutomationDetection/DownloadedLC/incremental/quiescent_background_cache.csv,,,,,,False,not_in_flare_streak
4FGL J2143.5+1743,243,244,56489.00001157408,1.31e-07,5.03e-08,1.62e-07,1.5279505474452557e-07,1.2024050359712233e-07,2.2779194531120757e-09,1.2024050359712233e-07,2.2779194531120757e-09,1.98983e-07,1.98983e-07,1.2024050359712233e-07,False,True,False,0,False,,,0.21368747741454908,3.0,False,True,56391.00001157408,56489.00001157408,weekly,10.0,sigma,computed,/home/lkoo/projects/AutomationDetection/DownloadedLC/incremental/quiescent_background_cache.csv,,,,,,False,not_in_flare_streak
4FGL J2143.5+1743,244,245,56496.00001157408,1.67e-07,5.65e-08,1.31e-07,1.5279505474452557e-07,1.2024050359712233e-07,2.2779194531120757e-09,1.2024050359712233e-07,2.2779194531120757e-09,1.98983e-07,1.98983e-07,1.2024050359712233e-07,True,True,False,0,False,,,0.8269299029091562,3.0,False,True,56391.00001157408,56496.00001157408,weekly,10.0,sigma,computed,/home/lkoo/projects/AutomationDetection/DownloadedLC/incremental/quiescent_background_cache.csv,,,,,,False,not_in_flare_streak
4FGL J2143.5+1743,245,246,56503.00001157408,2.84e-07,6.45e-08,1.67e-07,1.5279505474452557e-07,1.2024050359712233e-07,2.2779194531120757e-09,1.2024050359712233e-07,2.2779194531120757e-09,1.98983e-07,1.98983e-07,1.2024050359712233e-07,True,True,False,0,False,,,2.5373250609375466,3.0,False,True,56391.00001157408,56503.00001157408,weekly,10.0,sigma,computed,/home/lkoo/projects/AutomationDetection/DownloadedLC/incremental/quiescent_background_cache.csv,,,,,,False,not_in_flare_streak
4FGL J2143.5+1743,246,247,56510.00001157408,1.36e-07,5.39e-08,2.84e-07,1.5279505474452557e-07,1.2024050359712233e-07,2.2779194531120757e-09,1.2024050359712233e-07,2.2779194531120757e-09,1.98983e-07,1.98983e-07,1.2024050359712233e-07,False,True,False,0,False,,,0.29212321748182224,3.0,False,True,56391.00001157408,56510.00001157408,weekly,10.0,sigma,computed,/home/lkoo/projects/AutomationDetection/DownloadedLC/incremental/quiescent_background_cache.csv,,,,,,False,not_in_flare_streak
4FGL J2143.5+1743,247,248,56517.00001157408,2.37e-07,3.69e-08,1.36e-07,1.5279505474452557e-07,1.2024050359712233e-07,2.2779194531120757e-09,1.2024050359712233e-07,2.2779194531120757e-09,1.98983e-07,1.98983e-07,1.2024050359712233e-07,True,True,False,0,False,,,3.1582019703308983,3.0,True,True,56391.00001157408,56517.00001157408,weekly,10.0,sigma,computed,/home/lkoo/projects/AutomationDetection/DownloadedLC/incremental/quiescent_background_cache.csv,,,,,,False,not_in_flare_streak
4FGL J2143.5+1743,248,249,56524.00001157408,1.88e-07,2.92e-08,2.37e-07,1.5279505474452557e-07,1.2024050359712233e-07,2.2779194531120757e-09,1.2024050359712233e-07,2.2779194531120757e-09,1.98983e-07,1.98983e-07,1.2024050359712233e-07,False,True,False,0,False,,,2.3135017299785536,3.0,False,True,56391.00001157408,56524.00001157408,weekly,10.0,sigma,computed,/home/lkoo/projects/AutomationDetection/DownloadedLC/incremental/quiescent_background_cache.csv,,,,,,False,not_in_flare_streak
4FGL J2143.5+1743,249,250,56531.00001157408,1.66e-07,3.78e-08,1.88e-07,1.5279505474452557e-07,1.2024050359712233e-07,2.2779194531120757e-09,1.2024050359712233e-07,2.2779194531120757e-09,1.98983e-07,1.98983e-07,1.2024050359712233e-07,False,True,False,0,False,,,1.2083765308915215,3.0,False,True,56391.00001157408,56531.00001157408,weekly,10.0,sigma,computed,/home/lkoo/projects/AutomationDetection/DownloadedLC/incremental/quiescent_background_cache.csv,,,,,,False,not_in_flare_streak
4FGL J2143.5+1743,250,251,56538.00001157408,1.98e-07,4.5e-08,1.66e-07,1.5279505474452557e-07,1.2024050359712233e-07,2.2779194531120757e-09,1.2024050359712233e-07,2.2779194531120757e-09,1.98983e-07,1.98983e-07,1.2024050359712233e-07,True,True,False,0,False,,,1.7257791310561055,3.0,False,True,56391.00001157408,56538.00001157408,weekly,10.0,sigma,computed,/home/lkoo/projects/AutomationDetection/DownloadedLC/incremental/quiescent_background_cache.csv,,,,,,False,not_in_flare_streak
4FGL J2143.5+1743,251,252,56545.00001157408,2.11e-07,5.04e-08,1.98e-07,1.5279505474452557e-07,1.2024050359712233e-07,2.2779194531120757e-09,1.2024050359712233e-07,2.2779194531120757e-09,1.98983e-07,1.98983e-07,1.2024050359712233e-07,True,True,False,0,False,,,1.7989471946385813,3.0,False,True,56391.00001157408,56545.00001157408,weekly,10.0,sigma,computed,/home/lkoo/projects/AutomationDetection/DownloadedLC/incremental/quiescent_background_cache.csv,,,,,,False,not_in_flare_streak
4FGL J2143.5+1743,252,253,56552.00001157408,1.41e-07,5.27e-08,2.11e-07,1.5279505474452557e-07,1.2024050359712233e-07,2.2779194531120757e-09,1.2024050359712233e-07,2.2779194531120757e-09,1.98983e-07,1.98983e-07,1.2024050359712233e-07,False,True,False,0,False,,,0.3935508663145851,3.0,False,True,56391.00001157408,56552.00001157408,weekly,10.0,sigma,computed,/home/lkoo/projects/AutomationDetection/DownloadedLC/incremental/quiescent_background_cache.csv,,,,,,False,not_in_flare_streak
4FGL J2143.5+1743,253,254,56559.00001157408,4.95e-08,2.72e-08,1.41e-07,1.5279505474452557e-07,1.2024050359712233e-07,2.2779194531120757e-09,1.2024050359712233e-07,2.2779194531120757e-09,1.98983e-07,1.98983e-07,1.2024050359712233e-07,False,False,False,0,False,,,-2.591681224416592,3.0,False,False,,,weekly,10.0,sigma,computed,/home/lkoo/projects/AutomationDetection/DownloadedLC/incremental/quiescent_background_cache.csv,,,,,,False,not_in_flare_streak
4FGL J2143.5+1743,254,255,56566.00001157408,2.26e-07,5.25e-08,4.95e-08,1.5279505474452557e-07,1.2024050359712233e-07,2.2779194531120757e-09,1.2024050359712233e-07,2.2779194531120757e-09,1.98983e-07,1.98983e-07,1.2024050359712233e-07,True,True,False,0,False,,,2.0125730536259416,3.0,False,False,,,weekly,10.0,sigma,computed,/home/lkoo/projects/AutomationDetection/DownloadedLC/incremental/quiescent_background_cache.csv,,,,,,False,not_in_flare_streak
4FGL J2143.5+1743,255,256,56573.00001157408,1.37e-07,5.19e-08,2.26e-07,1.5279505474452557e-07,1.2024050359712233e-07,2.2779194531120757e-09,1.2024050359712233e-07,2.2779194531120757e-09,1.98983e-07,1.98983e-07,1.2024050359712233e-07,False,True,False,0,False,,,0.3226084220972267,3.0,False,False,,,weekly,10.0,sigma,computed,/home/lkoo/projects/AutomationDetection/DownloadedLC/incremental/quiescent_background_cache.csv,,,,,,False,not_in_flare_streak
4FGL J2143.5+1743,256,257,56580.00001157408,1.07e-07,4.26e-08,1.37e-07,1.5279505474452557e-07,1.2024050359712233e-07,2.2779194531120757e-09,1.2024050359712233e-07,2.2779194531120757e-09,1.98983e-07,1.98983e-07,1.2024050359712233e-07,False,False,False,0,False,,,-0.3103665470268148,3.0,False,False,,,weekly,10.0,sigma,computed,/home/lkoo/projects/AutomationDetection/DownloadedLC/incremental/quiescent_background_cache.csv,,,,,,False,not_in_flare_streak
4FGL J2143.5+1743,257,258,56587.00001157408,6.88e-08,3.72e-08,1.07e-07,1.5279505474452557e-07,1.2024050359712233e-07,2.2779194531120757e-09,1.2024050359712233e-07,2.2779194531120757e-09,1.98983e-07,1.98983e-07,1.2024050359712233e-07,False,False,False,0,False,,,-1.3802239785597568,3.0,False,False,,,weekly,10.0,sigma,computed,/home/lkoo/projects/AutomationDetection/DownloadedLC/incremental/quiescent_background_cache.csv,,,,,,False,not_in_flare_streak
4FGL J2143.5+1743,258,259,56594.00001157408,1.75e-07,5.51e-08,6.88e-08,1.5279505474452557e-07,1.2024050359712233e-07,2.2779194531120757e-09,1.2024050359712233e-07,2.2779194531120757e-09,1.98983e-07,1.98983e-07,1.2024050359712233e-07,True,True,False,0,False,,,0.9929720675467076,3.0,False,False,,,weekly,10.0,sigma,computed,/home/lkoo/projects/AutomationDetection/DownloadedLC/incremental/quiescent_background_cache.csv,,,,,,False,not_in_flare_streak
4FGL J2143.5+1743,259,260,56601.00001157408,1.19e-07,5.12e-08,1.75e-07,1.5279505474452557e-07,1.2024050359712233e-07,2.2779194531120757e-09,1.2024050359712233e-07,2.2779194531120757e-09,1.98983e-07,1.98983e-07,1.2024050359712233e-07,False,False,False,0,False,,,-0.024204642210995626,3.0,False,False,,,weekly,10.0,sigma,computed,/home/lkoo/projects/AutomationDetection/DownloadedLC/incremental/quiescent_background_cache.csv,,,,,,False,not_in_flare_streak
4FGL J2143.5+1743,260,261,56608.00001157408,2.23e-07,5.81e-08,1.19e-07,1.5279505474452557e-07,1.2024050359712233e-07,2.2779194531120757e-09,1.2024050359712233e-07,2.2779194531120757e-09,1.98983e-07,1.98983e-07,1.2024050359712233e-07,True,True,False,0,False,,,1.7673082180306285,3.0,False,False,,,weekly,10.0,sigma,computed,/home/lkoo/projects/AutomationDetection/DownloadedLC/incremental/quiescent_background_cache.csv,,,,,,False,not_in_flare_streak
4FGL J2143.5+1743,261,262,56615.00001157408,2.28e-07,5.23e-08,2.23e-07,1.5279505474452557e-07,1.2024050359712233e-07,2.2779194531120757e-09,1.2024050359712233e-07,2.2779194531120757e-09,1.98983e-07,1.98983e-07,1.2024050359712233e-07,True,True,False,0,False,,,2.058459470320952,3.0,False,False,,,weekly,10.0,sigma,computed,/home/lkoo/projects/AutomationDetection/DownloadedLC/incremental/quiescent_background_cache.csv,,,,,,False,not_in_flare_streak
4FGL J2143.5+1743,262,263,56622.00001157408,2.85e-07,6.6e-08,2.28e-07,1.5279505474452557e-07,1.2024050359712233e-07,2.2779194531120757e-09,1.2024050359712233e-07,2.2779194531120757e-09,1.98983e-07,1.98983e-07,1.2024050359712233e-07,True,True,False,0,False,,,2.494870489229033,3.0,False,False,,,weekly,10.0,sigma,computed,/home/lkoo/projects/AutomationDetection/DownloadedLC/incremental/quiescent_background_cache.csv,,,,,,False,not_in_flare_streak
4FGL J2143.5+1743,263,264,56629.00001157408,1.82e-07,6.52e-08,2.85e-07,1.5279505474452557e-07,1.2024050359712233e-07,2.2779194531120757e-09,1.2024050359712233e-07,2.2779194531120757e-09,1.98983e-07,1.98983e-07,1.2024050359712233e-07,False,True,False,0,False,,,0.9466539623372204,3.0,False,False,,,weekly,10.0,sigma,computed,/home/lkoo/projects/AutomationDetection/DownloadedLC/incremental/quiescent_background_cache.csv,,,,,,False,not_in_flare_streak
4FGL J2143.5+1743,264,265,56636.00001157408,3.01e-07,8.94e-08,1.82e-07,1.5279505474452557e-07,1.2024050359712233e-07,2.2779194531120757e-09,1.2024050359712233e-07,2.2779194531120757e-09,1.98983e-07,1.98983e-07,1.2024050359712233e-07,True,True,False,0,False,,,2.021262273993931,3.0,False,False,,,weekly,10.0,sigma,computed,/home/lkoo/projects/AutomationDetection/DownloadedLC/incremental/quiescent_background_cache.csv,,,,,,False,not_in_flare_streak
4FGL J2143.5+1743,265,266,56643.00001157408,2.34e-07,7.66e-08,3.01e-07,1.5279505474452557e-07,1.2024050359712233e-07,2.2779194531120757e-09,1.2024050359712233e-07,2.2779194531120757e-09,1.98983e-07,1.98983e-07,1.2024050359712233e-07,False,True,False,0,False,,,1.4844546829457441,3.0,False,False,,,weekly,10.0,sigma,computed,/home/lkoo/projects/AutomationDetection/DownloadedLC/incremental/quiescent_background_cache.csv,,,,,,False,not_in_flare_streak
4FGL J2143.5+1743,266,267,56650.00001157408,2.22e-07,7.53e-08,2.34e-07,1.5279505474452557e-07,1.2024050359712233e-07,2.2779194531120757e-09,1.2024050359712233e-07,2.2779194531120757e-09,1.98983e-07,1.98983e-07,1.2024050359712233e-07,False,True,False,0,False,,,1.350769805121854,3.0,False,False,,,weekly,10.0,sigma,computed,/home/lkoo/projects/AutomationDetection/DownloadedLC/incremental/quiescent_background_cache.csv,,,,,,False,not_in_flare_streak
4FGL J2143.5+1743,267,268,56657.00001157408,9.02e-08,7.39e-08,2.22e-07,1.5279505474452557e-07,1.2024050359712233e-07,2.2779194531120757e-09,1.2024050359712233e-07,2.2779194531120757e-09,1.98983e-07,1.98983e-07,1.2024050359712233e-07,False,False,False,0,False,,,-0.4063090989001091,3.0,False,False,,,weekly,10.0,sigma,computed,/home/lkoo/projects/AutomationDetection/DownloadedLC/incremental/quiescent_background_cache.csv,,,,,,False,not_in_flare_streak
4FGL J2143.5+1743,268,269,56664.00001157408,1.83e-07,1.16e-07,9.02e-08,1.5279505474452557e-07,1.2024050359712233e-07,2.2779194531120757e-09,1.2024050359712233e-07,2.2779194531120757e-09,1.98983e-07,1.98983e-07,1.2024050359712233e-07,True,True,False,0,False,,,0.5409258552550051,3.0,False,False,,,weekly,10.0,sigma,computed,/home/lkoo/projects/AutomationDetection/DownloadedLC/incremental/quiescent_background_cache.csv,,,,,,False,not_in_flare_streak
4FGL J2143.5+1743,269,270,56671.00001157408,2.04e-07,1.08e-07,1.83e-07,1.5279505474452557e-07,1.2024050359712233e-07,2.2779194531120757e-09,1.2024050359712233e-07,2.2779194531120757e-09,1.98983e-07,1.98983e-07,1.2024050359712233e-07,True,True,False,0,False,,,0.7753784420430945,3.0,False,False,,,weekly,10.0,sigma,computed,/home/lkoo/projects/AutomationDetection/DownloadedLC/incremental/quiescent_background_cache.csv,,,,,,False,not_in_flare_streak
4FGL J2143.5+1743,270,271,56678.00001157408,1.91e-07,3.88e-08,2.04e-07,1.5279505474452557e-07,1.2024050359712233e-07,2.2779194531120757e-09,1.2024050359712233e-07,2.2779194531120757e-09,1.98983e-07,1.98983e-07,1.2024050359712233e-07,False,True,False,0,False,,,1.8205635209680122,3.0,False,False,,,weekly,10.0,sigma,computed,/home/lkoo/projects/AutomationDetection/DownloadedLC/incremental/quiescent_background_cache.csv,,,,,,False,not_in_flare_streak
4FGL J2143.5+1743,271,272,56685.00001157408,2.14e-07,3.45e-08,1.91e-07,1.5279505474452557e-07,1.2024050359712233e-07,2.2779194531120757e-09,1.2024050359712233e-07,2.2779194531120757e-09,1.98983e-07,1.98983e-07,1.2024050359712233e-07,True,True,False,0,False,,,2.7117620021960342,3.0,False,False,,,weekly,10.0,sigma,computed,/home/lkoo/projects/AutomationDetection/DownloadedLC/incremental/quiescent_background_cache.csv,,,,,,False,not_in_flare_streak
4FGL J2143.5+1743,272,273,56692.00001157408,2.3e-07,6.19e-08,2.14e-07,1.5279505474452557e-07,1.2024050359712233e-07,2.2779194531120757e-09,1.2024050359712233e-07,2.2779194531120757e-09,1.98983e-07,1.98983e-07,1.2024050359712233e-07,True,True,False,0,False,,,1.7719749836654755,3.0,False,False,,,weekly,10.0,sigma,computed,/home/lkoo/projects/AutomationDetection/DownloadedLC/incremental/quiescent_background_cache.csv,,,,,,False,not_in_flare_streak
4FGL J2143.5+1743,273,274,56699.00001157408,2.06e-07,6.98e-08,2.3e-07,1.5279505474452557e-07,1.2024050359712233e-07,2.2779194531120757e-09,1.2024050359712233e-07,2.2779194531120757e-09,1.98983e-07,1.98983e-07,1.2024050359712233e-07,False,True,False,0,False,,,1.227992323877281,3.0,False,False,,,weekly,10.0,sigma,computed,/home/lkoo/projects/AutomationDetection/DownloadedLC/incremental/quiescent_background_cache.csv,,,,,,False,not_in_flare_streak
4FGL J2143.5+1743,274,275,56706.00001157408,1.6e-07,6.69e-08,2.06e-07,1.5279505474452557e-07,1.2024050359712233e-07,2.2779194531120757e-09,1.2024050359712233e-07,2.2779194531120757e-09,1.98983e-07,1.98983e-07,1.2024050359712233e-07,False,True,False,0,False,,,0.5939681362006459,3.0,False,False,,,weekly,10.0,sigma,computed,/home/lkoo/projects/AutomationDetection/DownloadedLC/incremental/quiescent_background_cache.csv,,,,,,False,not_in_flare_streak
4FGL J2143.5+1743,275,276,56713.00001157408,1.76e-07,7.31e-08,1.6e-07,1.5279505474452557e-07,1.2024050359712233e-07,2.2779194531120757e-09,1.2024050359712233e-07,2.2779194531120757e-09,1.98983e-07,1.98983e-07,1.2024050359712233e-07,True,True,False,0,False,,,0.7624137270920338,3.0,False,False,,,weekly,10.0,sigma,computed,/home/lkoo/projects/AutomationDetection/DownloadedLC/incremental/quiescent_background_cache.csv,,,,,,False,not_in_flare_streak
4FGL J2143.5+1743,276,277,56720.00001157408,1.42e-07,8.69e-08,1.76e-07,1.5279505474452557e-07,1.2024050359712233e-07,2.2779194531120757e-09,1.2024050359712233e-07,2.2779194531120757e-09,1.98983e-07,1.98983e-07,1.2024050359712233e-07,False,True,False,0,False,,,0.250310983679896,3.0,False,False,,,weekly,10.0,sigma,computed,/home/lkoo/projects/AutomationDetection/DownloadedLC/incremental/quiescent_background_cache.csv,,,,,,False,not_in_flare_streak
4FGL J2143.5+1743,277,278,56727.00001157408,3.42e-07,6.34e-08,1.42e-07,1.5279505474452557e-07,1.2024050359712233e-07,2.2779194531120757e-09,1.2024050359712233e-07,2.2779194531120757e-09,1.98983e-07,1.98983e-07,1.2024050359712233e-07,True,True,False,0,False,,,3.495528364683709,3.0,True,True,56727.00001157408,56727.00001157408,weekly,10.0,sigma,computed,/home/lkoo/projects/AutomationDetection/DownloadedLC/incremental/quiescent_background_cache.csv,,,,,,False,not_in_flare_streak
4FGL J2143.5+1743,278,279,56734.00001157408,1.64e-07,3.4e-08,3.42e-07,1.5279505474452557e-07,1.2024050359712233e-07,2.2779194531120757e-09,1.2024050359712233e-07,2.2779194531120757e-09,1.98983e-07,1.98983e-07,1.2024050359712233e-07,False,True,False,0,False,,,1.2841651340062792,3.0,False,True,56727.00001157408,56734.00001157408,weekly,10.0,sigma,computed,/home/lkoo/projects/AutomationDetection/DownloadedLC/incremental/quiescent_background_cache.csv,,,,,,False,not_in_flare_streak
4FGL J2143.5+1743,279,280,56741.00001157408,5.06e-08,3.71e-08,1.64e-07,1.5279505474452557e-07,1.2024050359712233e-07,2.2779194531120757e-09,1.2024050359712233e-07,2.2779194531120757e-09,1.98983e-07,1.98983e-07,1.2024050359712233e-07,False,False,False,0,False,,,-1.873574258703154,3.0,False,False,,,weekly,10.0,sigma,computed,/home/lkoo/projects/AutomationDetection/DownloadedLC/incremental/quiescent_background_cache.csv,,,,,,False,not_in_flare_streak
4FGL J2143.5+1743,280,281,56748.00001157408,8.98e-08,4.75e-08,5.06e-08,1.5279505474452557e-07,1.2024050359712233e-07,2.2779194531120757e-09,1.2024050359712233e-07,2.2779194531120757e-09,1.98983e-07,1.98983e-07,1.2024050359712233e-07,True,False,False,0,False,,,-0.6401170603694484,3.0,False,False,,,weekly,10.0,sigma,computed,/home/lkoo/projects/AutomationDetection/DownloadedLC/incremental/quiescent_background_cache.csv,,,,,,False,not_in_flare_streak
4FGL J2143.5+1743,281,282,56755.00001157408,1.51e-07,8.29e-08,8.98e-08,1.5279505474452557e-07,1.2024050359712233e-07,2.2779194531120757e-09,1.2024050359712233e-07,2.2779194531120757e-09,1.98983e-07,1.98983e-07,1.2024050359712233e-07,True,True,False,0,False,,,0.37090338613707,3.0,False,False,,,weekly,10.0,sigma,computed,/home/lkoo/projects/AutomationDetection/DownloadedLC/incremental/quiescent_background_cache.csv,,,,,,False,not_in_flare_streak
4FGL J2143.5+1743,282,283,56762.00001157408,9.06e-08,6.35e-08,1.51e-07,1.5279505474452557e-07,1.2024050359712233e-07,2.2779194531120757e-09,1.2024050359712233e-07,2.2779194531120757e-09,1.98983e-07,1.98983e-07,1.2024050359712233e-07,False,False,False,0,False,,,-0.46647953517794155,3.0,False,False,,,weekly,10.0,sigma,computed,/home/lkoo/projects/AutomationDetection/DownloadedLC/incremental/quiescent_background_cache.csv,,,,,,False,not_in_flare_streak
4FGL J2143.5+1743,283,284,56769.00001157408,7.47e-08,4.04e-08,9.06e-08,1.5279505474452557e-07,1.2024050359712233e-07,2.2779194531120757e-09,1.2024050359712233e-07,2.2779194531120757e-09,1.98983e-07,1.98983e-07,1.2024050359712233e-07,False,False,False,0,False,,,-1.125452604092228,3.0,False,False,,,weekly,10.0,sigma,computed,/home/lkoo/projects/AutomationDetection/DownloadedLC/incremental/quiescent_background_cache.csv,,,,,,False,not_in_flare_streak
4FGL J2143.5+1743,284,285,56776.00001157408,1.49e-07,4.04e-08,7.47e-08,1.5279505474452557e-07,1.2024050359712233e-07,2.2779194531120757e-09,1.2024050359712233e-07,2.2779194531120757e-09,1.98983e-07,1.98983e-07,1.2024050359712233e-07,True,True,False,0,False,,,0.710739837339985,3.0,False,False,,,weekly,10.0,sigma,computed,/home/lkoo/projects/AutomationDetection/DownloadedLC/incremental/quiescent_background_cache.csv,,,,,,False,not_in_flare_streak
4FGL J2143.5+1743,285,286,56783.00001157408,2.38e-07,5.17e-08,1.49e-07,1.5279505474452557e-07,1.2024050359712233e-07,2.2779194531120757e-09,1.2024050359712233e-07,2.2779194531120757e-09,1.98983e-07,1.98983e-07,1.2024050359712233e-07,True,True,False,0,False,,,2.275538849476899,3.0,False,False,,,weekly,10.0,sigma,computed,/home/lkoo/projects/AutomationDetection/DownloadedLC/incremental/quiescent_background_cache.csv,,,,,,False,not_in_flare_streak
4FGL J2143.5+1743,286,287,56790.00001157408,2.47e-07,4.64e-08,2.38e-07,1.5279505474452557e-07,1.2024050359712233e-07,2.2779194531120757e-09,1.2024050359712233e-07,2.2779194531120757e-09,1.98983e-07,1.98983e-07,1.2024050359712233e-07,True,True,False,0,False,,,2.728599535119367,3.0,False,False,,,weekly,10.0,sigma,computed,/home/lkoo/projects/AutomationDetection/DownloadedLC/incremental/quiescent_background_cache.csv,,,,,,False,not_in_flare_streak
4FGL J2143.5+1743,287,288,56797.00001157408,2.15e-07,4.72e-08,2.47e-07,1.5279505474452557e-07,1.2024050359712233e-07,2.2779194531120757e-09,1.2024050359712233e-07,2.2779194531120757e-09,1.98983e-07,1.98983e-07,1.2024050359712233e-07,False,True,False,0,False,,,2.005282530944656,3.0,False,False,,,weekly,10.0,sigma,computed,/home/lkoo/projects/AutomationDetection/DownloadedLC/incremental/quiescent_background_cache.csv,,,,,,False,not_in_flare_streak
4FGL J2143.5+1743,288,289,56804.00001157408,1.9e-07,4.57e-08,2.15e-07,1.5279505474452557e-07,1.2024050359712233e-07,2.2779194531120757e-09,1.2024050359712233e-07,2.2779194531120757e-09,1.98983e-07,1.98983e-07,1.2024050359712233e-07,False,True,False,0,False,,,1.5245732550078535,3.0,False,False,,,weekly,10.0,sigma,computed,/home/lkoo/projects/AutomationDetection/DownloadedLC/incremental/quiescent_background_cache.csv,,,,,,False,not_in_flare_streak
4FGL J2143.5+1743,289,290,56811.00001157408,3.6e-07,7.44e-08,1.9e-07,1.5279505474452557e-07,1.2024050359712233e-07,2.2779194531120757e-09,1.2024050359712233e-07,2.2779194531120757e-09,1.98983e-07,1.98983e-07,1.2024050359712233e-07,True,True,False,0,False,,,3.221064496565497,3.0,True,True,56811.00001157408,56811.00001157408,weekly,10.0,sigma,computed,/home/lkoo/projects/AutomationDetection/DownloadedLC/incremental/quiescent_background_cache.csv,,,,,,False,not_in_flare_streak
4FGL J2143.5+1743,290,291,56818.00001157408,1.98e-07,5.47e-08,3.6e-07,1.5279505474452557e-07,1.2024050359712233e-07,2.2779194531120757e-09,1.2024050359712233e-07,2.2779194531120757e-09,1.98983e-07,1.98983e-07,1.2024050359712233e-07,False,True,False,0,False,,,1.420331960983428,3.0,False,True,56811.00001157408,56818.00001157408,weekly,10.0,sigma,computed,/home/lkoo/projects/AutomationDetection/DownloadedLC/incremental/quiescent_background_cache.csv,,,,,,False,not_in_flare_streak
4FGL J2143.5+1743,291,292,56825.00001157408,1.43e-07,4.16e-08,1.98e-07,1.5279505474452557e-07,1.2024050359712233e-07,2.2779194531120757e-09,1.2024050359712233e-07,2.2779194531120757e-09,1.98983e-07,1.98983e-07,1.2024050359712233e-07,False,True,False,0,False,,,0.5462849006540573,3.0,False,True,56811.00001157408,56825.00001157408,weekly,10.0,sigma,computed,/home/lkoo/projects/AutomationDetection/DownloadedLC/incremental/quiescent_background_cache.csv,,,,,,False,not_in_flare_streak
4FGL J2143.5+1743,292,293,56832.00001157408,2.83e-07,6.39e-08,1.43e-07,1.5279505474452557e-07,1.2024050359712233e-07,2.2779194531120757e-09,1.2024050359712233e-07,2.2779194531120757e-09,1.98983e-07,1.98983e-07,1.2024050359712233e-07,True,True,False,0,False,,,2.5454800939521984,3.0,False,True,56811.00001157408,56832.00001157408,weekly,10.0,sigma,computed,/home/lkoo/projects/AutomationDetection/DownloadedLC/incremental/quiescent_background_cache.csv,,,,,,False,not_in_flare_streak
4FGL J2143.5+1743,293,294,56839.00001157408,2.98e-07,6e-08,2.83e-07,1.5279505474452557e-07,1.2024050359712233e-07,2.2779194531120757e-09,1.2024050359712233e-07,2.2779194531120757e-09,1.98983e-07,1.98983e-07,1.2024050359712233e-07,True,True,False,0,False,,,2.9605254415278974,3.0,False,True,56811.00001157408,56839.00001157408,weekly,10.0,sigma,computed,/home/lkoo/projects/AutomationDetection/DownloadedLC/incremental/quiescent_background_cache.csv,,,,,,False,not_in_flare_streak
4FGL J2143.5+1743,294,295,56846.00001157408,3.06e-07,6.18e-08,2.98e-07,1.5279505474452557e-07,1.2024050359712233e-07,2.2779194531120757e-09,1.2024050359712233e-07,2.2779194531120757e-09,1.98983e-07,1.98983e-07,1.2024050359712233e-07,True,True,False,0,False,,,3.003777282220742,3.0,True,True,56811.00001157408,56846.00001157408,weekly,10.0,sigma,computed,/home/lkoo/projects/AutomationDetection/DownloadedLC/incremental/quiescent_background_cache.csv,,,,,,False,not_in_flare_streak
4FGL J2143.5+1743,295,296,56853.00001157408,3.45e-07,8.24e-08,3.06e-07,1.5279505474452557e-07,1.2024050359712233e-07,2.2779194531120757e-09,1.2024050359712233e-07,2.2779194531120757e-09,1.98983e-07,1.98983e-07,1.2024050359712233e-07,True,True,False,0,False,,,2.7266221113376883,3.0,False,True,56811.00001157408,56853.00001157408,weekly,10.0,sigma,computed,/home/lkoo/projects/AutomationDetection/DownloadedLC/incremental/quiescent_background_cache.csv,,,,,,False,not_in_flare_streak
4FGL J2143.5+1743,296,297,56860.00001157408,3.42e-07,7.4e-08,3.45e-07,1.5279505474452557e-07,1.2024050359712233e-07,2.2779194531120757e-09,1.2024050359712233e-07,2.2779194531120757e-09,1.98983e-07,1.98983e-07,1.2024050359712233e-07,False,True,False,0,False,,,2.995331137969319,3.0,False,True,56811.00001157408,56860.00001157408,weekly,10.0,sigma,computed,/home/lkoo/projects/AutomationDetection/DownloadedLC/incremental/quiescent_background_cache.csv,,,,,,False,not_in_flare_streak
4FGL J2143.5+1743,297,298,56867.00001157408,1.55e-07,9.23e-08,3.42e-07,1.5279505474452557e-07,1.2024050359712233e-07,2.2779194531120757e-09,1.2024050359712233e-07,2.2779194531120757e-09,1.98983e-07,1.98983e-07,1.2024050359712233e-07,False,True,False,0,False,,,0.37647795887024293,3.0,False,True,56811.00001157408,56867.00001157408,weekly,10.0,sigma,computed,/home/lkoo/projects/AutomationDetection/DownloadedLC/incremental/quiescent_background_cache.csv,,,,,,False,not_in_flare_streak
4FGL J2143.5+1743,298,299,56874.00001157408,3.56e-07,1e-07,1.55e-07,1.5279505474452557e-07,1.2024050359712233e-07,2.2779194531120757e-09,1.2024050359712233e-07,2.2779194531120757e-09,1.98983e-07,1.98983e-07,1.2024050359712233e-07,True,True,False,0,False,,,2.356983533734563,3.0,False,True,56811.00001157408,56874.00001157408,weekly,10.0,sigma,computed,/home/lkoo/projects/AutomationDetection/DownloadedLC/incremental/quiescent_background_cache.csv,,,,,,False,not_in_flare_streak
4FGL J2143.5+1743,299,300,56881.00001157408,8.74e-08,5.71e-08,3.56e-07,1.5279505474452557e-07,1.2024050359712233e-07,2.2779194531120757e-09,1.2024050359712233e-07,2.2779194531120757e-09,1.98983e-07,1.98983e-07,1.2024050359712233e-07,False,False,False,0,False,,,-0.5746830480891727,3.0,False,False,,,weekly,10.0,sigma,computed,/home/lkoo/projects/AutomationDetection/DownloadedLC/incremental/quiescent_background_cache.csv,,,,,,False,not_in_flare_streak
4FGL J2143.5+1743,300,301,56888.00001157408,2.06e-08,1.57e-08,8.74e-08,1.5279505474452557e-07,1.2024050359712233e-07,2.2779194531120757e-09,1.2024050359712233e-07,2.2779194531120757e-09,1.98983e-07,1.98983e-07,1.2024050359712233e-07,False,False,False,0,False,,,-6.280764296689992,3.0,False,False,,,weekly,10.0,sigma,computed,/home/lkoo/projects/AutomationDetection/DownloadedLC/incremental/quiescent_background_cache.csv,,,,,,False,not_in_flare_streak
4FGL J2143.5+1743,301,302,56895.00001157408,1.89e-07,3.94e-08,2.06e-08,1.5279505474452557e-07,1.2024050359712233e-07,2.2779194531120757e-09,1.2024050359712233e-07,2.2779194531120757e-09,1.98983e-07,1.98983e-07,1.2024050359712233e-07,True,True,False,0,False,,,1.7422554817898441,3.0,False,False,,,weekly,10.0,sigma,computed,/home/lkoo/projects/AutomationDetection/DownloadedLC/incremental/quiescent_background_cache.csv,,,,,,False,not_in_flare_streak
4FGL J2143.5+1743,302,303,56902.00001157408,1.57e-07,5.2e-08,1.89e-07,1.5279505474452557e-07,1.2024050359712233e-07,2.2779194531120757e-09,1.2024050359712233e-07,2.2779194531120757e-09,1.98983e-07,1.98983e-07,1.2024050359712233e-07,False,True,False,0,False,,,0.7062360913094892,3.0,False,False,,,weekly,10.0,sigma,computed,/home/lkoo/projects/AutomationDetection/DownloadedLC/incremental/quiescent_background_cache.csv,,,,,,False,not_in_flare_streak
4FGL J2143.5+1743,303,304,56909.00001157408,2.91e-07,8.13e-08,1.57e-07,1.5279505474452557e-07,1.2024050359712233e-07,2.2779194531120757e-09,1.2024050359712233e-07,2.2779194531120757e-09,1.98983e-07,1.98983e-07,1.2024050359712233e-07,True,True,False,0,False,,,2.0995388527670205,3.0,False,False,,,weekly,10.0,sigma,computed,/home/lkoo/projects/AutomationDetection/DownloadedLC/incremental/quiescent_background_cache.csv,,,,,,False,not_in_flare_streak
4FGL J2143.5+1743,304,305,56916.00001157408,2.52e-07,8.44e-08,2.91e-07,1.5279505474452557e-07,1.2024050359712233e-07,2.2779194531120757e-09,1.2024050359712233e-07,2.2779194531120757e-09,1.98983e-07,1.98983e-07,1.2024050359712233e-07,False,True,False,0,False,,,1.5605631916674838,3.0,False,False,,,weekly,10.0,sigma,computed,/home/lkoo/projects/AutomationDetection/DownloadedLC/incremental/quiescent_background_cache.csv,,,,,,False,not_in_flare_streak
4FGL J2143.5+1743,305,306,56923.00001157408,1.37e-07,1.04e-07,2.52e-07,1.5279505474452557e-07,1.2024050359712233e-07,2.2779194531120757e-09,1.2024050359712233e-07,2.2779194531120757e-09,1.98983e-07,1.98983e-07,1.2024050359712233e-07,False,True,False,0,False,,,0.16111036259868422,3.0,False,False,,,weekly,10.0,sigma,computed,/home/lkoo/projects/AutomationDetection/DownloadedLC/incremental/quiescent_background_cache.csv,,,,,,False,not_in_flare_streak
4FGL J2143.5+1743,306,307,56930.00001157408,2.37e-07,9.49e-08,1.37e-07,1.5279505474452557e-07,1.2024050359712233e-07,2.2779194531120757e-09,1.2024050359712233e-07,2.2779194531120757e-09,1.98983e-07,1.98983e-07,1.2024050359712233e-07,True,True,False,0,False,,,1.2299881429114534,3.0,False,False,,,weekly,10.0,sigma,computed,/home/lkoo/projects/AutomationDetection/DownloadedLC/incremental/quiescent_background_cache.csv,,,,,,False,not_in_flare_streak
4FGL J2143.5+1743,307,308,56937.00001157408,2.2e-07,8.02e-08,2.37e-07,1.5279505474452557e-07,1.2024050359712233e-07,2.2779194531120757e-09,1.2024050359712233e-07,2.2779194531120757e-09,1.98983e-07,1.98983e-07,1.2024050359712233e-07,False,True,False,0,False,,,1.2433825594033885,3.0,False,False,,,weekly,10.0,sigma,computed,/home/lkoo/projects/AutomationDetection/DownloadedLC/incremental/quiescent_background_cache.csv,,,,,,False,not_in_flare_streak
4FGL J2143.5+1743,308,309,56944.00001157408,2.87e-07,4.85e-08,2.2e-07,1.5279505474452557e-07,1.2024050359712233e-07,2.2779194531120757e-09,1.2024050359712233e-07,2.2779194531120757e-09,1.98983e-07,1.98983e-07,1.2024050359712233e-07,True,True,False,0,False,,,3.4345540127056458,3.0,True,True,56944.00001157408,56944.00001157408,weekly,10.0,sigma,computed,/home/lkoo/projects/AutomationDetection/DownloadedLC/incremental/quiescent_background_cache.csv,,,,,,False,not_in_flare_streak
4FGL J2143.5+1743,309,310,56951.00001157408,2.48e-07,4.83e-08,2.87e-07,1.5279505474452557e-07,1.2024050359712233e-07,2.2779194531120757e-09,1.2024050359712233e-07,2.2779194531120757e-09,1.98983e-07,1.98983e-07,1.2024050359712233e-07,False,True,False,0,False,,,2.642187346331839,3.0,False,True,56944.00001157408,56951.00001157408,weekly,10.0,sigma,computed,/home/lkoo/projects/AutomationDetection/DownloadedLC/incremental/quiescent_background_cache.csv,,,,,,False,not_in_flare_streak
4FGL J2143.5+1743,310,311,56958.00001157408,8.31e-08,5.37e-08,2.48e-07,1.5279505474452557e-07,1.2024050359712233e-07,2.2779194531120757e-09,1.2024050359712233e-07,2.2779194531120757e-09,1.98983e-07,1.98983e-07,1.2024050359712233e-07,False,False,False,0,False,,,-0.691008068537134,3.0,False,False,,,weekly,10.0,sigma,computed,/home/lkoo/projects/AutomationDetection/DownloadedLC/incremental/quiescent_background_cache.csv,,,,,,False,not_in_flare_streak
4FGL J2143.5+1743,311,312,56965.00001157408,6.74e-08,4.37e-08,8.31e-08,1.5279505474452557e-07,1.2024050359712233e-07,2.2779194531120757e-09,1.2024050359712233e-07,2.2779194531120757e-09,1.98983e-07,1.98983e-07,1.2024050359712233e-07,False,False,False,0,False,,,-1.20752544013349,3.0,False,False,,,weekly,10.0,sigma,computed,/home/lkoo/projects/AutomationDetection/DownloadedLC/incremental/quiescent_background_cache.csv,,,,,,False,not_in_flare_streak
4FGL J2143.5+1743,312,313,56972.00001157408,2.31e-07,9.57e-08,6.74e-08,1.5279505474452557e-07,1.2024050359712233e-07,2.2779194531120757e-09,1.2024050359712233e-07,2.2779194531120757e-09,1.98983e-07,1.98983e-07,1.2024050359712233e-07,True,True,False,0,False,,,1.1570337855550017,3.0,False,False,,,weekly,10.0,sigma,computed,/home/lkoo/projects/AutomationDetection/DownloadedLC/incremental/quiescent_background_cache.csv,,,,,,False,not_in_flare_streak
4FGL J2143.5+1743,313,314,56979.00001157408,1.42e-07,7.01e-08,2.31e-07,1.5279505474452557e-07,1.2024050359712233e-07,2.2779194531120757e-09,1.2024050359712233e-07,2.2779194531120757e-09,1.98983e-07,1.98983e-07,1.2024050359712233e-07,False,True,False,0,False,,,0.31024275454425315,3.0,False,False,,,weekly,10.0,sigma,computed,/home/lkoo/projects/AutomationDetection/DownloadedLC/incremental/quiescent_background_cache.csv,,,,,,False,not_in_flare_streak
4FGL J2143.5+1743,314,315,56986.00001157408,4.13e-08,3.91e-08,1.42e-07,1.5279505474452557e-07,1.2024050359712233e-07,2.2779194531120757e-09,1.2024050359712233e-07,2.2779194531120757e-09,1.98983e-07,1.98983e-07,1.2024050359712233e-07,False,False,False,0,False,,,-2.0155211792985392,3.0,False,False,,,weekly,10.0,sigma,computed,/home/lkoo/projects/AutomationDetection/DownloadedLC/incremental/quiescent_background_cache.csv,,,,,,False,not_in_flare_streak
4FGL J2143.5+1743,315,316,56993.00001157408,1e-07,4.15e-08,4.13e-08,1.5279505474452557e-07,1.2024050359712233e-07,2.2779194531120757e-09,1.2024050359712233e-07,2.2779194531120757e-09,1.98983e-07,1.98983e-07,1.2024050359712233e-07,True,False,False,0,False,,,-0.48698991110393475,3.0,False,False,,,weekly,10.0,sigma,computed,/home/lkoo/projects/AutomationDetection/DownloadedLC/incremental/quiescent_background_cache.csv,,,,,,False,not_in_flare_streak
4FGL J2143.5+1743,316,317,57000.00001157408,2.45e-07,5.26e-08,1e-07,1.5279505474452557e-07,1.2024050359712233e-07,2.2779194531120757e-09,1.2024050359712233e-07,2.2779194531120757e-09,1.98983e-07,1.98983e-07,1.2024050359712233e-07,True,True,False,0,False,,,2.3696325222770414,3.0,False,False,,,weekly,10.0,sigma,computed,/home/lkoo/projects/AutomationDetection/DownloadedLC/incremental/quiescent_background_cache.csv,,,,,,False,not_in_flare_streak
4FGL J2143.5+1743,317,318,57007.00001157408,1.38e-07,3.91e-08,2.45e-07,1.5279505474452557e-07,1.2024050359712233e-07,2.2779194531120757e-09,1.2024050359712233e-07,2.2779194531120757e-09,1.98983e-07,1.98983e-07,1.2024050359712233e-07,False,True,False,0,False,,,0.4534382161577824,3.0,False,False,,,weekly,10.0,sigma,computed,/home/lkoo/projects/AutomationDetection/DownloadedLC/incremental/quiescent_background_cache.csv,,,,,,False,not_in_flare_streak
4FGL J2143.5+1743,318,319,57014.00001157408,5.47e-08,2.9e-08,1.38e-07,1.5279505474452557e-07,1.2024050359712233e-07,2.2779194531120757e-09,1.2024050359712233e-07,2.2779194531120757e-09,1.98983e-07,1.98983e-07,1.2024050359712233e-07,False,False,False,0,False,,,-2.2530773810010554,3.0,False,False,,,weekly,10.0,sigma,computed,/home/lkoo/projects/AutomationDetection/DownloadedLC/incremental/quiescent_background_cache.csv,,,,,,False,not_in_flare_streak
4FGL J2143.5+1743,319,320,57021.00001157408,1.72e-07,4.6e-08,5.47e-08,1.5279505474452557e-07,1.2024050359712233e-07,2.2779194531120757e-09,1.2024050359712233e-07,2.2779194531120757e-09,1.98983e-07,1.98983e-07,1.2024050359712233e-07,True,True,False,0,False,,,1.1238293436861508,3.0,False,False,,,weekly,10.0,sigma,computed,/home/lkoo/projects/AutomationDetection/DownloadedLC/incremental/quiescent_background_cache.csv,,,,,,False,not_in_flare_streak
4FGL J2143.5+1743,320,321,57028.00001157408,2.09e-07,5.24e-08,1.72e-07,1.5279505474452557e-07,1.2024050359712233e-07,2.2779194531120757e-09,1.2024050359712233e-07,2.2779194531120757e-09,1.98983e-07,1.98983e-07,1.2024050359712233e-07,True,True,False,0,False,,,1.692285239792479,3.0,False,False,,,weekly,10.0,sigma,computed,/home/lkoo/projects/AutomationDetection/DownloadedLC/incremental/quiescent_background_cache.csv,,,,,,False,not_in_flare_streak
4FGL J2143.5+1743,321,322,57035.00001157408,1.16e-07,4.34e-08,2.09e-07,1.5279505474452557e-07,1.2024050359712233e-07,2.2779194531120757e-09,1.2024050359712233e-07,2.2779194531120757e-09,1.98983e-07,1.98983e-07,1.2024050359712233e-07,False,False,False,0,False,,,-0.09757314910835607,3.0,False,False,,,weekly,10.0,sigma,computed,/home/lkoo/projects/AutomationDetection/DownloadedLC/incremental/quiescent_background_cache.csv,,,,,,False,not_in_flare_streak
4FGL J2143.5+1743,322,323,57042.00001157408,1.49e-07,4.79e-08,1.16e-07,1.5279505474452557e-07,1.2024050359712233e-07,2.2779194531120757e-09,1.2024050359712233e-07,2.2779194531120757e-09,1.98983e-07,1.98983e-07,1.2024050359712233e-07,True,True,False,0,False,,,0.5997292479441249,3.0,False,False,,,weekly,10.0,sigma,computed,/home/lkoo/projects/AutomationDetection/DownloadedLC/incremental/quiescent_background_cache.csv,,,,,,False,not_in_flare_streak
4FGL J2143.5+1743,323,324,57049.00001157408,1.1e-07,4.51e-08,1.49e-07,1.5279505474452557e-07,1.2024050359712233e-07,2.2779194531120757e-09,1.2024050359712233e-07,2.2779194531120757e-09,1.98983e-07,1.98983e-07,1.2024050359712233e-07,False,False,False,0,False,,,-0.22677309040279547,3.0,False,False,,,weekly,10.0,sigma,computed,/home/lkoo/projects/AutomationDetection/DownloadedLC/incremental/quiescent_background_cache.csv,,,,,,False,not_in_flare_streak
4FGL J2143.5+1743,324,325,57056.00001157408,1.42e-07,4.3e-08,1.1e-07,1.5279505474452557e-07,1.2024050359712233e-07,2.2779194531120757e-09,1.2024050359712233e-07,2.2779194531120757e-09,1.98983e-07,1.98983e-07,1.2024050359712233e-07,True,True,False,0,False,,,0.5053262389838425,3.0,False,False,,,weekly,10.0,sigma,computed,/home/lkoo/projects/AutomationDetection/DownloadedLC/incremental/quiescent_background_cache.csv,,,,,,False,not_in_flare_streak
4FGL J2143.5+1743,325,326,57063.00001157408,1.5e-07,4.71e-08,1.42e-07,1.5279505474452557e-07,1.2024050359712233e-07,2.2779194531120757e-09,1.2024050359712233e-07,2.2779194531120757e-09,1.98983e-07,1.98983e-07,1.2024050359712233e-07,True,True,False,0,False,,,0.631098794754088,3.0,False,False,,,weekly,10.0,sigma,computed,/home/lkoo/projects/AutomationDetection/DownloadedLC/incremental/quiescent_background_cache.csv,,,,,,False,not_in_flare_streak
4FGL J2143.5+1743,326,327,57070.00001157408,1.47e-07,3.91e-08,1.5e-07,1.5279505474452557e-07,1.2024050359712233e-07,2.2779194531120757e-09,1.2024050359712233e-07,2.2779194531120757e-09,1.98983e-07,1.98983e-07,1.2024050359712233e-07,False,True,False,0,False,,,0.6832276118052171,3.0,False,False,,,weekly,10.0,sigma,computed,/home/lkoo/projects/AutomationDetection/DownloadedLC/incremental/quiescent_background_cache.csv,,,,,,False,not_in_flare_streak
4FGL J2143.5+1743,327,328,57077.00001157408,1.16e-07,4.67e-08,1.47e-07,1.5279505474452557e-07,1.2024050359712233e-07,2.2779194531120757e-09,1.2024050359712233e-07,2.2779194531120757e-09,1.98983e-07,1.98983e-07,1.2024050359712233e-07,False,False,False,0,False,,,-0.09069524493759511,3.0,False,False,,,weekly,10.0,sigma,computed,/home/lkoo/projects/AutomationDetection/DownloadedLC/incremental/quiescent_background_cache.csv,,,,,,False,not_in_flare_streak
4FGL J2143.5+1743,328,329,57084.00001157408,4.97e-08,3.14e-08,1.16e-07,1.5279505474452557e-07,1.2024050359712233e-07,2.2779194531120757e-09,1.2024050359712233e-07,2.2779194531120757e-09,1.98983e-07,1.98983e-07,1.2024050359712233e-07,False,False,False,0,False,,,-2.240624603179161,3.0,False,False,,,weekly,10.0,sigma,computed,/home/lkoo/projects/AutomationDetection/DownloadedLC/incremental/quiescent_background_cache.csv,,,,,,False,not_in_flare_streak
4FGL J2143.5+1743,329,330,57091.00001157408,2.15e-07,4.78e-08,4.97e-08,1.5279505474452557e-07,1.2024050359712233e-07,2.2779194531120757e-09,1.2024050359712233e-07,2.2779194531120757e-09,1.98983e-07,1.98983e-07,1.2024050359712233e-07,True,True,False,0,False,,,1.9801690162995744,3.0,False,False,,,weekly,10.0,sigma,computed,/home/lkoo/projects/AutomationDetection/DownloadedLC/incremental/quiescent_background_cache.csv,,,,,,False,not_in_flare_streak
4FGL J2143.5+1743,330,331,57098.00001157408,2.02e-07,4.9e-08,2.15e-07,1.5279505474452557e-07,1.2024050359712233e-07,2.2779194531120757e-09,1.2024050359712233e-07,2.2779194531120757e-09,1.98983e-07,1.98983e-07,1.2024050359712233e-07,False,True,False,0,False,,,1.6667610642092967,3.0,False,False,,,weekly,10.0,sigma,computed,/home/lkoo/projects/AutomationDetection/DownloadedLC/incremental/quiescent_background_cache.csv,,,,,,False,not_in_flare_streak
4FGL J2143.5+1743,331,332,57105.00001157408,2.58e-07,5.74e-08,2.02e-07,1.5279505474452557e-07,1.2024050359712233e-07,2.2779194531120757e-09,1.2024050359712233e-07,2.2779194531120757e-09,1.98983e-07,1.98983e-07,1.2024050359712233e-07,True,True,False,0,False,,,2.3981035829625776,3.0,False,False,,,weekly,10.0,sigma,computed,/home/lkoo/projects/AutomationDetection/DownloadedLC/incremental/quiescent_background_cache.csv,,,,,,False,not_in_flare_streak
4FGL J2143.5+1743,332,333,57112.00001157408,6.93e-08,5.58e-08,2.58e-07,1.5279505474452557e-07,1.2024050359712233e-07,2.2779194531120757e-09,1.2024050359712233e-07,2.2779194531120757e-09,1.98983e-07,1.98983e-07,1.2024050359712233e-07,False,False,False,0,False,,,-0.9121525108923861,3.0,False,False,,,weekly,10.0,sigma,computed,/home/lkoo/projects/AutomationDetection/DownloadedLC/incremental/quiescent_background_cache.csv,,,,,,False,not_in_flare_streak
4FGL J2143.5+1743,333,334,57119.00001157408,8.48e-08,3.68e-08,6.93e-08,1.5279505474452557e-07,1.2024050359712233e-07,2.2779194531120757e-09,1.2024050359712233e-07,2.2779194531120757e-09,1.98983e-07,1.98983e-07,1.2024050359712233e-07,True,False,False,0,False,,,-0.961217419320795,3.0,False,False,,,weekly,10.0,sigma,computed,/home/lkoo/projects/AutomationDetection/DownloadedLC/incremental/quiescent_background_cache.csv,,,,,,False,not_in_flare_streak
4FGL J2143.5+1743,334,335,57126.00001157408,1.13e-07,4.15e-08,8.48e-08,1.5279505474452557e-07,1.2024050359712233e-07,2.2779194531120757e-09,1.2024050359712233e-07,2.2779194531120757e-09,1.98983e-07,1.98983e-07,1.2024050359712233e-07,True,False,False,0,False,,,-0.1742077308596033,3.0,False,False,,,weekly,10.0,sigma,computed,/home/lkoo/projects/AutomationDetection/DownloadedLC/incremental/quiescent_background_cache.csv,,,,,,False,not_in_flare_streak
4FGL J2143.5+1743,335,336,57133.00001157408,2.61e-07,5.76e-08,1.13e-07,1.5279505474452557e-07,1.2024050359712233e-07,2.2779194531120757e-09,1.2024050359712233e-07,2.2779194531120757e-09,1.98983e-07,1.98983e-07,1.2024050359712233e-07,True,True,False,0,False,,,2.441832511923594,3.0,False,False,,,weekly,10.0,sigma,computed,/home/lkoo/projects/AutomationDetection/DownloadedLC/incremental/quiescent_background_cache.csv,,,,,,False,not_in_flare_streak
4FGL J2143.5+1743,336,337,57140.00001157408,2.41e-07,4.97e-08,2.61e-07,1.5279505474452557e-07,1.2024050359712233e-07,2.2779194531120757e-09,1.2024050359712233e-07,2.2779194531120757e-09,1.98983e-07,1.98983e-07,1.2024050359712233e-07,False,True,False,0,False,,,2.4272204462951184,3.0,False,False,,,weekly,10.0,sigma,computed,/home/lkoo/projects/AutomationDetection/DownloadedLC/incremental/quiescent_background_cache.csv,,,,,,False,not_in_flare_streak
4FGL J2143.5+1743,337,338,57147.00001157408,1.87e-07,4.56e-08,2.41e-07,1.5279505474452557e-07,1.2024050359712233e-07,2.2779194531120757e-09,1.2024050359712233e-07,2.2779194531120757e-09,1.98983e-07,1.98983e-07,1.2024050359712233e-07,False,True,False,0,False,,,1.4622007639290362,3.0,False,False,,,weekly,10.0,sigma,computed,/home/lkoo/projects/AutomationDetection/DownloadedLC/incremental/quiescent_background_cache.csv,,,,,,False,not_in_flare_streak
4FGL J2143.5+1743,338,339,57154.00001157408,9.1e-08,3.46e-08,1.87e-07,1.5279505474452557e-07,1.2024050359712233e-07,2.2779194531120757e-09,1.2024050359712233e-07,2.2779194531120757e-09,1.98983e-07,1.98983e-07,1.2024050359712233e-07,False,False,False,0,False,,,-0.8432757076893822,3.0,False,False,,,weekly,10.0,sigma,computed,/home/lkoo/projects/AutomationDetection/DownloadedLC/incremental/quiescent_background_cache.csv,,,,,,False,not_in_flare_streak
4FGL J2143.5+1743,339,340,57161.00001157408,2.26e-07,5.36e-08,9.1e-08,1.5279505474452557e-07,1.2024050359712233e-07,2.2779194531120757e-09,1.2024050359712233e-07,2.2779194531120757e-09,1.98983e-07,1.98983e-07,1.2024050359712233e-07,True,True,False,0,False,,,1.9713454905042118,3.0,False,False,,,weekly,10.0,sigma,computed,/home/lkoo/projects/AutomationDetection/DownloadedLC/incremental/quiescent_background_cache.csv,,,,,,False,not_in_flare_streak
4FGL J2143.5+1743,340,341,57168.00001157408,2.1e-07,4.53e-08,2.26e-07,1.5279505474452557e-07,1.2024050359712233e-07,2.2779194531120757e-09,1.2024050359712233e-07,2.2779194531120757e-09,1.98983e-07,1.98983e-07,1.2024050359712233e-07,False,True,False,0,False,,,1.9789454345370778,3.0,False,False,,,weekly,10.0,sigma,computed,/home/lkoo/projects/AutomationDetection/DownloadedLC/incremental/quiescent_background_cache.csv,,,,,,False,not_in_flare_streak
4FGL J2143.5+1743,341,342,57175.00001157408,2.04e-07,4.6e-08,2.1e-07,1.5279505474452557e-07,1.2024050359712233e-07,2.2779194531120757e-09,1.2024050359712233e-07,2.2779194531120757e-09,1.98983e-07,1.98983e-07,1.2024050359712233e-07,False,True,False,0,False,,,1.818630133825937,3.0,False,False,,,weekly,10.0,sigma,computed,/home/lkoo/projects/AutomationDetection/DownloadedLC/incremental/quiescent_background_cache.csv,,,,,,False,not_in_flare_streak
4FGL J2143.5+1743,342,343,57182.00001157408,8.11e-08,4.53e-08,2.04e-07,1.5279505474452557e-07,1.2024050359712233e-07,2.2779194531120757e-09,1.2024050359712233e-07,2.2779194531120757e-09,1.98983e-07,1.98983e-07,1.2024050359712233e-07,False,False,False,0,False,,,-0.8629384522318246,3.0,False,False,,,weekly,10.0,sigma,computed,/home/lkoo/projects/AutomationDetection/DownloadedLC/incremental/quiescent_background_cache.csv,,,,,,False,not_in_flare_streak
4FGL J2143.5+1743,343,344,57189.00001157408,2.77e-07,6.61e-08,8.11e-08,1.5279505474452557e-07,1.2024050359712233e-07,2.2779194531120757e-09,1.2024050359712233e-07,2.2779194531120757e-09,1.98983e-07,1.98983e-07,1.2024050359712233e-07,True,True,False,0,False,,,2.370143640958994,3.0,False,False,,,weekly,10.0,sigma,computed,/home/lkoo/projects/AutomationDetection/DownloadedLC/incremental/quiescent_background_cache.csv,,,,,,False,not_in_flare_streak
4FGL J2143.5+1743,344,345,57196.00001157408,1.37e-07,4.08e-08,2.77e-07,1.5279505474452557e-07,1.2024050359712233e-07,2.2779194531120757e-09,1.2024050359712233e-07,2.2779194531120757e-09,1.98983e-07,1.98983e-07,1.2024050359712233e-07,False,True,False,0,False,,,0.4101332465095665,3.0,False,False,,,weekly,10.0,sigma,computed,/home/lkoo/projects/AutomationDetection/DownloadedLC/incremental/quiescent_background_cache.csv,,,,,,False,not_in_flare_streak
4FGL J2143.5+1743,345,346,57203.00001157408,1.37e-07,5.14e-08,1.37e-07,1.5279505474452557e-07,1.2024050359712233e-07,2.2779194531120757e-09,1.2024050359712233e-07,2.2779194531120757e-09,1.98983e-07,1.98983e-07,1.2024050359712233e-07,False,True,False,0,False,,,0.32574051439518853,3.0,False,False,,,weekly,10.0,sigma,computed,/home/lkoo/projects/AutomationDetection/DownloadedLC/incremental/quiescent_background_cache.csv,,,,,,False,not_in_flare_streak
4FGL J2143.5+1743,346,347,57210.00001157408,1.84e-07,5.06e-08,1.37e-07,1.5279505474452557e-07,1.2024050359712233e-07,2.2779194531120757e-09,1.2024050359712233e-07,2.2779194531120757e-09,1.98983e-07,1.98983e-07,1.2024050359712233e-07,True,True,False,0,False,,,1.2587941858589349,3.0,False,False,,,weekly,10.0,sigma,computed,/home/lkoo/projects/AutomationDetection/DownloadedLC/incremental/quiescent_background_cache.csv,,,,,,False,not_in_flare_streak
4FGL J2143.5+1743,347,348,57217.00001157408,2.21e-07,4.81e-08,1.84e-07,1.5279505474452557e-07,1.2024050359712233e-07,2.2779194531120757e-09,1.2024050359712233e-07,2.2779194531120757e-09,1.98983e-07,1.98983e-07,1.2024050359712233e-07,True,True,False,0,False,,,2.0924468907004976,3.0,False,False,,,weekly,10.0,sigma,computed,/home/lkoo/projects/AutomationDetection/DownloadedLC/incremental/quiescent_background_cache.csv,,,,,,False,not_in_flare_streak
4FGL J2143.5+1743,348,349,57224.00001157408,1.64e-07,4.79e-08,2.21e-07,1.5279505474452557e-07,1.2024050359712233e-07,2.2779194531120757e-09,1.2024050359712233e-07,2.2779194531120757e-09,1.98983e-07,1.98983e-07,1.2024050359712233e-07,False,True,False,0,False,,,0.9125281437642113,3.0,False,False,,,weekly,10.0,sigma,computed,/home/lkoo/projects/AutomationDetection/DownloadedLC/incremental/quiescent_background_cache.csv,,,,,,False,not_in_flare_streak
4FGL J2143.5+1743,349,350,57231.00001157408,1.28e-07,4.84e-08,1.64e-07,1.5279505474452557e-07,1.2024050359712233e-07,2.2779194531120757e-09,1.2024050359712233e-07,2.2779194531120757e-09,1.98983e-07,1.98983e-07,1.2024050359712233e-07,False,True,False,0,False,,,0.16014290843899173,3.0,False,False,,,weekly,10.0,sigma,computed,/home/lkoo/projects/AutomationDetection/DownloadedLC/incremental/quiescent_background_cache.csv,,,,,,False,not_in_flare_streak
4FGL J2143.5+1743,350,351,57245.00001157408,1.45e-07,4.48e-08,1.28e-07,1.5279505474452557e-07,1.2024050359712233e-07,2.2779194531120757e-09,1.2024050359712233e-07,2.2779194531120757e-09,1.98983e-07,1.98983e-07,1.2024050359712233e-07,True,True,False,0,False,,,0.551954291252263,3.0,False,False,,,weekly,10.0,sigma,computed,/home/lkoo/projects/AutomationDetection/DownloadedLC/incremental/quiescent_background_cache.csv,,,,,,False,not_in_flare_streak
4FGL J2143.5+1743,351,352,57252.00001157408,2.34e-07,5.96e-08,1.45e-07,1.5279505474452557e-07,1.2024050359712233e-07,2.2779194531120757e-09,1.2024050359712233e-07,2.2779194531120757e-09,1.98983e-07,1.98983e-07,1.2024050359712233e-07,True,True,False,0,False,,,1.9073238026897101,3.0,False,False,,,weekly,10.0,sigma,computed,/home/lkoo/projects/AutomationDetection/DownloadedLC/incremental/quiescent_background_cache.csv,,,,,,False,not_in_flare_streak
4FGL J2143.5+1743,352,353,57259.00001157408,3.38e-07,6.21e-08,2.34e-07,1.5279505474452557e-07,1.2024050359712233e-07,2.2779194531120757e-09,1.2024050359712233e-07,2.2779194531120757e-09,1.98983e-07,1.98983e-07,1.2024050359712233e-07,True,True,False,0,False,,,3.5042374084257646,3.0,True,True,57259.00001157408,57259.00001157408,weekly,10.0,sigma,computed,/home/lkoo/projects/AutomationDetection/DownloadedLC/incremental/quiescent_background_cache.csv,,,,,,False,not_in_flare_streak
4FGL J2143.5+1743,353,354,57266.00001157408,3.41e-07,5.63e-08,3.38e-07,1.5279505474452557e-07,1.2024050359712233e-07,2.2779194531120757e-09,1.2024050359712233e-07,2.2779194531120757e-09,1.98983e-07,1.98983e-07,1.2024050359712233e-07,True,True,False,0,False,,,3.917922231342606,3.0,True,True,57259.00001157408,57266.00001157408,weekly,10.0,sigma,computed,/home/lkoo/projects/AutomationDetection/DownloadedLC/incremental/quiescent_background_cache.csv,,,,,,False,not_in_flare_streak
4FGL J2143.5+1743,354,355,57273.00001157408,1.92e-07,4.77e-08,3.41e-07,1.5279505474452557e-07,1.2024050359712233e-07,2.2779194531120757e-09,1.2024050359712233e-07,2.2779194531120757e-09,1.98983e-07,1.98983e-07,1.2024050359712233e-07,False,True,False,0,False,,,1.5026794646452903,3.0,False,True,57259.00001157408,57273.00001157408,weekly,10.0,sigma,computed,/home/lkoo/projects/AutomationDetection/DownloadedLC/incremental/quiescent_background_cache.csv,,,,,,False,not_in_flare_streak
4FGL J2143.5+1743,355,356,57280.00001157408,2.32e-07,5.41e-08,1.92e-07,1.5279505474452557e-07,1.2024050359712233e-07,2.2779194531120757e-09,1.2024050359712233e-07,2.2779194531120757e-09,1.98983e-07,1.98983e-07,1.2024050359712233e-07,True,True,False,0,False,,,2.0639659740795886,3.0,False,True,57259.00001157408,57280.00001157408,weekly,10.0,sigma,computed,/home/lkoo/projects/AutomationDetection/DownloadedLC/incremental/quiescent_background_cache.csv,,,,,,False,not_in_flare_streak
4FGL J2143.5+1743,356,357,57287.00001157408,2.7e-07,5.81e-08,2.32e-07,1.5279505474452557e-07,1.2024050359712233e-07,2.2779194531120757e-09,1.2024050359712233e-07,2.2779194531120757e-09,1.98983e-07,1.98983e-07,1.2024050359712233e-07,True,True,False,0,False,,,2.5756372694088276,3.0,False,True,57259.00001157408,57287.00001157408,weekly,10.0,sigma,computed,/home/lkoo/projects/AutomationDetection/DownloadedLC/incremental/quiescent_background_cache.csv,,,,,,False,not_in_flare_streak
4FGL J2143.5+1743,357,358,57294.00001157408,2.65e-07,5.81e-08,2.7e-07,1.5279505474452557e-07,1.2024050359712233e-07,2.2779194531120757e-09,1.2024050359712233e-07,2.2779194531120757e-09,1.98983e-07,1.98983e-07,1.2024050359712233e-07,False,True,False,0,False,,,2.489644817134551,3.0,False,True,57259.00001157408,57294.00001157408,weekly,10.0,sigma,computed,/home/lkoo/projects/AutomationDetection/DownloadedLC/incremental/quiescent_background_cache.csv,,,,,,False,not_in_flare_streak
4FGL J2143.5+1743,358,359,57301.00001157408,3.69e-07,6.45e-08,2.65e-07,1.5279505474452557e-07,1.2024050359712233e-07,2.2779194531120757e-09,1.2024050359712233e-07,2.2779194531120757e-09,1.98983e-07,1.98983e-07,1.2024050359712233e-07,True,True,False,0,False,,,3.8543334477311784,3.0,True,True,57259.00001157408,57301.00001157408,weekly,10.0,sigma,computed,/home/lkoo/projects/AutomationDetection/DownloadedLC/incremental/quiescent_background_cache.csv,,,,,,False,not_in_flare_streak
4FGL J2143.5+1743,359,360,57308.00001157408,1.39e-07,4.92e-08,3.69e-07,1.5279505474452557e-07,1.2024050359712233e-07,2.2779194531120757e-09,1.2024050359712233e-07,2.2779194531120757e-09,1.98983e-07,1.98983e-07,1.2024050359712233e-07,False,True,False,0,False,,,0.38088256329543047,3.0,False,True,57259.00001157408,57308.00001157408,weekly,10.0,sigma,computed,/home/lkoo/projects/AutomationDetection/DownloadedLC/incremental/quiescent_background_cache.csv,,,,,,False,not_in_flare_streak
4FGL J2143.5+1743,360,361,57315.00001157408,2.3e-07,5.33e-08,1.39e-07,1.5279505474452557e-07,1.2024050359712233e-07,2.2779194531120757e-09,1.2024050359712233e-07,2.2779194531120757e-09,1.98983e-07,1.98983e-07,1.2024050359712233e-07,True,True,False,0,False,,,2.057399531736884,3.0,False,True,57259.00001157408,57315.00001157408,weekly,10.0,sigma,computed,/home/lkoo/projects/AutomationDetection/DownloadedLC/incremental/quiescent_background_cache.csv,,,,,,False,not_in_flare_streak
4FGL J2143.5+1743,361,362,57322.00001157408,1.23e-07,4.42e-08,2.3e-07,1.5279505474452557e-07,1.2024050359712233e-07,2.2779194531120757e-09,1.2024050359712233e-07,2.2779194531120757e-09,1.98983e-07,1.98983e-07,1.2024050359712233e-07,False,True,False,0,False,,,0.06234929956640006,3.0,False,True,57259.00001157408,57322.00001157408,weekly,10.0,sigma,computed,/home/lkoo/projects/AutomationDetection/DownloadedLC/incremental/quiescent_background_cache.csv,,,,,,False,not_in_flare_streak
4FGL J2143.5+1743,362,363,57329.00001157408,1.82e-07,4.66e-08,1.23e-07,1.5279505474452557e-07,1.2024050359712233e-07,2.2779194531120757e-09,1.2024050359712233e-07,2.2779194531120757e-09,1.98983e-07,1.98983e-07,1.2024050359712233e-07,True,True,False,0,False,,,1.3237305060111295,3.0,False,True,57259.00001157408,57329.00001157408,weekly,10.0,sigma,computed,/home/lkoo/projects/AutomationDetection/DownloadedLC/incremental/quiescent_background_cache.csv,,,,,,False,not_in_flare_streak
4FGL J2143.5+1743,363,364,57336.00001157408,1.82e-07,4.74e-08,1.82e-07,1.5279505474452557e-07,1.2024050359712233e-07,2.2779194531120757e-09,1.2024050359712233e-07,2.2779194531120757e-09,1.98983e-07,1.98983e-07,1.2024050359712233e-07,False,True,False,0,False,,,1.301440982633699,3.0,False,True,57259.00001157408,57336.00001157408,weekly,10.0,sigma,computed,/home/lkoo/projects/AutomationDetection/DownloadedLC/incremental/quiescent_background_cache.csv,,,,,,False,not_in_flare_streak
4FGL J2143.5+1743,364,365,57343.00001157408,2.58e-07,5.58e-08,1.82e-07,1.5279505474452557e-07,1.2024050359712233e-07,2.2779194531120757e-09,1.2024050359712233e-07,2.2779194531120757e-09,1.98983e-07,1.98983e-07,1.2024050359712233e-07,True,True,False,0,False,,,2.4667535982163717,3.0,False,True,57259.00001157408,57343.00001157408,weekly,10.0,sigma,computed,/home/lkoo/projects/AutomationDetection/DownloadedLC/incremental/quiescent_background_cache.csv,,,,,,False,not_in_flare_streak
4FGL J2143.5+1743,365,366,57350.00001157408,2.23e-07,6.81e-08,2.58e-07,1.5279505474452557e-07,1.2024050359712233e-07,2.2779194531120757e-09,1.2024050359712233e-07,2.2779194531120757e-09,1.98983e-07,1.98983e-07,1.2024050359712233e-07,False,True,False,0,False,,,1.508106563287829,3.0,False,True,57259.00001157408,57350.00001157408,weekly,10.0,sigma,computed,/home/lkoo/projects/AutomationDetection/DownloadedLC/incremental/quiescent_background_cache.csv,,,,,,False,not_in_flare_streak
4FGL J2143.5+1743,366,367,57357.00001157408,1.07e-07,4.69e-08,2.23e-07,1.5279505474452557e-07,1.2024050359712233e-07,2.2779194531120757e-09,1.2024050359712233e-07,2.2779194531120757e-09,1.98983e-07,1.98983e-07,1.2024050359712233e-07,False,False,False,0,False,,,-0.2819811063647581,3.0,False,False,,,weekly,10.0,sigma,computed,/home/lkoo/projects/AutomationDetection/DownloadedLC/incremental/quiescent_background_cache.csv,,,,,,False,not_in_flare_streak
4FGL J2143.5+1743,367,368,57364.00001157408,1.75e-07,6.62e-08,1.07e-07,1.5279505474452557e-07,1.2024050359712233e-07,2.2779194531120757e-09,1.2024050359712233e-07,2.2779194531120757e-09,1.98983e-07,1.98983e-07,1.2024050359712233e-07,True,True,False,0,False,,,0.8266934571823299,3.0,False,False,,,weekly,10.0,sigma,computed,/home/lkoo/projects/AutomationDetection/DownloadedLC/incremental/quiescent_background_cache.csv,,,,,,False,not_in_flare_streak
4FGL J2143.5+1743,368,369,57371.00001157408,1.11e-07,4.27e-08,1.75e-07,1.5279505474452557e-07,1.2024050359712233e-07,2.2779194531120757e-09,1.2024050359712233e-07,2.2779194531120757e-09,1.98983e-07,1.98983e-07,1.2024050359712233e-07,False,False,False,0,False,,,-0.2160979573952368,3.0,False,False,,,weekly,10.0,sigma,computed,/home/lkoo/projects/AutomationDetection/DownloadedLC/incremental/quiescent_background_cache.csv,,,,,,False,not_in_flare_streak
4FGL J2143.5+1743,369,370,57378.00001157408,1.63e-07,4.87e-08,1.11e-07,1.5279505474452557e-07,1.2024050359712233e-07,2.2779194531120757e-09,1.2024050359712233e-07,2.2779194531120757e-09,1.98983e-07,1.98983e-07,1.2024050359712233e-07,True,True,False,0,False,,,0.8770594907463356,3.0,False,False,,,weekly,10.0,sigma,computed,/home/lkoo/projects/AutomationDetection/DownloadedLC/incremental/quiescent_background_cache.csv,,,,,,False,not_in_flare_streak
4FGL J2143.5+1743,370,371,57385.00001157408,2.02e-07,4.91e-08,1.63e-07,1.5279505474452557e-07,1.2024050359712233e-07,2.2779194531120757e-09,1.2024050359712233e-07,2.2779194531120757e-09,1.98983e-07,1.98983e-07,1.2024050359712233e-07,True,True,False,0,False,,,1.6633737369914163,3.0,False,False,,,weekly,10.0,sigma,computed,/home/lkoo/projects/AutomationDetection/DownloadedLC/incremental/quiescent_background_cache.csv,,,,,,False,not_in_flare_streak
4FGL J2143.5+1743,371,372,57392.00001157408,8.6e-08,4.54e-08,2.02e-07,1.5279505474452557e-07,1.2024050359712233e-07,2.2779194531120757e-09,1.2024050359712233e-07,2.2779194531120757e-09,1.98983e-07,1.98983e-07,1.2024050359712233e-07,False,False,False,0,False,,,-0.7532485685519736,3.0,False,False,,,weekly,10.0,sigma,computed,/home/lkoo/projects/AutomationDetection/DownloadedLC/incremental/quiescent_background_cache.csv,,,,,,False,not_in_flare_streak
4FGL J2143.5+1743,372,373,57399.00001157408,1.43e-07,5.25e-08,8.6e-08,1.5279505474452557e-07,1.2024050359712233e-07,2.2779194531120757e-09,1.2024050359712233e-07,2.2779194531120757e-09,1.98983e-07,1.98983e-07,1.2024050359712233e-07,True,True,False,0,False,,,0.43310672547114926,3.0,False,False,,,weekly,10.0,sigma,computed,/home/lkoo/projects/AutomationDetection/DownloadedLC/incremental/quiescent_background_cache.csv,,,,,,False,not_in_flare_streak
4FGL J2143.5+1743,373,374,57406.00001157408,2.33e-07,5.85e-08,1.43e-07,1.5279505474452557e-07,1.2024050359712233e-07,2.2779194531120757e-09,1.2024050359712233e-07,2.2779194531120757e-09,1.98983e-07,1.98983e-07,1.2024050359712233e-07,True,True,False,0,False,,,1.9260531426188527,3.0,False,False,,,weekly,10.0,sigma,computed,/home/lkoo/projects/AutomationDetection/DownloadedLC/incremental/quiescent_background_cache.csv,,,,,,False,not_in_flare_streak
4FGL J2143.5+1743,374,375,57413.00001157408,2.24e-07,6e-08,2.33e-07,1.5279505474452557e-07,1.2024050359712233e-07,2.2779194531120757e-09,1.2024050359712233e-07,2.2779194531120757e-09,1.98983e-07,1.98983e-07,1.2024050359712233e-07,False,True,False,0,False,,,1.728079990756932,3.0,False,False,,,weekly,10.0,sigma,computed,/home/lkoo/projects/AutomationDetection/DownloadedLC/incremental/quiescent_background_cache.csv,,,,,,False,not_in_flare_streak
4FGL J2143.5+1743,375,376,57420.00001157408,1.03e-07,5.41e-08,2.24e-07,1.5279505474452557e-07,1.2024050359712233e-07,2.2779194531120757e-09,1.2024050359712233e-07,2.2779194531120757e-09,1.98983e-07,1.98983e-07,1.2024050359712233e-07,False,False,False,0,False,,,-0.31839632376458177,3.0,False,False,,,weekly,10.0,sigma,computed,/home/lkoo/projects/AutomationDetection/DownloadedLC/incremental/quiescent_background_cache.csv,,,,,,False,not_in_flare_streak
4FGL J2143.5+1743,376,377,57427.00001157408,9.67e-08,4.02e-08,1.03e-07,1.5279505474452557e-07,1.2024050359712233e-07,2.2779194531120757e-09,1.2024050359712233e-07,2.2779194531120757e-09,1.98983e-07,1.98983e-07,1.2024050359712233e-07,False,False,False,0,False,,,-0.5846468022934977,3.0,False,False,,,weekly,10.0,sigma,computed,/home/lkoo/projects/AutomationDetection/DownloadedLC/incremental/quiescent_background_cache.csv,,,,,,False,not_in_flare_streak
4FGL J2143.5+1743,377,378,57434.00001157408,1.44e-07,4.39e-08,9.67e-08,1.5279505474452557e-07,1.2024050359712233e-07,2.2779194531120757e-09,1.2024050359712233e-07,2.2779194531120757e-09,1.98983e-07,1.98983e-07,1.2024050359712233e-07,True,True,False,0,False,,,0.5404914628050812,3.0,False,False,,,weekly,10.0,sigma,computed,/home/lkoo/projects/AutomationDetection/DownloadedLC/incremental/quiescent_background_cache.csv,,,,,,False,not_in_flare_streak
4FGL J2143.5+1743,378,379,57441.00001157408,1.07e-07,4.55e-08,1.44e-07,1.5279505474452557e-07,1.2024050359712233e-07,2.2779194531120757e-09,1.2024050359712233e-07,2.2779194531120757e-09,1.98983e-07,1.98983e-07,1.2024050359712233e-07,False,False,False,0,False,,,-0.2906360788865547,3.0,False,False,,,weekly,10.0,sigma,computed,/home/lkoo/projects/AutomationDetection/DownloadedLC/incremental/quiescent_background_cache.csv,,,,,,False,not_in_flare_streak
4FGL J2143.5+1743,379,380,57448.00001157408,1.84e-07,5.63e-08,1.07e-07,1.5279505474452557e-07,1.2024050359712233e-07,2.2779194531120757e-09,1.2024050359712233e-07,2.2779194531120757e-09,1.98983e-07,1.98983e-07,1.2024050359712233e-07,True,True,False,0,False,,,1.1315696605873715,3.0,False,False,,,weekly,10.0,sigma,computed,/home/lkoo/projects/AutomationDetection/DownloadedLC/incremental/quiescent_background_cache.csv,,,,,,False,not_in_flare_streak
4FGL J2143.5+1743,380,381,57455.00001157408,1.32e-07,5.24e-08,1.84e-07,1.5279505474452557e-07,1.2024050359712233e-07,2.2779194531120757e-09,1.2024050359712233e-07,2.2779194531120757e-09,1.98983e-07,1.98983e-07,1.2024050359712233e-07,False,True,False,0,False,,,0.22420611874198765,3.0,False,False,,,weekly,10.0,sigma,computed,/home/lkoo/projects/AutomationDetection/DownloadedLC/incremental/quiescent_background_cache.csv,,,,,,False,not_in_flare_streak
4FGL J2143.5+1743,381,382,57462.00001157408,8.39e-08,3.6e-08,1.32e-07,1.5279505474452557e-07,1.2024050359712233e-07,2.2779194531120757e-09,1.2024050359712233e-07,2.2779194531120757e-09,1.98983e-07,1.98983e-07,1.2024050359712233e-07,False,False,False,0,False,,,-1.0074436495097454,3.0,False,False,,,weekly,10.0,sigma,computed,/home/lkoo/projects/AutomationDetection/DownloadedLC/incremental/quiescent_background_cache.csv,,,,,,False,not_in_flare_streak
4FGL J2143.5+1743,382,383,57469.00001157408,1.29e-07,4.21e-08,8.39e-08,1.5279505474452557e-07,1.2024050359712233e-07,2.2779194531120757e-09,1.2024050359712233e-07,2.2779194531120757e-09,1.98983e-07,1.98983e-07,1.2024050359712233e-07,True,True,False,0,False,,,0.2077601499693815,3.0,False,False,,,weekly,10.0,sigma,computed,/home/lkoo/projects/AutomationDetection/DownloadedLC/incremental/quiescent_background_cache.csv,,,,,,False,not_in_flare_streak
4FGL J2143.5+1743,383,384,57476.00001157408,1.26e-07,4e-08,1.29e-07,1.5279505474452557e-07,1.2024050359712233e-07,2.2779194531120757e-09,1.2024050359712233e-07,2.2779194531120757e-09,1.98983e-07,1.98983e-07,1.2024050359712233e-07,False,True,False,0,False,,,0.1437544955865786,3.0,False,False,,,weekly,10.0,sigma,computed,/home/lkoo/projects/AutomationDetection/DownloadedLC/incremental/quiescent_background_cache.csv,,,,,,False,not_in_flare_streak
4FGL J2143.5+1743,384,385,57483.00001157408,1.22e-07,3.87e-08,1.26e-07,1.5279505474452557e-07,1.2024050359712233e-07,2.2779194531120757e-09,1.2024050359712233e-07,2.2779194531120757e-09,1.98983e-07,1.98983e-07,1.2024050359712233e-07,False,True,False,0,False,,,0.045386468026723754,3.0,False,False,,,weekly,10.0,sigma,computed,/home/lkoo/projects/AutomationDetection/DownloadedLC/incremental/quiescent_background_cache.csv,,,,,,False,not_in_flare_streak
4FGL J2143.5+1743,385,386,57490.00001157408,1.26e-07,4.8e-08,1.22e-07,1.5279505474452557e-07,1.2024050359712233e-07,2.2779194531120757e-09,1.2024050359712233e-07,2.2779194531120757e-09,1.98983e-07,1.98983e-07,1.2024050359712233e-07,True,True,False,0,False,,,0.11985461995717991,3.0,False,False,,,weekly,10.0,sigma,computed,/home/lkoo/projects/AutomationDetection/DownloadedLC/incremental/quiescent_background_cache.csv,,,,,,False,not_in_flare_streak
4FGL J2143.5+1743,386,387,57497.00001157408,2.08e-07,4.81e-08,1.26e-07,1.5279505474452557e-07,1.2024050359712233e-07,2.2779194531120757e-09,1.2024050359712233e-07,2.2779194531120757e-09,1.98983e-07,1.98983e-07,1.2024050359712233e-07,True,True,False,0,False,,,1.8224791898860502,3.0,False,False,,,weekly,10.0,sigma,computed,/home/lkoo/projects/AutomationDetection/DownloadedLC/incremental/quiescent_background_cache.csv,,,,,,False,not_in_flare_streak
4FGL J2143.5+1743,387,388,57504.00001157408,9.58e-08,3.72e-08,2.08e-07,1.5279505474452557e-07,1.2024050359712233e-07,2.2779194531120757e-09,1.2024050359712233e-07,2.2779194531120757e-09,1.98983e-07,1.98983e-07,1.2024050359712233e-07,False,False,False,0,False,,,-0.6557744725250189,3.0,False,False,,,weekly,10.0,sigma,computed,/home/lkoo/projects/AutomationDetection/DownloadedLC/incremental/quiescent_background_cache.csv,,,,,,False,not_in_flare_streak
4FGL J2143.5+1743,388,389,57511.00001157408,1.12e-07,4.77e-08,9.58e-08,1.5279505474452557e-07,1.2024050359712233e-07,2.2779194531120757e-09,1.2024050359712233e-07,2.2779194531120757e-09,1.98983e-07,1.98983e-07,1.2024050359712233e-07,True,False,False,0,False,,,-0.1725602345954424,3.0,False,False,,,weekly,10.0,sigma,computed,/home/lkoo/projects/AutomationDetection/DownloadedLC/incremental/quiescent_background_cache.csv,,,,,,False,not_in_flare_streak
4FGL J2143.5+1743,389,390,57518.00001157408,2.46e-07,4.78e-08,1.12e-07,1.5279505474452557e-07,1.2024050359712233e-07,2.2779194531120757e-09,1.2024050359712233e-07,2.2779194531120757e-09,1.98983e-07,1.98983e-07,1.2024050359712233e-07,True,True,False,0,False,,,2.6279694145235424,3.0,False,False,,,weekly,10.0,sigma,computed,/home/lkoo/projects/AutomationDetection/DownloadedLC/incremental/quiescent_background_cache.csv,,,,,,False,not_in_flare_streak
4FGL J2143.5+1743,390,391,57525.00001157408,3.48e-07,5.66e-08,2.46e-07,1.5279505474452557e-07,1.2024050359712233e-07,2.2779194531120757e-09,1.2024050359712233e-07,2.2779194531120757e-09,1.98983e-07,1.98983e-07,1.2024050359712233e-07,True,True,False,0,False,,,4.020764402940028,3.0,True,True,57525.00001157408,57525.00001157408,weekly,10.0,sigma,computed,/home/lkoo/projects/AutomationDetection/DownloadedLC/incremental/quiescent_background_cache.csv,,,,,,False,not_in_flare_streak
4FGL J2143.5+1743,391,392,57532.00001157408,1.9e-07,4.99e-08,3.48e-07,1.5279505474452557e-07,1.2024050359712233e-07,2.2779194531120757e-09,1.2024050359712233e-07,2.2779194531120757e-09,1.98983e-07,1.98983e-07,1.2024050359712233e-07,False,True,False,0,False,,,1.3965315452510798,3.0,False,True,57525.00001157408,57532.00001157408,weekly,10.0,sigma,computed,/home/lkoo/projects/AutomationDetection/DownloadedLC/incremental/quiescent_background_cache.csv,,,,,,False,not_in_flare_streak
4FGL J2143.5+1743,392,393,57539.00001157408,1.53e-07,4.41e-08,1.9e-07,1.5279505474452557e-07,1.2024050359712233e-07,2.2779194531120757e-09,1.2024050359712233e-07,2.2779194531120757e-09,1.98983e-07,1.98983e-07,1.2024050359712233e-07,False,True,False,0,False,,,0.7418567145437172,3.0,False,True,57525.00001157408,57539.00001157408,weekly,10.0,sigma,computed,/home/lkoo/projects/AutomationDetection/DownloadedLC/incremental/quiescent_background_cache.csv,,,,,,False,not_in_flare_streak
4FGL J2143.5+1743,393,394,57546.00001157408,1.59e-07,4.31e-08,1.53e-07,1.5279505474452557e-07,1.2024050359712233e-07,2.2779194531120757e-09,1.2024050359712233e-07,2.2779194531120757e-09,1.98983e-07,1.98983e-07,1.2024050359712233e-07,True,True,False,0,False,,,0.8980388753012588,3.0,False,True,57525.00001157408,57546.00001157408,weekly,10.0,sigma,computed,/home/lkoo/projects/AutomationDetection/DownloadedLC/incremental/quiescent_background_cache.csv,,,,,,False,not_in_flare_streak
4FGL J2143.5+1743,394,395,57553.00001157408,7.27e-08,4.41e-08,1.59e-07,1.5279505474452557e-07,1.2024050359712233e-07,2.2779194531120757e-09,1.2024050359712233e-07,2.2779194531120757e-09,1.98983e-07,1.98983e-07,1.2024050359712233e-07,False,False,False,0,False,,,-1.0765807072424012,3.0,False,False,,,weekly,10.0,sigma,computed,/home/lkoo/projects/AutomationDetection/DownloadedLC/incremental/quiescent_background_cache.csv,,,,,,False,not_in_flare_streak
4FGL J2143.5+1743,395,396,57560.00001157408,9.01e-08,2.88e-08,7.27e-08,1.5279505474452557e-07,1.2024050359712233e-07,2.2779194531120757e-09,1.2024050359712233e-07,2.2779194531120757e-09,1.98983e-07,1.98983e-07,1.2024050359712233e-07,True,False,False,0,False,,,-1.0432869875188118,3.0,False,False,,,weekly,10.0,sigma,computed,/home/lkoo/projects/AutomationDetection/DownloadedLC/incremental/quiescent_background_cache.csv,,,,,,False,not_in_flare_streak
4FGL J2143.5+1743,396,397,57567.00001157408,1.14e-07,3.53e-08,9.01e-08,1.5279505474452557e-07,1.2024050359712233e-07,2.2779194531120757e-09,1.2024050359712233e-07,2.2779194531120757e-09,1.98983e-07,1.98983e-07,1.2024050359712233e-07,True,False,False,0,False,,,-0.17641787000661716,3.0,False,False,,,weekly,10.0,sigma,computed,/home/lkoo/projects/AutomationDetection/DownloadedLC/incremental/quiescent_background_cache.csv,,,,,,False,not_in_flare_streak
4FGL J2143.5+1743,397,398,57574.00001157408,2.43e-07,5.54e-08,1.14e-07,1.5279505474452557e-07,1.2024050359712233e-07,2.2779194531120757e-09,1.2024050359712233e-07,2.2779194531120757e-09,1.98983e-07,1.98983e-07,1.2024050359712233e-07,True,True,False,0,False,,,2.2140046082345552,3.0,False,False,,,weekly,10.0,sigma,computed,/home/lkoo/projects/AutomationDetection/DownloadedLC/incremental/quiescent_background_cache.csv,,,,,,False,not_in_flare_streak
4FGL J2143.5+1743,398,399,57581.00001157408,2.17e-07,4.88e-08,2.43e-07,1.5279505474452557e-07,1.2024050359712233e-07,2.2779194531120757e-09,1.2024050359712233e-07,2.2779194531120757e-09,1.98983e-07,1.98983e-07,1.2024050359712233e-07,False,True,False,0,False,,,1.980619954416987,3.0,False,False,,,weekly,10.0,sigma,computed,/home/lkoo/projects/AutomationDetection/DownloadedLC/incremental/quiescent_background_cache.csv,,,,,,False,not_in_flare_streak
4FGL J2143.5+1743,399,400,57588.00001157408,4.59e-08,4.07e-08,2.17e-07,1.5279505474452557e-07,1.2024050359712233e-07,2.2779194531120757e-09,1.2024050359712233e-07,2.2779194531120757e-09,1.98983e-07,1.98983e-07,1.2024050359712233e-07,False,False,False,0,False,,,-1.8236938935839184,3.0,False,False,,,weekly,10.0,sigma,computed,/home/lkoo/projects/AutomationDetection/DownloadedLC/incremental/quiescent_background_cache.csv,,,,,,False,not_in_flare_streak
4FGL J2143.5+1743,400,401,57609.00001157408,4.79e-08,3.07e-08,4.59e-08,1.5279505474452557e-07,1.2024050359712233e-07,2.2779194531120757e-09,1.2024050359712233e-07,2.2779194531120757e-09,1.98983e-07,1.98983e-07,1.2024050359712233e-07,True,False,False,0,False,,,-2.349908316508557,3.0,False,False,,,weekly,10.0,sigma,computed,/home/lkoo/projects/AutomationDetection/DownloadedLC/incremental/quiescent_background_cache.csv,,,,,,False,not_in_flare_streak
4FGL J2143.5+1743,401,402,57623.00001157408,3.74e-08,2.38e-08,4.79e-08,1.5279505474452557e-07,1.2024050359712233e-07,2.2779194531120757e-09,1.2024050359712233e-07,2.2779194531120757e-09,1.98983e-07,1.98983e-07,1.2024050359712233e-07,False,False,False,0,False,,,-3.464859551898885,3.0,False,False,,,weekly,10.0,sigma,computed,/home/lkoo/projects/AutomationDetection/DownloadedLC/incremental/quiescent_background_cache.csv,,,,,,False,not_in_flare_streak
4FGL J2143.5+1743,402,403,57637.00001157408,9.5e-08,3.94e-08,3.74e-08,1.5279505474452557e-07,1.2024050359712233e-07,2.2779194531120757e-09,1.2024050359712233e-07,2.2779194531120757e-09,1.98983e-07,1.98983e-07,1.2024050359712233e-07,True,False,False,0,False,,,-0.6395539242690297,3.0,False,False,,,weekly,10.0,sigma,computed,/home/lkoo/projects/AutomationDetection/DownloadedLC/incremental/quiescent_background_cache.csv,,,,,,False,not_in_flare_streak
4FGL J2143.5+1743,403,404,57644.00001157408,1.12e-07,3.84e-08,9.5e-08,1.5279505474452557e-07,1.2024050359712233e-07,2.2779194531120757e-09,1.2024050359712233e-07,2.2779194531120757e-09,1.98983e-07,1.98983e-07,1.2024050359712233e-07,True,False,False,0,False,,,-0.21421986332731272,3.0,False,False,,,weekly,10.0,sigma,computed,/home/lkoo/projects/AutomationDetection/DownloadedLC/incremental/quiescent_background_cache.csv,,,,,,False,not_in_flare_streak
4FGL J2143.5+1743,404,405,57651.00001157408,1.16e-07,4.31e-08,1.12e-07,1.5279505474452557e-07,1.2024050359712233e-07,2.2779194531120757e-09,1.2024050359712233e-07,2.2779194531120757e-09,1.98983e-07,1.98983e-07,1.2024050359712233e-07,True,False,False,0,False,,,-0.09825042723692201,3.0,False,False,,,weekly,10.0,sigma,computed,/home/lkoo/projects/AutomationDetection/DownloadedLC/incremental/quiescent_background_cache.csv,,,,,,False,not_in_flare_streak
4FGL J2143.5+1743,405,406,57658.00001157408,9.07e-08,4.14e-08,1.16e-07,1.5279505474452557e-07,1.2024050359712233e-07,2.2779194531120757e-09,1.2024050359712233e-07,2.2779194531120757e-09,1.98983e-07,1.98983e-07,1.2024050359712233e-07,False,False,False,0,False,,,-0.7124610814173821,3.0,False,False,,,weekly,10.0,sigma,computed,/home/lkoo/projects/AutomationDetection/DownloadedLC/incremental/quiescent_background_cache.csv,,,,,,False,not_in_flare_streak
4FGL J2143.5+1743,406,407,57665.00001157408,8.05e-08,4.08e-08,9.07e-08,1.5279505474452557e-07,1.2024050359712233e-07,2.2779194531120757e-09,1.2024050359712233e-07,2.2779194531120757e-09,1.98983e-07,1.98983e-07,1.2024050359712233e-07,False,False,False,0,False,,,-0.9725173935067827,3.0,False,False,,,weekly,10.0,sigma,computed,/home/lkoo/projects/AutomationDetection/DownloadedLC/incremental/quiescent_background_cache.csv,,,,,,False,not_in_flare_streak
4FGL J2143.5+1743,407,408,57672.00001157408,8.64e-08,4.42e-08,8.05e-08,1.5279505474452557e-07,1.2024050359712233e-07,2.2779194531120757e-09,1.2024050359712233e-07,2.2779194531120757e-09,1.98983e-07,1.98983e-07,1.2024050359712233e-07,True,False,False,0,False,,,-0.764607518261132,3.0,False,False,,,weekly,10.0,sigma,computed,/home/lkoo/projects/AutomationDetection/DownloadedLC/incremental/quiescent_background_cache.csv,,,,,,False,not_in_flare_streak
4FGL J2143.5+1743,408,409,57679.00001157408,2.06e-07,5.77e-08,8.64e-08,1.5279505474452557e-07,1.2024050359712233e-07,2.2779194531120757e-09,1.2024050359712233e-07,2.2779194531120757e-09,1.98983e-07,1.98983e-07,1.2024050359712233e-07,True,True,False,0,False,,,1.4851428686163246,3.0,False,False,,,weekly,10.0,sigma,computed,/home/lkoo/projects/AutomationDetection/DownloadedLC/incremental/quiescent_background_cache.csv,,,,,,False,not_in_flare_streak
4FGL J2143.5+1743,409,410,57686.00001157408,1.36e-07,3.65e-08,2.06e-07,1.5279505474452557e-07,1.2024050359712233e-07,2.2779194531120757e-09,1.2024050359712233e-07,2.2779194531120757e-09,1.98983e-07,1.98983e-07,1.2024050359712233e-07,False,True,False,0,False,,,0.43092863858163133,3.0,False,False,,,weekly,10.0,sigma,computed,/home/lkoo/projects/AutomationDetection/DownloadedLC/incremental/quiescent_background_cache.csv,,,,,,False,not_in_flare_streak
4FGL J2143.5+1743,410,411,57693.00001157408,1.97e-07,4.85e-08,1.36e-07,1.5279505474452557e-07,1.2024050359712233e-07,2.2779194531120757e-09,1.2024050359712233e-07,2.2779194531120757e-09,1.98983e-07,1.98983e-07,1.2024050359712233e-07,True,True,False,0,False,,,1.5809272759306479,3.0,False,False,,,weekly,10.0,sigma,computed,/home/lkoo/projects/AutomationDetection/DownloadedLC/incremental/quiescent_background_cache.csv,,,,,,False,not_in_flare_streak
4FGL J2143.5+1743,411,412,57700.00001157408,3.35e-07,7.96e-08,1.97e-07,1.5279505474452557e-07,1.2024050359712233e-07,2.2779194531120757e-09,1.2024050359712233e-07,2.2779194531120757e-09,1.98983e-07,1.98983e-07,1.2024050359712233e-07,True,True,False,0,False,,,2.6968795616663033,3.0,False,False,,,weekly,10.0,sigma,computed,/home/lkoo/projects/AutomationDetection/DownloadedLC/incremental/quiescent_background_cache.csv,,,,,,False,not_in_flare_streak
4FGL J2143.5+1743,412,413,57707.00001157408,1.79e-07,4.84e-08,3.35e-07,1.5279505474452557e-07,1.2024050359712233e-07,2.2779194531120757e-09,1.2024050359712233e-07,2.2779194531120757e-09,1.98983e-07,1.98983e-07,1.2024050359712233e-07,False,True,False,0,False,,,1.2126968251286967,3.0,False,False,,,weekly,10.0,sigma,computed,/home/lkoo/projects/AutomationDetection/DownloadedLC/incremental/quiescent_background_cache.csv,,,,,,False,not_in_flare_streak
4FGL J2143.5+1743,413,414,57714.00001157408,2.04e-07,5.33e-08,1.79e-07,1.5279505474452557e-07,1.2024050359712233e-07,2.2779194531120757e-09,1.2024050359712233e-07,2.2779194531120757e-09,1.98983e-07,1.98983e-07,1.2024050359712233e-07,True,True,False,0,False,,,1.570039534850487,3.0,False,False,,,weekly,10.0,sigma,computed,/home/lkoo/projects/AutomationDetection/DownloadedLC/incremental/quiescent_background_cache.csv,,,,,,False,not_in_flare_streak
4FGL J2143.5+1743,414,415,57721.00001157408,1.73e-07,4.85e-08,2.04e-07,1.5279505474452557e-07,1.2024050359712233e-07,2.2779194531120757e-09,1.2024050359712233e-07,2.2779194531120757e-09,1.98983e-07,1.98983e-07,1.2024050359712233e-07,False,True,False,0,False,,,1.0866268127906484,3.0,False,False,,,weekly,10.0,sigma,computed,/home/lkoo/projects/AutomationDetection/DownloadedLC/incremental/quiescent_background_cache.csv,,,,,,False,not_in_flare_streak
4FGL J2143.5+1743,415,416,57728.00001157408,1.17e-07,4.04e-08,1.73e-07,1.5279505474452557e-07,1.2024050359712233e-07,2.2779194531120757e-09,1.2024050359712233e-07,2.2779194531120757e-09,1.98983e-07,1.98983e-07,1.2024050359712233e-07,False,False,False,0,False,,,-0.08008328683001231,3.0,False,False,,,weekly,10.0,sigma,computed,/home/lkoo/projects/AutomationDetection/DownloadedLC/incremental/quiescent_background_cache.csv,,,,,,False,not_in_flare_streak
4FGL J2143.5+1743,416,417,57735.00001157408,1.57e-07,2.98e-08,1.17e-07,1.5279505474452557e-07,1.2024050359712233e-07,2.2779194531120757e-09,1.2024050359712233e-07,2.2779194531120757e-09,1.98983e-07,1.98983e-07,1.2024050359712233e-07,True,True,False,0,False,,,1.229952008020749,3.0,False,False,,,weekly,10.0,sigma,computed,/home/lkoo/projects/AutomationDetection/DownloadedLC/incremental/quiescent_background_cache.csv,,,,,,False,not_in_flare_streak
4FGL J2143.5+1743,417,418,57742.00001157408,9.77e-08,3.19e-08,1.57e-07,1.5279505474452557e-07,1.2024050359712233e-07,2.2779194531120757e-09,1.2024050359712233e-07,2.2779194531120757e-09,1.98983e-07,1.98983e-07,1.2024050359712233e-07,False,False,False,0,False,,,-0.7048042025943204,3.0,False,False,,,weekly,10.0,sigma,computed,/home/lkoo/projects/AutomationDetection/DownloadedLC/incremental/quiescent_background_cache.csv,,,,,,False,not_in_flare_streak
4FGL J2143.5+1743,418,419,57749.00001157408,8.72e-08,2.25e-08,9.77e-08,1.5279505474452557e-07,1.2024050359712233e-07,2.2779194531120757e-09,1.2024050359712233e-07,2.2779194531120757e-09,1.98983e-07,1.98983e-07,1.2024050359712233e-07,False,False,False,0,False,,,-1.4609985073331957,3.0,False,False,,,weekly,10.0,sigma,computed,/home/lkoo/projects/AutomationDetection/DownloadedLC/incremental/quiescent_background_cache.csv,,,,,,False,not_in_flare_streak
4FGL J2143.5+1743,419,420,57756.00001157408,1.47e-07,4.28e-08,8.72e-08,1.5279505474452557e-07,1.2024050359712233e-07,2.2779194531120757e-09,1.2024050359712233e-07,2.2779194531120757e-09,1.98983e-07,1.98983e-07,1.2024050359712233e-07,True,True,False,0,False,,,0.6243382456044426,3.0,False,False,,,weekly,10.0,sigma,computed,/home/lkoo/projects/AutomationDetection/DownloadedLC/incremental/quiescent_background_cache.csv,,,,,,False,not_in_flare_streak
4FGL J2143.5+1743,420,421,57763.00001157408,1.05e-07,3.92e-08,1.47e-07,1.5279505474452557e-07,1.2024050359712233e-07,2.2779194531120757e-09,1.2024050359712233e-07,2.2779194531120757e-09,1.98983e-07,1.98983e-07,1.2024050359712233e-07,False,False,False,0,False,,,-0.3881335857406092,3.0,False,False,,,weekly,10.0,sigma,computed,/home/lkoo/projects/AutomationDetection/DownloadedLC/incremental/quiescent_background_cache.csv,,,,,,False,not_in_flare_streak
4FGL J2143.5+1743,421,422,57770.00001157408,1.5e-07,5.13e-08,1.05e-07,1.5279505474452557e-07,1.2024050359712233e-07,2.2779194531120757e-09,1.2024050359712233e-07,2.2779194531120757e-09,1.98983e-07,1.98983e-07,1.2024050359712233e-07,True,True,False,0,False,,,0.579536086528923,3.0,False,False,,,weekly,10.0,sigma,computed,/home/lkoo/projects/AutomationDetection/DownloadedLC/incremental/quiescent_background_cache.csv,,,,,,False,not_in_flare_streak
4FGL J2143.5+1743,422,423,57777.00001157408,6.27e-08,3.88e-08,1.5e-07,1.5279505474452557e-07,1.2024050359712233e-07,2.2779194531120757e-09,1.2024050359712233e-07,2.2779194531120757e-09,1.98983e-07,1.98983e-07,1.2024050359712233e-07,False,False,False,0,False,,,-1.4804534677664742,3.0,False,False,,,weekly,10.0,sigma,computed,/home/lkoo/projects/AutomationDetection/DownloadedLC/incremental/quiescent_background_cache.csv,,,,,,False,not_in_flare_streak
4FGL J2143.5+1743,423,424,57784.00001157408,1.63e-07,5.44e-08,6.27e-08,1.5279505474452557e-07,1.2024050359712233e-07,2.2779194531120757e-09,1.2024050359712233e-07,2.2779194531120757e-09,1.98983e-07,1.98983e-07,1.2024050359712233e-07,True,True,False,0,False,,,0.7853319587626141,3.0,False,False,,,weekly,10.0,sigma,computed,/home/lkoo/projects/AutomationDetection/DownloadedLC/incremental/quiescent_background_cache.csv,,,,,,False,not_in_flare_streak
4FGL J2143.5+1743,424,425,57798.00001157408,1.28e-07,4.32e-08,1.63e-07,1.5279505474452557e-07,1.2024050359712233e-07,2.2779194531120757e-09,1.2024050359712233e-07,2.2779194531120757e-09,1.98983e-07,1.98983e-07,1.2024050359712233e-07,False,True,False,0,False,,,0.17936878577137408,3.0,False,False,,,weekly,10.0,sigma,computed,/home/lkoo/projects/AutomationDetection/DownloadedLC/incremental/quiescent_background_cache.csv,,,,,,False,not_in_flare_streak
4FGL J2143.5+1743,425,426,57805.00001157408,9.53e-08,4.14e-08,1.28e-07,1.5279505474452557e-07,1.2024050359712233e-07,2.2779194531120757e-09,1.2024050359712233e-07,2.2779194531120757e-09,1.98983e-07,1.98983e-07,1.2024050359712233e-07,False,False,False,0,False,,,-0.6015177806796378,3.0,False,False,,,weekly,10.0,sigma,computed,/home/lkoo/projects/AutomationDetection/DownloadedLC/incremental/quiescent_background_cache.csv,,,,,,False,not_in_flare_streak
4FGL J2143.5+1743,426,427,57812.00001157408,9.56e-08,3.93e-08,9.53e-08,1.5279505474452557e-07,1.2024050359712233e-07,2.2779194531120757e-09,1.2024050359712233e-07,2.2779194531120757e-09,1.98983e-07,1.98983e-07,1.2024050359712233e-07,True,False,False,0,False,,,-0.6259342518284878,3.0,False,False,,,weekly,10.0,sigma,computed,/home/lkoo/projects/AutomationDetection/DownloadedLC/incremental/quiescent_background_cache.csv,,,,,,False,not_in_flare_streak
4FGL J2143.5+1743,427,428,57819.00001157408,1.09e-07,5.51e-08,9.56e-08,1.5279505474452557e-07,1.2024050359712233e-07,2.2779194531120757e-09,1.2024050359712233e-07,2.2779194531120757e-09,1.98983e-07,1.98983e-07,1.2024050359712233e-07,True,False,False,0,False,,,-0.2038277710770587,3.0,False,False,,,weekly,10.0,sigma,computed,/home/lkoo/projects/AutomationDetection/DownloadedLC/incremental/quiescent_background_cache.csv,,,,,,False,not_in_flare_streak
4FGL J2143.5+1743,428,429,57826.00001157408,6.06e-08,5.56e-08,1.09e-07,1.5279505474452557e-07,1.2024050359712233e-07,2.2779194531120757e-09,1.2024050359712233e-07,2.2779194531120757e-09,1.98983e-07,1.98983e-07,1.2024050359712233e-07,False,False,False,0,False,,,-1.071771808646428,3.0,False,False,,,weekly,10.0,sigma,computed,/home/lkoo/projects/AutomationDetection/DownloadedLC/incremental/quiescent_background_cache.csv,,,,,,False,not_in_flare_streak
4FGL J2143.5+1743,429,430,57840.00001157408,1.04e-07,4.61e-08,6.06e-08,1.5279505474452557e-07,1.2024050359712233e-07,2.2779194531120757e-09,1.2024050359712233e-07,2.2779194531120757e-09,1.98983e-07,1.98983e-07,1.2024050359712233e-07,True,False,False,0,False,,,-0.35185929297978447,3.0,False,False,,,weekly,10.0,sigma,computed,/home/lkoo/projects/AutomationDetection/DownloadedLC/incremental/quiescent_background_cache.csv,,,,,,False,not_in_flare_streak
4FGL J2143.5+1743,430,431,57861.00001157408,9.84e-08,4.58e-08,1.04e-07,1.5279505474452557e-07,1.2024050359712233e-07,2.2779194531120757e-09,1.2024050359712233e-07,2.2779194531120757e-09,1.98983e-07,1.98983e-07,1.2024050359712233e-07,False,False,False,0,False,,,-0.4762781716695795,3.0,False,False,,,weekly,10.0,sigma,computed,/home/lkoo/projects/AutomationDetection/DownloadedLC/incremental/quiescent_background_cache.csv,,,,,,False,not_in_flare_streak
4FGL J2143.5+1743,431,432,57868.00001157408,5.95e-08,3.18e-08,9.84e-08,1.5279505474452557e-07,1.2024050359712233e-07,2.2779194531120757e-09,1.2024050359712233e-07,2.2779194531120757e-09,1.98983e-07,1.98983e-07,1.2024050359712233e-07,False,False,False,0,False,,,-1.9051969705888376,3.0,False,False,,,weekly,10.0,sigma,computed,/home/lkoo/projects/AutomationDetection/DownloadedLC/incremental/quiescent_background_cache.csv,,,,,,False,not_in_flare_streak
4FGL J2143.5+1743,432,433,57882.00001157408,1.86e-07,4.89e-08,5.95e-08,1.5279505474452557e-07,1.2024050359712233e-07,2.2779194531120757e-09,1.2024050359712233e-07,2.2779194531120757e-09,1.98983e-07,1.98983e-07,1.2024050359712233e-07,True,True,False,0,False,,,1.3433182695100103,3.0,False,False,,,weekly,10.0,sigma,computed,/home/lkoo/projects/AutomationDetection/DownloadedLC/incremental/quiescent_background_cache.csv,,,,,,False,not_in_flare_streak
4FGL J2143.5+1743,433,434,57889.00001157408,1.26e-07,4.31e-08,1.86e-07,1.5279505474452557e-07,1.2024050359712233e-07,2.2779194531120757e-09,1.2024050359712233e-07,2.2779194531120757e-09,1.98983e-07,1.98983e-07,1.2024050359712233e-07,False,True,False,0,False,,,0.13344475939986383,3.0,False,False,,,weekly,10.0,sigma,computed,/home/lkoo/projects/AutomationDetection/DownloadedLC/incremental/quiescent_background_cache.csv,,,,,,False,not_in_flare_streak
4FGL J2143.5+1743,434,435,57896.00001157408,1.82e-07,4.59e-08,1.26e-07,1.5279505474452557e-07,1.2024050359712233e-07,2.2779194531120757e-09,1.2024050359712233e-07,2.2779194531120757e-09,1.98983e-07,1.98983e-07,1.2024050359712233e-07,True,True,False,0,False,,,1.3438688903984068,3.0,False,False,,,weekly,10.0,sigma,computed,/home/lkoo/projects/AutomationDetection/DownloadedLC/incremental/quiescent_background_cache.csv,,,,,,False,not_in_flare_streak
4FGL J2143.5+1743,435,436,57903.00001157408,9.55e-08,3.48e-08,1.82e-07,1.5279505474452557e-07,1.2024050359712233e-07,2.2779194531120757e-09,1.2024050359712233e-07,2.2779194531120757e-09,1.98983e-07,1.98983e-07,1.2024050359712233e-07,False,False,False,0,False,,,-0.7094158265416726,3.0,False,False,,,weekly,10.0,sigma,computed,/home/lkoo/projects/AutomationDetection/DownloadedLC/incremental/quiescent_background_cache.csv,,,,,,False,not_in_flare_streak
4FGL J2143.5+1743,436,437,57910.00001157408,1.13e-07,4.21e-08,9.55e-08,1.5279505474452557e-07,1.2024050359712233e-07,2.2779194531120757e-09,1.2024050359712233e-07,2.2779194531120757e-09,1.98983e-07,1.98983e-07,1.2024050359712233e-07,True,False,False,0,False,,,-0.1717322599388009,3.0,False,False,,,weekly,10.0,sigma,computed,/home/lkoo/projects/AutomationDetection/DownloadedLC/incremental/quiescent_background_cache.csv,,,,,,False,not_in_flare_streak
4FGL J2143.5+1743,437,438,57917.00001157408,1.32e-07,3.85e-08,1.13e-07,1.5279505474452557e-07,1.2024050359712233e-07,2.2779194531120757e-09,1.2024050359712233e-07,2.2779194531120757e-09,1.98983e-07,1.98983e-07,1.2024050359712233e-07,True,True,False,0,False,,,0.30490823468506234,3.0,False,False,,,weekly,10.0,sigma,computed,/home/lkoo/projects/AutomationDetection/DownloadedLC/incremental/quiescent_background_cache.csv,,,,,,False,not_in_flare_streak
4FGL J2143.5+1743,438,439,57924.00001157408,1.07e-07,4.03e-08,1.32e-07,1.5279505474452557e-07,1.2024050359712233e-07,2.2779194531120757e-09,1.2024050359712233e-07,2.2779194531120757e-09,1.98983e-07,1.98983e-07,1.2024050359712233e-07,False,False,False,0,False,,,-0.32802487959694565,3.0,False,False,,,weekly,10.0,sigma,computed,/home/lkoo/projects/AutomationDetection/DownloadedLC/incremental/quiescent_background_cache.csv,,,,,,False,not_in_flare_streak
4FGL J2143.5+1743,439,440,57931.00001157408,1.83e-07,5.15e-08,1.07e-07,1.5279505474452557e-07,1.2024050359712233e-07,2.2779194531120757e-09,1.2024050359712233e-07,2.2779194531120757e-09,1.98983e-07,1.98983e-07,1.2024050359712233e-07,True,True,False,0,False,,,1.2174406669124018,3.0,False,False,,,weekly,10.0,sigma,computed,/home/lkoo/projects/AutomationDetection/DownloadedLC/incremental/quiescent_background_cache.csv,,,,,,False,not_in_flare_streak
4FGL J2143.5+1743,440,441,57938.00001157408,8.71e-08,4.17e-08,1.83e-07,1.5279505474452557e-07,1.2024050359712233e-07,2.2779194531120757e-09,1.2024050359712233e-07,2.2779194531120757e-09,1.98983e-07,1.98983e-07,1.2024050359712233e-07,False,False,False,0,False,,,-0.7935531820966671,3.0,False,False,,,weekly,10.0,sigma,computed,/home/lkoo/projects/AutomationDetection/DownloadedLC/incremental/quiescent_background_cache.csv,,,,,,False,not_in_flare_streak
4FGL J2143.5+1743,441,442,57945.00001157408,1.17e-07,5.04e-08,8.71e-08,1.5279505474452557e-07,1.2024050359712233e-07,2.2779194531120757e-09,1.2024050359712233e-07,2.2779194531120757e-09,1.98983e-07,1.98983e-07,1.2024050359712233e-07,True,False,False,0,False,,,-0.06423013663917389,3.0,False,False,,,weekly,10.0,sigma,computed,/home/lkoo/projects/AutomationDetection/DownloadedLC/incremental/quiescent_background_cache.csv,,,,,,False,not_in_flare_streak
4FGL J2143.5+1743,442,443,57959.00001157408,1.07e-07,4.15e-08,1.17e-07,1.5279505474452557e-07,1.2024050359712233e-07,2.2779194531120757e-09,1.2024050359712233e-07,2.2779194531120757e-09,1.98983e-07,1.98983e-07,1.2024050359712233e-07,False,False,False,0,False,,,-0.31856873712621775,3.0,False,False,,,weekly,10.0,sigma,computed,/home/lkoo/projects/AutomationDetection/DownloadedLC/incremental/quiescent_background_cache.csv,,,,,,False,not_in_flare_streak
4FGL J2143.5+1743,443,444,57966.00001157408,9.7e-08,3.32e-08,1.07e-07,1.5279505474452557e-07,1.2024050359712233e-07,2.2779194531120757e-09,1.2024050359712233e-07,2.2779194531120757e-09,1.98983e-07,1.98983e-07,1.2024050359712233e-07,False,False,False,0,False,,,-0.6983732638877231,3.0,False,False,,,weekly,10.0,sigma,computed,/home/lkoo/projects/AutomationDetection/DownloadedLC/incremental/quiescent_background_cache.csv,,,,,,False,not_in_flare_streak
4FGL J2143.5+1743,444,445,57973.00001157408,8.17e-08,4.03e-08,9.7e-08,1.5279505474452557e-07,1.2024050359712233e-07,2.2779194531120757e-09,1.2024050359712233e-07,2.2779194531120757e-09,1.98983e-07,1.98983e-07,1.2024050359712233e-07,False,False,False,0,False,,,-0.9548159523780769,3.0,False,False,,,weekly,10.0,sigma,computed,/home/lkoo/projects/AutomationDetection/DownloadedLC/incremental/quiescent_background_cache.csv,,,,,,False,not_in_flare_streak
4FGL J2143.5+1743,445,446,57980.00001157408,1.06e-07,5.02e-08,8.17e-08,1.5279505474452557e-07,1.2024050359712233e-07,2.2779194531120757e-09,1.2024050359712233e-07,2.2779194531120757e-09,1.98983e-07,1.98983e-07,1.2024050359712233e-07,True,False,False,0,False,,,-0.2833837682040279,3.0,False,False,,,weekly,10.0,sigma,computed,/home/lkoo/projects/AutomationDetection/DownloadedLC/incremental/quiescent_background_cache.csv,,,,,,False,not_in_flare_streak
4FGL J2143.5+1743,446,447,57987.00001157408,5.78e-08,4.42e-08,1.06e-07,1.5279505474452557e-07,1.2024050359712233e-07,2.2779194531120757e-09,1.2024050359712233e-07,2.2779194531120757e-09,1.98983e-07,1.98983e-07,1.2024050359712233e-07,False,False,False,0,False,,,-1.4108087474924824,3.0,False,False,,,weekly,10.0,sigma,computed,/home/lkoo/projects/AutomationDetection/DownloadedLC/incremental/quiescent_background_cache.csv,,,,,,False,not_in_flare_streak
4FGL J2143.5+1743,447,448,57994.00001157408,1.66e-07,5.44e-08,5.78e-08,1.5279505474452557e-07,1.2024050359712233e-07,2.2779194531120757e-09,1.2024050359712233e-07,2.2779194531120757e-09,1.98983e-07,1.98983e-07,1.2024050359712233e-07,True,True,False,0,False,,,0.8404307338765628,3.0,False,False,,,weekly,10.0,sigma,computed,/home/lkoo/projects/AutomationDetection/DownloadedLC/incremental/quiescent_background_cache.csv,,,,,,False,not_in_flare_streak
4FGL J2143.5+1743,448,449,58008.00001157408,8.36e-08,3.67e-08,1.66e-07,1.5279505474452557e-07,1.2024050359712233e-07,2.2779194531120757e-09,1.2024050359712233e-07,2.2779194531120757e-09,1.98983e-07,1.98983e-07,1.2024050359712233e-07,False,False,False,0,False,,,-0.9964612476259128,3.0,False,False,,,weekly,10.0,sigma,computed,/home/lkoo/projects/AutomationDetection/DownloadedLC/incremental/quiescent_background_cache.csv,,,,,,False,not_in_flare_streak
4FGL J2143.5+1743,449,450,58015.00001157408,6.38e-08,3.58e-08,8.36e-08,1.5279505474452557e-07,1.2024050359712233e-07,2.2779194531120757e-09,1.2024050359712233e-07,2.2779194531120757e-09,1.98983e-07,1.98983e-07,1.2024050359712233e-07,False,False,False,0,False,,,-1.573368584470411,3.0,False,False,,,weekly,10.0,sigma,computed,/home/lkoo/projects/AutomationDetection/DownloadedLC/incremental/quiescent_background_cache.csv,,,,,,False,not_in_flare_streak
4FGL J2143.5+1743,450,451,58064.00001157408,1.14e-07,4.05e-08,6.38e-08,1.5279505474452557e-07,1.2024050359712233e-07,2.2779194531120757e-09,1.2024050359712233e-07,2.2779194531120757e-09,1.98983e-07,1.98983e-07,1.2024050359712233e-07,True,False,False,0,False,,,-0.1538433596339299,3.0,False,False,,,weekly,10.0,sigma,computed,/home/lkoo/projects/AutomationDetection/DownloadedLC/incremental/quiescent_background_cache.csv,,,,,,False,not_in_flare_streak
4FGL J2143.5+1743,451,452,58071.00001157408,1.17e-07,4.68e-08,1.14e-07,1.5279505474452557e-07,1.2024050359712233e-07,2.2779194531120757e-09,1.2024050359712233e-07,2.2779194531120757e-09,1.98983e-07,1.98983e-07,1.2024050359712233e-07,True,False,False,0,False,,,-0.06915965494064653,3.0,False,False,,,weekly,10.0,sigma,computed,/home/lkoo/projects/AutomationDetection/DownloadedLC/incremental/quiescent_background_cache.csv,,,,,,False,not_in_flare_streak
4FGL J2143.5+1743,452,453,58078.00001157408,1.2e-07,4.95e-08,1.17e-07,1.5279505474452557e-07,1.2024050359712233e-07,2.2779194531120757e-09,1.2024050359712233e-07,2.2779194531120757e-09,1.98983e-07,1.98983e-07,1.2024050359712233e-07,True,False,False,0,False,,,-0.00485352207142763,3.0,False,False,,,weekly,10.0,sigma,computed,/home/lkoo/projects/AutomationDetection/DownloadedLC/incremental/quiescent_background_cache.csv,,,,,,False,not_in_flare_streak
4FGL J2143.5+1743,453,454,58106.00001157408,8.69e-08,5.2e-08,1.2e-07,1.5279505474452557e-07,1.2024050359712233e-07,2.2779194531120757e-09,1.2024050359712233e-07,2.2779194531120757e-09,1.98983e-07,1.98983e-07,1.2024050359712233e-07,False,False,False,0,False,,,-0.6405492252847717,3.0,False,False,,,weekly,10.0,sigma,computed,/home/lkoo/projects/AutomationDetection/DownloadedLC/incremental/quiescent_background_cache.csv,,,,,,False,not_in_flare_streak
4FGL J2143.5+1743,454,455,58113.00001157408,1.06e-07,4.51e-08,8.69e-08,1.5279505474452557e-07,1.2024050359712233e-07,2.2779194531120757e-09,1.2024050359712233e-07,2.2779194531120757e-09,1.98983e-07,1.98983e-07,1.2024050359712233e-07,True,False,False,0,False,,,-0.31535197258453557,3.0,False,False,,,weekly,10.0,sigma,computed,/home/lkoo/projects/AutomationDetection/DownloadedLC/incremental/quiescent_background_cache.csv,,,,,,False,not_in_flare_streak
4FGL J2143.5+1743,455,456,58120.00001157408,6.97e-08,3.21e-08,1.06e-07,1.5279505474452557e-07,1.2024050359712233e-07,2.2779194531120757e-09,1.2024050359712233e-07,2.2779194531120757e-09,1.98983e-07,1.98983e-07,1.2024050359712233e-07,False,False,False,0,False,,,-1.5705210843734962,3.0,False,False,,,weekly,10.0,sigma,computed,/home/lkoo/projects/AutomationDetection/DownloadedLC/incremental/quiescent_background_cache.csv,,,,,,False,not_in_flare_streak
4FGL J2143.5+1743,456,457,58127.00001157408,3.08e-08,2.38e-08,6.97e-08,1.5279505474452557e-07,1.2024050359712233e-07,2.2779194531120757e-09,1.2024050359712233e-07,2.2779194531120757e-09,1.98983e-07,1.98983e-07,1.2024050359712233e-07,False,False,False,0,False,,,-3.740908972768497,3.0,False,False,,,weekly,10.0,sigma,computed,/home/lkoo/projects/AutomationDetection/DownloadedLC/incremental/quiescent_background_cache.csv,,,,,,False,not_in_flare_streak
4FGL J2143.5+1743,457,458,58134.00001157408,1.55e-07,5.29e-08,3.08e-08,1.5279505474452557e-07,1.2024050359712233e-07,2.2779194531120757e-09,1.2024050359712233e-07,2.2779194531120757e-09,1.98983e-07,1.98983e-07,1.2024050359712233e-07,True,True,False,0,False,,,0.6564709823712919,3.0,False,False,,,weekly,10.0,sigma,computed,/home/lkoo/projects/AutomationDetection/DownloadedLC/incremental/quiescent_background_cache.csv,,,,,,False,not_in_flare_streak
4FGL J2143.5+1743,458,459,58141.00001157408,6.33e-08,3.96e-08,1.55e-07,1.5279505474452557e-07,1.2024050359712233e-07,2.2779194531120757e-09,1.2024050359712233e-07,2.2779194531120757e-09,1.98983e-07,1.98983e-07,1.2024050359712233e-07,False,False,False,0,False,,,-1.4355184580649571,3.0,False,False,,,weekly,10.0,sigma,computed,/home/lkoo/projects/AutomationDetection/DownloadedLC/incremental/quiescent_background_cache.csv,,,,,,False,not_in_flare_streak
4FGL J2143.5+1743,459,460,58148.00001157408,9.61e-08,5.43e-08,6.33e-08,1.5279505474452557e-07,1.2024050359712233e-07,2.2779194531120757e-09,1.2024050359712233e-07,2.2779194531120757e-09,1.98983e-07,1.98983e-07,1.2024050359712233e-07,True,False,False,0,False,,,-0.4441858138348889,3.0,False,False,,,weekly,10.0,sigma,computed,/home/lkoo/projects/AutomationDetection/DownloadedLC/incremental/quiescent_background_cache.csv,,,,,,False,not_in_flare_streak
4FGL J2143.5+1743,460,461,58155.00001157408,8.03e-08,5.03e-08,9.61e-08,1.5279505474452557e-07,1.2024050359712233e-07,2.2779194531120757e-09,1.2024050359712233e-07,2.2779194531120757e-09,1.98983e-07,1.98983e-07,1.2024050359712233e-07,False,False,False,0,False,,,-0.79323280019436,3.0,False,False,,,weekly,10.0,sigma,computed,/home/lkoo/projects/AutomationDetection/DownloadedLC/incremental/quiescent_background_cache.csv,,,,,,False,not_in_flare_streak
4FGL J2143.5+1743,461,462,58162.00001157408,1.66e-07,5.13e-08,8.03e-08,1.5279505474452557e-07,1.2024050359712233e-07,2.2779194531120757e-09,1.2024050359712233e-07,2.2779194531120757e-09,1.98983e-07,1.98983e-07,1.2024050359712233e-07,True,True,False,0,False,,,0.8911199002780743,3.0,False,False,,,weekly,10.0,sigma,computed,/home/lkoo/projects/AutomationDetection/DownloadedLC/incremental/quiescent_background_cache.csv,,,,,,False,not_in_flare_streak
4FGL J2143.5+1743,462,463,58169.00001157408,8.21e-08,4.07e-08,1.66e-07,1.5279505474452557e-07,1.2024050359712233e-07,2.2779194531120757e-09,1.2024050359712233e-07,2.2779194531120757e-09,1.98983e-07,1.98983e-07,1.2024050359712233e-07,False,False,False,0,False,,,-0.9356488070788367,3.0,False,False,,,weekly,10.0,sigma,computed,/home/lkoo/projects/AutomationDetection/DownloadedLC/incremental/quiescent_background_cache.csv,,,,,,False,not_in_flare_streak
4FGL J2143.5+1743,463,464,58176.00001157408,1.17e-07,4e-08,8.21e-08,1.5279505474452557e-07,1.2024050359712233e-07,2.2779194531120757e-09,1.2024050359712233e-07,2.2779194531120757e-09,1.98983e-07,1.98983e-07,1.2024050359712233e-07,True,False,False,0,False,,,-0.0808815437089368,3.0,False,False,,,weekly,10.0,sigma,computed,/home/lkoo/projects/AutomationDetection/DownloadedLC/incremental/quiescent_background_cache.csv,,,,,,False,not_in_flare_streak
4FGL J2143.5+1743,464,465,58232.00001157408,2.06e-07,1.3e-07,1.17e-07,1.5279505474452557e-07,1.2024050359712233e-07,2.2779194531120757e-09,1.2024050359712233e-07,2.2779194531120757e-09,1.98983e-07,1.98983e-07,1.2024050359712233e-07,True,True,False,0,False,,,0.6595871829659653,3.0,False,False,,,weekly,10.0,sigma,computed,/home/lkoo/projects/AutomationDetection/DownloadedLC/incremental/quiescent_background_cache.csv,,,,,,False,not_in_flare_streak
4FGL J2143.5+1743,465,466,58239.00001157408,2.06e-07,4.08e-08,2.06e-07,1.5279505474452557e-07,1.2024050359712233e-07,2.2779194531120757e-09,1.2024050359712233e-07,2.2779194531120757e-09,1.98983e-07,1.98983e-07,1.2024050359712233e-07,False,True,False,0,False,,,2.098680045821568,3.0,False,False,,,weekly,10.0,sigma,computed,/home/lkoo/projects/AutomationDetection/DownloadedLC/incremental/quiescent_background_cache.csv,,,,,,False,not_in_flare_streak
4FGL J2143.5+1743,466,467,58246.00001157408,9.53e-08,4.71e-08,2.06e-07,1.5279505474452557e-07,1.2024050359712233e-07,2.2779194531120757e-09,1.2024050359712233e-07,2.2779194531120757e-09,1.98983e-07,1.98983e-07,1.2024050359712233e-07,False,False,False,0,False,,,-0.5289041705417398,3.0,False,False,,,weekly,10.0,sigma,computed,/home/lkoo/projects/AutomationDetection/DownloadedLC/incremental/quiescent_background_cache.csv,,,,,,False,not_in_flare_streak
4FGL J2143.5+1743,467,468,58253.00001157408,5.64e-08,3.62e-08,9.53e-08,1.5279505474452557e-07,1.2024050359712233e-07,2.2779194531120757e-09,1.2024050359712233e-07,2.2779194531120757e-09,1.98983e-07,1.98983e-07,1.2024050359712233e-07,False,False,False,0,False,,,-1.7600686156309215,3.0,False,False,,,weekly,10.0,sigma,computed,/home/lkoo/projects/AutomationDetection/DownloadedLC/incremental/quiescent_background_cache.csv,,,,,,False,not_in_flare_streak
4FGL J2143.5+1743,468,469,58260.00001157408,1.01e-07,3.34e-08,5.64e-08,1.5279505474452557e-07,1.2024050359712233e-07,2.2779194531120757e-09,1.2024050359712233e-07,2.2779194531120757e-09,1.98983e-07,1.98983e-07,1.2024050359712233e-07,True,False,False,0,False,,,-0.5747278876927202,3.0,False,False,,,weekly,10.0,sigma,computed,/home/lkoo/projects/AutomationDetection/DownloadedLC/incremental/quiescent_background_cache.csv,,,,,,False,not_in_flare_streak
4FGL J2143.5+1743,469,470,58267.00001157408,6.67e-08,2.84e-08,1.01e-07,1.5279505474452557e-07,1.2024050359712233e-07,2.2779194531120757e-09,1.2024050359712233e-07,2.2779194531120757e-09,1.98983e-07,1.98983e-07,1.2024050359712233e-07,False,False,False,0,False,,,-1.8791938949551585,3.0,False,False,,,weekly,10.0,sigma,computed,/home/lkoo/projects/AutomationDetection/DownloadedLC/incremental/quiescent_background_cache.csv,,,,,,False,not_in_flare_streak
4FGL J2143.5+1743,470,471,58274.00001157408,8.54e-08,3.52e-08,6.67e-08,1.5279505474452557e-07,1.2024050359712233e-07,2.2779194531120757e-09,1.2024050359712233e-07,2.2779194531120757e-09,1.98983e-07,1.98983e-07,1.2024050359712233e-07,True,False,False,0,False,,,-0.9877209798355939,3.0,False,False,,,weekly,10.0,sigma,computed,/home/lkoo/projects/AutomationDetection/DownloadedLC/incremental/quiescent_background_cache.csv,,,,,,False,not_in_flare_streak
4FGL J2143.5+1743,471,472,58288.00001157408,1.04e-07,3.32e-08,8.54e-08,1.5279505474452557e-07,1.2024050359712233e-07,2.2779194531120757e-09,1.2024050359712233e-07,2.2779194531120757e-09,1.98983e-07,1.98983e-07,1.2024050359712233e-07,True,False,False,0,False,,,-0.488024429285904,3.0,False,False,,,weekly,10.0,sigma,computed,/home/lkoo/projects/AutomationDetection/DownloadedLC/incremental/quiescent_background_cache.csv,,,,,,False,not_in_flare_streak
4FGL J2143.5+1743,472,473,58295.00001157408,1.76e-07,1.41e-07,1.04e-07,1.5279505474452557e-07,1.2024050359712233e-07,2.2779194531120757e-09,1.2024050359712233e-07,2.2779194531120757e-09,1.98983e-07,1.98983e-07,1.2024050359712233e-07,True,True,False,0,False,,,0.3954058244416915,3.0,False,False,,,weekly,10.0,sigma,computed,/home/lkoo/projects/AutomationDetection/DownloadedLC/incremental/quiescent_background_cache.csv,,,,,,False,not_in_flare_streak
4FGL J2143.5+1743,473,474,58330.00001157408,8.18e-08,2.82e-08,1.76e-07,1.5279505474452557e-07,1.2024050359712233e-07,2.2779194531120757e-09,1.2024050359712233e-07,2.2779194531120757e-09,1.98983e-07,1.98983e-07,1.2024050359712233e-07,False,False,False,0,False,,,-1.358712852665205,3.0,False,False,,,weekly,10.0,sigma,computed,/home/lkoo/projects/AutomationDetection/DownloadedLC/incremental/quiescent_background_cache.csv,,,,,,False,not_in_flare_streak
4FGL J2143.5+1743,474,475,58337.00001157408,1.17e-07,2.92e-08,8.18e-08,1.5279505474452557e-07,1.2024050359712233e-07,2.2779194531120757e-09,1.2024050359712233e-07,2.2779194531120757e-09,1.98983e-07,1.98983e-07,1.2024050359712233e-07,True,False,False,0,False,,,-0.11063999993993236,3.0,False,False,,,weekly,10.0,sigma,computed,/home/lkoo/projects/AutomationDetection/DownloadedLC/incremental/quiescent_background_cache.csv,,,,,,False,not_in_flare_streak
4FGL J2143.5+1743,475,476,58344.00001157408,1.09e-07,7.12e-08,1.17e-07,1.5279505474452557e-07,1.2024050359712233e-07,2.2779194531120757e-09,1.2024050359712233e-07,2.2779194531120757e-09,1.98983e-07,1.98983e-07,1.2024050359712233e-07,False,False,False,0,False,,,-0.1577915070106689,3.0,False,False,,,weekly,10.0,sigma,computed,/home/lkoo/projects/AutomationDetection/DownloadedLC/incremental/quiescent_background_cache.csv,,,,,,False,not_in_flare_streak
4FGL J2143.5+1743,476,477,58351.00001157408,1.18e-07,5.43e-08,1.09e-07,1.5279505474452557e-07,1.2024050359712233e-07,2.2779194531120757e-09,1.2024050359712233e-07,2.2779194531120757e-09,1.98983e-07,1.98983e-07,1.2024050359712233e-07,True,False,False,0,False,,,-0.04122531701477892,3.0,False,False,,,weekly,10.0,sigma,computed,/home/lkoo/projects/AutomationDetection/DownloadedLC/incremental/quiescent_background_cache.csv,,,,,,False,not_in_flare_streak
4FGL J2143.5+1743,477,478,58358.00001157408,9.73e-08,5.98e-08,1.18e-07,1.5279505474452557e-07,1.2024050359712233e-07,2.2779194531120757e-09,1.2024050359712233e-07,2.2779194531120757e-09,1.98983e-07,1.98983e-07,1.2024050359712233e-07,False,False,False,0,False,,,-0.38334244291587705,3.0,False,False,,,weekly,10.0,sigma,computed,/home/lkoo/projects/AutomationDetection/DownloadedLC/incremental/quiescent_background_cache.csv,,,,,,False,not_in_flare_streak
4FGL J2143.5+1743,478,479,58365.00001157408,6.03e-08,3.61e-08,9.73e-08,1.5279505474452557e-07,1.2024050359712233e-07,2.2779194531120757e-09,1.2024050359712233e-07,2.2779194531120757e-09,1.98983e-07,1.98983e-07,1.2024050359712233e-07,False,False,False,0,False,,,-1.6571060366699741,3.0,False,False,,,weekly,10.0,sigma,computed,/home/lkoo/projects/AutomationDetection/DownloadedLC/incremental/quiescent_background_cache.csv,,,,,,False,not_in_flare_streak
4FGL J2143.5+1743,479,480,58372.00001157408,8.48e-08,3.47e-08,6.03e-08,1.5279505474452557e-07,1.2024050359712233e-07,2.2779194531120757e-09,1.2024050359712233e-07,2.2779194531120757e-09,1.98983e-07,1.98983e-07,1.2024050359712233e-07,True,False,False,0,False,,,-1.019146562037532,3.0,False,False,,,weekly,10.0,sigma,computed,/home/lkoo/projects/AutomationDetection/DownloadedLC/incremental/quiescent_background_cache.csv,,,,,,False,not_in_flare_streak
4FGL J2143.5+1743,480,481,58379.00001157408,7.15e-08,2.96e-08,8.48e-08,1.5279505474452557e-07,1.2024050359712233e-07,2.2779194531120757e-09,1.2024050359712233e-07,2.2779194531120757e-09,1.98983e-07,1.98983e-07,1.2024050359712233e-07,False,False,False,0,False,,,-1.6417842100225093,3.0,False,False,,,weekly,10.0,sigma,computed,/home/lkoo/projects/AutomationDetection/DownloadedLC/incremental/quiescent_background_cache.csv,,,,,,False,not_in_flare_streak
4FGL J2143.5+1743,481,482,58386.00001157408,6.8e-08,2.77e-08,7.15e-08,1.5279505474452557e-07,1.2024050359712233e-07,2.2779194531120757e-09,1.2024050359712233e-07,2.2779194531120757e-09,1.98983e-07,1.98983e-07,1.2024050359712233e-07,False,False,False,0,False,,,-1.8795939448313685,3.0,False,False,,,weekly,10.0,sigma,computed,/home/lkoo/projects/AutomationDetection/DownloadedLC/incremental/quiescent_background_cache.csv,,,,,,False,not_in_flare_streak
4FGL J2143.5+1743,482,483,58393.00001157408,1.57e-07,3.87e-08,6.8e-08,1.5279505474452557e-07,1.2024050359712233e-07,2.2779194531120757e-09,1.2024050359712233e-07,2.2779194531120757e-09,1.98983e-07,1.98983e-07,1.2024050359712233e-07,True,True,False,0,False,,,0.9482166064329614,3.0,False,False,,,weekly,10.0,sigma,computed,/home/lkoo/projects/AutomationDetection/DownloadedLC/incremental/quiescent_background_cache.csv,,,,,,False,not_in_flare_streak
4FGL J2143.5+1743,483,484,58407.00001157408,1.17e-07,4.78e-08,1.57e-07,1.5279505474452557e-07,1.2024050359712233e-07,2.2779194531120757e-09,1.2024050359712233e-07,2.2779194531120757e-09,1.98983e-07,1.98983e-07,1.2024050359712233e-07,False,False,False,0,False,,,-0.06771611356974336,3.0,False,False,,,weekly,10.0,sigma,computed,/home/lkoo/projects/AutomationDetection/DownloadedLC/incremental/quiescent_background_cache.csv,,,,,,False,not_in_flare_streak
4FGL J2143.5+1743,484,485,58421.00001157408,9.83e-08,4.41e-08,1.17e-07,1.5279505474452557e-07,1.2024050359712233e-07,2.2779194531120757e-09,1.2024050359712233e-07,2.2779194531120757e-09,1.98983e-07,1.98983e-07,1.2024050359712233e-07,False,False,False,0,False,,,-0.49685470478007693,3.0,False,False,,,weekly,10.0,sigma,computed,/home/lkoo/projects/AutomationDetection/DownloadedLC/incremental/quiescent_background_cache.csv,,,,,,False,not_in_flare_streak
4FGL J2143.5+1743,485,486,58428.00001157408,9.15e-08,3.71e-08,9.83e-08,1.5279505474452557e-07,1.2024050359712233e-07,2.2779194531120757e-09,1.2024050359712233e-07,2.2779194531120757e-09,1.98983e-07,1.98983e-07,1.2024050359712233e-07,False,False,False,0,False,,,-0.7732205389157879,3.0,False,False,,,weekly,10.0,sigma,computed,/home/lkoo/projects/AutomationDetection/DownloadedLC/incremental/quiescent_background_cache.csv,,,,,,False,not_in_flare_streak
4FGL J2143.5+1743,486,487,58442.00001157408,8.1e-08,2.6e-08,9.15e-08,1.5279505474452557e-07,1.2024050359712233e-07,2.2779194531120757e-09,1.2024050359712233e-07,2.2779194531120757e-09,1.98983e-07,1.98983e-07,1.2024050359712233e-07,False,False,False,0,False,,,-1.5034908369371716,3.0,False,False,,,weekly,10.0,sigma,computed,/home/lkoo/projects/AutomationDetection/DownloadedLC/incremental/quiescent_background_cache.csv,,,,,,False,not_in_flare_streak
4FGL J2143.5+1743,487,488,58449.00001157408,6.61e-08,3.19e-08,8.1e-08,1.5279505474452557e-07,1.2024050359712233e-07,2.2779194531120757e-09,1.2024050359712233e-07,2.2779194531120757e-09,1.98983e-07,1.98983e-07,1.2024050359712233e-07,False,False,False,0,False,,,-1.6928838480208708,3.0,False,False,,,weekly,10.0,sigma,computed,/home/lkoo/projects/AutomationDetection/DownloadedLC/incremental/quiescent_background_cache.csv,,,,,,False,not_in_flare_streak
4FGL J2143.5+1743,488,489,58463.00001157408,1.14e-07,4.35e-08,6.61e-08,1.5279505474452557e-07,1.2024050359712233e-07,2.2779194531120757e-09,1.2024050359712233e-07,2.2779194531120757e-09,1.98983e-07,1.98983e-07,1.2024050359712233e-07,True,False,False,0,False,,,-0.14326355903160545,3.0,False,False,,,weekly,10.0,sigma,computed,/home/lkoo/projects/AutomationDetection/DownloadedLC/incremental/quiescent_background_cache.csv,,,,,,False,not_in_flare_streak
4FGL J2143.5+1743,489,490,58470.00001157408,9.73e-08,3.2e-08,1.14e-07,1.5279505474452557e-07,1.2024050359712233e-07,2.2779194531120757e-09,1.2024050359712233e-07,2.2779194531120757e-09,1.98983e-07,1.98983e-07,1.2024050359712233e-07,False,False,False,0,False,,,-0.7150812605284339,3.0,False,False,,,weekly,10.0,sigma,computed,/home/lkoo/projects/AutomationDetection/DownloadedLC/incremental/quiescent_background_cache.csv,,,,,,False,not_in_flare_streak
4FGL J2143.5+1743,490,491,58477.00001157408,2.28e-08,1.79e-08,9.73e-08,1.5279505474452557e-07,1.2024050359712233e-07,2.2779194531120757e-09,1.2024050359712233e-07,2.2779194531120757e-09,1.98983e-07,1.98983e-07,1.2024050359712233e-07,False,False,False,0,False,,,-5.400053269241748,3.0,False,False,,,weekly,10.0,sigma,computed,/home/lkoo/projects/AutomationDetection/DownloadedLC/incremental/quiescent_background_cache.csv,,,,,,False,not_in_flare_streak
4FGL J2143.5+1743,491,492,58484.00001157408,2.71e-08,2.04e-08,2.28e-08,1.5279505474452557e-07,1.2024050359712233e-07,2.2779194531120757e-09,1.2024050359712233e-07,2.2779194531120757e-09,1.98983e-07,1.98983e-07,1.2024050359712233e-07,True,False,False,0,False,,,-4.537510476364639,3.0,False,False,,,weekly,10.0,sigma,computed,/home/lkoo/projects/AutomationDetection/DownloadedLC/incremental/quiescent_background_cache.csv,,,,,,False,not_in_flare_streak
4FGL J2143.5+1743,492,493,58491.00001157408,8.38e-08,5.28e-08,2.71e-08,1.5279505474452557e-07,1.2024050359712233e-07,2.2779194531120757e-09,1.2024050359712233e-07,2.2779194531120757e-09,1.98983e-07,1.98983e-07,1.2024050359712233e-07,True,False,False,0,False,,,-0.6895196608904044,3.0,False,False,,,weekly,10.0,sigma,computed,/home/lkoo/projects/AutomationDetection/DownloadedLC/incremental/quiescent_background_cache.csv,,,,,,False,not_in_flare_streak
4FGL J2143.5+1743,493,494,58505.00001157408,1.23e-07,4.2e-08,8.38e-08,1.5279505474452557e-07,1.2024050359712233e-07,2.2779194531120757e-09,1.2024050359712233e-07,2.2779194531120757e-09,1.98983e-07,1.98983e-07,1.2024050359712233e-07,True,True,False,0,False,,,0.06560587425734701,3.0,False,False,,,weekly,10.0,sigma,computed,/home/lkoo/projects/AutomationDetection/DownloadedLC/incremental/quiescent_background_cache.csv,,,,,,False,not_in_flare_streak
4FGL J2143.5+1743,494,495,58519.00001157408,8.43e-08,4.88e-08,1.23e-07,1.5279505474452557e-07,1.2024050359712233e-07,2.2779194531120757e-09,1.2024050359712233e-07,2.2779194531120757e-09,1.98983e-07,1.98983e-07,1.2024050359712233e-07,False,False,False,0,False,,,-0.7356846742966195,3.0,False,False,,,weekly,10.0,sigma,computed,/home/lkoo/projects/AutomationDetection/DownloadedLC/incremental/quiescent_background_cache.csv,,,,,,False,not_in_flare_streak
4FGL J2143.5+1743,495,496,58526.00001157408,5.07e-08,3.27e-08,8.43e-08,1.5279505474452557e-07,1.2024050359712233e-07,2.2779194531120757e-09,1.2024050359712233e-07,2.2779194531120757e-09,1.98983e-07,1.98983e-07,1.2024050359712233e-07,False,False,False,0,False,,,-2.1214797087459014,3.0,False,False,,,weekly,10.0,sigma,computed,/home/lkoo/projects/AutomationDetection/DownloadedLC/incremental/quiescent_background_cache.csv,,,,,,False,not_in_flare_streak
4FGL J2143.5+1743,496,497,58533.00001157408,8.25e-08,4.37e-08,5.07e-08,1.5279505474452557e-07,1.2024050359712233e-07,2.2779194531120757e-09,1.2024050359712233e-07,2.2779194531120757e-09,1.98983e-07,1.98983e-07,1.2024050359712233e-07,True,False,False,0,False,,,-0.8624561674210948,3.0,False,False,,,weekly,10.0,sigma,computed,/home/lkoo/projects/AutomationDetection/DownloadedLC/incremental/quiescent_background_cache.csv,,,,,,False,not_in_flare_streak
4FGL J2143.5+1743,497,498,58589.00001157408,8.07e-08,4.03e-08,8.25e-08,1.5279505474452557e-07,1.2024050359712233e-07,2.2779194531120757e-09,1.2024050359712233e-07,2.2779194531120757e-09,1.98983e-07,1.98983e-07,1.2024050359712233e-07,False,False,False,0,False,,,-0.9795903030808882,3.0,False,False,,,weekly,10.0,sigma,computed,/home/lkoo/projects/AutomationDetection/DownloadedLC/incremental/quiescent_background_cache.csv,,,,,,False,not_in_flare_streak
4FGL J2143.5+1743,498,499,58631.00001157408,6.57e-08,3.95e-08,8.07e-08,1.5279505474452557e-07,1.2024050359712233e-07,2.2779194531120757e-09,1.2024050359712233e-07,2.2779194531120757e-09,1.98983e-07,1.98983e-07,1.2024050359712233e-07,False,False,False,0,False,,,-1.3784819397269346,3.0,False,False,,,weekly,10.0,sigma,computed,/home/lkoo/projects/AutomationDetection/DownloadedLC/incremental/quiescent_background_cache.csv,,,,,,False,not_in_flare_streak
4FGL J2143.5+1743,499,500,58652.00001157408,3.8e-08,2.46e-08,6.57e-08,1.5279505474452557e-07,1.2024050359712233e-07,2.2779194531120757e-09,1.2024050359712233e-07,2.2779194531120757e-09,1.98983e-07,1.98983e-07,1.2024050359712233e-07,False,False,False,0,False,,,-3.3288687474788494,3.0,False,False,,,weekly,10.0,sigma,computed,/home/lkoo/projects/AutomationDetection/DownloadedLC/incremental/quiescent_background_cache.csv,,,,,,False,not_in_flare_streak
4FGL J2143.5+1743,500,501,58659.00001157408,7.59e-08,4.08e-08,3.8e-08,1.5279505474452557e-07,1.2024050359712233e-07,2.2779194531120757e-09,1.2024050359712233e-07,2.2779194531120757e-09,1.98983e-07,1.98983e-07,1.2024050359712233e-07,True,False,False,0,False,,,-1.0850871801275828,3.0,False,False,,,weekly,10.0,sigma,computed,/home/lkoo/projects/AutomationDetection/DownloadedLC/incremental/quiescent_background_cache.csv,,,,,,False,not_in_flare_streak
4FGL J2143.5+1743,501,502,58736.00001157408,8.93e-08,5.49e-08,7.59e-08,1.5279505474452557e-07,1.2024050359712233e-07,2.2779194531120757e-09,1.2024050359712233e-07,2.2779194531120757e-09,1.98983e-07,1.98983e-07,1.2024050359712233e-07,True,False,False,0,False,,,-0.5630947971741861,3.0,False,False,,,weekly,10.0,sigma,computed,/home/lkoo/projects/AutomationDetection/DownloadedLC/incremental/quiescent_background_cache.csv,,,,,,False,not_in_flare_streak
4FGL J2143.5+1743,502,503,58827.00001157408,1.84e-08,1.79e-08,8.93e-08,1.5279505474452557e-07,1.2024050359712233e-07,2.2779194531120757e-09,1.2024050359712233e-07,2.2779194531120757e-09,1.98983e-07,1.98983e-07,1.2024050359712233e-07,False,False,False,0,False,,,-5.6438967789479655,3.0,False,False,,,weekly,10.0,sigma,computed,/home/lkoo/projects/AutomationDetection/DownloadedLC/incremental/quiescent_background_cache.csv,,,,,,False,not_in_flare_streak
4FGL J2143.5+1743,503,504,58841.00001157408,4.57e-08,2.46e-08,1.84e-08,1.5279505474452557e-07,1.2024050359712233e-07,2.2779194531120757e-09,1.2024050359712233e-07,2.2779194531120757e-09,1.98983e-07,1.98983e-07,1.2024050359712233e-07,True,False,False,0,False,,,-3.0171939858412755,3.0,False,False,,,weekly,10.0,sigma,computed,/home/lkoo/projects/AutomationDetection/DownloadedLC/incremental/quiescent_background_cache.csv,,,,,,False,not_in_flare_streak
4FGL J2143.5+1743,504,505,58974.00001157408,9.65e-08,6.07e-08,4.57e-08,1.5279505474452557e-07,1.2024050359712233e-07,2.2779194531120757e-09,1.2024050359712233e-07,2.2779194531120757e-09,1.98983e-07,1.98983e-07,1.2024050359712233e-07,True,False,False,0,False,,,-0.3908369719539056,3.0,False,False,,,weekly,10.0,sigma,computed,/home/lkoo/projects/AutomationDetection/DownloadedLC/incremental/quiescent_background_cache.csv,,,,,,False,not_in_flare_streak
4FGL J2143.5+1743,505,506,58988.00001157408,3.29e-08,2.42e-08,9.65e-08,1.5279505474452557e-07,1.2024050359712233e-07,2.2779194531120757e-09,1.2024050359712233e-07,2.2779194531120757e-09,1.98983e-07,1.98983e-07,1.2024050359712233e-07,False,False,False,0,False,,,-3.5932283723747798,3.0,False,False,,,weekly,10.0,sigma,computed,/home/lkoo/projects/AutomationDetection/DownloadedLC/incremental/quiescent_background_cache.csv,,,,,,False,not_in_flare_streak
4FGL J2143.5+1743,506,507,59037.00001157408,1.11e-07,5.14e-08,3.29e-08,1.5279505474452557e-07,1.2024050359712233e-07,2.2779194531120757e-09,1.2024050359712233e-07,2.2779194531120757e-09,1.98983e-07,1.98983e-07,1.2024050359712233e-07,True,False,False,0,False,,,-0.1796000501829153,3.0,False,False,,,weekly,10.0,sigma,computed,/home/lkoo/projects/AutomationDetection/DownloadedLC/incremental/quiescent_background_cache.csv,,,,,,False,not_in_flare_streak
4FGL J2143.5+1743,507,508,59128.00001157408,7.18e-08,4.31e-08,1.11e-07,1.5279505474452557e-07,1.2024050359712233e-07,2.2779194531120757e-09,1.2024050359712233e-07,2.2779194531120757e-09,1.98983e-07,1.98983e-07,1.2024050359712233e-07,False,False,False,0,False,,,-1.1223431521715175,3.0,False,False,,,weekly,10.0,sigma,computed,/home/lkoo/projects/AutomationDetection/DownloadedLC/incremental/quiescent_background_cache.csv,,,,,,False,not_in_flare_streak
4FGL J2143.5+1743,508,509,59135.00001157408,8.26e-08,3.85e-08,7.18e-08,1.5279505474452557e-07,1.2024050359712233e-07,2.2779194531120757e-09,1.2024050359712233e-07,2.2779194531120757e-09,1.98983e-07,1.98983e-07,1.2024050359712233e-07,True,False,False,0,False,,,-0.9759686224017895,3.0,False,False,,,weekly,10.0,sigma,computed,/home/lkoo/projects/AutomationDetection/DownloadedLC/incremental/quiescent_background_cache.csv,,,,,,False,not_in_flare_streak
4FGL J2143.5+1743,509,510,59156.00001157408,4.18e-08,2.76e-08,8.26e-08,1.5279505474452557e-07,1.2024050359712233e-07,2.2779194531120757e-09,1.2024050359712233e-07,2.2779194531120757e-09,1.98983e-07,1.98983e-07,1.2024050359712233e-07,False,False,False,0,False,,,-2.832416749711117,3.0,False,False,,,weekly,10.0,sigma,computed,/home/lkoo/projects/AutomationDetection/DownloadedLC/incremental/quiescent_background_cache.csv,,,,,,False,not_in_flare_streak
4FGL J2143.5+1743,510,511,59163.00001157408,1.48e-07,4e-08,4.18e-08,1.5279505474452557e-07,1.2024050359712233e-07,2.2779194531120757e-09,1.2024050359712233e-07,2.2779194531120757e-09,1.98983e-07,1.98983e-07,1.2024050359712233e-07,True,True,False,0,False,,,0.6928648138645062,3.0,False,False,,,weekly,10.0,sigma,computed,/home/lkoo/projects/AutomationDetection/DownloadedLC/incremental/quiescent_background_cache.csv,,,,,,False,not_in_flare_streak
4FGL J2143.5+1743,511,512,59170.00001157408,8.82e-08,3.42e-08,1.48e-07,1.5279505474452557e-07,1.2024050359712233e-07,2.2779194531120757e-09,1.2024050359712233e-07,2.2779194531120757e-09,1.98983e-07,1.98983e-07,1.2024050359712233e-07,False,False,False,0,False,,,-0.934785613005976,3.0,False,False,,,weekly,10.0,sigma,computed,/home/lkoo/projects/AutomationDetection/DownloadedLC/incremental/quiescent_background_cache.csv,,,,,,False,not_in_flare_streak
4FGL J2143.5+1743,512,513,59177.00001157408,7.04e-08,3.94e-08,8.82e-08,1.5279505474452557e-07,1.2024050359712233e-07,2.2779194531120757e-09,1.2024050359712233e-07,2.2779194531120757e-09,1.98983e-07,1.98983e-07,1.2024050359712233e-07,False,False,False,0,False,,,-1.2628785135142244,3.0,False,False,,,weekly,10.0,sigma,computed,/home/lkoo/projects/AutomationDetection/DownloadedLC/incremental/quiescent_background_cache.csv,,,,,,False,not_in_flare_streak
4FGL J2143.5+1743,513,514,59198.00001157408,1.34e-07,6.17e-08,7.04e-08,1.5279505474452557e-07,1.2024050359712233e-07,2.2779194531120757e-09,1.2024050359712233e-07,2.2779194531120757e-09,1.98983e-07,1.98983e-07,1.2024050359712233e-07,True,True,False,0,False,,,0.22285459730574564,3.0,False,False,,,weekly,10.0,sigma,computed,/home/lkoo/projects/AutomationDetection/DownloadedLC/incremental/quiescent_background_cache.csv,,,,,,False,not_in_flare_streak
4FGL J2143.5+1743,514,515,59205.00001157408,4.78e-08,3.75e-08,1.34e-07,1.5279505474452557e-07,1.2024050359712233e-07,2.2779194531120757e-09,1.2024050359712233e-07,2.2779194531120757e-09,1.98983e-07,1.98983e-07,1.2024050359712233e-07,False,False,False,0,False,,,-1.9281926225127717,3.0,False,False,,,weekly,10.0,sigma,computed,/home/lkoo/projects/AutomationDetection/DownloadedLC/incremental/quiescent_background_cache.csv,,,,,,False,not_in_flare_streak
4FGL J2143.5+1743,515,516,59212.00001157408,7.62e-08,3.65e-08,4.78e-08,1.5279505474452557e-07,1.2024050359712233e-07,2.2779194531120757e-09,1.2024050359712233e-07,2.2779194531120757e-09,1.98983e-07,1.98983e-07,1.2024050359712233e-07,True,False,False,0,False,,,-1.2042462381026302,3.0,False,False,,,weekly,10.0,sigma,computed,/home/lkoo/projects/AutomationDetection/DownloadedLC/incremental/quiescent_background_cache.csv,,,,,,False,not_in_flare_streak
4FGL J2143.5+1743,516,517,59226.00001157408,6.71e-08,3.77e-08,7.62e-08,1.5279505474452557e-07,1.2024050359712233e-07,2.2779194531120757e-09,1.2024050359712233e-07,2.2779194531120757e-09,1.98983e-07,1.98983e-07,1.2024050359712233e-07,False,False,False,0,False,,,-1.4069964029172528,3.0,False,False,,,weekly,10.0,sigma,computed,/home/lkoo/projects/AutomationDetection/DownloadedLC/incremental/quiescent_background_cache.csv,,,,,,False,not_in_flare_streak
4FGL J2143.5+1743,517,518,59261.00001157408,1.03e-07,5.97e-08,6.71e-08,1.5279505474452557e-07,1.2024050359712233e-07,2.2779194531120757e-09,1.2024050359712233e-07,2.2779194531120757e-09,1.98983e-07,1.98983e-07,1.2024050359712233e-07,True,False,False,0,False,,,-0.2885756643252005,3.0,False,False,,,weekly,10.0,sigma,computed,/home/lkoo/projects/AutomationDetection/DownloadedLC/incremental/quiescent_background_cache.csv,,,,,,False,not_in_flare_streak
4FGL J2143.5+1743,518,519,59373.00001157408,1.23e-07,3.91e-08,1.03e-07,1.5279505474452557e-07,1.2024050359712233e-07,2.2779194531120757e-09,1.2024050359712233e-07,2.2779194531120757e-09,1.98983e-07,1.98983e-07,1.2024050359712233e-07,True,True,False,0,False,,,0.07045589007872549,3.0,False,False,,,weekly,10.0,sigma,computed,/home/lkoo/projects/AutomationDetection/DownloadedLC/incremental/quiescent_background_cache.csv,,,,,,False,not_in_flare_streak
4FGL J2143.5+1743,519,520,59401.00001157408,1.87e-08,1.84e-08,1.23e-07,1.5279505474452557e-07,1.2024050359712233e-07,2.2779194531120757e-09,1.2024050359712233e-07,2.2779194531120757e-09,1.98983e-07,1.98983e-07,1.2024050359712233e-07,False,False,False,0,False,,,-5.476696111789323,3.0,False,False,,,weekly,10.0,sigma,computed,/home/lkoo/projects/AutomationDetection/DownloadedLC/incremental/quiescent_background_cache.csv,,,,,,False,not_in_flare_streak
4FGL J2143.5+1743,520,521,59408.00001157408,1.29e-07,5.49e-08,1.87e-08,1.5279505474452557e-07,1.2024050359712233e-07,2.2779194531120757e-09,1.2024050359712233e-07,2.2779194531120757e-09,1.98983e-07,1.98983e-07,1.2024050359712233e-07,True,True,False,0,False,,,0.15941650189511344,3.0,False,False,,,weekly,10.0,sigma,computed,/home/lkoo/projects/AutomationDetection/DownloadedLC/incremental/quiescent_background_cache.csv,,,,,,False,not_in_flare_streak
4FGL J2143.5+1743,521,522,59436.00001157408,7.95e-08,5.71e-08,1.29e-07,1.5279505474452557e-07,1.2024050359712233e-07,2.2779194531120757e-09,1.2024050359712233e-07,2.2779194531120757e-09,1.98983e-07,1.98983e-07,1.2024050359712233e-07,False,False,False,0,False,,,-0.7129268501818509,3.0,False,False,,,weekly,10.0,sigma,computed,/home/lkoo/projects/AutomationDetection/DownloadedLC/incremental/quiescent_background_cache.csv,,,,,,False,not_in_flare_streak
4FGL J2143.5+1743,522,523,59520.00001157408,9.63e-08,5.48e-08,7.95e-08,1.5279505474452557e-07,1.2024050359712233e-07,2.2779194531120757e-09,1.2024050359712233e-07,2.2779194531120757e-09,1.98983e-07,1.98983e-07,1.2024050359712233e-07,True,False,False,0,False,,,-0.43649356034472886,3.0,False,False,,,weekly,10.0,sigma,computed,/home/lkoo/projects/AutomationDetection/DownloadedLC/incremental/quiescent_background_cache.csv,,,,,,False,not_in_flare_streak
4FGL J2143.5+1743,523,524,59590.00001157408,6.71e-08,4.51e-08,9.63e-08,1.5279505474452557e-07,1.2024050359712233e-07,2.2779194531120757e-09,1.2024050359712233e-07,2.2779194531120757e-09,1.98983e-07,1.98983e-07,1.2024050359712233e-07,False,False,False,0,False,,,-1.1767816018019561,3.0,False,False,,,weekly,10.0,sigma,computed,/home/lkoo/projects/AutomationDetection/DownloadedLC/incremental/quiescent_background_cache.csv,,,,,,False,not_in_flare_streak
4FGL J2143.5+1743,524,525,59618.00001157408,1.29e-07,5.72e-08,6.71e-08,1.5279505474452557e-07,1.2024050359712233e-07,2.2779194531120757e-09,1.2024050359712233e-07,2.2779194531120757e-09,1.98983e-07,1.98983e-07,1.2024050359712233e-07,True,True,False,0,False,,,0.15301675995335975,3.0,False,False,,,weekly,10.0,sigma,computed,/home/lkoo/projects/AutomationDetection/DownloadedLC/incremental/quiescent_background_cache.csv,,,,,,False,not_in_flare_streak
4FGL J2143.5+1743,525,526,59632.00001157408,1.17e-07,5.56e-08,1.29e-07,1.5279505474452557e-07,1.2024050359712233e-07,2.2779194531120757e-09,1.2024050359712233e-07,2.2779194531120757e-09,1.98983e-07,1.98983e-07,1.2024050359712233e-07,False,False,False,0,False,,,-0.058233586099038746,3.0,False,False,,,weekly,10.0,sigma,computed,/home/lkoo/projects/AutomationDetection/DownloadedLC/incremental/quiescent_background_cache.csv,,,,,,False,not_in_flare_streak
4FGL J2143.5+1743,526,527,59723.00001157408,9.44e-08,4.13e-08,1.17e-07,1.5279505474452557e-07,1.2024050359712233e-07,2.2779194531120757e-09,1.2024050359712233e-07,2.2779194531120757e-09,1.98983e-07,1.98983e-07,1.2024050359712233e-07,False,False,False,0,False,,,-0.6247285246089853,3.0,False,False,,,weekly,10.0,sigma,computed,/home/lkoo/projects/AutomationDetection/DownloadedLC/incremental/quiescent_background_cache.csv,,,,,,False,not_in_flare_streak
4FGL J2143.5+1743,527,528,59765.00001157408,7.77e-08,5.15e-08,9.44e-08,1.5279505474452557e-07,1.2024050359712233e-07,2.2779194531120757e-09,1.2024050359712233e-07,2.2779194531120757e-09,1.98983e-07,1.98983e-07,1.2024050359712233e-07,False,False,False,0,False,,,-0.8252223494211357,3.0,False,False,,,weekly,10.0,sigma,computed,/home/lkoo/projects/AutomationDetection/DownloadedLC/incremental/quiescent_background_cache.csv,,,,,,False,not_in_flare_streak
4FGL J2143.5+1743,528,529,59919.00001157408,7.43e-08,4.25e-08,7.77e-08,1.5279505474452557e-07,1.2024050359712233e-07,2.2779194531120757e-09,1.2024050359712233e-07,2.2779194531120757e-09,1.98983e-07,1.98983e-07,1.2024050359712233e-07,False,False,False,0,False,,,-1.0794037055348702,3.0,False,False,,,weekly,10.0,sigma,computed,/home/lkoo/projects/AutomationDetection/DownloadedLC/incremental/quiescent_background_cache.csv,,,,,,False,not_in_flare_streak
4FGL J2143.5+1743,529,530,59926.00001157408,5.35e-08,3.62e-08,7.43e-08,1.5279505474452557e-07,1.2024050359712233e-07,2.2779194531120757e-09,1.2024050359712233e-07,2.2779194531120757e-09,1.98983e-07,1.98983e-07,1.2024050359712233e-07,False,False,False,0,False,,,-1.8400209765574693,3.0,False,False,,,weekly,10.0,sigma,computed,/home/lkoo/projects/AutomationDetection/DownloadedLC/incremental/quiescent_background_cache.csv,,,,,,False,not_in_flare_streak
4FGL J2143.5+1743,530,531,59947.00001157408,1.62e-08,1.59e-08,5.35e-08,1.5279505474452557e-07,1.2024050359712233e-07,2.2779194531120757e-09,1.2024050359712233e-07,2.2779194531120757e-09,1.98983e-07,1.98983e-07,1.2024050359712233e-07,False,False,False,0,False,,,-6.477292424364558,3.0,False,False,,,weekly,10.0,sigma,computed,/home/lkoo/projects/AutomationDetection/DownloadedLC/incremental/quiescent_background_cache.csv,,,,,,False,not_in_flare_streak
4FGL J2143.5+1743,531,532,59954.00001157408,6.81e-08,3.89e-08,1.62e-08,1.5279505474452557e-07,1.2024050359712233e-07,2.2779194531120757e-09,1.2024050359712233e-07,2.2779194531120757e-09,1.98983e-07,1.98983e-07,1.2024050359712233e-07,True,False,False,0,False,,,-1.3380806142458754,3.0,False,False,,,weekly,10.0,sigma,computed,/home/lkoo/projects/AutomationDetection/DownloadedLC/incremental/quiescent_background_cache.csv,,,,,,False,not_in_flare_streak
4FGL J2143.5+1743,532,533,59961.00001157408,7.27e-08,4.94e-08,6.81e-08,1.5279505474452557e-07,1.2024050359712233e-07,2.2779194531120757e-09,1.2024050359712233e-07,2.2779194531120757e-09,1.98983e-07,1.98983e-07,1.2024050359712233e-07,True,False,False,0,False,,,-0.9613368738512058,3.0,False,False,,,weekly,10.0,sigma,computed,/home/lkoo/projects/AutomationDetection/DownloadedLC/incremental/quiescent_background_cache.csv,,,,,,False,not_in_flare_streak
4FGL J2143.5+1743,533,534,60122.00001157408,3.72e-08,2.23e-08,7.27e-08,1.5279505474452557e-07,1.2024050359712233e-07,2.2779194531120757e-09,1.2024050359712233e-07,2.2779194531120757e-09,1.98983e-07,1.98983e-07,1.2024050359712233e-07,False,False,False,0,False,,,-3.7045123937418585,3.0,False,False,,,weekly,10.0,sigma,computed,/home/lkoo/projects/AutomationDetection/DownloadedLC/incremental/quiescent_background_cache.csv,,,,,,False,not_in_flare_streak
4FGL J2143.5+1743,534,535,60164.00001157408,3.8e-08,3.78e-08,3.72e-08,1.5279505474452557e-07,1.2024050359712233e-07,2.2779194531120757e-09,1.2024050359712233e-07,2.2779194531120757e-09,1.98983e-07,1.98983e-07,1.2024050359712233e-07,True,False,False,0,False,,,-2.171734880133271,3.0,False,False,,,weekly,10.0,sigma,computed,/home/lkoo/projects/AutomationDetection/DownloadedLC/incremental/quiescent_background_cache.csv,,,,,,False,not_in_flare_streak
4FGL J2143.5+1743,535,536,60234.00001157408,1.43e-07,5.24e-08,3.8e-08,1.5279505474452557e-07,1.2024050359712233e-07,2.2779194531120757e-09,1.2024050359712233e-07,2.2779194531120757e-09,1.98983e-07,1.98983e-07,1.2024050359712233e-07,True,True,False,0,False,,,0.43393170746348647,3.0,False,False,,,weekly,10.0,sigma,computed,/home/lkoo/projects/AutomationDetection/DownloadedLC/incremental/quiescent_background_cache.csv,,,,,,False,not_in_flare_streak
4FGL J2143.5+1743,536,537,60290.00001157408,8.83e-08,4.51e-08,1.43e-07,1.5279505474452557e-07,1.2024050359712233e-07,2.2779194531120757e-09,1.2024050359712233e-07,2.2779194531120757e-09,1.98983e-07,1.98983e-07,1.2024050359712233e-07,False,False,False,0,False,,,-0.7073135262387344,3.0,False,False,,,weekly,10.0,sigma,computed,/home/lkoo/projects/AutomationDetection/DownloadedLC/incremental/quiescent_background_cache.csv,,,,,,False,not_in_flare_streak
4FGL J2143.5+1743,537,538,60311.00001157408,1.16e-07,4.16e-08,8.83e-08,1.5279505474452557e-07,1.2024050359712233e-07,2.2779194531120757e-09,1.2024050359712233e-07,2.2779194531120757e-09,1.98983e-07,1.98983e-07,1.2024050359712233e-07,True,False,False,0,False,,,-0.10178270403137059,3.0,False,False,,,weekly,10.0,sigma,computed,/home/lkoo/projects/AutomationDetection/DownloadedLC/incremental/quiescent_background_cache.csv,,,,,,False,not_in_flare_streak
4FGL J2143.5+1743,538,539,60381.00001157408,9.93e-08,5.3e-08,1.16e-07,1.5279505474452557e-07,1.2024050359712233e-07,2.2779194531120757e-09,1.2024050359712233e-07,2.2779194531120757e-09,1.98983e-07,1.98983e-07,1.2024050359712233e-07,False,False,False,0,False,,,-0.3947394190533432,3.0,False,False,,,weekly,10.0,sigma,computed,/home/lkoo/projects/AutomationDetection/DownloadedLC/incremental/quiescent_background_cache.csv,,,,,,False,not_in_flare_streak
4FGL J2143.5+1743,539,540,60423.00001157408,3.38e-08,3.16e-08,9.93e-08,1.5279505474452557e-07,1.2024050359712233e-07,2.2779194531120757e-09,1.2024050359712233e-07,2.2779194531120757e-09,1.98983e-07,1.98983e-07,1.2024050359712233e-07,False,False,False,0,False,,,-2.728379285045071,3.0,False,False,,,weekly,10.0,sigma,computed,/home/lkoo/projects/AutomationDetection/DownloadedLC/incremental/quiescent_background_cache.csv,,,,,,False,not_in_flare_streak
4FGL J2143.5+1743,540,541,60465.00001157408,7.19e-08,3.91e-08,3.38e-08,1.5279505474452557e-07,1.2024050359712233e-07,2.2779194531120757e-09,1.2024050359712233e-07,2.2779194531120757e-09,1.98983e-07,1.98983e-07,1.2024050359712233e-07,True,False,False,0,False,,,-1.2342372340972627,3.0,False,False,,,weekly,10.0,sigma,computed,/home/lkoo/projects/AutomationDetection/DownloadedLC/incremental/quiescent_background_cache.csv,,,,,,False,not_in_flare_streak
4FGL J2143.5+1743,541,542,60472.00001157408,8.64e-08,5.11e-08,7.19e-08,1.5279505474452557e-07,1.2024050359712233e-07,2.2779194531120757e-09,1.2024050359712233e-07,2.2779194531120757e-09,1.98983e-07,1.98983e-07,1.2024050359712233e-07,True,False,False,0,False,,,-0.6615837615747662,3.0,False,False,,,weekly,10.0,sigma,computed,/home/lkoo/projects/AutomationDetection/DownloadedLC/incremental/quiescent_background_cache.csv,,,,,,False,not_in_flare_streak
4FGL J2143.5+1743,542,543,60528.00001157408,1.43e-07,8.18e-08,8.64e-08,1.5279505474452557e-07,1.2024050359712233e-07,2.2779194531120757e-09,1.2024050359712233e-07,2.2779194531120757e-09,1.98983e-07,1.98983e-07,1.2024050359712233e-07,True,True,False,0,False,,,0.2781256329435918,3.0,False,False,,,weekly,10.0,sigma,computed,/home/lkoo/projects/AutomationDetection/DownloadedLC/incremental/quiescent_background_cache.csv,,,,,,False,not_in_flare_streak
4FGL J2143.5+1743,543,544,60640.00001157408,5.7e-08,3.51e-08,1.43e-07,1.5279505474452557e-07,1.2024050359712233e-07,2.2779194531120757e-09,1.2024050359712233e-07,2.2779194531120757e-09,1.98983e-07,1.98983e-07,1.2024050359712233e-07,False,False,False,0,False,,,-1.7979414882631943,3.0,False,False,,,weekly,10.0,sigma,computed,/home/lkoo/projects/AutomationDetection/DownloadedLC/incremental/quiescent_background_cache.csv,,,,,,False,not_in_flare_streak
4FGL J2143.5+1743,544,545,60689.00001157408,7.23e-08,3.89e-08,5.7e-08,1.5279505474452557e-07,1.2024050359712233e-07,2.2779194531120757e-09,1.2024050359712233e-07,2.2779194531120757e-09,1.98983e-07,1.98983e-07,1.2024050359712233e-07,True,False,False,0,False,,,-1.230296105234289,3.0,False,False,,,weekly,10.0,sigma,computed,/home/lkoo/projects/AutomationDetection/DownloadedLC/incremental/quiescent_background_cache.csv,,,,,,False,not_in_flare_streak
4FGL J2143.5+1743,545,546,60731.00001157408,9.35e-08,4.95e-08,7.23e-08,1.5279505474452557e-07,1.2024050359712233e-07,2.2779194531120757e-09,1.2024050359712233e-07,2.2779194531120757e-09,1.98983e-07,1.98983e-07,1.2024050359712233e-07,True,False,False,0,False,,,-0.5396410946140787,3.0,False,False,,,weekly,10.0,sigma,computed,/home/lkoo/projects/AutomationDetection/DownloadedLC/incremental/quiescent_background_cache.csv,,,,,,False,not_in_flare_streak
4FGL J2143.5+1743,546,547,60738.00001157408,2.69e-09,2e-09,9.35e-08,1.5279505474452557e-07,1.2024050359712233e-07,2.2779194531120757e-09,1.2024050359712233e-07,2.2779194531120757e-09,1.98983e-07,1.98983e-07,1.2024050359712233e-07,False,False,False,0,False,,,-38.77861811505086,3.0,False,False,,,weekly,10.0,sigma,computed,/home/lkoo/projects/AutomationDetection/DownloadedLC/incremental/quiescent_background_cache.csv,,,,,,False,not_in_flare_streak
4FGL J2143.5+1743,547,548,60745.00001157408,1.03e-07,4.74e-08,2.69e-09,1.5279505474452557e-07,1.2024050359712233e-07,2.2779194531120757e-09,1.2024050359712233e-07,2.2779194531120757e-09,1.98983e-07,1.98983e-07,1.2024050359712233e-07,True,False,False,0,False,,,-0.36330441874349945,3.0,False,False,,,weekly,10.0,sigma,computed,/home/lkoo/projects/AutomationDetection/DownloadedLC/incremental/quiescent_background_cache.csv,,,,,,False,not_in_flare_streak
