Name,previous_bin_count,current_bin_count,new_point_mjd,new_point_flux,new_point_flux_error,previous_point_flux,average_flux_full_series,previous_quiescent_background,previous_quiescent_background_error,current_quiescent_background,current_quiescent_background_error,previous_detection_threshold,current_detection_threshold,flare_flux_threshold,above_previous_flux,above_flare_flux_threshold,potential_flare_point,consecutive_potential_flare_points,flare_active,flare_start_mjd,flare_end_mjd,confirmed_sigma_delta,confirmed_sigma_threshold,confirmed_start_trigger,confirmed_flare_active,confirmed_flare_start_mjd,confirmed_flare_end_mjd,cadence,lookback_weeks,detection_method,quiescent_background_origin,quiescent_background_cache_path,flare_duration_seconds,streak_mean_flux,source_counts_0p2_5MeV,background_counts,mdp99_percent,mdp99_available,mdp99_reason
4FGL J0217.4+7352,1,2,54725.00001157408,1.26e-07,6.19e-08,8.89e-08,1.1051979522184301e-07,1.0625224913494808e-07,2.8712001824176005e-09,1.0625224913494808e-07,2.8712001824176005e-09,2.6194e-07,2.6194e-07,1.0625224913494808e-07,True,True,False,0,False,,,0.318684026340161,3.0,False,False,,,weekly,10.0,sigma,computed,/home/lkoo/projects/AutomationDetection/DownloadedLC/incremental/quiescent_background_cache.csv,,,,,,False,not_in_flare_streak
4FGL J0217.4+7352,2,3,54760.00001157408,7.27e-08,4.01e-08,1.26e-07,1.1051979522184301e-07,1.0625224913494808e-07,2.8712001824176005e-09,1.0625224913494808e-07,2.8712001824176005e-09,2.6194e-07,2.6194e-07,1.0625224913494808e-07,False,False,False,0,False,,,-0.8345778605550724,3.0,False,False,,,weekly,10.0,sigma,computed,/home/lkoo/projects/AutomationDetection/DownloadedLC/incremental/quiescent_background_cache.csv,,,,,,False,not_in_flare_streak
4FGL J0217.4+7352,3,4,54823.00001157408,1.58e-07,6.03e-08,7.27e-08,1.1051979522184301e-07,1.0625224913494808e-07,2.8712001824176005e-09,1.0625224913494808e-07,2.8712001824176005e-09,2.6194e-07,2.6194e-07,1.0625224913494808e-07,True,True,False,0,False,,,0.857200478261504,3.0,False,False,,,weekly,10.0,sigma,computed,/home/lkoo/projects/AutomationDetection/DownloadedLC/incremental/quiescent_background_cache.csv,,,,,,False,not_in_flare_streak
4FGL J0217.4+7352,4,5,54830.00001157408,1.75e-07,5.49e-08,1.58e-07,1.1051979522184301e-07,1.0625224913494808e-07,2.8712001824176005e-09,1.0625224913494808e-07,2.8712001824176005e-09,2.6194e-07,2.6194e-07,1.0625224913494808e-07,True,True,False,0,False,,,1.2505268733439818,3.0,False,False,,,weekly,10.0,sigma,computed,/home/lkoo/projects/AutomationDetection/DownloadedLC/incremental/quiescent_background_cache.csv,,,,,,False,not_in_flare_streak
4FGL J0217.4+7352,5,6,54837.00001157408,2.57e-07,5.37e-08,1.75e-07,1.1051979522184301e-07,1.0625224913494808e-07,2.8712001824176005e-09,1.0625224913494808e-07,2.8712001824176005e-09,2.6194e-07,2.6194e-07,1.0625224913494808e-07,True,True,False,0,False,,,2.8032166779798406,3.0,False,False,,,weekly,10.0,sigma,computed,/home/lkoo/projects/AutomationDetection/DownloadedLC/incremental/quiescent_background_cache.csv,,,,,,False,not_in_flare_streak
4FGL J0217.4+7352,6,7,54844.00001157408,1.97e-07,5.09e-08,2.57e-07,1.1051979522184301e-07,1.0625224913494808e-07,2.8712001824176005e-09,1.0625224913494808e-07,2.8712001824176005e-09,2.6194e-07,2.6194e-07,1.0625224913494808e-07,False,True,False,0,False,,,1.7800337476235837,3.0,False,False,,,weekly,10.0,sigma,computed,/home/lkoo/projects/AutomationDetection/DownloadedLC/incremental/quiescent_background_cache.csv,,,,,,False,not_in_flare_streak
4FGL J0217.4+7352,7,8,54851.00001157408,2.28e-07,5.52e-08,1.97e-07,1.1051979522184301e-07,1.0625224913494808e-07,2.8712001824176005e-09,1.0625224913494808e-07,2.8712001824176005e-09,2.6194e-07,2.6194e-07,1.0625224913494808e-07,True,True,False,0,False,,,2.2025976368795797,3.0,False,False,,,weekly,10.0,sigma,computed,/home/lkoo/projects/AutomationDetection/DownloadedLC/incremental/quiescent_background_cache.csv,,,,,,False,not_in_flare_streak
4FGL J0217.4+7352,8,9,54858.00001157408,1.6e-07,5.83e-08,2.28e-07,1.1051979522184301e-07,1.0625224913494808e-07,2.8712001824176005e-09,1.0625224913494808e-07,2.8712001824176005e-09,2.6194e-07,2.6194e-07,1.0625224913494808e-07,False,True,False,0,False,,,0.9208008289443264,3.0,False,False,,,weekly,10.0,sigma,computed,/home/lkoo/projects/AutomationDetection/DownloadedLC/incremental/quiescent_background_cache.csv,,,,,,False,not_in_flare_streak
4FGL J0217.4+7352,9,10,54879.00001157408,1.66e-07,5.58e-08,1.6e-07,1.1051979522184301e-07,1.0625224913494808e-07,2.8712001824176005e-09,1.0625224913494808e-07,2.8712001824176005e-09,2.6194e-07,2.6194e-07,1.0625224913494808e-07,True,True,False,0,False,,,1.0693335552613992,3.0,False,False,,,weekly,10.0,sigma,computed,/home/lkoo/projects/AutomationDetection/DownloadedLC/incremental/quiescent_background_cache.csv,,,,,,False,not_in_flare_streak
4FGL J0217.4+7352,10,11,54886.00001157408,9.07e-08,4.67e-08,1.66e-07,1.1051979522184301e-07,1.0625224913494808e-07,2.8712001824176005e-09,1.0625224913494808e-07,2.8712001824176005e-09,2.6194e-07,2.6194e-07,1.0625224913494808e-07,False,False,False,0,False,,,-0.3323969670350602,3.0,False,False,,,weekly,10.0,sigma,computed,/home/lkoo/projects/AutomationDetection/DownloadedLC/incremental/quiescent_background_cache.csv,,,,,,False,not_in_flare_streak
4FGL J0217.4+7352,11,12,54907.00001157408,9.13e-08,4.45e-08,9.07e-08,1.1051979522184301e-07,1.0625224913494808e-07,2.8712001824176005e-09,1.0625224913494808e-07,2.8712001824176005e-09,2.6194e-07,2.6194e-07,1.0625224913494808e-07,True,False,False,0,False,,,-0.33530837820380377,3.0,False,False,,,weekly,10.0,sigma,computed,/home/lkoo/projects/AutomationDetection/DownloadedLC/incremental/quiescent_background_cache.csv,,,,,,False,not_in_flare_streak
4FGL J0217.4+7352,12,13,54914.00001157408,6.53e-08,4.28e-08,9.13e-08,1.1051979522184301e-07,1.0625224913494808e-07,2.8712001824176005e-09,1.0625224913494808e-07,2.8712001824176005e-09,2.6194e-07,2.6194e-07,1.0625224913494808e-07,False,False,False,0,False,,,-0.9546824935993984,3.0,False,False,,,weekly,10.0,sigma,computed,/home/lkoo/projects/AutomationDetection/DownloadedLC/incremental/quiescent_background_cache.csv,,,,,,False,not_in_flare_streak
4FGL J0217.4+7352,13,14,54928.00001157408,1.51e-07,6.91e-08,6.53e-08,1.1051979522184301e-07,1.0625224913494808e-07,2.8712001824176005e-09,1.0625224913494808e-07,2.8712001824176005e-09,2.6194e-07,2.6194e-07,1.0625224913494808e-07,True,True,False,0,False,,,0.6470213015580251,3.0,False,False,,,weekly,10.0,sigma,computed,/home/lkoo/projects/AutomationDetection/DownloadedLC/incremental/quiescent_background_cache.csv,,,,,,False,not_in_flare_streak
4FGL J0217.4+7352,14,15,54935.00001157408,1.1e-07,5.15e-08,1.51e-07,1.1051979522184301e-07,1.0625224913494808e-07,2.8712001824176005e-09,1.0625224913494808e-07,2.8712001824176005e-09,2.6194e-07,2.6194e-07,1.0625224913494808e-07,False,True,False,0,False,,,0.07265902875182352,3.0,False,False,,,weekly,10.0,sigma,computed,/home/lkoo/projects/AutomationDetection/DownloadedLC/incremental/quiescent_background_cache.csv,,,,,,False,not_in_flare_streak
4FGL J0217.4+7352,15,16,54942.00001157408,9.66e-08,7.71e-08,1.1e-07,1.1051979522184301e-07,1.0625224913494808e-07,2.8712001824176005e-09,1.0625224913494808e-07,2.8712001824176005e-09,2.6194e-07,2.6194e-07,1.0625224913494808e-07,False,False,False,0,False,,,-0.12510458043597986,3.0,False,False,,,weekly,10.0,sigma,computed,/home/lkoo/projects/AutomationDetection/DownloadedLC/incremental/quiescent_background_cache.csv,,,,,,False,not_in_flare_streak
4FGL J0217.4+7352,16,17,55012.00001157408,2.01e-07,5.73e-08,9.66e-08,1.1051979522184301e-07,1.0625224913494808e-07,2.8712001824176005e-09,1.0625224913494808e-07,2.8712001824176005e-09,2.6194e-07,2.6194e-07,1.0625224913494808e-07,True,True,False,0,False,,,1.6514664316883798,3.0,False,False,,,weekly,10.0,sigma,computed,/home/lkoo/projects/AutomationDetection/DownloadedLC/incremental/quiescent_background_cache.csv,,,,,,False,not_in_flare_streak
4FGL J0217.4+7352,17,18,55033.00001157408,1.57e-07,5.85e-08,2.01e-07,1.1051979522184301e-07,1.0625224913494808e-07,2.8712001824176005e-09,1.0625224913494808e-07,2.8712001824176005e-09,2.6194e-07,2.6194e-07,1.0625224913494808e-07,False,True,False,0,False,,,0.8664399733997198,3.0,False,False,,,weekly,10.0,sigma,computed,/home/lkoo/projects/AutomationDetection/DownloadedLC/incremental/quiescent_background_cache.csv,,,,,,False,not_in_flare_streak
4FGL J0217.4+7352,18,19,55040.00001157408,1.86e-07,5.61e-08,1.57e-07,1.1051979522184301e-07,1.0625224913494808e-07,2.8712001824176005e-09,1.0625224913494808e-07,2.8712001824176005e-09,2.6194e-07,2.6194e-07,1.0625224913494808e-07,True,True,False,0,False,,,1.419670412143203,3.0,False,False,,,weekly,10.0,sigma,computed,/home/lkoo/projects/AutomationDetection/DownloadedLC/incremental/quiescent_background_cache.csv,,,,,,False,not_in_flare_streak
4FGL J0217.4+7352,19,20,55047.00001157408,9.51e-08,4.24e-08,1.86e-07,1.1051979522184301e-07,1.0625224913494808e-07,2.8712001824176005e-09,1.0625224913494808e-07,2.8712001824176005e-09,2.6194e-07,2.6194e-07,1.0625224913494808e-07,False,False,False,0,False,,,-0.2624237480679857,3.0,False,False,,,weekly,10.0,sigma,computed,/home/lkoo/projects/AutomationDetection/DownloadedLC/incremental/quiescent_background_cache.csv,,,,,,False,not_in_flare_streak
4FGL J0217.4+7352,20,21,55061.00001157408,9.36e-08,4.6e-08,9.51e-08,1.1051979522184301e-07,1.0625224913494808e-07,2.8712001824176005e-09,1.0625224913494808e-07,2.8712001824176005e-09,2.6194e-07,2.6194e-07,1.0625224913494808e-07,False,False,False,0,False,,,-0.2745146689222834,3.0,False,False,,,weekly,10.0,sigma,computed,/home/lkoo/projects/AutomationDetection/DownloadedLC/incremental/quiescent_background_cache.csv,,,,,,False,not_in_flare_streak
4FGL J0217.4+7352,21,22,55103.00001157408,1.06e-07,4.59e-08,9.36e-08,1.1051979522184301e-07,1.0625224913494808e-07,2.8712001824176005e-09,1.0625224913494808e-07,2.8712001824176005e-09,2.6194e-07,2.6194e-07,1.0625224913494808e-07,True,False,False,0,False,,,-0.005484903323071749,3.0,False,False,,,weekly,10.0,sigma,computed,/home/lkoo/projects/AutomationDetection/DownloadedLC/incremental/quiescent_background_cache.csv,,,,,,False,not_in_flare_streak
4FGL J0217.4+7352,22,23,55117.00001157408,9.47e-08,7.15e-08,1.06e-07,1.1051979522184301e-07,1.0625224913494808e-07,2.8712001824176005e-09,1.0625224913494808e-07,2.8712001824176005e-09,2.6194e-07,2.6194e-07,1.0625224913494808e-07,False,False,False,0,False,,,-0.16143980502367075,3.0,False,False,,,weekly,10.0,sigma,computed,/home/lkoo/projects/AutomationDetection/DownloadedLC/incremental/quiescent_background_cache.csv,,,,,,False,not_in_flare_streak
4FGL J0217.4+7352,23,24,55145.00001157408,5.81e-08,3.52e-08,9.47e-08,1.1051979522184301e-07,1.0625224913494808e-07,2.8712001824176005e-09,1.0625224913494808e-07,2.8712001824176005e-09,2.6194e-07,2.6194e-07,1.0625224913494808e-07,False,False,False,0,False,,,-1.3634334296547483,3.0,False,False,,,weekly,10.0,sigma,computed,/home/lkoo/projects/AutomationDetection/DownloadedLC/incremental/quiescent_background_cache.csv,,,,,,False,not_in_flare_streak
4FGL J0217.4+7352,24,25,55159.00001157408,7.19e-08,4.29e-08,5.81e-08,1.1051979522184301e-07,1.0625224913494808e-07,2.8712001824176005e-09,1.0625224913494808e-07,2.8712001824176005e-09,2.6194e-07,2.6194e-07,1.0625224913494808e-07,True,False,False,0,False,,,-0.7989643179020859,3.0,False,False,,,weekly,10.0,sigma,computed,/home/lkoo/projects/AutomationDetection/DownloadedLC/incremental/quiescent_background_cache.csv,,,,,,False,not_in_flare_streak
4FGL J0217.4+7352,25,26,55180.00001157408,9.64e-08,3.89e-08,7.19e-08,1.1051979522184301e-07,1.0625224913494808e-07,2.8712001824176005e-09,1.0625224913494808e-07,2.8712001824176005e-09,2.6194e-07,2.6194e-07,1.0625224913494808e-07,True,False,False,0,False,,,-0.2525840962569813,3.0,False,False,,,weekly,10.0,sigma,computed,/home/lkoo/projects/AutomationDetection/DownloadedLC/incremental/quiescent_background_cache.csv,,,,,,False,not_in_flare_streak
4FGL J0217.4+7352,26,27,55187.00001157408,1.02e-07,4.83e-08,9.64e-08,1.1051979522184301e-07,1.0625224913494808e-07,2.8712001824176005e-09,1.0625224913494808e-07,2.8712001824176005e-09,2.6194e-07,2.6194e-07,1.0625224913494808e-07,True,False,False,0,False,,,-0.08788314389430701,3.0,False,False,,,weekly,10.0,sigma,computed,/home/lkoo/projects/AutomationDetection/DownloadedLC/incremental/quiescent_background_cache.csv,,,,,,False,not_in_flare_streak
4FGL J0217.4+7352,27,28,55194.00001157408,4.51e-08,3.02e-08,1.02e-07,1.1051979522184301e-07,1.0625224913494808e-07,2.8712001824176005e-09,1.0625224913494808e-07,2.8712001824176005e-09,2.6194e-07,2.6194e-07,1.0625224913494808e-07,False,False,False,0,False,,,-2.0158190654052066,3.0,False,False,,,weekly,10.0,sigma,computed,/home/lkoo/projects/AutomationDetection/DownloadedLC/incremental/quiescent_background_cache.csv,,,,,,False,not_in_flare_streak
4FGL J0217.4+7352,28,29,55201.00001157408,7.83e-08,4.19e-08,4.51e-08,1.1051979522184301e-07,1.0625224913494808e-07,2.8712001824176005e-09,1.0625224913494808e-07,2.8712001824176005e-09,2.6194e-07,2.6194e-07,1.0625224913494808e-07,True,False,False,0,False,,,-0.6655573243095371,3.0,False,False,,,weekly,10.0,sigma,computed,/home/lkoo/projects/AutomationDetection/DownloadedLC/incremental/quiescent_background_cache.csv,,,,,,False,not_in_flare_streak
4FGL J0217.4+7352,29,30,55229.00001157408,6.53e-08,4.11e-08,7.83e-08,1.1051979522184301e-07,1.0625224913494808e-07,2.8712001824176005e-09,1.0625224913494808e-07,2.8712001824176005e-09,2.6194e-07,2.6194e-07,1.0625224913494808e-07,False,False,False,0,False,,,-0.9939825917979549,3.0,False,False,,,weekly,10.0,sigma,computed,/home/lkoo/projects/AutomationDetection/DownloadedLC/incremental/quiescent_background_cache.csv,,,,,,False,not_in_flare_streak
4FGL J0217.4+7352,30,31,55271.00001157408,8.48e-08,4.22e-08,6.53e-08,1.1051979522184301e-07,1.0625224913494808e-07,2.8712001824176005e-09,1.0625224913494808e-07,2.8712001824176005e-09,2.6194e-07,2.6194e-07,1.0625224913494808e-07,True,False,False,0,False,,,-0.5071745955256308,3.0,False,False,,,weekly,10.0,sigma,computed,/home/lkoo/projects/AutomationDetection/DownloadedLC/incremental/quiescent_background_cache.csv,,,,,,False,not_in_flare_streak
4FGL J0217.4+7352,31,32,55278.00001157408,8.28e-08,4.07e-08,8.48e-08,1.1051979522184301e-07,1.0625224913494808e-07,2.8712001824176005e-09,1.0625224913494808e-07,2.8712001824176005e-09,2.6194e-07,2.6194e-07,1.0625224913494808e-07,False,False,False,0,False,,,-0.5747938352968425,3.0,False,False,,,weekly,10.0,sigma,computed,/home/lkoo/projects/AutomationDetection/DownloadedLC/incremental/quiescent_background_cache.csv,,,,,,False,not_in_flare_streak
4FGL J0217.4+7352,32,33,55292.00001157408,1.27e-07,5.87e-08,8.28e-08,1.1051979522184301e-07,1.0625224913494808e-07,2.8712001824176005e-09,1.0625224913494808e-07,2.8712001824176005e-09,2.6194e-07,2.6194e-07,1.0625224913494808e-07,True,True,False,0,False,,,0.3530319571289222,3.0,False,False,,,weekly,10.0,sigma,computed,/home/lkoo/projects/AutomationDetection/DownloadedLC/incremental/quiescent_background_cache.csv,,,,,,False,not_in_flare_streak
4FGL J0217.4+7352,33,34,55299.00001157408,4.71e-08,3.33e-08,1.27e-07,1.1051979522184301e-07,1.0625224913494808e-07,2.8712001824176005e-09,1.0625224913494808e-07,2.8712001824176005e-09,2.6194e-07,2.6194e-07,1.0625224913494808e-07,False,False,False,0,False,,,-1.769777495101257,3.0,False,False,,,weekly,10.0,sigma,computed,/home/lkoo/projects/AutomationDetection/DownloadedLC/incremental/quiescent_background_cache.csv,,,,,,False,not_in_flare_streak
4FGL J0217.4+7352,34,35,55341.00001157408,1.04e-07,4.26e-08,4.71e-08,1.1051979522184301e-07,1.0625224913494808e-07,2.8712001824176005e-09,1.0625224913494808e-07,2.8712001824176005e-09,2.6194e-07,2.6194e-07,1.0625224913494808e-07,True,False,False,0,False,,,-0.052750021739575034,3.0,False,False,,,weekly,10.0,sigma,computed,/home/lkoo/projects/AutomationDetection/DownloadedLC/incremental/quiescent_background_cache.csv,,,,,,False,not_in_flare_streak
4FGL J0217.4+7352,35,36,55376.00001157408,7.88e-08,4.18e-08,1.04e-07,1.1051979522184301e-07,1.0625224913494808e-07,2.8712001824176005e-09,1.0625224913494808e-07,2.8712001824176005e-09,2.6194e-07,2.6194e-07,1.0625224913494808e-07,False,False,False,0,False,,,-0.6552084952066953,3.0,False,False,,,weekly,10.0,sigma,computed,/home/lkoo/projects/AutomationDetection/DownloadedLC/incremental/quiescent_background_cache.csv,,,,,,False,not_in_flare_streak
4FGL J0217.4+7352,36,37,55383.00001157408,1.16e-07,4.25e-08,7.88e-08,1.1051979522184301e-07,1.0625224913494808e-07,2.8712001824176005e-09,1.0625224913494808e-07,2.8712001824176005e-09,2.6194e-07,2.6194e-07,1.0625224913494808e-07,True,True,False,0,False,,,0.22883722767293316,3.0,False,False,,,weekly,10.0,sigma,computed,/home/lkoo/projects/AutomationDetection/DownloadedLC/incremental/quiescent_background_cache.csv,,,,,,False,not_in_flare_streak
4FGL J0217.4+7352,37,38,55390.00001157408,1.81e-07,4.29e-08,1.16e-07,1.1051979522184301e-07,1.0625224913494808e-07,2.8712001824176005e-09,1.0625224913494808e-07,2.8712001824176005e-09,2.6194e-07,2.6194e-07,1.0625224913494808e-07,True,True,False,0,False,,,1.7384825532094383,3.0,False,False,,,weekly,10.0,sigma,computed,/home/lkoo/projects/AutomationDetection/DownloadedLC/incremental/quiescent_background_cache.csv,,,,,,False,not_in_flare_streak
4FGL J0217.4+7352,38,39,55397.00001157408,7.9e-08,4.49e-08,1.81e-07,1.1051979522184301e-07,1.0625224913494808e-07,2.8712001824176005e-09,1.0625224913494808e-07,2.8712001824176005e-09,2.6194e-07,2.6194e-07,1.0625224913494808e-07,False,False,False,0,False,,,-0.6057171495534468,3.0,False,False,,,weekly,10.0,sigma,computed,/home/lkoo/projects/AutomationDetection/DownloadedLC/incremental/quiescent_background_cache.csv,,,,,,False,not_in_flare_streak
4FGL J0217.4+7352,39,40,55411.00001157408,9.27e-08,4.76e-08,7.9e-08,1.1051979522184301e-07,1.0625224913494808e-07,2.8712001824176005e-09,1.0625224913494808e-07,2.8712001824176005e-09,2.6194e-07,2.6194e-07,1.0625224913494808e-07,True,False,False,0,False,,,-0.2841945758373816,3.0,False,False,,,weekly,10.0,sigma,computed,/home/lkoo/projects/AutomationDetection/DownloadedLC/incremental/quiescent_background_cache.csv,,,,,,False,not_in_flare_streak
4FGL J0217.4+7352,40,41,55418.00001157408,1.02e-07,5.66e-08,9.27e-08,1.1051979522184301e-07,1.0625224913494808e-07,2.8712001824176005e-09,1.0625224913494808e-07,2.8712001824176005e-09,2.6194e-07,2.6194e-07,1.0625224913494808e-07,True,False,False,0,False,,,-0.07503159839623712,3.0,False,False,,,weekly,10.0,sigma,computed,/home/lkoo/projects/AutomationDetection/DownloadedLC/incremental/quiescent_background_cache.csv,,,,,,False,not_in_flare_streak
4FGL J0217.4+7352,41,42,55425.00001157408,1.57e-07,4.7e-08,1.02e-07,1.1051979522184301e-07,1.0625224913494808e-07,2.8712001824176005e-09,1.0625224913494808e-07,2.8712001824176005e-09,2.6194e-07,2.6194e-07,1.0625224913494808e-07,True,True,False,0,False,,,1.0777302563524511,3.0,False,False,,,weekly,10.0,sigma,computed,/home/lkoo/projects/AutomationDetection/DownloadedLC/incremental/quiescent_background_cache.csv,,,,,,False,not_in_flare_streak
4FGL J0217.4+7352,42,43,55432.00001157408,4.85e-08,2.99e-08,1.57e-07,1.1051979522184301e-07,1.0625224913494808e-07,2.8712001824176005e-09,1.0625224913494808e-07,2.8712001824176005e-09,2.6194e-07,2.6194e-07,1.0625224913494808e-07,False,False,False,0,False,,,-1.9226690912598718,3.0,False,False,,,weekly,10.0,sigma,computed,/home/lkoo/projects/AutomationDetection/DownloadedLC/incremental/quiescent_background_cache.csv,,,,,,False,not_in_flare_streak
4FGL J0217.4+7352,43,44,55439.00001157408,1.03e-07,3.11e-08,4.85e-08,1.1051979522184301e-07,1.0625224913494808e-07,2.8712001824176005e-09,1.0625224913494808e-07,2.8712001824176005e-09,2.6194e-07,2.6194e-07,1.0625224913494808e-07,True,False,False,0,False,,,-0.10413110008962043,3.0,False,False,,,weekly,10.0,sigma,computed,/home/lkoo/projects/AutomationDetection/DownloadedLC/incremental/quiescent_background_cache.csv,,,,,,False,not_in_flare_streak
4FGL J0217.4+7352,44,45,55446.00001157408,1.09e-07,4.26e-08,1.03e-07,1.1051979522184301e-07,1.0625224913494808e-07,2.8712001824176005e-09,1.0625224913494808e-07,2.8712001824176005e-09,2.6194e-07,2.6194e-07,1.0625224913494808e-07,True,True,False,0,False,,,0.06435518860561865,3.0,False,False,,,weekly,10.0,sigma,computed,/home/lkoo/projects/AutomationDetection/DownloadedLC/incremental/quiescent_background_cache.csv,,,,,,False,not_in_flare_streak
4FGL J0217.4+7352,45,46,55488.00001157408,1.67e-07,6.42e-08,1.09e-07,1.1051979522184301e-07,1.0625224913494808e-07,2.8712001824176005e-09,1.0625224913494808e-07,2.8712001824176005e-09,2.6194e-07,2.6194e-07,1.0625224913494808e-07,True,True,False,0,False,,,0.9452817808956018,3.0,False,False,,,weekly,10.0,sigma,computed,/home/lkoo/projects/AutomationDetection/DownloadedLC/incremental/quiescent_background_cache.csv,,,,,,False,not_in_flare_streak
4FGL J0217.4+7352,46,47,55502.00001157408,1.1e-07,4.37e-08,1.67e-07,1.1051979522184301e-07,1.0625224913494808e-07,2.8712001824176005e-09,1.0625224913494808e-07,2.8712001824176005e-09,2.6194e-07,2.6194e-07,1.0625224913494808e-07,False,True,False,0,False,,,0.08557637930136054,3.0,False,False,,,weekly,10.0,sigma,computed,/home/lkoo/projects/AutomationDetection/DownloadedLC/incremental/quiescent_background_cache.csv,,,,,,False,not_in_flare_streak
4FGL J0217.4+7352,47,48,55509.00001157408,1.13e-07,4.55e-08,1.1e-07,1.1051979522184301e-07,1.0625224913494808e-07,2.8712001824176005e-09,1.0625224913494808e-07,2.8712001824176005e-09,2.6194e-07,2.6194e-07,1.0625224913494808e-07,True,True,False,0,False,,,0.14800782404981935,3.0,False,False,,,weekly,10.0,sigma,computed,/home/lkoo/projects/AutomationDetection/DownloadedLC/incremental/quiescent_background_cache.csv,,,,,,False,not_in_flare_streak
4FGL J0217.4+7352,48,49,55516.00001157408,1.12e-07,5.67e-08,1.13e-07,1.1051979522184301e-07,1.0625224913494808e-07,2.8712001824176005e-09,1.0625224913494808e-07,2.8712001824176005e-09,2.6194e-07,2.6194e-07,1.0625224913494808e-07,False,True,False,0,False,,,0.10124154611162263,3.0,False,False,,,weekly,10.0,sigma,computed,/home/lkoo/projects/AutomationDetection/DownloadedLC/incremental/quiescent_background_cache.csv,,,,,,False,not_in_flare_streak
4FGL J0217.4+7352,49,50,55523.00001157408,9.83e-08,4.25e-08,1.12e-07,1.1051979522184301e-07,1.0625224913494808e-07,2.8712001824176005e-09,1.0625224913494808e-07,2.8712001824176005e-09,2.6194e-07,2.6194e-07,1.0625224913494808e-07,False,False,False,0,False,,,-0.18668620802879998,3.0,False,False,,,weekly,10.0,sigma,computed,/home/lkoo/projects/AutomationDetection/DownloadedLC/incremental/quiescent_background_cache.csv,,,,,,False,not_in_flare_streak
4FGL J0217.4+7352,50,51,55530.00001157408,4.37e-08,3.77e-08,9.83e-08,1.1051979522184301e-07,1.0625224913494808e-07,2.8712001824176005e-09,1.0625224913494808e-07,2.8712001824176005e-09,2.6194e-07,2.6194e-07,1.0625224913494808e-07,False,False,False,0,False,,,-1.6544197926948698,3.0,False,False,,,weekly,10.0,sigma,computed,/home/lkoo/projects/AutomationDetection/DownloadedLC/incremental/quiescent_background_cache.csv,,,,,,False,not_in_flare_streak
4FGL J0217.4+7352,51,52,55544.00001157408,1.12e-07,4.63e-08,4.37e-08,1.1051979522184301e-07,1.0625224913494808e-07,2.8712001824176005e-09,1.0625224913494808e-07,2.8712001824176005e-09,2.6194e-07,2.6194e-07,1.0625224913494808e-07,True,True,False,0,False,,,0.12390347390467533,3.0,False,False,,,weekly,10.0,sigma,computed,/home/lkoo/projects/AutomationDetection/DownloadedLC/incremental/quiescent_background_cache.csv,,,,,,False,not_in_flare_streak
4FGL J0217.4+7352,52,53,55621.00001157408,7.25e-08,4.73e-08,1.12e-07,1.1051979522184301e-07,1.0625224913494808e-07,2.8712001824176005e-09,1.0625224913494808e-07,2.8712001824176005e-09,2.6194e-07,2.6194e-07,1.0625224913494808e-07,False,False,False,0,False,,,-0.7122671593669875,3.0,False,False,,,weekly,10.0,sigma,computed,/home/lkoo/projects/AutomationDetection/DownloadedLC/incremental/quiescent_background_cache.csv,,,,,,False,not_in_flare_streak
4FGL J0217.4+7352,53,54,55628.00001157408,1.3e-07,4.71e-08,7.25e-08,1.1051979522184301e-07,1.0625224913494808e-07,2.8712001824176005e-09,1.0625224913494808e-07,2.8712001824176005e-09,2.6194e-07,2.6194e-07,1.0625224913494808e-07,True,True,False,0,False,,,0.5032643138787593,3.0,False,False,,,weekly,10.0,sigma,computed,/home/lkoo/projects/AutomationDetection/DownloadedLC/incremental/quiescent_background_cache.csv,,,,,,False,not_in_flare_streak
4FGL J0217.4+7352,54,55,55642.00001157408,1.31e-07,5.85e-08,1.3e-07,1.1051979522184301e-07,1.0625224913494808e-07,2.8712001824176005e-09,1.0625224913494808e-07,2.8712001824176005e-09,2.6194e-07,2.6194e-07,1.0625224913494808e-07,True,True,False,0,False,,,0.4225298705008242,3.0,False,False,,,weekly,10.0,sigma,computed,/home/lkoo/projects/AutomationDetection/DownloadedLC/incremental/quiescent_background_cache.csv,,,,,,False,not_in_flare_streak
4FGL J0217.4+7352,55,56,55649.00001157408,1.21e-07,4.34e-08,1.31e-07,1.1051979522184301e-07,1.0625224913494808e-07,2.8712001824176005e-09,1.0625224913494808e-07,2.8712001824176005e-09,2.6194e-07,2.6194e-07,1.0625224913494808e-07,False,True,False,0,False,,,0.3390687355991547,3.0,False,False,,,weekly,10.0,sigma,computed,/home/lkoo/projects/AutomationDetection/DownloadedLC/incremental/quiescent_background_cache.csv,,,,,,False,not_in_flare_streak
4FGL J0217.4+7352,56,57,55656.00001157408,1.51e-07,4.72e-08,1.21e-07,1.1051979522184301e-07,1.0625224913494808e-07,2.8712001824176005e-09,1.0625224913494808e-07,2.8712001824176005e-09,2.6194e-07,2.6194e-07,1.0625224913494808e-07,True,True,False,0,False,,,0.9462963713706447,3.0,False,False,,,weekly,10.0,sigma,computed,/home/lkoo/projects/AutomationDetection/DownloadedLC/incremental/quiescent_background_cache.csv,,,,,,False,not_in_flare_streak
4FGL J0217.4+7352,57,58,55684.00001157408,1.06e-07,4.47e-08,1.51e-07,1.1051979522184301e-07,1.0625224913494808e-07,2.8712001824176005e-09,1.0625224913494808e-07,2.8712001824176005e-09,2.6194e-07,2.6194e-07,1.0625224913494808e-07,False,False,False,0,False,,,-0.005631551911468516,3.0,False,False,,,weekly,10.0,sigma,computed,/home/lkoo/projects/AutomationDetection/DownloadedLC/incremental/quiescent_background_cache.csv,,,,,,False,not_in_flare_streak
4FGL J0217.4+7352,58,59,55698.00001157408,9.06e-08,4.67e-08,1.06e-07,1.1051979522184301e-07,1.0625224913494808e-07,2.8712001824176005e-09,1.0625224913494808e-07,2.8712001824176005e-09,2.6194e-07,2.6194e-07,1.0625224913494808e-07,False,False,False,0,False,,,-0.3345342589736783,3.0,False,False,,,weekly,10.0,sigma,computed,/home/lkoo/projects/AutomationDetection/DownloadedLC/incremental/quiescent_background_cache.csv,,,,,,False,not_in_flare_streak
4FGL J0217.4+7352,59,60,55712.00001157408,4.66e-08,3.01e-08,9.06e-08,1.1051979522184301e-07,1.0625224913494808e-07,2.8712001824176005e-09,1.0625224913494808e-07,2.8712001824176005e-09,2.6194e-07,2.6194e-07,1.0625224913494808e-07,False,False,False,0,False,,,-1.9728471473708131,3.0,False,False,,,weekly,10.0,sigma,computed,/home/lkoo/projects/AutomationDetection/DownloadedLC/incremental/quiescent_background_cache.csv,,,,,,False,not_in_flare_streak
4FGL J0217.4+7352,60,61,55719.00001157408,1.13e-07,7.18e-08,4.66e-08,1.1051979522184301e-07,1.0625224913494808e-07,2.8712001824176005e-09,1.0625224913494808e-07,2.8712001824176005e-09,2.6194e-07,2.6194e-07,1.0625224913494808e-07,True,True,False,0,False,,,0.09390476507836792,3.0,False,False,,,weekly,10.0,sigma,computed,/home/lkoo/projects/AutomationDetection/DownloadedLC/incremental/quiescent_background_cache.csv,,,,,,False,not_in_flare_streak
4FGL J0217.4+7352,61,62,55747.00001157408,7.93e-08,3.96e-08,1.13e-07,1.1051979522184301e-07,1.0625224913494808e-07,2.8712001824176005e-09,1.0625224913494808e-07,2.8712001824176005e-09,2.6194e-07,2.6194e-07,1.0625224913494808e-07,False,False,False,0,False,,,-0.6788303908396202,3.0,False,False,,,weekly,10.0,sigma,computed,/home/lkoo/projects/AutomationDetection/DownloadedLC/incremental/quiescent_background_cache.csv,,,,,,False,not_in_flare_streak
4FGL J0217.4+7352,62,63,55782.00001157408,8.99e-08,4.54e-08,7.93e-08,1.1051979522184301e-07,1.0625224913494808e-07,2.8712001824176005e-09,1.0625224913494808e-07,2.8712001824176005e-09,2.6194e-07,2.6194e-07,1.0625224913494808e-07,True,False,False,0,False,,,-0.3594635633031381,3.0,False,False,,,weekly,10.0,sigma,computed,/home/lkoo/projects/AutomationDetection/DownloadedLC/incremental/quiescent_background_cache.csv,,,,,,False,not_in_flare_streak
4FGL J0217.4+7352,63,64,55796.00001157408,1.16e-07,4.29e-08,8.99e-08,1.1051979522184301e-07,1.0625224913494808e-07,2.8712001824176005e-09,1.0625224913494808e-07,2.8712001824176005e-09,2.6194e-07,2.6194e-07,1.0625224913494808e-07,True,True,False,0,False,,,0.2267131066260373,3.0,False,False,,,weekly,10.0,sigma,computed,/home/lkoo/projects/AutomationDetection/DownloadedLC/incremental/quiescent_background_cache.csv,,,,,,False,not_in_flare_streak
4FGL J0217.4+7352,64,65,55817.00001157408,1.21e-07,4.59e-08,1.16e-07,1.1051979522184301e-07,1.0625224913494808e-07,2.8712001824176005e-09,1.0625224913494808e-07,2.8712001824176005e-09,2.6194e-07,2.6194e-07,1.0625224913494808e-07,True,True,False,0,False,,,0.3206749856415016,3.0,False,False,,,weekly,10.0,sigma,computed,/home/lkoo/projects/AutomationDetection/DownloadedLC/incremental/quiescent_background_cache.csv,,,,,,False,not_in_flare_streak
4FGL J0217.4+7352,65,66,55824.00001157408,1.38e-07,5.86e-08,1.21e-07,1.1051979522184301e-07,1.0625224913494808e-07,2.8712001824176005e-09,1.0625224913494808e-07,2.8712001824176005e-09,2.6194e-07,2.6194e-07,1.0625224913494808e-07,True,True,False,0,False,,,0.5411213561549977,3.0,False,False,,,weekly,10.0,sigma,computed,/home/lkoo/projects/AutomationDetection/DownloadedLC/incremental/quiescent_background_cache.csv,,,,,,False,not_in_flare_streak
4FGL J0217.4+7352,66,67,55831.00001157408,1.07e-07,4.72e-08,1.38e-07,1.1051979522184301e-07,1.0625224913494808e-07,2.8712001824176005e-09,1.0625224913494808e-07,2.8712001824176005e-09,2.6194e-07,2.6194e-07,1.0625224913494808e-07,False,True,False,0,False,,,0.01581294962559852,3.0,False,False,,,weekly,10.0,sigma,computed,/home/lkoo/projects/AutomationDetection/DownloadedLC/incremental/quiescent_background_cache.csv,,,,,,False,not_in_flare_streak
4FGL J0217.4+7352,67,68,55852.00001157408,9.35e-08,7.79e-08,1.07e-07,1.1051979522184301e-07,1.0625224913494808e-07,2.8712001824176005e-09,1.0625224913494808e-07,2.8712001824176005e-09,2.6194e-07,2.6194e-07,1.0625224913494808e-07,False,False,False,0,False,,,-0.16358916735198265,3.0,False,False,,,weekly,10.0,sigma,computed,/home/lkoo/projects/AutomationDetection/DownloadedLC/incremental/quiescent_background_cache.csv,,,,,,False,not_in_flare_streak
4FGL J0217.4+7352,68,69,55873.00001157408,5.27e-08,3.7e-08,9.35e-08,1.1051979522184301e-07,1.0625224913494808e-07,2.8712001824176005e-09,1.0625224913494808e-07,2.8712001824176005e-09,2.6194e-07,2.6194e-07,1.0625224913494808e-07,False,False,False,0,False,,,-1.4430198457399646,3.0,False,False,,,weekly,10.0,sigma,computed,/home/lkoo/projects/AutomationDetection/DownloadedLC/incremental/quiescent_background_cache.csv,,,,,,False,not_in_flare_streak
4FGL J0217.4+7352,69,70,55908.00001157408,7.46e-08,4.21e-08,5.27e-08,1.1051979522184301e-07,1.0625224913494808e-07,2.8712001824176005e-09,1.0625224913494808e-07,2.8712001824176005e-09,2.6194e-07,2.6194e-07,1.0625224913494808e-07,True,False,False,0,False,,,-0.7500925139266663,3.0,False,False,,,weekly,10.0,sigma,computed,/home/lkoo/projects/AutomationDetection/DownloadedLC/incremental/quiescent_background_cache.csv,,,,,,False,not_in_flare_streak
4FGL J0217.4+7352,70,71,55915.00001157408,1.38e-07,5.06e-08,7.46e-08,1.1051979522184301e-07,1.0625224913494808e-07,2.8712001824176005e-09,1.0625224913494808e-07,2.8712001824176005e-09,2.6194e-07,2.6194e-07,1.0625224913494808e-07,True,True,False,0,False,,,0.6264182530603426,3.0,False,False,,,weekly,10.0,sigma,computed,/home/lkoo/projects/AutomationDetection/DownloadedLC/incremental/quiescent_background_cache.csv,,,,,,False,not_in_flare_streak
4FGL J0217.4+7352,71,72,55922.00001157408,1.26e-07,4.64e-08,1.38e-07,1.1051979522184301e-07,1.0625224913494808e-07,2.8712001824176005e-09,1.0625224913494808e-07,2.8712001824176005e-09,2.6194e-07,2.6194e-07,1.0625224913494808e-07,False,True,False,0,False,,,0.4247855934672807,3.0,False,False,,,weekly,10.0,sigma,computed,/home/lkoo/projects/AutomationDetection/DownloadedLC/incremental/quiescent_background_cache.csv,,,,,,False,not_in_flare_streak
4FGL J0217.4+7352,72,73,55971.00001157408,7.82e-08,4.66e-08,1.26e-07,1.1051979522184301e-07,1.0625224913494808e-07,2.8712001824176005e-09,1.0625224913494808e-07,2.8712001824176005e-09,2.6194e-07,2.6194e-07,1.0625224913494808e-07,False,False,False,0,False,,,-0.600840204878132,3.0,False,False,,,weekly,10.0,sigma,computed,/home/lkoo/projects/AutomationDetection/DownloadedLC/incremental/quiescent_background_cache.csv,,,,,,False,not_in_flare_streak
4FGL J0217.4+7352,73,74,55992.00001157408,1.03e-07,4.93e-08,7.82e-08,1.1051979522184301e-07,1.0625224913494808e-07,2.8712001824176005e-09,1.0625224913494808e-07,2.8712001824176005e-09,2.6194e-07,2.6194e-07,1.0625224913494808e-07,True,False,False,0,False,,,-0.06585694929807769,3.0,False,False,,,weekly,10.0,sigma,computed,/home/lkoo/projects/AutomationDetection/DownloadedLC/incremental/quiescent_background_cache.csv,,,,,,False,not_in_flare_streak
4FGL J0217.4+7352,74,75,56055.00001157408,1.13e-07,4.17e-08,1.03e-07,1.1051979522184301e-07,1.0625224913494808e-07,2.8712001824176005e-09,1.0625224913494808e-07,2.8712001824176005e-09,2.6194e-07,2.6194e-07,1.0625224913494808e-07,True,True,False,0,False,,,0.16143435316352026,3.0,False,False,,,weekly,10.0,sigma,computed,/home/lkoo/projects/AutomationDetection/DownloadedLC/incremental/quiescent_background_cache.csv,,,,,,False,not_in_flare_streak
4FGL J0217.4+7352,75,76,56076.00001157408,7.76e-08,3.61e-08,1.13e-07,1.1051979522184301e-07,1.0625224913494808e-07,2.8712001824176005e-09,1.0625224913494808e-07,2.8712001824176005e-09,2.6194e-07,2.6194e-07,1.0625224913494808e-07,False,False,False,0,False,,,-0.7911926104590945,3.0,False,False,,,weekly,10.0,sigma,computed,/home/lkoo/projects/AutomationDetection/DownloadedLC/incremental/quiescent_background_cache.csv,,,,,,False,not_in_flare_streak
4FGL J0217.4+7352,76,77,56104.00001157408,1.3e-07,4.6e-08,7.76e-08,1.1051979522184301e-07,1.0625224913494808e-07,2.8712001824176005e-09,1.0625224913494808e-07,2.8712001824176005e-09,2.6194e-07,2.6194e-07,1.0625224913494808e-07,True,True,False,0,False,,,0.5152527346589711,3.0,False,False,,,weekly,10.0,sigma,computed,/home/lkoo/projects/AutomationDetection/DownloadedLC/incremental/quiescent_background_cache.csv,,,,,,False,not_in_flare_streak
4FGL J0217.4+7352,77,78,56118.00001157408,1.02e-07,4.23e-08,1.3e-07,1.1051979522184301e-07,1.0625224913494808e-07,2.8712001824176005e-09,1.0625224913494808e-07,2.8712001824176005e-09,2.6194e-07,2.6194e-07,1.0625224913494808e-07,False,False,False,0,False,,,-0.1002952048901788,3.0,False,False,,,weekly,10.0,sigma,computed,/home/lkoo/projects/AutomationDetection/DownloadedLC/incremental/quiescent_background_cache.csv,,,,,,False,not_in_flare_streak
4FGL J0217.4+7352,78,79,56174.00001157408,7.97e-08,3.84e-08,1.02e-07,1.1051979522184301e-07,1.0625224913494808e-07,2.8712001824176005e-09,1.0625224913494808e-07,2.8712001824176005e-09,2.6194e-07,2.6194e-07,1.0625224913494808e-07,False,False,False,0,False,,,-0.6895400095643385,3.0,False,False,,,weekly,10.0,sigma,computed,/home/lkoo/projects/AutomationDetection/DownloadedLC/incremental/quiescent_background_cache.csv,,,,,,False,not_in_flare_streak
4FGL J0217.4+7352,79,80,56181.00001157408,7.34e-08,4.25e-08,7.97e-08,1.1051979522184301e-07,1.0625224913494808e-07,2.8712001824176005e-09,1.0625224913494808e-07,2.8712001824176005e-09,2.6194e-07,2.6194e-07,1.0625224913494808e-07,False,False,False,0,False,,,-0.7712361260498821,3.0,False,False,,,weekly,10.0,sigma,computed,/home/lkoo/projects/AutomationDetection/DownloadedLC/incremental/quiescent_background_cache.csv,,,,,,False,not_in_flare_streak
4FGL J0217.4+7352,80,81,56188.00001157408,1.17e-07,5.06e-08,7.34e-08,1.1051979522184301e-07,1.0625224913494808e-07,2.8712001824176005e-09,1.0625224913494808e-07,2.8712001824176005e-09,2.6194e-07,2.6194e-07,1.0625224913494808e-07,True,True,False,0,False,,,0.21206501682060502,3.0,False,False,,,weekly,10.0,sigma,computed,/home/lkoo/projects/AutomationDetection/DownloadedLC/incremental/quiescent_background_cache.csv,,,,,,False,not_in_flare_streak
4FGL J0217.4+7352,81,82,56202.00001157408,1.53e-07,5.88e-08,1.17e-07,1.1051979522184301e-07,1.0625224913494808e-07,2.8712001824176005e-09,1.0625224913494808e-07,2.8712001824176005e-09,2.6194e-07,2.6194e-07,1.0625224913494808e-07,True,True,False,0,False,,,0.794083648598412,3.0,False,False,,,weekly,10.0,sigma,computed,/home/lkoo/projects/AutomationDetection/DownloadedLC/incremental/quiescent_background_cache.csv,,,,,,False,not_in_flare_streak
4FGL J0217.4+7352,82,83,56258.00001157408,5.04e-08,3.58e-08,1.53e-07,1.1051979522184301e-07,1.0625224913494808e-07,2.8712001824176005e-09,1.0625224913494808e-07,2.8712001824176005e-09,2.6194e-07,2.6194e-07,1.0625224913494808e-07,False,False,False,0,False,,,-1.555125253862397,3.0,False,False,,,weekly,10.0,sigma,computed,/home/lkoo/projects/AutomationDetection/DownloadedLC/incremental/quiescent_background_cache.csv,,,,,,False,not_in_flare_streak
4FGL J0217.4+7352,83,84,56265.00001157408,9.59e-08,4.42e-08,5.04e-08,1.1051979522184301e-07,1.0625224913494808e-07,2.8712001824176005e-09,1.0625224913494808e-07,2.8712001824176005e-09,2.6194e-07,2.6194e-07,1.0625224913494808e-07,True,False,False,0,False,,,-0.23372118286052168,3.0,False,False,,,weekly,10.0,sigma,computed,/home/lkoo/projects/AutomationDetection/DownloadedLC/incremental/quiescent_background_cache.csv,,,,,,False,not_in_flare_streak
4FGL J0217.4+7352,84,85,56272.00001157408,1.28e-07,4.46e-08,9.59e-08,1.1051979522184301e-07,1.0625224913494808e-07,2.8712001824176005e-09,1.0625224913494808e-07,2.8712001824176005e-09,2.6194e-07,2.6194e-07,1.0625224913494808e-07,True,True,False,0,False,,,0.4866104311409325,3.0,False,False,,,weekly,10.0,sigma,computed,/home/lkoo/projects/AutomationDetection/DownloadedLC/incremental/quiescent_background_cache.csv,,,,,,False,not_in_flare_streak
4FGL J0217.4+7352,85,86,56279.00001157408,8.51e-08,5.4e-08,1.28e-07,1.1051979522184301e-07,1.0625224913494808e-07,2.8712001824176005e-09,1.0625224913494808e-07,2.8712001824176005e-09,2.6194e-07,2.6194e-07,1.0625224913494808e-07,False,False,False,0,False,,,-0.3911557914999047,3.0,False,False,,,weekly,10.0,sigma,computed,/home/lkoo/projects/AutomationDetection/DownloadedLC/incremental/quiescent_background_cache.csv,,,,,,False,not_in_flare_streak
4FGL J0217.4+7352,86,87,56293.00001157408,5.27e-08,3.94e-08,8.51e-08,1.1051979522184301e-07,1.0625224913494808e-07,2.8712001824176005e-09,1.0625224913494808e-07,2.8712001824176005e-09,2.6194e-07,2.6194e-07,1.0625224913494808e-07,False,False,False,0,False,,,-1.3555994586290616,3.0,False,False,,,weekly,10.0,sigma,computed,/home/lkoo/projects/AutomationDetection/DownloadedLC/incremental/quiescent_background_cache.csv,,,,,,False,not_in_flare_streak
4FGL J0217.4+7352,87,88,56314.00001157408,1.19e-07,4.39e-08,5.27e-08,1.1051979522184301e-07,1.0625224913494808e-07,2.8712001824176005e-09,1.0625224913494808e-07,2.8712001824176005e-09,2.6194e-07,2.6194e-07,1.0625224913494808e-07,True,True,False,0,False,,,0.28976248923489034,3.0,False,False,,,weekly,10.0,sigma,computed,/home/lkoo/projects/AutomationDetection/DownloadedLC/incremental/quiescent_background_cache.csv,,,,,,False,not_in_flare_streak
4FGL J0217.4+7352,88,89,56321.00001157408,1.19e-07,4.37e-08,1.19e-07,1.1051979522184301e-07,1.0625224913494808e-07,2.8712001824176005e-09,1.0625224913494808e-07,2.8712001824176005e-09,2.6194e-07,2.6194e-07,1.0625224913494808e-07,False,True,False,0,False,,,0.2910829461583793,3.0,False,False,,,weekly,10.0,sigma,computed,/home/lkoo/projects/AutomationDetection/DownloadedLC/incremental/quiescent_background_cache.csv,,,,,,False,not_in_flare_streak
4FGL J0217.4+7352,89,90,56328.00001157408,1.16e-07,4.73e-08,1.19e-07,1.1051979522184301e-07,1.0625224913494808e-07,2.8712001824176005e-09,1.0625224913494808e-07,2.8712001824176005e-09,2.6194e-07,2.6194e-07,1.0625224913494808e-07,False,True,False,0,False,,,0.20570489365340217,3.0,False,False,,,weekly,10.0,sigma,computed,/home/lkoo/projects/AutomationDetection/DownloadedLC/incremental/quiescent_background_cache.csv,,,,,,False,not_in_flare_streak
4FGL J0217.4+7352,90,91,56335.00001157408,8.18e-08,4.05e-08,1.16e-07,1.1051979522184301e-07,1.0625224913494808e-07,2.8712001824176005e-09,1.0625224913494808e-07,2.8712001824176005e-09,2.6194e-07,2.6194e-07,1.0625224913494808e-07,False,False,False,0,False,,,-0.6022477057131177,3.0,False,False,,,weekly,10.0,sigma,computed,/home/lkoo/projects/AutomationDetection/DownloadedLC/incremental/quiescent_background_cache.csv,,,,,,False,not_in_flare_streak
4FGL J0217.4+7352,91,92,56384.00001157408,1.07e-07,5.3e-08,8.18e-08,1.1051979522184301e-07,1.0625224913494808e-07,2.8712001824176005e-09,1.0625224913494808e-07,2.8712001824176005e-09,2.6194e-07,2.6194e-07,1.0625224913494808e-07,True,True,False,0,False,,,0.01408784967938705,3.0,False,False,,,weekly,10.0,sigma,computed,/home/lkoo/projects/AutomationDetection/DownloadedLC/incremental/quiescent_background_cache.csv,,,,,,False,not_in_flare_streak
4FGL J0217.4+7352,92,93,56398.00001157408,9.58e-08,4.75e-08,1.07e-07,1.1051979522184301e-07,1.0625224913494808e-07,2.8712001824176005e-09,1.0625224913494808e-07,2.8712001824176005e-09,2.6194e-07,2.6194e-07,1.0625224913494808e-07,False,False,False,0,False,,,-0.21964644863905883,3.0,False,False,,,weekly,10.0,sigma,computed,/home/lkoo/projects/AutomationDetection/DownloadedLC/incremental/quiescent_background_cache.csv,,,,,,False,not_in_flare_streak
4FGL J0217.4+7352,93,94,56440.00001157408,4.85e-08,4.71e-08,9.58e-08,1.1051979522184301e-07,1.0625224913494808e-07,2.8712001824176005e-09,1.0625224913494808e-07,2.8712001824176005e-09,2.6194e-07,2.6194e-07,1.0625224913494808e-07,False,False,False,0,False,,,-1.2238904728711566,3.0,False,False,,,weekly,10.0,sigma,computed,/home/lkoo/projects/AutomationDetection/DownloadedLC/incremental/quiescent_background_cache.csv,,,,,,False,not_in_flare_streak
4FGL J0217.4+7352,94,95,56447.00001157408,7.7e-08,4.23e-08,4.85e-08,1.1051979522184301e-07,1.0625224913494808e-07,2.8712001824176005e-09,1.0625224913494808e-07,2.8712001824176005e-09,2.6194e-07,2.6194e-07,1.0625224913494808e-07,True,False,False,0,False,,,-0.689954945578229,3.0,False,False,,,weekly,10.0,sigma,computed,/home/lkoo/projects/AutomationDetection/DownloadedLC/incremental/quiescent_background_cache.csv,,,,,,False,not_in_flare_streak
4FGL J0217.4+7352,95,96,56468.00001157408,2.57e-08,2.26e-08,7.7e-08,1.1051979522184301e-07,1.0625224913494808e-07,2.8712001824176005e-09,1.0625224913494808e-07,2.8712001824176005e-09,2.6194e-07,2.6194e-07,1.0625224913494808e-07,False,False,False,0,False,,,-3.535838385112231,3.0,False,False,,,weekly,10.0,sigma,computed,/home/lkoo/projects/AutomationDetection/DownloadedLC/incremental/quiescent_background_cache.csv,,,,,,False,not_in_flare_streak
4FGL J0217.4+7352,96,97,56482.00001157408,9.61e-08,4.38e-08,2.57e-08,1.1051979522184301e-07,1.0625224913494808e-07,2.8712001824176005e-09,1.0625224913494808e-07,2.8712001824176005e-09,2.6194e-07,2.6194e-07,1.0625224913494808e-07,True,False,False,0,False,,,-0.23129010056206215,3.0,False,False,,,weekly,10.0,sigma,computed,/home/lkoo/projects/AutomationDetection/DownloadedLC/incremental/quiescent_background_cache.csv,,,,,,False,not_in_flare_streak
4FGL J0217.4+7352,97,98,56489.00001157408,1.04e-07,4.25e-08,9.61e-08,1.1051979522184301e-07,1.0625224913494808e-07,2.8712001824176005e-09,1.0625224913494808e-07,2.8712001824176005e-09,2.6194e-07,2.6194e-07,1.0625224913494808e-07,True,False,False,0,False,,,-0.052873576192648576,3.0,False,False,,,weekly,10.0,sigma,computed,/home/lkoo/projects/AutomationDetection/DownloadedLC/incremental/quiescent_background_cache.csv,,,,,,False,not_in_flare_streak
4FGL J0217.4+7352,98,99,56496.00001157408,1.04e-07,4.66e-08,1.04e-07,1.1051979522184301e-07,1.0625224913494808e-07,2.8712001824176005e-09,1.0625224913494808e-07,2.8712001824176005e-09,2.6194e-07,2.6194e-07,1.0625224913494808e-07,False,False,False,0,False,,,-0.048240047533047864,3.0,False,False,,,weekly,10.0,sigma,computed,/home/lkoo/projects/AutomationDetection/DownloadedLC/incremental/quiescent_background_cache.csv,,,,,,False,not_in_flare_streak
4FGL J0217.4+7352,99,100,56503.00001157408,1.4e-07,5.45e-08,1.04e-07,1.1051979522184301e-07,1.0625224913494808e-07,2.8712001824176005e-09,1.0625224913494808e-07,2.8712001824176005e-09,2.6194e-07,2.6194e-07,1.0625224913494808e-07,True,True,False,0,False,,,0.6183672563564067,3.0,False,False,,,weekly,10.0,sigma,computed,/home/lkoo/projects/AutomationDetection/DownloadedLC/incremental/quiescent_background_cache.csv,,,,,,False,not_in_flare_streak
4FGL J0217.4+7352,100,101,56531.00001157408,9.05e-08,4.51e-08,1.4e-07,1.1051979522184301e-07,1.0625224913494808e-07,2.8712001824176005e-09,1.0625224913494808e-07,2.8712001824176005e-09,2.6194e-07,2.6194e-07,1.0625224913494808e-07,False,False,False,0,False,,,-0.3485681620952476,3.0,False,False,,,weekly,10.0,sigma,computed,/home/lkoo/projects/AutomationDetection/DownloadedLC/incremental/quiescent_background_cache.csv,,,,,,False,not_in_flare_streak
4FGL J0217.4+7352,101,102,56545.00001157408,1.09e-07,6.92e-08,9.05e-08,1.1051979522184301e-07,1.0625224913494808e-07,2.8712001824176005e-09,1.0625224913494808e-07,2.8712001824176005e-09,2.6194e-07,2.6194e-07,1.0625224913494808e-07,True,True,False,0,False,,,0.03967324777177151,3.0,False,False,,,weekly,10.0,sigma,computed,/home/lkoo/projects/AutomationDetection/DownloadedLC/incremental/quiescent_background_cache.csv,,,,,,False,not_in_flare_streak
4FGL J0217.4+7352,102,103,56552.00001157408,4.34e-08,3.16e-08,1.09e-07,1.1051979522184301e-07,1.0625224913494808e-07,2.8712001824176005e-09,1.0625224913494808e-07,2.8712001824176005e-09,2.6194e-07,2.6194e-07,1.0625224913494808e-07,False,False,False,0,False,,,-1.980835461741078,3.0,False,False,,,weekly,10.0,sigma,computed,/home/lkoo/projects/AutomationDetection/DownloadedLC/incremental/quiescent_background_cache.csv,,,,,,False,not_in_flare_streak
4FGL J0217.4+7352,103,104,56559.00001157408,8.2e-08,4.14e-08,4.34e-08,1.1051979522184301e-07,1.0625224913494808e-07,2.8712001824176005e-09,1.0625224913494808e-07,2.8712001824176005e-09,2.6194e-07,2.6194e-07,1.0625224913494808e-07,True,False,False,0,False,,,-0.5843993854529052,3.0,False,False,,,weekly,10.0,sigma,computed,/home/lkoo/projects/AutomationDetection/DownloadedLC/incremental/quiescent_background_cache.csv,,,,,,False,not_in_flare_streak
4FGL J0217.4+7352,104,105,56566.00001157408,5e-08,3.26e-08,8.2e-08,1.1051979522184301e-07,1.0625224913494808e-07,2.8712001824176005e-09,1.0625224913494808e-07,2.8712001824176005e-09,2.6194e-07,2.6194e-07,1.0625224913494808e-07,False,False,False,0,False,,,-1.7188753661594942,3.0,False,False,,,weekly,10.0,sigma,computed,/home/lkoo/projects/AutomationDetection/DownloadedLC/incremental/quiescent_background_cache.csv,,,,,,False,not_in_flare_streak
4FGL J0217.4+7352,105,106,56580.00001157408,1.61e-07,7.11e-08,5e-08,1.1051979522184301e-07,1.0625224913494808e-07,2.8712001824176005e-09,1.0625224913494808e-07,2.8712001824176005e-09,2.6194e-07,2.6194e-07,1.0625224913494808e-07,True,True,False,0,False,,,0.7693834796683822,3.0,False,False,,,weekly,10.0,sigma,computed,/home/lkoo/projects/AutomationDetection/DownloadedLC/incremental/quiescent_background_cache.csv,,,,,,False,not_in_flare_streak
4FGL J0217.4+7352,106,107,56587.00001157408,2.29e-07,7.31e-08,1.61e-07,1.1051979522184301e-07,1.0625224913494808e-07,2.8712001824176005e-09,1.0625224913494808e-07,2.8712001824176005e-09,2.6194e-07,2.6194e-07,1.0625224913494808e-07,True,True,False,0,False,,,1.6778820309924358,3.0,False,False,,,weekly,10.0,sigma,computed,/home/lkoo/projects/AutomationDetection/DownloadedLC/incremental/quiescent_background_cache.csv,,,,,,False,not_in_flare_streak
4FGL J0217.4+7352,107,108,56601.00001157408,9e-08,4.18e-08,2.29e-07,1.1051979522184301e-07,1.0625224913494808e-07,2.8712001824176005e-09,1.0625224913494808e-07,2.8712001824176005e-09,2.6194e-07,2.6194e-07,1.0625224913494808e-07,False,False,False,0,False,,,-0.38789578395153923,3.0,False,False,,,weekly,10.0,sigma,computed,/home/lkoo/projects/AutomationDetection/DownloadedLC/incremental/quiescent_background_cache.csv,,,,,,False,not_in_flare_streak
4FGL J0217.4+7352,108,109,56608.00001157408,1.29e-07,4.52e-08,9e-08,1.1051979522184301e-07,1.0625224913494808e-07,2.8712001824176005e-09,1.0625224913494808e-07,2.8712001824176005e-09,2.6194e-07,2.6194e-07,1.0625224913494808e-07,True,True,False,0,False,,,0.5022565267951193,3.0,False,False,,,weekly,10.0,sigma,computed,/home/lkoo/projects/AutomationDetection/DownloadedLC/incremental/quiescent_background_cache.csv,,,,,,False,not_in_flare_streak
4FGL J0217.4+7352,109,110,56615.00001157408,1.22e-07,4.54e-08,1.29e-07,1.1051979522184301e-07,1.0625224913494808e-07,2.8712001824176005e-09,1.0625224913494808e-07,2.8712001824176005e-09,2.6194e-07,2.6194e-07,1.0625224913494808e-07,False,True,False,0,False,,,0.3461751709655332,3.0,False,False,,,weekly,10.0,sigma,computed,/home/lkoo/projects/AutomationDetection/DownloadedLC/incremental/quiescent_background_cache.csv,,,,,,False,not_in_flare_streak
4FGL J0217.4+7352,110,111,56650.00001157408,9.06e-08,5.04e-08,1.22e-07,1.1051979522184301e-07,1.0625224913494808e-07,2.8712001824176005e-09,1.0625224913494808e-07,2.8712001824176005e-09,2.6194e-07,2.6194e-07,1.0625224913494808e-07,False,False,False,0,False,,,-0.31005777823495145,3.0,False,False,,,weekly,10.0,sigma,computed,/home/lkoo/projects/AutomationDetection/DownloadedLC/incremental/quiescent_background_cache.csv,,,,,,False,not_in_flare_streak
4FGL J0217.4+7352,111,112,56664.00001157408,1.04e-07,7.63e-08,9.06e-08,1.1051979522184301e-07,1.0625224913494808e-07,2.8712001824176005e-09,1.0625224913494808e-07,2.8712001824176005e-09,2.6194e-07,2.6194e-07,1.0625224913494808e-07,True,False,False,0,False,,,-0.029497459770213466,3.0,False,False,,,weekly,10.0,sigma,computed,/home/lkoo/projects/AutomationDetection/DownloadedLC/incremental/quiescent_background_cache.csv,,,,,,False,not_in_flare_streak
4FGL J0217.4+7352,112,113,56706.00001157408,1.08e-07,4.83e-08,1.04e-07,1.1051979522184301e-07,1.0625224913494808e-07,2.8712001824176005e-09,1.0625224913494808e-07,2.8712001824176005e-09,2.6194e-07,2.6194e-07,1.0625224913494808e-07,True,True,False,0,False,,,0.036121552592574775,3.0,False,False,,,weekly,10.0,sigma,computed,/home/lkoo/projects/AutomationDetection/DownloadedLC/incremental/quiescent_background_cache.csv,,,,,,False,not_in_flare_streak
4FGL J0217.4+7352,113,114,56741.00001157408,1.18e-07,5.04e-08,1.08e-07,1.1051979522184301e-07,1.0625224913494808e-07,2.8712001824176005e-09,1.0625224913494808e-07,2.8712001824176005e-09,2.6194e-07,2.6194e-07,1.0625224913494808e-07,True,True,False,0,False,,,0.2327129795259172,3.0,False,False,,,weekly,10.0,sigma,computed,/home/lkoo/projects/AutomationDetection/DownloadedLC/incremental/quiescent_background_cache.csv,,,,,,False,not_in_flare_streak
4FGL J0217.4+7352,114,115,56748.00001157408,9.19e-08,4.99e-08,1.18e-07,1.1051979522184301e-07,1.0625224913494808e-07,2.8712001824176005e-09,1.0625224913494808e-07,2.8712001824176005e-09,2.6194e-07,2.6194e-07,1.0625224913494808e-07,False,False,False,0,False,,,-0.28714528338168305,3.0,False,False,,,weekly,10.0,sigma,computed,/home/lkoo/projects/AutomationDetection/DownloadedLC/incremental/quiescent_background_cache.csv,,,,,,False,not_in_flare_streak
4FGL J0217.4+7352,115,116,56846.00001157408,8.98e-08,4.77e-08,9.19e-08,1.1051979522184301e-07,1.0625224913494808e-07,2.8712001824176005e-09,1.0625224913494808e-07,2.8712001824176005e-09,2.6194e-07,2.6194e-07,1.0625224913494808e-07,False,False,False,0,False,,,-0.34428773864079915,3.0,False,False,,,weekly,10.0,sigma,computed,/home/lkoo/projects/AutomationDetection/DownloadedLC/incremental/quiescent_background_cache.csv,,,,,,False,not_in_flare_streak
4FGL J0217.4+7352,116,117,56853.00001157408,9.64e-08,5.65e-08,8.98e-08,1.1051979522184301e-07,1.0625224913494808e-07,2.8712001824176005e-09,1.0625224913494808e-07,2.8712001824176005e-09,2.6194e-07,2.6194e-07,1.0625224913494808e-07,True,False,False,0,False,,,-0.17415136824217592,3.0,False,False,,,weekly,10.0,sigma,computed,/home/lkoo/projects/AutomationDetection/DownloadedLC/incremental/quiescent_background_cache.csv,,,,,,False,not_in_flare_streak
4FGL J0217.4+7352,117,118,56923.00001157408,1.88e-07,6.1e-08,9.64e-08,1.1051979522184301e-07,1.0625224913494808e-07,2.8712001824176005e-09,1.0625224913494808e-07,2.8712001824176005e-09,2.6194e-07,2.6194e-07,1.0625224913494808e-07,True,True,False,0,False,,,1.3386450150447855,3.0,False,False,,,weekly,10.0,sigma,computed,/home/lkoo/projects/AutomationDetection/DownloadedLC/incremental/quiescent_background_cache.csv,,,,,,False,not_in_flare_streak
4FGL J0217.4+7352,118,119,56937.00001157408,2.12e-07,9.03e-08,1.88e-07,1.1051979522184301e-07,1.0625224913494808e-07,2.8712001824176005e-09,1.0625224913494808e-07,2.8712001824176005e-09,2.6194e-07,2.6194e-07,1.0625224913494808e-07,True,True,False,0,False,,,1.1704799096334568,3.0,False,False,,,weekly,10.0,sigma,computed,/home/lkoo/projects/AutomationDetection/DownloadedLC/incremental/quiescent_background_cache.csv,,,,,,False,not_in_flare_streak
4FGL J0217.4+7352,119,120,56944.00001157408,1.8e-07,9.95e-08,2.12e-07,1.1051979522184301e-07,1.0625224913494808e-07,2.8712001824176005e-09,1.0625224913494808e-07,2.8712001824176005e-09,2.6194e-07,2.6194e-07,1.0625224913494808e-07,False,True,False,0,False,,,0.7408750321711229,3.0,False,False,,,weekly,10.0,sigma,computed,/home/lkoo/projects/AutomationDetection/DownloadedLC/incremental/quiescent_background_cache.csv,,,,,,False,not_in_flare_streak
4FGL J0217.4+7352,120,121,56958.00001157408,1.27e-07,4.32e-08,1.8e-07,1.1051979522184301e-07,1.0625224913494808e-07,2.8712001824176005e-09,1.0625224913494808e-07,2.8712001824176005e-09,2.6194e-07,2.6194e-07,1.0625224913494808e-07,False,True,False,0,False,,,0.4792147531454186,3.0,False,False,,,weekly,10.0,sigma,computed,/home/lkoo/projects/AutomationDetection/DownloadedLC/incremental/quiescent_background_cache.csv,,,,,,False,not_in_flare_streak
4FGL J0217.4+7352,121,122,56986.00001157408,7.39e-08,5.31e-08,1.27e-07,1.1051979522184301e-07,1.0625224913494808e-07,2.8712001824176005e-09,1.0625224913494808e-07,2.8712001824176005e-09,2.6194e-07,2.6194e-07,1.0625224913494808e-07,False,False,False,0,False,,,-0.6083815047157098,3.0,False,False,,,weekly,10.0,sigma,computed,/home/lkoo/projects/AutomationDetection/DownloadedLC/incremental/quiescent_background_cache.csv,,,,,,False,not_in_flare_streak
4FGL J0217.4+7352,122,123,57007.00001157408,1.26e-07,8.33e-08,7.39e-08,1.1051979522184301e-07,1.0625224913494808e-07,2.8712001824176005e-09,1.0625224913494808e-07,2.8712001824176005e-09,2.6194e-07,2.6194e-07,1.0625224913494808e-07,True,True,False,0,False,,,0.23692713792901754,3.0,False,False,,,weekly,10.0,sigma,computed,/home/lkoo/projects/AutomationDetection/DownloadedLC/incremental/quiescent_background_cache.csv,,,,,,False,not_in_flare_streak
4FGL J0217.4+7352,123,124,57014.00001157408,1.1e-07,5.16e-08,1.26e-07,1.1051979522184301e-07,1.0625224913494808e-07,2.8712001824176005e-09,1.0625224913494808e-07,2.8712001824176005e-09,2.6194e-07,2.6194e-07,1.0625224913494808e-07,False,True,False,0,False,,,0.0725186517364226,3.0,False,False,,,weekly,10.0,sigma,computed,/home/lkoo/projects/AutomationDetection/DownloadedLC/incremental/quiescent_background_cache.csv,,,,,,False,not_in_flare_streak
4FGL J0217.4+7352,124,125,57021.00001157408,1.1e-07,4.4e-08,1.1e-07,1.1051979522184301e-07,1.0625224913494808e-07,2.8712001824176005e-09,1.0625224913494808e-07,2.8712001824176005e-09,2.6194e-07,2.6194e-07,1.0625224913494808e-07,False,True,False,0,False,,,0.08499538643805453,3.0,False,False,,,weekly,10.0,sigma,computed,/home/lkoo/projects/AutomationDetection/DownloadedLC/incremental/quiescent_background_cache.csv,,,,,,False,not_in_flare_streak
4FGL J0217.4+7352,125,126,57049.00001157408,1.19e-07,5.17e-08,1.1e-07,1.1051979522184301e-07,1.0625224913494808e-07,2.8712001824176005e-09,1.0625224913494808e-07,2.8712001824176005e-09,2.6194e-07,2.6194e-07,1.0625224913494808e-07,True,True,False,0,False,,,0.246192219818229,3.0,False,False,,,weekly,10.0,sigma,computed,/home/lkoo/projects/AutomationDetection/DownloadedLC/incremental/quiescent_background_cache.csv,,,,,,False,not_in_flare_streak
4FGL J0217.4+7352,126,127,57056.00001157408,7.82e-08,4.51e-08,1.19e-07,1.1051979522184301e-07,1.0625224913494808e-07,2.8712001824176005e-09,1.0625224913494808e-07,2.8712001824176005e-09,2.6194e-07,2.6194e-07,1.0625224913494808e-07,False,False,False,0,False,,,-0.620744430832612,3.0,False,False,,,weekly,10.0,sigma,computed,/home/lkoo/projects/AutomationDetection/DownloadedLC/incremental/quiescent_background_cache.csv,,,,,,False,not_in_flare_streak
4FGL J0217.4+7352,127,128,57084.00001157408,7.46e-08,4.15e-08,7.82e-08,1.1051979522184301e-07,1.0625224913494808e-07,2.8712001824176005e-09,1.0625224913494808e-07,2.8712001824176005e-09,2.6194e-07,2.6194e-07,1.0625224913494808e-07,False,False,False,0,False,,,-0.7608859289466857,3.0,False,False,,,weekly,10.0,sigma,computed,/home/lkoo/projects/AutomationDetection/DownloadedLC/incremental/quiescent_background_cache.csv,,,,,,False,not_in_flare_streak
4FGL J0217.4+7352,128,129,57091.00001157408,1.39e-07,4.64e-08,7.46e-08,1.1051979522184301e-07,1.0625224913494808e-07,2.8712001824176005e-09,1.0625224913494808e-07,2.8712001824176005e-09,2.6194e-07,2.6194e-07,1.0625224913494808e-07,True,True,False,0,False,,,0.7044231457541816,3.0,False,False,,,weekly,10.0,sigma,computed,/home/lkoo/projects/AutomationDetection/DownloadedLC/incremental/quiescent_background_cache.csv,,,,,,False,not_in_flare_streak
4FGL J0217.4+7352,129,130,57098.00001157408,3.34e-07,1.52e-07,1.39e-07,1.1051979522184301e-07,1.0625224913494808e-07,2.8712001824176005e-09,1.0625224913494808e-07,2.8712001824176005e-09,2.6194e-07,2.6194e-07,1.0625224913494808e-07,True,True,False,0,False,,,1.49807322460658,3.0,False,False,,,weekly,10.0,sigma,computed,/home/lkoo/projects/AutomationDetection/DownloadedLC/incremental/quiescent_background_cache.csv,,,,,,False,not_in_flare_streak
4FGL J0217.4+7352,130,131,57126.00001157408,1.32e-07,4.68e-08,3.34e-07,1.1051979522184301e-07,1.0625224913494808e-07,2.8712001824176005e-09,1.0625224913494808e-07,2.8712001824176005e-09,2.6194e-07,2.6194e-07,1.0625224913494808e-07,False,True,False,0,False,,,0.5491331529915523,3.0,False,False,,,weekly,10.0,sigma,computed,/home/lkoo/projects/AutomationDetection/DownloadedLC/incremental/quiescent_background_cache.csv,,,,,,False,not_in_flare_streak
4FGL J0217.4+7352,131,132,57147.00001157408,9.23e-08,4.99e-08,1.32e-07,1.1051979522184301e-07,1.0625224913494808e-07,2.8712001824176005e-09,1.0625224913494808e-07,2.8712001824176005e-09,2.6194e-07,2.6194e-07,1.0625224913494808e-07,False,False,False,0,False,,,-0.27914248798197167,3.0,False,False,,,weekly,10.0,sigma,computed,/home/lkoo/projects/AutomationDetection/DownloadedLC/incremental/quiescent_background_cache.csv,,,,,,False,not_in_flare_streak
4FGL J0217.4+7352,132,133,57154.00001157408,1.2e-07,5.44e-08,9.23e-08,1.1051979522184301e-07,1.0625224913494808e-07,2.8712001824176005e-09,1.0625224913494808e-07,2.8712001824176005e-09,2.6194e-07,2.6194e-07,1.0625224913494808e-07,True,True,False,0,False,,,0.2523647509637784,3.0,False,False,,,weekly,10.0,sigma,computed,/home/lkoo/projects/AutomationDetection/DownloadedLC/incremental/quiescent_background_cache.csv,,,,,,False,not_in_flare_streak
4FGL J0217.4+7352,133,134,57161.00001157408,4.58e-08,3.1e-08,1.2e-07,1.1051979522184301e-07,1.0625224913494808e-07,2.8712001824176005e-09,1.0625224913494808e-07,2.8712001824176005e-09,2.6194e-07,2.6194e-07,1.0625224913494808e-07,False,False,False,0,False,,,-1.9417617856342284,3.0,False,False,,,weekly,10.0,sigma,computed,/home/lkoo/projects/AutomationDetection/DownloadedLC/incremental/quiescent_background_cache.csv,,,,,,False,not_in_flare_streak
4FGL J0217.4+7352,134,135,57175.00001157408,1.1e-07,5.08e-08,4.58e-08,1.1051979522184301e-07,1.0625224913494808e-07,2.8712001824176005e-09,1.0625224913494808e-07,2.8712001824176005e-09,2.6194e-07,2.6194e-07,1.0625224913494808e-07,True,True,False,0,False,,,0.07365706929311434,3.0,False,False,,,weekly,10.0,sigma,computed,/home/lkoo/projects/AutomationDetection/DownloadedLC/incremental/quiescent_background_cache.csv,,,,,,False,not_in_flare_streak
4FGL J0217.4+7352,135,136,57231.00001157408,8.53e-08,4.58e-08,1.1e-07,1.1051979522184301e-07,1.0625224913494808e-07,2.8712001824176005e-09,1.0625224913494808e-07,2.8712001824176005e-09,2.6194e-07,2.6194e-07,1.0625224913494808e-07,False,False,False,0,False,,,-0.4565763885852648,3.0,False,False,,,weekly,10.0,sigma,computed,/home/lkoo/projects/AutomationDetection/DownloadedLC/incremental/quiescent_background_cache.csv,,,,,,False,not_in_flare_streak
4FGL J0217.4+7352,136,137,57238.00001157408,6.05e-08,3.35e-08,8.53e-08,1.1051979522184301e-07,1.0625224913494808e-07,2.8712001824176005e-09,1.0625224913494808e-07,2.8712001824176005e-09,2.6194e-07,2.6194e-07,1.0625224913494808e-07,False,False,False,0,False,,,-1.3607500464095077,3.0,False,False,,,weekly,10.0,sigma,computed,/home/lkoo/projects/AutomationDetection/DownloadedLC/incremental/quiescent_background_cache.csv,,,,,,False,not_in_flare_streak
4FGL J0217.4+7352,137,138,57315.00001157408,7.7e-08,4.62e-08,6.05e-08,1.1051979522184301e-07,1.0625224913494808e-07,2.8712001824176005e-09,1.0625224913494808e-07,2.8712001824176005e-09,2.6194e-07,2.6194e-07,1.0625224913494808e-07,True,False,False,0,False,,,-0.6319463670064487,3.0,False,False,,,weekly,10.0,sigma,computed,/home/lkoo/projects/AutomationDetection/DownloadedLC/incremental/quiescent_background_cache.csv,,,,,,False,not_in_flare_streak
4FGL J0217.4+7352,138,139,57350.00001157408,1.13e-07,6.13e-08,7.7e-08,1.1051979522184301e-07,1.0625224913494808e-07,2.8712001824176005e-09,1.0625224913494808e-07,2.8712001824176005e-09,2.6194e-07,2.6194e-07,1.0625224913494808e-07,True,True,False,0,False,,,0.10995695368448993,3.0,False,False,,,weekly,10.0,sigma,computed,/home/lkoo/projects/AutomationDetection/DownloadedLC/incremental/quiescent_background_cache.csv,,,,,,False,not_in_flare_streak
4FGL J0217.4+7352,139,140,57357.00001157408,1.15e-07,5.64e-08,1.13e-07,1.1051979522184301e-07,1.0625224913494808e-07,2.8712001824176005e-09,1.0625224913494808e-07,2.8712001824176005e-09,2.6194e-07,2.6194e-07,1.0625224913494808e-07,True,True,False,0,False,,,0.15490137401713633,3.0,False,False,,,weekly,10.0,sigma,computed,/home/lkoo/projects/AutomationDetection/DownloadedLC/incremental/quiescent_background_cache.csv,,,,,,False,not_in_flare_streak
4FGL J0217.4+7352,140,141,57364.00001157408,1.16e-07,4.01e-08,1.15e-07,1.1051979522184301e-07,1.0625224913494808e-07,2.8712001824176005e-09,1.0625224913494808e-07,2.8712001824176005e-09,2.6194e-07,2.6194e-07,1.0625224913494808e-07,True,True,False,0,False,,,0.24246532712184699,3.0,False,False,,,weekly,10.0,sigma,computed,/home/lkoo/projects/AutomationDetection/DownloadedLC/incremental/quiescent_background_cache.csv,,,,,,False,not_in_flare_streak
4FGL J0217.4+7352,141,142,57371.00001157408,9.34e-08,3.64e-08,1.16e-07,1.1051979522184301e-07,1.0625224913494808e-07,2.8712001824176005e-09,1.0625224913494808e-07,2.8712001824176005e-09,2.6194e-07,2.6194e-07,1.0625224913494808e-07,False,False,False,0,False,,,-0.3519904379008482,3.0,False,False,,,weekly,10.0,sigma,computed,/home/lkoo/projects/AutomationDetection/DownloadedLC/incremental/quiescent_background_cache.csv,,,,,,False,not_in_flare_streak
4FGL J0217.4+7352,142,143,57378.00001157408,9.6e-08,4.56e-08,9.34e-08,1.1051979522184301e-07,1.0625224913494808e-07,2.8712001824176005e-09,1.0625224913494808e-07,2.8712001824176005e-09,2.6194e-07,2.6194e-07,1.0625224913494808e-07,True,False,False,0,False,,,-0.2243856673353464,3.0,False,False,,,weekly,10.0,sigma,computed,/home/lkoo/projects/AutomationDetection/DownloadedLC/incremental/quiescent_background_cache.csv,,,,,,False,not_in_flare_streak
4FGL J0217.4+7352,143,144,57413.00001157408,8.86e-08,4.34e-08,9.6e-08,1.1051979522184301e-07,1.0625224913494808e-07,2.8712001824176005e-09,1.0625224913494808e-07,2.8712001824176005e-09,2.6194e-07,2.6194e-07,1.0625224913494808e-07,False,False,False,0,False,,,-0.40584668465289,3.0,False,False,,,weekly,10.0,sigma,computed,/home/lkoo/projects/AutomationDetection/DownloadedLC/incremental/quiescent_background_cache.csv,,,,,,False,not_in_flare_streak
4FGL J0217.4+7352,144,145,57427.00001157408,7.74e-08,4.72e-08,8.86e-08,1.1051979522184301e-07,1.0625224913494808e-07,2.8712001824176005e-09,1.0625224913494808e-07,2.8712001824176005e-09,2.6194e-07,2.6194e-07,1.0625224913494808e-07,False,False,False,0,False,,,-0.6101486250028874,3.0,False,False,,,weekly,10.0,sigma,computed,/home/lkoo/projects/AutomationDetection/DownloadedLC/incremental/quiescent_background_cache.csv,,,,,,False,not_in_flare_streak
4FGL J0217.4+7352,145,146,57434.00001157408,1.25e-07,4.88e-08,7.74e-08,1.1051979522184301e-07,1.0625224913494808e-07,2.8712001824176005e-09,1.0625224913494808e-07,2.8712001824176005e-09,2.6194e-07,2.6194e-07,1.0625224913494808e-07,True,True,False,0,False,,,0.38351199762611804,3.0,False,False,,,weekly,10.0,sigma,computed,/home/lkoo/projects/AutomationDetection/DownloadedLC/incremental/quiescent_background_cache.csv,,,,,,False,not_in_flare_streak
4FGL J0217.4+7352,146,147,57441.00001157408,7.85e-08,5.96e-08,1.25e-07,1.1051979522184301e-07,1.0625224913494808e-07,2.8712001824176005e-09,1.0625224913494808e-07,2.8712001824176005e-09,2.6194e-07,2.6194e-07,1.0625224913494808e-07,False,False,False,0,False,,,-0.46510237606898125,3.0,False,False,,,weekly,10.0,sigma,computed,/home/lkoo/projects/AutomationDetection/DownloadedLC/incremental/quiescent_background_cache.csv,,,,,,False,not_in_flare_streak
4FGL J0217.4+7352,147,148,57476.00001157408,8.24e-08,5.66e-08,7.85e-08,1.1051979522184301e-07,1.0625224913494808e-07,2.8712001824176005e-09,1.0625224913494808e-07,2.8712001824176005e-09,2.6194e-07,2.6194e-07,1.0625224913494808e-07,True,False,False,0,False,,,-0.4208766516598448,3.0,False,False,,,weekly,10.0,sigma,computed,/home/lkoo/projects/AutomationDetection/DownloadedLC/incremental/quiescent_background_cache.csv,,,,,,False,not_in_flare_streak
4FGL J0217.4+7352,148,149,57623.00001157408,2.58e-08,2.11e-08,8.24e-08,1.1051979522184301e-07,1.0625224913494808e-07,2.8712001824176005e-09,1.0625224913494808e-07,2.8712001824176005e-09,2.6194e-07,2.6194e-07,1.0625224913494808e-07,False,False,False,0,False,,,-3.7780845388300124,3.0,False,False,,,weekly,10.0,sigma,computed,/home/lkoo/projects/AutomationDetection/DownloadedLC/incremental/quiescent_background_cache.csv,,,,,,False,not_in_flare_streak
4FGL J0217.4+7352,149,150,57665.00001157408,5.99e-08,3.66e-08,2.58e-08,1.1051979522184301e-07,1.0625224913494808e-07,2.8712001824176005e-09,1.0625224913494808e-07,2.8712001824176005e-09,2.6194e-07,2.6194e-07,1.0625224913494808e-07,True,False,False,0,False,,,-1.2625758422476643,3.0,False,False,,,weekly,10.0,sigma,computed,/home/lkoo/projects/AutomationDetection/DownloadedLC/incremental/quiescent_background_cache.csv,,,,,,False,not_in_flare_streak
4FGL J0217.4+7352,150,151,57728.00001157408,5.74e-08,3.59e-08,5.99e-08,1.1051979522184301e-07,1.0625224913494808e-07,2.8712001824176005e-09,1.0625224913494808e-07,2.8712001824176005e-09,2.6194e-07,2.6194e-07,1.0625224913494808e-07,False,False,False,0,False,,,-1.3564555587201275,3.0,False,False,,,weekly,10.0,sigma,computed,/home/lkoo/projects/AutomationDetection/DownloadedLC/incremental/quiescent_background_cache.csv,,,,,,False,not_in_flare_streak
4FGL J0217.4+7352,151,152,57756.00001157408,4.32e-08,3.4e-08,5.74e-08,1.1051979522184301e-07,1.0625224913494808e-07,2.8712001824176005e-09,1.0625224913494808e-07,2.8712001824176005e-09,2.6194e-07,2.6194e-07,1.0625224913494808e-07,False,False,False,0,False,,,-1.8479006479410194,3.0,False,False,,,weekly,10.0,sigma,computed,/home/lkoo/projects/AutomationDetection/DownloadedLC/incremental/quiescent_background_cache.csv,,,,,,False,not_in_flare_streak
4FGL J0217.4+7352,152,153,57812.00001157408,1.18e-07,5.31e-08,4.32e-08,1.1051979522184301e-07,1.0625224913494808e-07,2.8712001824176005e-09,1.0625224913494808e-07,2.8712001824176005e-09,2.6194e-07,2.6194e-07,1.0625224913494808e-07,True,True,False,0,False,,,0.22091553259538288,3.0,False,False,,,weekly,10.0,sigma,computed,/home/lkoo/projects/AutomationDetection/DownloadedLC/incremental/quiescent_background_cache.csv,,,,,,False,not_in_flare_streak
4FGL J0217.4+7352,153,154,57826.00001157408,3.84e-08,2.64e-08,1.18e-07,1.1051979522184301e-07,1.0625224913494808e-07,2.8712001824176005e-09,1.0625224913494808e-07,2.8712001824176005e-09,2.6194e-07,2.6194e-07,1.0625224913494808e-07,False,False,False,0,False,,,-2.555094275951727,3.0,False,False,,,weekly,10.0,sigma,computed,/home/lkoo/projects/AutomationDetection/DownloadedLC/incremental/quiescent_background_cache.csv,,,,,,False,not_in_flare_streak
4FGL J0217.4+7352,154,155,57875.00001157408,4.79e-08,3.26e-08,3.84e-08,1.1051979522184301e-07,1.0625224913494808e-07,2.8712001824176005e-09,1.0625224913494808e-07,2.8712001824176005e-09,2.6194e-07,2.6194e-07,1.0625224913494808e-07,True,False,False,0,False,,,-1.783044147398365,3.0,False,False,,,weekly,10.0,sigma,computed,/home/lkoo/projects/AutomationDetection/DownloadedLC/incremental/quiescent_background_cache.csv,,,,,,False,not_in_flare_streak
4FGL J0217.4+7352,155,156,57889.00001157408,7.88e-08,4.25e-08,4.79e-08,1.1051979522184301e-07,1.0625224913494808e-07,2.8712001824176005e-09,1.0625224913494808e-07,2.8712001824176005e-09,2.6194e-07,2.6194e-07,1.0625224913494808e-07,True,False,False,0,False,,,-0.6444662643103701,3.0,False,False,,,weekly,10.0,sigma,computed,/home/lkoo/projects/AutomationDetection/DownloadedLC/incremental/quiescent_background_cache.csv,,,,,,False,not_in_flare_streak
4FGL J0217.4+7352,156,157,57931.00001157408,1.21e-07,7.72e-08,7.88e-08,1.1051979522184301e-07,1.0625224913494808e-07,2.8712001824176005e-09,1.0625224913494808e-07,2.8712001824176005e-09,2.6194e-07,2.6194e-07,1.0625224913494808e-07,True,True,False,0,False,,,0.19090105850737454,3.0,False,False,,,weekly,10.0,sigma,computed,/home/lkoo/projects/AutomationDetection/DownloadedLC/incremental/quiescent_background_cache.csv,,,,,,False,not_in_flare_streak
4FGL J0217.4+7352,157,158,57959.00001157408,1.04e-07,4.57e-08,1.21e-07,1.1051979522184301e-07,1.0625224913494808e-07,2.8712001824176005e-09,1.0625224913494808e-07,2.8712001824176005e-09,2.6194e-07,2.6194e-07,1.0625224913494808e-07,False,False,False,0,False,,,-0.04918637104881391,3.0,False,False,,,weekly,10.0,sigma,computed,/home/lkoo/projects/AutomationDetection/DownloadedLC/incremental/quiescent_background_cache.csv,,,,,,False,not_in_flare_streak
4FGL J0217.4+7352,158,159,57966.00001157408,7.28e-08,4.31e-08,1.04e-07,1.1051979522184301e-07,1.0625224913494808e-07,2.8712001824176005e-09,1.0625224913494808e-07,2.8712001824176005e-09,2.6194e-07,2.6194e-07,1.0625224913494808e-07,False,False,False,0,False,,,-0.7744377561201776,3.0,False,False,,,weekly,10.0,sigma,computed,/home/lkoo/projects/AutomationDetection/DownloadedLC/incremental/quiescent_background_cache.csv,,,,,,False,not_in_flare_streak
4FGL J0217.4+7352,159,160,57973.00001157408,1.4e-07,4.7e-08,7.28e-08,1.1051979522184301e-07,1.0625224913494808e-07,2.8712001824176005e-09,1.0625224913494808e-07,2.8712001824176005e-09,2.6194e-07,2.6194e-07,1.0625224913494808e-07,True,True,False,0,False,,,0.7167011654926053,3.0,False,False,,,weekly,10.0,sigma,computed,/home/lkoo/projects/AutomationDetection/DownloadedLC/incremental/quiescent_background_cache.csv,,,,,,False,not_in_flare_streak
4FGL J0217.4+7352,160,161,57987.00001157408,6.81e-08,4.22e-08,1.4e-07,1.1051979522184301e-07,1.0625224913494808e-07,2.8712001824176005e-09,1.0625224913494808e-07,2.8712001824176005e-09,2.6194e-07,2.6194e-07,1.0625224913494808e-07,False,False,False,0,False,,,-0.9019964014816216,3.0,False,False,,,weekly,10.0,sigma,computed,/home/lkoo/projects/AutomationDetection/DownloadedLC/incremental/quiescent_background_cache.csv,,,,,,False,not_in_flare_streak
4FGL J0217.4+7352,161,162,58029.00001157408,1.03e-07,4.79e-08,6.81e-08,1.1051979522184301e-07,1.0625224913494808e-07,2.8712001824176005e-09,1.0625224913494808e-07,2.8712001824176005e-09,2.6194e-07,2.6194e-07,1.0625224913494808e-07,True,False,False,0,False,,,-0.06777499340871486,3.0,False,False,,,weekly,10.0,sigma,computed,/home/lkoo/projects/AutomationDetection/DownloadedLC/incremental/quiescent_background_cache.csv,,,,,,False,not_in_flare_streak
4FGL J0217.4+7352,162,163,58057.00001157408,1.68e-07,5.08e-08,1.03e-07,1.1051979522184301e-07,1.0625224913494808e-07,2.8712001824176005e-09,1.0625224913494808e-07,2.8712001824176005e-09,2.6194e-07,2.6194e-07,1.0625224913494808e-07,True,True,False,0,False,,,1.2135700925515158,3.0,False,False,,,weekly,10.0,sigma,computed,/home/lkoo/projects/AutomationDetection/DownloadedLC/incremental/quiescent_background_cache.csv,,,,,,False,not_in_flare_streak
4FGL J0217.4+7352,163,164,58064.00001157408,1.16e-07,4.74e-08,1.68e-07,1.1051979522184301e-07,1.0625224913494808e-07,2.8712001824176005e-09,1.0625224913494808e-07,2.8712001824176005e-09,2.6194e-07,2.6194e-07,1.0625224913494808e-07,False,True,False,0,False,,,0.2052725052769151,3.0,False,False,,,weekly,10.0,sigma,computed,/home/lkoo/projects/AutomationDetection/DownloadedLC/incremental/quiescent_background_cache.csv,,,,,,False,not_in_flare_streak
4FGL J0217.4+7352,164,165,58071.00001157408,1.29e-07,4.75e-08,1.16e-07,1.1051979522184301e-07,1.0625224913494808e-07,2.8712001824176005e-09,1.0625224913494808e-07,2.8712001824176005e-09,2.6194e-07,2.6194e-07,1.0625224913494808e-07,True,True,False,0,False,,,0.47802751613799455,3.0,False,False,,,weekly,10.0,sigma,computed,/home/lkoo/projects/AutomationDetection/DownloadedLC/incremental/quiescent_background_cache.csv,,,,,,False,not_in_flare_streak
4FGL J0217.4+7352,165,166,58078.00001157408,6.63e-08,3.77e-08,1.29e-07,1.1051979522184301e-07,1.0625224913494808e-07,2.8712001824176005e-09,1.0625224913494808e-07,2.8712001824176005e-09,2.6194e-07,2.6194e-07,1.0625224913494808e-07,False,False,False,0,False,,,-1.0566812967658041,3.0,False,False,,,weekly,10.0,sigma,computed,/home/lkoo/projects/AutomationDetection/DownloadedLC/incremental/quiescent_background_cache.csv,,,,,,False,not_in_flare_streak
4FGL J0217.4+7352,166,167,58085.00001157408,2.08e-07,5.15e-08,6.63e-08,1.1051979522184301e-07,1.0625224913494808e-07,2.8712001824176005e-09,1.0625224913494808e-07,2.8712001824176005e-09,2.6194e-07,2.6194e-07,1.0625224913494808e-07,True,True,False,0,False,,,1.9726211858094664,3.0,False,False,,,weekly,10.0,sigma,computed,/home/lkoo/projects/AutomationDetection/DownloadedLC/incremental/quiescent_background_cache.csv,,,,,,False,not_in_flare_streak
4FGL J0217.4+7352,167,168,58092.00001157408,1.67e-07,4.19e-08,2.08e-07,1.1051979522184301e-07,1.0625224913494808e-07,2.8712001824176005e-09,1.0625224913494808e-07,2.8712001824176005e-09,2.6194e-07,2.6194e-07,1.0625224913494808e-07,False,True,False,0,False,,,1.4464349658724318,3.0,False,False,,,weekly,10.0,sigma,computed,/home/lkoo/projects/AutomationDetection/DownloadedLC/incremental/quiescent_background_cache.csv,,,,,,False,not_in_flare_streak
4FGL J0217.4+7352,168,169,58099.00001157408,1.71e-07,4.87e-08,1.67e-07,1.1051979522184301e-07,1.0625224913494808e-07,2.8712001824176005e-09,1.0625224913494808e-07,2.8712001824176005e-09,2.6194e-07,2.6194e-07,1.0625224913494808e-07,True,True,False,0,False,,,1.3272179582384656,3.0,False,False,,,weekly,10.0,sigma,computed,/home/lkoo/projects/AutomationDetection/DownloadedLC/incremental/quiescent_background_cache.csv,,,,,,False,not_in_flare_streak
4FGL J0217.4+7352,169,170,58113.00001157408,1.62e-07,5.17e-08,1.71e-07,1.1051979522184301e-07,1.0625224913494808e-07,2.8712001824176005e-09,1.0625224913494808e-07,2.8712001824176005e-09,2.6194e-07,2.6194e-07,1.0625224913494808e-07,False,True,False,0,False,,,1.0766340416149036,3.0,False,False,,,weekly,10.0,sigma,computed,/home/lkoo/projects/AutomationDetection/DownloadedLC/incremental/quiescent_background_cache.csv,,,,,,False,not_in_flare_streak
4FGL J0217.4+7352,170,171,58120.00001157408,1.11e-07,4.28e-08,1.62e-07,1.1051979522184301e-07,1.0625224913494808e-07,2.8712001824176005e-09,1.0625224913494808e-07,2.8712001824176005e-09,2.6194e-07,2.6194e-07,1.0625224913494808e-07,False,True,False,0,False,,,0.11067999268856803,3.0,False,False,,,weekly,10.0,sigma,computed,/home/lkoo/projects/AutomationDetection/DownloadedLC/incremental/quiescent_background_cache.csv,,,,,,False,not_in_flare_streak
4FGL J0217.4+7352,171,172,58127.00001157408,1.67e-07,4.9e-08,1.11e-07,1.1051979522184301e-07,1.0625224913494808e-07,2.8712001824176005e-09,1.0625224913494808e-07,2.8712001824176005e-09,2.6194e-07,2.6194e-07,1.0625224913494808e-07,True,True,False,0,False,,,1.23762715296796,3.0,False,False,,,weekly,10.0,sigma,computed,/home/lkoo/projects/AutomationDetection/DownloadedLC/incremental/quiescent_background_cache.csv,,,,,,False,not_in_flare_streak
4FGL J0217.4+7352,172,173,58134.00001157408,1.82e-07,4.85e-08,1.67e-07,1.1051979522184301e-07,1.0625224913494808e-07,2.8712001824176005e-09,1.0625224913494808e-07,2.8712001824176005e-09,2.6194e-07,2.6194e-07,1.0625224913494808e-07,True,True,False,0,False,,,1.5590796788267922,3.0,False,False,,,weekly,10.0,sigma,computed,/home/lkoo/projects/AutomationDetection/DownloadedLC/incremental/quiescent_background_cache.csv,,,,,,False,not_in_flare_streak
4FGL J0217.4+7352,173,174,58155.00001157408,1.15e-07,4.61e-08,1.82e-07,1.1051979522184301e-07,1.0625224913494808e-07,2.8712001824176005e-09,1.0625224913494808e-07,2.8712001824176005e-09,2.6194e-07,2.6194e-07,1.0625224913494808e-07,False,True,False,0,False,,,0.18938901509504863,3.0,False,False,,,weekly,10.0,sigma,computed,/home/lkoo/projects/AutomationDetection/DownloadedLC/incremental/quiescent_background_cache.csv,,,,,,False,not_in_flare_streak
4FGL J0217.4+7352,174,175,58169.00001157408,5.43e-08,3.89e-08,1.15e-07,1.1051979522184301e-07,1.0625224913494808e-07,2.8712001824176005e-09,1.0625224913494808e-07,2.8712001824176005e-09,2.6194e-07,2.6194e-07,1.0625224913494808e-07,False,False,False,0,False,,,-1.3319102792194624,3.0,False,False,,,weekly,10.0,sigma,computed,/home/lkoo/projects/AutomationDetection/DownloadedLC/incremental/quiescent_background_cache.csv,,,,,,False,not_in_flare_streak
4FGL J0217.4+7352,175,176,58183.00001157408,8.22e-08,4.35e-08,5.43e-08,1.1051979522184301e-07,1.0625224913494808e-07,2.8712001824176005e-09,1.0625224913494808e-07,2.8712001824176005e-09,2.6194e-07,2.6194e-07,1.0625224913494808e-07,True,False,False,0,False,,,-0.5517247495125178,3.0,False,False,,,weekly,10.0,sigma,computed,/home/lkoo/projects/AutomationDetection/DownloadedLC/incremental/quiescent_background_cache.csv,,,,,,False,not_in_flare_streak
4FGL J0217.4+7352,176,177,58239.00001157408,1.01e-07,3.17e-08,8.22e-08,1.1051979522184301e-07,1.0625224913494808e-07,2.8712001824176005e-09,1.0625224913494808e-07,2.8712001824176005e-09,2.6194e-07,2.6194e-07,1.0625224913494808e-07,True,False,False,0,False,,,-0.16501062833421581,3.0,False,False,,,weekly,10.0,sigma,computed,/home/lkoo/projects/AutomationDetection/DownloadedLC/incremental/quiescent_background_cache.csv,,,,,,False,not_in_flare_streak
4FGL J0217.4+7352,177,178,58246.00001157408,4.18e-08,3.14e-08,1.01e-07,1.1051979522184301e-07,1.0625224913494808e-07,2.8712001824176005e-09,1.0625224913494808e-07,2.8712001824176005e-09,2.6194e-07,2.6194e-07,1.0625224913494808e-07,False,False,False,0,False,,,-2.044091676824079,3.0,False,False,,,weekly,10.0,sigma,computed,/home/lkoo/projects/AutomationDetection/DownloadedLC/incremental/quiescent_background_cache.csv,,,,,,False,not_in_flare_streak
4FGL J0217.4+7352,178,179,58253.00001157408,1.76e-07,1.32e-07,4.18e-08,1.1051979522184301e-07,1.0625224913494808e-07,2.8712001824176005e-09,1.0625224913494808e-07,2.8712001824176005e-09,2.6194e-07,2.6194e-07,1.0625224913494808e-07,True,True,False,0,False,,,0.5282670976838464,3.0,False,False,,,weekly,10.0,sigma,computed,/home/lkoo/projects/AutomationDetection/DownloadedLC/incremental/quiescent_background_cache.csv,,,,,,False,not_in_flare_streak
4FGL J0217.4+7352,179,180,58267.00001157408,5.47e-08,3.08e-08,1.76e-07,1.1051979522184301e-07,1.0625224913494808e-07,2.8712001824176005e-09,1.0625224913494808e-07,2.8712001824176005e-09,2.6194e-07,2.6194e-07,1.0625224913494808e-07,False,False,False,0,False,,,-1.6665487364942082,3.0,False,False,,,weekly,10.0,sigma,computed,/home/lkoo/projects/AutomationDetection/DownloadedLC/incremental/quiescent_background_cache.csv,,,,,,False,not_in_flare_streak
4FGL J0217.4+7352,180,181,58288.00001157408,9.34e-08,3.28e-08,5.47e-08,1.1051979522184301e-07,1.0625224913494808e-07,2.8712001824176005e-09,1.0625224913494808e-07,2.8712001824176005e-09,2.6194e-07,2.6194e-07,1.0625224913494808e-07,True,False,False,0,False,,,-0.39034418154214645,3.0,False,False,,,weekly,10.0,sigma,computed,/home/lkoo/projects/AutomationDetection/DownloadedLC/incremental/quiescent_background_cache.csv,,,,,,False,not_in_flare_streak
4FGL J0217.4+7352,181,182,58302.00001157408,9.94e-08,6.9e-08,9.34e-08,1.1051979522184301e-07,1.0625224913494808e-07,2.8712001824176005e-09,1.0625224913494808e-07,2.8712001824176005e-09,2.6194e-07,2.6194e-07,1.0625224913494808e-07,True,False,False,0,False,,,-0.09922209286426327,3.0,False,False,,,weekly,10.0,sigma,computed,/home/lkoo/projects/AutomationDetection/DownloadedLC/incremental/quiescent_background_cache.csv,,,,,,False,not_in_flare_streak
4FGL J0217.4+7352,182,183,58344.00001157408,1.3e-07,6.48e-08,9.94e-08,1.1051979522184301e-07,1.0625224913494808e-07,2.8712001824176005e-09,1.0625224913494808e-07,2.8712001824176005e-09,2.6194e-07,2.6194e-07,1.0625224913494808e-07,True,True,False,0,False,,,0.36611842093420294,3.0,False,False,,,weekly,10.0,sigma,computed,/home/lkoo/projects/AutomationDetection/DownloadedLC/incremental/quiescent_background_cache.csv,,,,,,False,not_in_flare_streak
4FGL J0217.4+7352,183,184,58379.00001157408,8.2e-08,3.23e-08,1.3e-07,1.1051979522184301e-07,1.0625224913494808e-07,2.8712001824176005e-09,1.0625224913494808e-07,2.8712001824176005e-09,2.6194e-07,2.6194e-07,1.0625224913494808e-07,False,False,False,0,False,,,-0.7478946118729466,3.0,False,False,,,weekly,10.0,sigma,computed,/home/lkoo/projects/AutomationDetection/DownloadedLC/incremental/quiescent_background_cache.csv,,,,,,False,not_in_flare_streak
4FGL J0217.4+7352,184,185,58393.00001157408,8.36e-08,3.85e-08,8.2e-08,1.1051979522184301e-07,1.0625224913494808e-07,2.8712001824176005e-09,1.0625224913494808e-07,2.8712001824176005e-09,2.6194e-07,2.6194e-07,1.0625224913494808e-07,True,False,False,0,False,,,-0.5867407395630998,3.0,False,False,,,weekly,10.0,sigma,computed,/home/lkoo/projects/AutomationDetection/DownloadedLC/incremental/quiescent_background_cache.csv,,,,,,False,not_in_flare_streak
4FGL J0217.4+7352,185,186,58428.00001157408,5.98e-08,3.82e-08,8.36e-08,1.1051979522184301e-07,1.0625224913494808e-07,2.8712001824176005e-09,1.0625224913494808e-07,2.8712001824176005e-09,2.6194e-07,2.6194e-07,1.0625224913494808e-07,False,False,False,0,False,,,-1.212607053717516,3.0,False,False,,,weekly,10.0,sigma,computed,/home/lkoo/projects/AutomationDetection/DownloadedLC/incremental/quiescent_background_cache.csv,,,,,,False,not_in_flare_streak
4FGL J0217.4+7352,186,187,58442.00001157408,6.36e-08,2.74e-08,5.98e-08,1.1051979522184301e-07,1.0625224913494808e-07,2.8712001824176005e-09,1.0625224913494808e-07,2.8712001824176005e-09,2.6194e-07,2.6194e-07,1.0625224913494808e-07,True,False,False,0,False,,,-1.5481746960229856,3.0,False,False,,,weekly,10.0,sigma,computed,/home/lkoo/projects/AutomationDetection/DownloadedLC/incremental/quiescent_background_cache.csv,,,,,,False,not_in_flare_streak
4FGL J0217.4+7352,187,188,58456.00001157408,7.34e-08,3.83e-08,6.36e-08,1.1051979522184301e-07,1.0625224913494808e-07,2.8712001824176005e-09,1.0625224913494808e-07,2.8712001824176005e-09,2.6194e-07,2.6194e-07,1.0625224913494808e-07,True,False,False,0,False,,,-0.8553609155760392,3.0,False,False,,,weekly,10.0,sigma,computed,/home/lkoo/projects/AutomationDetection/DownloadedLC/incremental/quiescent_background_cache.csv,,,,,,False,not_in_flare_streak
4FGL J0217.4+7352,188,189,58463.00001157408,1.12e-07,4e-08,7.34e-08,1.1051979522184301e-07,1.0625224913494808e-07,2.8712001824176005e-09,1.0625224913494808e-07,2.8712001824176005e-09,2.6194e-07,2.6194e-07,1.0625224913494808e-07,True,True,False,0,False,,,0.143325014325174,3.0,False,False,,,weekly,10.0,sigma,computed,/home/lkoo/projects/AutomationDetection/DownloadedLC/incremental/quiescent_background_cache.csv,,,,,,False,not_in_flare_streak
4FGL J0217.4+7352,189,190,58470.00001157408,5.5e-08,4.05e-08,1.12e-07,1.1051979522184301e-07,1.0625224913494808e-07,2.8712001824176005e-09,1.0625224913494808e-07,2.8712001824176005e-09,2.6194e-07,2.6194e-07,1.0625224913494808e-07,False,False,False,0,False,,,-1.262319440793034,3.0,False,False,,,weekly,10.0,sigma,computed,/home/lkoo/projects/AutomationDetection/DownloadedLC/incremental/quiescent_background_cache.csv,,,,,,False,not_in_flare_streak
4FGL J0217.4+7352,190,191,58491.00001157408,9.33e-08,5.91e-08,5.5e-08,1.1051979522184301e-07,1.0625224913494808e-07,2.8712001824176005e-09,1.0625224913494808e-07,2.8712001824176005e-09,2.6194e-07,2.6194e-07,1.0625224913494808e-07,True,False,False,0,False,,,-0.2189000182374614,3.0,False,False,,,weekly,10.0,sigma,computed,/home/lkoo/projects/AutomationDetection/DownloadedLC/incremental/quiescent_background_cache.csv,,,,,,False,not_in_flare_streak
4FGL J0217.4+7352,191,192,58498.00001157408,8.58e-08,5.14e-08,9.33e-08,1.1051979522184301e-07,1.0625224913494808e-07,2.8712001824176005e-09,1.0625224913494808e-07,2.8712001824176005e-09,2.6194e-07,2.6194e-07,1.0625224913494808e-07,False,False,False,0,False,,,-0.3972843330634041,3.0,False,False,,,weekly,10.0,sigma,computed,/home/lkoo/projects/AutomationDetection/DownloadedLC/incremental/quiescent_background_cache.csv,,,,,,False,not_in_flare_streak
4FGL J0217.4+7352,192,193,58505.00001157408,8.38e-08,3.68e-08,8.58e-08,1.1051979522184301e-07,1.0625224913494808e-07,2.8712001824176005e-09,1.0625224913494808e-07,2.8712001824176005e-09,2.6194e-07,2.6194e-07,1.0625224913494808e-07,False,False,False,0,False,,,-0.6082668949167293,3.0,False,False,,,weekly,10.0,sigma,computed,/home/lkoo/projects/AutomationDetection/DownloadedLC/incremental/quiescent_background_cache.csv,,,,,,False,not_in_flare_streak
4FGL J0217.4+7352,193,194,58512.00001157408,9.32e-08,3.73e-08,8.38e-08,1.1051979522184301e-07,1.0625224913494808e-07,2.8712001824176005e-09,1.0625224913494808e-07,2.8712001824176005e-09,2.6194e-07,2.6194e-07,1.0625224913494808e-07,True,False,False,0,False,,,-0.34889412825038424,3.0,False,False,,,weekly,10.0,sigma,computed,/home/lkoo/projects/AutomationDetection/DownloadedLC/incremental/quiescent_background_cache.csv,,,,,,False,not_in_flare_streak
4FGL J0217.4+7352,194,195,58519.00001157408,7.51e-08,3.73e-08,9.32e-08,1.1051979522184301e-07,1.0625224913494808e-07,2.8712001824176005e-09,1.0625224913494808e-07,2.8712001824176005e-09,2.6194e-07,2.6194e-07,1.0625224913494808e-07,False,False,False,0,False,,,-0.8327175410615338,3.0,False,False,,,weekly,10.0,sigma,computed,/home/lkoo/projects/AutomationDetection/DownloadedLC/incremental/quiescent_background_cache.csv,,,,,,False,not_in_flare_streak
4FGL J0217.4+7352,195,196,58526.00001157408,3.98e-08,2.64e-08,7.51e-08,1.1051979522184301e-07,1.0625224913494808e-07,2.8712001824176005e-09,1.0625224913494808e-07,2.8712001824176005e-09,2.6194e-07,2.6194e-07,1.0625224913494808e-07,False,False,False,0,False,,,-2.502374844658918,3.0,False,False,,,weekly,10.0,sigma,computed,/home/lkoo/projects/AutomationDetection/DownloadedLC/incremental/quiescent_background_cache.csv,,,,,,False,not_in_flare_streak
4FGL J0217.4+7352,196,197,58533.00001157408,7.98e-08,4.62e-08,3.98e-08,1.1051979522184301e-07,1.0625224913494808e-07,2.8712001824176005e-09,1.0625224913494808e-07,2.8712001824176005e-09,2.6194e-07,2.6194e-07,1.0625224913494808e-07,True,False,False,0,False,,,-0.5714570070445827,3.0,False,False,,,weekly,10.0,sigma,computed,/home/lkoo/projects/AutomationDetection/DownloadedLC/incremental/quiescent_background_cache.csv,,,,,,False,not_in_flare_streak
4FGL J0217.4+7352,197,198,58547.00001157408,8.07e-08,4.41e-08,7.98e-08,1.1051979522184301e-07,1.0625224913494808e-07,2.8712001824176005e-09,1.0625224913494808e-07,2.8712001824176005e-09,2.6194e-07,2.6194e-07,1.0625224913494808e-07,True,False,False,0,False,,,-0.5781919367366303,3.0,False,False,,,weekly,10.0,sigma,computed,/home/lkoo/projects/AutomationDetection/DownloadedLC/incremental/quiescent_background_cache.csv,,,,,,False,not_in_flare_streak
4FGL J0217.4+7352,198,199,58568.00001157408,1.3e-07,4.51e-08,8.07e-08,1.1051979522184301e-07,1.0625224913494808e-07,2.8712001824176005e-09,1.0625224913494808e-07,2.8712001824176005e-09,2.6194e-07,2.6194e-07,1.0625224913494808e-07,True,True,False,0,False,,,0.5254938391345,3.0,False,False,,,weekly,10.0,sigma,computed,/home/lkoo/projects/AutomationDetection/DownloadedLC/incremental/quiescent_background_cache.csv,,,,,,False,not_in_flare_streak
4FGL J0217.4+7352,199,200,58596.00001157408,1.01e-07,4.3e-08,1.3e-07,1.1051979522184301e-07,1.0625224913494808e-07,2.8712001824176005e-09,1.0625224913494808e-07,2.8712001824176005e-09,2.6194e-07,2.6194e-07,1.0625224913494808e-07,False,False,False,0,False,,,-0.12187394260084339,3.0,False,False,,,weekly,10.0,sigma,computed,/home/lkoo/projects/AutomationDetection/DownloadedLC/incremental/quiescent_background_cache.csv,,,,,,False,not_in_flare_streak
4FGL J0217.4+7352,200,201,58652.00001157408,1.68e-07,4.81e-08,1.01e-07,1.1051979522184301e-07,1.0625224913494808e-07,2.8712001824176005e-09,1.0625224913494808e-07,2.8712001824176005e-09,2.6194e-07,2.6194e-07,1.0625224913494808e-07,True,True,False,0,False,,,1.2814560301530264,3.0,False,False,,,weekly,10.0,sigma,computed,/home/lkoo/projects/AutomationDetection/DownloadedLC/incremental/quiescent_background_cache.csv,,,,,,False,not_in_flare_streak
4FGL J0217.4+7352,201,202,58974.00001157408,9.25e-08,3.95e-08,1.68e-07,1.1051979522184301e-07,1.0625224913494808e-07,2.8712001824176005e-09,1.0625224913494808e-07,2.8712001824176005e-09,2.6194e-07,2.6194e-07,1.0625224913494808e-07,False,False,False,0,False,,,-0.34724206444401373,3.0,False,False,,,weekly,10.0,sigma,computed,/home/lkoo/projects/AutomationDetection/DownloadedLC/incremental/quiescent_background_cache.csv,,,,,,False,not_in_flare_streak
4FGL J0217.4+7352,202,203,58981.00001157408,8.9e-08,4.51e-08,9.25e-08,1.1051979522184301e-07,1.0625224913494808e-07,2.8712001824176005e-09,1.0625224913494808e-07,2.8712001824176005e-09,2.6194e-07,2.6194e-07,1.0625224913494808e-07,False,False,False,0,False,,,-0.381760389990048,3.0,False,False,,,weekly,10.0,sigma,computed,/home/lkoo/projects/AutomationDetection/DownloadedLC/incremental/quiescent_background_cache.csv,,,,,,False,not_in_flare_streak
4FGL J0217.4+7352,203,204,59016.00001157408,9.39e-08,4.39e-08,8.9e-08,1.1051979522184301e-07,1.0625224913494808e-07,2.8712001824176005e-09,1.0625224913494808e-07,2.8712001824176005e-09,2.6194e-07,2.6194e-07,1.0625224913494808e-07,True,False,False,0,False,,,-0.28077254528126516,3.0,False,False,,,weekly,10.0,sigma,computed,/home/lkoo/projects/AutomationDetection/DownloadedLC/incremental/quiescent_background_cache.csv,,,,,,False,not_in_flare_streak
4FGL J0217.4+7352,204,205,59065.00001157408,4.44e-08,3.82e-08,9.39e-08,1.1051979522184301e-07,1.0625224913494808e-07,2.8712001824176005e-09,1.0625224913494808e-07,2.8712001824176005e-09,2.6194e-07,2.6194e-07,1.0625224913494808e-07,False,False,False,0,False,,,-1.6146144693972095,3.0,False,False,,,weekly,10.0,sigma,computed,/home/lkoo/projects/AutomationDetection/DownloadedLC/incremental/quiescent_background_cache.csv,,,,,,False,not_in_flare_streak
4FGL J0217.4+7352,205,206,59072.00001157408,5.04e-08,3.19e-08,4.44e-08,1.1051979522184301e-07,1.0625224913494808e-07,2.8712001824176005e-09,1.0625224913494808e-07,2.8712001824176005e-09,2.6194e-07,2.6194e-07,1.0625224913494808e-07,True,False,False,0,False,,,-1.743805057195869,3.0,False,False,,,weekly,10.0,sigma,computed,/home/lkoo/projects/AutomationDetection/DownloadedLC/incremental/quiescent_background_cache.csv,,,,,,False,not_in_flare_streak
4FGL J0217.4+7352,206,207,59128.00001157408,7.41e-08,3.97e-08,5.04e-08,1.1051979522184301e-07,1.0625224913494808e-07,2.8712001824176005e-09,1.0625224913494808e-07,2.8712001824176005e-09,2.6194e-07,2.6194e-07,1.0625224913494808e-07,True,False,False,0,False,,,-0.8077705508827326,3.0,False,False,,,weekly,10.0,sigma,computed,/home/lkoo/projects/AutomationDetection/DownloadedLC/incremental/quiescent_background_cache.csv,,,,,,False,not_in_flare_streak
4FGL J0217.4+7352,207,208,59198.00001157408,1.37e-07,5.25e-08,7.41e-08,1.1051979522184301e-07,1.0625224913494808e-07,2.8712001824176005e-09,1.0625224913494808e-07,2.8712001824176005e-09,2.6194e-07,2.6194e-07,1.0625224913494808e-07,True,True,False,0,False,,,0.5847975495276048,3.0,False,False,,,weekly,10.0,sigma,computed,/home/lkoo/projects/AutomationDetection/DownloadedLC/incremental/quiescent_background_cache.csv,,,,,,False,not_in_flare_streak
4FGL J0217.4+7352,208,209,59205.00001157408,9.26e-08,5.05e-08,1.37e-07,1.1051979522184301e-07,1.0625224913494808e-07,2.8712001824176005e-09,1.0625224913494808e-07,2.8712001824176005e-09,2.6194e-07,2.6194e-07,1.0625224913494808e-07,False,False,False,0,False,,,-0.26990567826779943,3.0,False,False,,,weekly,10.0,sigma,computed,/home/lkoo/projects/AutomationDetection/DownloadedLC/incremental/quiescent_background_cache.csv,,,,,,False,not_in_flare_streak
4FGL J0217.4+7352,209,210,59233.00001157408,5.39e-08,3.36e-08,9.26e-08,1.1051979522184301e-07,1.0625224913494808e-07,2.8712001824176005e-09,1.0625224913494808e-07,2.8712001824176005e-09,2.6194e-07,2.6194e-07,1.0625224913494808e-07,False,False,False,0,False,,,-1.5524449004440755,3.0,False,False,,,weekly,10.0,sigma,computed,/home/lkoo/projects/AutomationDetection/DownloadedLC/incremental/quiescent_background_cache.csv,,,,,,False,not_in_flare_streak
4FGL J0217.4+7352,210,211,59275.00001157408,9.58e-08,3.99e-08,5.39e-08,1.1051979522184301e-07,1.0625224913494808e-07,2.8712001824176005e-09,1.0625224913494808e-07,2.8712001824176005e-09,2.6194e-07,2.6194e-07,1.0625224913494808e-07,True,False,False,0,False,,,-0.2612855067653354,3.0,False,False,,,weekly,10.0,sigma,computed,/home/lkoo/projects/AutomationDetection/DownloadedLC/incremental/quiescent_background_cache.csv,,,,,,False,not_in_flare_streak
4FGL J0217.4+7352,211,212,59282.00001157408,4.71e-08,2.81e-08,9.58e-08,1.1051979522184301e-07,1.0625224913494808e-07,2.8712001824176005e-09,1.0625224913494808e-07,2.8712001824176005e-09,2.6194e-07,2.6194e-07,1.0625224913494808e-07,False,False,False,0,False,,,-2.094158775510144,3.0,False,False,,,weekly,10.0,sigma,computed,/home/lkoo/projects/AutomationDetection/DownloadedLC/incremental/quiescent_background_cache.csv,,,,,,False,not_in_flare_streak
4FGL J0217.4+7352,212,213,59338.00001157408,9.42e-08,4.19e-08,4.71e-08,1.1051979522184301e-07,1.0625224913494808e-07,2.8712001824176005e-09,1.0625224913494808e-07,2.8712001824176005e-09,2.6194e-07,2.6194e-07,1.0625224913494808e-07,True,False,False,0,False,,,-0.2869702057763546,3.0,False,False,,,weekly,10.0,sigma,computed,/home/lkoo/projects/AutomationDetection/DownloadedLC/incremental/quiescent_background_cache.csv,,,,,,False,not_in_flare_streak
4FGL J0217.4+7352,213,214,59359.00001157408,1.3e-07,4.85e-08,9.42e-08,1.1051979522184301e-07,1.0625224913494808e-07,2.8712001824176005e-09,1.0625224913494808e-07,2.8712001824176005e-09,2.6194e-07,2.6194e-07,1.0625224913494808e-07,True,True,False,0,False,,,0.48878858274623777,3.0,False,False,,,weekly,10.0,sigma,computed,/home/lkoo/projects/AutomationDetection/DownloadedLC/incremental/quiescent_background_cache.csv,,,,,,False,not_in_flare_streak
4FGL J0217.4+7352,214,215,59387.00001157408,7.85e-08,4.12e-08,1.3e-07,1.1051979522184301e-07,1.0625224913494808e-07,2.8712001824176005e-09,1.0625224913494808e-07,2.8712001824176005e-09,2.6194e-07,2.6194e-07,1.0625224913494808e-07,False,False,False,0,False,,,-0.6719685145446682,3.0,False,False,,,weekly,10.0,sigma,computed,/home/lkoo/projects/AutomationDetection/DownloadedLC/incremental/quiescent_background_cache.csv,,,,,,False,not_in_flare_streak
4FGL J0217.4+7352,215,216,59464.00001157408,6.87e-08,3.49e-08,7.85e-08,1.1051979522184301e-07,1.0625224913494808e-07,2.8712001824176005e-09,1.0625224913494808e-07,2.8712001824176005e-09,2.6194e-07,2.6194e-07,1.0625224913494808e-07,False,False,False,0,False,,,-1.072372756139726,3.0,False,False,,,weekly,10.0,sigma,computed,/home/lkoo/projects/AutomationDetection/DownloadedLC/incremental/quiescent_background_cache.csv,,,,,,False,not_in_flare_streak
4FGL J0217.4+7352,216,217,59478.00001157408,1.18e-07,5.26e-08,6.87e-08,1.1051979522184301e-07,1.0625224913494808e-07,2.8712001824176005e-09,1.0625224913494808e-07,2.8712001824176005e-09,2.6194e-07,2.6194e-07,1.0625224913494808e-07,True,True,False,0,False,,,0.22300928100468934,3.0,False,False,,,weekly,10.0,sigma,computed,/home/lkoo/projects/AutomationDetection/DownloadedLC/incremental/quiescent_background_cache.csv,,,,,,False,not_in_flare_streak
4FGL J0217.4+7352,217,218,59492.00001157408,8.68e-08,5.67e-08,1.18e-07,1.1051979522184301e-07,1.0625224913494808e-07,2.8712001824176005e-09,1.0625224913494808e-07,2.8712001824176005e-09,2.6194e-07,2.6194e-07,1.0625224913494808e-07,False,False,False,0,False,,,-0.3426341579529872,3.0,False,False,,,weekly,10.0,sigma,computed,/home/lkoo/projects/AutomationDetection/DownloadedLC/incremental/quiescent_background_cache.csv,,,,,,False,not_in_flare_streak
4FGL J0217.4+7352,218,219,59520.00001157408,8.77e-08,4.35e-08,8.68e-08,1.1051979522184301e-07,1.0625224913494808e-07,2.8712001824176005e-09,1.0625224913494808e-07,2.8712001824176005e-09,2.6194e-07,2.6194e-07,1.0625224913494808e-07,True,False,False,0,False,,,-0.4255624889566133,3.0,False,False,,,weekly,10.0,sigma,computed,/home/lkoo/projects/AutomationDetection/DownloadedLC/incremental/quiescent_background_cache.csv,,,,,,False,not_in_flare_streak
4FGL J0217.4+7352,219,220,59534.00001157408,1.12e-08,1.08e-08,8.77e-08,1.1051979522184301e-07,1.0625224913494808e-07,2.8712001824176005e-09,1.0625224913494808e-07,2.8712001824176005e-09,2.6194e-07,2.6194e-07,1.0625224913494808e-07,False,False,False,0,False,,,-8.50568630519308,3.0,False,False,,,weekly,10.0,sigma,computed,/home/lkoo/projects/AutomationDetection/DownloadedLC/incremental/quiescent_background_cache.csv,,,,,,False,not_in_flare_streak
4FGL J0217.4+7352,220,221,59562.00001157408,9.36e-08,3.99e-08,1.12e-08,1.1051979522184301e-07,1.0625224913494808e-07,2.8712001824176005e-09,1.0625224913494808e-07,2.8712001824176005e-09,2.6194e-07,2.6194e-07,1.0625224913494808e-07,True,False,False,0,False,,,-0.3162811452601876,3.0,False,False,,,weekly,10.0,sigma,computed,/home/lkoo/projects/AutomationDetection/DownloadedLC/incremental/quiescent_background_cache.csv,,,,,,False,not_in_flare_streak
4FGL J0217.4+7352,221,222,59569.00001157408,8.96e-08,4.83e-08,9.36e-08,1.1051979522184301e-07,1.0625224913494808e-07,2.8712001824176005e-09,1.0625224913494808e-07,2.8712001824176005e-09,2.6194e-07,2.6194e-07,1.0625224913494808e-07,False,False,False,0,False,,,-0.3441595166338628,3.0,False,False,,,weekly,10.0,sigma,computed,/home/lkoo/projects/AutomationDetection/DownloadedLC/incremental/quiescent_background_cache.csv,,,,,,False,not_in_flare_streak
4FGL J0217.4+7352,222,223,59583.00001157408,7.19e-08,3.93e-08,8.96e-08,1.1051979522184301e-07,1.0625224913494808e-07,2.8712001824176005e-09,1.0625224913494808e-07,2.8712001824176005e-09,2.6194e-07,2.6194e-07,1.0625224913494808e-07,False,False,False,0,False,,,-0.8717795448692564,3.0,False,False,,,weekly,10.0,sigma,computed,/home/lkoo/projects/AutomationDetection/DownloadedLC/incremental/quiescent_background_cache.csv,,,,,,False,not_in_flare_streak
4FGL J0217.4+7352,223,224,59625.00001157408,7.72e-08,3.5e-08,7.19e-08,1.1051979522184301e-07,1.0625224913494808e-07,2.8712001824176005e-09,1.0625224913494808e-07,2.8712001824176005e-09,2.6194e-07,2.6194e-07,1.0625224913494808e-07,True,False,False,0,False,,,-0.8272852687856991,3.0,False,False,,,weekly,10.0,sigma,computed,/home/lkoo/projects/AutomationDetection/DownloadedLC/incremental/quiescent_background_cache.csv,,,,,,False,not_in_flare_streak
4FGL J0217.4+7352,224,225,59646.00001157408,5.89e-08,3.5e-08,7.72e-08,1.1051979522184301e-07,1.0625224913494808e-07,2.8712001824176005e-09,1.0625224913494808e-07,2.8712001824176005e-09,2.6194e-07,2.6194e-07,1.0625224913494808e-07,False,False,False,0,False,,,-1.3483919255700312,3.0,False,False,,,weekly,10.0,sigma,computed,/home/lkoo/projects/AutomationDetection/DownloadedLC/incremental/quiescent_background_cache.csv,,,,,,False,not_in_flare_streak
4FGL J0217.4+7352,225,226,59660.00001157408,1.99e-07,5.71e-08,5.89e-08,1.1051979522184301e-07,1.0625224913494808e-07,2.8712001824176005e-09,1.0625224913494808e-07,2.8712001824176005e-09,2.6194e-07,2.6194e-07,1.0625224913494808e-07,True,True,False,0,False,,,1.622254266703458,3.0,False,False,,,weekly,10.0,sigma,computed,/home/lkoo/projects/AutomationDetection/DownloadedLC/incremental/quiescent_background_cache.csv,,,,,,False,not_in_flare_streak
4FGL J0217.4+7352,226,227,59667.00001157408,1.05e-07,4.35e-08,1.99e-07,1.1051979522184301e-07,1.0625224913494808e-07,2.8712001824176005e-09,1.0625224913494808e-07,2.8712001824176005e-09,2.6194e-07,2.6194e-07,1.0625224913494808e-07,False,False,False,0,False,,,-0.028724833026222807,3.0,False,False,,,weekly,10.0,sigma,computed,/home/lkoo/projects/AutomationDetection/DownloadedLC/incremental/quiescent_background_cache.csv,,,,,,False,not_in_flare_streak
4FGL J0217.4+7352,227,228,59674.00001157408,1.49e-07,4.47e-08,1.05e-07,1.1051979522184301e-07,1.0625224913494808e-07,2.8712001824176005e-09,1.0625224913494808e-07,2.8712001824176005e-09,2.6194e-07,2.6194e-07,1.0625224913494808e-07,True,True,False,0,False,,,0.9543587855895357,3.0,False,False,,,weekly,10.0,sigma,computed,/home/lkoo/projects/AutomationDetection/DownloadedLC/incremental/quiescent_background_cache.csv,,,,,,False,not_in_flare_streak
4FGL J0217.4+7352,228,229,59681.00001157408,2.02e-07,5.07e-08,1.49e-07,1.1051979522184301e-07,1.0625224913494808e-07,2.8712001824176005e-09,1.0625224913494808e-07,2.8712001824176005e-09,2.6194e-07,2.6194e-07,1.0625224913494808e-07,True,True,False,0,False,,,1.885494741586954,3.0,False,False,,,weekly,10.0,sigma,computed,/home/lkoo/projects/AutomationDetection/DownloadedLC/incremental/quiescent_background_cache.csv,,,,,,False,not_in_flare_streak
4FGL J0217.4+7352,229,230,59688.00001157408,1.7e-07,4.71e-08,2.02e-07,1.1051979522184301e-07,1.0625224913494808e-07,2.8712001824176005e-09,1.0625224913494808e-07,2.8712001824176005e-09,2.6194e-07,2.6194e-07,1.0625224913494808e-07,False,True,False,0,False,,,1.350947644798963,3.0,False,False,,,weekly,10.0,sigma,computed,/home/lkoo/projects/AutomationDetection/DownloadedLC/incremental/quiescent_background_cache.csv,,,,,,False,not_in_flare_streak
4FGL J0217.4+7352,230,231,59695.00001157408,8.47e-08,4.48e-08,1.7e-07,1.1051979522184301e-07,1.0625224913494808e-07,2.8712001824176005e-09,1.0625224913494808e-07,2.8712001824176005e-09,2.6194e-07,2.6194e-07,1.0625224913494808e-07,False,False,False,0,False,,,-0.48009202611042806,3.0,False,False,,,weekly,10.0,sigma,computed,/home/lkoo/projects/AutomationDetection/DownloadedLC/incremental/quiescent_background_cache.csv,,,,,,False,not_in_flare_streak
4FGL J0217.4+7352,231,232,59702.00001157408,8.6e-08,3.94e-08,8.47e-08,1.1051979522184301e-07,1.0625224913494808e-07,2.8712001824176005e-09,1.0625224913494808e-07,2.8712001824176005e-09,2.6194e-07,2.6194e-07,1.0625224913494808e-07,True,False,False,0,False,,,-0.5126570481507585,3.0,False,False,,,weekly,10.0,sigma,computed,/home/lkoo/projects/AutomationDetection/DownloadedLC/incremental/quiescent_background_cache.csv,,,,,,False,not_in_flare_streak
4FGL J0217.4+7352,232,233,59765.00001157408,8.4e-08,4.36e-08,8.6e-08,1.1051979522184301e-07,1.0625224913494808e-07,2.8712001824176005e-09,1.0625224913494808e-07,2.8712001824176005e-09,2.6194e-07,2.6194e-07,1.0625224913494808e-07,False,False,False,0,False,,,-0.5092696201715414,3.0,False,False,,,weekly,10.0,sigma,computed,/home/lkoo/projects/AutomationDetection/DownloadedLC/incremental/quiescent_background_cache.csv,,,,,,False,not_in_flare_streak
4FGL J0217.4+7352,233,234,59779.00001157408,9.99e-08,4.17e-08,8.4e-08,1.1051979522184301e-07,1.0625224913494808e-07,2.8712001824176005e-09,1.0625224913494808e-07,2.8712001824176005e-09,2.6194e-07,2.6194e-07,1.0625224913494808e-07,True,False,False,0,False,,,-0.15197230169611228,3.0,False,False,,,weekly,10.0,sigma,computed,/home/lkoo/projects/AutomationDetection/DownloadedLC/incremental/quiescent_background_cache.csv,,,,,,False,not_in_flare_streak
4FGL J0217.4+7352,234,235,59800.00001157408,1.53e-07,4.67e-08,9.99e-08,1.1051979522184301e-07,1.0625224913494808e-07,2.8712001824176005e-09,1.0625224913494808e-07,2.8712001824176005e-09,2.6194e-07,2.6194e-07,1.0625224913494808e-07,True,True,False,0,False,,,0.9991359107240632,3.0,False,False,,,weekly,10.0,sigma,computed,/home/lkoo/projects/AutomationDetection/DownloadedLC/incremental/quiescent_background_cache.csv,,,,,,False,not_in_flare_streak
4FGL J0217.4+7352,235,236,59814.00001157408,5.17e-08,3.45e-08,1.53e-07,1.1051979522184301e-07,1.0625224913494808e-07,2.8712001824176005e-09,1.0625224913494808e-07,2.8712001824176005e-09,2.6194e-07,2.6194e-07,1.0625224913494808e-07,False,False,False,0,False,,,-1.5757770343147843,3.0,False,False,,,weekly,10.0,sigma,computed,/home/lkoo/projects/AutomationDetection/DownloadedLC/incremental/quiescent_background_cache.csv,,,,,,False,not_in_flare_streak
4FGL J0217.4+7352,236,237,59821.00001157408,9.55e-08,4.39e-08,5.17e-08,1.1051979522184301e-07,1.0625224913494808e-07,2.8712001824176005e-09,1.0625224913494808e-07,2.8712001824176005e-09,2.6194e-07,2.6194e-07,1.0625224913494808e-07,True,False,False,0,False,,,-0.24440377814079306,3.0,False,False,,,weekly,10.0,sigma,computed,/home/lkoo/projects/AutomationDetection/DownloadedLC/incremental/quiescent_background_cache.csv,,,,,,False,not_in_flare_streak
4FGL J0217.4+7352,237,238,59835.00001157408,1.29e-07,3.76e-08,9.55e-08,1.1051979522184301e-07,1.0625224913494808e-07,2.8712001824176005e-09,1.0625224913494808e-07,2.8712001824176005e-09,2.6194e-07,2.6194e-07,1.0625224913494808e-07,True,True,False,0,False,,,0.603237159315362,3.0,False,False,,,weekly,10.0,sigma,computed,/home/lkoo/projects/AutomationDetection/DownloadedLC/incremental/quiescent_background_cache.csv,,,,,,False,not_in_flare_streak
4FGL J0217.4+7352,238,239,59842.00001157408,1.07e-07,5.82e-08,1.29e-07,1.1051979522184301e-07,1.0625224913494808e-07,2.8712001824176005e-09,1.0625224913494808e-07,2.8712001824176005e-09,2.6194e-07,2.6194e-07,1.0625224913494808e-07,False,True,False,0,False,,,0.012832346954999825,3.0,False,False,,,weekly,10.0,sigma,computed,/home/lkoo/projects/AutomationDetection/DownloadedLC/incremental/quiescent_background_cache.csv,,,,,,False,not_in_flare_streak
4FGL J0217.4+7352,239,240,59877.00001157408,1.01e-07,4.37e-08,1.07e-07,1.1051979522184301e-07,1.0625224913494808e-07,2.8712001824176005e-09,1.0625224913494808e-07,2.8712001824176005e-09,2.6194e-07,2.6194e-07,1.0625224913494808e-07,False,False,False,0,False,,,-0.11993018755565857,3.0,False,False,,,weekly,10.0,sigma,computed,/home/lkoo/projects/AutomationDetection/DownloadedLC/incremental/quiescent_background_cache.csv,,,,,,False,not_in_flare_streak
4FGL J0217.4+7352,240,241,59891.00001157408,8.69e-08,4.38e-08,1.01e-07,1.1051979522184301e-07,1.0625224913494808e-07,2.8712001824176005e-09,1.0625224913494808e-07,2.8712001824176005e-09,2.6194e-07,2.6194e-07,1.0625224913494808e-07,False,False,False,0,False,,,-0.4408859149364353,3.0,False,False,,,weekly,10.0,sigma,computed,/home/lkoo/projects/AutomationDetection/DownloadedLC/incremental/quiescent_background_cache.csv,,,,,,False,not_in_flare_streak
4FGL J0217.4+7352,241,242,59926.00001157408,7.64e-08,4.24e-08,8.69e-08,1.1051979522184301e-07,1.0625224913494808e-07,2.8712001824176005e-09,1.0625224913494808e-07,2.8712001824176005e-09,2.6194e-07,2.6194e-07,1.0625224913494808e-07,False,False,False,0,False,,,-0.7024537392823256,3.0,False,False,,,weekly,10.0,sigma,computed,/home/lkoo/projects/AutomationDetection/DownloadedLC/incremental/quiescent_background_cache.csv,,,,,,False,not_in_flare_streak
4FGL J0217.4+7352,242,243,59933.00001157408,8.98e-08,4.34e-08,7.64e-08,1.1051979522184301e-07,1.0625224913494808e-07,2.8712001824176005e-09,1.0625224913494808e-07,2.8712001824176005e-09,2.6194e-07,2.6194e-07,1.0625224913494808e-07,True,False,False,0,False,,,-0.37825722464355505,3.0,False,False,,,weekly,10.0,sigma,computed,/home/lkoo/projects/AutomationDetection/DownloadedLC/incremental/quiescent_background_cache.csv,,,,,,False,not_in_flare_streak
4FGL J0217.4+7352,243,244,59940.00001157408,9.59e-08,4.44e-08,8.98e-08,1.1051979522184301e-07,1.0625224913494808e-07,2.8712001824176005e-09,1.0625224913494808e-07,2.8712001824176005e-09,2.6194e-07,2.6194e-07,1.0625224913494808e-07,True,False,False,0,False,,,-0.2326727788515675,3.0,False,False,,,weekly,10.0,sigma,computed,/home/lkoo/projects/AutomationDetection/DownloadedLC/incremental/quiescent_background_cache.csv,,,,,,False,not_in_flare_streak
4FGL J0217.4+7352,244,245,59954.00001157408,9.18e-08,4.19e-08,9.59e-08,1.1051979522184301e-07,1.0625224913494808e-07,2.8712001824176005e-09,1.0625224913494808e-07,2.8712001824176005e-09,2.6194e-07,2.6194e-07,1.0625224913494808e-07,False,False,False,0,False,,,-0.3441154312153255,3.0,False,False,,,weekly,10.0,sigma,computed,/home/lkoo/projects/AutomationDetection/DownloadedLC/incremental/quiescent_background_cache.csv,,,,,,False,not_in_flare_streak
4FGL J0217.4+7352,245,246,59968.00001157408,7.33e-08,4.25e-08,9.18e-08,1.1051979522184301e-07,1.0625224913494808e-07,2.8712001824176005e-09,1.0625224913494808e-07,2.8712001824176005e-09,2.6194e-07,2.6194e-07,1.0625224913494808e-07,False,False,False,0,False,,,-0.7735837160820952,3.0,False,False,,,weekly,10.0,sigma,computed,/home/lkoo/projects/AutomationDetection/DownloadedLC/incremental/quiescent_background_cache.csv,,,,,,False,not_in_flare_streak
4FGL J0217.4+7352,246,247,59989.00001157408,8.77e-08,4.82e-08,7.33e-08,1.1051979522184301e-07,1.0625224913494808e-07,2.8712001824176005e-09,1.0625224913494808e-07,2.8712001824176005e-09,2.6194e-07,2.6194e-07,1.0625224913494808e-07,True,False,False,0,False,,,-0.38422035376635133,3.0,False,False,,,weekly,10.0,sigma,computed,/home/lkoo/projects/AutomationDetection/DownloadedLC/incremental/quiescent_background_cache.csv,,,,,,False,not_in_flare_streak
4FGL J0217.4+7352,247,248,60017.00001157408,6.58e-08,3.65e-08,8.77e-08,1.1051979522184301e-07,1.0625224913494808e-07,2.8712001824176005e-09,1.0625224913494808e-07,2.8712001824176005e-09,2.6194e-07,2.6194e-07,1.0625224913494808e-07,False,False,False,0,False,,,-1.1048676809862858,3.0,False,False,,,weekly,10.0,sigma,computed,/home/lkoo/projects/AutomationDetection/DownloadedLC/incremental/quiescent_background_cache.csv,,,,,,False,not_in_flare_streak
4FGL J0217.4+7352,248,249,60052.00001157408,9.55e-08,5.7e-08,6.58e-08,1.1051979522184301e-07,1.0625224913494808e-07,2.8712001824176005e-09,1.0625224913494808e-07,2.8712001824176005e-09,2.6194e-07,2.6194e-07,1.0625224913494808e-07,True,False,False,0,False,,,-0.18839708821157874,3.0,False,False,,,weekly,10.0,sigma,computed,/home/lkoo/projects/AutomationDetection/DownloadedLC/incremental/quiescent_background_cache.csv,,,,,,False,not_in_flare_streak
4FGL J0217.4+7352,249,250,60059.00001157408,1.19e-07,4.46e-08,9.55e-08,1.1051979522184301e-07,1.0625224913494808e-07,2.8712001824176005e-09,1.0625224913494808e-07,2.8712001824176005e-09,2.6194e-07,2.6194e-07,1.0625224913494808e-07,True,True,False,0,False,,,0.28523356658864757,3.0,False,False,,,weekly,10.0,sigma,computed,/home/lkoo/projects/AutomationDetection/DownloadedLC/incremental/quiescent_background_cache.csv,,,,,,False,not_in_flare_streak
4FGL J0217.4+7352,250,251,60066.00001157408,8.14e-08,3.74e-08,1.19e-07,1.1051979522184301e-07,1.0625224913494808e-07,2.8712001824176005e-09,1.0625224913494808e-07,2.8712001824176005e-09,2.6194e-07,2.6194e-07,1.0625224913494808e-07,False,False,False,0,False,,,-0.6625490946931156,3.0,False,False,,,weekly,10.0,sigma,computed,/home/lkoo/projects/AutomationDetection/DownloadedLC/incremental/quiescent_background_cache.csv,,,,,,False,not_in_flare_streak
4FGL J0217.4+7352,251,252,60108.00001157408,8.12e-08,5.12e-08,8.14e-08,1.1051979522184301e-07,1.0625224913494808e-07,2.8712001824176005e-09,1.0625224913494808e-07,2.8712001824176005e-09,2.6194e-07,2.6194e-07,1.0625224913494808e-07,False,False,False,0,False,,,-0.4885341833636165,3.0,False,False,,,weekly,10.0,sigma,computed,/home/lkoo/projects/AutomationDetection/DownloadedLC/incremental/quiescent_background_cache.csv,,,,,,False,not_in_flare_streak
4FGL J0217.4+7352,252,253,60178.00001157408,7.47e-08,4.48e-08,8.12e-08,1.1051979522184301e-07,1.0625224913494808e-07,2.8712001824176005e-09,1.0625224913494808e-07,2.8712001824176005e-09,2.6194e-07,2.6194e-07,1.0625224913494808e-07,False,False,False,0,False,,,-0.702849299889309,3.0,False,False,,,weekly,10.0,sigma,computed,/home/lkoo/projects/AutomationDetection/DownloadedLC/incremental/quiescent_background_cache.csv,,,,,,False,not_in_flare_streak
4FGL J0217.4+7352,253,254,60297.00001157408,6.84e-08,3.85e-08,7.47e-08,1.1051979522184301e-07,1.0625224913494808e-07,2.8712001824176005e-09,1.0625224913494808e-07,2.8712001824176005e-09,2.6194e-07,2.6194e-07,1.0625224913494808e-07,False,False,False,0,False,,,-0.980452604033089,3.0,False,False,,,weekly,10.0,sigma,computed,/home/lkoo/projects/AutomationDetection/DownloadedLC/incremental/quiescent_background_cache.csv,,,,,,False,not_in_flare_streak
4FGL J0217.4+7352,254,255,60304.00001157408,7.85e-08,4.52e-08,6.84e-08,1.1051979522184301e-07,1.0625224913494808e-07,2.8712001824176005e-09,1.0625224913494808e-07,2.8712001824176005e-09,2.6194e-07,2.6194e-07,1.0625224913494808e-07,True,False,False,0,False,,,-0.6127528098914786,3.0,False,False,,,weekly,10.0,sigma,computed,/home/lkoo/projects/AutomationDetection/DownloadedLC/incremental/quiescent_background_cache.csv,,,,,,False,not_in_flare_streak
4FGL J0217.4+7352,255,256,60318.00001157408,1.08e-07,5.46e-08,7.85e-08,1.1051979522184301e-07,1.0625224913494808e-07,2.8712001824176005e-09,1.0625224913494808e-07,2.8712001824176005e-09,2.6194e-07,2.6194e-07,1.0625224913494808e-07,True,True,False,0,False,,,0.03196592199454569,3.0,False,False,,,weekly,10.0,sigma,computed,/home/lkoo/projects/AutomationDetection/DownloadedLC/incremental/quiescent_background_cache.csv,,,,,,False,not_in_flare_streak
4FGL J0217.4+7352,256,257,60339.00001157408,1.04e-07,6.01e-08,1.08e-07,1.1051979522184301e-07,1.0625224913494808e-07,2.8712001824176005e-09,1.0625224913494808e-07,2.8712001824176005e-09,2.6194e-07,2.6194e-07,1.0625224913494808e-07,False,False,False,0,False,,,-0.037432335121519174,3.0,False,False,,,weekly,10.0,sigma,computed,/home/lkoo/projects/AutomationDetection/DownloadedLC/incremental/quiescent_background_cache.csv,,,,,,False,not_in_flare_streak
4FGL J0217.4+7352,257,258,60346.00001157408,1.09e-07,4.25e-08,1.04e-07,1.1051979522184301e-07,1.0625224913494808e-07,2.8712001824176005e-09,1.0625224913494808e-07,2.8712001824176005e-09,2.6194e-07,2.6194e-07,1.0625224913494808e-07,True,True,False,0,False,,,0.06450592541801027,3.0,False,False,,,weekly,10.0,sigma,computed,/home/lkoo/projects/AutomationDetection/DownloadedLC/incremental/quiescent_background_cache.csv,,,,,,False,not_in_flare_streak
4FGL J0217.4+7352,258,259,60353.00001157408,1.36e-07,4.61e-08,1.09e-07,1.1051979522184301e-07,1.0625224913494808e-07,2.8712001824176005e-09,1.0625224913494808e-07,2.8712001824176005e-09,2.6194e-07,2.6194e-07,1.0625224913494808e-07,True,True,False,0,False,,,0.6440395165039519,3.0,False,False,,,weekly,10.0,sigma,computed,/home/lkoo/projects/AutomationDetection/DownloadedLC/incremental/quiescent_background_cache.csv,,,,,,False,not_in_flare_streak
4FGL J0217.4+7352,259,260,60360.00001157408,4.23e-08,2.67e-08,1.36e-07,1.1051979522184301e-07,1.0625224913494808e-07,2.8712001824176005e-09,1.0625224913494808e-07,2.8712001824176005e-09,2.6194e-07,2.6194e-07,1.0625224913494808e-07,False,False,False,0,False,,,-2.3814852707650678,3.0,False,False,,,weekly,10.0,sigma,computed,/home/lkoo/projects/AutomationDetection/DownloadedLC/incremental/quiescent_background_cache.csv,,,,,,False,not_in_flare_streak
4FGL J0217.4+7352,260,261,60367.00001157408,9.6e-08,3.65e-08,4.23e-08,1.1051979522184301e-07,1.0625224913494808e-07,2.8712001824176005e-09,1.0625224913494808e-07,2.8712001824176005e-09,2.6194e-07,2.6194e-07,1.0625224913494808e-07,True,False,False,0,False,,,-0.28001851488741153,3.0,False,False,,,weekly,10.0,sigma,computed,/home/lkoo/projects/AutomationDetection/DownloadedLC/incremental/quiescent_background_cache.csv,,,,,,False,not_in_flare_streak
4FGL J0217.4+7352,261,262,60395.00001157408,1.36e-07,4.37e-08,9.6e-08,1.1051979522184301e-07,1.0625224913494808e-07,2.8712001824176005e-09,1.0625224913494808e-07,2.8712001824176005e-09,2.6194e-07,2.6194e-07,1.0625224913494808e-07,True,True,False,0,False,,,0.6792620168883045,3.0,False,False,,,weekly,10.0,sigma,computed,/home/lkoo/projects/AutomationDetection/DownloadedLC/incremental/quiescent_background_cache.csv,,,,,,False,not_in_flare_streak
4FGL J0217.4+7352,262,263,60402.00001157408,7.59e-08,4.69e-08,1.36e-07,1.1051979522184301e-07,1.0625224913494808e-07,2.8712001824176005e-09,1.0625224913494808e-07,2.8712001824176005e-09,2.6194e-07,2.6194e-07,1.0625224913494808e-07,False,False,False,0,False,,,-0.6459601449566783,3.0,False,False,,,weekly,10.0,sigma,computed,/home/lkoo/projects/AutomationDetection/DownloadedLC/incremental/quiescent_background_cache.csv,,,,,,False,not_in_flare_streak
4FGL J0217.4+7352,263,264,60423.00001157408,1.42e-07,4.34e-08,7.59e-08,1.1051979522184301e-07,1.0625224913494808e-07,2.8712001824176005e-09,1.0625224913494808e-07,2.8712001824176005e-09,2.6194e-07,2.6194e-07,1.0625224913494808e-07,True,True,False,0,False,,,0.8218842857625165,3.0,False,False,,,weekly,10.0,sigma,computed,/home/lkoo/projects/AutomationDetection/DownloadedLC/incremental/quiescent_background_cache.csv,,,,,,False,not_in_flare_streak
4FGL J0217.4+7352,264,265,60430.00001157408,1.1e-07,3.96e-08,1.42e-07,1.1051979522184301e-07,1.0625224913494808e-07,2.8712001824176005e-09,1.0625224913494808e-07,2.8712001824176005e-09,2.6194e-07,2.6194e-07,1.0625224913494808e-07,False,True,False,0,False,,,0.09439238898967774,3.0,False,False,,,weekly,10.0,sigma,computed,/home/lkoo/projects/AutomationDetection/DownloadedLC/incremental/quiescent_background_cache.csv,,,,,,False,not_in_flare_streak
4FGL J0217.4+7352,265,266,60437.00001157408,6.5e-08,4.57e-08,1.1e-07,1.1051979522184301e-07,1.0625224913494808e-07,2.8712001824176005e-09,1.0625224913494808e-07,2.8712001824176005e-09,2.6194e-07,2.6194e-07,1.0625224913494808e-07,False,False,False,0,False,,,-0.9008987509707486,3.0,False,False,,,weekly,10.0,sigma,computed,/home/lkoo/projects/AutomationDetection/DownloadedLC/incremental/quiescent_background_cache.csv,,,,,,False,not_in_flare_streak
4FGL J0217.4+7352,266,267,60444.00001157408,2.87e-07,5.62e-08,6.5e-08,1.1051979522184301e-07,1.0625224913494808e-07,2.8712001824176005e-09,1.0625224913494808e-07,2.8712001824176005e-09,2.6194e-07,2.6194e-07,1.0625224913494808e-07,True,True,False,0,False,,,3.2119631371022836,3.0,True,True,60444.00001157408,60444.00001157408,weekly,10.0,sigma,computed,/home/lkoo/projects/AutomationDetection/DownloadedLC/incremental/quiescent_background_cache.csv,,,,,,False,not_in_flare_streak
4FGL J0217.4+7352,267,268,60451.00001157408,1.62e-07,4.74e-08,2.87e-07,1.1051979522184301e-07,1.0625224913494808e-07,2.8712001824176005e-09,1.0625224913494808e-07,2.8712001824176005e-09,2.6194e-07,2.6194e-07,1.0625224913494808e-07,False,True,False,0,False,,,1.1739611159585743,3.0,False,True,60444.00001157408,60451.00001157408,weekly,10.0,sigma,computed,/home/lkoo/projects/AutomationDetection/DownloadedLC/incremental/quiescent_background_cache.csv,,,,,,False,not_in_flare_streak
4FGL J0217.4+7352,268,269,60458.00001157408,2.53e-07,5.03e-08,1.62e-07,1.1051979522184301e-07,1.0625224913494808e-07,2.8712001824176005e-09,1.0625224913494808e-07,2.8712001824176005e-09,2.6194e-07,2.6194e-07,1.0625224913494808e-07,True,True,False,0,False,,,2.91270893572632,3.0,False,True,60444.00001157408,60458.00001157408,weekly,10.0,sigma,computed,/home/lkoo/projects/AutomationDetection/DownloadedLC/incremental/quiescent_background_cache.csv,,,,,,False,not_in_flare_streak
4FGL J0217.4+7352,269,270,60465.00001157408,2.55e-07,5.11e-08,2.53e-07,1.1051979522184301e-07,1.0625224913494808e-07,2.8712001824176005e-09,1.0625224913494808e-07,2.8712001824176005e-09,2.6194e-07,2.6194e-07,1.0625224913494808e-07,True,True,False,0,False,,,2.906330750316461,3.0,False,True,60444.00001157408,60465.00001157408,weekly,10.0,sigma,computed,/home/lkoo/projects/AutomationDetection/DownloadedLC/incremental/quiescent_background_cache.csv,,,,,,False,not_in_flare_streak
4FGL J0217.4+7352,270,271,60472.00001157408,3.57e-07,5.68e-08,2.55e-07,1.1051979522184301e-07,1.0625224913494808e-07,2.8712001824176005e-09,1.0625224913494808e-07,2.8712001824176005e-09,2.6194e-07,2.6194e-07,1.0625224913494808e-07,True,True,False,0,False,,,4.40894373614395,3.0,True,True,60444.00001157408,60472.00001157408,weekly,10.0,sigma,computed,/home/lkoo/projects/AutomationDetection/DownloadedLC/incremental/quiescent_background_cache.csv,,,,,,False,not_in_flare_streak
4FGL J0217.4+7352,271,272,60479.00001157408,4.28e-07,4.42e-08,3.57e-07,1.1051979522184301e-07,1.0625224913494808e-07,2.8712001824176005e-09,1.0625224913494808e-07,2.8712001824176005e-09,2.6194e-07,2.6194e-07,1.0625224913494808e-07,True,True,False,0,False,,,7.264050925999046,3.0,True,True,60444.00001157408,60479.00001157408,weekly,10.0,sigma,computed,/home/lkoo/projects/AutomationDetection/DownloadedLC/incremental/quiescent_background_cache.csv,,,,,,False,not_in_flare_streak
4FGL J0217.4+7352,272,273,60486.00001157408,8.47e-07,5.94e-08,4.28e-07,1.1051979522184301e-07,1.0625224913494808e-07,2.8712001824176005e-09,1.0625224913494808e-07,2.8712001824176005e-09,2.6194e-07,2.6194e-07,1.0625224913494808e-07,True,True,False,0,False,,,12.455958065933878,3.0,True,True,60444.00001157408,60486.00001157408,weekly,10.0,sigma,computed,/home/lkoo/projects/AutomationDetection/DownloadedLC/incremental/quiescent_background_cache.csv,,,,,,False,not_in_flare_streak
4FGL J0217.4+7352,273,274,60493.00001157408,7.59e-08,3.39e-08,8.47e-07,1.1051979522184301e-07,1.0625224913494808e-07,2.8712001824176005e-09,1.0625224913494808e-07,2.8712001824176005e-09,2.6194e-07,2.6194e-07,1.0625224913494808e-07,False,False,False,0,False,,,-0.8921523988012449,3.0,False,False,,,weekly,10.0,sigma,computed,/home/lkoo/projects/AutomationDetection/DownloadedLC/incremental/quiescent_background_cache.csv,,,,,,False,not_in_flare_streak
4FGL J0217.4+7352,274,275,60500.00001157408,1.54e-07,4.65e-08,7.59e-08,1.1051979522184301e-07,1.0625224913494808e-07,2.8712001824176005e-09,1.0625224913494808e-07,2.8712001824176005e-09,2.6194e-07,2.6194e-07,1.0625224913494808e-07,True,True,False,0,False,,,1.0248814799427997,3.0,False,False,,,weekly,10.0,sigma,computed,/home/lkoo/projects/AutomationDetection/DownloadedLC/incremental/quiescent_background_cache.csv,,,,,,False,not_in_flare_streak
4FGL J0217.4+7352,275,276,60507.00001157408,1.56e-07,4.62e-08,1.54e-07,1.1051979522184301e-07,1.0625224913494808e-07,2.8712001824176005e-09,1.0625224913494808e-07,2.8712001824176005e-09,2.6194e-07,2.6194e-07,1.0625224913494808e-07,True,True,False,0,False,,,1.074717717631912,3.0,False,False,,,weekly,10.0,sigma,computed,/home/lkoo/projects/AutomationDetection/DownloadedLC/incremental/quiescent_background_cache.csv,,,,,,False,not_in_flare_streak
4FGL J0217.4+7352,276,277,60514.00001157408,1.62e-07,5.31e-08,1.56e-07,1.1051979522184301e-07,1.0625224913494808e-07,2.8712001824176005e-09,1.0625224913494808e-07,2.8712001824176005e-09,2.6194e-07,2.6194e-07,1.0625224913494808e-07,True,True,False,0,False,,,1.048332077758378,3.0,False,False,,,weekly,10.0,sigma,computed,/home/lkoo/projects/AutomationDetection/DownloadedLC/incremental/quiescent_background_cache.csv,,,,,,False,not_in_flare_streak
4FGL J0217.4+7352,277,278,60521.00001157408,3.63e-08,2.64e-08,1.62e-07,1.1051979522184301e-07,1.0625224913494808e-07,2.8712001824176005e-09,1.0625224913494808e-07,2.8712001824176005e-09,2.6194e-07,2.6194e-07,1.0625224913494808e-07,False,False,False,0,False,,,-2.6341734228909393,3.0,False,False,,,weekly,10.0,sigma,computed,/home/lkoo/projects/AutomationDetection/DownloadedLC/incremental/quiescent_background_cache.csv,,,,,,False,not_in_flare_streak
4FGL J0217.4+7352,278,279,60528.00001157408,7.78e-08,3.47e-08,3.63e-08,1.1051979522184301e-07,1.0625224913494808e-07,2.8712001824176005e-09,1.0625224913494808e-07,2.8712001824176005e-09,2.6194e-07,2.6194e-07,1.0625224913494808e-07,True,False,False,0,False,,,-0.8171569857619535,3.0,False,False,,,weekly,10.0,sigma,computed,/home/lkoo/projects/AutomationDetection/DownloadedLC/incremental/quiescent_background_cache.csv,,,,,,False,not_in_flare_streak
4FGL J0217.4+7352,279,280,60535.00001157408,9.18e-08,4.09e-08,7.78e-08,1.1051979522184301e-07,1.0625224913494808e-07,2.8712001824176005e-09,1.0625224913494808e-07,2.8712001824176005e-09,2.6194e-07,2.6194e-07,1.0625224913494808e-07,True,False,False,0,False,,,-0.3524882417320207,3.0,False,False,,,weekly,10.0,sigma,computed,/home/lkoo/projects/AutomationDetection/DownloadedLC/incremental/quiescent_background_cache.csv,,,,,,False,not_in_flare_streak
4FGL J0217.4+7352,280,281,60542.00001157408,1.05e-07,4.63e-08,9.18e-08,1.1051979522184301e-07,1.0625224913494808e-07,2.8712001824176005e-09,1.0625224913494808e-07,2.8712001824176005e-09,2.6194e-07,2.6194e-07,1.0625224913494808e-07,True,False,False,0,False,,,-0.026994562161279406,3.0,False,False,,,weekly,10.0,sigma,computed,/home/lkoo/projects/AutomationDetection/DownloadedLC/incremental/quiescent_background_cache.csv,,,,,,False,not_in_flare_streak
4FGL J0217.4+7352,281,282,60549.00001157408,1.34e-07,4.91e-08,1.05e-07,1.1051979522184301e-07,1.0625224913494808e-07,2.8712001824176005e-09,1.0625224913494808e-07,2.8712001824176005e-09,2.6194e-07,2.6194e-07,1.0625224913494808e-07,True,True,False,0,False,,,0.5641635504164375,3.0,False,False,,,weekly,10.0,sigma,computed,/home/lkoo/projects/AutomationDetection/DownloadedLC/incremental/quiescent_background_cache.csv,,,,,,False,not_in_flare_streak
4FGL J0217.4+7352,282,283,60577.00001157408,1.97e-07,4.95e-08,1.34e-07,1.1051979522184301e-07,1.0625224913494808e-07,2.8712001824176005e-09,1.0625224913494808e-07,2.8712001824176005e-09,2.6194e-07,2.6194e-07,1.0625224913494808e-07,True,True,False,0,False,,,1.8302116363098422,3.0,False,False,,,weekly,10.0,sigma,computed,/home/lkoo/projects/AutomationDetection/DownloadedLC/incremental/quiescent_background_cache.csv,,,,,,False,not_in_flare_streak
4FGL J0217.4+7352,283,284,60591.00001157408,1.8e-07,5.01e-08,1.97e-07,1.1051979522184301e-07,1.0625224913494808e-07,2.8712001824176005e-09,1.0625224913494808e-07,2.8712001824176005e-09,2.6194e-07,2.6194e-07,1.0625224913494808e-07,False,True,False,0,False,,,1.4695996224256112,3.0,False,False,,,weekly,10.0,sigma,computed,/home/lkoo/projects/AutomationDetection/DownloadedLC/incremental/quiescent_background_cache.csv,,,,,,False,not_in_flare_streak
4FGL J0217.4+7352,284,285,60598.00001157408,9.3e-08,7.53e-08,1.8e-07,1.1051979522184301e-07,1.0625224913494808e-07,2.8712001824176005e-09,1.0625224913494808e-07,2.8712001824176005e-09,2.6194e-07,2.6194e-07,1.0625224913494808e-07,False,False,False,0,False,,,-0.1758648851288008,3.0,False,False,,,weekly,10.0,sigma,computed,/home/lkoo/projects/AutomationDetection/DownloadedLC/incremental/quiescent_background_cache.csv,,,,,,False,not_in_flare_streak
4FGL J0217.4+7352,285,286,60605.00001157408,8.97e-08,4.34e-08,9.3e-08,1.1051979522184301e-07,1.0625224913494808e-07,2.8712001824176005e-09,1.0625224913494808e-07,2.8712001824176005e-09,2.6194e-07,2.6194e-07,1.0625224913494808e-07,False,False,False,0,False,,,-0.3805563463109995,3.0,False,False,,,weekly,10.0,sigma,computed,/home/lkoo/projects/AutomationDetection/DownloadedLC/incremental/quiescent_background_cache.csv,,,,,,False,not_in_flare_streak
4FGL J0217.4+7352,286,287,60612.00001157408,1.21e-07,4.4e-08,8.97e-08,1.1051979522184301e-07,1.0625224913494808e-07,2.8712001824176005e-09,1.0625224913494808e-07,2.8712001824176005e-09,2.6194e-07,2.6194e-07,1.0625224913494808e-07,True,True,False,0,False,,,0.33446481076320805,3.0,False,False,,,weekly,10.0,sigma,computed,/home/lkoo/projects/AutomationDetection/DownloadedLC/incremental/quiescent_background_cache.csv,,,,,,False,not_in_flare_streak
4FGL J0217.4+7352,287,288,60633.00001157408,1.34e-07,6.31e-08,1.21e-07,1.1051979522184301e-07,1.0625224913494808e-07,2.8712001824176005e-09,1.0625224913494808e-07,2.8712001824176005e-09,2.6194e-07,2.6194e-07,1.0625224913494808e-07,True,True,False,0,False,,,0.4392879556081114,3.0,False,False,,,weekly,10.0,sigma,computed,/home/lkoo/projects/AutomationDetection/DownloadedLC/incremental/quiescent_background_cache.csv,,,,,,False,not_in_flare_streak
4FGL J0217.4+7352,288,289,60647.00001157408,1.17e-07,6.04e-08,1.34e-07,1.1051979522184301e-07,1.0625224913494808e-07,2.8712001824176005e-09,1.0625224913494808e-07,2.8712001824176005e-09,2.6194e-07,2.6194e-07,1.0625224913494808e-07,False,True,False,0,False,,,0.17774218537549497,3.0,False,False,,,weekly,10.0,sigma,computed,/home/lkoo/projects/AutomationDetection/DownloadedLC/incremental/quiescent_background_cache.csv,,,,,,False,not_in_flare_streak
4FGL J0217.4+7352,289,290,60654.00001157408,7e-08,4.33e-08,1.17e-07,1.1051979522184301e-07,1.0625224913494808e-07,2.8712001824176005e-09,1.0625224913494808e-07,2.8712001824176005e-09,2.6194e-07,2.6194e-07,1.0625224913494808e-07,False,False,False,0,False,,,-0.83539980154597,3.0,False,False,,,weekly,10.0,sigma,computed,/home/lkoo/projects/AutomationDetection/DownloadedLC/incremental/quiescent_background_cache.csv,,,,,,False,not_in_flare_streak
4FGL J0217.4+7352,290,291,60661.00001157408,1.3e-07,5.48e-08,7e-08,1.1051979522184301e-07,1.0625224913494808e-07,2.8712001824176005e-09,1.0625224913494808e-07,2.8712001824176005e-09,2.6194e-07,2.6194e-07,1.0625224913494808e-07,True,True,False,0,False,,,0.43275953049865135,3.0,False,False,,,weekly,10.0,sigma,computed,/home/lkoo/projects/AutomationDetection/DownloadedLC/incremental/quiescent_background_cache.csv,,,,,,False,not_in_flare_streak
4FGL J0217.4+7352,291,292,60675.00001157408,1.4e-07,6.23e-08,1.3e-07,1.1051979522184301e-07,1.0625224913494808e-07,2.8712001824176005e-09,1.0625224913494808e-07,2.8712001824176005e-09,2.6194e-07,2.6194e-07,1.0625224913494808e-07,True,True,False,0,False,,,0.5411230826185293,3.0,False,False,,,weekly,10.0,sigma,computed,/home/lkoo/projects/AutomationDetection/DownloadedLC/incremental/quiescent_background_cache.csv,,,,,,False,not_in_flare_streak
4FGL J0217.4+7352,292,293,60689.00001157408,4.34e-08,2.71e-08,1.4e-07,1.1051979522184301e-07,1.0625224913494808e-07,2.8712001824176005e-09,1.0625224913494808e-07,2.8712001824176005e-09,2.6194e-07,2.6194e-07,1.0625224913494808e-07,False,False,False,0,False,,,-2.3063627878745523,3.0,False,False,,,weekly,10.0,sigma,computed,/home/lkoo/projects/AutomationDetection/DownloadedLC/incremental/quiescent_background_cache.csv,,,,,,False,not_in_flare_streak
