Name,previous_bin_count,current_bin_count,new_point_mjd,new_point_flux,new_point_flux_error,previous_point_flux,average_flux_full_series,previous_quiescent_background,previous_quiescent_background_error,current_quiescent_background,current_quiescent_background_error,previous_detection_threshold,current_detection_threshold,flare_flux_threshold,above_previous_flux,above_flare_flux_threshold,potential_flare_point,consecutive_potential_flare_points,flare_active,flare_start_mjd,flare_end_mjd,confirmed_sigma_delta,confirmed_sigma_threshold,confirmed_start_trigger,confirmed_flare_active,confirmed_flare_start_mjd,confirmed_flare_end_mjd,cadence,lookback_weeks,detection_method,quiescent_background_origin,quiescent_background_cache_path,flare_duration_seconds,streak_mean_flux,source_counts_0p2_5MeV,background_counts,mdp99_percent,mdp99_available,mdp99_reason
4FGL J1740.5+5211,1,2,54697.00001157408,4.37e-08,2.72e-08,6.04e-08,8.528713438735176e-08,7.579137295081968e-08,1.3674724155193749e-09,7.579137295081968e-08,1.3674724155193749e-09,1.9459499999999998e-07,1.9459499999999998e-07,7.579137295081968e-08,False,False,False,0,False,,,-1.178341670366324,3.0,False,False,,,weekly,10.0,sigma,computed,/home/lkoo/projects/AutomationDetection/DownloadedLC/incremental/quiescent_background_cache.csv,,,,,,False,not_in_flare_streak
4FGL J1740.5+5211,2,3,54704.00001157408,1.16e-07,3.2e-08,4.37e-08,8.528713438735176e-08,7.579137295081968e-08,1.3674724155193749e-09,7.579137295081968e-08,1.3674724155193749e-09,1.9459499999999998e-07,1.9459499999999998e-07,7.579137295081968e-08,True,True,False,0,False,,,1.2553738656594127,3.0,False,False,,,weekly,10.0,sigma,computed,/home/lkoo/projects/AutomationDetection/DownloadedLC/incremental/quiescent_background_cache.csv,,,,,,False,not_in_flare_streak
4FGL J1740.5+5211,3,4,54711.00001157408,1.39e-07,3.87e-08,1.16e-07,8.528713438735176e-08,7.579137295081968e-08,1.3674724155193749e-09,7.579137295081968e-08,1.3674724155193749e-09,1.9459499999999998e-07,1.9459499999999998e-07,7.579137295081968e-08,True,True,False,0,False,,,1.6322791616006167,3.0,False,False,,,weekly,10.0,sigma,computed,/home/lkoo/projects/AutomationDetection/DownloadedLC/incremental/quiescent_background_cache.csv,,,,,,False,not_in_flare_streak
4FGL J1740.5+5211,4,5,54718.00001157408,7.68e-08,3.82e-08,1.39e-07,8.528713438735176e-08,7.579137295081968e-08,1.3674724155193749e-09,7.579137295081968e-08,1.3674724155193749e-09,1.9459499999999998e-07,1.9459499999999998e-07,7.579137295081968e-08,False,True,False,0,False,,,0.02638694774999176,3.0,False,False,,,weekly,10.0,sigma,computed,/home/lkoo/projects/AutomationDetection/DownloadedLC/incremental/quiescent_background_cache.csv,,,,,,False,not_in_flare_streak
4FGL J1740.5+5211,5,6,54725.00001157408,5.7e-08,3.49e-08,7.68e-08,8.528713438735176e-08,7.579137295081968e-08,1.3674724155193749e-09,7.579137295081968e-08,1.3674724155193749e-09,1.9459499999999998e-07,1.9459499999999998e-07,7.579137295081968e-08,False,False,False,0,False,,,-0.5380219075322384,3.0,False,False,,,weekly,10.0,sigma,computed,/home/lkoo/projects/AutomationDetection/DownloadedLC/incremental/quiescent_background_cache.csv,,,,,,False,not_in_flare_streak
4FGL J1740.5+5211,6,7,54732.00001157408,4.1e-08,3.3e-08,5.7e-08,8.528713438735176e-08,7.579137295081968e-08,1.3674724155193749e-09,7.579137295081968e-08,1.3674724155193749e-09,1.9459499999999998e-07,1.9459499999999998e-07,7.579137295081968e-08,False,False,False,0,False,,,-1.0533800088348675,3.0,False,False,,,weekly,10.0,sigma,computed,/home/lkoo/projects/AutomationDetection/DownloadedLC/incremental/quiescent_background_cache.csv,,,,,,False,not_in_flare_streak
4FGL J1740.5+5211,7,8,54739.00001157408,7.5e-08,2.98e-08,4.1e-08,8.528713438735176e-08,7.579137295081968e-08,1.3674724155193749e-09,7.579137295081968e-08,1.3674724155193749e-09,1.9459499999999998e-07,1.9459499999999998e-07,7.579137295081968e-08,True,False,False,0,False,,,-0.02652822321524155,3.0,False,False,,,weekly,10.0,sigma,computed,/home/lkoo/projects/AutomationDetection/DownloadedLC/incremental/quiescent_background_cache.csv,,,,,,False,not_in_flare_streak
4FGL J1740.5+5211,8,9,54746.00001157408,7.53e-08,2.97e-08,7.5e-08,8.528713438735176e-08,7.579137295081968e-08,1.3674724155193749e-09,7.579137295081968e-08,1.3674724155193749e-09,1.9459499999999998e-07,1.9459499999999998e-07,7.579137295081968e-08,True,False,False,0,False,,,-0.01652703488456609,3.0,False,False,,,weekly,10.0,sigma,computed,/home/lkoo/projects/AutomationDetection/DownloadedLC/incremental/quiescent_background_cache.csv,,,,,,False,not_in_flare_streak
4FGL J1740.5+5211,9,10,54753.00001157408,1.08e-07,3.37e-08,7.53e-08,8.528713438735176e-08,7.579137295081968e-08,1.3674724155193749e-09,7.579137295081968e-08,1.3674724155193749e-09,1.9459499999999998e-07,1.9459499999999998e-07,7.579137295081968e-08,True,True,False,0,False,,,0.9549597342689677,3.0,False,False,,,weekly,10.0,sigma,computed,/home/lkoo/projects/AutomationDetection/DownloadedLC/incremental/quiescent_background_cache.csv,,,,,,False,not_in_flare_streak
4FGL J1740.5+5211,10,11,54760.00001157408,1.25e-07,3.52e-08,1.08e-07,8.528713438735176e-08,7.579137295081968e-08,1.3674724155193749e-09,7.579137295081968e-08,1.3674724155193749e-09,1.9459499999999998e-07,1.9459499999999998e-07,7.579137295081968e-08,True,True,False,0,False,,,1.3969186297823144,3.0,False,False,,,weekly,10.0,sigma,computed,/home/lkoo/projects/AutomationDetection/DownloadedLC/incremental/quiescent_background_cache.csv,,,,,,False,not_in_flare_streak
4FGL J1740.5+5211,11,12,54767.00001157408,9.6e-08,4.18e-08,1.25e-07,8.528713438735176e-08,7.579137295081968e-08,1.3674724155193749e-09,7.579137295081968e-08,1.3674724155193749e-09,1.9459499999999998e-07,1.9459499999999998e-07,7.579137295081968e-08,False,True,False,0,False,,,0.48320147359939997,3.0,False,False,,,weekly,10.0,sigma,computed,/home/lkoo/projects/AutomationDetection/DownloadedLC/incremental/quiescent_background_cache.csv,,,,,,False,not_in_flare_streak
4FGL J1740.5+5211,12,13,54795.00001157408,9.08e-08,3.48e-08,9.6e-08,8.528713438735176e-08,7.579137295081968e-08,1.3674724155193749e-09,7.579137295081968e-08,1.3674724155193749e-09,1.9459499999999998e-07,1.9459499999999998e-07,7.579137295081968e-08,False,True,False,0,False,,,0.430949797537735,3.0,False,False,,,weekly,10.0,sigma,computed,/home/lkoo/projects/AutomationDetection/DownloadedLC/incremental/quiescent_background_cache.csv,,,,,,False,not_in_flare_streak
4FGL J1740.5+5211,13,14,54802.00001157408,7.82e-08,3.3e-08,9.08e-08,8.528713438735176e-08,7.579137295081968e-08,1.3674724155193749e-09,7.579137295081968e-08,1.3674724155193749e-09,1.9459499999999998e-07,1.9459499999999998e-07,7.579137295081968e-08,False,True,False,0,False,,,0.07292611262947282,3.0,False,False,,,weekly,10.0,sigma,computed,/home/lkoo/projects/AutomationDetection/DownloadedLC/incremental/quiescent_background_cache.csv,,,,,,False,not_in_flare_streak
4FGL J1740.5+5211,14,15,54809.00001157408,7.45e-08,3.86e-08,7.82e-08,8.528713438735176e-08,7.579137295081968e-08,1.3674724155193749e-09,7.579137295081968e-08,1.3674724155193749e-09,1.9459499999999998e-07,1.9459499999999998e-07,7.579137295081968e-08,False,False,False,0,False,,,-0.03343428345042284,3.0,False,False,,,weekly,10.0,sigma,computed,/home/lkoo/projects/AutomationDetection/DownloadedLC/incremental/quiescent_background_cache.csv,,,,,,False,not_in_flare_streak
4FGL J1740.5+5211,15,16,54816.00001157408,4.29e-08,1.97e-08,7.45e-08,8.528713438735176e-08,7.579137295081968e-08,1.3674724155193749e-09,7.579137295081968e-08,1.3674724155193749e-09,1.9459499999999998e-07,1.9459499999999998e-07,7.579137295081968e-08,False,False,False,0,False,,,-1.6656048700471342,3.0,False,False,,,weekly,10.0,sigma,computed,/home/lkoo/projects/AutomationDetection/DownloadedLC/incremental/quiescent_background_cache.csv,,,,,,False,not_in_flare_streak
4FGL J1740.5+5211,16,17,54823.00001157408,9.42e-08,3.27e-08,4.29e-08,8.528713438735176e-08,7.579137295081968e-08,1.3674724155193749e-09,7.579137295081968e-08,1.3674724155193749e-09,1.9459499999999998e-07,1.9459499999999998e-07,7.579137295081968e-08,True,True,False,0,False,,,0.5624633508171826,3.0,False,False,,,weekly,10.0,sigma,computed,/home/lkoo/projects/AutomationDetection/DownloadedLC/incremental/quiescent_background_cache.csv,,,,,,False,not_in_flare_streak
4FGL J1740.5+5211,17,18,54830.00001157408,3.95e-07,6.07e-08,9.42e-08,8.528713438735176e-08,7.579137295081968e-08,1.3674724155193749e-09,7.579137295081968e-08,1.3674724155193749e-09,1.9459499999999998e-07,1.9459499999999998e-07,7.579137295081968e-08,True,True,False,0,False,,,5.257457236516719,3.0,True,True,54830.00001157408,54830.00001157408,weekly,10.0,sigma,computed,/home/lkoo/projects/AutomationDetection/DownloadedLC/incremental/quiescent_background_cache.csv,,,,,,False,not_in_flare_streak
4FGL J1740.5+5211,18,19,54837.00001157408,6.35e-07,6.98e-08,3.95e-07,8.528713438735176e-08,7.579137295081968e-08,1.3674724155193749e-09,7.579137295081968e-08,1.3674724155193749e-09,1.9459499999999998e-07,1.9459499999999998e-07,7.579137295081968e-08,True,True,False,0,False,,,8.01004785852541,3.0,True,True,54830.00001157408,54837.00001157408,weekly,10.0,sigma,computed,/home/lkoo/projects/AutomationDetection/DownloadedLC/incremental/quiescent_background_cache.csv,,,,,,False,not_in_flare_streak
4FGL J1740.5+5211,19,20,54844.00001157408,4.92e-07,5.33e-08,6.35e-07,8.528713438735176e-08,7.579137295081968e-08,1.3674724155193749e-09,7.579137295081968e-08,1.3674724155193749e-09,1.9459499999999998e-07,1.9459499999999998e-07,7.579137295081968e-08,False,True,False,0,False,,,7.806223499798496,3.0,True,True,54830.00001157408,54844.00001157408,weekly,10.0,sigma,computed,/home/lkoo/projects/AutomationDetection/DownloadedLC/incremental/quiescent_background_cache.csv,,,,,,False,not_in_flare_streak
4FGL J1740.5+5211,20,21,54851.00001157408,1.66e-07,3.81e-08,4.92e-07,8.528713438735176e-08,7.579137295081968e-08,1.3674724155193749e-09,7.579137295081968e-08,1.3674724155193749e-09,1.9459499999999998e-07,1.9459499999999998e-07,7.579137295081968e-08,False,True,False,0,False,,,2.3661569351107055,3.0,False,True,54830.00001157408,54851.00001157408,weekly,10.0,sigma,computed,/home/lkoo/projects/AutomationDetection/DownloadedLC/incremental/quiescent_background_cache.csv,,,,,,False,not_in_flare_streak
4FGL J1740.5+5211,21,22,54858.00001157408,1.56e-07,3.59e-08,1.66e-07,8.528713438735176e-08,7.579137295081968e-08,1.3674724155193749e-09,7.579137295081968e-08,1.3674724155193749e-09,1.9459499999999998e-07,1.9459499999999998e-07,7.579137295081968e-08,False,True,False,0,False,,,2.2326044986689535,3.0,False,True,54830.00001157408,54858.00001157408,weekly,10.0,sigma,computed,/home/lkoo/projects/AutomationDetection/DownloadedLC/incremental/quiescent_background_cache.csv,,,,,,False,not_in_flare_streak
4FGL J1740.5+5211,22,23,54865.00001157408,1.44e-07,3.75e-08,1.56e-07,8.528713438735176e-08,7.579137295081968e-08,1.3674724155193749e-09,7.579137295081968e-08,1.3674724155193749e-09,1.9459499999999998e-07,1.9459499999999998e-07,7.579137295081968e-08,False,True,False,0,False,,,1.8176885742832838,3.0,False,True,54830.00001157408,54865.00001157408,weekly,10.0,sigma,computed,/home/lkoo/projects/AutomationDetection/DownloadedLC/incremental/quiescent_background_cache.csv,,,,,,False,not_in_flare_streak
4FGL J1740.5+5211,23,24,54872.00001157408,1.62e-07,4e-08,1.44e-07,8.528713438735176e-08,7.579137295081968e-08,1.3674724155193749e-09,7.579137295081968e-08,1.3674724155193749e-09,1.9459499999999998e-07,1.9459499999999998e-07,7.579137295081968e-08,True,True,False,0,False,,,2.153957337888669,3.0,False,True,54830.00001157408,54872.00001157408,weekly,10.0,sigma,computed,/home/lkoo/projects/AutomationDetection/DownloadedLC/incremental/quiescent_background_cache.csv,,,,,,False,not_in_flare_streak
4FGL J1740.5+5211,24,25,54879.00001157408,1.65e-07,3.85e-08,1.62e-07,8.528713438735176e-08,7.579137295081968e-08,1.3674724155193749e-09,7.579137295081968e-08,1.3674724155193749e-09,1.9459499999999998e-07,1.9459499999999998e-07,7.579137295081968e-08,True,True,False,0,False,,,2.3156469665284174,3.0,False,True,54830.00001157408,54879.00001157408,weekly,10.0,sigma,computed,/home/lkoo/projects/AutomationDetection/DownloadedLC/incremental/quiescent_background_cache.csv,,,,,,False,not_in_flare_streak
4FGL J1740.5+5211,25,26,54886.00001157408,7.89e-08,4.14e-08,1.65e-07,8.528713438735176e-08,7.579137295081968e-08,1.3674724155193749e-09,7.579137295081968e-08,1.3674724155193749e-09,1.9459499999999998e-07,1.9459499999999998e-07,7.579137295081968e-08,False,True,False,0,False,,,0.07504668197448137,3.0,False,True,54830.00001157408,54886.00001157408,weekly,10.0,sigma,computed,/home/lkoo/projects/AutomationDetection/DownloadedLC/incremental/quiescent_background_cache.csv,,,,,,False,not_in_flare_streak
4FGL J1740.5+5211,26,27,54893.00001157408,4.74e-08,3.16e-08,7.89e-08,8.528713438735176e-08,7.579137295081968e-08,1.3674724155193749e-09,7.579137295081968e-08,1.3674724155193749e-09,1.9459499999999998e-07,1.9459499999999998e-07,7.579137295081968e-08,False,False,False,0,False,,,-0.8976210850594557,3.0,False,False,,,weekly,10.0,sigma,computed,/home/lkoo/projects/AutomationDetection/DownloadedLC/incremental/quiescent_background_cache.csv,,,,,,False,not_in_flare_streak
4FGL J1740.5+5211,27,28,54900.00001157408,8e-08,4.21e-08,4.74e-08,8.528713438735176e-08,7.579137295081968e-08,1.3674724155193749e-09,7.579137295081968e-08,1.3674724155193749e-09,1.9459499999999998e-07,1.9459499999999998e-07,7.579137295081968e-08,True,True,False,0,False,,,0.0999146947473961,3.0,False,False,,,weekly,10.0,sigma,computed,/home/lkoo/projects/AutomationDetection/DownloadedLC/incremental/quiescent_background_cache.csv,,,,,,False,not_in_flare_streak
4FGL J1740.5+5211,28,29,54907.00001157408,1.22e-07,3.47e-08,8e-08,8.528713438735176e-08,7.579137295081968e-08,1.3674724155193749e-09,7.579137295081968e-08,1.3674724155193749e-09,1.9459499999999998e-07,1.9459499999999998e-07,7.579137295081968e-08,True,True,False,0,False,,,1.3306278741435458,3.0,False,False,,,weekly,10.0,sigma,computed,/home/lkoo/projects/AutomationDetection/DownloadedLC/incremental/quiescent_background_cache.csv,,,,,,False,not_in_flare_streak
4FGL J1740.5+5211,29,30,54914.00001157408,4.51e-08,2.63e-08,1.22e-07,8.528713438735176e-08,7.579137295081968e-08,1.3674724155193749e-09,7.579137295081968e-08,1.3674724155193749e-09,1.9459499999999998e-07,1.9459499999999998e-07,7.579137295081968e-08,False,False,False,0,False,,,-1.165398094571935,3.0,False,False,,,weekly,10.0,sigma,computed,/home/lkoo/projects/AutomationDetection/DownloadedLC/incremental/quiescent_background_cache.csv,,,,,,False,not_in_flare_streak
4FGL J1740.5+5211,30,31,54921.00001157408,1.14e-07,3.49e-08,4.51e-08,8.528713438735176e-08,7.579137295081968e-08,1.3674724155193749e-09,7.579137295081968e-08,1.3674724155193749e-09,1.9459499999999998e-07,1.9459499999999998e-07,7.579137295081968e-08,True,True,False,0,False,,,1.093963621657096,3.0,False,False,,,weekly,10.0,sigma,computed,/home/lkoo/projects/AutomationDetection/DownloadedLC/incremental/quiescent_background_cache.csv,,,,,,False,not_in_flare_streak
4FGL J1740.5+5211,31,32,54928.00001157408,7.2e-08,3.05e-08,1.14e-07,8.528713438735176e-08,7.579137295081968e-08,1.3674724155193749e-09,7.579137295081968e-08,1.3674724155193749e-09,1.9459499999999998e-07,1.9459499999999998e-07,7.579137295081968e-08,False,False,False,0,False,,,-0.1241825571542907,3.0,False,False,,,weekly,10.0,sigma,computed,/home/lkoo/projects/AutomationDetection/DownloadedLC/incremental/quiescent_background_cache.csv,,,,,,False,not_in_flare_streak
4FGL J1740.5+5211,32,33,54935.00001157408,1.63e-07,3.86e-08,7.2e-08,8.528713438735176e-08,7.579137295081968e-08,1.3674724155193749e-09,7.579137295081968e-08,1.3674724155193749e-09,1.9459499999999998e-07,1.9459499999999998e-07,7.579137295081968e-08,True,True,False,0,False,,,2.2578744229029883,3.0,False,False,,,weekly,10.0,sigma,computed,/home/lkoo/projects/AutomationDetection/DownloadedLC/incremental/quiescent_background_cache.csv,,,,,,False,not_in_flare_streak
4FGL J1740.5+5211,33,34,54942.00001157408,9.09e-08,4.04e-08,1.63e-07,8.528713438735176e-08,7.579137295081968e-08,1.3674724155193749e-09,7.579137295081968e-08,1.3674724155193749e-09,1.9459499999999998e-07,1.9459499999999998e-07,7.579137295081968e-08,False,True,False,0,False,,,0.37376186713713416,3.0,False,False,,,weekly,10.0,sigma,computed,/home/lkoo/projects/AutomationDetection/DownloadedLC/incremental/quiescent_background_cache.csv,,,,,,False,not_in_flare_streak
4FGL J1740.5+5211,34,35,54949.00001157408,1.19e-07,3.92e-08,9.09e-08,8.528713438735176e-08,7.579137295081968e-08,1.3674724155193749e-09,7.579137295081968e-08,1.3674724155193749e-09,1.9459499999999998e-07,1.9459499999999998e-07,7.579137295081968e-08,True,True,False,0,False,,,1.1015908193490807,3.0,False,False,,,weekly,10.0,sigma,computed,/home/lkoo/projects/AutomationDetection/DownloadedLC/incremental/quiescent_background_cache.csv,,,,,,False,not_in_flare_streak
4FGL J1740.5+5211,35,36,54956.00001157408,1.16e-07,3.8e-08,1.19e-07,8.528713438735176e-08,7.579137295081968e-08,1.3674724155193749e-09,7.579137295081968e-08,1.3674724155193749e-09,1.9459499999999998e-07,1.9459499999999998e-07,7.579137295081968e-08,False,True,False,0,False,,,1.0574372950333966,3.0,False,False,,,weekly,10.0,sigma,computed,/home/lkoo/projects/AutomationDetection/DownloadedLC/incremental/quiescent_background_cache.csv,,,,,,False,not_in_flare_streak
4FGL J1740.5+5211,36,37,54963.00001157408,6.07e-08,3.18e-08,1.16e-07,8.528713438735176e-08,7.579137295081968e-08,1.3674724155193749e-09,7.579137295081968e-08,1.3674724155193749e-09,1.9459499999999998e-07,1.9459499999999998e-07,7.579137295081968e-08,False,False,False,0,False,,,-0.4741332962566331,3.0,False,False,,,weekly,10.0,sigma,computed,/home/lkoo/projects/AutomationDetection/DownloadedLC/incremental/quiescent_background_cache.csv,,,,,,False,not_in_flare_streak
4FGL J1740.5+5211,37,38,54970.00001157408,9.91e-08,3.97e-08,6.07e-08,8.528713438735176e-08,7.579137295081968e-08,1.3674724155193749e-09,7.579137295081968e-08,1.3674724155193749e-09,1.9459499999999998e-07,1.9459499999999998e-07,7.579137295081968e-08,True,True,False,0,False,,,0.5867710797980497,3.0,False,False,,,weekly,10.0,sigma,computed,/home/lkoo/projects/AutomationDetection/DownloadedLC/incremental/quiescent_background_cache.csv,,,,,,False,not_in_flare_streak
4FGL J1740.5+5211,38,39,54977.00001157408,9.52e-08,3.41e-08,9.91e-08,8.528713438735176e-08,7.579137295081968e-08,1.3674724155193749e-09,7.579137295081968e-08,1.3674724155193749e-09,1.9459499999999998e-07,1.9459499999999998e-07,7.579137295081968e-08,False,True,False,0,False,,,0.5687108442510137,3.0,False,False,,,weekly,10.0,sigma,computed,/home/lkoo/projects/AutomationDetection/DownloadedLC/incremental/quiescent_background_cache.csv,,,,,,False,not_in_flare_streak
4FGL J1740.5+5211,39,40,54984.00001157408,5.89e-08,3.21e-08,9.52e-08,8.528713438735176e-08,7.579137295081968e-08,1.3674724155193749e-09,7.579137295081968e-08,1.3674724155193749e-09,1.9459499999999998e-07,1.9459499999999998e-07,7.579137295081968e-08,False,False,False,0,False,,,-0.5257341622663606,3.0,False,False,,,weekly,10.0,sigma,computed,/home/lkoo/projects/AutomationDetection/DownloadedLC/incremental/quiescent_background_cache.csv,,,,,,False,not_in_flare_streak
4FGL J1740.5+5211,40,41,54991.00001157408,8.34e-08,4.12e-08,5.89e-08,8.528713438735176e-08,7.579137295081968e-08,1.3674724155193749e-09,7.579137295081968e-08,1.3674724155193749e-09,1.9459499999999998e-07,1.9459499999999998e-07,7.579137295081968e-08,True,True,False,0,False,,,0.1845737741667426,3.0,False,False,,,weekly,10.0,sigma,computed,/home/lkoo/projects/AutomationDetection/DownloadedLC/incremental/quiescent_background_cache.csv,,,,,,False,not_in_flare_streak
4FGL J1740.5+5211,41,42,55005.00001157408,9.49e-08,3.59e-08,8.34e-08,8.528713438735176e-08,7.579137295081968e-08,1.3674724155193749e-09,7.579137295081968e-08,1.3674724155193749e-09,1.9459499999999998e-07,1.9459499999999998e-07,7.579137295081968e-08,True,True,False,0,False,,,0.5318880061022464,3.0,False,False,,,weekly,10.0,sigma,computed,/home/lkoo/projects/AutomationDetection/DownloadedLC/incremental/quiescent_background_cache.csv,,,,,,False,not_in_flare_streak
4FGL J1740.5+5211,42,43,55012.00001157408,1.52e-07,3.42e-08,9.49e-08,8.528713438735176e-08,7.579137295081968e-08,1.3674724155193749e-09,7.579137295081968e-08,1.3674724155193749e-09,1.9459499999999998e-07,1.9459499999999998e-07,7.579137295081968e-08,True,True,False,0,False,,,2.2265432781844345,3.0,False,False,,,weekly,10.0,sigma,computed,/home/lkoo/projects/AutomationDetection/DownloadedLC/incremental/quiescent_background_cache.csv,,,,,,False,not_in_flare_streak
4FGL J1740.5+5211,43,44,55019.00001157408,1e-07,3.41e-08,1.52e-07,8.528713438735176e-08,7.579137295081968e-08,1.3674724155193749e-09,7.579137295081968e-08,1.3674724155193749e-09,1.9459499999999998e-07,1.9459499999999998e-07,7.579137295081968e-08,False,True,False,0,False,,,0.7093602598684953,3.0,False,False,,,weekly,10.0,sigma,computed,/home/lkoo/projects/AutomationDetection/DownloadedLC/incremental/quiescent_background_cache.csv,,,,,,False,not_in_flare_streak
4FGL J1740.5+5211,44,45,55026.00001157408,1.38e-07,3.37e-08,1e-07,8.528713438735176e-08,7.579137295081968e-08,1.3674724155193749e-09,7.579137295081968e-08,1.3674724155193749e-09,1.9459499999999998e-07,1.9459499999999998e-07,7.579137295081968e-08,True,True,False,0,False,,,1.8444354633748472,3.0,False,False,,,weekly,10.0,sigma,computed,/home/lkoo/projects/AutomationDetection/DownloadedLC/incremental/quiescent_background_cache.csv,,,,,,False,not_in_flare_streak
4FGL J1740.5+5211,45,46,55033.00001157408,1.49e-07,3.51e-08,1.38e-07,8.528713438735176e-08,7.579137295081968e-08,1.3674724155193749e-09,7.579137295081968e-08,1.3674724155193749e-09,1.9459499999999998e-07,1.9459499999999998e-07,7.579137295081968e-08,True,True,False,0,False,,,2.0841347897057574,3.0,False,False,,,weekly,10.0,sigma,computed,/home/lkoo/projects/AutomationDetection/DownloadedLC/incremental/quiescent_background_cache.csv,,,,,,False,not_in_flare_streak
4FGL J1740.5+5211,46,47,55040.00001157408,8.74e-08,3.63e-08,1.49e-07,8.528713438735176e-08,7.579137295081968e-08,1.3674724155193749e-09,7.579137295081968e-08,1.3674724155193749e-09,1.9459499999999998e-07,1.9459499999999998e-07,7.579137295081968e-08,False,True,False,0,False,,,0.31957021206522007,3.0,False,False,,,weekly,10.0,sigma,computed,/home/lkoo/projects/AutomationDetection/DownloadedLC/incremental/quiescent_background_cache.csv,,,,,,False,not_in_flare_streak
4FGL J1740.5+5211,47,48,55061.00001157408,4.72e-08,2.37e-08,8.74e-08,8.528713438735176e-08,7.579137295081968e-08,1.3674724155193749e-09,7.579137295081968e-08,1.3674724155193749e-09,1.9459499999999998e-07,1.9459499999999998e-07,7.579137295081968e-08,False,False,False,0,False,,,-1.2043838901204733,3.0,False,False,,,weekly,10.0,sigma,computed,/home/lkoo/projects/AutomationDetection/DownloadedLC/incremental/quiescent_background_cache.csv,,,,,,False,not_in_flare_streak
4FGL J1740.5+5211,48,49,55082.00001157408,1.52e-08,1.05e-08,4.72e-08,8.528713438735176e-08,7.579137295081968e-08,1.3674724155193749e-09,7.579137295081968e-08,1.3674724155193749e-09,1.9459499999999998e-07,1.9459499999999998e-07,7.579137295081968e-08,False,False,False,0,False,,,-5.722282388856487,3.0,False,False,,,weekly,10.0,sigma,computed,/home/lkoo/projects/AutomationDetection/DownloadedLC/incremental/quiescent_background_cache.csv,,,,,,False,not_in_flare_streak
4FGL J1740.5+5211,49,50,55096.00001157408,7.37e-08,3.29e-08,1.52e-08,8.528713438735176e-08,7.579137295081968e-08,1.3674724155193749e-09,7.579137295081968e-08,1.3674724155193749e-09,1.9459499999999998e-07,1.9459499999999998e-07,7.579137295081968e-08,True,False,False,0,False,,,-0.06351272800199051,3.0,False,False,,,weekly,10.0,sigma,computed,/home/lkoo/projects/AutomationDetection/DownloadedLC/incremental/quiescent_background_cache.csv,,,,,,False,not_in_flare_streak
4FGL J1740.5+5211,50,51,55110.00001157408,3.19e-08,2.7e-08,7.37e-08,8.528713438735176e-08,7.579137295081968e-08,1.3674724155193749e-09,7.579137295081968e-08,1.3674724155193749e-09,1.9459499999999998e-07,1.9459499999999998e-07,7.579137295081968e-08,False,False,False,0,False,,,-1.6235254611172485,3.0,False,False,,,weekly,10.0,sigma,computed,/home/lkoo/projects/AutomationDetection/DownloadedLC/incremental/quiescent_background_cache.csv,,,,,,False,not_in_flare_streak
4FGL J1740.5+5211,51,52,55145.00001157408,3.6e-08,2.62e-08,3.19e-08,8.528713438735176e-08,7.579137295081968e-08,1.3674724155193749e-09,7.579137295081968e-08,1.3674724155193749e-09,1.9459499999999998e-07,1.9459499999999998e-07,7.579137295081968e-08,True,False,False,0,False,,,-1.5166902350738842,3.0,False,False,,,weekly,10.0,sigma,computed,/home/lkoo/projects/AutomationDetection/DownloadedLC/incremental/quiescent_background_cache.csv,,,,,,False,not_in_flare_streak
4FGL J1740.5+5211,52,53,55159.00001157408,1.49e-08,1.46e-08,3.6e-08,8.528713438735176e-08,7.579137295081968e-08,1.3674724155193749e-09,7.579137295081968e-08,1.3674724155193749e-09,1.9459499999999998e-07,1.9459499999999998e-07,7.579137295081968e-08,False,False,False,0,False,,,-4.15246765589404,3.0,False,False,,,weekly,10.0,sigma,computed,/home/lkoo/projects/AutomationDetection/DownloadedLC/incremental/quiescent_background_cache.csv,,,,,,False,not_in_flare_streak
4FGL J1740.5+5211,53,54,55166.00001157408,7.81e-08,3.91e-08,1.49e-08,8.528713438735176e-08,7.579137295081968e-08,1.3674724155193749e-09,7.579137295081968e-08,1.3674724155193749e-09,1.9459499999999998e-07,1.9459499999999998e-07,7.579137295081968e-08,True,True,False,0,False,,,0.05900809288473962,3.0,False,False,,,weekly,10.0,sigma,computed,/home/lkoo/projects/AutomationDetection/DownloadedLC/incremental/quiescent_background_cache.csv,,,,,,False,not_in_flare_streak
4FGL J1740.5+5211,54,55,55180.00001157408,6.76e-08,2.92e-08,7.81e-08,8.528713438735176e-08,7.579137295081968e-08,1.3674724155193749e-09,7.579137295081968e-08,1.3674724155193749e-09,1.9459499999999998e-07,1.9459499999999998e-07,7.579137295081968e-08,False,False,False,0,False,,,-0.2802193554747882,3.0,False,False,,,weekly,10.0,sigma,computed,/home/lkoo/projects/AutomationDetection/DownloadedLC/incremental/quiescent_background_cache.csv,,,,,,False,not_in_flare_streak
4FGL J1740.5+5211,55,56,55187.00001157408,9.8e-08,3.68e-08,6.76e-08,8.528713438735176e-08,7.579137295081968e-08,1.3674724155193749e-09,7.579137295081968e-08,1.3674724155193749e-09,1.9459499999999998e-07,1.9459499999999998e-07,7.579137295081968e-08,True,True,False,0,False,,,0.603079067808043,3.0,False,False,,,weekly,10.0,sigma,computed,/home/lkoo/projects/AutomationDetection/DownloadedLC/incremental/quiescent_background_cache.csv,,,,,,False,not_in_flare_streak
4FGL J1740.5+5211,56,57,55194.00001157408,3.58e-08,2.72e-08,9.8e-08,8.528713438735176e-08,7.579137295081968e-08,1.3674724155193749e-09,7.579137295081968e-08,1.3674724155193749e-09,1.9459499999999998e-07,1.9459499999999998e-07,7.579137295081968e-08,False,False,False,0,False,,,-1.4684164892330624,3.0,False,False,,,weekly,10.0,sigma,computed,/home/lkoo/projects/AutomationDetection/DownloadedLC/incremental/quiescent_background_cache.csv,,,,,,False,not_in_flare_streak
4FGL J1740.5+5211,57,58,55208.00001157408,6.23e-08,3.71e-08,3.58e-08,8.528713438735176e-08,7.579137295081968e-08,1.3674724155193749e-09,7.579137295081968e-08,1.3674724155193749e-09,1.9459499999999998e-07,1.9459499999999998e-07,7.579137295081968e-08,True,False,False,0,False,,,-0.3634020926414549,3.0,False,False,,,weekly,10.0,sigma,computed,/home/lkoo/projects/AutomationDetection/DownloadedLC/incremental/quiescent_background_cache.csv,,,,,,False,not_in_flare_streak
4FGL J1740.5+5211,58,59,55215.00001157408,4.46e-08,2.64e-08,6.23e-08,8.528713438735176e-08,7.579137295081968e-08,1.3674724155193749e-09,7.579137295081968e-08,1.3674724155193749e-09,1.9459499999999998e-07,1.9459499999999998e-07,7.579137295081968e-08,False,False,False,0,False,,,-1.1799095798398493,3.0,False,False,,,weekly,10.0,sigma,computed,/home/lkoo/projects/AutomationDetection/DownloadedLC/incremental/quiescent_background_cache.csv,,,,,,False,not_in_flare_streak
4FGL J1740.5+5211,59,60,55222.00001157408,5.7e-08,2.64e-08,4.46e-08,8.528713438735176e-08,7.579137295081968e-08,1.3674724155193749e-09,7.579137295081968e-08,1.3674724155193749e-09,1.9459499999999998e-07,1.9459499999999998e-07,7.579137295081968e-08,True,False,False,0,False,,,-0.7108414560005092,3.0,False,False,,,weekly,10.0,sigma,computed,/home/lkoo/projects/AutomationDetection/DownloadedLC/incremental/quiescent_background_cache.csv,,,,,,False,not_in_flare_streak
4FGL J1740.5+5211,60,61,55229.00001157408,8.62e-08,3.39e-08,5.7e-08,8.528713438735176e-08,7.579137295081968e-08,1.3674724155193749e-09,7.579137295081968e-08,1.3674724155193749e-09,1.9459499999999998e-07,1.9459499999999998e-07,7.579137295081968e-08,True,True,False,0,False,,,0.3067896452223774,3.0,False,False,,,weekly,10.0,sigma,computed,/home/lkoo/projects/AutomationDetection/DownloadedLC/incremental/quiescent_background_cache.csv,,,,,,False,not_in_flare_streak
4FGL J1740.5+5211,61,62,55236.00001157408,7.04e-08,3.19e-08,8.62e-08,8.528713438735176e-08,7.579137295081968e-08,1.3674724155193749e-09,7.579137295081968e-08,1.3674724155193749e-09,1.9459499999999998e-07,1.9459499999999998e-07,7.579137295081968e-08,False,False,False,0,False,,,-0.16885348336517525,3.0,False,False,,,weekly,10.0,sigma,computed,/home/lkoo/projects/AutomationDetection/DownloadedLC/incremental/quiescent_background_cache.csv,,,,,,False,not_in_flare_streak
4FGL J1740.5+5211,62,63,55243.00001157408,6.25e-08,3.03e-08,7.04e-08,8.528713438735176e-08,7.579137295081968e-08,1.3674724155193749e-09,7.579137295081968e-08,1.3674724155193749e-09,1.9459499999999998e-07,1.9459499999999998e-07,7.579137295081968e-08,False,False,False,0,False,,,-0.4382131204663474,3.0,False,False,,,weekly,10.0,sigma,computed,/home/lkoo/projects/AutomationDetection/DownloadedLC/incremental/quiescent_background_cache.csv,,,,,,False,not_in_flare_streak
4FGL J1740.5+5211,63,64,55264.00001157408,5.98e-08,3.46e-08,6.25e-08,8.528713438735176e-08,7.579137295081968e-08,1.3674724155193749e-09,7.579137295081968e-08,1.3674724155193749e-09,1.9459499999999998e-07,1.9459499999999998e-07,7.579137295081968e-08,False,False,False,0,False,,,-0.46181786671020414,3.0,False,False,,,weekly,10.0,sigma,computed,/home/lkoo/projects/AutomationDetection/DownloadedLC/incremental/quiescent_background_cache.csv,,,,,,False,not_in_flare_streak
4FGL J1740.5+5211,64,65,55278.00001157408,3.67e-08,2.63e-08,5.98e-08,8.528713438735176e-08,7.579137295081968e-08,1.3674724155193749e-09,7.579137295081968e-08,1.3674724155193749e-09,1.9459499999999998e-07,1.9459499999999998e-07,7.579137295081968e-08,False,False,False,0,False,,,-1.4843588660594424,3.0,False,False,,,weekly,10.0,sigma,computed,/home/lkoo/projects/AutomationDetection/DownloadedLC/incremental/quiescent_background_cache.csv,,,,,,False,not_in_flare_streak
4FGL J1740.5+5211,65,66,55285.00001157408,1.93e-08,1.58e-08,3.67e-08,8.528713438735176e-08,7.579137295081968e-08,1.3674724155193749e-09,7.579137295081968e-08,1.3674724155193749e-09,1.9459499999999998e-07,1.9459499999999998e-07,7.579137295081968e-08,False,False,False,0,False,,,-3.562086962145408,3.0,False,False,,,weekly,10.0,sigma,computed,/home/lkoo/projects/AutomationDetection/DownloadedLC/incremental/quiescent_background_cache.csv,,,,,,False,not_in_flare_streak
4FGL J1740.5+5211,66,67,55292.00001157408,4.12e-08,2.75e-08,1.93e-08,8.528713438735176e-08,7.579137295081968e-08,1.3674724155193749e-09,7.579137295081968e-08,1.3674724155193749e-09,1.9459499999999998e-07,1.9459499999999998e-07,7.579137295081968e-08,True,False,False,0,False,,,-1.2563158190441048,3.0,False,False,,,weekly,10.0,sigma,computed,/home/lkoo/projects/AutomationDetection/DownloadedLC/incremental/quiescent_background_cache.csv,,,,,,False,not_in_flare_streak
4FGL J1740.5+5211,67,68,55299.00001157408,3.13e-08,2.26e-08,4.12e-08,8.528713438735176e-08,7.579137295081968e-08,1.3674724155193749e-09,7.579137295081968e-08,1.3674724155193749e-09,1.9459499999999998e-07,1.9459499999999998e-07,7.579137295081968e-08,False,False,False,0,False,,,-1.965050911473253,3.0,False,False,,,weekly,10.0,sigma,computed,/home/lkoo/projects/AutomationDetection/DownloadedLC/incremental/quiescent_background_cache.csv,,,,,,False,not_in_flare_streak
4FGL J1740.5+5211,68,69,55306.00001157408,3.54e-08,2.34e-08,3.13e-08,8.528713438735176e-08,7.579137295081968e-08,1.3674724155193749e-09,7.579137295081968e-08,1.3674724155193749e-09,1.9459499999999998e-07,1.9459499999999998e-07,7.579137295081968e-08,True,False,False,0,False,,,-1.7231871153230223,3.0,False,False,,,weekly,10.0,sigma,computed,/home/lkoo/projects/AutomationDetection/DownloadedLC/incremental/quiescent_background_cache.csv,,,,,,False,not_in_flare_streak
4FGL J1740.5+5211,69,70,55320.00001157408,6.57e-08,4.87e-08,3.54e-08,8.528713438735176e-08,7.579137295081968e-08,1.3674724155193749e-09,7.579137295081968e-08,1.3674724155193749e-09,1.9459499999999998e-07,1.9459499999999998e-07,7.579137295081968e-08,True,False,False,0,False,,,-0.2071334082935104,3.0,False,False,,,weekly,10.0,sigma,computed,/home/lkoo/projects/AutomationDetection/DownloadedLC/incremental/quiescent_background_cache.csv,,,,,,False,not_in_flare_streak
4FGL J1740.5+5211,70,71,55327.00001157408,1.85e-08,1.11e-08,6.57e-08,8.528713438735176e-08,7.579137295081968e-08,1.3674724155193749e-09,7.579137295081968e-08,1.3674724155193749e-09,1.9459499999999998e-07,1.9459499999999998e-07,7.579137295081968e-08,False,False,False,0,False,,,-5.122657582609424,3.0,False,False,,,weekly,10.0,sigma,computed,/home/lkoo/projects/AutomationDetection/DownloadedLC/incremental/quiescent_background_cache.csv,,,,,,False,not_in_flare_streak
4FGL J1740.5+5211,71,72,55334.00001157408,1.14e-07,3.83e-08,1.85e-08,8.528713438735176e-08,7.579137295081968e-08,1.3674724155193749e-09,7.579137295081968e-08,1.3674724155193749e-09,1.9459499999999998e-07,1.9459499999999998e-07,7.579137295081968e-08,True,True,False,0,False,,,0.9969790148289965,3.0,False,False,,,weekly,10.0,sigma,computed,/home/lkoo/projects/AutomationDetection/DownloadedLC/incremental/quiescent_background_cache.csv,,,,,,False,not_in_flare_streak
4FGL J1740.5+5211,72,73,55341.00001157408,4.56e-08,3.23e-08,1.14e-07,8.528713438735176e-08,7.579137295081968e-08,1.3674724155193749e-09,7.579137295081968e-08,1.3674724155193749e-09,1.9459499999999998e-07,1.9459499999999998e-07,7.579137295081968e-08,False,False,False,0,False,,,-0.9338808649360805,3.0,False,False,,,weekly,10.0,sigma,computed,/home/lkoo/projects/AutomationDetection/DownloadedLC/incremental/quiescent_background_cache.csv,,,,,,False,not_in_flare_streak
4FGL J1740.5+5211,73,74,55348.00001157408,5.88e-08,3.13e-08,4.56e-08,8.528713438735176e-08,7.579137295081968e-08,1.3674724155193749e-09,7.579137295081968e-08,1.3674724155193749e-09,1.9459499999999998e-07,1.9459499999999998e-07,7.579137295081968e-08,True,False,False,0,False,,,-0.5423380194333297,3.0,False,False,,,weekly,10.0,sigma,computed,/home/lkoo/projects/AutomationDetection/DownloadedLC/incremental/quiescent_background_cache.csv,,,,,,False,not_in_flare_streak
4FGL J1740.5+5211,74,75,55355.00001157408,1.5e-08,1.41e-08,5.88e-08,8.528713438735176e-08,7.579137295081968e-08,1.3674724155193749e-09,7.579137295081968e-08,1.3674724155193749e-09,1.9459499999999998e-07,1.9459499999999998e-07,7.579137295081968e-08,False,False,False,0,False,,,-4.291310373462293,3.0,False,False,,,weekly,10.0,sigma,computed,/home/lkoo/projects/AutomationDetection/DownloadedLC/incremental/quiescent_background_cache.csv,,,,,,False,not_in_flare_streak
4FGL J1740.5+5211,75,76,55376.00001157408,7.36e-08,3.44e-08,1.5e-08,8.528713438735176e-08,7.579137295081968e-08,1.3674724155193749e-09,7.579137295081968e-08,1.3674724155193749e-09,1.9459499999999998e-07,1.9459499999999998e-07,7.579137295081968e-08,True,False,False,0,False,,,-0.06365242917692339,3.0,False,False,,,weekly,10.0,sigma,computed,/home/lkoo/projects/AutomationDetection/DownloadedLC/incremental/quiescent_background_cache.csv,,,,,,False,not_in_flare_streak
4FGL J1740.5+5211,76,77,55383.00001157408,5.07e-08,2.74e-08,7.36e-08,8.528713438735176e-08,7.579137295081968e-08,1.3674724155193749e-09,7.579137295081968e-08,1.3674724155193749e-09,1.9459499999999998e-07,1.9459499999999998e-07,7.579137295081968e-08,False,False,False,0,False,,,-0.9146052048555008,3.0,False,False,,,weekly,10.0,sigma,computed,/home/lkoo/projects/AutomationDetection/DownloadedLC/incremental/quiescent_background_cache.csv,,,,,,False,not_in_flare_streak
4FGL J1740.5+5211,77,78,55404.00001157408,8.64e-08,3.51e-08,5.07e-08,8.528713438735176e-08,7.579137295081968e-08,1.3674724155193749e-09,7.579137295081968e-08,1.3674724155193749e-09,1.9459499999999998e-07,1.9459499999999998e-07,7.579137295081968e-08,True,True,False,0,False,,,0.30201097323348597,3.0,False,False,,,weekly,10.0,sigma,computed,/home/lkoo/projects/AutomationDetection/DownloadedLC/incremental/quiescent_background_cache.csv,,,,,,False,not_in_flare_streak
4FGL J1740.5+5211,78,79,55411.00001157408,5.95e-08,3.2e-08,8.64e-08,8.528713438735176e-08,7.579137295081968e-08,1.3674724155193749e-09,7.579137295081968e-08,1.3674724155193749e-09,1.9459499999999998e-07,1.9459499999999998e-07,7.579137295081968e-08,False,False,False,0,False,,,-0.5086411881996008,3.0,False,False,,,weekly,10.0,sigma,computed,/home/lkoo/projects/AutomationDetection/DownloadedLC/incremental/quiescent_background_cache.csv,,,,,,False,not_in_flare_streak
4FGL J1740.5+5211,79,80,55418.00001157408,5.75e-08,3e-08,5.95e-08,8.528713438735176e-08,7.579137295081968e-08,1.3674724155193749e-09,7.579137295081968e-08,1.3674724155193749e-09,1.9459499999999998e-07,1.9459499999999998e-07,7.579137295081968e-08,False,False,False,0,False,,,-0.6090800000831246,3.0,False,False,,,weekly,10.0,sigma,computed,/home/lkoo/projects/AutomationDetection/DownloadedLC/incremental/quiescent_background_cache.csv,,,,,,False,not_in_flare_streak
4FGL J1740.5+5211,80,81,55425.00001157408,6.29e-08,2.98e-08,5.75e-08,8.528713438735176e-08,7.579137295081968e-08,1.3674724155193749e-09,7.579137295081968e-08,1.3674724155193749e-09,1.9459499999999998e-07,1.9459499999999998e-07,7.579137295081968e-08,True,False,False,0,False,,,-0.43214165816010525,3.0,False,False,,,weekly,10.0,sigma,computed,/home/lkoo/projects/AutomationDetection/DownloadedLC/incremental/quiescent_background_cache.csv,,,,,,False,not_in_flare_streak
4FGL J1740.5+5211,81,82,55432.00001157408,6.8e-08,3.1e-08,6.29e-08,8.528713438735176e-08,7.579137295081968e-08,1.3674724155193749e-09,7.579137295081968e-08,1.3674724155193749e-09,1.9459499999999998e-07,1.9459499999999998e-07,7.579137295081968e-08,True,False,False,0,False,,,-0.25109043540422593,3.0,False,False,,,weekly,10.0,sigma,computed,/home/lkoo/projects/AutomationDetection/DownloadedLC/incremental/quiescent_background_cache.csv,,,,,,False,not_in_flare_streak
4FGL J1740.5+5211,82,83,55453.00001157408,3.37e-08,2.46e-08,6.8e-08,8.528713438735176e-08,7.579137295081968e-08,1.3674724155193749e-09,7.579137295081968e-08,1.3674724155193749e-09,1.9459499999999998e-07,1.9459499999999998e-07,7.579137295081968e-08,False,False,False,0,False,,,-1.7083939366678484,3.0,False,False,,,weekly,10.0,sigma,computed,/home/lkoo/projects/AutomationDetection/DownloadedLC/incremental/quiescent_background_cache.csv,,,,,,False,not_in_flare_streak
4FGL J1740.5+5211,83,84,55460.00001157408,7.15e-08,3.27e-08,3.37e-08,8.528713438735176e-08,7.579137295081968e-08,1.3674724155193749e-09,7.579137295081968e-08,1.3674724155193749e-09,1.9459499999999998e-07,1.9459499999999998e-07,7.579137295081968e-08,True,False,False,0,False,,,-0.13112004513295478,3.0,False,False,,,weekly,10.0,sigma,computed,/home/lkoo/projects/AutomationDetection/DownloadedLC/incremental/quiescent_background_cache.csv,,,,,,False,not_in_flare_streak
4FGL J1740.5+5211,84,85,55495.00001157408,3.75e-08,1.91e-08,7.15e-08,8.528713438735176e-08,7.579137295081968e-08,1.3674724155193749e-09,7.579137295081968e-08,1.3674724155193749e-09,1.9459499999999998e-07,1.9459499999999998e-07,7.579137295081968e-08,False,False,False,0,False,,,-1.9996654290927671,3.0,False,False,,,weekly,10.0,sigma,computed,/home/lkoo/projects/AutomationDetection/DownloadedLC/incremental/quiescent_background_cache.csv,,,,,,False,not_in_flare_streak
4FGL J1740.5+5211,85,86,55509.00001157408,6.13e-08,3.61e-08,3.75e-08,8.528713438735176e-08,7.579137295081968e-08,1.3674724155193749e-09,7.579137295081968e-08,1.3674724155193749e-09,1.9459499999999998e-07,1.9459499999999998e-07,7.579137295081968e-08,True,False,False,0,False,,,-0.40113538128086346,3.0,False,False,,,weekly,10.0,sigma,computed,/home/lkoo/projects/AutomationDetection/DownloadedLC/incremental/quiescent_background_cache.csv,,,,,,False,not_in_flare_streak
4FGL J1740.5+5211,86,87,55523.00001157408,4.71e-08,2.46e-08,6.13e-08,8.528713438735176e-08,7.579137295081968e-08,1.3674724155193749e-09,7.579137295081968e-08,1.3674724155193749e-09,1.9459499999999998e-07,1.9459499999999998e-07,7.579137295081968e-08,False,False,False,0,False,,,-1.1645181458235545,3.0,False,False,,,weekly,10.0,sigma,computed,/home/lkoo/projects/AutomationDetection/DownloadedLC/incremental/quiescent_background_cache.csv,,,,,,False,not_in_flare_streak
4FGL J1740.5+5211,87,88,55544.00001157408,7.57e-08,3.46e-08,4.71e-08,8.528713438735176e-08,7.579137295081968e-08,1.3674724155193749e-09,7.579137295081968e-08,1.3674724155193749e-09,1.9459499999999998e-07,1.9459499999999998e-07,7.579137295081968e-08,True,False,False,0,False,,,-0.0026387766298951692,3.0,False,False,,,weekly,10.0,sigma,computed,/home/lkoo/projects/AutomationDetection/DownloadedLC/incremental/quiescent_background_cache.csv,,,,,,False,not_in_flare_streak
4FGL J1740.5+5211,88,89,55551.00001157408,3.67e-08,2.87e-08,7.57e-08,8.528713438735176e-08,7.579137295081968e-08,1.3674724155193749e-09,7.579137295081968e-08,1.3674724155193749e-09,1.9459499999999998e-07,1.9459499999999998e-07,7.579137295081968e-08,False,False,False,0,False,,,-1.3605252543999284,3.0,False,False,,,weekly,10.0,sigma,computed,/home/lkoo/projects/AutomationDetection/DownloadedLC/incremental/quiescent_background_cache.csv,,,,,,False,not_in_flare_streak
4FGL J1740.5+5211,89,90,55565.00001157408,2.97e-08,2.58e-08,3.67e-08,8.528713438735176e-08,7.579137295081968e-08,1.3674724155193749e-09,7.579137295081968e-08,1.3674724155193749e-09,1.9459499999999998e-07,1.9459499999999998e-07,7.579137295081968e-08,False,False,False,0,False,,,-1.7839832113272103,3.0,False,False,,,weekly,10.0,sigma,computed,/home/lkoo/projects/AutomationDetection/DownloadedLC/incremental/quiescent_background_cache.csv,,,,,,False,not_in_flare_streak
4FGL J1740.5+5211,90,91,55572.00001157408,6.77e-09,6.13e-09,2.97e-08,8.528713438735176e-08,7.579137295081968e-08,1.3674724155193749e-09,7.579137295081968e-08,1.3674724155193749e-09,1.9459499999999998e-07,1.9459499999999998e-07,7.579137295081968e-08,False,False,False,0,False,,,-10.98948296059005,3.0,False,False,,,weekly,10.0,sigma,computed,/home/lkoo/projects/AutomationDetection/DownloadedLC/incremental/quiescent_background_cache.csv,,,,,,False,not_in_flare_streak
4FGL J1740.5+5211,91,92,55607.00001157408,4.63e-08,2.86e-08,6.77e-09,8.528713438735176e-08,7.579137295081968e-08,1.3674724155193749e-09,7.579137295081968e-08,1.3674724155193749e-09,1.9459499999999998e-07,1.9459499999999998e-07,7.579137295081968e-08,True,False,False,0,False,,,-1.0299902015009703,3.0,False,False,,,weekly,10.0,sigma,computed,/home/lkoo/projects/AutomationDetection/DownloadedLC/incremental/quiescent_background_cache.csv,,,,,,False,not_in_flare_streak
4FGL J1740.5+5211,92,93,55614.00001157408,3.96e-08,2.36e-08,4.63e-08,8.528713438735176e-08,7.579137295081968e-08,1.3674724155193749e-09,7.579137295081968e-08,1.3674724155193749e-09,1.9459499999999998e-07,1.9459499999999998e-07,7.579137295081968e-08,False,False,False,0,False,,,-1.5309648156429332,3.0,False,False,,,weekly,10.0,sigma,computed,/home/lkoo/projects/AutomationDetection/DownloadedLC/incremental/quiescent_background_cache.csv,,,,,,False,not_in_flare_streak
4FGL J1740.5+5211,93,94,55642.00001157408,1.3e-08,1.22e-08,3.96e-08,8.528713438735176e-08,7.579137295081968e-08,1.3674724155193749e-09,7.579137295081968e-08,1.3674724155193749e-09,1.9459499999999998e-07,1.9459499999999998e-07,7.579137295081968e-08,False,False,False,0,False,,,-5.114803714097481,3.0,False,False,,,weekly,10.0,sigma,computed,/home/lkoo/projects/AutomationDetection/DownloadedLC/incremental/quiescent_background_cache.csv,,,,,,False,not_in_flare_streak
4FGL J1740.5+5211,94,95,55649.00001157408,2.86e-08,1.84e-08,1.3e-08,8.528713438735176e-08,7.579137295081968e-08,1.3674724155193749e-09,7.579137295081968e-08,1.3674724155193749e-09,1.9459499999999998e-07,1.9459499999999998e-07,7.579137295081968e-08,True,False,False,0,False,,,-2.557694752223315,3.0,False,False,,,weekly,10.0,sigma,computed,/home/lkoo/projects/AutomationDetection/DownloadedLC/incremental/quiescent_background_cache.csv,,,,,,False,not_in_flare_streak
4FGL J1740.5+5211,95,96,55656.00001157408,6.87e-08,3.4e-08,2.86e-08,8.528713438735176e-08,7.579137295081968e-08,1.3674724155193749e-09,7.579137295081968e-08,1.3674724155193749e-09,1.9459499999999998e-07,1.9459499999999998e-07,7.579137295081968e-08,True,False,False,0,False,,,-0.20840130263517415,3.0,False,False,,,weekly,10.0,sigma,computed,/home/lkoo/projects/AutomationDetection/DownloadedLC/incremental/quiescent_background_cache.csv,,,,,,False,not_in_flare_streak
4FGL J1740.5+5211,96,97,55677.00001157408,1.1e-07,3.44e-08,6.87e-08,8.528713438735176e-08,7.579137295081968e-08,1.3674724155193749e-09,7.579137295081968e-08,1.3674724155193749e-09,1.9459499999999998e-07,1.9459499999999998e-07,7.579137295081968e-08,True,True,False,0,False,,,0.9936520434247679,3.0,False,False,,,weekly,10.0,sigma,computed,/home/lkoo/projects/AutomationDetection/DownloadedLC/incremental/quiescent_background_cache.csv,,,,,,False,not_in_flare_streak
4FGL J1740.5+5211,97,98,55698.00001157408,2.81e-08,2.27e-08,1.1e-07,8.528713438735176e-08,7.579137295081968e-08,1.3674724155193749e-09,7.579137295081968e-08,1.3674724155193749e-09,1.9459499999999998e-07,1.9459499999999998e-07,7.579137295081968e-08,False,False,False,0,False,,,-2.0971397391109803,3.0,False,False,,,weekly,10.0,sigma,computed,/home/lkoo/projects/AutomationDetection/DownloadedLC/incremental/quiescent_background_cache.csv,,,,,,False,not_in_flare_streak
4FGL J1740.5+5211,98,99,55761.00001157408,1.45e-08,1.12e-08,2.81e-08,8.528713438735176e-08,7.579137295081968e-08,1.3674724155193749e-09,7.579137295081968e-08,1.3674724155193749e-09,1.9459499999999998e-07,1.9459499999999998e-07,7.579137295081968e-08,False,False,False,0,False,,,-5.432104592679635,3.0,False,False,,,weekly,10.0,sigma,computed,/home/lkoo/projects/AutomationDetection/DownloadedLC/incremental/quiescent_background_cache.csv,,,,,,False,not_in_flare_streak
4FGL J1740.5+5211,99,100,55915.00001157408,2.6e-08,2.1e-08,1.45e-08,8.528713438735176e-08,7.579137295081968e-08,1.3674724155193749e-09,7.579137295081968e-08,1.3674724155193749e-09,1.9459499999999998e-07,1.9459499999999998e-07,7.579137295081968e-08,True,False,False,0,False,,,-2.3660067539690455,3.0,False,False,,,weekly,10.0,sigma,computed,/home/lkoo/projects/AutomationDetection/DownloadedLC/incremental/quiescent_background_cache.csv,,,,,,False,not_in_flare_streak
4FGL J1740.5+5211,100,101,55929.00001157408,4.39e-08,3.78e-08,2.6e-08,8.528713438735176e-08,7.579137295081968e-08,1.3674724155193749e-09,7.579137295081968e-08,1.3674724155193749e-09,1.9459499999999998e-07,1.9459499999999998e-07,7.579137295081968e-08,True,False,False,0,False,,,-0.8431355726538702,3.0,False,False,,,weekly,10.0,sigma,computed,/home/lkoo/projects/AutomationDetection/DownloadedLC/incremental/quiescent_background_cache.csv,,,,,,False,not_in_flare_streak
4FGL J1740.5+5211,101,102,55943.00001157408,4.52e-08,2.25e-08,4.39e-08,8.528713438735176e-08,7.579137295081968e-08,1.3674724155193749e-09,7.579137295081968e-08,1.3674724155193749e-09,1.9459499999999998e-07,1.9459499999999998e-07,7.579137295081968e-08,True,False,False,0,False,,,-1.3571124422214915,3.0,False,False,,,weekly,10.0,sigma,computed,/home/lkoo/projects/AutomationDetection/DownloadedLC/incremental/quiescent_background_cache.csv,,,,,,False,not_in_flare_streak
4FGL J1740.5+5211,102,103,56020.00001157408,2.5e-08,1.97e-08,4.52e-08,8.528713438735176e-08,7.579137295081968e-08,1.3674724155193749e-09,7.579137295081968e-08,1.3674724155193749e-09,1.9459499999999998e-07,1.9459499999999998e-07,7.579137295081968e-08,False,False,False,0,False,,,-2.572053111609538,3.0,False,False,,,weekly,10.0,sigma,computed,/home/lkoo/projects/AutomationDetection/DownloadedLC/incremental/quiescent_background_cache.csv,,,,,,False,not_in_flare_streak
4FGL J1740.5+5211,103,104,56041.00001157408,5.76e-08,3.31e-08,2.5e-08,8.528713438735176e-08,7.579137295081968e-08,1.3674724155193749e-09,7.579137295081968e-08,1.3674724155193749e-09,1.9459499999999998e-07,1.9459499999999998e-07,7.579137295081968e-08,True,False,False,0,False,,,-0.5491198891347773,3.0,False,False,,,weekly,10.0,sigma,computed,/home/lkoo/projects/AutomationDetection/DownloadedLC/incremental/quiescent_background_cache.csv,,,,,,False,not_in_flare_streak
4FGL J1740.5+5211,104,105,56048.00001157408,5.17e-08,3.14e-08,5.76e-08,8.528713438735176e-08,7.579137295081968e-08,1.3674724155193749e-09,7.579137295081968e-08,1.3674724155193749e-09,1.9459499999999998e-07,1.9459499999999998e-07,7.579137295081968e-08,False,False,False,0,False,,,-0.7665146317560951,3.0,False,False,,,weekly,10.0,sigma,computed,/home/lkoo/projects/AutomationDetection/DownloadedLC/incremental/quiescent_background_cache.csv,,,,,,False,not_in_flare_streak
4FGL J1740.5+5211,105,106,56055.00001157408,1.38e-08,1.21e-08,5.17e-08,8.528713438735176e-08,7.579137295081968e-08,1.3674724155193749e-09,7.579137295081968e-08,1.3674724155193749e-09,1.9459499999999998e-07,1.9459499999999998e-07,7.579137295081968e-08,False,False,False,0,False,,,-5.0908464071803765,3.0,False,False,,,weekly,10.0,sigma,computed,/home/lkoo/projects/AutomationDetection/DownloadedLC/incremental/quiescent_background_cache.csv,,,,,,False,not_in_flare_streak
4FGL J1740.5+5211,106,107,56069.00001157408,5.72e-08,3.05e-08,1.38e-08,8.528713438735176e-08,7.579137295081968e-08,1.3674724155193749e-09,7.579137295081968e-08,1.3674724155193749e-09,1.9459499999999998e-07,1.9459499999999998e-07,7.579137295081968e-08,True,False,False,0,False,,,-0.6089414742336972,3.0,False,False,,,weekly,10.0,sigma,computed,/home/lkoo/projects/AutomationDetection/DownloadedLC/incremental/quiescent_background_cache.csv,,,,,,False,not_in_flare_streak
4FGL J1740.5+5211,107,108,56090.00001157408,7.51e-08,4.08e-08,5.72e-08,8.528713438735176e-08,7.579137295081968e-08,1.3674724155193749e-09,7.579137295081968e-08,1.3674724155193749e-09,1.9459499999999998e-07,1.9459499999999998e-07,7.579137295081968e-08,True,False,False,0,False,,,-0.01693590561849468,3.0,False,False,,,weekly,10.0,sigma,computed,/home/lkoo/projects/AutomationDetection/DownloadedLC/incremental/quiescent_background_cache.csv,,,,,,False,not_in_flare_streak
4FGL J1740.5+5211,108,109,56097.00001157408,6.24e-08,3.07e-08,7.51e-08,8.528713438735176e-08,7.579137295081968e-08,1.3674724155193749e-09,7.579137295081968e-08,1.3674724155193749e-09,1.9459499999999998e-07,1.9459499999999998e-07,7.579137295081968e-08,False,False,False,0,False,,,-0.4357689860567617,3.0,False,False,,,weekly,10.0,sigma,computed,/home/lkoo/projects/AutomationDetection/DownloadedLC/incremental/quiescent_background_cache.csv,,,,,,False,not_in_flare_streak
4FGL J1740.5+5211,109,110,56111.00001157408,6.03e-08,3.42e-08,6.24e-08,8.528713438735176e-08,7.579137295081968e-08,1.3674724155193749e-09,7.579137295081968e-08,1.3674724155193749e-09,1.9459499999999998e-07,1.9459499999999998e-07,7.579137295081968e-08,False,False,False,0,False,,,-0.4526024631205673,3.0,False,False,,,weekly,10.0,sigma,computed,/home/lkoo/projects/AutomationDetection/DownloadedLC/incremental/quiescent_background_cache.csv,,,,,,False,not_in_flare_streak
4FGL J1740.5+5211,110,111,56146.00001157408,6.33e-08,3.27e-08,6.03e-08,8.528713438735176e-08,7.579137295081968e-08,1.3674724155193749e-09,7.579137295081968e-08,1.3674724155193749e-09,1.9459499999999998e-07,1.9459499999999998e-07,7.579137295081968e-08,True,False,False,0,False,,,-0.38166558904445796,3.0,False,False,,,weekly,10.0,sigma,computed,/home/lkoo/projects/AutomationDetection/DownloadedLC/incremental/quiescent_background_cache.csv,,,,,,False,not_in_flare_streak
4FGL J1740.5+5211,111,112,56160.00001157408,6.15e-08,2.91e-08,6.33e-08,8.528713438735176e-08,7.579137295081968e-08,1.3674724155193749e-09,7.579137295081968e-08,1.3674724155193749e-09,1.9459499999999998e-07,1.9459499999999998e-07,7.579137295081968e-08,False,False,False,0,False,,,-0.4905711157467229,3.0,False,False,,,weekly,10.0,sigma,computed,/home/lkoo/projects/AutomationDetection/DownloadedLC/incremental/quiescent_background_cache.csv,,,,,,False,not_in_flare_streak
4FGL J1740.5+5211,112,113,56174.00001157408,4.8e-08,2.92e-08,6.15e-08,8.528713438735176e-08,7.579137295081968e-08,1.3674724155193749e-09,7.579137295081968e-08,1.3674724155193749e-09,1.9459499999999998e-07,1.9459499999999998e-07,7.579137295081968e-08,False,False,False,0,False,,,-0.9507173782459593,3.0,False,False,,,weekly,10.0,sigma,computed,/home/lkoo/projects/AutomationDetection/DownloadedLC/incremental/quiescent_background_cache.csv,,,,,,False,not_in_flare_streak
4FGL J1740.5+5211,113,114,56181.00001157408,5.22e-08,3.13e-08,4.8e-08,8.528713438735176e-08,7.579137295081968e-08,1.3674724155193749e-09,7.579137295081968e-08,1.3674724155193749e-09,1.9459499999999998e-07,1.9459499999999998e-07,7.579137295081968e-08,True,False,False,0,False,,,-0.7529996851280552,3.0,False,False,,,weekly,10.0,sigma,computed,/home/lkoo/projects/AutomationDetection/DownloadedLC/incremental/quiescent_background_cache.csv,,,,,,False,not_in_flare_streak
4FGL J1740.5+5211,114,115,56188.00001157408,1.43e-08,1.35e-08,5.22e-08,8.528713438735176e-08,7.579137295081968e-08,1.3674724155193749e-09,7.579137295081968e-08,1.3674724155193749e-09,1.9459499999999998e-07,1.9459499999999998e-07,7.579137295081968e-08,False,False,False,0,False,,,-4.531726897356851,3.0,False,False,,,weekly,10.0,sigma,computed,/home/lkoo/projects/AutomationDetection/DownloadedLC/incremental/quiescent_background_cache.csv,,,,,,False,not_in_flare_streak
4FGL J1740.5+5211,115,116,56244.00001157408,3.93e-08,2.38e-08,1.43e-08,8.528713438735176e-08,7.579137295081968e-08,1.3674724155193749e-09,7.579137295081968e-08,1.3674724155193749e-09,1.9459499999999998e-07,1.9459499999999998e-07,7.579137295081968e-08,True,False,False,0,False,,,-1.5307263629619121,3.0,False,False,,,weekly,10.0,sigma,computed,/home/lkoo/projects/AutomationDetection/DownloadedLC/incremental/quiescent_background_cache.csv,,,,,,False,not_in_flare_streak
4FGL J1740.5+5211,116,117,56258.00001157408,1.9e-08,1.84e-08,3.93e-08,8.528713438735176e-08,7.579137295081968e-08,1.3674724155193749e-09,7.579137295081968e-08,1.3674724155193749e-09,1.9459499999999998e-07,1.9459499999999998e-07,7.579137295081968e-08,False,False,False,0,False,,,-3.077998953733463,3.0,False,False,,,weekly,10.0,sigma,computed,/home/lkoo/projects/AutomationDetection/DownloadedLC/incremental/quiescent_background_cache.csv,,,,,,False,not_in_flare_streak
4FGL J1740.5+5211,117,118,56265.00001157408,5.82e-08,2.72e-08,1.9e-08,8.528713438735176e-08,7.579137295081968e-08,1.3674724155193749e-09,7.579137295081968e-08,1.3674724155193749e-09,1.9459499999999998e-07,1.9459499999999998e-07,7.579137295081968e-08,True,False,False,0,False,,,-0.6459258635856021,3.0,False,False,,,weekly,10.0,sigma,computed,/home/lkoo/projects/AutomationDetection/DownloadedLC/incremental/quiescent_background_cache.csv,,,,,,False,not_in_flare_streak
4FGL J1740.5+5211,118,119,56279.00001157408,8.27e-08,3.66e-08,5.82e-08,8.528713438735176e-08,7.579137295081968e-08,1.3674724155193749e-09,7.579137295081968e-08,1.3674724155193749e-09,1.9459499999999998e-07,1.9459499999999998e-07,7.579137295081968e-08,True,True,False,0,False,,,0.18862868814690936,3.0,False,False,,,weekly,10.0,sigma,computed,/home/lkoo/projects/AutomationDetection/DownloadedLC/incremental/quiescent_background_cache.csv,,,,,,False,not_in_flare_streak
4FGL J1740.5+5211,119,120,56286.00001157408,1.02e-07,3.49e-08,8.27e-08,8.528713438735176e-08,7.579137295081968e-08,1.3674724155193749e-09,7.579137295081968e-08,1.3674724155193749e-09,1.9459499999999998e-07,1.9459499999999998e-07,7.579137295081968e-08,True,True,False,0,False,,,0.7503877207751308,3.0,False,False,,,weekly,10.0,sigma,computed,/home/lkoo/projects/AutomationDetection/DownloadedLC/incremental/quiescent_background_cache.csv,,,,,,False,not_in_flare_streak
4FGL J1740.5+5211,120,121,56307.00001157408,1.62e-08,1.33e-08,1.02e-07,8.528713438735176e-08,7.579137295081968e-08,1.3674724155193749e-09,7.579137295081968e-08,1.3674724155193749e-09,1.9459499999999998e-07,1.9459499999999998e-07,7.579137295081968e-08,False,False,False,0,False,,,-4.457057549747905,3.0,False,False,,,weekly,10.0,sigma,computed,/home/lkoo/projects/AutomationDetection/DownloadedLC/incremental/quiescent_background_cache.csv,,,,,,False,not_in_flare_streak
4FGL J1740.5+5211,121,122,56314.00001157408,3.52e-08,1.81e-08,1.62e-08,8.528713438735176e-08,7.579137295081968e-08,1.3674724155193749e-09,7.579137295081968e-08,1.3674724155193749e-09,1.9459499999999998e-07,1.9459499999999998e-07,7.579137295081968e-08,True,False,False,0,False,,,-2.2362441888463183,3.0,False,False,,,weekly,10.0,sigma,computed,/home/lkoo/projects/AutomationDetection/DownloadedLC/incremental/quiescent_background_cache.csv,,,,,,False,not_in_flare_streak
4FGL J1740.5+5211,122,123,56342.00001157408,4.67e-08,3.6e-08,3.52e-08,8.528713438735176e-08,7.579137295081968e-08,1.3674724155193749e-09,7.579137295081968e-08,1.3674724155193749e-09,1.9459499999999998e-07,1.9459499999999998e-07,7.579137295081968e-08,True,False,False,0,False,,,-0.8075113295059095,3.0,False,False,,,weekly,10.0,sigma,computed,/home/lkoo/projects/AutomationDetection/DownloadedLC/incremental/quiescent_background_cache.csv,,,,,,False,not_in_flare_streak
4FGL J1740.5+5211,123,124,56363.00001157408,6.2e-08,3.41e-08,4.67e-08,8.528713438735176e-08,7.579137295081968e-08,1.3674724155193749e-09,7.579137295081968e-08,1.3674724155193749e-09,1.9459499999999998e-07,1.9459499999999998e-07,7.579137295081968e-08,True,False,False,0,False,,,-0.4041142804365697,3.0,False,False,,,weekly,10.0,sigma,computed,/home/lkoo/projects/AutomationDetection/DownloadedLC/incremental/quiescent_background_cache.csv,,,,,,False,not_in_flare_streak
4FGL J1740.5+5211,124,125,56426.00001157408,6.72e-08,2.34e-08,6.2e-08,8.528713438735176e-08,7.579137295081968e-08,1.3674724155193749e-09,7.579137295081968e-08,1.3674724155193749e-09,1.9459499999999998e-07,1.9459499999999998e-07,7.579137295081968e-08,True,False,False,0,False,,,-0.36652735696340705,3.0,False,False,,,weekly,10.0,sigma,computed,/home/lkoo/projects/AutomationDetection/DownloadedLC/incremental/quiescent_background_cache.csv,,,,,,False,not_in_flare_streak
4FGL J1740.5+5211,125,126,56496.00001157408,6.61e-08,2.78e-08,6.72e-08,8.528713438735176e-08,7.579137295081968e-08,1.3674724155193749e-09,7.579137295081968e-08,1.3674724155193749e-09,1.9459499999999998e-07,1.9459499999999998e-07,7.579137295081968e-08,False,False,False,0,False,,,-0.34818954872620045,3.0,False,False,,,weekly,10.0,sigma,computed,/home/lkoo/projects/AutomationDetection/DownloadedLC/incremental/quiescent_background_cache.csv,,,,,,False,not_in_flare_streak
4FGL J1740.5+5211,126,127,56517.00001157408,4.36e-08,2.52e-08,6.61e-08,8.528713438735176e-08,7.579137295081968e-08,1.3674724155193749e-09,7.579137295081968e-08,1.3674724155193749e-09,1.9459499999999998e-07,1.9459499999999998e-07,7.579137295081968e-08,False,False,False,0,False,,,-1.275558767701969,3.0,False,False,,,weekly,10.0,sigma,computed,/home/lkoo/projects/AutomationDetection/DownloadedLC/incremental/quiescent_background_cache.csv,,,,,,False,not_in_flare_streak
4FGL J1740.5+5211,127,128,56545.00001157408,1.82e-08,1.3e-08,4.36e-08,8.528713438735176e-08,7.579137295081968e-08,1.3674724155193749e-09,7.579137295081968e-08,1.3674724155193749e-09,1.9459499999999998e-07,1.9459499999999998e-07,7.579137295081968e-08,False,False,False,0,False,,,-4.405797647538921,3.0,False,False,,,weekly,10.0,sigma,computed,/home/lkoo/projects/AutomationDetection/DownloadedLC/incremental/quiescent_background_cache.csv,,,,,,False,not_in_flare_streak
4FGL J1740.5+5211,128,129,56566.00001157408,2.82e-08,2.21e-08,1.82e-08,8.528713438735176e-08,7.579137295081968e-08,1.3674724155193749e-09,7.579137295081968e-08,1.3674724155193749e-09,1.9459499999999998e-07,1.9459499999999998e-07,7.579137295081968e-08,True,False,False,0,False,,,-2.1493451097411636,3.0,False,False,,,weekly,10.0,sigma,computed,/home/lkoo/projects/AutomationDetection/DownloadedLC/incremental/quiescent_background_cache.csv,,,,,,False,not_in_flare_streak
4FGL J1740.5+5211,129,130,56601.00001157408,8.95e-09,8.06e-09,2.82e-08,8.528713438735176e-08,7.579137295081968e-08,1.3674724155193749e-09,7.579137295081968e-08,1.3674724155193749e-09,1.9459499999999998e-07,1.9459499999999998e-07,7.579137295081968e-08,False,False,False,0,False,,,-8.176133927653147,3.0,False,False,,,weekly,10.0,sigma,computed,/home/lkoo/projects/AutomationDetection/DownloadedLC/incremental/quiescent_background_cache.csv,,,,,,False,not_in_flare_streak
4FGL J1740.5+5211,130,131,56678.00001157408,1.51e-08,8.9e-09,8.95e-09,8.528713438735176e-08,7.579137295081968e-08,1.3674724155193749e-09,7.579137295081968e-08,1.3674724155193749e-09,1.9459499999999998e-07,1.9459499999999998e-07,7.579137295081968e-08,True,False,False,0,False,,,-6.740159029409207,3.0,False,False,,,weekly,10.0,sigma,computed,/home/lkoo/projects/AutomationDetection/DownloadedLC/incremental/quiescent_background_cache.csv,,,,,,False,not_in_flare_streak
4FGL J1740.5+5211,131,132,56685.00001157408,9.83e-09,9.01e-09,1.51e-08,8.528713438735176e-08,7.579137295081968e-08,1.3674724155193749e-09,7.579137295081968e-08,1.3674724155193749e-09,1.9459499999999998e-07,1.9459499999999998e-07,7.579137295081968e-08,False,False,False,0,False,,,-7.238017969853499,3.0,False,False,,,weekly,10.0,sigma,computed,/home/lkoo/projects/AutomationDetection/DownloadedLC/incremental/quiescent_background_cache.csv,,,,,,False,not_in_flare_streak
4FGL J1740.5+5211,132,133,56699.00001157408,7.58e-08,6.79e-08,9.83e-09,8.528713438735176e-08,7.579137295081968e-08,1.3674724155193749e-09,7.579137295081968e-08,1.3674724155193749e-09,1.9459499999999998e-07,1.9459499999999998e-07,7.579137295081968e-08,True,True,False,0,False,,,0.0001270294572633953,3.0,False,False,,,weekly,10.0,sigma,computed,/home/lkoo/projects/AutomationDetection/DownloadedLC/incremental/quiescent_background_cache.csv,,,,,,False,not_in_flare_streak
4FGL J1740.5+5211,133,134,56741.00001157408,3.27e-08,2.37e-08,7.58e-08,8.528713438735176e-08,7.579137295081968e-08,1.3674724155193749e-09,7.579137295081968e-08,1.3674724155193749e-09,1.9459499999999998e-07,1.9459499999999998e-07,7.579137295081968e-08,False,False,False,0,False,,,-1.8151823444929207,3.0,False,False,,,weekly,10.0,sigma,computed,/home/lkoo/projects/AutomationDetection/DownloadedLC/incremental/quiescent_background_cache.csv,,,,,,False,not_in_flare_streak
4FGL J1740.5+5211,134,135,56776.00001157408,6.29e-08,3.14e-08,3.27e-08,8.528713438735176e-08,7.579137295081968e-08,1.3674724155193749e-09,7.579137295081968e-08,1.3674724155193749e-09,1.9459499999999998e-07,1.9459499999999998e-07,7.579137295081968e-08,True,False,False,0,False,,,-0.41016450205640215,3.0,False,False,,,weekly,10.0,sigma,computed,/home/lkoo/projects/AutomationDetection/DownloadedLC/incremental/quiescent_background_cache.csv,,,,,,False,not_in_flare_streak
4FGL J1740.5+5211,135,136,56790.00001157408,5.78e-08,2.45e-08,6.29e-08,8.528713438735176e-08,7.579137295081968e-08,1.3674724155193749e-09,7.579137295081968e-08,1.3674724155193749e-09,1.9459499999999998e-07,1.9459499999999998e-07,7.579137295081968e-08,False,False,False,0,False,,,-0.7332005579306942,3.0,False,False,,,weekly,10.0,sigma,computed,/home/lkoo/projects/AutomationDetection/DownloadedLC/incremental/quiescent_background_cache.csv,,,,,,False,not_in_flare_streak
4FGL J1740.5+5211,136,137,56818.00001157408,1.24e-07,4.97e-08,5.78e-08,8.528713438735176e-08,7.579137295081968e-08,1.3674724155193749e-09,7.579137295081968e-08,1.3674724155193749e-09,1.9459499999999998e-07,1.9459499999999998e-07,7.579137295081968e-08,True,True,False,0,False,,,0.9696255380531471,3.0,False,False,,,weekly,10.0,sigma,computed,/home/lkoo/projects/AutomationDetection/DownloadedLC/incremental/quiescent_background_cache.csv,,,,,,False,not_in_flare_streak
4FGL J1740.5+5211,137,138,56832.00001157408,2.33e-08,2.15e-08,1.24e-07,8.528713438735176e-08,7.579137295081968e-08,1.3674724155193749e-09,7.579137295081968e-08,1.3674724155193749e-09,1.9459499999999998e-07,1.9459499999999998e-07,7.579137295081968e-08,False,False,False,0,False,,,-2.4365358143375917,3.0,False,False,,,weekly,10.0,sigma,computed,/home/lkoo/projects/AutomationDetection/DownloadedLC/incremental/quiescent_background_cache.csv,,,,,,False,not_in_flare_streak
4FGL J1740.5+5211,138,139,56881.00001157408,5.92e-08,5.18e-08,2.33e-08,8.528713438735176e-08,7.579137295081968e-08,1.3674724155193749e-09,7.579137295081968e-08,1.3674724155193749e-09,1.9459499999999998e-07,1.9459499999999998e-07,7.579137295081968e-08,True,False,False,0,False,,,-0.3201852241621857,3.0,False,False,,,weekly,10.0,sigma,computed,/home/lkoo/projects/AutomationDetection/DownloadedLC/incremental/quiescent_background_cache.csv,,,,,,False,not_in_flare_streak
4FGL J1740.5+5211,139,140,56895.00001157408,2.88e-08,1.85e-08,5.92e-08,8.528713438735176e-08,7.579137295081968e-08,1.3674724155193749e-09,7.579137295081968e-08,1.3674724155193749e-09,1.9459499999999998e-07,1.9459499999999998e-07,7.579137295081968e-08,False,False,False,0,False,,,-2.5331633093313095,3.0,False,False,,,weekly,10.0,sigma,computed,/home/lkoo/projects/AutomationDetection/DownloadedLC/incremental/quiescent_background_cache.csv,,,,,,False,not_in_flare_streak
4FGL J1740.5+5211,140,141,56909.00001157408,1.13e-07,6.18e-08,2.88e-08,8.528713438735176e-08,7.579137295081968e-08,1.3674724155193749e-09,7.579137295081968e-08,1.3674724155193749e-09,1.9459499999999998e-07,1.9459499999999998e-07,7.579137295081968e-08,True,True,False,0,False,,,0.6019340020519716,3.0,False,False,,,weekly,10.0,sigma,computed,/home/lkoo/projects/AutomationDetection/DownloadedLC/incremental/quiescent_background_cache.csv,,,,,,False,not_in_flare_streak
4FGL J1740.5+5211,141,142,56930.00001157408,9.54e-08,3.66e-08,1.13e-07,8.528713438735176e-08,7.579137295081968e-08,1.3674724155193749e-09,7.579137295081968e-08,1.3674724155193749e-09,1.9459499999999998e-07,1.9459499999999998e-07,7.579137295081968e-08,False,True,False,0,False,,,0.5353812805813163,3.0,False,False,,,weekly,10.0,sigma,computed,/home/lkoo/projects/AutomationDetection/DownloadedLC/incremental/quiescent_background_cache.csv,,,,,,False,not_in_flare_streak
4FGL J1740.5+5211,142,143,56937.00001157408,4.03e-08,1.83e-08,9.54e-08,8.528713438735176e-08,7.579137295081968e-08,1.3674724155193749e-09,7.579137295081968e-08,1.3674724155193749e-09,1.9459499999999998e-07,1.9459499999999998e-07,7.579137295081968e-08,False,False,False,0,False,,,-1.934027129779245,3.0,False,False,,,weekly,10.0,sigma,computed,/home/lkoo/projects/AutomationDetection/DownloadedLC/incremental/quiescent_background_cache.csv,,,,,,False,not_in_flare_streak
4FGL J1740.5+5211,143,144,56944.00001157408,4.75e-08,2.14e-08,4.03e-08,8.528713438735176e-08,7.579137295081968e-08,1.3674724155193749e-09,7.579137295081968e-08,1.3674724155193749e-09,1.9459499999999998e-07,1.9459499999999998e-07,7.579137295081968e-08,True,False,False,0,False,,,-1.319335905805375,3.0,False,False,,,weekly,10.0,sigma,computed,/home/lkoo/projects/AutomationDetection/DownloadedLC/incremental/quiescent_background_cache.csv,,,,,,False,not_in_flare_streak
4FGL J1740.5+5211,144,145,56986.00001157408,5.24e-08,2.89e-08,4.75e-08,8.528713438735176e-08,7.579137295081968e-08,1.3674724155193749e-09,7.579137295081968e-08,1.3674724155193749e-09,1.9459499999999998e-07,1.9459499999999998e-07,7.579137295081968e-08,True,False,False,0,False,,,-0.8084855003397837,3.0,False,False,,,weekly,10.0,sigma,computed,/home/lkoo/projects/AutomationDetection/DownloadedLC/incremental/quiescent_background_cache.csv,,,,,,False,not_in_flare_streak
4FGL J1740.5+5211,145,146,57000.00001157408,7.01e-08,3.34e-08,5.24e-08,8.528713438735176e-08,7.579137295081968e-08,1.3674724155193749e-09,7.579137295081968e-08,1.3674724155193749e-09,1.9459499999999998e-07,1.9459499999999998e-07,7.579137295081968e-08,True,False,False,0,False,,,-0.17025774844178296,3.0,False,False,,,weekly,10.0,sigma,computed,/home/lkoo/projects/AutomationDetection/DownloadedLC/incremental/quiescent_background_cache.csv,,,,,,False,not_in_flare_streak
4FGL J1740.5+5211,146,147,57021.00001157408,4.59e-08,2.76e-08,7.01e-08,8.528713438735176e-08,7.579137295081968e-08,1.3674724155193749e-09,7.579137295081968e-08,1.3674724155193749e-09,1.9459499999999998e-07,1.9459499999999998e-07,7.579137295081968e-08,False,False,False,0,False,,,-1.0816938930323194,3.0,False,False,,,weekly,10.0,sigma,computed,/home/lkoo/projects/AutomationDetection/DownloadedLC/incremental/quiescent_background_cache.csv,,,,,,False,not_in_flare_streak
4FGL J1740.5+5211,147,148,57028.00001157408,7.92e-08,3.38e-08,4.59e-08,8.528713438735176e-08,7.579137295081968e-08,1.3674724155193749e-09,7.579137295081968e-08,1.3674724155193749e-09,1.9459499999999998e-07,1.9459499999999998e-07,7.579137295081968e-08,True,True,False,0,False,,,0.10076452060853551,3.0,False,False,,,weekly,10.0,sigma,computed,/home/lkoo/projects/AutomationDetection/DownloadedLC/incremental/quiescent_background_cache.csv,,,,,,False,not_in_flare_streak
4FGL J1740.5+5211,148,149,57035.00001157408,2e-07,4.02e-08,7.92e-08,8.528713438735176e-08,7.579137295081968e-08,1.3674724155193749e-09,7.579137295081968e-08,1.3674724155193749e-09,1.9459499999999998e-07,1.9459499999999998e-07,7.579137295081968e-08,True,True,False,0,False,,,3.087980749089505,3.0,True,True,57035.00001157408,57035.00001157408,weekly,10.0,sigma,computed,/home/lkoo/projects/AutomationDetection/DownloadedLC/incremental/quiescent_background_cache.csv,,,,,,False,not_in_flare_streak
4FGL J1740.5+5211,149,150,57042.00001157408,5.11e-08,3.07e-08,2e-07,8.528713438735176e-08,7.579137295081968e-08,1.3674724155193749e-09,7.579137295081968e-08,1.3674724155193749e-09,1.9459499999999998e-07,1.9459499999999998e-07,7.579137295081968e-08,False,False,False,0,False,,,-0.8034825551228821,3.0,False,False,,,weekly,10.0,sigma,computed,/home/lkoo/projects/AutomationDetection/DownloadedLC/incremental/quiescent_background_cache.csv,,,,,,False,not_in_flare_streak
4FGL J1740.5+5211,150,151,57049.00001157408,1.88e-07,4.31e-08,5.11e-08,8.528713438735176e-08,7.579137295081968e-08,1.3674724155193749e-09,7.579137295081968e-08,1.3674724155193749e-09,1.9459499999999998e-07,1.9459499999999998e-07,7.579137295081968e-08,True,True,False,0,False,,,2.6021390188438844,3.0,False,False,,,weekly,10.0,sigma,computed,/home/lkoo/projects/AutomationDetection/DownloadedLC/incremental/quiescent_background_cache.csv,,,,,,False,not_in_flare_streak
4FGL J1740.5+5211,151,152,57056.00001157408,2.34e-08,1.55e-08,1.88e-07,8.528713438735176e-08,7.579137295081968e-08,1.3674724155193749e-09,7.579137295081968e-08,1.3674724155193749e-09,1.9459499999999998e-07,1.9459499999999998e-07,7.579137295081968e-08,False,False,False,0,False,,,-3.3670104490753956,3.0,False,False,,,weekly,10.0,sigma,computed,/home/lkoo/projects/AutomationDetection/DownloadedLC/incremental/quiescent_background_cache.csv,,,,,,False,not_in_flare_streak
4FGL J1740.5+5211,152,153,57070.00001157408,1.46e-07,5.44e-08,2.34e-08,8.528713438735176e-08,7.579137295081968e-08,1.3674724155193749e-09,7.579137295081968e-08,1.3674724155193749e-09,1.9459499999999998e-07,1.9459499999999998e-07,7.579137295081968e-08,True,True,False,0,False,,,1.29019219853442,3.0,False,False,,,weekly,10.0,sigma,computed,/home/lkoo/projects/AutomationDetection/DownloadedLC/incremental/quiescent_background_cache.csv,,,,,,False,not_in_flare_streak
4FGL J1740.5+5211,153,154,57077.00001157408,4.04e-08,2.85e-08,1.46e-07,8.528713438735176e-08,7.579137295081968e-08,1.3674724155193749e-09,7.579137295081968e-08,1.3674724155193749e-09,1.9459499999999998e-07,1.9459499999999998e-07,7.579137295081968e-08,False,False,False,0,False,,,-1.2403755698013355,3.0,False,False,,,weekly,10.0,sigma,computed,/home/lkoo/projects/AutomationDetection/DownloadedLC/incremental/quiescent_background_cache.csv,,,,,,False,not_in_flare_streak
4FGL J1740.5+5211,154,155,57084.00001157408,5e-08,2.89e-08,4.04e-08,8.528713438735176e-08,7.579137295081968e-08,1.3674724155193749e-09,7.579137295081968e-08,1.3674724155193749e-09,1.9459499999999998e-07,1.9459499999999998e-07,7.579137295081968e-08,True,False,False,0,False,,,-0.8914376727024362,3.0,False,False,,,weekly,10.0,sigma,computed,/home/lkoo/projects/AutomationDetection/DownloadedLC/incremental/quiescent_background_cache.csv,,,,,,False,not_in_flare_streak
4FGL J1740.5+5211,155,156,57119.00001157408,5.71e-08,3.21e-08,5e-08,8.528713438735176e-08,7.579137295081968e-08,1.3674724155193749e-09,7.579137295081968e-08,1.3674724155193749e-09,1.9459499999999998e-07,1.9459499999999998e-07,7.579137295081968e-08,True,False,False,0,False,,,-0.5817581157267881,3.0,False,False,,,weekly,10.0,sigma,computed,/home/lkoo/projects/AutomationDetection/DownloadedLC/incremental/quiescent_background_cache.csv,,,,,,False,not_in_flare_streak
4FGL J1740.5+5211,156,157,57140.00001157408,7.21e-08,2.92e-08,5.71e-08,8.528713438735176e-08,7.579137295081968e-08,1.3674724155193749e-09,7.579137295081968e-08,1.3674724155193749e-09,1.9459499999999998e-07,1.9459499999999998e-07,7.579137295081968e-08,True,False,False,0,False,,,-0.12627848289977417,3.0,False,False,,,weekly,10.0,sigma,computed,/home/lkoo/projects/AutomationDetection/DownloadedLC/incremental/quiescent_background_cache.csv,,,,,,False,not_in_flare_streak
4FGL J1740.5+5211,157,158,57161.00001157408,2.49e-08,1.89e-08,7.21e-08,8.528713438735176e-08,7.579137295081968e-08,1.3674724155193749e-09,7.579137295081968e-08,1.3674724155193749e-09,1.9459499999999998e-07,1.9459499999999998e-07,7.579137295081968e-08,False,False,False,0,False,,,-2.685644787124817,3.0,False,False,,,weekly,10.0,sigma,computed,/home/lkoo/projects/AutomationDetection/DownloadedLC/incremental/quiescent_background_cache.csv,,,,,,False,not_in_flare_streak
4FGL J1740.5+5211,158,159,57168.00001157408,1.21e-07,3.57e-08,2.49e-08,8.528713438735176e-08,7.579137295081968e-08,1.3674724155193749e-09,7.579137295081968e-08,1.3674724155193749e-09,1.9459499999999998e-07,1.9459499999999998e-07,7.579137295081968e-08,True,True,False,0,False,,,1.265420100338319,3.0,False,False,,,weekly,10.0,sigma,computed,/home/lkoo/projects/AutomationDetection/DownloadedLC/incremental/quiescent_background_cache.csv,,,,,,False,not_in_flare_streak
4FGL J1740.5+5211,159,160,57175.00001157408,5.23e-08,3.16e-08,1.21e-07,8.528713438735176e-08,7.579137295081968e-08,1.3674724155193749e-09,7.579137295081968e-08,1.3674724155193749e-09,1.9459499999999998e-07,1.9459499999999998e-07,7.579137295081968e-08,False,False,False,0,False,,,-0.7427027820802281,3.0,False,False,,,weekly,10.0,sigma,computed,/home/lkoo/projects/AutomationDetection/DownloadedLC/incremental/quiescent_background_cache.csv,,,,,,False,not_in_flare_streak
4FGL J1740.5+5211,160,161,57182.00001157408,1.63e-07,4.12e-08,5.23e-08,8.528713438735176e-08,7.579137295081968e-08,1.3674724155193749e-09,7.579137295081968e-08,1.3674724155193749e-09,1.9459499999999998e-07,1.9459499999999998e-07,7.579137295081968e-08,True,True,False,0,False,,,2.1155492745699944,3.0,False,False,,,weekly,10.0,sigma,computed,/home/lkoo/projects/AutomationDetection/DownloadedLC/incremental/quiescent_background_cache.csv,,,,,,False,not_in_flare_streak
4FGL J1740.5+5211,161,162,57189.00001157408,1.12e-07,4.3e-08,1.63e-07,8.528713438735176e-08,7.579137295081968e-08,1.3674724155193749e-09,7.579137295081968e-08,1.3674724155193749e-09,1.9459499999999998e-07,1.9459499999999998e-07,7.579137295081968e-08,False,True,False,0,False,,,0.8416356088476089,3.0,False,False,,,weekly,10.0,sigma,computed,/home/lkoo/projects/AutomationDetection/DownloadedLC/incremental/quiescent_background_cache.csv,,,,,,False,not_in_flare_streak
4FGL J1740.5+5211,162,163,57196.00001157408,1.08e-07,3.77e-08,1.12e-07,8.528713438735176e-08,7.579137295081968e-08,1.3674724155193749e-09,7.579137295081968e-08,1.3674724155193749e-09,1.9459499999999998e-07,1.9459499999999998e-07,7.579137295081968e-08,False,True,False,0,False,,,0.8537787694252539,3.0,False,False,,,weekly,10.0,sigma,computed,/home/lkoo/projects/AutomationDetection/DownloadedLC/incremental/quiescent_background_cache.csv,,,,,,False,not_in_flare_streak
4FGL J1740.5+5211,163,164,57203.00001157408,1.29e-07,3.96e-08,1.08e-07,8.528713438735176e-08,7.579137295081968e-08,1.3674724155193749e-09,7.579137295081968e-08,1.3674724155193749e-09,1.9459499999999998e-07,1.9459499999999998e-07,7.579137295081968e-08,True,True,False,0,False,,,1.3428517827875073,3.0,False,False,,,weekly,10.0,sigma,computed,/home/lkoo/projects/AutomationDetection/DownloadedLC/incremental/quiescent_background_cache.csv,,,,,,False,not_in_flare_streak
4FGL J1740.5+5211,164,165,57210.00001157408,3.17e-07,4.39e-08,1.29e-07,8.528713438735176e-08,7.579137295081968e-08,1.3674724155193749e-09,7.579137295081968e-08,1.3674724155193749e-09,1.9459499999999998e-07,1.9459499999999998e-07,7.579137295081968e-08,True,True,False,0,False,,,5.491838023147041,3.0,True,True,57210.00001157408,57210.00001157408,weekly,10.0,sigma,computed,/home/lkoo/projects/AutomationDetection/DownloadedLC/incremental/quiescent_background_cache.csv,,,,,,False,not_in_flare_streak
4FGL J1740.5+5211,165,166,57217.00001157408,1.52e-07,3.47e-08,3.17e-07,8.528713438735176e-08,7.579137295081968e-08,1.3674724155193749e-09,7.579137295081968e-08,1.3674724155193749e-09,1.9459499999999998e-07,1.9459499999999998e-07,7.579137295081968e-08,False,True,False,0,False,,,2.194510633131826,3.0,False,True,57210.00001157408,57217.00001157408,weekly,10.0,sigma,computed,/home/lkoo/projects/AutomationDetection/DownloadedLC/incremental/quiescent_background_cache.csv,,,,,,False,not_in_flare_streak
4FGL J1740.5+5211,166,167,57224.00001157408,1.5e-07,3.73e-08,1.52e-07,8.528713438735176e-08,7.579137295081968e-08,1.3674724155193749e-09,7.579137295081968e-08,1.3674724155193749e-09,1.9459499999999998e-07,1.9459499999999998e-07,7.579137295081968e-08,False,True,False,0,False,,,1.9881717626252948,3.0,False,True,57210.00001157408,57224.00001157408,weekly,10.0,sigma,computed,/home/lkoo/projects/AutomationDetection/DownloadedLC/incremental/quiescent_background_cache.csv,,,,,,False,not_in_flare_streak
4FGL J1740.5+5211,167,168,57231.00001157408,1.96e-07,3.93e-08,1.5e-07,8.528713438735176e-08,7.579137295081968e-08,1.3674724155193749e-09,7.579137295081968e-08,1.3674724155193749e-09,1.9459499999999998e-07,1.9459499999999998e-07,7.579137295081968e-08,True,True,False,0,False,,,3.056893693948906,3.0,True,True,57210.00001157408,57231.00001157408,weekly,10.0,sigma,computed,/home/lkoo/projects/AutomationDetection/DownloadedLC/incremental/quiescent_background_cache.csv,,,,,,False,not_in_flare_streak
4FGL J1740.5+5211,168,169,57238.00001157408,1.89e-07,3.8e-08,1.96e-07,8.528713438735176e-08,7.579137295081968e-08,1.3674724155193749e-09,7.579137295081968e-08,1.3674724155193749e-09,1.9459499999999998e-07,1.9459499999999998e-07,7.579137295081968e-08,False,True,False,0,False,,,2.9772472513151933,3.0,False,True,57210.00001157408,57238.00001157408,weekly,10.0,sigma,computed,/home/lkoo/projects/AutomationDetection/DownloadedLC/incremental/quiescent_background_cache.csv,,,,,,False,not_in_flare_streak
4FGL J1740.5+5211,169,170,57245.00001157408,2.17e-07,3.9e-08,1.89e-07,8.528713438735176e-08,7.579137295081968e-08,1.3674724155193749e-09,7.579137295081968e-08,1.3674724155193749e-09,1.9459499999999998e-07,1.9459499999999998e-07,7.579137295081968e-08,True,True,False,0,False,,,3.6185103364388036,3.0,True,True,57210.00001157408,57245.00001157408,weekly,10.0,sigma,computed,/home/lkoo/projects/AutomationDetection/DownloadedLC/incremental/quiescent_background_cache.csv,,,,,,False,not_in_flare_streak
4FGL J1740.5+5211,170,171,57252.00001157408,1.25e-07,3.61e-08,2.17e-07,8.528713438735176e-08,7.579137295081968e-08,1.3674724155193749e-09,7.579137295081968e-08,1.3674724155193749e-09,1.9459499999999998e-07,1.9459499999999998e-07,7.579137295081968e-08,False,True,False,0,False,,,1.3621429412293362,3.0,False,True,57210.00001157408,57252.00001157408,weekly,10.0,sigma,computed,/home/lkoo/projects/AutomationDetection/DownloadedLC/incremental/quiescent_background_cache.csv,,,,,,False,not_in_flare_streak
4FGL J1740.5+5211,171,172,57259.00001157408,2.03e-07,4.26e-08,1.25e-07,8.528713438735176e-08,7.579137295081968e-08,1.3674724155193749e-09,7.579137295081968e-08,1.3674724155193749e-09,1.9459499999999998e-07,1.9459499999999998e-07,7.579137295081968e-08,True,True,False,0,False,,,2.984580702944598,3.0,False,True,57210.00001157408,57259.00001157408,weekly,10.0,sigma,computed,/home/lkoo/projects/AutomationDetection/DownloadedLC/incremental/quiescent_background_cache.csv,,,,,,False,not_in_flare_streak
4FGL J1740.5+5211,172,173,57266.00001157408,2.53e-07,4.55e-08,2.03e-07,8.528713438735176e-08,7.579137295081968e-08,1.3674724155193749e-09,7.579137295081968e-08,1.3674724155193749e-09,1.9459499999999998e-07,1.9459499999999998e-07,7.579137295081968e-08,True,True,False,0,False,,,3.8929373231568536,3.0,True,True,57210.00001157408,57266.00001157408,weekly,10.0,sigma,computed,/home/lkoo/projects/AutomationDetection/DownloadedLC/incremental/quiescent_background_cache.csv,,,,,,False,not_in_flare_streak
4FGL J1740.5+5211,173,174,57273.00001157408,2.91e-07,4.22e-08,2.53e-07,8.528713438735176e-08,7.579137295081968e-08,1.3674724155193749e-09,7.579137295081968e-08,1.3674724155193749e-09,1.9459499999999998e-07,1.9459499999999998e-07,7.579137295081968e-08,True,True,False,0,False,,,5.0970551056076605,3.0,True,True,57210.00001157408,57273.00001157408,weekly,10.0,sigma,computed,/home/lkoo/projects/AutomationDetection/DownloadedLC/incremental/quiescent_background_cache.csv,,,,,,False,not_in_flare_streak
4FGL J1740.5+5211,174,175,57280.00001157408,4.7e-07,5.29e-08,2.91e-07,8.528713438735176e-08,7.579137295081968e-08,1.3674724155193749e-09,7.579137295081968e-08,1.3674724155193749e-09,1.9459499999999998e-07,1.9459499999999998e-07,7.579137295081968e-08,True,True,False,0,False,,,7.449470360240261,3.0,True,True,57210.00001157408,57280.00001157408,weekly,10.0,sigma,computed,/home/lkoo/projects/AutomationDetection/DownloadedLC/incremental/quiescent_background_cache.csv,,,,,,False,not_in_flare_streak
4FGL J1740.5+5211,175,176,57287.00001157408,4.49e-07,4.98e-08,4.7e-07,8.528713438735176e-08,7.579137295081968e-08,1.3674724155193749e-09,7.579137295081968e-08,1.3674724155193749e-09,1.9459499999999998e-07,1.9459499999999998e-07,7.579137295081968e-08,False,True,False,0,False,,,7.491325393757225,3.0,True,True,57210.00001157408,57287.00001157408,weekly,10.0,sigma,computed,/home/lkoo/projects/AutomationDetection/DownloadedLC/incremental/quiescent_background_cache.csv,,,,,,False,not_in_flare_streak
4FGL J1740.5+5211,176,177,57294.00001157408,5.79e-07,5.24e-08,4.49e-07,8.528713438735176e-08,7.579137295081968e-08,1.3674724155193749e-09,7.579137295081968e-08,1.3674724155193749e-09,1.9459499999999998e-07,1.9459499999999998e-07,7.579137295081968e-08,True,True,False,0,False,,,9.59994964028359,3.0,True,True,57210.00001157408,57294.00001157408,weekly,10.0,sigma,computed,/home/lkoo/projects/AutomationDetection/DownloadedLC/incremental/quiescent_background_cache.csv,,,,,,False,not_in_flare_streak
4FGL J1740.5+5211,177,178,57301.00001157408,4.79e-07,5.1e-08,5.79e-07,8.528713438735176e-08,7.579137295081968e-08,1.3674724155193749e-09,7.579137295081968e-08,1.3674724155193749e-09,1.9459499999999998e-07,1.9459499999999998e-07,7.579137295081968e-08,False,True,False,0,False,,,7.903211026802968,3.0,True,True,57210.00001157408,57301.00001157408,weekly,10.0,sigma,computed,/home/lkoo/projects/AutomationDetection/DownloadedLC/incremental/quiescent_background_cache.csv,,,,,,False,not_in_flare_streak
4FGL J1740.5+5211,178,179,57308.00001157408,2.23e-07,4.4e-08,4.79e-07,8.528713438735176e-08,7.579137295081968e-08,1.3674724155193749e-09,7.579137295081968e-08,1.3674724155193749e-09,1.9459499999999998e-07,1.9459499999999998e-07,7.579137295081968e-08,False,True,False,0,False,,,3.3440360037354644,3.0,True,True,57210.00001157408,57308.00001157408,weekly,10.0,sigma,computed,/home/lkoo/projects/AutomationDetection/DownloadedLC/incremental/quiescent_background_cache.csv,,,,,,False,not_in_flare_streak
4FGL J1740.5+5211,179,180,57315.00001157408,2.45e-07,4.44e-08,2.23e-07,8.528713438735176e-08,7.579137295081968e-08,1.3674724155193749e-09,7.579137295081968e-08,1.3674724155193749e-09,1.9459499999999998e-07,1.9459499999999998e-07,7.579137295081968e-08,True,True,False,0,False,,,3.809198888472402,3.0,True,True,57210.00001157408,57315.00001157408,weekly,10.0,sigma,computed,/home/lkoo/projects/AutomationDetection/DownloadedLC/incremental/quiescent_background_cache.csv,,,,,,False,not_in_flare_streak
4FGL J1740.5+5211,180,181,57322.00001157408,2.51e-07,3.98e-08,2.45e-07,8.528713438735176e-08,7.579137295081968e-08,1.3674724155193749e-09,7.579137295081968e-08,1.3674724155193749e-09,1.9459499999999998e-07,1.9459499999999998e-07,7.579137295081968e-08,True,True,False,0,False,,,4.399630664272811,3.0,True,True,57210.00001157408,57322.00001157408,weekly,10.0,sigma,computed,/home/lkoo/projects/AutomationDetection/DownloadedLC/incremental/quiescent_background_cache.csv,,,,,,False,not_in_flare_streak
4FGL J1740.5+5211,181,182,57329.00001157408,8.59e-08,3.09e-08,2.51e-07,8.528713438735176e-08,7.579137295081968e-08,1.3674724155193749e-09,7.579137295081968e-08,1.3674724155193749e-09,1.9459499999999998e-07,1.9459499999999998e-07,7.579137295081968e-08,False,True,False,0,False,,,0.3268201543560234,3.0,False,True,57210.00001157408,57329.00001157408,weekly,10.0,sigma,computed,/home/lkoo/projects/AutomationDetection/DownloadedLC/incremental/quiescent_background_cache.csv,,,,,,False,not_in_flare_streak
4FGL J1740.5+5211,182,183,57336.00001157408,5.04e-08,2.83e-08,8.59e-08,8.528713438735176e-08,7.579137295081968e-08,1.3674724155193749e-09,7.579137295081968e-08,1.3674724155193749e-09,1.9459499999999998e-07,1.9459499999999998e-07,7.579137295081968e-08,False,False,False,0,False,,,-0.8961760379709879,3.0,False,False,,,weekly,10.0,sigma,computed,/home/lkoo/projects/AutomationDetection/DownloadedLC/incremental/quiescent_background_cache.csv,,,,,,False,not_in_flare_streak
4FGL J1740.5+5211,183,184,57343.00001157408,1.04e-07,3.21e-08,5.04e-08,8.528713438735176e-08,7.579137295081968e-08,1.3674724155193749e-09,7.579137295081968e-08,1.3674724155193749e-09,1.9459499999999998e-07,1.9459499999999998e-07,7.579137295081968e-08,True,True,False,0,False,,,0.8779771161032449,3.0,False,False,,,weekly,10.0,sigma,computed,/home/lkoo/projects/AutomationDetection/DownloadedLC/incremental/quiescent_background_cache.csv,,,,,,False,not_in_flare_streak
4FGL J1740.5+5211,184,185,57350.00001157408,4.85e-08,2.29e-08,1.04e-07,8.528713438735176e-08,7.579137295081968e-08,1.3674724155193749e-09,7.579137295081968e-08,1.3674724155193749e-09,1.9459499999999998e-07,1.9459499999999998e-07,7.579137295081968e-08,False,False,False,0,False,,,-1.1896438375008336,3.0,False,False,,,weekly,10.0,sigma,computed,/home/lkoo/projects/AutomationDetection/DownloadedLC/incremental/quiescent_background_cache.csv,,,,,,False,not_in_flare_streak
4FGL J1740.5+5211,185,186,57357.00001157408,1.12e-07,3.77e-08,4.85e-08,8.528713438735176e-08,7.579137295081968e-08,1.3674724155193749e-09,7.579137295081968e-08,1.3674724155193749e-09,1.9459499999999998e-07,1.9459499999999998e-07,7.579137295081968e-08,True,True,False,0,False,,,0.9598098359617557,3.0,False,False,,,weekly,10.0,sigma,computed,/home/lkoo/projects/AutomationDetection/DownloadedLC/incremental/quiescent_background_cache.csv,,,,,,False,not_in_flare_streak
4FGL J1740.5+5211,186,187,57364.00001157408,7.33e-08,3.35e-08,1.12e-07,8.528713438735176e-08,7.579137295081968e-08,1.3674724155193749e-09,7.579137295081968e-08,1.3674724155193749e-09,1.9459499999999998e-07,1.9459499999999998e-07,7.579137295081968e-08,False,False,False,0,False,,,-0.07430745913038372,3.0,False,False,,,weekly,10.0,sigma,computed,/home/lkoo/projects/AutomationDetection/DownloadedLC/incremental/quiescent_background_cache.csv,,,,,,False,not_in_flare_streak
4FGL J1740.5+5211,187,188,57371.00001157408,4.25e-08,2.71e-08,7.33e-08,8.528713438735176e-08,7.579137295081968e-08,1.3674724155193749e-09,7.579137295081968e-08,1.3674724155193749e-09,1.9459499999999998e-07,1.9459499999999998e-07,7.579137295081968e-08,False,False,False,0,False,,,-1.226902947645802,3.0,False,False,,,weekly,10.0,sigma,computed,/home/lkoo/projects/AutomationDetection/DownloadedLC/incremental/quiescent_background_cache.csv,,,,,,False,not_in_flare_streak
4FGL J1740.5+5211,188,189,57378.00001157408,3.17e-08,2.33e-08,4.25e-08,8.528713438735176e-08,7.579137295081968e-08,1.3674724155193749e-09,7.579137295081968e-08,1.3674724155193749e-09,1.9459499999999998e-07,1.9459499999999998e-07,7.579137295081968e-08,False,False,False,0,False,,,-1.8890829333858818,3.0,False,False,,,weekly,10.0,sigma,computed,/home/lkoo/projects/AutomationDetection/DownloadedLC/incremental/quiescent_background_cache.csv,,,,,,False,not_in_flare_streak
4FGL J1740.5+5211,189,190,57392.00001157408,5.04e-08,3.41e-08,3.17e-08,8.528713438735176e-08,7.579137295081968e-08,1.3674724155193749e-09,7.579137295081968e-08,1.3674724155193749e-09,1.9459499999999998e-07,1.9459499999999998e-07,7.579137295081968e-08,True,False,False,0,False,,,-0.7440170348454842,3.0,False,False,,,weekly,10.0,sigma,computed,/home/lkoo/projects/AutomationDetection/DownloadedLC/incremental/quiescent_background_cache.csv,,,,,,False,not_in_flare_streak
4FGL J1740.5+5211,190,191,57441.00001157408,4.35e-08,3.36e-08,5.04e-08,8.528713438735176e-08,7.579137295081968e-08,1.3674724155193749e-09,7.579137295081968e-08,1.3674724155193749e-09,1.9459499999999998e-07,1.9459499999999998e-07,7.579137295081968e-08,False,False,False,0,False,,,-0.9602578220467037,3.0,False,False,,,weekly,10.0,sigma,computed,/home/lkoo/projects/AutomationDetection/DownloadedLC/incremental/quiescent_background_cache.csv,,,,,,False,not_in_flare_streak
4FGL J1740.5+5211,191,192,57448.00001157408,6.64e-08,3.6e-08,4.35e-08,8.528713438735176e-08,7.579137295081968e-08,1.3674724155193749e-09,7.579137295081968e-08,1.3674724155193749e-09,1.9459499999999998e-07,1.9459499999999998e-07,7.579137295081968e-08,True,False,False,0,False,,,-0.2606834703271905,3.0,False,False,,,weekly,10.0,sigma,computed,/home/lkoo/projects/AutomationDetection/DownloadedLC/incremental/quiescent_background_cache.csv,,,,,,False,not_in_flare_streak
4FGL J1740.5+5211,192,193,57476.00001157408,7.63e-08,2.97e-08,6.64e-08,8.528713438735176e-08,7.579137295081968e-08,1.3674724155193749e-09,7.579137295081968e-08,1.3674724155193749e-09,1.9459499999999998e-07,1.9459499999999998e-07,7.579137295081968e-08,True,True,False,0,False,,,0.017107366148288734,3.0,False,False,,,weekly,10.0,sigma,computed,/home/lkoo/projects/AutomationDetection/DownloadedLC/incremental/quiescent_background_cache.csv,,,,,,False,not_in_flare_streak
4FGL J1740.5+5211,193,194,57483.00001157408,3.22e-08,2.13e-08,7.63e-08,8.528713438735176e-08,7.579137295081968e-08,1.3674724155193749e-09,7.579137295081968e-08,1.3674724155193749e-09,1.9459499999999998e-07,1.9459499999999998e-07,7.579137295081968e-08,False,False,False,0,False,,,-2.042338690304351,3.0,False,False,,,weekly,10.0,sigma,computed,/home/lkoo/projects/AutomationDetection/DownloadedLC/incremental/quiescent_background_cache.csv,,,,,,False,not_in_flare_streak
4FGL J1740.5+5211,194,195,57497.00001157408,8.23e-09,7.69e-09,3.22e-08,8.528713438735176e-08,7.579137295081968e-08,1.3674724155193749e-09,7.579137295081968e-08,1.3674724155193749e-09,1.9459499999999998e-07,1.9459499999999998e-07,7.579137295081968e-08,False,False,False,0,False,,,-8.649916272323374,3.0,False,False,,,weekly,10.0,sigma,computed,/home/lkoo/projects/AutomationDetection/DownloadedLC/incremental/quiescent_background_cache.csv,,,,,,False,not_in_flare_streak
4FGL J1740.5+5211,195,196,57539.00001157408,5.71e-08,2.93e-08,8.23e-09,8.528713438735176e-08,7.579137295081968e-08,1.3674724155193749e-09,7.579137295081968e-08,1.3674724155193749e-09,1.9459499999999998e-07,1.9459499999999998e-07,7.579137295081968e-08,True,False,False,0,False,,,-0.6372371733113449,3.0,False,False,,,weekly,10.0,sigma,computed,/home/lkoo/projects/AutomationDetection/DownloadedLC/incremental/quiescent_background_cache.csv,,,,,,False,not_in_flare_streak
4FGL J1740.5+5211,196,197,57574.00001157408,6.24e-08,3.14e-08,5.71e-08,8.528713438735176e-08,7.579137295081968e-08,1.3674724155193749e-09,7.579137295081968e-08,1.3674724155193749e-09,1.9459499999999998e-07,1.9459499999999998e-07,7.579137295081968e-08,True,False,False,0,False,,,-0.4260729899894241,3.0,False,False,,,weekly,10.0,sigma,computed,/home/lkoo/projects/AutomationDetection/DownloadedLC/incremental/quiescent_background_cache.csv,,,,,,False,not_in_flare_streak
4FGL J1740.5+5211,197,198,57630.00001157408,9.13e-08,3.64e-08,6.24e-08,8.528713438735176e-08,7.579137295081968e-08,1.3674724155193749e-09,7.579137295081968e-08,1.3674724155193749e-09,1.9459499999999998e-07,1.9459499999999998e-07,7.579137295081968e-08,True,True,False,0,False,,,0.425760840062867,3.0,False,False,,,weekly,10.0,sigma,computed,/home/lkoo/projects/AutomationDetection/DownloadedLC/incremental/quiescent_background_cache.csv,,,,,,False,not_in_flare_streak
4FGL J1740.5+5211,198,199,57651.00001157408,7.49e-08,3.53e-08,9.13e-08,8.528713438735176e-08,7.579137295081968e-08,1.3674724155193749e-09,7.579137295081968e-08,1.3674724155193749e-09,1.9459499999999998e-07,1.9459499999999998e-07,7.579137295081968e-08,False,False,False,0,False,,,-0.025232432589943357,3.0,False,False,,,weekly,10.0,sigma,computed,/home/lkoo/projects/AutomationDetection/DownloadedLC/incremental/quiescent_background_cache.csv,,,,,,False,not_in_flare_streak
4FGL J1740.5+5211,199,200,57672.00001157408,8.69e-08,3.48e-08,7.49e-08,8.528713438735176e-08,7.579137295081968e-08,1.3674724155193749e-09,7.579137295081968e-08,1.3674724155193749e-09,1.9459499999999998e-07,1.9459499999999998e-07,7.579137295081968e-08,True,True,False,0,False,,,0.3189672554377928,3.0,False,False,,,weekly,10.0,sigma,computed,/home/lkoo/projects/AutomationDetection/DownloadedLC/incremental/quiescent_background_cache.csv,,,,,,False,not_in_flare_streak
4FGL J1740.5+5211,200,201,57679.00001157408,7.01e-08,3.33e-08,8.69e-08,8.528713438735176e-08,7.579137295081968e-08,1.3674724155193749e-09,7.579137295081968e-08,1.3674724155193749e-09,1.9459499999999998e-07,1.9459499999999998e-07,7.579137295081968e-08,False,False,False,0,False,,,-0.1707681735029853,3.0,False,False,,,weekly,10.0,sigma,computed,/home/lkoo/projects/AutomationDetection/DownloadedLC/incremental/quiescent_background_cache.csv,,,,,,False,not_in_flare_streak
4FGL J1740.5+5211,201,202,57686.00001157408,5.85e-09,5.63e-09,7.01e-08,8.528713438735176e-08,7.579137295081968e-08,1.3674724155193749e-09,7.579137295081968e-08,1.3674724155193749e-09,1.9459499999999998e-07,1.9459499999999998e-07,7.579137295081968e-08,False,False,False,0,False,,,-12.07198424711918,3.0,False,False,,,weekly,10.0,sigma,computed,/home/lkoo/projects/AutomationDetection/DownloadedLC/incremental/quiescent_background_cache.csv,,,,,,False,not_in_flare_streak
4FGL J1740.5+5211,202,203,57707.00001157408,8.82e-08,3.88e-08,5.85e-09,8.528713438735176e-08,7.579137295081968e-08,1.3674724155193749e-09,7.579137295081968e-08,1.3674724155193749e-09,1.9459499999999998e-07,1.9459499999999998e-07,7.579137295081968e-08,True,True,False,0,False,,,0.3196115345227628,3.0,False,False,,,weekly,10.0,sigma,computed,/home/lkoo/projects/AutomationDetection/DownloadedLC/incremental/quiescent_background_cache.csv,,,,,,False,not_in_flare_streak
4FGL J1740.5+5211,203,204,57721.00001157408,2e-08,1.44e-08,8.82e-08,8.528713438735176e-08,7.579137295081968e-08,1.3674724155193749e-09,7.579137295081968e-08,1.3674724155193749e-09,1.9459499999999998e-07,1.9459499999999998e-07,7.579137295081968e-08,False,False,False,0,False,,,-3.85704842409787,3.0,False,False,,,weekly,10.0,sigma,computed,/home/lkoo/projects/AutomationDetection/DownloadedLC/incremental/quiescent_background_cache.csv,,,,,,False,not_in_flare_streak
4FGL J1740.5+5211,204,205,57784.00001157408,6.38e-08,3.4e-08,2e-08,8.528713438735176e-08,7.579137295081968e-08,1.3674724155193749e-09,7.579137295081968e-08,1.3674724155193749e-09,1.9459499999999998e-07,1.9459499999999998e-07,7.579137295081968e-08,True,False,False,0,False,,,-0.35240252637483355,3.0,False,False,,,weekly,10.0,sigma,computed,/home/lkoo/projects/AutomationDetection/DownloadedLC/incremental/quiescent_background_cache.csv,,,,,,False,not_in_flare_streak
4FGL J1740.5+5211,205,206,57791.00001157408,1.64e-08,1.33e-08,6.38e-08,8.528713438735176e-08,7.579137295081968e-08,1.3674724155193749e-09,7.579137295081968e-08,1.3674724155193749e-09,1.9459499999999998e-07,1.9459499999999998e-07,7.579137295081968e-08,False,False,False,0,False,,,-4.442098815524996,3.0,False,False,,,weekly,10.0,sigma,computed,/home/lkoo/projects/AutomationDetection/DownloadedLC/incremental/quiescent_background_cache.csv,,,,,,False,not_in_flare_streak
4FGL J1740.5+5211,206,207,57826.00001157408,8.86e-08,3.32e-08,1.64e-08,8.528713438735176e-08,7.579137295081968e-08,1.3674724155193749e-09,7.579137295081968e-08,1.3674724155193749e-09,1.9459499999999998e-07,1.9459499999999998e-07,7.579137295081968e-08,True,True,False,0,False,,,0.38547517344591253,3.0,False,False,,,weekly,10.0,sigma,computed,/home/lkoo/projects/AutomationDetection/DownloadedLC/incremental/quiescent_background_cache.csv,,,,,,False,not_in_flare_streak
4FGL J1740.5+5211,207,208,57861.00001157408,2.6e-08,2.41e-08,8.86e-08,8.528713438735176e-08,7.579137295081968e-08,1.3674724155193749e-09,7.579137295081968e-08,1.3674724155193749e-09,1.9459499999999998e-07,1.9459499999999998e-07,7.579137295081968e-08,False,False,False,0,False,,,-2.0627141750493885,3.0,False,False,,,weekly,10.0,sigma,computed,/home/lkoo/projects/AutomationDetection/DownloadedLC/incremental/quiescent_background_cache.csv,,,,,,False,not_in_flare_streak
4FGL J1740.5+5211,208,209,57889.00001157408,3.43e-08,2.27e-08,2.6e-08,8.528713438735176e-08,7.579137295081968e-08,1.3674724155193749e-09,7.579137295081968e-08,1.3674724155193749e-09,1.9459499999999998e-07,1.9459499999999998e-07,7.579137295081968e-08,True,False,False,0,False,,,-1.8245062295683574,3.0,False,False,,,weekly,10.0,sigma,computed,/home/lkoo/projects/AutomationDetection/DownloadedLC/incremental/quiescent_background_cache.csv,,,,,,False,not_in_flare_streak
4FGL J1740.5+5211,209,210,57945.00001157408,5.49e-08,2.63e-08,3.43e-08,8.528713438735176e-08,7.579137295081968e-08,1.3674724155193749e-09,7.579137295081968e-08,1.3674724155193749e-09,1.9459499999999998e-07,1.9459499999999998e-07,7.579137295081968e-08,True,False,False,0,False,,,-0.7932771945031766,3.0,False,False,,,weekly,10.0,sigma,computed,/home/lkoo/projects/AutomationDetection/DownloadedLC/incremental/quiescent_background_cache.csv,,,,,,False,not_in_flare_streak
4FGL J1740.5+5211,210,211,57980.00001157408,3.3e-08,1.9e-08,5.49e-08,8.528713438735176e-08,7.579137295081968e-08,1.3674724155193749e-09,7.579137295081968e-08,1.3674724155193749e-09,1.9459499999999998e-07,1.9459499999999998e-07,7.579137295081968e-08,False,False,False,0,False,,,-2.2463669458085533,3.0,False,False,,,weekly,10.0,sigma,computed,/home/lkoo/projects/AutomationDetection/DownloadedLC/incremental/quiescent_background_cache.csv,,,,,,False,not_in_flare_streak
4FGL J1740.5+5211,211,212,57994.00001157408,9.2e-08,3.74e-08,3.3e-08,8.528713438735176e-08,7.579137295081968e-08,1.3674724155193749e-09,7.579137295081968e-08,1.3674724155193749e-09,1.9459499999999998e-07,1.9459499999999998e-07,7.579137295081968e-08,True,True,False,0,False,,,0.4330963467362158,3.0,False,False,,,weekly,10.0,sigma,computed,/home/lkoo/projects/AutomationDetection/DownloadedLC/incremental/quiescent_background_cache.csv,,,,,,False,not_in_flare_streak
4FGL J1740.5+5211,212,213,58008.00001157408,8.05e-08,4.02e-08,9.2e-08,8.528713438735176e-08,7.579137295081968e-08,1.3674724155193749e-09,7.579137295081968e-08,1.3674724155193749e-09,1.9459499999999998e-07,1.9459499999999998e-07,7.579137295081968e-08,False,True,False,0,False,,,0.11706231707040607,3.0,False,False,,,weekly,10.0,sigma,computed,/home/lkoo/projects/AutomationDetection/DownloadedLC/incremental/quiescent_background_cache.csv,,,,,,False,not_in_flare_streak
4FGL J1740.5+5211,213,214,58029.00001157408,5.62e-08,3.16e-08,8.05e-08,8.528713438735176e-08,7.579137295081968e-08,1.3674724155193749e-09,7.579137295081968e-08,1.3674724155193749e-09,1.9459499999999998e-07,1.9459499999999998e-07,7.579137295081968e-08,False,False,False,0,False,,,-0.6194004593008426,3.0,False,False,,,weekly,10.0,sigma,computed,/home/lkoo/projects/AutomationDetection/DownloadedLC/incremental/quiescent_background_cache.csv,,,,,,False,not_in_flare_streak
4FGL J1740.5+5211,214,215,58036.00001157408,4.4e-08,2.85e-08,5.62e-08,8.528713438735176e-08,7.579137295081968e-08,1.3674724155193749e-09,7.579137295081968e-08,1.3674724155193749e-09,1.9459499999999998e-07,1.9459499999999998e-07,7.579137295081968e-08,False,False,False,0,False,,,-1.1142049333162825,3.0,False,False,,,weekly,10.0,sigma,computed,/home/lkoo/projects/AutomationDetection/DownloadedLC/incremental/quiescent_background_cache.csv,,,,,,False,not_in_flare_streak
4FGL J1740.5+5211,215,216,58043.00001157408,6.02e-08,3.2e-08,4.4e-08,8.528713438735176e-08,7.579137295081968e-08,1.3674724155193749e-09,7.579137295081968e-08,1.3674724155193749e-09,1.9459499999999998e-07,1.9459499999999998e-07,7.579137295081968e-08,True,False,False,0,False,,,-0.4867861344349759,3.0,False,False,,,weekly,10.0,sigma,computed,/home/lkoo/projects/AutomationDetection/DownloadedLC/incremental/quiescent_background_cache.csv,,,,,,False,not_in_flare_streak
4FGL J1740.5+5211,216,217,58064.00001157408,4.23e-08,2.61e-08,6.02e-08,8.528713438735176e-08,7.579137295081968e-08,1.3674724155193749e-09,7.579137295081968e-08,1.3674724155193749e-09,1.9459499999999998e-07,1.9459499999999998e-07,7.579137295081968e-08,False,False,False,0,False,,,-1.2814367435522869,3.0,False,False,,,weekly,10.0,sigma,computed,/home/lkoo/projects/AutomationDetection/DownloadedLC/incremental/quiescent_background_cache.csv,,,,,,False,not_in_flare_streak
4FGL J1740.5+5211,217,218,58071.00001157408,4.32e-08,2.86e-08,4.23e-08,8.528713438735176e-08,7.579137295081968e-08,1.3674724155193749e-09,7.579137295081968e-08,1.3674724155193749e-09,1.9459499999999998e-07,1.9459499999999998e-07,7.579137295081968e-08,True,False,False,0,False,,,-1.1382581220883792,3.0,False,False,,,weekly,10.0,sigma,computed,/home/lkoo/projects/AutomationDetection/DownloadedLC/incremental/quiescent_background_cache.csv,,,,,,False,not_in_flare_streak
4FGL J1740.5+5211,218,219,58099.00001157408,5.41e-08,2.74e-08,4.32e-08,8.528713438735176e-08,7.579137295081968e-08,1.3674724155193749e-09,7.579137295081968e-08,1.3674724155193749e-09,1.9459499999999998e-07,1.9459499999999998e-07,7.579137295081968e-08,True,False,False,0,False,,,-0.7906718632004313,3.0,False,False,,,weekly,10.0,sigma,computed,/home/lkoo/projects/AutomationDetection/DownloadedLC/incremental/quiescent_background_cache.csv,,,,,,False,not_in_flare_streak
4FGL J1740.5+5211,219,220,58106.00001157408,7.24e-08,3.8e-08,5.41e-08,8.528713438735176e-08,7.579137295081968e-08,1.3674724155193749e-09,7.579137295081968e-08,1.3674724155193749e-09,1.9459499999999998e-07,1.9459499999999998e-07,7.579137295081968e-08,True,False,False,0,False,,,-0.08918892543079986,3.0,False,False,,,weekly,10.0,sigma,computed,/home/lkoo/projects/AutomationDetection/DownloadedLC/incremental/quiescent_background_cache.csv,,,,,,False,not_in_flare_streak
4FGL J1740.5+5211,220,221,58113.00001157408,3.69e-08,2.41e-08,7.24e-08,8.528713438735176e-08,7.579137295081968e-08,1.3674724155193749e-09,7.579137295081968e-08,1.3674724155193749e-09,1.9459499999999998e-07,1.9459499999999998e-07,7.579137295081968e-08,False,False,False,0,False,,,-1.6111583497009692,3.0,False,False,,,weekly,10.0,sigma,computed,/home/lkoo/projects/AutomationDetection/DownloadedLC/incremental/quiescent_background_cache.csv,,,,,,False,not_in_flare_streak
4FGL J1740.5+5211,221,222,58134.00001157408,5.32e-08,3.13e-08,3.69e-08,8.528713438735176e-08,7.579137295081968e-08,1.3674724155193749e-09,7.579137295081968e-08,1.3674724155193749e-09,1.9459499999999998e-07,1.9459499999999998e-07,7.579137295081968e-08,True,False,False,0,False,,,-0.7210812509318846,3.0,False,False,,,weekly,10.0,sigma,computed,/home/lkoo/projects/AutomationDetection/DownloadedLC/incremental/quiescent_background_cache.csv,,,,,,False,not_in_flare_streak
4FGL J1740.5+5211,222,223,58148.00001157408,3.53e-08,2.75e-08,5.32e-08,8.528713438735176e-08,7.579137295081968e-08,1.3674724155193749e-09,7.579137295081968e-08,1.3674724155193749e-09,1.9459499999999998e-07,1.9459499999999998e-07,7.579137295081968e-08,False,False,False,0,False,,,-1.4705965110218013,3.0,False,False,,,weekly,10.0,sigma,computed,/home/lkoo/projects/AutomationDetection/DownloadedLC/incremental/quiescent_background_cache.csv,,,,,,False,not_in_flare_streak
4FGL J1740.5+5211,223,224,58155.00001157408,1.85e-08,1.58e-08,3.53e-08,8.528713438735176e-08,7.579137295081968e-08,1.3674724155193749e-09,7.579137295081968e-08,1.3674724155193749e-09,1.9459499999999998e-07,1.9459499999999998e-07,7.579137295081968e-08,False,False,False,0,False,,,-3.612531294100257,3.0,False,False,,,weekly,10.0,sigma,computed,/home/lkoo/projects/AutomationDetection/DownloadedLC/incremental/quiescent_background_cache.csv,,,,,,False,not_in_flare_streak
4FGL J1740.5+5211,224,225,58183.00001157408,6.74e-08,3.52e-08,1.85e-08,8.528713438735176e-08,7.579137295081968e-08,1.3674724155193749e-09,7.579137295081968e-08,1.3674724155193749e-09,1.9459499999999998e-07,1.9459499999999998e-07,7.579137295081968e-08,True,False,False,0,False,,,-0.23821158823911268,3.0,False,False,,,weekly,10.0,sigma,computed,/home/lkoo/projects/AutomationDetection/DownloadedLC/incremental/quiescent_background_cache.csv,,,,,,False,not_in_flare_streak
4FGL J1740.5+5211,225,226,58190.00001157408,4.87e-08,4.87e-08,6.74e-08,8.528713438735176e-08,7.579137295081968e-08,1.3674724155193749e-09,7.579137295081968e-08,1.3674724155193749e-09,1.9459499999999998e-07,1.9459499999999998e-07,7.579137295081968e-08,False,False,False,0,False,,,-0.5560718488952583,3.0,False,False,,,weekly,10.0,sigma,computed,/home/lkoo/projects/AutomationDetection/DownloadedLC/incremental/quiescent_background_cache.csv,,,,,,False,not_in_flare_streak
4FGL J1740.5+5211,226,227,58239.00001157408,4.22e-08,1.97e-08,4.87e-08,8.528713438735176e-08,7.579137295081968e-08,1.3674724155193749e-09,7.579137295081968e-08,1.3674724155193749e-09,1.9459499999999998e-07,1.9459499999999998e-07,7.579137295081968e-08,False,False,False,0,False,,,-1.7010525666445466,3.0,False,False,,,weekly,10.0,sigma,computed,/home/lkoo/projects/AutomationDetection/DownloadedLC/incremental/quiescent_background_cache.csv,,,,,,False,not_in_flare_streak
4FGL J1740.5+5211,227,228,58246.00001157408,3.29e-08,1.87e-08,4.22e-08,8.528713438735176e-08,7.579137295081968e-08,1.3674724155193749e-09,7.579137295081968e-08,1.3674724155193749e-09,1.9459499999999998e-07,1.9459499999999998e-07,7.579137295081968e-08,False,False,False,0,False,,,-2.2875480866712414,3.0,False,False,,,weekly,10.0,sigma,computed,/home/lkoo/projects/AutomationDetection/DownloadedLC/incremental/quiescent_background_cache.csv,,,,,,False,not_in_flare_streak
4FGL J1740.5+5211,228,229,58260.00001157408,3.16e-08,2.1e-08,3.29e-08,8.528713438735176e-08,7.579137295081968e-08,1.3674724155193749e-09,7.579137295081968e-08,1.3674724155193749e-09,1.9459499999999998e-07,1.9459499999999998e-07,7.579137295081968e-08,False,False,False,0,False,,,-2.099903671507076,3.0,False,False,,,weekly,10.0,sigma,computed,/home/lkoo/projects/AutomationDetection/DownloadedLC/incremental/quiescent_background_cache.csv,,,,,,False,not_in_flare_streak
4FGL J1740.5+5211,229,230,58274.00001157408,4.31e-08,2.38e-08,3.16e-08,8.528713438735176e-08,7.579137295081968e-08,1.3674724155193749e-09,7.579137295081968e-08,1.3674724155193749e-09,1.9459499999999998e-07,1.9459499999999998e-07,7.579137295081968e-08,True,False,False,0,False,,,-1.3713253947633557,3.0,False,False,,,weekly,10.0,sigma,computed,/home/lkoo/projects/AutomationDetection/DownloadedLC/incremental/quiescent_background_cache.csv,,,,,,False,not_in_flare_streak
4FGL J1740.5+5211,230,231,58302.00001157408,8.47e-08,2.97e-08,4.31e-08,8.528713438735176e-08,7.579137295081968e-08,1.3674724155193749e-09,7.579137295081968e-08,1.3674724155193749e-09,1.9459499999999998e-07,1.9459499999999998e-07,7.579137295081968e-08,True,True,False,0,False,,,0.2996363348242703,3.0,False,False,,,weekly,10.0,sigma,computed,/home/lkoo/projects/AutomationDetection/DownloadedLC/incremental/quiescent_background_cache.csv,,,,,,False,not_in_flare_streak
4FGL J1740.5+5211,231,232,58309.00001157408,4.27e-08,2.07e-08,8.47e-08,8.528713438735176e-08,7.579137295081968e-08,1.3674724155193749e-09,7.579137295081968e-08,1.3674724155193749e-09,1.9459499999999998e-07,1.9459499999999998e-07,7.579137295081968e-08,False,False,False,0,False,,,-1.595140150327296,3.0,False,False,,,weekly,10.0,sigma,computed,/home/lkoo/projects/AutomationDetection/DownloadedLC/incremental/quiescent_background_cache.csv,,,,,,False,not_in_flare_streak
4FGL J1740.5+5211,232,233,58316.00001157408,1.35e-08,1.08e-08,4.27e-08,8.528713438735176e-08,7.579137295081968e-08,1.3674724155193749e-09,7.579137295081968e-08,1.3674724155193749e-09,1.9459499999999998e-07,1.9459499999999998e-07,7.579137295081968e-08,False,False,False,0,False,,,-5.7220340691312614,3.0,False,False,,,weekly,10.0,sigma,computed,/home/lkoo/projects/AutomationDetection/DownloadedLC/incremental/quiescent_background_cache.csv,,,,,,False,not_in_flare_streak
4FGL J1740.5+5211,233,234,58337.00001157408,2.87e-08,1.79e-08,1.35e-08,8.528713438735176e-08,7.579137295081968e-08,1.3674724155193749e-09,7.579137295081968e-08,1.3674724155193749e-09,1.9459499999999998e-07,1.9459499999999998e-07,7.579137295081968e-08,True,False,False,0,False,,,-2.6231594364430197,3.0,False,False,,,weekly,10.0,sigma,computed,/home/lkoo/projects/AutomationDetection/DownloadedLC/incremental/quiescent_background_cache.csv,,,,,,False,not_in_flare_streak
4FGL J1740.5+5211,234,235,58358.00001157408,4.18e-08,2.41e-08,2.87e-08,8.528713438735176e-08,7.579137295081968e-08,1.3674724155193749e-09,7.579137295081968e-08,1.3674724155193749e-09,1.9459499999999998e-07,1.9459499999999998e-07,7.579137295081968e-08,True,False,False,0,False,,,-1.4081653639938818,3.0,False,False,,,weekly,10.0,sigma,computed,/home/lkoo/projects/AutomationDetection/DownloadedLC/incremental/quiescent_background_cache.csv,,,,,,False,not_in_flare_streak
4FGL J1740.5+5211,235,236,58379.00001157408,1.97e-08,1.39e-08,4.18e-08,8.528713438735176e-08,7.579137295081968e-08,1.3674724155193749e-09,7.579137295081968e-08,1.3674724155193749e-09,1.9459499999999998e-07,1.9459499999999998e-07,7.579137295081968e-08,False,False,False,0,False,,,-4.015963142294173,3.0,False,False,,,weekly,10.0,sigma,computed,/home/lkoo/projects/AutomationDetection/DownloadedLC/incremental/quiescent_background_cache.csv,,,,,,False,not_in_flare_streak
4FGL J1740.5+5211,236,237,58393.00001157408,6.76e-08,2.79e-08,1.97e-08,8.528713438735176e-08,7.579137295081968e-08,1.3674724155193749e-09,7.579137295081968e-08,1.3674724155193749e-09,1.9459499999999998e-07,1.9459499999999998e-07,7.579137295081968e-08,True,False,False,0,False,,,-0.29324557495304193,3.0,False,False,,,weekly,10.0,sigma,computed,/home/lkoo/projects/AutomationDetection/DownloadedLC/incremental/quiescent_background_cache.csv,,,,,,False,not_in_flare_streak
4FGL J1740.5+5211,237,238,58421.00001157408,7.1e-08,2.7e-08,6.76e-08,8.528713438735176e-08,7.579137295081968e-08,1.3674724155193749e-09,7.579137295081968e-08,1.3674724155193749e-09,1.9459499999999998e-07,1.9459499999999998e-07,7.579137295081968e-08,True,False,False,0,False,,,-0.17723109249921407,3.0,False,False,,,weekly,10.0,sigma,computed,/home/lkoo/projects/AutomationDetection/DownloadedLC/incremental/quiescent_background_cache.csv,,,,,,False,not_in_flare_streak
4FGL J1740.5+5211,238,239,58428.00001157408,5.46e-08,2.17e-08,7.1e-08,8.528713438735176e-08,7.579137295081968e-08,1.3674724155193749e-09,7.579137295081968e-08,1.3674724155193749e-09,1.9459499999999998e-07,1.9459499999999998e-07,7.579137295081968e-08,False,False,False,0,False,,,-0.9746276803723878,3.0,False,False,,,weekly,10.0,sigma,computed,/home/lkoo/projects/AutomationDetection/DownloadedLC/incremental/quiescent_background_cache.csv,,,,,,False,not_in_flare_streak
4FGL J1740.5+5211,239,240,58442.00001157408,1.6e-08,9.46e-09,5.46e-08,8.528713438735176e-08,7.579137295081968e-08,1.3674724155193749e-09,7.579137295081968e-08,1.3674724155193749e-09,1.9459499999999998e-07,1.9459499999999998e-07,7.579137295081968e-08,False,False,False,0,False,,,-6.2554235853464775,3.0,False,False,,,weekly,10.0,sigma,computed,/home/lkoo/projects/AutomationDetection/DownloadedLC/incremental/quiescent_background_cache.csv,,,,,,False,not_in_flare_streak
4FGL J1740.5+5211,240,241,58449.00001157408,4.48e-08,3.07e-08,1.6e-08,8.528713438735176e-08,7.579137295081968e-08,1.3674724155193749e-09,7.579137295081968e-08,1.3674724155193749e-09,1.9459499999999998e-07,1.9459499999999998e-07,7.579137295081968e-08,True,False,False,0,False,,,-1.0084910051331972,3.0,False,False,,,weekly,10.0,sigma,computed,/home/lkoo/projects/AutomationDetection/DownloadedLC/incremental/quiescent_background_cache.csv,,,,,,False,not_in_flare_streak
4FGL J1740.5+5211,241,242,58463.00001157408,4.11e-08,1.63e-08,4.48e-08,8.528713438735176e-08,7.579137295081968e-08,1.3674724155193749e-09,7.579137295081968e-08,1.3674724155193749e-09,1.9459499999999998e-07,1.9459499999999998e-07,7.579137295081968e-08,False,False,False,0,False,,,-2.1208546699633257,3.0,False,False,,,weekly,10.0,sigma,computed,/home/lkoo/projects/AutomationDetection/DownloadedLC/incremental/quiescent_background_cache.csv,,,,,,False,not_in_flare_streak
4FGL J1740.5+5211,242,243,58470.00001157408,5.39e-08,2.63e-08,4.11e-08,8.528713438735176e-08,7.579137295081968e-08,1.3674724155193749e-09,7.579137295081968e-08,1.3674724155193749e-09,1.9459499999999998e-07,1.9459499999999998e-07,7.579137295081968e-08,True,False,False,0,False,,,-0.8312487149183561,3.0,False,False,,,weekly,10.0,sigma,computed,/home/lkoo/projects/AutomationDetection/DownloadedLC/incremental/quiescent_background_cache.csv,,,,,,False,not_in_flare_streak
4FGL J1740.5+5211,243,244,58484.00001157408,1.49e-08,9.33e-09,5.39e-08,8.528713438735176e-08,7.579137295081968e-08,1.3674724155193749e-09,7.579137295081968e-08,1.3674724155193749e-09,1.9459499999999998e-07,1.9459499999999998e-07,7.579137295081968e-08,False,False,False,0,False,,,-6.457416105852846,3.0,False,False,,,weekly,10.0,sigma,computed,/home/lkoo/projects/AutomationDetection/DownloadedLC/incremental/quiescent_background_cache.csv,,,,,,False,not_in_flare_streak
4FGL J1740.5+5211,244,245,58491.00001157408,9.34e-08,2.96e-08,1.49e-08,8.528713438735176e-08,7.579137295081968e-08,1.3674724155193749e-09,7.579137295081968e-08,1.3674724155193749e-09,1.9459499999999998e-07,1.9459499999999998e-07,7.579137295081968e-08,True,True,False,0,False,,,0.5942522332316305,3.0,False,False,,,weekly,10.0,sigma,computed,/home/lkoo/projects/AutomationDetection/DownloadedLC/incremental/quiescent_background_cache.csv,,,,,,False,not_in_flare_streak
4FGL J1740.5+5211,245,246,58498.00001157408,1.37e-07,3.81e-08,9.34e-08,8.528713438735176e-08,7.579137295081968e-08,1.3674724155193749e-09,7.579137295081968e-08,1.3674724155193749e-09,1.9459499999999998e-07,1.9459499999999998e-07,7.579137295081968e-08,True,True,False,0,False,,,1.6054918705509629,3.0,False,False,,,weekly,10.0,sigma,computed,/home/lkoo/projects/AutomationDetection/DownloadedLC/incremental/quiescent_background_cache.csv,,,,,,False,not_in_flare_streak
4FGL J1740.5+5211,246,247,58505.00001157408,1.53e-07,3e-08,1.37e-07,8.528713438735176e-08,7.579137295081968e-08,1.3674724155193749e-09,7.579137295081968e-08,1.3674724155193749e-09,1.9459499999999998e-07,1.9459499999999998e-07,7.579137295081968e-08,True,True,False,0,False,,,2.570951382161028,3.0,False,False,,,weekly,10.0,sigma,computed,/home/lkoo/projects/AutomationDetection/DownloadedLC/incremental/quiescent_background_cache.csv,,,,,,False,not_in_flare_streak
4FGL J1740.5+5211,247,248,58512.00001157408,6.18e-08,2.18e-08,1.53e-07,8.528713438735176e-08,7.579137295081968e-08,1.3674724155193749e-09,7.579137295081968e-08,1.3674724155193749e-09,1.9459499999999998e-07,1.9459499999999998e-07,7.579137295081968e-08,False,False,False,0,False,,,-0.6405471191554629,3.0,False,False,,,weekly,10.0,sigma,computed,/home/lkoo/projects/AutomationDetection/DownloadedLC/incremental/quiescent_background_cache.csv,,,,,,False,not_in_flare_streak
4FGL J1740.5+5211,248,249,58519.00001157408,3.04e-08,1.91e-08,6.18e-08,8.528713438735176e-08,7.579137295081968e-08,1.3674724155193749e-09,7.579137295081968e-08,1.3674724155193749e-09,1.9459499999999998e-07,1.9459499999999998e-07,7.579137295081968e-08,False,False,False,0,False,,,-2.370444104613064,3.0,False,False,,,weekly,10.0,sigma,computed,/home/lkoo/projects/AutomationDetection/DownloadedLC/incremental/quiescent_background_cache.csv,,,,,,False,not_in_flare_streak
4FGL J1740.5+5211,249,250,58526.00001157408,1.8e-08,1.55e-08,3.04e-08,8.528713438735176e-08,7.579137295081968e-08,1.3674724155193749e-09,7.579137295081968e-08,1.3674724155193749e-09,1.9459499999999998e-07,1.9459499999999998e-07,7.579137295081968e-08,False,False,False,0,False,,,-3.71404957786621,3.0,False,False,,,weekly,10.0,sigma,computed,/home/lkoo/projects/AutomationDetection/DownloadedLC/incremental/quiescent_background_cache.csv,,,,,,False,not_in_flare_streak
4FGL J1740.5+5211,250,251,58533.00001157408,5.8e-08,2.84e-08,1.8e-08,8.528713438735176e-08,7.579137295081968e-08,1.3674724155193749e-09,7.579137295081968e-08,1.3674724155193749e-09,1.9459499999999998e-07,1.9459499999999998e-07,7.579137295081968e-08,True,False,False,0,False,,,-0.6257318454254697,3.0,False,False,,,weekly,10.0,sigma,computed,/home/lkoo/projects/AutomationDetection/DownloadedLC/incremental/quiescent_background_cache.csv,,,,,,False,not_in_flare_streak
4FGL J1740.5+5211,251,252,58540.00001157408,4.56e-08,2.58e-08,5.8e-08,8.528713438735176e-08,7.579137295081968e-08,1.3674724155193749e-09,7.579137295081968e-08,1.3674724155193749e-09,1.9459499999999998e-07,1.9459499999999998e-07,7.579137295081968e-08,False,False,False,0,False,,,-1.1685679775399902,3.0,False,False,,,weekly,10.0,sigma,computed,/home/lkoo/projects/AutomationDetection/DownloadedLC/incremental/quiescent_background_cache.csv,,,,,,False,not_in_flare_streak
4FGL J1740.5+5211,252,253,58547.00001157408,8.14e-08,3.63e-08,4.56e-08,8.528713438735176e-08,7.579137295081968e-08,1.3674724155193749e-09,7.579137295081968e-08,1.3674724155193749e-09,1.9459499999999998e-07,1.9459499999999998e-07,7.579137295081968e-08,True,True,False,0,False,,,0.15439811511800114,3.0,False,False,,,weekly,10.0,sigma,computed,/home/lkoo/projects/AutomationDetection/DownloadedLC/incremental/quiescent_background_cache.csv,,,,,,False,not_in_flare_streak
4FGL J1740.5+5211,253,254,58554.00001157408,1.13e-07,4.16e-08,8.14e-08,8.528713438735176e-08,7.579137295081968e-08,1.3674724155193749e-09,7.579137295081968e-08,1.3674724155193749e-09,1.9459499999999998e-07,1.9459499999999998e-07,7.579137295081968e-08,True,True,False,0,False,,,0.8939552926790364,3.0,False,False,,,weekly,10.0,sigma,computed,/home/lkoo/projects/AutomationDetection/DownloadedLC/incremental/quiescent_background_cache.csv,,,,,,False,not_in_flare_streak
4FGL J1740.5+5211,254,255,58575.00001157408,4.84e-08,2.78e-08,1.13e-07,8.528713438735176e-08,7.579137295081968e-08,1.3674724155193749e-09,7.579137295081968e-08,1.3674724155193749e-09,1.9459499999999998e-07,1.9459499999999998e-07,7.579137295081968e-08,False,False,False,0,False,,,-0.984111315820356,3.0,False,False,,,weekly,10.0,sigma,computed,/home/lkoo/projects/AutomationDetection/DownloadedLC/incremental/quiescent_background_cache.csv,,,,,,False,not_in_flare_streak
4FGL J1740.5+5211,255,256,58582.00001157408,1.17e-07,3.56e-08,4.84e-08,8.528713438735176e-08,7.579137295081968e-08,1.3674724155193749e-09,7.579137295081968e-08,1.3674724155193749e-09,1.9459499999999998e-07,1.9459499999999998e-07,7.579137295081968e-08,True,True,False,0,False,,,1.1566926722032382,3.0,False,False,,,weekly,10.0,sigma,computed,/home/lkoo/projects/AutomationDetection/DownloadedLC/incremental/quiescent_background_cache.csv,,,,,,False,not_in_flare_streak
4FGL J1740.5+5211,256,257,58603.00001157408,6.47e-08,3.02e-08,1.17e-07,8.528713438735176e-08,7.579137295081968e-08,1.3674724155193749e-09,7.579137295081968e-08,1.3674724155193749e-09,1.9459499999999998e-07,1.9459499999999998e-07,7.579137295081968e-08,False,False,False,0,False,,,-0.36688807720912636,3.0,False,False,,,weekly,10.0,sigma,computed,/home/lkoo/projects/AutomationDetection/DownloadedLC/incremental/quiescent_background_cache.csv,,,,,,False,not_in_flare_streak
4FGL J1740.5+5211,257,258,58610.00001157408,4.97e-08,3.25e-08,6.47e-08,8.528713438735176e-08,7.579137295081968e-08,1.3674724155193749e-09,7.579137295081968e-08,1.3674724155193749e-09,1.9459499999999998e-07,1.9459499999999998e-07,7.579137295081968e-08,False,False,False,0,False,,,-0.8021017704903621,3.0,False,False,,,weekly,10.0,sigma,computed,/home/lkoo/projects/AutomationDetection/DownloadedLC/incremental/quiescent_background_cache.csv,,,,,,False,not_in_flare_streak
4FGL J1740.5+5211,258,259,58617.00001157408,5.78e-08,2.71e-08,4.97e-08,8.528713438735176e-08,7.579137295081968e-08,1.3674724155193749e-09,7.579137295081968e-08,1.3674724155193749e-09,1.9459499999999998e-07,1.9459499999999998e-07,7.579137295081968e-08,True,False,False,0,False,,,-0.6630447034480783,3.0,False,False,,,weekly,10.0,sigma,computed,/home/lkoo/projects/AutomationDetection/DownloadedLC/incremental/quiescent_background_cache.csv,,,,,,False,not_in_flare_streak
4FGL J1740.5+5211,259,260,58624.00001157408,5.53e-08,2.49e-08,5.78e-08,8.528713438735176e-08,7.579137295081968e-08,1.3674724155193749e-09,7.579137295081968e-08,1.3674724155193749e-09,1.9459499999999998e-07,1.9459499999999998e-07,7.579137295081968e-08,False,False,False,0,False,,,-0.8217084810872235,3.0,False,False,,,weekly,10.0,sigma,computed,/home/lkoo/projects/AutomationDetection/DownloadedLC/incremental/quiescent_background_cache.csv,,,,,,False,not_in_flare_streak
4FGL J1740.5+5211,260,261,58631.00001157408,5.9e-08,2.48e-08,5.53e-08,8.528713438735176e-08,7.579137295081968e-08,1.3674724155193749e-09,7.579137295081968e-08,1.3674724155193749e-09,1.9459499999999998e-07,1.9459499999999998e-07,7.579137295081968e-08,True,False,False,0,False,,,-0.6760445397911019,3.0,False,False,,,weekly,10.0,sigma,computed,/home/lkoo/projects/AutomationDetection/DownloadedLC/incremental/quiescent_background_cache.csv,,,,,,False,not_in_flare_streak
4FGL J1740.5+5211,261,262,58638.00001157408,1e-07,2.35e-08,5.9e-08,8.528713438735176e-08,7.579137295081968e-08,1.3674724155193749e-09,7.579137295081968e-08,1.3674724155193749e-09,1.9459499999999998e-07,1.9459499999999998e-07,7.579137295081968e-08,True,True,False,0,False,,,1.028414649955118,3.0,False,False,,,weekly,10.0,sigma,computed,/home/lkoo/projects/AutomationDetection/DownloadedLC/incremental/quiescent_background_cache.csv,,,,,,False,not_in_flare_streak
4FGL J1740.5+5211,262,263,58645.00001157408,1.01e-07,2.74e-08,1e-07,8.528713438735176e-08,7.579137295081968e-08,1.3674724155193749e-09,7.579137295081968e-08,1.3674724155193749e-09,1.9459499999999998e-07,1.9459499999999998e-07,7.579137295081968e-08,True,True,False,0,False,,,0.9188792319827325,3.0,False,False,,,weekly,10.0,sigma,computed,/home/lkoo/projects/AutomationDetection/DownloadedLC/incremental/quiescent_background_cache.csv,,,,,,False,not_in_flare_streak
4FGL J1740.5+5211,263,264,58652.00001157408,9.75e-08,2.95e-08,1.01e-07,8.528713438735176e-08,7.579137295081968e-08,1.3674724155193749e-09,7.579137295081968e-08,1.3674724155193749e-09,1.9459499999999998e-07,1.9459499999999998e-07,7.579137295081968e-08,False,True,False,0,False,,,0.7350963042618345,3.0,False,False,,,weekly,10.0,sigma,computed,/home/lkoo/projects/AutomationDetection/DownloadedLC/incremental/quiescent_background_cache.csv,,,,,,False,not_in_flare_streak
4FGL J1740.5+5211,264,265,58659.00001157408,7.11e-08,3.6e-08,9.75e-08,8.528713438735176e-08,7.579137295081968e-08,1.3674724155193749e-09,7.579137295081968e-08,1.3674724155193749e-09,1.9459499999999998e-07,1.9459499999999998e-07,7.579137295081968e-08,False,False,False,0,False,,,-0.13022200138607493,3.0,False,False,,,weekly,10.0,sigma,computed,/home/lkoo/projects/AutomationDetection/DownloadedLC/incremental/quiescent_background_cache.csv,,,,,,False,not_in_flare_streak
4FGL J1740.5+5211,265,266,58666.00001157408,4.72e-08,2.41e-08,7.11e-08,8.528713438735176e-08,7.579137295081968e-08,1.3674724155193749e-09,7.579137295081968e-08,1.3674724155193749e-09,1.9459499999999998e-07,1.9459499999999998e-07,7.579137295081968e-08,False,False,False,0,False,,,-1.1844588083166832,3.0,False,False,,,weekly,10.0,sigma,computed,/home/lkoo/projects/AutomationDetection/DownloadedLC/incremental/quiescent_background_cache.csv,,,,,,False,not_in_flare_streak
4FGL J1740.5+5211,266,267,58673.00001157408,3.39e-08,1.97e-08,4.72e-08,8.528713438735176e-08,7.579137295081968e-08,1.3674724155193749e-09,7.579137295081968e-08,1.3674724155193749e-09,1.9459499999999998e-07,1.9459499999999998e-07,7.579137295081968e-08,False,False,False,0,False,,,-2.1213609691567226,3.0,False,False,,,weekly,10.0,sigma,computed,/home/lkoo/projects/AutomationDetection/DownloadedLC/incremental/quiescent_background_cache.csv,,,,,,False,not_in_flare_streak
4FGL J1740.5+5211,267,268,58680.00001157408,4.63e-08,2.05e-08,3.39e-08,8.528713438735176e-08,7.579137295081968e-08,1.3674724155193749e-09,7.579137295081968e-08,1.3674724155193749e-09,1.9459499999999998e-07,1.9459499999999998e-07,7.579137295081968e-08,True,False,False,0,False,,,-1.4354135330862063,3.0,False,False,,,weekly,10.0,sigma,computed,/home/lkoo/projects/AutomationDetection/DownloadedLC/incremental/quiescent_background_cache.csv,,,,,,False,not_in_flare_streak
4FGL J1740.5+5211,268,269,58694.00001157408,3.43e-08,2.75e-08,4.63e-08,8.528713438735176e-08,7.579137295081968e-08,1.3674724155193749e-09,7.579137295081968e-08,1.3674724155193749e-09,1.9459499999999998e-07,1.9459499999999998e-07,7.579137295081968e-08,False,False,False,0,False,,,-1.5069152723739532,3.0,False,False,,,weekly,10.0,sigma,computed,/home/lkoo/projects/AutomationDetection/DownloadedLC/incremental/quiescent_background_cache.csv,,,,,,False,not_in_flare_streak
4FGL J1740.5+5211,269,270,58701.00001157408,3.61e-08,2.48e-08,3.43e-08,8.528713438735176e-08,7.579137295081968e-08,1.3674724155193749e-09,7.579137295081968e-08,1.3674724155193749e-09,1.9459499999999998e-07,1.9459499999999998e-07,7.579137295081968e-08,True,False,False,0,False,,,-1.598031086487422,3.0,False,False,,,weekly,10.0,sigma,computed,/home/lkoo/projects/AutomationDetection/DownloadedLC/incremental/quiescent_background_cache.csv,,,,,,False,not_in_flare_streak
4FGL J1740.5+5211,270,271,58708.00001157408,4.03e-08,2.38e-08,3.61e-08,8.528713438735176e-08,7.579137295081968e-08,1.3674724155193749e-09,7.579137295081968e-08,1.3674724155193749e-09,1.9459499999999998e-07,1.9459499999999998e-07,7.579137295081968e-08,True,False,False,0,False,,,-1.4887787397517658,3.0,False,False,,,weekly,10.0,sigma,computed,/home/lkoo/projects/AutomationDetection/DownloadedLC/incremental/quiescent_background_cache.csv,,,,,,False,not_in_flare_streak
4FGL J1740.5+5211,271,272,58715.00001157408,9.68e-08,3.41e-08,4.03e-08,8.528713438735176e-08,7.579137295081968e-08,1.3674724155193749e-09,7.579137295081968e-08,1.3674724155193749e-09,1.9459499999999998e-07,1.9459499999999998e-07,7.579137295081968e-08,True,True,False,0,False,,,0.6155939827901744,3.0,False,False,,,weekly,10.0,sigma,computed,/home/lkoo/projects/AutomationDetection/DownloadedLC/incremental/quiescent_background_cache.csv,,,,,,False,not_in_flare_streak
4FGL J1740.5+5211,272,273,58722.00001157408,7.4e-08,2.54e-08,9.68e-08,8.528713438735176e-08,7.579137295081968e-08,1.3674724155193749e-09,7.579137295081968e-08,1.3674724155193749e-09,1.9459499999999998e-07,1.9459499999999998e-07,7.579137295081968e-08,False,False,False,0,False,,,-0.07042450610367455,3.0,False,False,,,weekly,10.0,sigma,computed,/home/lkoo/projects/AutomationDetection/DownloadedLC/incremental/quiescent_background_cache.csv,,,,,,False,not_in_flare_streak
4FGL J1740.5+5211,273,274,58729.00001157408,1.04e-07,2.6e-08,7.4e-08,8.528713438735176e-08,7.579137295081968e-08,1.3674724155193749e-09,7.579137295081968e-08,1.3674724155193749e-09,1.9459499999999998e-07,1.9459499999999998e-07,7.579137295081968e-08,True,True,False,0,False,,,1.083449686115015,3.0,False,False,,,weekly,10.0,sigma,computed,/home/lkoo/projects/AutomationDetection/DownloadedLC/incremental/quiescent_background_cache.csv,,,,,,False,not_in_flare_streak
4FGL J1740.5+5211,274,275,58736.00001157408,7.69e-08,3.75e-08,1.04e-07,8.528713438735176e-08,7.579137295081968e-08,1.3674724155193749e-09,7.579137295081968e-08,1.3674724155193749e-09,1.9459499999999998e-07,1.9459499999999998e-07,7.579137295081968e-08,False,True,False,0,False,,,0.029543751393551514,3.0,False,False,,,weekly,10.0,sigma,computed,/home/lkoo/projects/AutomationDetection/DownloadedLC/incremental/quiescent_background_cache.csv,,,,,,False,not_in_flare_streak
4FGL J1740.5+5211,275,276,58743.00001157408,4.52e-08,3.7e-08,7.69e-08,8.528713438735176e-08,7.579137295081968e-08,1.3674724155193749e-09,7.579137295081968e-08,1.3674724155193749e-09,1.9459499999999998e-07,1.9459499999999998e-07,7.579137295081968e-08,False,False,False,0,False,,,-0.8262297632612751,3.0,False,False,,,weekly,10.0,sigma,computed,/home/lkoo/projects/AutomationDetection/DownloadedLC/incremental/quiescent_background_cache.csv,,,,,,False,not_in_flare_streak
4FGL J1740.5+5211,276,277,58750.00001157408,5.08e-08,2.23e-08,4.52e-08,8.528713438735176e-08,7.579137295081968e-08,1.3674724155193749e-09,7.579137295081968e-08,1.3674724155193749e-09,1.9459499999999998e-07,1.9459499999999998e-07,7.579137295081968e-08,True,False,False,0,False,,,-1.118588205931281,3.0,False,False,,,weekly,10.0,sigma,computed,/home/lkoo/projects/AutomationDetection/DownloadedLC/incremental/quiescent_background_cache.csv,,,,,,False,not_in_flare_streak
4FGL J1740.5+5211,277,278,58757.00001157408,6.57e-08,2.94e-08,5.08e-08,8.528713438735176e-08,7.579137295081968e-08,1.3674724155193749e-09,7.579137295081968e-08,1.3674724155193749e-09,1.9459499999999998e-07,1.9459499999999998e-07,7.579137295081968e-08,True,False,False,0,False,,,-0.3428732874301185,3.0,False,False,,,weekly,10.0,sigma,computed,/home/lkoo/projects/AutomationDetection/DownloadedLC/incremental/quiescent_background_cache.csv,,,,,,False,not_in_flare_streak
4FGL J1740.5+5211,278,279,58764.00001157408,1.01e-07,3.9e-08,6.57e-08,8.528713438735176e-08,7.579137295081968e-08,1.3674724155193749e-09,7.579137295081968e-08,1.3674724155193749e-09,1.9459499999999998e-07,1.9459499999999998e-07,7.579137295081968e-08,True,True,False,0,False,,,0.6459780783303022,3.0,False,False,,,weekly,10.0,sigma,computed,/home/lkoo/projects/AutomationDetection/DownloadedLC/incremental/quiescent_background_cache.csv,,,,,,False,not_in_flare_streak
4FGL J1740.5+5211,279,280,58778.00001157408,3.1e-08,2.39e-08,1.01e-07,8.528713438735176e-08,7.579137295081968e-08,1.3674724155193749e-09,7.579137295081968e-08,1.3674724155193749e-09,1.9459499999999998e-07,1.9459499999999998e-07,7.579137295081968e-08,False,False,False,0,False,,,-1.871055870308695,3.0,False,False,,,weekly,10.0,sigma,computed,/home/lkoo/projects/AutomationDetection/DownloadedLC/incremental/quiescent_background_cache.csv,,,,,,False,not_in_flare_streak
4FGL J1740.5+5211,280,281,58785.00001157408,3.76e-08,2.7e-08,3.1e-08,8.528713438735176e-08,7.579137295081968e-08,1.3674724155193749e-09,7.579137295081968e-08,1.3674724155193749e-09,1.9459499999999998e-07,1.9459499999999998e-07,7.579137295081968e-08,True,False,False,0,False,,,-1.41268459408086,3.0,False,False,,,weekly,10.0,sigma,computed,/home/lkoo/projects/AutomationDetection/DownloadedLC/incremental/quiescent_background_cache.csv,,,,,,False,not_in_flare_streak
4FGL J1740.5+5211,281,282,58792.00001157408,4.39e-08,2.27e-08,3.76e-08,8.528713438735176e-08,7.579137295081968e-08,1.3674724155193749e-09,7.579137295081968e-08,1.3674724155193749e-09,1.9459499999999998e-07,1.9459499999999998e-07,7.579137295081968e-08,True,False,False,0,False,,,-1.4023640212442963,3.0,False,False,,,weekly,10.0,sigma,computed,/home/lkoo/projects/AutomationDetection/DownloadedLC/incremental/quiescent_background_cache.csv,,,,,,False,not_in_flare_streak
4FGL J1740.5+5211,282,283,58799.00001157408,1.56e-08,1.19e-08,4.39e-08,8.528713438735176e-08,7.579137295081968e-08,1.3674724155193749e-09,7.579137295081968e-08,1.3674724155193749e-09,1.9459499999999998e-07,1.9459499999999998e-07,7.579137295081968e-08,False,False,False,0,False,,,-5.025029256572956,3.0,False,False,,,weekly,10.0,sigma,computed,/home/lkoo/projects/AutomationDetection/DownloadedLC/incremental/quiescent_background_cache.csv,,,,,,False,not_in_flare_streak
4FGL J1740.5+5211,283,284,58813.00001157408,1.1e-07,3.62e-08,1.56e-08,8.528713438735176e-08,7.579137295081968e-08,1.3674724155193749e-09,7.579137295081968e-08,1.3674724155193749e-09,1.9459499999999998e-07,1.9459499999999998e-07,7.579137295081968e-08,True,True,False,0,False,,,0.9443161742438271,3.0,False,False,,,weekly,10.0,sigma,computed,/home/lkoo/projects/AutomationDetection/DownloadedLC/incremental/quiescent_background_cache.csv,,,,,,False,not_in_flare_streak
4FGL J1740.5+5211,284,285,58820.00001157408,5.85e-08,3.62e-08,1.1e-07,8.528713438735176e-08,7.579137295081968e-08,1.3674724155193749e-09,7.579137295081968e-08,1.3674724155193749e-09,1.9459499999999998e-07,1.9459499999999998e-07,7.579137295081968e-08,False,False,False,0,False,,,-0.47732179163070143,3.0,False,False,,,weekly,10.0,sigma,computed,/home/lkoo/projects/AutomationDetection/DownloadedLC/incremental/quiescent_background_cache.csv,,,,,,False,not_in_flare_streak
4FGL J1740.5+5211,285,286,58827.00001157408,1.42e-07,3.16e-08,5.85e-08,8.528713438735176e-08,7.579137295081968e-08,1.3674724155193749e-09,7.579137295081968e-08,1.3674724155193749e-09,1.9459499999999998e-07,1.9459499999999998e-07,7.579137295081968e-08,True,True,False,0,False,,,2.0932506418456347,3.0,False,False,,,weekly,10.0,sigma,computed,/home/lkoo/projects/AutomationDetection/DownloadedLC/incremental/quiescent_background_cache.csv,,,,,,False,not_in_flare_streak
4FGL J1740.5+5211,286,287,58834.00001157408,1.3e-07,2.77e-08,1.42e-07,8.528713438735176e-08,7.579137295081968e-08,1.3674724155193749e-09,7.579137295081968e-08,1.3674724155193749e-09,1.9459499999999998e-07,1.9459499999999998e-07,7.579137295081968e-08,False,True,False,0,False,,,1.9546097824868012,3.0,False,False,,,weekly,10.0,sigma,computed,/home/lkoo/projects/AutomationDetection/DownloadedLC/incremental/quiescent_background_cache.csv,,,,,,False,not_in_flare_streak
4FGL J1740.5+5211,287,288,58841.00001157408,1.27e-07,2.61e-08,1.3e-07,8.528713438735176e-08,7.579137295081968e-08,1.3674724155193749e-09,7.579137295081968e-08,1.3674724155193749e-09,1.9459499999999998e-07,1.9459499999999998e-07,7.579137295081968e-08,False,True,False,0,False,,,1.9593289407408183,3.0,False,False,,,weekly,10.0,sigma,computed,/home/lkoo/projects/AutomationDetection/DownloadedLC/incremental/quiescent_background_cache.csv,,,,,,False,not_in_flare_streak
4FGL J1740.5+5211,288,289,58848.00001157408,6.36e-08,2.26e-08,1.27e-07,8.528713438735176e-08,7.579137295081968e-08,1.3674724155193749e-09,7.579137295081968e-08,1.3674724155193749e-09,1.9459499999999998e-07,1.9459499999999998e-07,7.579137295081968e-08,False,False,False,0,False,,,-0.5384564903312835,3.0,False,False,,,weekly,10.0,sigma,computed,/home/lkoo/projects/AutomationDetection/DownloadedLC/incremental/quiescent_background_cache.csv,,,,,,False,not_in_flare_streak
4FGL J1740.5+5211,289,290,58869.00001157408,8.75e-08,4.37e-08,6.36e-08,8.528713438735176e-08,7.579137295081968e-08,1.3674724155193749e-09,7.579137295081968e-08,1.3674724155193749e-09,1.9459499999999998e-07,1.9459499999999998e-07,7.579137295081968e-08,True,True,False,0,False,,,0.26780088499066856,3.0,False,False,,,weekly,10.0,sigma,computed,/home/lkoo/projects/AutomationDetection/DownloadedLC/incremental/quiescent_background_cache.csv,,,,,,False,not_in_flare_streak
4FGL J1740.5+5211,290,291,58876.00001157408,9.19e-08,3.77e-08,8.75e-08,8.528713438735176e-08,7.579137295081968e-08,1.3674724155193749e-09,7.579137295081968e-08,1.3674724155193749e-09,1.9459499999999998e-07,1.9459499999999998e-07,7.579137295081968e-08,True,True,False,0,False,,,0.4270037266158334,3.0,False,False,,,weekly,10.0,sigma,computed,/home/lkoo/projects/AutomationDetection/DownloadedLC/incremental/quiescent_background_cache.csv,,,,,,False,not_in_flare_streak
4FGL J1740.5+5211,291,292,58883.00001157408,6.42e-08,2.57e-08,9.19e-08,8.528713438735176e-08,7.579137295081968e-08,1.3674724155193749e-09,7.579137295081968e-08,1.3674724155193749e-09,1.9459499999999998e-07,1.9459499999999998e-07,7.579137295081968e-08,False,False,False,0,False,,,-0.4503890642151409,3.0,False,False,,,weekly,10.0,sigma,computed,/home/lkoo/projects/AutomationDetection/DownloadedLC/incremental/quiescent_background_cache.csv,,,,,,False,not_in_flare_streak
4FGL J1740.5+5211,292,293,58890.00001157408,4.63e-08,2.36e-08,6.42e-08,8.528713438735176e-08,7.579137295081968e-08,1.3674724155193749e-09,7.579137295081968e-08,1.3674724155193749e-09,1.9459499999999998e-07,1.9459499999999998e-07,7.579137295081968e-08,False,False,False,0,False,,,-1.2475419049192509,3.0,False,False,,,weekly,10.0,sigma,computed,/home/lkoo/projects/AutomationDetection/DownloadedLC/incremental/quiescent_background_cache.csv,,,,,,False,not_in_flare_streak
4FGL J1740.5+5211,293,294,58897.00001157408,7.65e-08,2.76e-08,4.63e-08,8.528713438735176e-08,7.579137295081968e-08,1.3674724155193749e-09,7.579137295081968e-08,1.3674724155193749e-09,1.9459499999999998e-07,1.9459499999999998e-07,7.579137295081968e-08,True,True,False,0,False,,,0.025643437415772984,3.0,False,False,,,weekly,10.0,sigma,computed,/home/lkoo/projects/AutomationDetection/DownloadedLC/incremental/quiescent_background_cache.csv,,,,,,False,not_in_flare_streak
4FGL J1740.5+5211,294,295,58904.00001157408,6.42e-08,2.94e-08,7.65e-08,8.528713438735176e-08,7.579137295081968e-08,1.3674724155193749e-09,7.579137295081968e-08,1.3674724155193749e-09,1.9459499999999998e-07,1.9459499999999998e-07,7.579137295081968e-08,False,False,False,0,False,,,-0.3938385954859862,3.0,False,False,,,weekly,10.0,sigma,computed,/home/lkoo/projects/AutomationDetection/DownloadedLC/incremental/quiescent_background_cache.csv,,,,,,False,not_in_flare_streak
4FGL J1740.5+5211,295,296,58911.00001157408,1.01e-07,2.98e-08,6.42e-08,8.528713438735176e-08,7.579137295081968e-08,1.3674724155193749e-09,7.579137295081968e-08,1.3674724155193749e-09,1.9459499999999998e-07,1.9459499999999998e-07,7.579137295081968e-08,True,True,False,0,False,,,0.8450378353439703,3.0,False,False,,,weekly,10.0,sigma,computed,/home/lkoo/projects/AutomationDetection/DownloadedLC/incremental/quiescent_background_cache.csv,,,,,,False,not_in_flare_streak
4FGL J1740.5+5211,296,297,58918.00001157408,8.77e-08,3.24e-08,1.01e-07,8.528713438735176e-08,7.579137295081968e-08,1.3674724155193749e-09,7.579137295081968e-08,1.3674724155193749e-09,1.9459499999999998e-07,1.9459499999999998e-07,7.579137295081968e-08,False,True,False,0,False,,,0.36722328809732396,3.0,False,False,,,weekly,10.0,sigma,computed,/home/lkoo/projects/AutomationDetection/DownloadedLC/incremental/quiescent_background_cache.csv,,,,,,False,not_in_flare_streak
4FGL J1740.5+5211,297,298,58925.00001157408,6.38e-08,3.18e-08,8.77e-08,8.528713438735176e-08,7.579137295081968e-08,1.3674724155193749e-09,7.579137295081968e-08,1.3674724155193749e-09,1.9459499999999998e-07,1.9459499999999998e-07,7.579137295081968e-08,False,False,False,0,False,,,-0.3767390284729498,3.0,False,False,,,weekly,10.0,sigma,computed,/home/lkoo/projects/AutomationDetection/DownloadedLC/incremental/quiescent_background_cache.csv,,,,,,False,not_in_flare_streak
4FGL J1740.5+5211,298,299,58932.00001157408,1.04e-07,3.43e-08,6.38e-08,8.528713438735176e-08,7.579137295081968e-08,1.3674724155193749e-09,7.579137295081968e-08,1.3674724155193749e-09,1.9459499999999998e-07,1.9459499999999998e-07,7.579137295081968e-08,True,True,False,0,False,,,0.8217561379612115,3.0,False,False,,,weekly,10.0,sigma,computed,/home/lkoo/projects/AutomationDetection/DownloadedLC/incremental/quiescent_background_cache.csv,,,,,,False,not_in_flare_streak
4FGL J1740.5+5211,299,300,58939.00001157408,8.52e-08,3.12e-08,1.04e-07,8.528713438735176e-08,7.579137295081968e-08,1.3674724155193749e-09,7.579137295081968e-08,1.3674724155193749e-09,1.9459499999999998e-07,1.9459499999999998e-07,7.579137295081968e-08,False,True,False,0,False,,,0.30126932851791133,3.0,False,False,,,weekly,10.0,sigma,computed,/home/lkoo/projects/AutomationDetection/DownloadedLC/incremental/quiescent_background_cache.csv,,,,,,False,not_in_flare_streak
4FGL J1740.5+5211,300,301,58946.00001157408,6.09e-08,3.44e-08,8.52e-08,8.528713438735176e-08,7.579137295081968e-08,1.3674724155193749e-09,7.579137295081968e-08,1.3674724155193749e-09,1.9459499999999998e-07,1.9459499999999998e-07,7.579137295081968e-08,False,False,False,0,False,,,-0.43254712154070024,3.0,False,False,,,weekly,10.0,sigma,computed,/home/lkoo/projects/AutomationDetection/DownloadedLC/incremental/quiescent_background_cache.csv,,,,,,False,not_in_flare_streak
4FGL J1740.5+5211,301,302,58953.00001157408,9.23e-08,2.76e-08,6.09e-08,8.528713438735176e-08,7.579137295081968e-08,1.3674724155193749e-09,7.579137295081968e-08,1.3674724155193749e-09,1.9459499999999998e-07,1.9459499999999998e-07,7.579137295081968e-08,True,True,False,0,False,,,0.597405849869363,3.0,False,False,,,weekly,10.0,sigma,computed,/home/lkoo/projects/AutomationDetection/DownloadedLC/incremental/quiescent_background_cache.csv,,,,,,False,not_in_flare_streak
4FGL J1740.5+5211,302,303,58960.00001157408,9.75e-08,2.15e-08,9.23e-08,8.528713438735176e-08,7.579137295081968e-08,1.3674724155193749e-09,7.579137295081968e-08,1.3674724155193749e-09,1.9459499999999998e-07,1.9459499999999998e-07,7.579137295081968e-08,True,True,False,0,False,,,1.0076674377517822,3.0,False,False,,,weekly,10.0,sigma,computed,/home/lkoo/projects/AutomationDetection/DownloadedLC/incremental/quiescent_background_cache.csv,,,,,,False,not_in_flare_streak
4FGL J1740.5+5211,303,304,58967.00001157408,1.53e-07,2.84e-08,9.75e-08,8.528713438735176e-08,7.579137295081968e-08,1.3674724155193749e-09,7.579137295081968e-08,1.3674724155193749e-09,1.9459499999999998e-07,1.9459499999999998e-07,7.579137295081968e-08,True,True,False,0,False,,,2.715467593186767,3.0,False,False,,,weekly,10.0,sigma,computed,/home/lkoo/projects/AutomationDetection/DownloadedLC/incremental/quiescent_background_cache.csv,,,,,,False,not_in_flare_streak
4FGL J1740.5+5211,304,305,58974.00001157408,1.94e-07,4.24e-08,1.53e-07,8.528713438735176e-08,7.579137295081968e-08,1.3674724155193749e-09,7.579137295081968e-08,1.3674724155193749e-09,1.9459499999999998e-07,1.9459499999999998e-07,7.579137295081968e-08,True,True,False,0,False,,,2.786490478249357,3.0,False,False,,,weekly,10.0,sigma,computed,/home/lkoo/projects/AutomationDetection/DownloadedLC/incremental/quiescent_background_cache.csv,,,,,,False,not_in_flare_streak
4FGL J1740.5+5211,305,306,58981.00001157408,2.91e-07,4.62e-08,1.94e-07,8.528713438735176e-08,7.579137295081968e-08,1.3674724155193749e-09,7.579137295081968e-08,1.3674724155193749e-09,1.9459499999999998e-07,1.9459499999999998e-07,7.579137295081968e-08,True,True,False,0,False,,,4.65615621024542,3.0,True,True,58981.00001157408,58981.00001157408,weekly,10.0,sigma,computed,/home/lkoo/projects/AutomationDetection/DownloadedLC/incremental/quiescent_background_cache.csv,,,,,,False,not_in_flare_streak
4FGL J1740.5+5211,306,307,58988.00001157408,2.08e-07,3.89e-08,2.91e-07,8.528713438735176e-08,7.579137295081968e-08,1.3674724155193749e-09,7.579137295081968e-08,1.3674724155193749e-09,1.9459499999999998e-07,1.9459499999999998e-07,7.579137295081968e-08,False,True,False,0,False,,,3.3965813084833902,3.0,True,True,58981.00001157408,58988.00001157408,weekly,10.0,sigma,computed,/home/lkoo/projects/AutomationDetection/DownloadedLC/incremental/quiescent_background_cache.csv,,,,,,False,not_in_flare_streak
4FGL J1740.5+5211,307,308,58995.00001157408,1.77e-07,3.13e-08,2.08e-07,8.528713438735176e-08,7.579137295081968e-08,1.3674724155193749e-09,7.579137295081968e-08,1.3674724155193749e-09,1.9459499999999998e-07,1.9459499999999998e-07,7.579137295081968e-08,False,True,False,0,False,,,3.230420902554027,3.0,True,True,58981.00001157408,58995.00001157408,weekly,10.0,sigma,computed,/home/lkoo/projects/AutomationDetection/DownloadedLC/incremental/quiescent_background_cache.csv,,,,,,False,not_in_flare_streak
4FGL J1740.5+5211,308,309,59002.00001157408,1.35e-07,2.64e-08,1.77e-07,8.528713438735176e-08,7.579137295081968e-08,1.3674724155193749e-09,7.579137295081968e-08,1.3674724155193749e-09,1.9459499999999998e-07,1.9459499999999998e-07,7.579137295081968e-08,False,True,False,0,False,,,2.2397483552469546,3.0,False,True,58981.00001157408,59002.00001157408,weekly,10.0,sigma,computed,/home/lkoo/projects/AutomationDetection/DownloadedLC/incremental/quiescent_background_cache.csv,,,,,,False,not_in_flare_streak
4FGL J1740.5+5211,309,310,59009.00001157408,6.96e-08,2.65e-08,1.35e-07,8.528713438735176e-08,7.579137295081968e-08,1.3674724155193749e-09,7.579137295081968e-08,1.3674724155193749e-09,1.9459499999999998e-07,1.9459499999999998e-07,7.579137295081968e-08,False,False,False,0,False,,,-0.23332626616427268,3.0,False,False,,,weekly,10.0,sigma,computed,/home/lkoo/projects/AutomationDetection/DownloadedLC/incremental/quiescent_background_cache.csv,,,,,,False,not_in_flare_streak
4FGL J1740.5+5211,310,311,59016.00001157408,7.07e-08,3.14e-08,6.96e-08,8.528713438735176e-08,7.579137295081968e-08,1.3674724155193749e-09,7.579137295081968e-08,1.3674724155193749e-09,1.9459499999999998e-07,1.9459499999999998e-07,7.579137295081968e-08,True,False,False,0,False,,,-0.16199209030125877,3.0,False,False,,,weekly,10.0,sigma,computed,/home/lkoo/projects/AutomationDetection/DownloadedLC/incremental/quiescent_background_cache.csv,,,,,,False,not_in_flare_streak
4FGL J1740.5+5211,311,312,59023.00001157408,4.59e-08,3.29e-08,7.07e-08,8.528713438735176e-08,7.579137295081968e-08,1.3674724155193749e-09,7.579137295081968e-08,1.3674724155193749e-09,1.9459499999999998e-07,1.9459499999999998e-07,7.579137295081968e-08,False,False,False,0,False,,,-0.9077685733132367,3.0,False,False,,,weekly,10.0,sigma,computed,/home/lkoo/projects/AutomationDetection/DownloadedLC/incremental/quiescent_background_cache.csv,,,,,,False,not_in_flare_streak
4FGL J1740.5+5211,312,313,59030.00001157408,7.27e-08,3.69e-08,4.59e-08,8.528713438735176e-08,7.579137295081968e-08,1.3674724155193749e-09,7.579137295081968e-08,1.3674724155193749e-09,1.9459499999999998e-07,1.9459499999999998e-07,7.579137295081968e-08,True,False,False,0,False,,,-0.08371957590086193,3.0,False,False,,,weekly,10.0,sigma,computed,/home/lkoo/projects/AutomationDetection/DownloadedLC/incremental/quiescent_background_cache.csv,,,,,,False,not_in_flare_streak
4FGL J1740.5+5211,313,314,59044.00001157408,6.29e-08,2.47e-08,7.27e-08,8.528713438735176e-08,7.579137295081968e-08,1.3674724155193749e-09,7.579137295081968e-08,1.3674724155193749e-09,1.9459499999999998e-07,1.9459499999999998e-07,7.579137295081968e-08,False,False,False,0,False,,,-0.5211199045460679,3.0,False,False,,,weekly,10.0,sigma,computed,/home/lkoo/projects/AutomationDetection/DownloadedLC/incremental/quiescent_background_cache.csv,,,,,,False,not_in_flare_streak
4FGL J1740.5+5211,314,315,59051.00001157408,9.81e-08,2.38e-08,6.29e-08,8.528713438735176e-08,7.579137295081968e-08,1.3674724155193749e-09,7.579137295081968e-08,1.3674724155193749e-09,1.9459499999999998e-07,1.9459499999999998e-07,7.579137295081968e-08,True,True,False,0,False,,,0.9357938817946964,3.0,False,False,,,weekly,10.0,sigma,computed,/home/lkoo/projects/AutomationDetection/DownloadedLC/incremental/quiescent_background_cache.csv,,,,,,False,not_in_flare_streak
4FGL J1740.5+5211,315,316,59058.00001157408,9.5e-08,3.31e-08,9.81e-08,8.528713438735176e-08,7.579137295081968e-08,1.3674724155193749e-09,7.579137295081968e-08,1.3674724155193749e-09,1.9459499999999998e-07,1.9459499999999998e-07,7.579137295081968e-08,False,True,False,0,False,,,0.5798264476349991,3.0,False,False,,,weekly,10.0,sigma,computed,/home/lkoo/projects/AutomationDetection/DownloadedLC/incremental/quiescent_background_cache.csv,,,,,,False,not_in_flare_streak
4FGL J1740.5+5211,316,317,59072.00001157408,7.17e-08,3.12e-08,9.5e-08,8.528713438735176e-08,7.579137295081968e-08,1.3674724155193749e-09,7.579137295081968e-08,1.3674724155193749e-09,1.9459499999999998e-07,1.9459499999999998e-07,7.579137295081968e-08,False,False,False,0,False,,,-0.13100797546409002,3.0,False,False,,,weekly,10.0,sigma,computed,/home/lkoo/projects/AutomationDetection/DownloadedLC/incremental/quiescent_background_cache.csv,,,,,,False,not_in_flare_streak
4FGL J1740.5+5211,317,318,59079.00001157408,1.18e-07,3.67e-08,7.17e-08,8.528713438735176e-08,7.579137295081968e-08,1.3674724155193749e-09,7.579137295081968e-08,1.3674724155193749e-09,1.9459499999999998e-07,1.9459499999999998e-07,7.579137295081968e-08,True,True,False,0,False,,,1.1493012790650343,3.0,False,False,,,weekly,10.0,sigma,computed,/home/lkoo/projects/AutomationDetection/DownloadedLC/incremental/quiescent_background_cache.csv,,,,,,False,not_in_flare_streak
4FGL J1740.5+5211,318,319,59086.00001157408,3.89e-08,2.05e-08,1.18e-07,8.528713438735176e-08,7.579137295081968e-08,1.3674724155193749e-09,7.579137295081968e-08,1.3674724155193749e-09,1.9459499999999998e-07,1.9459499999999998e-07,7.579137295081968e-08,False,False,False,0,False,,,-1.7955886989745988,3.0,False,False,,,weekly,10.0,sigma,computed,/home/lkoo/projects/AutomationDetection/DownloadedLC/incremental/quiescent_background_cache.csv,,,,,,False,not_in_flare_streak
4FGL J1740.5+5211,319,320,59093.00001157408,7.62e-08,2.21e-08,3.89e-08,8.528713438735176e-08,7.579137295081968e-08,1.3674724155193749e-09,7.579137295081968e-08,1.3674724155193749e-09,1.9459499999999998e-07,1.9459499999999998e-07,7.579137295081968e-08,True,True,False,0,False,,,0.018454616780467413,3.0,False,False,,,weekly,10.0,sigma,computed,/home/lkoo/projects/AutomationDetection/DownloadedLC/incremental/quiescent_background_cache.csv,,,,,,False,not_in_flare_streak
4FGL J1740.5+5211,320,321,59107.00001157408,2.55e-08,2.18e-08,7.62e-08,8.528713438735176e-08,7.579137295081968e-08,1.3674724155193749e-09,7.579137295081968e-08,1.3674724155193749e-09,1.9459499999999998e-07,1.9459499999999998e-07,7.579137295081968e-08,False,False,False,0,False,,,-2.302418367036187,3.0,False,False,,,weekly,10.0,sigma,computed,/home/lkoo/projects/AutomationDetection/DownloadedLC/incremental/quiescent_background_cache.csv,,,,,,False,not_in_flare_streak
4FGL J1740.5+5211,321,322,59114.00001157408,5.05e-08,2.11e-08,2.55e-08,8.528713438735176e-08,7.579137295081968e-08,1.3674724155193749e-09,7.579137295081968e-08,1.3674724155193749e-09,1.9459499999999998e-07,1.9459499999999998e-07,7.579137295081968e-08,True,False,False,0,False,,,-1.1961338861479849,3.0,False,False,,,weekly,10.0,sigma,computed,/home/lkoo/projects/AutomationDetection/DownloadedLC/incremental/quiescent_background_cache.csv,,,,,,False,not_in_flare_streak
4FGL J1740.5+5211,322,323,59121.00001157408,9.05e-08,2.54e-08,5.05e-08,8.528713438735176e-08,7.579137295081968e-08,1.3674724155193749e-09,7.579137295081968e-08,1.3674724155193749e-09,1.9459499999999998e-07,1.9459499999999998e-07,7.579137295081968e-08,True,True,False,0,False,,,0.5782424005719755,3.0,False,False,,,weekly,10.0,sigma,computed,/home/lkoo/projects/AutomationDetection/DownloadedLC/incremental/quiescent_background_cache.csv,,,,,,False,not_in_flare_streak
4FGL J1740.5+5211,323,324,59128.00001157408,1.03e-07,3.18e-08,9.05e-08,8.528713438735176e-08,7.579137295081968e-08,1.3674724155193749e-09,7.579137295081968e-08,1.3674724155193749e-09,1.9459499999999998e-07,1.9459499999999998e-07,7.579137295081968e-08,True,True,False,0,False,,,0.85482719640459,3.0,False,False,,,weekly,10.0,sigma,computed,/home/lkoo/projects/AutomationDetection/DownloadedLC/incremental/quiescent_background_cache.csv,,,,,,False,not_in_flare_streak
4FGL J1740.5+5211,324,325,59135.00001157408,5.16e-08,3.49e-08,1.03e-07,8.528713438735176e-08,7.579137295081968e-08,1.3674724155193749e-09,7.579137295081968e-08,1.3674724155193749e-09,1.9459499999999998e-07,1.9459499999999998e-07,7.579137295081968e-08,False,False,False,0,False,,,-0.6926310629291229,3.0,False,False,,,weekly,10.0,sigma,computed,/home/lkoo/projects/AutomationDetection/DownloadedLC/incremental/quiescent_background_cache.csv,,,,,,False,not_in_flare_streak
4FGL J1740.5+5211,325,326,59142.00001157408,6.7e-08,3.06e-08,5.16e-08,8.528713438735176e-08,7.579137295081968e-08,1.3674724155193749e-09,7.579137295081968e-08,1.3674724155193749e-09,1.9459499999999998e-07,1.9459499999999998e-07,7.579137295081968e-08,True,False,False,0,False,,,-0.28701331906907435,3.0,False,False,,,weekly,10.0,sigma,computed,/home/lkoo/projects/AutomationDetection/DownloadedLC/incremental/quiescent_background_cache.csv,,,,,,False,not_in_flare_streak
4FGL J1740.5+5211,326,327,59149.00001157408,1.12e-07,3.7e-08,6.7e-08,8.528713438735176e-08,7.579137295081968e-08,1.3674724155193749e-09,7.579137295081968e-08,1.3674724155193749e-09,1.9459499999999998e-07,1.9459499999999998e-07,7.579137295081968e-08,True,True,False,0,False,,,0.9779438602822977,3.0,False,False,,,weekly,10.0,sigma,computed,/home/lkoo/projects/AutomationDetection/DownloadedLC/incremental/quiescent_background_cache.csv,,,,,,False,not_in_flare_streak
4FGL J1740.5+5211,327,328,59156.00001157408,2e-07,4.09e-08,1.12e-07,8.528713438735176e-08,7.579137295081968e-08,1.3674724155193749e-09,7.579137295081968e-08,1.3674724155193749e-09,1.9459499999999998e-07,1.9459499999999998e-07,7.579137295081968e-08,True,True,False,0,False,,,3.0351897499842173,3.0,True,True,59156.00001157408,59156.00001157408,weekly,10.0,sigma,computed,/home/lkoo/projects/AutomationDetection/DownloadedLC/incremental/quiescent_background_cache.csv,,,,,,False,not_in_flare_streak
4FGL J1740.5+5211,328,329,59163.00001157408,6.37e-08,2.37e-08,2e-07,8.528713438735176e-08,7.579137295081968e-08,1.3674724155193749e-09,7.579137295081968e-08,1.3674724155193749e-09,1.9459499999999998e-07,1.9459499999999998e-07,7.579137295081968e-08,False,False,False,0,False,,,-0.5093373730759642,3.0,False,False,,,weekly,10.0,sigma,computed,/home/lkoo/projects/AutomationDetection/DownloadedLC/incremental/quiescent_background_cache.csv,,,,,,False,not_in_flare_streak
4FGL J1740.5+5211,329,330,59170.00001157408,1.12e-07,2.4e-08,6.37e-08,8.528713438735176e-08,7.579137295081968e-08,1.3674724155193749e-09,7.579137295081968e-08,1.3674724155193749e-09,1.9459499999999998e-07,1.9459499999999998e-07,7.579137295081968e-08,True,True,False,0,False,,,1.5062497591866657,3.0,False,False,,,weekly,10.0,sigma,computed,/home/lkoo/projects/AutomationDetection/DownloadedLC/incremental/quiescent_background_cache.csv,,,,,,False,not_in_flare_streak
4FGL J1740.5+5211,330,331,59177.00001157408,2.12e-07,3.45e-08,1.12e-07,8.528713438735176e-08,7.579137295081968e-08,1.3674724155193749e-09,7.579137295081968e-08,1.3674724155193749e-09,1.9459499999999998e-07,1.9459499999999998e-07,7.579137295081968e-08,True,True,False,0,False,,,3.944978419522053,3.0,True,True,59177.00001157408,59177.00001157408,weekly,10.0,sigma,computed,/home/lkoo/projects/AutomationDetection/DownloadedLC/incremental/quiescent_background_cache.csv,,,,,,False,not_in_flare_streak
4FGL J1740.5+5211,331,332,59184.00001157408,1.93e-07,4e-08,2.12e-07,8.528713438735176e-08,7.579137295081968e-08,1.3674724155193749e-09,7.579137295081968e-08,1.3674724155193749e-09,1.9459499999999998e-07,1.9459499999999998e-07,7.579137295081968e-08,False,True,False,0,False,,,2.9285048485044713,3.0,False,True,59177.00001157408,59184.00001157408,weekly,10.0,sigma,computed,/home/lkoo/projects/AutomationDetection/DownloadedLC/incremental/quiescent_background_cache.csv,,,,,,False,not_in_flare_streak
4FGL J1740.5+5211,332,333,59191.00001157408,1.04e-07,3.7e-08,1.93e-07,8.528713438735176e-08,7.579137295081968e-08,1.3674724155193749e-09,7.579137295081968e-08,1.3674724155193749e-09,1.9459499999999998e-07,1.9459499999999998e-07,7.579137295081968e-08,False,True,False,0,False,,,0.7618751628519299,3.0,False,True,59177.00001157408,59191.00001157408,weekly,10.0,sigma,computed,/home/lkoo/projects/AutomationDetection/DownloadedLC/incremental/quiescent_background_cache.csv,,,,,,False,not_in_flare_streak
4FGL J1740.5+5211,333,334,59198.00001157408,1.02e-07,3.18e-08,1.04e-07,8.528713438735176e-08,7.579137295081968e-08,1.3674724155193749e-09,7.579137295081968e-08,1.3674724155193749e-09,1.9459499999999998e-07,1.9459499999999998e-07,7.579137295081968e-08,False,True,False,0,False,,,0.8234096906679182,3.0,False,True,59177.00001157408,59198.00001157408,weekly,10.0,sigma,computed,/home/lkoo/projects/AutomationDetection/DownloadedLC/incremental/quiescent_background_cache.csv,,,,,,False,not_in_flare_streak
4FGL J1740.5+5211,334,335,59205.00001157408,4.18e-08,1.84e-08,1.02e-07,8.528713438735176e-08,7.579137295081968e-08,1.3674724155193749e-09,7.579137295081968e-08,1.3674724155193749e-09,1.9459499999999998e-07,1.9459499999999998e-07,7.579137295081968e-08,False,False,False,0,False,,,-1.8422764751468619,3.0,False,False,,,weekly,10.0,sigma,computed,/home/lkoo/projects/AutomationDetection/DownloadedLC/incremental/quiescent_background_cache.csv,,,,,,False,not_in_flare_streak
4FGL J1740.5+5211,335,336,59212.00001157408,6.89e-08,2.44e-08,4.18e-08,8.528713438735176e-08,7.579137295081968e-08,1.3674724155193749e-09,7.579137295081968e-08,1.3674724155193749e-09,1.9459499999999998e-07,1.9459499999999998e-07,7.579137295081968e-08,True,False,False,0,False,,,-0.281990808936202,3.0,False,False,,,weekly,10.0,sigma,computed,/home/lkoo/projects/AutomationDetection/DownloadedLC/incremental/quiescent_background_cache.csv,,,,,,False,not_in_flare_streak
4FGL J1740.5+5211,336,337,59219.00001157408,9.35e-08,2.2e-08,6.89e-08,8.528713438735176e-08,7.579137295081968e-08,1.3674724155193749e-09,7.579137295081968e-08,1.3674724155193749e-09,1.9459499999999998e-07,1.9459499999999998e-07,7.579137295081968e-08,True,True,False,0,False,,,0.8033871074215038,3.0,False,False,,,weekly,10.0,sigma,computed,/home/lkoo/projects/AutomationDetection/DownloadedLC/incremental/quiescent_background_cache.csv,,,,,,False,not_in_flare_streak
4FGL J1740.5+5211,337,338,59226.00001157408,4.38e-08,2.45e-08,9.35e-08,8.528713438735176e-08,7.579137295081968e-08,1.3674724155193749e-09,7.579137295081968e-08,1.3674724155193749e-09,1.9459499999999998e-07,1.9459499999999998e-07,7.579137295081968e-08,False,False,False,0,False,,,-1.3037411075090442,3.0,False,False,,,weekly,10.0,sigma,computed,/home/lkoo/projects/AutomationDetection/DownloadedLC/incremental/quiescent_background_cache.csv,,,,,,False,not_in_flare_streak
4FGL J1740.5+5211,338,339,59233.00001157408,5.25e-08,3.01e-08,4.38e-08,8.528713438735176e-08,7.579137295081968e-08,1.3674724155193749e-09,7.579137295081968e-08,1.3674724155193749e-09,1.9459499999999998e-07,1.9459499999999998e-07,7.579137295081968e-08,True,False,False,0,False,,,-0.7730024486463056,3.0,False,False,,,weekly,10.0,sigma,computed,/home/lkoo/projects/AutomationDetection/DownloadedLC/incremental/quiescent_background_cache.csv,,,,,,False,not_in_flare_streak
4FGL J1740.5+5211,339,340,59240.00001157408,1.02e-07,3.84e-08,5.25e-08,8.528713438735176e-08,7.579137295081968e-08,1.3674724155193749e-09,7.579137295081968e-08,1.3674724155193749e-09,1.9459499999999998e-07,1.9459499999999998e-07,7.579137295081968e-08,True,True,False,0,False,,,0.6820839699870112,3.0,False,False,,,weekly,10.0,sigma,computed,/home/lkoo/projects/AutomationDetection/DownloadedLC/incremental/quiescent_background_cache.csv,,,,,,False,not_in_flare_streak
4FGL J1740.5+5211,340,341,59247.00001157408,1.16e-07,3.2e-08,1.02e-07,8.528713438735176e-08,7.579137295081968e-08,1.3674724155193749e-09,7.579137295081968e-08,1.3674724155193749e-09,1.9459499999999998e-07,1.9459499999999998e-07,7.579137295081968e-08,True,True,False,0,False,,,1.2553738656594127,3.0,False,False,,,weekly,10.0,sigma,computed,/home/lkoo/projects/AutomationDetection/DownloadedLC/incremental/quiescent_background_cache.csv,,,,,,False,not_in_flare_streak
4FGL J1740.5+5211,341,342,59254.00001157408,1.8e-07,2.8e-08,1.16e-07,8.528713438735176e-08,7.579137295081968e-08,1.3674724155193749e-09,7.579137295081968e-08,1.3674724155193749e-09,1.9459499999999998e-07,1.9459499999999998e-07,7.579137295081968e-08,True,True,False,0,False,,,3.717306099347746,3.0,True,True,59254.00001157408,59254.00001157408,weekly,10.0,sigma,computed,/home/lkoo/projects/AutomationDetection/DownloadedLC/incremental/quiescent_background_cache.csv,,,,,,False,not_in_flare_streak
4FGL J1740.5+5211,342,343,59261.00001157408,2.81e-07,3.48e-08,1.8e-07,8.528713438735176e-08,7.579137295081968e-08,1.3674724155193749e-09,7.579137295081968e-08,1.3674724155193749e-09,1.9459499999999998e-07,1.9459499999999998e-07,7.579137295081968e-08,True,True,False,0,False,,,5.892252235334912,3.0,True,True,59254.00001157408,59261.00001157408,weekly,10.0,sigma,computed,/home/lkoo/projects/AutomationDetection/DownloadedLC/incremental/quiescent_background_cache.csv,,,,,,False,not_in_flare_streak
4FGL J1740.5+5211,343,344,59268.00001157408,3.52e-07,4.43e-08,2.81e-07,8.528713438735176e-08,7.579137295081968e-08,1.3674724155193749e-09,7.579137295081968e-08,1.3674724155193749e-09,1.9459499999999998e-07,1.9459499999999998e-07,7.579137295081968e-08,True,True,False,0,False,,,6.231989317375227,3.0,True,True,59254.00001157408,59268.00001157408,weekly,10.0,sigma,computed,/home/lkoo/projects/AutomationDetection/DownloadedLC/incremental/quiescent_background_cache.csv,,,,,,False,not_in_flare_streak
4FGL J1740.5+5211,344,345,59275.00001157408,1.17e-07,3.54e-08,3.52e-07,8.528713438735176e-08,7.579137295081968e-08,1.3674724155193749e-09,7.579137295081968e-08,1.3674724155193749e-09,1.9459499999999998e-07,1.9459499999999998e-07,7.579137295081968e-08,False,True,False,0,False,,,1.1632179493043933,3.0,False,True,59254.00001157408,59275.00001157408,weekly,10.0,sigma,computed,/home/lkoo/projects/AutomationDetection/DownloadedLC/incremental/quiescent_background_cache.csv,,,,,,False,not_in_flare_streak
4FGL J1740.5+5211,345,346,59282.00001157408,1.38e-07,3.33e-08,1.17e-07,8.528713438735176e-08,7.579137295081968e-08,1.3674724155193749e-09,7.579137295081968e-08,1.3674724155193749e-09,1.9459499999999998e-07,1.9459499999999998e-07,7.579137295081968e-08,True,True,False,0,False,,,1.8665537663960254,3.0,False,True,59254.00001157408,59282.00001157408,weekly,10.0,sigma,computed,/home/lkoo/projects/AutomationDetection/DownloadedLC/incremental/quiescent_background_cache.csv,,,,,,False,not_in_flare_streak
4FGL J1740.5+5211,346,347,59289.00001157408,1.59e-07,3.49e-08,1.38e-07,8.528713438735176e-08,7.579137295081968e-08,1.3674724155193749e-09,7.579137295081968e-08,1.3674724155193749e-09,1.9459499999999998e-07,1.9459499999999998e-07,7.579137295081968e-08,True,True,False,0,False,,,2.382373249964466,3.0,False,True,59254.00001157408,59289.00001157408,weekly,10.0,sigma,computed,/home/lkoo/projects/AutomationDetection/DownloadedLC/incremental/quiescent_background_cache.csv,,,,,,False,not_in_flare_streak
4FGL J1740.5+5211,347,348,59296.00001157408,3.13e-08,1.92e-08,1.59e-07,8.528713438735176e-08,7.579137295081968e-08,1.3674724155193749e-09,7.579137295081968e-08,1.3674724155193749e-09,1.9459499999999998e-07,1.9459499999999998e-07,7.579137295081968e-08,False,False,False,0,False,,,-2.3114039547687573,3.0,False,False,,,weekly,10.0,sigma,computed,/home/lkoo/projects/AutomationDetection/DownloadedLC/incremental/quiescent_background_cache.csv,,,,,,False,not_in_flare_streak
4FGL J1740.5+5211,348,349,59303.00001157408,1.71e-07,3.41e-08,3.13e-08,8.528713438735176e-08,7.579137295081968e-08,1.3674724155193749e-09,7.579137295081968e-08,1.3674724155193749e-09,1.9459499999999998e-07,1.9459499999999998e-07,7.579137295081968e-08,True,True,False,0,False,,,2.789799532543749,3.0,False,False,,,weekly,10.0,sigma,computed,/home/lkoo/projects/AutomationDetection/DownloadedLC/incremental/quiescent_background_cache.csv,,,,,,False,not_in_flare_streak
4FGL J1740.5+5211,349,350,59310.00001157408,1.61e-07,3.38e-08,1.71e-07,8.528713438735176e-08,7.579137295081968e-08,1.3674724155193749e-09,7.579137295081968e-08,1.3674724155193749e-09,1.9459499999999998e-07,1.9459499999999998e-07,7.579137295081968e-08,False,True,False,0,False,,,2.518904630058265,3.0,False,False,,,weekly,10.0,sigma,computed,/home/lkoo/projects/AutomationDetection/DownloadedLC/incremental/quiescent_background_cache.csv,,,,,,False,not_in_flare_streak
4FGL J1740.5+5211,350,351,59317.00001157408,1.07e-07,3.52e-08,1.61e-07,8.528713438735176e-08,7.579137295081968e-08,1.3674724155193749e-09,7.579137295081968e-08,1.3674724155193749e-09,1.9459499999999998e-07,1.9459499999999998e-07,7.579137295081968e-08,False,True,False,0,False,,,0.8859404366506187,3.0,False,False,,,weekly,10.0,sigma,computed,/home/lkoo/projects/AutomationDetection/DownloadedLC/incremental/quiescent_background_cache.csv,,,,,,False,not_in_flare_streak
4FGL J1740.5+5211,351,352,59324.00001157408,5.85e-08,2.56e-08,1.07e-07,8.528713438735176e-08,7.579137295081968e-08,1.3674724155193749e-09,7.579137295081968e-08,1.3674724155193749e-09,1.9459499999999998e-07,1.9459499999999998e-07,7.579137295081968e-08,False,False,False,0,False,,,-0.6744826689684408,3.0,False,False,,,weekly,10.0,sigma,computed,/home/lkoo/projects/AutomationDetection/DownloadedLC/incremental/quiescent_background_cache.csv,,,,,,False,not_in_flare_streak
4FGL J1740.5+5211,352,353,59331.00001157408,4.89e-08,2.09e-08,5.85e-08,8.528713438735176e-08,7.579137295081968e-08,1.3674724155193749e-09,7.579137295081968e-08,1.3674724155193749e-09,1.9459499999999998e-07,1.9459499999999998e-07,7.579137295081968e-08,False,False,False,0,False,,,-1.28392326362713,3.0,False,False,,,weekly,10.0,sigma,computed,/home/lkoo/projects/AutomationDetection/DownloadedLC/incremental/quiescent_background_cache.csv,,,,,,False,not_in_flare_streak
4FGL J1740.5+5211,353,354,59338.00001157408,7.26e-08,2.56e-08,4.89e-08,8.528713438735176e-08,7.579137295081968e-08,1.3674724155193749e-09,7.579137295081968e-08,1.3674724155193749e-09,1.9459499999999998e-07,1.9459499999999998e-07,7.579137295081968e-08,True,False,False,0,False,,,-0.12448553111801944,3.0,False,False,,,weekly,10.0,sigma,computed,/home/lkoo/projects/AutomationDetection/DownloadedLC/incremental/quiescent_background_cache.csv,,,,,,False,not_in_flare_streak
4FGL J1740.5+5211,354,355,59345.00001157408,1.82e-07,4.53e-08,7.26e-08,8.528713438735176e-08,7.579137295081968e-08,1.3674724155193749e-09,7.579137295081968e-08,1.3674724155193749e-09,1.9459499999999998e-07,1.9459499999999998e-07,7.579137295081968e-08,True,True,False,0,False,,,2.343493784422195,3.0,False,False,,,weekly,10.0,sigma,computed,/home/lkoo/projects/AutomationDetection/DownloadedLC/incremental/quiescent_background_cache.csv,,,,,,False,not_in_flare_streak
4FGL J1740.5+5211,355,356,59352.00001157408,9.94e-08,3.42e-08,1.82e-07,8.528713438735176e-08,7.579137295081968e-08,1.3674724155193749e-09,7.579137295081968e-08,1.3674724155193749e-09,1.9459499999999998e-07,1.9459499999999998e-07,7.579137295081968e-08,False,True,False,0,False,,,0.6897595705220234,3.0,False,False,,,weekly,10.0,sigma,computed,/home/lkoo/projects/AutomationDetection/DownloadedLC/incremental/quiescent_background_cache.csv,,,,,,False,not_in_flare_streak
4FGL J1740.5+5211,356,357,59359.00001157408,8.13e-08,3.05e-08,9.94e-08,8.528713438735176e-08,7.579137295081968e-08,1.3674724155193749e-09,7.579137295081968e-08,1.3674724155193749e-09,1.9459499999999998e-07,1.9459499999999998e-07,7.579137295081968e-08,False,True,False,0,False,,,0.18042946506452556,3.0,False,False,,,weekly,10.0,sigma,computed,/home/lkoo/projects/AutomationDetection/DownloadedLC/incremental/quiescent_background_cache.csv,,,,,,False,not_in_flare_streak
4FGL J1740.5+5211,357,358,59366.00001157408,1.01e-07,2.59e-08,8.13e-08,8.528713438735176e-08,7.579137295081968e-08,1.3674724155193749e-09,7.579137295081968e-08,1.3674724155193749e-09,1.9459499999999998e-07,1.9459499999999998e-07,7.579137295081968e-08,True,True,False,0,False,,,0.9719522770535043,3.0,False,False,,,weekly,10.0,sigma,computed,/home/lkoo/projects/AutomationDetection/DownloadedLC/incremental/quiescent_background_cache.csv,,,,,,False,not_in_flare_streak
4FGL J1740.5+5211,358,359,59373.00001157408,9.13e-08,2.53e-08,1.01e-07,8.528713438735176e-08,7.579137295081968e-08,1.3674724155193749e-09,7.579137295081968e-08,1.3674724155193749e-09,1.9459499999999998e-07,1.9459499999999998e-07,7.579137295081968e-08,False,True,False,0,False,,,0.6120957647449032,3.0,False,False,,,weekly,10.0,sigma,computed,/home/lkoo/projects/AutomationDetection/DownloadedLC/incremental/quiescent_background_cache.csv,,,,,,False,not_in_flare_streak
4FGL J1740.5+5211,359,360,59380.00001157408,7.18e-08,2.18e-08,9.13e-08,8.528713438735176e-08,7.579137295081968e-08,1.3674724155193749e-09,7.579137295081968e-08,1.3674724155193749e-09,1.9459499999999998e-07,1.9459499999999998e-07,7.579137295081968e-08,False,False,False,0,False,,,-0.18273134838942343,3.0,False,False,,,weekly,10.0,sigma,computed,/home/lkoo/projects/AutomationDetection/DownloadedLC/incremental/quiescent_background_cache.csv,,,,,,False,not_in_flare_streak
4FGL J1740.5+5211,360,361,59387.00001157408,8.45e-08,2.76e-08,7.18e-08,8.528713438735176e-08,7.579137295081968e-08,1.3674724155193749e-09,7.579137295081968e-08,1.3674724155193749e-09,1.9459499999999998e-07,1.9459499999999998e-07,7.579137295081968e-08,True,True,False,0,False,,,0.3151433930884766,3.0,False,False,,,weekly,10.0,sigma,computed,/home/lkoo/projects/AutomationDetection/DownloadedLC/incremental/quiescent_background_cache.csv,,,,,,False,not_in_flare_streak
4FGL J1740.5+5211,361,362,59394.00001157408,8.03e-08,3.06e-08,8.45e-08,8.528713438735176e-08,7.579137295081968e-08,1.3674724155193749e-09,7.579137295081968e-08,1.3674724155193749e-09,1.9459499999999998e-07,1.9459499999999998e-07,7.579137295081968e-08,False,True,False,0,False,,,0.14719384799949822,3.0,False,False,,,weekly,10.0,sigma,computed,/home/lkoo/projects/AutomationDetection/DownloadedLC/incremental/quiescent_background_cache.csv,,,,,,False,not_in_flare_streak
4FGL J1740.5+5211,362,363,59401.00001157408,1.96e-07,4e-08,8.03e-08,8.528713438735176e-08,7.579137295081968e-08,1.3674724155193749e-09,7.579137295081968e-08,1.3674724155193749e-09,1.9459499999999998e-07,1.9459499999999998e-07,7.579137295081968e-08,True,True,False,0,False,,,3.003461059209227,3.0,True,True,59401.00001157408,59401.00001157408,weekly,10.0,sigma,computed,/home/lkoo/projects/AutomationDetection/DownloadedLC/incremental/quiescent_background_cache.csv,,,,,,False,not_in_flare_streak
4FGL J1740.5+5211,363,364,59408.00001157408,1.25e-07,2.77e-08,1.96e-07,8.528713438735176e-08,7.579137295081968e-08,1.3674724155193749e-09,7.579137295081968e-08,1.3674724155193749e-09,1.9459499999999998e-07,1.9459499999999998e-07,7.579137295081968e-08,False,True,False,0,False,,,1.774323923124093,3.0,False,True,59401.00001157408,59408.00001157408,weekly,10.0,sigma,computed,/home/lkoo/projects/AutomationDetection/DownloadedLC/incremental/quiescent_background_cache.csv,,,,,,False,not_in_flare_streak
4FGL J1740.5+5211,364,365,59415.00001157408,7.96e-08,2e-08,1.25e-07,8.528713438735176e-08,7.579137295081968e-08,1.3674724155193749e-09,7.579137295081968e-08,1.3674724155193749e-09,1.9459499999999998e-07,1.9459499999999998e-07,7.579137295081968e-08,False,True,False,0,False,,,0.18998777840236653,3.0,False,True,59401.00001157408,59415.00001157408,weekly,10.0,sigma,computed,/home/lkoo/projects/AutomationDetection/DownloadedLC/incremental/quiescent_background_cache.csv,,,,,,False,not_in_flare_streak
4FGL J1740.5+5211,365,366,59422.00001157408,9.55e-08,2.51e-08,7.96e-08,8.528713438735176e-08,7.579137295081968e-08,1.3674724155193749e-09,7.579137295081968e-08,1.3674724155193749e-09,1.9459499999999998e-07,1.9459499999999998e-07,7.579137295081968e-08,True,True,False,0,False,,,0.7840415402671171,3.0,False,True,59401.00001157408,59422.00001157408,weekly,10.0,sigma,computed,/home/lkoo/projects/AutomationDetection/DownloadedLC/incremental/quiescent_background_cache.csv,,,,,,False,not_in_flare_streak
4FGL J1740.5+5211,366,367,59429.00001157408,9.4e-08,3.4e-08,9.55e-08,8.528713438735176e-08,7.579137295081968e-08,1.3674724155193749e-09,7.579137295081968e-08,1.3674724155193749e-09,1.9459499999999998e-07,1.9459499999999998e-07,7.579137295081968e-08,False,True,False,0,False,,,0.5351152199389858,3.0,False,True,59401.00001157408,59429.00001157408,weekly,10.0,sigma,computed,/home/lkoo/projects/AutomationDetection/DownloadedLC/incremental/quiescent_background_cache.csv,,,,,,False,not_in_flare_streak
4FGL J1740.5+5211,367,368,59436.00001157408,6.47e-08,2.87e-08,9.4e-08,8.528713438735176e-08,7.579137295081968e-08,1.3674724155193749e-09,7.579137295081968e-08,1.3674724155193749e-09,1.9459499999999998e-07,1.9459499999999998e-07,7.579137295081968e-08,False,False,False,0,False,,,-0.38602105442914625,3.0,False,False,,,weekly,10.0,sigma,computed,/home/lkoo/projects/AutomationDetection/DownloadedLC/incremental/quiescent_background_cache.csv,,,,,,False,not_in_flare_streak
4FGL J1740.5+5211,368,369,59450.00001157408,8.26e-08,3.76e-08,6.47e-08,8.528713438735176e-08,7.579137295081968e-08,1.3674724155193749e-09,7.579137295081968e-08,1.3674724155193749e-09,1.9459499999999998e-07,1.9459499999999998e-07,7.579137295081968e-08,True,True,False,0,False,,,0.18096086767671127,3.0,False,False,,,weekly,10.0,sigma,computed,/home/lkoo/projects/AutomationDetection/DownloadedLC/incremental/quiescent_background_cache.csv,,,,,,False,not_in_flare_streak
4FGL J1740.5+5211,369,370,59457.00001157408,5.63e-08,2.78e-08,8.26e-08,8.528713438735176e-08,7.579137295081968e-08,1.3674724155193749e-09,7.579137295081968e-08,1.3674724155193749e-09,1.9459499999999998e-07,1.9459499999999998e-07,7.579137295081968e-08,False,False,False,0,False,,,-0.7002818265523432,3.0,False,False,,,weekly,10.0,sigma,computed,/home/lkoo/projects/AutomationDetection/DownloadedLC/incremental/quiescent_background_cache.csv,,,,,,False,not_in_flare_streak
4FGL J1740.5+5211,370,371,59464.00001157408,6.48e-08,2.16e-08,5.63e-08,8.528713438735176e-08,7.579137295081968e-08,1.3674724155193749e-09,7.579137295081968e-08,1.3674724155193749e-09,1.9459499999999998e-07,1.9459499999999998e-07,7.579137295081968e-08,True,False,False,0,False,,,-0.5078431543446129,3.0,False,False,,,weekly,10.0,sigma,computed,/home/lkoo/projects/AutomationDetection/DownloadedLC/incremental/quiescent_background_cache.csv,,,,,,False,not_in_flare_streak
4FGL J1740.5+5211,371,372,59471.00001157408,9.92e-08,3.61e-08,6.48e-08,8.528713438735176e-08,7.579137295081968e-08,1.3674724155193749e-09,7.579137295081968e-08,1.3674724155193749e-09,1.9459499999999998e-07,1.9459499999999998e-07,7.579137295081968e-08,True,True,False,0,False,,,0.6479736991451425,3.0,False,False,,,weekly,10.0,sigma,computed,/home/lkoo/projects/AutomationDetection/DownloadedLC/incremental/quiescent_background_cache.csv,,,,,,False,not_in_flare_streak
4FGL J1740.5+5211,372,373,59478.00001157408,6.97e-08,3.8e-08,9.92e-08,8.528713438735176e-08,7.579137295081968e-08,1.3674724155193749e-09,7.579137295081968e-08,1.3674724155193749e-09,1.9459499999999998e-07,1.9459499999999998e-07,7.579137295081968e-08,False,False,False,0,False,,,-0.16019559504670203,3.0,False,False,,,weekly,10.0,sigma,computed,/home/lkoo/projects/AutomationDetection/DownloadedLC/incremental/quiescent_background_cache.csv,,,,,,False,not_in_flare_streak
4FGL J1740.5+5211,373,374,59485.00001157408,7.77e-08,2.8e-08,6.97e-08,8.528713438735176e-08,7.579137295081968e-08,1.3674724155193749e-09,7.579137295081968e-08,1.3674724155193749e-09,1.9459499999999998e-07,1.9459499999999998e-07,7.579137295081968e-08,True,True,False,0,False,,,0.06808410370812884,3.0,False,False,,,weekly,10.0,sigma,computed,/home/lkoo/projects/AutomationDetection/DownloadedLC/incremental/quiescent_background_cache.csv,,,,,,False,not_in_flare_streak
4FGL J1740.5+5211,374,375,59492.00001157408,1.77e-08,1.71e-08,7.77e-08,8.528713438735176e-08,7.579137295081968e-08,1.3674724155193749e-09,7.579137295081968e-08,1.3674724155193749e-09,1.9459499999999998e-07,1.9459499999999998e-07,7.579137295081968e-08,False,False,False,0,False,,,-3.386345619828298,3.0,False,False,,,weekly,10.0,sigma,computed,/home/lkoo/projects/AutomationDetection/DownloadedLC/incremental/quiescent_background_cache.csv,,,,,,False,not_in_flare_streak
4FGL J1740.5+5211,375,376,59499.00001157408,3.31e-08,2.61e-08,1.77e-08,8.528713438735176e-08,7.579137295081968e-08,1.3674724155193749e-09,7.579137295081968e-08,1.3674724155193749e-09,1.9459499999999998e-07,1.9459499999999998e-07,7.579137295081968e-08,True,False,False,0,False,,,-1.6334443503468157,3.0,False,False,,,weekly,10.0,sigma,computed,/home/lkoo/projects/AutomationDetection/DownloadedLC/incremental/quiescent_background_cache.csv,,,,,,False,not_in_flare_streak
4FGL J1740.5+5211,376,377,59513.00001157408,1.07e-07,3.16e-08,3.31e-08,8.528713438735176e-08,7.579137295081968e-08,1.3674724155193749e-09,7.579137295081968e-08,1.3674724155193749e-09,1.9459499999999998e-07,1.9459499999999998e-07,7.579137295081968e-08,True,True,False,0,False,,,0.986691334851151,3.0,False,False,,,weekly,10.0,sigma,computed,/home/lkoo/projects/AutomationDetection/DownloadedLC/incremental/quiescent_background_cache.csv,,,,,,False,not_in_flare_streak
4FGL J1740.5+5211,377,378,59520.00001157408,1.27e-07,3.3e-08,1.07e-07,8.528713438735176e-08,7.579137295081968e-08,1.3674724155193749e-09,7.579137295081968e-08,1.3674724155193749e-09,1.9459499999999998e-07,1.9459499999999998e-07,7.579137295081968e-08,True,True,False,0,False,,,1.5504459708945222,3.0,False,False,,,weekly,10.0,sigma,computed,/home/lkoo/projects/AutomationDetection/DownloadedLC/incremental/quiescent_background_cache.csv,,,,,,False,not_in_flare_streak
4FGL J1740.5+5211,378,379,59527.00001157408,1.75e-07,2.95e-08,1.27e-07,8.528713438735176e-08,7.579137295081968e-08,1.3674724155193749e-09,7.579137295081968e-08,1.3674724155193749e-09,1.9459499999999998e-07,1.9459499999999998e-07,7.579137295081968e-08,True,True,False,0,False,,,3.359396931437758,3.0,True,True,59527.00001157408,59527.00001157408,weekly,10.0,sigma,computed,/home/lkoo/projects/AutomationDetection/DownloadedLC/incremental/quiescent_background_cache.csv,,,,,,False,not_in_flare_streak
4FGL J1740.5+5211,379,380,59534.00001157408,1.42e-07,2.42e-08,1.75e-07,8.528713438735176e-08,7.579137295081968e-08,1.3674724155193749e-09,7.579137295081968e-08,1.3674724155193749e-09,1.9459499999999998e-07,1.9459499999999998e-07,7.579137295081968e-08,False,True,False,0,False,,,2.731536182565776,3.0,False,True,59527.00001157408,59534.00001157408,weekly,10.0,sigma,computed,/home/lkoo/projects/AutomationDetection/DownloadedLC/incremental/quiescent_background_cache.csv,,,,,,False,not_in_flare_streak
4FGL J1740.5+5211,380,381,59541.00001157408,1.28e-07,2.78e-08,1.42e-07,8.528713438735176e-08,7.579137295081968e-08,1.3674724155193749e-09,7.579137295081968e-08,1.3674724155193749e-09,1.9459499999999998e-07,1.9459499999999998e-07,7.579137295081968e-08,False,True,False,0,False,,,1.8757402469307622,3.0,False,True,59527.00001157408,59541.00001157408,weekly,10.0,sigma,computed,/home/lkoo/projects/AutomationDetection/DownloadedLC/incremental/quiescent_background_cache.csv,,,,,,False,not_in_flare_streak
4FGL J1740.5+5211,381,382,59548.00001157408,1.63e-07,3.65e-08,1.28e-07,8.528713438735176e-08,7.579137295081968e-08,1.3674724155193749e-09,7.579137295081968e-08,1.3674724155193749e-09,1.9459499999999998e-07,1.9459499999999998e-07,7.579137295081968e-08,True,True,False,0,False,,,2.387602390528487,3.0,False,True,59527.00001157408,59548.00001157408,weekly,10.0,sigma,computed,/home/lkoo/projects/AutomationDetection/DownloadedLC/incremental/quiescent_background_cache.csv,,,,,,False,not_in_flare_streak
4FGL J1740.5+5211,382,383,59555.00001157408,1.3e-07,3.86e-08,1.63e-07,8.528713438735176e-08,7.579137295081968e-08,1.3674724155193749e-09,7.579137295081968e-08,1.3674724155193749e-09,1.9459499999999998e-07,1.9459499999999998e-07,7.579137295081968e-08,False,True,False,0,False,,,1.4034881256186655,3.0,False,True,59527.00001157408,59555.00001157408,weekly,10.0,sigma,computed,/home/lkoo/projects/AutomationDetection/DownloadedLC/incremental/quiescent_background_cache.csv,,,,,,False,not_in_flare_streak
4FGL J1740.5+5211,383,384,59562.00001157408,9.17e-08,2.81e-08,1.3e-07,8.528713438735176e-08,7.579137295081968e-08,1.3674724155193749e-09,7.579137295081968e-08,1.3674724155193749e-09,1.9459499999999998e-07,1.9459499999999998e-07,7.579137295081968e-08,False,True,False,0,False,,,0.5654741199643842,3.0,False,True,59527.00001157408,59562.00001157408,weekly,10.0,sigma,computed,/home/lkoo/projects/AutomationDetection/DownloadedLC/incremental/quiescent_background_cache.csv,,,,,,False,not_in_flare_streak
4FGL J1740.5+5211,384,385,59569.00001157408,1.44e-07,3.26e-08,9.17e-08,8.528713438735176e-08,7.579137295081968e-08,1.3674724155193749e-09,7.579137295081968e-08,1.3674724155193749e-09,1.9459499999999998e-07,1.9459499999999998e-07,7.579137295081968e-08,True,True,False,0,False,,,2.0904508537615785,3.0,False,True,59527.00001157408,59569.00001157408,weekly,10.0,sigma,computed,/home/lkoo/projects/AutomationDetection/DownloadedLC/incremental/quiescent_background_cache.csv,,,,,,False,not_in_flare_streak
4FGL J1740.5+5211,385,386,59583.00001157408,4.85e-08,2.36e-08,1.44e-07,8.528713438735176e-08,7.579137295081968e-08,1.3674724155193749e-09,7.579137295081968e-08,1.3674724155193749e-09,1.9459499999999998e-07,1.9459499999999998e-07,7.579137295081968e-08,False,False,False,0,False,,,-1.1544776655771463,3.0,False,False,,,weekly,10.0,sigma,computed,/home/lkoo/projects/AutomationDetection/DownloadedLC/incremental/quiescent_background_cache.csv,,,,,,False,not_in_flare_streak
4FGL J1740.5+5211,386,387,59590.00001157408,8.55e-08,2.55e-08,4.85e-08,8.528713438735176e-08,7.579137295081968e-08,1.3674724155193749e-09,7.579137295081968e-08,1.3674724155193749e-09,1.9459499999999998e-07,1.9459499999999998e-07,7.579137295081968e-08,True,True,False,0,False,,,0.380184200494031,3.0,False,False,,,weekly,10.0,sigma,computed,/home/lkoo/projects/AutomationDetection/DownloadedLC/incremental/quiescent_background_cache.csv,,,,,,False,not_in_flare_streak
4FGL J1740.5+5211,387,388,59597.00001157408,9.34e-08,3.14e-08,8.55e-08,8.528713438735176e-08,7.579137295081968e-08,1.3674724155193749e-09,7.579137295081968e-08,1.3674724155193749e-09,1.9459499999999998e-07,1.9459499999999998e-07,7.579137295081968e-08,True,True,False,0,False,,,0.5602532618579402,3.0,False,False,,,weekly,10.0,sigma,computed,/home/lkoo/projects/AutomationDetection/DownloadedLC/incremental/quiescent_background_cache.csv,,,,,,False,not_in_flare_streak
4FGL J1740.5+5211,388,389,59604.00001157408,1.29e-07,3.65e-08,9.34e-08,8.528713438735176e-08,7.579137295081968e-08,1.3674724155193749e-09,7.579137295081968e-08,1.3674724155193749e-09,1.9459499999999998e-07,1.9459499999999998e-07,7.579137295081968e-08,True,True,False,0,False,,,1.4567485974491758,3.0,False,False,,,weekly,10.0,sigma,computed,/home/lkoo/projects/AutomationDetection/DownloadedLC/incremental/quiescent_background_cache.csv,,,,,,False,not_in_flare_streak
4FGL J1740.5+5211,389,390,59611.00001157408,2.87e-08,1.67e-08,1.29e-07,8.528713438735176e-08,7.579137295081968e-08,1.3674724155193749e-09,7.579137295081968e-08,1.3674724155193749e-09,1.9459499999999998e-07,1.9459499999999998e-07,7.579137295081968e-08,False,False,False,0,False,,,-2.8104363274625475,3.0,False,False,,,weekly,10.0,sigma,computed,/home/lkoo/projects/AutomationDetection/DownloadedLC/incremental/quiescent_background_cache.csv,,,,,,False,not_in_flare_streak
4FGL J1740.5+5211,390,391,59618.00001157408,2.93e-08,2.54e-08,2.87e-08,8.528713438735176e-08,7.579137295081968e-08,1.3674724155193749e-09,7.579137295081968e-08,1.3674724155193749e-09,1.9459499999999998e-07,1.9459499999999998e-07,7.579137295081968e-08,True,False,False,0,False,,,-1.8277221260067997,3.0,False,False,,,weekly,10.0,sigma,computed,/home/lkoo/projects/AutomationDetection/DownloadedLC/incremental/quiescent_background_cache.csv,,,,,,False,not_in_flare_streak
4FGL J1740.5+5211,391,392,59625.00001157408,1.4e-07,2.82e-08,2.93e-08,8.528713438735176e-08,7.579137295081968e-08,1.3674724155193749e-09,7.579137295081968e-08,1.3674724155193749e-09,1.9459499999999998e-07,1.9459499999999998e-07,7.579137295081968e-08,True,True,False,0,False,,,2.274229350549205,3.0,False,False,,,weekly,10.0,sigma,computed,/home/lkoo/projects/AutomationDetection/DownloadedLC/incremental/quiescent_background_cache.csv,,,,,,False,not_in_flare_streak
4FGL J1740.5+5211,392,393,59632.00001157408,4.72e-08,1.95e-08,1.4e-07,8.528713438735176e-08,7.579137295081968e-08,1.3674724155193749e-09,7.579137295081968e-08,1.3674724155193749e-09,1.9459499999999998e-07,1.9459499999999998e-07,7.579137295081968e-08,False,False,False,0,False,,,-1.4626322226081376,3.0,False,False,,,weekly,10.0,sigma,computed,/home/lkoo/projects/AutomationDetection/DownloadedLC/incremental/quiescent_background_cache.csv,,,,,,False,not_in_flare_streak
4FGL J1740.5+5211,393,394,59639.00001157408,1.09e-07,3.44e-08,4.72e-08,8.528713438735176e-08,7.579137295081968e-08,1.3674724155193749e-09,7.579137295081968e-08,1.3674724155193749e-09,1.9459499999999998e-07,1.9459499999999998e-07,7.579137295081968e-08,True,True,False,0,False,,,0.9646052172543914,3.0,False,False,,,weekly,10.0,sigma,computed,/home/lkoo/projects/AutomationDetection/DownloadedLC/incremental/quiescent_background_cache.csv,,,,,,False,not_in_flare_streak
4FGL J1740.5+5211,394,395,59646.00001157408,1.02e-07,3.86e-08,1.09e-07,8.528713438735176e-08,7.579137295081968e-08,1.3674724155193749e-09,7.579137295081968e-08,1.3674724155193749e-09,1.9459499999999998e-07,1.9459499999999998e-07,7.579137295081968e-08,False,True,False,0,False,,,0.6785542976198462,3.0,False,False,,,weekly,10.0,sigma,computed,/home/lkoo/projects/AutomationDetection/DownloadedLC/incremental/quiescent_background_cache.csv,,,,,,False,not_in_flare_streak
4FGL J1740.5+5211,395,396,59653.00001157408,7.08e-08,2.78e-08,1.02e-07,8.528713438735176e-08,7.579137295081968e-08,1.3674724155193749e-09,7.579137295081968e-08,1.3674724155193749e-09,1.9459499999999998e-07,1.9459499999999998e-07,7.579137295081968e-08,False,False,False,0,False,,,-0.1793289665034587,3.0,False,False,,,weekly,10.0,sigma,computed,/home/lkoo/projects/AutomationDetection/DownloadedLC/incremental/quiescent_background_cache.csv,,,,,,False,not_in_flare_streak
4FGL J1740.5+5211,396,397,59674.00001157408,6.43e-08,3.26e-08,7.08e-08,8.528713438735176e-08,7.579137295081968e-08,1.3674724155193749e-09,7.579137295081968e-08,1.3674724155193749e-09,1.9459499999999998e-07,1.9459499999999998e-07,7.579137295081968e-08,False,False,False,0,False,,,-0.35218639393830725,3.0,False,False,,,weekly,10.0,sigma,computed,/home/lkoo/projects/AutomationDetection/DownloadedLC/incremental/quiescent_background_cache.csv,,,,,,False,not_in_flare_streak
4FGL J1740.5+5211,397,398,59681.00001157408,6.58e-09,5.94e-09,6.43e-08,8.528713438735176e-08,7.579137295081968e-08,1.3674724155193749e-09,7.579137295081968e-08,1.3674724155193749e-09,1.9459499999999998e-07,1.9459499999999998e-07,7.579137295081968e-08,False,False,False,0,False,,,-11.354738218004163,3.0,False,False,,,weekly,10.0,sigma,computed,/home/lkoo/projects/AutomationDetection/DownloadedLC/incremental/quiescent_background_cache.csv,,,,,,False,not_in_flare_streak
4FGL J1740.5+5211,398,399,59688.00001157408,5.69e-08,3.44e-08,6.58e-09,8.528713438735176e-08,7.579137295081968e-08,1.3674724155193749e-09,7.579137295081968e-08,1.3674724155193749e-09,1.9459499999999998e-07,1.9459499999999998e-07,7.579137295081968e-08,True,False,False,0,False,,,-0.5487344262222046,3.0,False,False,,,weekly,10.0,sigma,computed,/home/lkoo/projects/AutomationDetection/DownloadedLC/incremental/quiescent_background_cache.csv,,,,,,False,not_in_flare_streak
4FGL J1740.5+5211,399,400,59702.00001157408,4.06e-08,1.9e-08,5.69e-08,8.528713438735176e-08,7.579137295081968e-08,1.3674724155193749e-09,7.579137295081968e-08,1.3674724155193749e-09,1.9459499999999998e-07,1.9459499999999998e-07,7.579137295081968e-08,False,False,False,0,False,,,-1.8473989386879035,3.0,False,False,,,weekly,10.0,sigma,computed,/home/lkoo/projects/AutomationDetection/DownloadedLC/incremental/quiescent_background_cache.csv,,,,,,False,not_in_flare_streak
4FGL J1740.5+5211,400,401,59709.00001157408,4.43e-08,2.75e-08,4.06e-08,8.528713438735176e-08,7.579137295081968e-08,1.3674724155193749e-09,7.579137295081968e-08,1.3674724155193749e-09,1.9459499999999998e-07,1.9459499999999998e-07,7.579137295081968e-08,True,False,False,0,False,,,-1.1437276588524337,3.0,False,False,,,weekly,10.0,sigma,computed,/home/lkoo/projects/AutomationDetection/DownloadedLC/incremental/quiescent_background_cache.csv,,,,,,False,not_in_flare_streak
4FGL J1740.5+5211,401,402,59723.00001157408,3.33e-08,2.07e-08,4.43e-08,8.528713438735176e-08,7.579137295081968e-08,1.3674724155193749e-09,7.579137295081968e-08,1.3674724155193749e-09,1.9459499999999998e-07,1.9459499999999998e-07,7.579137295081968e-08,False,False,False,0,False,,,-2.0482587753949564,3.0,False,False,,,weekly,10.0,sigma,computed,/home/lkoo/projects/AutomationDetection/DownloadedLC/incremental/quiescent_background_cache.csv,,,,,,False,not_in_flare_streak
4FGL J1740.5+5211,402,403,59730.00001157408,1.79e-08,1.57e-08,3.33e-08,8.528713438735176e-08,7.579137295081968e-08,1.3674724155193749e-09,7.579137295081968e-08,1.3674724155193749e-09,1.9459499999999998e-07,1.9459499999999998e-07,7.579137295081968e-08,False,False,False,0,False,,,-3.6734407603959998,3.0,False,False,,,weekly,10.0,sigma,computed,/home/lkoo/projects/AutomationDetection/DownloadedLC/incremental/quiescent_background_cache.csv,,,,,,False,not_in_flare_streak
4FGL J1740.5+5211,403,404,59737.00001157408,2.03e-08,1.48e-08,1.79e-08,8.528713438735176e-08,7.579137295081968e-08,1.3674724155193749e-09,7.579137295081968e-08,1.3674724155193749e-09,1.9459499999999998e-07,1.9459499999999998e-07,7.579137295081968e-08,True,False,False,0,False,,,-3.7335141459299037,3.0,False,False,,,weekly,10.0,sigma,computed,/home/lkoo/projects/AutomationDetection/DownloadedLC/incremental/quiescent_background_cache.csv,,,,,,False,not_in_flare_streak
4FGL J1740.5+5211,404,405,59744.00001157408,2.82e-08,1.77e-08,2.03e-08,8.528713438735176e-08,7.579137295081968e-08,1.3674724155193749e-09,7.579137295081968e-08,1.3674724155193749e-09,1.9459499999999998e-07,1.9459499999999998e-07,7.579137295081968e-08,True,False,False,0,False,,,-2.6807894218572588,3.0,False,False,,,weekly,10.0,sigma,computed,/home/lkoo/projects/AutomationDetection/DownloadedLC/incremental/quiescent_background_cache.csv,,,,,,False,not_in_flare_streak
4FGL J1740.5+5211,405,406,59758.00001157408,5.19e-08,2.89e-08,2.82e-08,8.528713438735176e-08,7.579137295081968e-08,1.3674724155193749e-09,7.579137295081968e-08,1.3674724155193749e-09,1.9459499999999998e-07,1.9459499999999998e-07,7.579137295081968e-08,True,False,False,0,False,,,-0.8257672029153362,3.0,False,False,,,weekly,10.0,sigma,computed,/home/lkoo/projects/AutomationDetection/DownloadedLC/incremental/quiescent_background_cache.csv,,,,,,False,not_in_flare_streak
4FGL J1740.5+5211,406,407,59765.00001157408,4.48e-08,2.61e-08,5.19e-08,8.528713438735176e-08,7.579137295081968e-08,1.3674724155193749e-09,7.579137295081968e-08,1.3674724155193749e-09,1.9459499999999998e-07,1.9459499999999998e-07,7.579137295081968e-08,False,False,False,0,False,,,-1.185782502575513,3.0,False,False,,,weekly,10.0,sigma,computed,/home/lkoo/projects/AutomationDetection/DownloadedLC/incremental/quiescent_background_cache.csv,,,,,,False,not_in_flare_streak
4FGL J1740.5+5211,407,408,59835.00001157408,4.66e-08,2.82e-08,4.48e-08,8.528713438735176e-08,7.579137295081968e-08,1.3674724155193749e-09,7.579137295081968e-08,1.3674724155193749e-09,1.9459499999999998e-07,1.9459499999999998e-07,7.579137295081968e-08,True,False,False,0,False,,,-1.0339401447835466,3.0,False,False,,,weekly,10.0,sigma,computed,/home/lkoo/projects/AutomationDetection/DownloadedLC/incremental/quiescent_background_cache.csv,,,,,,False,not_in_flare_streak
4FGL J1740.5+5211,408,409,59849.00001157408,5.62e-08,3.09e-08,4.66e-08,8.528713438735176e-08,7.579137295081968e-08,1.3674724155193749e-09,7.579137295081968e-08,1.3674724155193749e-09,1.9459499999999998e-07,1.9459499999999998e-07,7.579137295081968e-08,True,False,False,0,False,,,-0.6334050609130443,3.0,False,False,,,weekly,10.0,sigma,computed,/home/lkoo/projects/AutomationDetection/DownloadedLC/incremental/quiescent_background_cache.csv,,,,,,False,not_in_flare_streak
4FGL J1740.5+5211,409,410,59856.00001157408,1.39e-08,1.09e-08,5.62e-08,8.528713438735176e-08,7.579137295081968e-08,1.3674724155193749e-09,7.579137295081968e-08,1.3674724155193749e-09,1.9459499999999998e-07,1.9459499999999998e-07,7.579137295081968e-08,False,False,False,0,False,,,-5.633943672401761,3.0,False,False,,,weekly,10.0,sigma,computed,/home/lkoo/projects/AutomationDetection/DownloadedLC/incremental/quiescent_background_cache.csv,,,,,,False,not_in_flare_streak
4FGL J1740.5+5211,410,411,59870.00001157408,8.29e-08,3.48e-08,1.39e-08,8.528713438735176e-08,7.579137295081968e-08,1.3674724155193749e-09,7.579137295081968e-08,1.3674724155193749e-09,1.9459499999999998e-07,1.9459499999999998e-07,7.579137295081968e-08,True,True,False,0,False,,,0.20411336610451858,3.0,False,False,,,weekly,10.0,sigma,computed,/home/lkoo/projects/AutomationDetection/DownloadedLC/incremental/quiescent_background_cache.csv,,,,,,False,not_in_flare_streak
4FGL J1740.5+5211,411,412,59912.00001157408,2.72e-08,1.85e-08,8.29e-08,8.528713438735176e-08,7.579137295081968e-08,1.3674724155193749e-09,7.579137295081968e-08,1.3674724155193749e-09,1.9459499999999998e-07,1.9459499999999998e-07,7.579137295081968e-08,False,False,False,0,False,,,-2.61941448780128,3.0,False,False,,,weekly,10.0,sigma,computed,/home/lkoo/projects/AutomationDetection/DownloadedLC/incremental/quiescent_background_cache.csv,,,,,,False,not_in_flare_streak
4FGL J1740.5+5211,412,413,60038.00001157408,4.5e-08,2.9e-08,2.72e-08,8.528713438735176e-08,7.579137295081968e-08,1.3674724155193749e-09,7.579137295081968e-08,1.3674724155193749e-09,1.9459499999999998e-07,1.9459499999999998e-07,7.579137295081968e-08,True,False,False,0,False,,,-1.0605930105946666,3.0,False,False,,,weekly,10.0,sigma,computed,/home/lkoo/projects/AutomationDetection/DownloadedLC/incremental/quiescent_background_cache.csv,,,,,,False,not_in_flare_streak
4FGL J1740.5+5211,413,414,60045.00001157408,2.82e-08,1.62e-08,4.5e-08,8.528713438735176e-08,7.579137295081968e-08,1.3674724155193749e-09,7.579137295081968e-08,1.3674724155193749e-09,1.9459499999999998e-07,1.9459499999999998e-07,7.579137295081968e-08,False,False,False,0,False,,,-2.92732844110387,3.0,False,False,,,weekly,10.0,sigma,computed,/home/lkoo/projects/AutomationDetection/DownloadedLC/incremental/quiescent_background_cache.csv,,,,,,False,not_in_flare_streak
4FGL J1740.5+5211,414,415,60052.00001157408,7.3e-08,3.37e-08,2.82e-08,8.528713438735176e-08,7.579137295081968e-08,1.3674724155193749e-09,7.579137295081968e-08,1.3674724155193749e-09,1.9459499999999998e-07,1.9459499999999998e-07,7.579137295081968e-08,True,False,False,0,False,,,-0.08276194968789191,3.0,False,False,,,weekly,10.0,sigma,computed,/home/lkoo/projects/AutomationDetection/DownloadedLC/incremental/quiescent_background_cache.csv,,,,,,False,not_in_flare_streak
4FGL J1740.5+5211,415,416,60080.00001157408,7.6e-08,3.48e-08,7.3e-08,8.528713438735176e-08,7.579137295081968e-08,1.3674724155193749e-09,7.579137295081968e-08,1.3674724155193749e-09,1.9459499999999998e-07,1.9459499999999998e-07,7.579137295081968e-08,True,True,False,0,False,,,0.005990407004621282,3.0,False,False,,,weekly,10.0,sigma,computed,/home/lkoo/projects/AutomationDetection/DownloadedLC/incremental/quiescent_background_cache.csv,,,,,,False,not_in_flare_streak
4FGL J1740.5+5211,416,417,60101.00001157408,2.48e-08,1.65e-08,7.6e-08,8.528713438735176e-08,7.579137295081968e-08,1.3674724155193749e-09,7.579137295081968e-08,1.3674724155193749e-09,1.9459499999999998e-07,1.9459499999999998e-07,7.579137295081968e-08,False,False,False,0,False,,,-3.0798272638207,3.0,False,False,,,weekly,10.0,sigma,computed,/home/lkoo/projects/AutomationDetection/DownloadedLC/incremental/quiescent_background_cache.csv,,,,,,False,not_in_flare_streak
4FGL J1740.5+5211,417,418,60122.00001157408,5.53e-08,2.78e-08,2.48e-08,8.528713438735176e-08,7.579137295081968e-08,1.3674724155193749e-09,7.579137295081968e-08,1.3674724155193749e-09,1.9459499999999998e-07,1.9459499999999998e-07,7.579137295081968e-08,True,False,False,0,False,,,-0.7362096100039904,3.0,False,False,,,weekly,10.0,sigma,computed,/home/lkoo/projects/AutomationDetection/DownloadedLC/incremental/quiescent_background_cache.csv,,,,,,False,not_in_flare_streak
4FGL J1740.5+5211,418,419,60136.00001157408,7.04e-08,5.8e-08,5.53e-08,8.528713438735176e-08,7.579137295081968e-08,1.3674724155193749e-09,7.579137295081968e-08,1.3674724155193749e-09,1.9459499999999998e-07,1.9459499999999998e-07,7.579137295081968e-08,True,False,False,0,False,,,-0.09292888097711949,3.0,False,False,,,weekly,10.0,sigma,computed,/home/lkoo/projects/AutomationDetection/DownloadedLC/incremental/quiescent_background_cache.csv,,,,,,False,not_in_flare_streak
4FGL J1740.5+5211,419,420,60143.00001157408,1.63e-07,3.93e-08,7.04e-08,8.528713438735176e-08,7.579137295081968e-08,1.3674724155193749e-09,7.579137295081968e-08,1.3674724155193749e-09,1.9459499999999998e-07,1.9459499999999998e-07,7.579137295081968e-08,True,True,False,0,False,,,2.217706903644393,3.0,False,False,,,weekly,10.0,sigma,computed,/home/lkoo/projects/AutomationDetection/DownloadedLC/incremental/quiescent_background_cache.csv,,,,,,False,not_in_flare_streak
4FGL J1740.5+5211,420,421,60150.00001157408,7.38e-08,2.49e-08,1.63e-07,8.528713438735176e-08,7.579137295081968e-08,1.3674724155193749e-09,7.579137295081968e-08,1.3674724155193749e-09,1.9459499999999998e-07,1.9459499999999998e-07,7.579137295081968e-08,False,False,False,0,False,,,-0.07985448542776943,3.0,False,False,,,weekly,10.0,sigma,computed,/home/lkoo/projects/AutomationDetection/DownloadedLC/incremental/quiescent_background_cache.csv,,,,,,False,not_in_flare_streak
4FGL J1740.5+5211,421,422,60157.00001157408,1.78e-08,1.43e-08,7.38e-08,8.528713438735176e-08,7.579137295081968e-08,1.3674724155193749e-09,7.579137295081968e-08,1.3674724155193749e-09,1.9459499999999998e-07,1.9459499999999998e-07,7.579137295081968e-08,False,False,False,0,False,,,-4.036924725589127,3.0,False,False,,,weekly,10.0,sigma,computed,/home/lkoo/projects/AutomationDetection/DownloadedLC/incremental/quiescent_background_cache.csv,,,,,,False,not_in_flare_streak
4FGL J1740.5+5211,422,423,60164.00001157408,8.28e-09,7.27e-09,1.78e-08,8.528713438735176e-08,7.579137295081968e-08,1.3674724155193749e-09,7.579137295081968e-08,1.3674724155193749e-09,1.9459499999999998e-07,1.9459499999999998e-07,7.579137295081968e-08,False,False,False,0,False,,,-9.126252156793733,3.0,False,False,,,weekly,10.0,sigma,computed,/home/lkoo/projects/AutomationDetection/DownloadedLC/incremental/quiescent_background_cache.csv,,,,,,False,not_in_flare_streak
4FGL J1740.5+5211,423,424,60171.00001157408,2.1e-08,1.63e-08,8.28e-09,8.528713438735176e-08,7.579137295081968e-08,1.3674724155193749e-09,7.579137295081968e-08,1.3674724155193749e-09,1.9459499999999998e-07,1.9459499999999998e-07,7.579137295081968e-08,True,False,False,0,False,,,-3.3496667705018717,3.0,False,False,,,weekly,10.0,sigma,computed,/home/lkoo/projects/AutomationDetection/DownloadedLC/incremental/quiescent_background_cache.csv,,,,,,False,not_in_flare_streak
4FGL J1740.5+5211,424,425,60178.00001157408,1.15e-07,3.27e-08,2.1e-08,8.528713438735176e-08,7.579137295081968e-08,1.3674724155193749e-09,7.579137295081968e-08,1.3674724155193749e-09,1.9459499999999998e-07,1.9459499999999998e-07,7.579137295081968e-08,True,True,False,0,False,,,1.1979935109829472,3.0,False,False,,,weekly,10.0,sigma,computed,/home/lkoo/projects/AutomationDetection/DownloadedLC/incremental/quiescent_background_cache.csv,,,,,,False,not_in_flare_streak
4FGL J1740.5+5211,425,426,60185.00001157408,1.29e-07,3.77e-08,1.15e-07,8.528713438735176e-08,7.579137295081968e-08,1.3674724155193749e-09,7.579137295081968e-08,1.3674724155193749e-09,1.9459499999999998e-07,1.9459499999999998e-07,7.579137295081968e-08,True,True,False,0,False,,,1.4104418687418891,3.0,False,False,,,weekly,10.0,sigma,computed,/home/lkoo/projects/AutomationDetection/DownloadedLC/incremental/quiescent_background_cache.csv,,,,,,False,not_in_flare_streak
4FGL J1740.5+5211,426,427,60192.00001157408,2.27e-08,1.79e-08,1.29e-07,8.528713438735176e-08,7.579137295081968e-08,1.3674724155193749e-09,7.579137295081968e-08,1.3674724155193749e-09,1.9459499999999998e-07,1.9459499999999998e-07,7.579137295081968e-08,False,False,False,0,False,,,-2.957381091757577,3.0,False,False,,,weekly,10.0,sigma,computed,/home/lkoo/projects/AutomationDetection/DownloadedLC/incremental/quiescent_background_cache.csv,,,,,,False,not_in_flare_streak
4FGL J1740.5+5211,427,428,60199.00001157408,5.12e-08,2.4e-08,2.27e-08,8.528713438735176e-08,7.579137295081968e-08,1.3674724155193749e-09,7.579137295081968e-08,1.3674724155193749e-09,1.9459499999999998e-07,1.9459499999999998e-07,7.579137295081968e-08,True,False,False,0,False,,,-1.0229813335626083,3.0,False,False,,,weekly,10.0,sigma,computed,/home/lkoo/projects/AutomationDetection/DownloadedLC/incremental/quiescent_background_cache.csv,,,,,,False,not_in_flare_streak
4FGL J1740.5+5211,428,429,60206.00001157408,5.3e-08,2.54e-08,5.12e-08,8.528713438735176e-08,7.579137295081968e-08,1.3674724155193749e-09,7.579137295081968e-08,1.3674724155193749e-09,1.9459499999999998e-07,1.9459499999999998e-07,7.579137295081968e-08,True,False,False,0,False,,,-0.8960005691454114,3.0,False,False,,,weekly,10.0,sigma,computed,/home/lkoo/projects/AutomationDetection/DownloadedLC/incremental/quiescent_background_cache.csv,,,,,,False,not_in_flare_streak
4FGL J1740.5+5211,429,430,60213.00001157408,7.21e-08,2.9e-08,5.3e-08,8.528713438735176e-08,7.579137295081968e-08,1.3674724155193749e-09,7.579137295081968e-08,1.3674724155193749e-09,1.9459499999999998e-07,1.9459499999999998e-07,7.579137295081968e-08,True,False,False,0,False,,,-0.12714744345407092,3.0,False,False,,,weekly,10.0,sigma,computed,/home/lkoo/projects/AutomationDetection/DownloadedLC/incremental/quiescent_background_cache.csv,,,,,,False,not_in_flare_streak
4FGL J1740.5+5211,430,431,60220.00001157408,2.17e-08,2.07e-08,7.21e-08,8.528713438735176e-08,7.579137295081968e-08,1.3674724155193749e-09,7.579137295081968e-08,1.3674724155193749e-09,1.9459499999999998e-07,1.9459499999999998e-07,7.579137295081968e-08,False,False,False,0,False,,,-2.6074264403720693,3.0,False,False,,,weekly,10.0,sigma,computed,/home/lkoo/projects/AutomationDetection/DownloadedLC/incremental/quiescent_background_cache.csv,,,,,,False,not_in_flare_streak
4FGL J1740.5+5211,431,432,60234.00001157408,9.04e-08,2.89e-08,2.17e-08,8.528713438735176e-08,7.579137295081968e-08,1.3674724155193749e-09,7.579137295081968e-08,1.3674724155193749e-09,1.9459499999999998e-07,1.9459499999999998e-07,7.579137295081968e-08,True,True,False,0,False,,,0.504923895402214,3.0,False,False,,,weekly,10.0,sigma,computed,/home/lkoo/projects/AutomationDetection/DownloadedLC/incremental/quiescent_background_cache.csv,,,,,,False,not_in_flare_streak
4FGL J1740.5+5211,432,433,60248.00001157408,9.39e-08,3.44e-08,9.04e-08,8.528713438735176e-08,7.579137295081968e-08,1.3674724155193749e-09,7.579137295081968e-08,1.3674724155193749e-09,1.9459499999999998e-07,1.9459499999999998e-07,7.579137295081968e-08,True,True,False,0,False,,,0.525998142081712,3.0,False,False,,,weekly,10.0,sigma,computed,/home/lkoo/projects/AutomationDetection/DownloadedLC/incremental/quiescent_background_cache.csv,,,,,,False,not_in_flare_streak
4FGL J1740.5+5211,433,434,60255.00001157408,1.22e-07,3.26e-08,9.39e-08,8.528713438735176e-08,7.579137295081968e-08,1.3674724155193749e-09,7.579137295081968e-08,1.3674724155193749e-09,1.9459499999999998e-07,1.9459499999999998e-07,7.579137295081968e-08,True,True,False,0,False,,,1.4161971592898412,3.0,False,False,,,weekly,10.0,sigma,computed,/home/lkoo/projects/AutomationDetection/DownloadedLC/incremental/quiescent_background_cache.csv,,,,,,False,not_in_flare_streak
4FGL J1740.5+5211,434,435,60269.00001157408,4.78e-08,1.95e-08,1.22e-07,8.528713438735176e-08,7.579137295081968e-08,1.3674724155193749e-09,7.579137295081968e-08,1.3674724155193749e-09,1.9459499999999998e-07,1.9459499999999998e-07,7.579137295081968e-08,False,False,False,0,False,,,-1.4319383718765055,3.0,False,False,,,weekly,10.0,sigma,computed,/home/lkoo/projects/AutomationDetection/DownloadedLC/incremental/quiescent_background_cache.csv,,,,,,False,not_in_flare_streak
4FGL J1740.5+5211,435,436,60276.00001157408,6.52e-08,2.19e-08,4.78e-08,8.528713438735176e-08,7.579137295081968e-08,1.3674724155193749e-09,7.579137295081968e-08,1.3674724155193749e-09,1.9459499999999998e-07,1.9459499999999998e-07,7.579137295081968e-08,True,False,False,0,False,,,-0.4826842674563446,3.0,False,False,,,weekly,10.0,sigma,computed,/home/lkoo/projects/AutomationDetection/DownloadedLC/incremental/quiescent_background_cache.csv,,,,,,False,not_in_flare_streak
4FGL J1740.5+5211,436,437,60283.00001157408,7.74e-08,2.73e-08,6.52e-08,8.528713438735176e-08,7.579137295081968e-08,1.3674724155193749e-09,7.579137295081968e-08,1.3674724155193749e-09,1.9459499999999998e-07,1.9459499999999998e-07,7.579137295081968e-08,True,True,False,0,False,,,0.05885028440365558,3.0,False,False,,,weekly,10.0,sigma,computed,/home/lkoo/projects/AutomationDetection/DownloadedLC/incremental/quiescent_background_cache.csv,,,,,,False,not_in_flare_streak
4FGL J1740.5+5211,437,438,60297.00001157408,4.56e-08,2.43e-08,7.74e-08,8.528713438735176e-08,7.579137295081968e-08,1.3674724155193749e-09,7.579137295081968e-08,1.3674724155193749e-09,1.9459499999999998e-07,1.9459499999999998e-07,7.579137295081968e-08,False,False,False,0,False,,,-1.2404806888611852,3.0,False,False,,,weekly,10.0,sigma,computed,/home/lkoo/projects/AutomationDetection/DownloadedLC/incremental/quiescent_background_cache.csv,,,,,,False,not_in_flare_streak
4FGL J1740.5+5211,438,439,60304.00001157408,6.08e-08,2.99e-08,4.56e-08,8.528713438735176e-08,7.579137295081968e-08,1.3674724155193749e-09,7.579137295081968e-08,1.3674724155193749e-09,1.9459499999999998e-07,1.9459499999999998e-07,7.579137295081968e-08,True,False,False,0,False,,,-0.5008601653320249,3.0,False,False,,,weekly,10.0,sigma,computed,/home/lkoo/projects/AutomationDetection/DownloadedLC/incremental/quiescent_background_cache.csv,,,,,,False,not_in_flare_streak
4FGL J1740.5+5211,439,440,60311.00001157408,5.54e-08,2.07e-08,6.08e-08,8.528713438735176e-08,7.579137295081968e-08,1.3674724155193749e-09,7.579137295081968e-08,1.3674724155193749e-09,1.9459499999999998e-07,1.9459499999999998e-07,7.579137295081968e-08,False,False,False,0,False,,,-0.9829479653954568,3.0,False,False,,,weekly,10.0,sigma,computed,/home/lkoo/projects/AutomationDetection/DownloadedLC/incremental/quiescent_background_cache.csv,,,,,,False,not_in_flare_streak
4FGL J1740.5+5211,440,441,60318.00001157408,7.87e-08,2.3e-08,5.54e-08,8.528713438735176e-08,7.579137295081968e-08,1.3674724155193749e-09,7.579137295081968e-08,1.3674724155193749e-09,1.9459499999999998e-07,1.9459499999999998e-07,7.579137295081968e-08,True,True,False,0,False,,,0.12623911888783768,3.0,False,False,,,weekly,10.0,sigma,computed,/home/lkoo/projects/AutomationDetection/DownloadedLC/incremental/quiescent_background_cache.csv,,,,,,False,not_in_flare_streak
4FGL J1740.5+5211,441,442,60339.00001157408,2.91e-08,2.41e-08,7.87e-08,8.528713438735176e-08,7.579137295081968e-08,1.3674724155193749e-09,7.579137295081968e-08,1.3674724155193749e-09,1.9459499999999998e-07,1.9459499999999998e-07,7.579137295081968e-08,False,False,False,0,False,,,-1.9342900412347002,3.0,False,False,,,weekly,10.0,sigma,computed,/home/lkoo/projects/AutomationDetection/DownloadedLC/incremental/quiescent_background_cache.csv,,,,,,False,not_in_flare_streak
4FGL J1740.5+5211,442,443,60346.00001157408,5.56e-08,3e-08,2.91e-08,8.528713438735176e-08,7.579137295081968e-08,1.3674724155193749e-09,7.579137295081968e-08,1.3674724155193749e-09,1.9459499999999998e-07,1.9459499999999998e-07,7.579137295081968e-08,True,False,False,0,False,,,-0.672347640148715,3.0,False,False,,,weekly,10.0,sigma,computed,/home/lkoo/projects/AutomationDetection/DownloadedLC/incremental/quiescent_background_cache.csv,,,,,,False,not_in_flare_streak
4FGL J1740.5+5211,443,444,60360.00001157408,7.88e-08,2.57e-08,5.56e-08,8.528713438735176e-08,7.579137295081968e-08,1.3674724155193749e-09,7.579137295081968e-08,1.3674724155193749e-09,1.9459499999999998e-07,1.9459499999999998e-07,7.579137295081968e-08,True,True,False,0,False,,,0.11690183095669163,3.0,False,False,,,weekly,10.0,sigma,computed,/home/lkoo/projects/AutomationDetection/DownloadedLC/incremental/quiescent_background_cache.csv,,,,,,False,not_in_flare_streak
4FGL J1740.5+5211,444,445,60367.00001157408,1.07e-07,3.11e-08,7.88e-08,8.528713438735176e-08,7.579137295081968e-08,1.3674724155193749e-09,7.579137295081968e-08,1.3674724155193749e-09,1.9459499999999998e-07,1.9459499999999998e-07,7.579137295081968e-08,True,True,False,0,False,,,1.0025241709407848,3.0,False,False,,,weekly,10.0,sigma,computed,/home/lkoo/projects/AutomationDetection/DownloadedLC/incremental/quiescent_background_cache.csv,,,,,,False,not_in_flare_streak
4FGL J1740.5+5211,445,446,60374.00001157408,1.28e-07,3.92e-08,1.07e-07,8.528713438735176e-08,7.579137295081968e-08,1.3674724155193749e-09,7.579137295081968e-08,1.3674724155193749e-09,1.9459499999999998e-07,1.9459499999999998e-07,7.579137295081968e-08,True,True,False,0,False,,,1.3310430850472525,3.0,False,False,,,weekly,10.0,sigma,computed,/home/lkoo/projects/AutomationDetection/DownloadedLC/incremental/quiescent_background_cache.csv,,,,,,False,not_in_flare_streak
4FGL J1740.5+5211,446,447,60381.00001157408,8.99e-08,3.05e-08,1.28e-07,8.528713438735176e-08,7.579137295081968e-08,1.3674724155193749e-09,7.579137295081968e-08,1.3674724155193749e-09,1.9459499999999998e-07,1.9459499999999998e-07,7.579137295081968e-08,False,True,False,0,False,,,0.46211370066472174,3.0,False,False,,,weekly,10.0,sigma,computed,/home/lkoo/projects/AutomationDetection/DownloadedLC/incremental/quiescent_background_cache.csv,,,,,,False,not_in_flare_streak
4FGL J1740.5+5211,447,448,60388.00001157408,8.14e-08,2.43e-08,8.99e-08,8.528713438735176e-08,7.579137295081968e-08,1.3674724155193749e-09,7.579137295081968e-08,1.3674724155193749e-09,1.9459499999999998e-07,1.9459499999999998e-07,7.579137295081968e-08,False,True,False,0,False,,,0.23044309898943494,3.0,False,False,,,weekly,10.0,sigma,computed,/home/lkoo/projects/AutomationDetection/DownloadedLC/incremental/quiescent_background_cache.csv,,,,,,False,not_in_flare_streak
4FGL J1740.5+5211,448,449,60395.00001157408,5.9e-08,3.31e-08,8.14e-08,8.528713438735176e-08,7.579137295081968e-08,1.3674724155193749e-09,7.579137295081968e-08,1.3674724155193749e-09,1.9459499999999998e-07,1.9459499999999998e-07,7.579137295081968e-08,False,False,False,0,False,,,-0.5068598658332348,3.0,False,False,,,weekly,10.0,sigma,computed,/home/lkoo/projects/AutomationDetection/DownloadedLC/incremental/quiescent_background_cache.csv,,,,,,False,not_in_flare_streak
4FGL J1740.5+5211,449,450,60409.00001157408,5.21e-08,2.77e-08,5.9e-08,8.528713438735176e-08,7.579137295081968e-08,1.3674724155193749e-09,7.579137295081968e-08,1.3674724155193749e-09,1.9459499999999998e-07,1.9459499999999998e-07,7.579137295081968e-08,False,False,False,0,False,,,-0.8542439063841873,3.0,False,False,,,weekly,10.0,sigma,computed,/home/lkoo/projects/AutomationDetection/DownloadedLC/incremental/quiescent_background_cache.csv,,,,,,False,not_in_flare_streak
4FGL J1740.5+5211,450,451,60416.00001157408,2.82e-08,2e-08,5.21e-08,8.528713438735176e-08,7.579137295081968e-08,1.3674724155193749e-09,7.579137295081968e-08,1.3674724155193749e-09,1.9459499999999998e-07,1.9459499999999998e-07,7.579137295081968e-08,False,False,False,0,False,,,-2.374025889458156,3.0,False,False,,,weekly,10.0,sigma,computed,/home/lkoo/projects/AutomationDetection/DownloadedLC/incremental/quiescent_background_cache.csv,,,,,,False,not_in_flare_streak
4FGL J1740.5+5211,451,452,60430.00001157408,6.09e-08,2.58e-08,2.82e-08,8.528713438735176e-08,7.579137295081968e-08,1.3674724155193749e-09,7.579137295081968e-08,1.3674724155193749e-09,1.9459499999999998e-07,1.9459499999999998e-07,7.579137295081968e-08,True,False,False,0,False,,,-0.5763759601220992,3.0,False,False,,,weekly,10.0,sigma,computed,/home/lkoo/projects/AutomationDetection/DownloadedLC/incremental/quiescent_background_cache.csv,,,,,,False,not_in_flare_streak
4FGL J1740.5+5211,452,453,60437.00001157408,3.37e-08,1.86e-08,6.09e-08,8.528713438735176e-08,7.579137295081968e-08,1.3674724155193749e-09,7.579137295081968e-08,1.3674724155193749e-09,1.9459499999999998e-07,1.9459499999999998e-07,7.579137295081968e-08,False,False,False,0,False,,,-2.256885807888703,3.0,False,False,,,weekly,10.0,sigma,computed,/home/lkoo/projects/AutomationDetection/DownloadedLC/incremental/quiescent_background_cache.csv,,,,,,False,not_in_flare_streak
4FGL J1740.5+5211,453,454,60444.00001157408,6.06e-08,2.53e-08,3.37e-08,8.528713438735176e-08,7.579137295081968e-08,1.3674724155193749e-09,7.579137295081968e-08,1.3674724155193749e-09,1.9459499999999998e-07,1.9459499999999998e-07,7.579137295081968e-08,True,False,False,0,False,,,-0.5995743539624587,3.0,False,False,,,weekly,10.0,sigma,computed,/home/lkoo/projects/AutomationDetection/DownloadedLC/incremental/quiescent_background_cache.csv,,,,,,False,not_in_flare_streak
4FGL J1740.5+5211,454,455,60458.00001157408,1.69e-07,4.45e-08,6.06e-08,8.528713438735176e-08,7.579137295081968e-08,1.3674724155193749e-09,7.579137295081968e-08,1.3674724155193749e-09,1.9459499999999998e-07,1.9459499999999998e-07,7.579137295081968e-08,True,True,False,0,False,,,2.093587618360761,3.0,False,False,,,weekly,10.0,sigma,computed,/home/lkoo/projects/AutomationDetection/DownloadedLC/incremental/quiescent_background_cache.csv,,,,,,False,not_in_flare_streak
4FGL J1740.5+5211,455,456,60465.00001157408,6.2e-08,2.87e-08,1.69e-07,8.528713438735176e-08,7.579137295081968e-08,1.3674724155193749e-09,7.579137295081968e-08,1.3674724155193749e-09,1.9459499999999998e-07,1.9459499999999998e-07,7.579137295081968e-08,False,False,False,0,False,,,-0.4799911022834718,3.0,False,False,,,weekly,10.0,sigma,computed,/home/lkoo/projects/AutomationDetection/DownloadedLC/incremental/quiescent_background_cache.csv,,,,,,False,not_in_flare_streak
4FGL J1740.5+5211,456,457,60472.00001157408,6.33e-08,2.02e-08,6.2e-08,8.528713438735176e-08,7.579137295081968e-08,1.3674724155193749e-09,7.579137295081968e-08,1.3674724155193749e-09,1.9459499999999998e-07,1.9459499999999998e-07,7.579137295081968e-08,True,False,False,0,False,,,-0.6169726729874351,3.0,False,False,,,weekly,10.0,sigma,computed,/home/lkoo/projects/AutomationDetection/DownloadedLC/incremental/quiescent_background_cache.csv,,,,,,False,not_in_flare_streak
4FGL J1740.5+5211,457,458,60479.00001157408,6.77e-08,2.28e-08,6.33e-08,8.528713438735176e-08,7.579137295081968e-08,1.3674724155193749e-09,7.579137295081968e-08,1.3674724155193749e-09,1.9459499999999998e-07,1.9459499999999998e-07,7.579137295081968e-08,True,False,False,0,False,,,-0.3542481954981745,3.0,False,False,,,weekly,10.0,sigma,computed,/home/lkoo/projects/AutomationDetection/DownloadedLC/incremental/quiescent_background_cache.csv,,,,,,False,not_in_flare_streak
4FGL J1740.5+5211,458,459,60486.00001157408,4.44e-08,1.79e-08,6.77e-08,8.528713438735176e-08,7.579137295081968e-08,1.3674724155193749e-09,7.579137295081968e-08,1.3674724155193749e-09,1.9459499999999998e-07,1.9459499999999998e-07,7.579137295081968e-08,False,False,False,0,False,,,-1.7486127717032616,3.0,False,False,,,weekly,10.0,sigma,computed,/home/lkoo/projects/AutomationDetection/DownloadedLC/incremental/quiescent_background_cache.csv,,,,,,False,not_in_flare_streak
4FGL J1740.5+5211,459,460,60493.00001157408,9.21e-08,2.9e-08,4.44e-08,8.528713438735176e-08,7.579137295081968e-08,1.3674724155193749e-09,7.579137295081968e-08,1.3674724155193749e-09,1.9459499999999998e-07,1.9459499999999998e-07,7.579137295081968e-08,True,True,False,0,False,,,0.5617422739928628,3.0,False,False,,,weekly,10.0,sigma,computed,/home/lkoo/projects/AutomationDetection/DownloadedLC/incremental/quiescent_background_cache.csv,,,,,,False,not_in_flare_streak
4FGL J1740.5+5211,460,461,60500.00001157408,1.66e-07,3.82e-08,9.21e-08,8.528713438735176e-08,7.579137295081968e-08,1.3674724155193749e-09,7.579137295081968e-08,1.3674724155193749e-09,1.9459499999999998e-07,1.9459499999999998e-07,7.579137295081968e-08,True,True,False,0,False,,,2.3599707448651377,3.0,False,False,,,weekly,10.0,sigma,computed,/home/lkoo/projects/AutomationDetection/DownloadedLC/incremental/quiescent_background_cache.csv,,,,,,False,not_in_flare_streak
4FGL J1740.5+5211,461,462,60507.00001157408,4.5e-08,2.66e-08,1.66e-07,8.528713438735176e-08,7.579137295081968e-08,1.3674724155193749e-09,7.579137295081968e-08,1.3674724155193749e-09,1.9459499999999998e-07,1.9459499999999998e-07,7.579137295081968e-08,False,False,False,0,False,,,-1.1560437897277693,3.0,False,False,,,weekly,10.0,sigma,computed,/home/lkoo/projects/AutomationDetection/DownloadedLC/incremental/quiescent_background_cache.csv,,,,,,False,not_in_flare_streak
4FGL J1740.5+5211,462,463,60514.00001157408,1.36e-07,2.71e-08,4.5e-08,8.528713438735176e-08,7.579137295081968e-08,1.3674724155193749e-09,7.579137295081968e-08,1.3674724155193749e-09,1.9459499999999998e-07,1.9459499999999998e-07,7.579137295081968e-08,True,True,False,0,False,,,2.2188974335625087,3.0,False,False,,,weekly,10.0,sigma,computed,/home/lkoo/projects/AutomationDetection/DownloadedLC/incremental/quiescent_background_cache.csv,,,,,,False,not_in_flare_streak
4FGL J1740.5+5211,463,464,60521.00001157408,1.92e-07,2.86e-08,1.36e-07,8.528713438735176e-08,7.579137295081968e-08,1.3674724155193749e-09,7.579137295081968e-08,1.3674724155193749e-09,1.9459499999999998e-07,1.9459499999999998e-07,7.579137295081968e-08,True,True,False,0,False,,,4.058602066107254,3.0,True,True,60521.00001157408,60521.00001157408,weekly,10.0,sigma,computed,/home/lkoo/projects/AutomationDetection/DownloadedLC/incremental/quiescent_background_cache.csv,,,,,,False,not_in_flare_streak
4FGL J1740.5+5211,464,465,60528.00001157408,9.33e-08,2.73e-08,1.92e-07,8.528713438735176e-08,7.579137295081968e-08,1.3674724155193749e-09,7.579137295081968e-08,1.3674724155193749e-09,1.9459499999999998e-07,1.9459499999999998e-07,7.579137295081968e-08,False,True,False,0,False,,,0.6405385772213823,3.0,False,True,60521.00001157408,60528.00001157408,weekly,10.0,sigma,computed,/home/lkoo/projects/AutomationDetection/DownloadedLC/incremental/quiescent_background_cache.csv,,,,,,False,not_in_flare_streak
4FGL J1740.5+5211,465,466,60535.00001157408,1.88e-07,3.88e-08,9.33e-08,8.528713438735176e-08,7.579137295081968e-08,1.3674724155193749e-09,7.579137295081968e-08,1.3674724155193749e-09,1.9459499999999998e-07,1.9459499999999998e-07,7.579137295081968e-08,True,True,False,0,False,,,2.890180463619457,3.0,False,True,60521.00001157408,60535.00001157408,weekly,10.0,sigma,computed,/home/lkoo/projects/AutomationDetection/DownloadedLC/incremental/quiescent_background_cache.csv,,,,,,False,not_in_flare_streak
4FGL J1740.5+5211,466,467,60542.00001157408,1.05e-07,3.26e-08,1.88e-07,8.528713438735176e-08,7.579137295081968e-08,1.3674724155193749e-09,7.579137295081968e-08,1.3674724155193749e-09,1.9459499999999998e-07,1.9459499999999998e-07,7.579137295081968e-08,False,True,False,0,False,,,0.8951829408344074,3.0,False,True,60521.00001157408,60542.00001157408,weekly,10.0,sigma,computed,/home/lkoo/projects/AutomationDetection/DownloadedLC/incremental/quiescent_background_cache.csv,,,,,,False,not_in_flare_streak
4FGL J1740.5+5211,467,468,60549.00001157408,8.06e-08,3.04e-08,1.05e-07,8.528713438735176e-08,7.579137295081968e-08,1.3674724155193749e-09,7.579137295081968e-08,1.3674724155193749e-09,1.9459499999999998e-07,1.9459499999999998e-07,7.579137295081968e-08,False,True,False,0,False,,,0.1580187315623836,3.0,False,True,60521.00001157408,60549.00001157408,weekly,10.0,sigma,computed,/home/lkoo/projects/AutomationDetection/DownloadedLC/incremental/quiescent_background_cache.csv,,,,,,False,not_in_flare_streak
4FGL J1740.5+5211,468,469,60563.00001157408,1.85e-07,3.5e-08,8.06e-08,8.528713438735176e-08,7.579137295081968e-08,1.3674724155193749e-09,7.579137295081968e-08,1.3674724155193749e-09,1.9459499999999998e-07,1.9459499999999998e-07,7.579137295081968e-08,True,True,False,0,False,,,3.117867658814165,3.0,True,True,60521.00001157408,60563.00001157408,weekly,10.0,sigma,computed,/home/lkoo/projects/AutomationDetection/DownloadedLC/incremental/quiescent_background_cache.csv,,,,,,False,not_in_flare_streak
4FGL J1740.5+5211,469,470,60570.00001157408,1.5e-07,2.86e-08,1.85e-07,8.528713438735176e-08,7.579137295081968e-08,1.3674724155193749e-09,7.579137295081968e-08,1.3674724155193749e-09,1.9459499999999998e-07,1.9459499999999998e-07,7.579137295081968e-08,False,True,False,0,False,,,2.5917463678262287,3.0,False,True,60521.00001157408,60570.00001157408,weekly,10.0,sigma,computed,/home/lkoo/projects/AutomationDetection/DownloadedLC/incremental/quiescent_background_cache.csv,,,,,,False,not_in_flare_streak
4FGL J1740.5+5211,470,471,60577.00001157408,1.15e-07,3.2e-08,1.5e-07,8.528713438735176e-08,7.579137295081968e-08,1.3674724155193749e-09,7.579137295081968e-08,1.3674724155193749e-09,1.9459499999999998e-07,1.9459499999999998e-07,7.579137295081968e-08,False,True,False,0,False,,,1.2241523602813769,3.0,False,True,60521.00001157408,60577.00001157408,weekly,10.0,sigma,computed,/home/lkoo/projects/AutomationDetection/DownloadedLC/incremental/quiescent_background_cache.csv,,,,,,False,not_in_flare_streak
4FGL J1740.5+5211,471,472,60584.00001157408,1.2e-07,3.19e-08,1.15e-07,8.528713438735176e-08,7.579137295081968e-08,1.3674724155193749e-09,7.579137295081968e-08,1.3674724155193749e-09,1.9459499999999998e-07,1.9459499999999998e-07,7.579137295081968e-08,True,True,False,0,False,,,1.384578796558879,3.0,False,True,60521.00001157408,60584.00001157408,weekly,10.0,sigma,computed,/home/lkoo/projects/AutomationDetection/DownloadedLC/incremental/quiescent_background_cache.csv,,,,,,False,not_in_flare_streak
4FGL J1740.5+5211,472,473,60591.00001157408,1.12e-07,2.76e-08,1.2e-07,8.528713438735176e-08,7.579137295081968e-08,1.3674724155193749e-09,7.579137295081968e-08,1.3674724155193749e-09,1.9459499999999998e-07,1.9459499999999998e-07,7.579137295081968e-08,False,True,False,0,False,,,1.3102994907133962,3.0,False,True,60521.00001157408,60591.00001157408,weekly,10.0,sigma,computed,/home/lkoo/projects/AutomationDetection/DownloadedLC/incremental/quiescent_background_cache.csv,,,,,,False,not_in_flare_streak
4FGL J1740.5+5211,473,474,60598.00001157408,8.34e-08,2.57e-08,1.12e-07,8.528713438735176e-08,7.579137295081968e-08,1.3674724155193749e-09,7.579137295081968e-08,1.3674724155193749e-09,1.9459499999999998e-07,1.9459499999999998e-07,7.579137295081968e-08,False,True,False,0,False,,,0.29563731847658414,3.0,False,True,60521.00001157408,60598.00001157408,weekly,10.0,sigma,computed,/home/lkoo/projects/AutomationDetection/DownloadedLC/incremental/quiescent_background_cache.csv,,,,,,False,not_in_flare_streak
4FGL J1740.5+5211,474,475,60605.00001157408,1.22e-07,3.37e-08,8.34e-08,8.528713438735176e-08,7.579137295081968e-08,1.3674724155193749e-09,7.579137295081968e-08,1.3674724155193749e-09,1.9459499999999998e-07,1.9459499999999998e-07,7.579137295081968e-08,True,True,False,0,False,,,1.370048407851712,3.0,False,True,60521.00001157408,60605.00001157408,weekly,10.0,sigma,computed,/home/lkoo/projects/AutomationDetection/DownloadedLC/incremental/quiescent_background_cache.csv,,,,,,False,not_in_flare_streak
4FGL J1740.5+5211,475,476,60612.00001157408,6.52e-08,3.87e-08,1.22e-07,8.528713438735176e-08,7.579137295081968e-08,1.3674724155193749e-09,7.579137295081968e-08,1.3674724155193749e-09,1.9459499999999998e-07,1.9459499999999998e-07,7.579137295081968e-08,False,False,False,0,False,,,-0.2735081929071513,3.0,False,False,,,weekly,10.0,sigma,computed,/home/lkoo/projects/AutomationDetection/DownloadedLC/incremental/quiescent_background_cache.csv,,,,,,False,not_in_flare_streak
4FGL J1740.5+5211,476,477,60626.00001157408,1.07e-07,3.42e-08,6.52e-08,8.528713438735176e-08,7.579137295081968e-08,1.3674724155193749e-09,7.579137295081968e-08,1.3674724155193749e-09,1.9459499999999998e-07,1.9459499999999998e-07,7.579137295081968e-08,True,True,False,0,False,,,0.9118043647850333,3.0,False,False,,,weekly,10.0,sigma,computed,/home/lkoo/projects/AutomationDetection/DownloadedLC/incremental/quiescent_background_cache.csv,,,,,,False,not_in_flare_streak
4FGL J1740.5+5211,477,478,60633.00001157408,8.99e-08,2.67e-08,1.07e-07,8.528713438735176e-08,7.579137295081968e-08,1.3674724155193749e-09,7.579137295081968e-08,1.3674724155193749e-09,1.9459499999999998e-07,1.9459499999999998e-07,7.579137295081968e-08,False,True,False,0,False,,,0.527721318841872,3.0,False,False,,,weekly,10.0,sigma,computed,/home/lkoo/projects/AutomationDetection/DownloadedLC/incremental/quiescent_background_cache.csv,,,,,,False,not_in_flare_streak
4FGL J1740.5+5211,478,479,60647.00001157408,4.45e-08,2.35e-08,8.99e-08,8.528713438735176e-08,7.579137295081968e-08,1.3674724155193749e-09,7.579137295081968e-08,1.3674724155193749e-09,1.9459499999999998e-07,1.9459499999999998e-07,7.579137295081968e-08,False,False,False,0,False,,,-1.3292991087209083,3.0,False,False,,,weekly,10.0,sigma,computed,/home/lkoo/projects/AutomationDetection/DownloadedLC/incremental/quiescent_background_cache.csv,,,,,,False,not_in_flare_streak
4FGL J1740.5+5211,479,480,60654.00001157408,3.47e-08,2.67e-08,4.45e-08,8.528713438735176e-08,7.579137295081968e-08,1.3674724155193749e-09,7.579137295081968e-08,1.3674724155193749e-09,1.9459499999999998e-07,1.9459499999999998e-07,7.579137295081968e-08,False,False,False,0,False,,,-1.536988216574171,3.0,False,False,,,weekly,10.0,sigma,computed,/home/lkoo/projects/AutomationDetection/DownloadedLC/incremental/quiescent_background_cache.csv,,,,,,False,not_in_flare_streak
4FGL J1740.5+5211,480,481,60661.00001157408,3.93e-08,2.55e-08,3.47e-08,8.528713438735176e-08,7.579137295081968e-08,1.3674724155193749e-09,7.579137295081968e-08,1.3674724155193749e-09,1.9459499999999998e-07,1.9459499999999998e-07,7.579137295081968e-08,True,False,False,0,False,,,-1.428980985669666,3.0,False,False,,,weekly,10.0,sigma,computed,/home/lkoo/projects/AutomationDetection/DownloadedLC/incremental/quiescent_background_cache.csv,,,,,,False,not_in_flare_streak
4FGL J1740.5+5211,481,482,60675.00001157408,2.62e-08,2.23e-08,3.93e-08,8.528713438735176e-08,7.579137295081968e-08,1.3674724155193749e-09,7.579137295081968e-08,1.3674724155193749e-09,1.9459499999999998e-07,1.9459499999999998e-07,7.579137295081968e-08,False,False,False,0,False,,,-2.2196589602295957,3.0,False,False,,,weekly,10.0,sigma,computed,/home/lkoo/projects/AutomationDetection/DownloadedLC/incremental/quiescent_background_cache.csv,,,,,,False,not_in_flare_streak
4FGL J1740.5+5211,482,483,60682.00001157408,1.03e-07,2.6e-08,2.62e-08,8.528713438735176e-08,7.579137295081968e-08,1.3674724155193749e-09,7.579137295081968e-08,1.3674724155193749e-09,1.9459499999999998e-07,1.9459499999999998e-07,7.579137295081968e-08,True,True,False,0,False,,,1.045041234536493,3.0,False,False,,,weekly,10.0,sigma,computed,/home/lkoo/projects/AutomationDetection/DownloadedLC/incremental/quiescent_background_cache.csv,,,,,,False,not_in_flare_streak
4FGL J1740.5+5211,483,484,60689.00001157408,4.59e-08,1.92e-08,1.03e-07,8.528713438735176e-08,7.579137295081968e-08,1.3674724155193749e-09,7.579137295081968e-08,1.3674724155193749e-09,1.9459499999999998e-07,1.9459499999999998e-07,7.579137295081968e-08,False,False,False,0,False,,,-1.5529086442975137,3.0,False,False,,,weekly,10.0,sigma,computed,/home/lkoo/projects/AutomationDetection/DownloadedLC/incremental/quiescent_background_cache.csv,,,,,,False,not_in_flare_streak
4FGL J1740.5+5211,484,485,60696.00001157408,1.39e-07,3.21e-08,4.59e-08,8.528713438735176e-08,7.579137295081968e-08,1.3674724155193749e-09,7.579137295081968e-08,1.3674724155193749e-09,1.9459499999999998e-07,1.9459499999999998e-07,7.579137295081968e-08,True,True,False,0,False,,,1.967331766722672,3.0,False,False,,,weekly,10.0,sigma,computed,/home/lkoo/projects/AutomationDetection/DownloadedLC/incremental/quiescent_background_cache.csv,,,,,,False,not_in_flare_streak
4FGL J1740.5+5211,485,486,60703.00001157408,1.08e-07,3.71e-08,1.39e-07,8.528713438735176e-08,7.579137295081968e-08,1.3674724155193749e-09,7.579137295081968e-08,1.3674724155193749e-09,1.9459499999999998e-07,1.9459499999999998e-07,7.579137295081968e-08,False,True,False,0,False,,,0.8675679275524861,3.0,False,False,,,weekly,10.0,sigma,computed,/home/lkoo/projects/AutomationDetection/DownloadedLC/incremental/quiescent_background_cache.csv,,,,,,False,not_in_flare_streak
4FGL J1740.5+5211,486,487,60710.00001157408,4.89e-08,3.77e-08,1.08e-07,8.528713438735176e-08,7.579137295081968e-08,1.3674724155193749e-09,7.579137295081968e-08,1.3674724155193749e-09,1.9459499999999998e-07,1.9459499999999998e-07,7.579137295081968e-08,False,False,False,0,False,,,-0.7128302386515625,3.0,False,False,,,weekly,10.0,sigma,computed,/home/lkoo/projects/AutomationDetection/DownloadedLC/incremental/quiescent_background_cache.csv,,,,,,False,not_in_flare_streak
4FGL J1740.5+5211,487,488,60717.00001157408,1.74e-07,4.15e-08,4.89e-08,8.528713438735176e-08,7.579137295081968e-08,1.3674724155193749e-09,7.579137295081968e-08,1.3674724155193749e-09,1.9459499999999998e-07,1.9459499999999998e-07,7.579137295081968e-08,True,True,False,0,False,,,2.3651892543126873,3.0,False,False,,,weekly,10.0,sigma,computed,/home/lkoo/projects/AutomationDetection/DownloadedLC/incremental/quiescent_background_cache.csv,,,,,,False,not_in_flare_streak
4FGL J1740.5+5211,488,489,60724.00001157408,9.28e-08,2.81e-08,1.74e-07,8.528713438735176e-08,7.579137295081968e-08,1.3674724155193749e-09,7.579137295081968e-08,1.3674724155193749e-09,1.9459499999999998e-07,1.9459499999999998e-07,7.579137295081968e-08,False,True,False,0,False,,,0.6045737562835897,3.0,False,False,,,weekly,10.0,sigma,computed,/home/lkoo/projects/AutomationDetection/DownloadedLC/incremental/quiescent_background_cache.csv,,,,,,False,not_in_flare_streak
4FGL J1740.5+5211,489,490,60731.00001157408,8.31e-08,2.53e-08,9.28e-08,8.528713438735176e-08,7.579137295081968e-08,1.3674724155193749e-09,7.579137295081968e-08,1.3674724155193749e-09,1.9459499999999998e-07,1.9459499999999998e-07,7.579137295081968e-08,False,True,False,0,False,,,0.28845749199570536,3.0,False,False,,,weekly,10.0,sigma,computed,/home/lkoo/projects/AutomationDetection/DownloadedLC/incremental/quiescent_background_cache.csv,,,,,,False,not_in_flare_streak
4FGL J1740.5+5211,490,491,60738.00001157408,1.34e-07,3.82e-08,8.31e-08,8.528713438735176e-08,7.579137295081968e-08,1.3674724155193749e-09,7.579137295081968e-08,1.3674724155193749e-09,1.9459499999999998e-07,1.9459499999999998e-07,7.579137295081968e-08,True,True,False,0,False,,,1.5228106382767446,3.0,False,False,,,weekly,10.0,sigma,computed,/home/lkoo/projects/AutomationDetection/DownloadedLC/incremental/quiescent_background_cache.csv,,,,,,False,not_in_flare_streak
4FGL J1740.5+5211,491,492,60745.00001157408,9.17e-08,3.07e-08,1.34e-07,8.528713438735176e-08,7.579137295081968e-08,1.3674724155193749e-09,7.579137295081968e-08,1.3674724155193749e-09,1.9459499999999998e-07,1.9459499999999998e-07,7.579137295081968e-08,False,True,False,0,False,,,0.5176830116102583,3.0,False,False,,,weekly,10.0,sigma,computed,/home/lkoo/projects/AutomationDetection/DownloadedLC/incremental/quiescent_background_cache.csv,,,,,,False,not_in_flare_streak
4FGL J1740.5+5211,492,493,60752.00001157408,8.29e-08,2.78e-08,9.17e-08,8.528713438735176e-08,7.579137295081968e-08,1.3674724155193749e-09,7.579137295081968e-08,1.3674724155193749e-09,1.9459499999999998e-07,1.9459499999999998e-07,7.579137295081968e-08,False,True,False,0,False,,,0.2553972132614724,3.0,False,False,,,weekly,10.0,sigma,computed,/home/lkoo/projects/AutomationDetection/DownloadedLC/incremental/quiescent_background_cache.csv,,,,,,False,not_in_flare_streak
4FGL J1740.5+5211,493,494,60759.00001157408,7.27e-08,2.92e-08,8.29e-08,8.528713438735176e-08,7.579137295081968e-08,1.3674724155193749e-09,7.579137295081968e-08,1.3674724155193749e-09,1.9459499999999998e-07,1.9459499999999998e-07,7.579137295081968e-08,False,False,False,0,False,,,-0.10575303322310593,3.0,False,False,,,weekly,10.0,sigma,computed,/home/lkoo/projects/AutomationDetection/DownloadedLC/incremental/quiescent_background_cache.csv,,,,,,False,not_in_flare_streak
4FGL J1740.5+5211,494,495,60766.00001157408,6.68e-08,3.32e-08,7.27e-08,8.528713438735176e-08,7.579137295081968e-08,1.3674724155193749e-09,7.579137295081968e-08,1.3674724155193749e-09,1.9459499999999998e-07,1.9459499999999998e-07,7.579137295081968e-08,False,False,False,0,False,,,-0.27059504773042015,3.0,False,False,,,weekly,10.0,sigma,computed,/home/lkoo/projects/AutomationDetection/DownloadedLC/incremental/quiescent_background_cache.csv,,,,,,False,not_in_flare_streak
4FGL J1740.5+5211,495,496,60773.00001157408,4.06e-08,2.8e-08,6.68e-08,8.528713438735176e-08,7.579137295081968e-08,1.3674724155193749e-09,7.579137295081968e-08,1.3674724155193749e-09,1.9459499999999998e-07,1.9459499999999998e-07,7.579137295081968e-08,False,False,False,0,False,,,-1.2553385359617617,3.0,False,False,,,weekly,10.0,sigma,computed,/home/lkoo/projects/AutomationDetection/DownloadedLC/incremental/quiescent_background_cache.csv,,,,,,False,not_in_flare_streak
4FGL J1740.5+5211,496,497,60780.00001157408,5.9e-08,2.66e-08,4.06e-08,8.528713438735176e-08,7.579137295081968e-08,1.3674724155193749e-09,7.579137295081968e-08,1.3674724155193749e-09,1.9459499999999998e-07,1.9459499999999998e-07,7.579137295081968e-08,True,False,False,0,False,,,-0.6304221137460255,3.0,False,False,,,weekly,10.0,sigma,computed,/home/lkoo/projects/AutomationDetection/DownloadedLC/incremental/quiescent_background_cache.csv,,,,,,False,not_in_flare_streak
4FGL J1740.5+5211,497,498,60787.00001157408,5.56e-08,2.7e-08,5.9e-08,8.528713438735176e-08,7.579137295081968e-08,1.3674724155193749e-09,7.579137295081968e-08,1.3674724155193749e-09,1.9459499999999998e-07,1.9459499999999998e-07,7.579137295081968e-08,False,False,False,0,False,,,-0.7468713297554219,3.0,False,False,,,weekly,10.0,sigma,computed,/home/lkoo/projects/AutomationDetection/DownloadedLC/incremental/quiescent_background_cache.csv,,,,,,False,not_in_flare_streak
4FGL J1740.5+5211,498,499,60794.00001157408,1.15e-07,2.97e-08,5.56e-08,8.528713438735176e-08,7.579137295081968e-08,1.3674724155193749e-09,7.579137295081968e-08,1.3674724155193749e-09,1.9459499999999998e-07,1.9459499999999998e-07,7.579137295081968e-08,True,True,False,0,False,,,1.318758686119776,3.0,False,False,,,weekly,10.0,sigma,computed,/home/lkoo/projects/AutomationDetection/DownloadedLC/incremental/quiescent_background_cache.csv,,,,,,False,not_in_flare_streak
4FGL J1740.5+5211,499,500,60801.00001157408,9.99e-08,2.33e-08,1.15e-07,8.528713438735176e-08,7.579137295081968e-08,1.3674724155193749e-09,7.579137295081968e-08,1.3674724155193749e-09,1.9459499999999998e-07,1.9459499999999998e-07,7.579137295081968e-08,False,True,False,0,False,,,1.032927596896824,3.0,False,False,,,weekly,10.0,sigma,computed,/home/lkoo/projects/AutomationDetection/DownloadedLC/incremental/quiescent_background_cache.csv,,,,,,False,not_in_flare_streak
4FGL J1740.5+5211,500,501,60808.00001157408,9.21e-08,2.37e-08,9.99e-08,8.528713438735176e-08,7.579137295081968e-08,1.3674724155193749e-09,7.579137295081968e-08,1.3674724155193749e-09,1.9459499999999998e-07,1.9459499999999998e-07,7.579137295081968e-08,False,True,False,0,False,,,0.6869851168673125,3.0,False,False,,,weekly,10.0,sigma,computed,/home/lkoo/projects/AutomationDetection/DownloadedLC/incremental/quiescent_background_cache.csv,,,,,,False,not_in_flare_streak
4FGL J1740.5+5211,501,502,60815.00001157408,1.15e-07,3.57e-08,9.21e-08,8.528713438735176e-08,7.579137295081968e-08,1.3674724155193749e-09,7.579137295081968e-08,1.3674724155193749e-09,1.9459499999999998e-07,1.9459499999999998e-07,7.579137295081968e-08,True,True,False,0,False,,,1.0974760352869652,3.0,False,False,,,weekly,10.0,sigma,computed,/home/lkoo/projects/AutomationDetection/DownloadedLC/incremental/quiescent_background_cache.csv,,,,,,False,not_in_flare_streak
4FGL J1740.5+5211,502,503,60822.00001157408,1.33e-07,4.29e-08,1.15e-07,8.528713438735176e-08,7.579137295081968e-08,1.3674724155193749e-09,7.579137295081968e-08,1.3674724155193749e-09,1.9459499999999998e-07,1.9459499999999998e-07,7.579137295081968e-08,True,True,False,0,False,,,1.332857465384189,3.0,False,False,,,weekly,10.0,sigma,computed,/home/lkoo/projects/AutomationDetection/DownloadedLC/incremental/quiescent_background_cache.csv,,,,,,False,not_in_flare_streak
4FGL J1740.5+5211,503,504,60829.00001157408,5.91e-08,3.08e-08,1.33e-07,8.528713438735176e-08,7.579137295081968e-08,1.3674724155193749e-09,7.579137295081968e-08,1.3674724155193749e-09,1.9459499999999998e-07,1.9459499999999998e-07,7.579137295081968e-08,False,False,False,0,False,,,-0.5413943514652706,3.0,False,False,,,weekly,10.0,sigma,computed,/home/lkoo/projects/AutomationDetection/DownloadedLC/incremental/quiescent_background_cache.csv,,,,,,False,not_in_flare_streak
4FGL J1740.5+5211,504,505,60836.00001157408,1.21e-07,2.92e-08,5.91e-08,8.528713438735176e-08,7.579137295081968e-08,1.3674724155193749e-09,7.579137295081968e-08,1.3674724155193749e-09,1.9459499999999998e-07,1.9459499999999998e-07,7.579137295081968e-08,True,True,False,0,False,,,1.5465456657487093,3.0,False,False,,,weekly,10.0,sigma,computed,/home/lkoo/projects/AutomationDetection/DownloadedLC/incremental/quiescent_background_cache.csv,,,,,,False,not_in_flare_streak
4FGL J1740.5+5211,505,506,60843.00001157408,5.21e-08,2.4e-08,1.21e-07,8.528713438735176e-08,7.579137295081968e-08,1.3674724155193749e-09,7.579137295081968e-08,1.3674724155193749e-09,1.9459499999999998e-07,1.9459499999999998e-07,7.579137295081968e-08,False,False,False,0,False,,,-0.9855420575186223,3.0,False,False,,,weekly,10.0,sigma,computed,/home/lkoo/projects/AutomationDetection/DownloadedLC/incremental/quiescent_background_cache.csv,,,,,,False,not_in_flare_streak
